path,type,value
/Record/RecordType,string,AtomicNumber
/Record/RecordNumber,number,21
/Record/RecordTitle,string,Scandium
/Record/Section/0/TOCHeading,string,Identifiers
/Record/Section/0/Description,string,"Identifiers for this element, including element name, element symbol, InChI string, and InChIKey."
/Record/Section/0/Section/0/TOCHeading,string,Element Name
/Record/Section/0/Section/0/Description,string,"The formal, standard name for a given element, originating from factors such as common usage and the person or place involved in its discovery. Element, also called chemical element, refers to a species of atom; all varieties of atoms with the same number of protons in the nucleus (but possibly a different number of neutrons) are considered to be the same element."
/Record/Section/0/Section/0/Information/0/ReferenceNumber,number,1
/Record/Section/0/Section/0/Information/0/Name,string,Element Name
/Record/Section/0/Section/0/Information/0/Value/StringWithMarkup/0/String,string,Scandium
/Record/Section/0/Section/0/Information/1/ReferenceNumber,number,3
/Record/Section/0/Section/0/Information/1/Name,string,Element Name
/Record/Section/0/Section/0/Information/1/Value/StringWithMarkup/0/String,string,Scandium
/Record/Section/0/Section/1/TOCHeading,string,Element Symbol
/Record/Section/0/Section/1/Description,string,"Element symbol, also called atomic symbol, typically consists of one or two letters from the Latin alphabet derived from the element name in one of several languages."
/Record/Section/0/Section/1/Information/0/ReferenceNumber,number,1
/Record/Section/0/Section/1/Information/0/Name,string,Element Symbol
/Record/Section/0/Section/1/Information/0/Value/StringWithMarkup/0/String,string,Sc
/Record/Section/0/Section/1/Information/1/ReferenceNumber,number,3
/Record/Section/0/Section/1/Information/1/Name,string,Element Symbol
/Record/Section/0/Section/1/Information/1/Value/StringWithMarkup/0/String,string,Sc
/Record/Section/0/Section/2/TOCHeading,string,InChI
/Record/Section/0/Section/2/Description,string,"The International Chemical Identifier (InChI) is a computed, non-proprietary identifier for a chemical structure.  The InChI is an International Union of Pure and Applied Chemistry (IUPAC) standard."
/Record/Section/0/Section/2/URL,string,https://iupac.org/who-we-are/divisions/division-details/inchi/
/Record/Section/0/Section/2/Information/0/ReferenceNumber,number,1
/Record/Section/0/Section/2/Information/0/Name,string,InChI
/Record/Section/0/Section/2/Information/0/Value/StringWithMarkup/0/String,string,InChI=1S/Sc
/Record/Section/0/Section/3/TOCHeading,string,InChIKey
/Record/Section/0/Section/3/Description,string,"An InChIKey is a 27-character hashed code derived from an InChI.  The International Chemical Identifier (InChI) is a computed, non-proprietary identifier for a chemical structure.  The InChI is an International Union of Pure and Applied Chemistry (IUPAC) standard."
/Record/Section/0/Section/3/URL,string,https://iupac.org/who-we-are/divisions/division-details/inchi/
/Record/Section/0/Section/3/Information/0/ReferenceNumber,number,1
/Record/Section/0/Section/3/Information/0/Name,string,InChIKey
/Record/Section/0/Section/3/Information/0/Value/StringWithMarkup/0/String,string,SIXSYDAISGFNSX-UHFFFAOYSA-N
/Record/Section/1/TOCHeading,string,Properties
/Record/Section/1/Description,string,"Characteristics of this element, such as atomic number, atomic mass, density, melting point, boiling point and so on."
/Record/Section/1/Section/0/TOCHeading,string,Atomic Weight
/Record/Section/1/Section/0/Description,string,"Also called relative atomic mass, is the ratio of the average mass of the atom to the unified atomic mass unit, defined as one twelfth of the mass of a carbon-12 atom in its ground state and used to express masses of atomic particles, u=1.660 5402(10) * 10**(-27) kg. The Standard atomic weights refer to recommended values of relative atomic masses of the elements revised biennially by the IUPAC Commission on Atomic Weights and Isotopic Abundances and applicable to elements in any normal sample with a high level of confidence. The number in the parenthesis refers to an uncertainty when exists. The unit of atomic weight is the dalton or unified atomic mass unit (symbol: Da or u)."
/Record/Section/1/Section/0/Information/0/ReferenceNumber,number,3
/Record/Section/1/Section/0/Information/0/Name,string,Atomic Weight
/Record/Section/1/Section/0/Information/0/Value/StringWithMarkup/0/String,string,44.955 907(4)
/Record/Section/1/Section/0/Information/1/ReferenceNumber,number,5
/Record/Section/1/Section/0/Information/1/Value/StringWithMarkup/0/String,string,44.955908
/Record/Section/1/Section/0/Information/2/ReferenceNumber,number,6
/Record/Section/1/Section/0/Information/2/Value/StringWithMarkup/0/String,string,44.96
/Record/Section/1/Section/0/Information/3/ReferenceNumber,number,7
/Record/Section/1/Section/0/Information/3/Value/StringWithMarkup/0/String,string,44.955908(5)
/Record/Section/1/Section/1/TOCHeading,string,Electron Configuration
/Record/Section/1/Section/1/Description,string,"The electron configuration refers a distribution of the electrons of an atom or a molecular entity over a set of one-electron wavefunctions (called orbitals), according to the Pauli principle. From one configuration several states with different multiplicities may result."
/Record/Section/1/Section/1/URL,string,https://chem.libretexts.org/Courses/Sacramento_City_College/SCC%3A_Chem_420_-_Organic_Chemistry_I/Text/01%3A_Introduction_and_Review/1.04%3A_Electron_Configurations
/Record/Section/1/Section/1/Information/0/ReferenceNumber,number,6
/Record/Section/1/Section/1/Information/0/Value/StringWithMarkup/0/String,string,[Ar]4s23d1
/Record/Section/1/Section/1/Information/0/Value/StringWithMarkup/0/Markup/0/Start,number,6
/Record/Section/1/Section/1/Information/0/Value/StringWithMarkup/0/Markup/0/Length,number,1
/Record/Section/1/Section/1/Information/0/Value/StringWithMarkup/0/Markup/0/Type,string,Superscript
/Record/Section/1/Section/1/Information/0/Value/StringWithMarkup/0/Markup/1/Start,number,9
/Record/Section/1/Section/1/Information/0/Value/StringWithMarkup/0/Markup/1/Length,number,1
/Record/Section/1/Section/1/Information/0/Value/StringWithMarkup/0/Markup/1/Type,string,Superscript
/Record/Section/1/Section/2/TOCHeading,string,Atomic Radius
/Record/Section/1/Section/2/Description,string,"The atomic radius of a chemical element is a measure of the size of its atom, usually, the distance from the center of the nucleus to the outermost isolated electron.  Because an atom does not have a discrete boundary, there are various non-equivalent definitions of atomic radius, such as Van der Waals radius and covalent radius."
/Record/Section/1/Section/2/Information/0/ReferenceNumber,number,6
/Record/Section/1/Section/2/Information/0/Name,string,Van der Waals Atomic Radius
/Record/Section/1/Section/2/Information/0/Value/StringWithMarkup/0/String,string,211 pm (Van der Waals)
/Record/Section/1/Section/2/Information/1/ReferenceNumber,number,9
/Record/Section/1/Section/2/Information/1/Name,string,Empirical Atomic Radius
/Record/Section/1/Section/2/Information/1/Reference/0,string,"J.C. Slater, J Chem Phys, 1964, 41(10), 3199-3205. DOI:10.1063/1.1725697"
/Record/Section/1/Section/2/Information/1/ExtendedReference/0/Citation,string,"J.C. Slater, J Chem Phys, 1964, 41(10), 3199-3205. DOI:10.1063/1.1725697"
/Record/Section/1/Section/2/Information/1/Value/Number/0,number,160
/Record/Section/1/Section/2/Information/1/Value/Unit,string,pm (Empirical)
/Record/Section/1/Section/2/Information/2/ReferenceNumber,number,9
/Record/Section/1/Section/2/Information/2/Name,string,Covalent Atomic Radius
/Record/Section/1/Section/2/Information/2/Reference/0,string,"B. Cordero, V. Gómez, A.E. Platero-Prats, M. Revés, J. Echeverría, E. Cremades, F. Barragán, S. Alvarez, Dalton Trans. 2008, 21, 2832-2838. DOI:10.1039/b801115j PMID:18478144."
/Record/Section/1/Section/2/Information/2/ExtendedReference/0/Citation,string,"B. Cordero, V. Gómez, A.E. Platero-Prats, M. Revés, J. Echeverría, E. Cremades, F. Barragán, S. Alvarez, Dalton Trans. 2008, 21, 2832-2838. DOI:10.1039/b801115j PMID:18478144."
/Record/Section/1/Section/2/Information/2/Value/StringWithMarkup/0/String,string,170(7) pm (Covalent)
/Record/Section/1/Section/3/TOCHeading,string,Oxidation States
/Record/Section/1/Section/3/Description,string,"The oxidation state(s) that this element commonly has in a compound.  The oxidation state of an atom is defined as the hypothetical charge that would be held by that atom if all of its bonds to other atoms were completely ionic in nature. For example, the oxidation state of carbon in CO2 would be +4 since the hypothetical charge held by the carbon atom if both of the carbon-oxygen double bonds were completely ionic would be equal to +4 (each oxygen atom would hold a charge of -2 since oxygen is more electronegative than carbon)."
/Record/Section/1/Section/3/URL,string,https://chem.libretexts.org/Bookshelves/General_Chemistry/Map%3A_Chemistry_-_The_Central_Science_(Brown_et_al.)/20%3A_Electrochemistry/20.01%3A_Oxidation_States_and_Redox_Reactions
/Record/Section/1/Section/3/Information/0/ReferenceNumber,number,5
/Record/Section/1/Section/3/Information/0/Value/StringWithMarkup/0/String,string,+3
/Record/Section/1/Section/3/Information/1/ReferenceNumber,number,6
/Record/Section/1/Section/3/Information/1/Value/StringWithMarkup/0/String,string,"3, 2, 1 ​(an amphoteric oxide)"
/Record/Section/1/Section/4/TOCHeading,string,Ground Level
/Record/Section/1/Section/4/Description,string,Also called ground-state level. The ground state electron configuration is the arrangement of electrons around the nucleus of an atom with lower energy levels.
/Record/Section/1/Section/4/Information/0/ReferenceNumber,number,7
/Record/Section/1/Section/4/Information/0/Value/StringWithMarkup/0/String,string,2D3/2
/Record/Section/1/Section/4/Information/0/Value/StringWithMarkup/0/Markup/0/Start,number,0
/Record/Section/1/Section/4/Information/0/Value/StringWithMarkup/0/Markup/0/Length,number,1
/Record/Section/1/Section/4/Information/0/Value/StringWithMarkup/0/Markup/0/Type,string,Superscript
/Record/Section/1/Section/4/Information/0/Value/StringWithMarkup/0/Markup/1/Start,number,2
/Record/Section/1/Section/4/Information/0/Value/StringWithMarkup/0/Markup/1/Length,number,3
/Record/Section/1/Section/4/Information/0/Value/StringWithMarkup/0/Markup/1/Type,string,Subscript
/Record/Section/1/Section/5/TOCHeading,string,Ionization Energy
/Record/Section/1/Section/5/Description,string,"Ionization energy, also called ionization potential, is the amount of energy required to remove an electron from an isolated atom or molecule."
/Record/Section/1/Section/5/URL,string,https://www.britannica.com/science/ionization-energy
/Record/Section/1/Section/5/Information/0/ReferenceNumber,number,5
/Record/Section/1/Section/5/Information/0/Value/StringWithMarkup/0/String,string,6.561 eV
/Record/Section/1/Section/5/Information/1/ReferenceNumber,number,7
/Record/Section/1/Section/5/Information/1/Reference/0,string,"Atomic Energy Levels of the Iron-Period Elements: Potassium through Nickel, J. Sugar and C. Corliss, J. Phys. Chem. Ref. Data 14, Suppl. 2, 1–664 (1985)"
/Record/Section/1/Section/5/Information/1/Reference/1,string,"Rydberg Series and Autoionization Resonances in the Sc I Absorption Spectrum, W. R. S. Garton, E. M. Reeves, F. S. Tomkins, and B. Ercoli, Proc. R. Soc. London, Ser. A 333, 1–16 (1973) DOI:10.1098/rspa.1973.0043"
/Record/Section/1/Section/5/Information/1/ExtendedReference/0/Citation,string,"Atomic Energy Levels of the Iron-Period Elements: Potassium through Nickel, J. Sugar and C. Corliss, J. Phys. Chem. Ref. Data 14, Suppl. 2, 1–664 (1985)"
/Record/Section/1/Section/5/Information/1/ExtendedReference/1/Citation,string,"Rydberg Series and Autoionization Resonances in the Sc I Absorption Spectrum, W. R. S. Garton, E. M. Reeves, F. S. Tomkins, and B. Ercoli, Proc. R. Soc. London, Ser. A 333, 1–16 (1973) DOI:10.1098/rspa.1973.0043"
/Record/Section/1/Section/5/Information/1/Value/StringWithMarkup/0/String,string,6.56149 ± 0.00006 eV
/Record/Section/1/Section/6/TOCHeading,string,Electronegativity
/Record/Section/1/Section/6/Description,string,Electronegativity is a measure of the tendency of an atom to attract a bonding pair of electrons.
/Record/Section/1/Section/6/URL,string,https://chem.libretexts.org/Bookshelves/Physical_and_Theoretical_Chemistry_Textbook_Maps/Supplemental_Modules_(Physical_and_Theoretical_Chemistry)/Physical_Properties_of_Matter/Atomic_and_Molecular_Properties/Electronegativity
/Record/Section/1/Section/6/Information/0/ReferenceNumber,number,9
/Record/Section/1/Section/6/Information/0/Name,string,Pauling Scale Electronegativity
/Record/Section/1/Section/6/Information/0/Reference/0,string,"A.L. Allred, J. Inorg. Nucl. Chem., 1961, 17(3-4), 215-221. DOI:10.1016/0022-1902(61)80142-5"
/Record/Section/1/Section/6/Information/0/ExtendedReference/0/Citation,string,"A.L. Allred, J. Inorg. Nucl. Chem., 1961, 17(3-4), 215-221. DOI:10.1016/0022-1902(61)80142-5"
/Record/Section/1/Section/6/Information/0/Value/Number/0,number,1.36
/Record/Section/1/Section/6/Information/0/Value/Unit,string,(Pauling Scale)
/Record/Section/1/Section/6/Information/1/ReferenceNumber,number,9
/Record/Section/1/Section/6/Information/1/Name,string,Allen Scale Electronegativity
/Record/Section/1/Section/6/Information/1/Reference/0,string,"L.C. Allen, J. Am. Chem. Soc., 1989, 111, 9003. DOI:10.1021/ja00207a003"
/Record/Section/1/Section/6/Information/1/Reference/1,string,"J.B. Mann, T.L. Meek and L.C. Allen, J. Am. Chem. Soc., 2000, 122, 2780. DOI:10.1021/ja992866e"
/Record/Section/1/Section/6/Information/1/Reference/2,string,"J.B. Mann, T.L. Meek, E.T. Knight, J.F. Capitani and L.C Allen, J. Am. Chem. Soc., 2000, 122, 5132. DOI:10.1021/ja9928677"
/Record/Section/1/Section/6/Information/1/ExtendedReference/0/Citation,string,"L.C. Allen, J. Am. Chem. Soc., 1989, 111, 9003. DOI:10.1021/ja00207a003"
/Record/Section/1/Section/6/Information/1/ExtendedReference/1/Citation,string,"J.B. Mann, T.L. Meek and L.C. Allen, J. Am. Chem. Soc., 2000, 122, 2780. DOI:10.1021/ja992866e"
/Record/Section/1/Section/6/Information/1/ExtendedReference/2/Citation,string,"J.B. Mann, T.L. Meek, E.T. Knight, J.F. Capitani and L.C Allen, J. Am. Chem. Soc., 2000, 122, 5132. DOI:10.1021/ja9928677"
/Record/Section/1/Section/6/Information/1/Value/Number/0,number,1.19
/Record/Section/1/Section/6/Information/1/Value/Unit,string,(Allen Scale)
/Record/Section/1/Section/7/TOCHeading,string,Electron Affinity
/Record/Section/1/Section/7/Description,string,"Electron affinity refers to the energy released when an additional electron is attached to a neutral atom to form a singly charged negative ion.  Alternatively, it can also be defined as the energy required to detach an electron from the singly charged negative ion."
/Record/Section/1/Section/7/URL,string,https://chem.libretexts.org/Bookshelves/Physical_and_Theoretical_Chemistry_Textbook_Maps/Supplemental_Modules_(Physical_and_Theoretical_Chemistry)/Physical_Properties_of_Matter/Atomic_and_Molecular_Properties/Electron_Affinity
/Record/Section/1/Section/7/Information/0/ReferenceNumber,number,9
/Record/Section/1/Section/7/Information/0/Reference/0,string,"R.T Myers, J. Chem. Edu., 1990, 67(4), 307. DOI:10.1021/ed067p307"
/Record/Section/1/Section/7/Information/0/ExtendedReference/0/Citation,string,"R.T Myers, J. Chem. Edu., 1990, 67(4), 307. DOI:10.1021/ed067p307"
/Record/Section/1/Section/7/Information/0/Value/Number/0,number,0.188
/Record/Section/1/Section/7/Information/0/Value/Unit,string,eV
/Record/Section/1/Section/7/Information/1/ReferenceNumber,number,9
/Record/Section/1/Section/7/Information/1/Reference/0,string,"R.J. Zollweg, J. Chem. Phys., 1969, 50, 4251. DOI:10.1063/1.1670890"
/Record/Section/1/Section/7/Information/1/ExtendedReference/0/Citation,string,"R.J. Zollweg, J. Chem. Phys., 1969, 50, 4251. DOI:10.1063/1.1670890"
/Record/Section/1/Section/7/Information/1/Value/Number/0,number,-0.73
/Record/Section/1/Section/7/Information/1/Value/Unit,string,eV
/Record/Section/1/Section/8/TOCHeading,string,Atomic Spectra
/Record/Section/1/Section/8/Description,string,The spectrum of the electromagnetic radiation emitted or absorbed by an electron during transitions between different energy levels within an atom.
/Record/Section/1/Section/8/Information/0/ReferenceNumber,number,7
/Record/Section/1/Section/8/Information/0/URL,string,https://physics.nist.gov/cgi-bin/ASD/lines_hold.pl?el=Sc
/Record/Section/1/Section/8/Information/0/Value/StringWithMarkup/0/String,string,Lines Holdings
/Record/Section/1/Section/8/Information/1/ReferenceNumber,number,7
/Record/Section/1/Section/8/Information/1/URL,string,https://physics.nist.gov/cgi-bin/ASD/levels_hold.pl?el=Sc
/Record/Section/1/Section/8/Information/1/Value/StringWithMarkup/0/String,string,Levels Holdings
/Record/Section/1/Section/9/TOCHeading,string,Physical Description
/Record/Section/1/Section/9/Description,string,"The appearance or features of this element, including color, odor, state, taste and more in general."
/Record/Section/1/Section/9/Information/0/ReferenceNumber,number,5
/Record/Section/1/Section/9/Information/0/Value/StringWithMarkup/0/String,string,Solid
/Record/Section/1/Section/10/TOCHeading,string,Element Classification
/Record/Section/1/Section/10/Description,string,"Classification according to the element's chemical and physical properties, and location within the periodic table."
/Record/Section/1/Section/10/Information/0/ReferenceNumber,number,5
/Record/Section/1/Section/10/Information/0/Value/StringWithMarkup/0/String,string,Metal
/Record/Section/1/Section/11/TOCHeading,string,Element Period Number
/Record/Section/1/Section/11/Description,string,The element period number refers to a horizontal row of the periodic table. The periodic table has 7 periods.
/Record/Section/1/Section/11/Information/0/ReferenceNumber,number,5
/Record/Section/1/Section/11/Information/0/Value/StringWithMarkup/0/String,string,4
/Record/Section/1/Section/12/TOCHeading,string,Element Group Number
/Record/Section/1/Section/12/Description,string,Element group refers to a set of chemical elements in the same vertical column of the periodic table
/Record/Section/1/Section/12/Information/0/ReferenceNumber,number,5
/Record/Section/1/Section/12/Information/0/Value/StringWithMarkup/0/String,string,3
/Record/Section/1/Section/13/TOCHeading,string,Density
/Record/Section/1/Section/13/Description,string,This section provides information on the density of an element. It is the mass of a unit volume of the element and commonly expressed in units of kg/m3 or g/cm3.
/Record/Section/1/Section/13/URL,string,https://chem.libretexts.org/Bookshelves/Introductory_Chemistry/Map%3A_Fundamentals_of_General_Organic_and_Biological_Chemistry_(McMurry_et_al.)/01%3A_Matter_and_Measurements/1.12%3A_Density_and_Specific_Gravity
/Record/Section/1/Section/13/Information/0/ReferenceNumber,number,5
/Record/Section/1/Section/13/Information/0/Value/StringWithMarkup/0/String,string,2.99 grams per cubic centimeter
/Record/Section/1/Section/14/TOCHeading,string,Melting Point
/Record/Section/1/Section/14/Description,string,"This section provides the melting point and/or freezing point. The melting point is the temperature at which a substance changes state from solid to liquid at atmospheric pressure. When considered as the temperature of the reverse change (from liquid to solid), it is referred to as the freezing point."
/Record/Section/1/Section/14/URL,string,https://chem.libretexts.org/Bookshelves/Organic_Chemistry/Organic_Chemistry_Lab_Techniques_(Nichols)/06%3A_Miscellaneous_Techniques/6.01%3A_Melting_Point
/Record/Section/1/Section/14/Information/0/ReferenceNumber,number,5
/Record/Section/1/Section/14/Information/0/Value/StringWithMarkup/0/String,string,1814 K (1541°C or 2806°F)
/Record/Section/1/Section/14/Information/1/ReferenceNumber,number,6
/Record/Section/1/Section/14/Information/1/Value/StringWithMarkup/0/String,string,1541°C
/Record/Section/1/Section/15/TOCHeading,string,Boiling Point
/Record/Section/1/Section/15/Description,string,The temperature at which this element changes state from liquid to gas at a given atmospheric pressure.
/Record/Section/1/Section/15/URL,string,https://chem.libretexts.org/Bookshelves/Organic_Chemistry/Organic_Chemistry_Lab_Techniques_(Nichols)/06%3A_Miscellaneous_Techniques/6.02%3A_Boiling_Point
/Record/Section/1/Section/15/Information/0/ReferenceNumber,number,5
/Record/Section/1/Section/15/Information/0/Value/StringWithMarkup/0/String,string,3109 K (2836°C or 5137°F)
/Record/Section/1/Section/15/Information/1/ReferenceNumber,number,6
/Record/Section/1/Section/15/Information/1/Value/StringWithMarkup/0/String,string,2836°C
/Record/Section/1/Section/16/TOCHeading,string,Estimated Crustal Abundance
/Record/Section/1/Section/16/Description,string,The estimated element abundance in the earth's crust.
/Record/Section/1/Section/16/Information/0/ReferenceNumber,number,5
/Record/Section/1/Section/16/Information/0/Value/StringWithMarkup/0/String,string,2.2×101 milligrams per kilogram
/Record/Section/1/Section/16/Information/0/Value/StringWithMarkup/0/Markup/0/Start,number,6
/Record/Section/1/Section/16/Information/0/Value/StringWithMarkup/0/Markup/0/Length,number,1
/Record/Section/1/Section/16/Information/0/Value/StringWithMarkup/0/Markup/0/Type,string,Superscript
/Record/Section/1/Section/17/TOCHeading,string,Estimated Oceanic Abundance
/Record/Section/1/Section/17/Description,string,The estimated element abundance in the earth's oceans.
/Record/Section/1/Section/17/Information/0/ReferenceNumber,number,5
/Record/Section/1/Section/17/Information/0/Value/StringWithMarkup/0/String,string,6×10-7 milligrams per liter
/Record/Section/1/Section/17/Information/0/Value/StringWithMarkup/0/Markup/0/Start,number,4
/Record/Section/1/Section/17/Information/0/Value/StringWithMarkup/0/Markup/0/Length,number,2
/Record/Section/1/Section/17/Information/0/Value/StringWithMarkup/0/Markup/0/Type,string,Superscript
/Record/Section/2/TOCHeading,string,History
/Record/Section/2/Description,string,The history of the discovery and use of this element.
/Record/Section/2/Information/0/ReferenceNumber,number,3
/Record/Section/2/Information/0/Name,string,History
/Record/Section/2/Information/0/Value/StringWithMarkup/0/String,string,"The name derives from the Latin scandia for Scandinavia, where the mineral was found. It was discovered by the Swedish chemist Lars-Fredrik Nilson in 1879 in an ytterbium sample. In the same year, the Swedish chemist Per Theodore Cleve proved that scandium was Mendeleev's predicted ""eka-boron""."
/Record/Section/2/Information/0/Value/StringWithMarkup/0/Markup/0/Start,number,32
/Record/Section/2/Information/0/Value/StringWithMarkup/0/Markup/0/Length,number,7
/Record/Section/2/Information/0/Value/StringWithMarkup/0/Markup/0/Type,string,Italics
/Record/Section/2/Information/1/ReferenceNumber,number,5
/Record/Section/2/Information/1/Value/StringWithMarkup/0/String,string,"Scandium was discovered by Lars Fredrik Nilson, a Swedish chemist, in 1879 while attempting to produce a sample of pure ytterbia from 10 kilograms of the mineral euxenite ((Y, Ca, Er, La, Ce, U, Th)(Nb, Ta, Ti)2O6). Scandium can be obtained from the minerals thortveitite ((Sc, Y)2Si2O7), bazzite (Be3(Sc, Al)2Si6O18) and wiikite, but is usually obtained as a byproduct of refining uranium. Metallic scandium was first produced in 1937 and the first pound (0.45 kilograms) of pure scandium was produced in 1960. Scandium is a soft, light metal that might have applications in the aerospace industry. With a cost of $270 per gram ($122,500 per pound), scandium is too expensive for widespread use."
/Record/Section/2/Information/1/Value/StringWithMarkup/0/Markup/0/Start,number,210
/Record/Section/2/Information/1/Value/StringWithMarkup/0/Markup/0/Length,number,1
/Record/Section/2/Information/1/Value/StringWithMarkup/0/Markup/0/Type,string,Subscript
/Record/Section/2/Information/1/Value/StringWithMarkup/0/Markup/1/Start,number,212
/Record/Section/2/Information/1/Value/StringWithMarkup/0/Markup/1/Length,number,1
/Record/Section/2/Information/1/Value/StringWithMarkup/0/Markup/1/Type,string,Subscript
/Record/Section/2/Information/1/Value/StringWithMarkup/0/Markup/2/Start,number,280
/Record/Section/2/Information/1/Value/StringWithMarkup/0/Markup/2/Length,number,1
/Record/Section/2/Information/1/Value/StringWithMarkup/0/Markup/2/Type,string,Subscript
/Record/Section/2/Information/1/Value/StringWithMarkup/0/Markup/3/Start,number,283
/Record/Section/2/Information/1/Value/StringWithMarkup/0/Markup/3/Length,number,1
/Record/Section/2/Information/1/Value/StringWithMarkup/0/Markup/3/Type,string,Subscript
/Record/Section/2/Information/1/Value/StringWithMarkup/0/Markup/4/Start,number,285
/Record/Section/2/Information/1/Value/StringWithMarkup/0/Markup/4/Length,number,1
/Record/Section/2/Information/1/Value/StringWithMarkup/0/Markup/4/Type,string,Subscript
/Record/Section/2/Information/1/Value/StringWithMarkup/0/Markup/5/Start,number,300
/Record/Section/2/Information/1/Value/StringWithMarkup/0/Markup/5/Length,number,1
/Record/Section/2/Information/1/Value/StringWithMarkup/0/Markup/5/Type,string,Subscript
/Record/Section/2/Information/1/Value/StringWithMarkup/0/Markup/6/Start,number,309
/Record/Section/2/Information/1/Value/StringWithMarkup/0/Markup/6/Length,number,1
/Record/Section/2/Information/1/Value/StringWithMarkup/0/Markup/6/Type,string,Subscript
/Record/Section/2/Information/1/Value/StringWithMarkup/0/Markup/7/Start,number,312
/Record/Section/2/Information/1/Value/StringWithMarkup/0/Markup/7/Length,number,1
/Record/Section/2/Information/1/Value/StringWithMarkup/0/Markup/7/Type,string,Subscript
/Record/Section/2/Information/1/Value/StringWithMarkup/0/Markup/8/Start,number,314
/Record/Section/2/Information/1/Value/StringWithMarkup/0/Markup/8/Length,number,2
/Record/Section/2/Information/1/Value/StringWithMarkup/0/Markup/8/Type,string,Subscript
/Record/Section/2/Information/2/ReferenceNumber,number,6
/Record/Section/2/Information/2/Value/StringWithMarkup/0/String,string,"From the Latin word Scandia, Scandinavia. On the basis of the Periodic System, Mendeleev predicted the existence of ekaboron, which would have an atomic weight between 40 of calcium and 48 of titanium. The element was discovered by Nilson in 1878 in the minerals euxenite and gadolinite, which had not yet been found anywhere except in Scandinavia. By processing 10 kg of euxenite and other residues of rare-earth minerals, Nilson was able to prepare about 2g of highly pure scandium oxide. Later scientists pointed out that Nilson's scandium was identical with Mendeleev's ekaboron."
/Record/Section/2/Section/0/TOCHeading,string,Historical Atomic Weights
/Record/Section/2/Section/0/Description,string,This section provides the historical atomic weights. The atomic weight shown in brackets means the value range while others shown with uncertainty in parenthesis.
/Record/Section/2/Section/0/DisplayControls/CreateTable/FromInformationIn,string,ThisSection
/Record/Section/2/Section/0/DisplayControls/CreateTable/NumberOfColumns,number,3
/Record/Section/2/Section/0/DisplayControls/CreateTable/ColumnsFromNamedLists/Name/0,string,Year
/Record/Section/2/Section/0/DisplayControls/CreateTable/ColumnsFromNamedLists/Name/1,string,Atomic Weight (uncertainty) [u]
/Record/Section/2/Section/0/DisplayControls/CreateTable/ColumnsFromNamedLists/Name/2,string,Reference
/Record/Section/2/Section/0/DisplayControls/CreateTable/ColumnsFromNamedLists/UseNamesAsColumnHeadings,boolean,true
/Record/Section/2/Section/0/Information/0/ReferenceNumber,number,3
/Record/Section/2/Section/0/Information/0/Name,string,Year
/Record/Section/2/Section/0/Information/0/Value/StringWithMarkup/0/String,string,2021
/Record/Section/2/Section/0/Information/0/Value/StringWithMarkup/1/String,string,2013
/Record/Section/2/Section/0/Information/0/Value/StringWithMarkup/2/String,string,2005
/Record/Section/2/Section/0/Information/0/Value/StringWithMarkup/3/String,string,1995
/Record/Section/2/Section/0/Information/0/Value/StringWithMarkup/4/String,string,1985
/Record/Section/2/Section/0/Information/0/Value/StringWithMarkup/5/String,string,1983
/Record/Section/2/Section/0/Information/0/Value/StringWithMarkup/6/String,string,1969
/Record/Section/2/Section/0/Information/0/Value/StringWithMarkup/7/String,string,1961
/Record/Section/2/Section/0/Information/0/Value/StringWithMarkup/8/String,string,1951
/Record/Section/2/Section/0/Information/0/Value/StringWithMarkup/9/String,string,1925
/Record/Section/2/Section/0/Information/0/Value/StringWithMarkup/10/String,string,1921
/Record/Section/2/Section/0/Information/0/Value/StringWithMarkup/11/String,string,1902
/Record/Section/2/Section/0/Information/1/ReferenceNumber,number,3
/Record/Section/2/Section/0/Information/1/Name,string,Atomic Weight (uncertainty)
/Record/Section/2/Section/0/Information/1/Value/StringWithMarkup/0/String,string,44.955 907(4)
/Record/Section/2/Section/0/Information/1/Value/StringWithMarkup/1/String,string,44.955 908(5)
/Record/Section/2/Section/0/Information/1/Value/StringWithMarkup/2/String,string,44.955 912(6)
/Record/Section/2/Section/0/Information/1/Value/StringWithMarkup/3/String,string,44.955 910(8)
/Record/Section/2/Section/0/Information/1/Value/StringWithMarkup/4/String,string,44.955 910(9)
/Record/Section/2/Section/0/Information/1/Value/StringWithMarkup/5/String,string,44.955 91(1)
/Record/Section/2/Section/0/Information/1/Value/StringWithMarkup/6/String,string,44.9559(1)
/Record/Section/2/Section/0/Information/1/Value/StringWithMarkup/7/String,string,44.956
/Record/Section/2/Section/0/Information/1/Value/StringWithMarkup/8/String,string,44.96
/Record/Section/2/Section/0/Information/1/Value/StringWithMarkup/9/String,string,45.10
/Record/Section/2/Section/0/Information/1/Value/StringWithMarkup/10/String,string,45.1
/Record/Section/2/Section/0/Information/1/Value/StringWithMarkup/11/String,string,44.1
/Record/Section/2/Section/0/Information/2/ReferenceNumber,number,3
/Record/Section/2/Section/0/Information/2/Name,string,Reference
/Record/Section/2/Section/0/Information/2/Value/StringWithMarkup/0/String,string,doi:10.1515/pac-2019-0603
/Record/Section/2/Section/0/Information/2/Value/StringWithMarkup/0/Markup/0/Start,number,0
/Record/Section/2/Section/0/Information/2/Value/StringWithMarkup/0/Markup/0/Length,number,25
/Record/Section/2/Section/0/Information/2/Value/StringWithMarkup/0/Markup/0/URL,string,https://doi.org/10.1515/pac-2019-0603
/Record/Section/2/Section/0/Information/2/Value/StringWithMarkup/1/String,string,doi:10.1515/pac-2015-0305
/Record/Section/2/Section/0/Information/2/Value/StringWithMarkup/1/Markup/0/Start,number,0
/Record/Section/2/Section/0/Information/2/Value/StringWithMarkup/1/Markup/0/Length,number,25
/Record/Section/2/Section/0/Information/2/Value/StringWithMarkup/1/Markup/0/URL,string,https://doi.org/10.1515/pac-2015-0305
/Record/Section/2/Section/0/Information/2/Value/StringWithMarkup/2/String,string,doi:10.1351/pac200678112051
/Record/Section/2/Section/0/Information/2/Value/StringWithMarkup/2/Markup/0/Start,number,0
/Record/Section/2/Section/0/Information/2/Value/StringWithMarkup/2/Markup/0/Length,number,27
/Record/Section/2/Section/0/Information/2/Value/StringWithMarkup/2/Markup/0/URL,string,https://doi.org/10.1351/pac200678112051
/Record/Section/2/Section/0/Information/2/Value/StringWithMarkup/3/String,string,doi:10.1351/pac199668122339
/Record/Section/2/Section/0/Information/2/Value/StringWithMarkup/3/Markup/0/Start,number,0
/Record/Section/2/Section/0/Information/2/Value/StringWithMarkup/3/Markup/0/Length,number,27
/Record/Section/2/Section/0/Information/2/Value/StringWithMarkup/3/Markup/0/URL,string,https://doi.org/10.1351/pac199668122339
/Record/Section/2/Section/0/Information/2/Value/StringWithMarkup/4/String,string,doi:10.1351/pac198658121677
/Record/Section/2/Section/0/Information/2/Value/StringWithMarkup/4/Markup/0/Start,number,0
/Record/Section/2/Section/0/Information/2/Value/StringWithMarkup/4/Markup/0/Length,number,27
/Record/Section/2/Section/0/Information/2/Value/StringWithMarkup/4/Markup/0/URL,string,https://doi.org/10.1351/pac198658121677
/Record/Section/2/Section/0/Information/2/Value/StringWithMarkup/5/String,string,doi:10.1351/pac198456060653
/Record/Section/2/Section/0/Information/2/Value/StringWithMarkup/5/Markup/0/Start,number,0
/Record/Section/2/Section/0/Information/2/Value/StringWithMarkup/5/Markup/0/Length,number,27
/Record/Section/2/Section/0/Information/2/Value/StringWithMarkup/5/Markup/0/URL,string,https://doi.org/10.1351/pac198456060653
/Record/Section/2/Section/0/Information/2/Value/StringWithMarkup/6/String,string,doi:10.1351/pac197021010091
/Record/Section/2/Section/0/Information/2/Value/StringWithMarkup/6/Markup/0/Start,number,0
/Record/Section/2/Section/0/Information/2/Value/StringWithMarkup/6/Markup/0/Length,number,27
/Record/Section/2/Section/0/Information/2/Value/StringWithMarkup/6/Markup/0/URL,string,https://doi.org/10.1351/pac197021010091
/Record/Section/2/Section/0/Information/2/Value/StringWithMarkup/7/String,string,doi:10.1021/ja00881a001
/Record/Section/2/Section/0/Information/2/Value/StringWithMarkup/7/Markup/0/Start,number,0
/Record/Section/2/Section/0/Information/2/Value/StringWithMarkup/7/Markup/0/Length,number,23
/Record/Section/2/Section/0/Information/2/Value/StringWithMarkup/7/Markup/0/URL,string,https://doi.org/10.1021/ja00881a001
/Record/Section/2/Section/0/Information/2/Value/StringWithMarkup/8/String,string,doi:10.1039/JR9530000001
/Record/Section/2/Section/0/Information/2/Value/StringWithMarkup/8/Markup/0/Start,number,0
/Record/Section/2/Section/0/Information/2/Value/StringWithMarkup/8/Markup/0/Length,number,24
/Record/Section/2/Section/0/Information/2/Value/StringWithMarkup/8/Markup/0/URL,string,https://doi.org/10.1039/JR9530000001
/Record/Section/2/Section/0/Information/2/Value/StringWithMarkup/9/String,string,doi:10.1039/CT9252700913
/Record/Section/2/Section/0/Information/2/Value/StringWithMarkup/9/Markup/0/Start,number,0
/Record/Section/2/Section/0/Information/2/Value/StringWithMarkup/9/Markup/0/Length,number,24
/Record/Section/2/Section/0/Information/2/Value/StringWithMarkup/9/Markup/0/URL,string,https://doi.org/10.1039/CT9252700913
/Record/Section/2/Section/0/Information/2/Value/StringWithMarkup/10/String,string,doi:10.1021/ja01454a600
/Record/Section/2/Section/0/Information/2/Value/StringWithMarkup/10/Markup/0/Start,number,0
/Record/Section/2/Section/0/Information/2/Value/StringWithMarkup/10/Markup/0/Length,number,23
/Record/Section/2/Section/0/Information/2/Value/StringWithMarkup/10/Markup/0/URL,string,https://doi.org/10.1021/ja01454a600
/Record/Section/2/Section/0/Information/2/Value/StringWithMarkup/11/String,string,doi:10.1007/BF01370337
/Record/Section/2/Section/0/Information/2/Value/StringWithMarkup/11/Markup/0/Start,number,0
/Record/Section/2/Section/0/Information/2/Value/StringWithMarkup/11/Markup/0/Length,number,22
/Record/Section/2/Section/0/Information/2/Value/StringWithMarkup/11/Markup/0/URL,string,https://doi.org/10.1007/BF01370337
/Record/Section/2/Section/1/TOCHeading,string,Historical Isotopic Abundances
/Record/Section/2/Section/1/Description,string,This section provides the historical isotopic abundance information. The abundance value shown in brackets means the value range while others shown with uncertainty in parenthesis.
/Record/Section/2/Section/1/DisplayControls/CreateTable/FromInformationIn,string,ThisSection
/Record/Section/2/Section/1/DisplayControls/CreateTable/NumberOfColumns,number,4
/Record/Section/2/Section/1/DisplayControls/CreateTable/ColumnsFromNamedLists/Name/0,string,Year
/Record/Section/2/Section/1/DisplayControls/CreateTable/ColumnsFromNamedLists/Name/1,string,Isotope
/Record/Section/2/Section/1/DisplayControls/CreateTable/ColumnsFromNamedLists/Name/2,string,Abundance (uncertainty)
/Record/Section/2/Section/1/DisplayControls/CreateTable/ColumnsFromNamedLists/Name/3,string,Reference
/Record/Section/2/Section/1/DisplayControls/CreateTable/ColumnsFromNamedLists/UseNamesAsColumnHeadings,boolean,true
/Record/Section/2/Section/1/Information/0/ReferenceNumber,number,3
/Record/Section/2/Section/1/Information/0/Name,string,Year
/Record/Section/2/Section/1/Information/0/Value/StringWithMarkup/0/String,string,1975
/Record/Section/2/Section/1/Information/1/ReferenceNumber,number,3
/Record/Section/2/Section/1/Information/1/Name,string,Isotope
/Record/Section/2/Section/1/Information/1/Value/StringWithMarkup/0/String,string,45Sc
/Record/Section/2/Section/1/Information/1/Value/StringWithMarkup/0/Markup/0/Start,number,0
/Record/Section/2/Section/1/Information/1/Value/StringWithMarkup/0/Markup/0/Length,number,2
/Record/Section/2/Section/1/Information/1/Value/StringWithMarkup/0/Markup/0/Type,string,Superscript
/Record/Section/2/Section/1/Information/2/ReferenceNumber,number,3
/Record/Section/2/Section/1/Information/2/Name,string,Abundance (uncertainty)
/Record/Section/2/Section/1/Information/2/Value/StringWithMarkup/0/String,string,1
/Record/Section/2/Section/1/Information/3/ReferenceNumber,number,3
/Record/Section/2/Section/1/Information/3/Name,string,Reference
/Record/Section/2/Section/1/Information/3/Value/StringWithMarkup/0/String,string,doi:10.1351/pac197647010075
/Record/Section/2/Section/1/Information/3/Value/StringWithMarkup/0/Markup/0/Start,number,0
/Record/Section/2/Section/1/Information/3/Value/StringWithMarkup/0/Markup/0/Length,number,27
/Record/Section/2/Section/1/Information/3/Value/StringWithMarkup/0/Markup/0/URL,string,https://doi.org/10.1351/pac197647010075
/Record/Section/3/TOCHeading,string,Description
/Record/Section/3/Description,string,"A short description of this element, provided by authoritative sources."
/Record/Section/3/Information/0/ReferenceNumber,number,6
/Record/Section/3/Information/0/Value/StringWithMarkup/0/String,string,"Scandium is a silver-white metal which develops a slightly yellowish or pinkish cast upon exposure to air. A relatively soft element, scandium resembles yttrium and the rare-earth metals more than it resembles aluminum or titanium."
/Record/Section/3/Information/0/Value/StringWithMarkup/1/String,string,"It is a very light metal and has a much higher melting point than aluminum, making it of interest to designers of spacecraft. Scandium is not attacked by a 1:1 mixture of HNO3 and 48% HF."
/Record/Section/3/Information/0/Value/StringWithMarkup/1/Markup/0/Start,number,174
/Record/Section/3/Information/0/Value/StringWithMarkup/1/Markup/0/Length,number,1
/Record/Section/3/Information/0/Value/StringWithMarkup/1/Markup/0/Type,string,Subscript
/Record/Section/3/Information/0/Value/StringWithMarkup/2/String,string,"Chemically it is one of the alkaline earth elements; it readily forms a white coating of nitride in air, reacts with water, burns with a yellow-red flame."
/Record/Section/4/TOCHeading,string,Uses
/Record/Section/4/Description,string,Uses of this element in industry and other fields.
/Record/Section/4/Information/0/ReferenceNumber,number,5
/Record/Section/4/Information/0/Value/StringWithMarkup/0/String,string,"Alloys of scandium and aluminum are used in some kinds of athletic equipment, such as aluminum baseball bats, bicycle frames and lacrosse sticks. It is expected that scandium-aluminum alloys will be important in the manufacture of fuel cells."
/Record/Section/4/Information/0/Value/StringWithMarkup/1/String,string,"Scientists have only studied a few compounds of scandium. About 20 kilograms (44 pounds) of scandium oxide (Sc2O3), also known as scandia, are used each year in the United States in the production of high intensity lights. Scandium iodide (ScI3) is added to mercury vapor lamps so that they will emit light that closely resembles sunlight."
/Record/Section/4/Information/0/Value/StringWithMarkup/1/Markup/0/Start,number,110
/Record/Section/4/Information/0/Value/StringWithMarkup/1/Markup/0/Length,number,1
/Record/Section/4/Information/0/Value/StringWithMarkup/1/Markup/0/Type,string,Subscript
/Record/Section/4/Information/0/Value/StringWithMarkup/1/Markup/1/Start,number,112
/Record/Section/4/Information/0/Value/StringWithMarkup/1/Markup/1/Length,number,1
/Record/Section/4/Information/0/Value/StringWithMarkup/1/Markup/1/Type,string,Subscript
/Record/Section/4/Information/0/Value/StringWithMarkup/1/Markup/2/Start,number,243
/Record/Section/4/Information/0/Value/StringWithMarkup/1/Markup/2/Length,number,1
/Record/Section/4/Information/0/Value/StringWithMarkup/1/Markup/2/Type,string,Subscript
/Record/Section/4/Information/1/ReferenceNumber,number,6
/Record/Section/4/Information/1/Value/StringWithMarkup/0/String,string,"About 20 kg of scandium (as Sc2O3) are used yearly in the U.S. to produce high-intensity lights. The radioactive isotope 46Sc is used as a tracing agent in refinery crackers for crude oil, etc."
/Record/Section/4/Information/1/Value/StringWithMarkup/0/Markup/0/Start,number,30
/Record/Section/4/Information/1/Value/StringWithMarkup/0/Markup/0/Length,number,1
/Record/Section/4/Information/1/Value/StringWithMarkup/0/Markup/0/Type,string,Subscript
/Record/Section/4/Information/1/Value/StringWithMarkup/0/Markup/1/Start,number,32
/Record/Section/4/Information/1/Value/StringWithMarkup/0/Markup/1/Length,number,1
/Record/Section/4/Information/1/Value/StringWithMarkup/0/Markup/1/Type,string,Subscript
/Record/Section/4/Information/1/Value/StringWithMarkup/0/Markup/2/Start,number,121
/Record/Section/4/Information/1/Value/StringWithMarkup/0/Markup/2/Length,number,2
/Record/Section/4/Information/1/Value/StringWithMarkup/0/Markup/2/Type,string,Superscript
/Record/Section/4/Information/1/Value/StringWithMarkup/1/String,string,"Scandium iodide added to mercury vapor lamps produces a highly efficient light source resembling sunlight, which is important for indoor or night-time color TV."
/Record/Section/5/TOCHeading,string,Sources
/Record/Section/5/Description,string,Sources of this element.
/Record/Section/5/Information/0/ReferenceNumber,number,6
/Record/Section/5/Information/0/Value/StringWithMarkup/0/String,string,"Scandium is apparently much more abundant (the 23rd most) in the sun and certain stars than on earth (the 50th most abundant). It is widely distributed on earth, occurring in very minute quantities in over 800 mineral species. The blue color of beryl (aquamarine variety) is said to be due to scandium. It occurs as a principal component in the rare mineral thortveitite, found in Scandinavia and Malagasy. It is also found in the residues remaining after the extraction of tungsten from Zinnwald wolframite, and in wiikite and bazzite."
/Record/Section/5/Information/0/Value/StringWithMarkup/1/String,string,"Most scandium is presently being recovered from thortveitite or is extracted as a by-product from uranium mill tailings. Metallic scandium was first prepared in 1937 by Fischer, Brunger, and Grienelaus who electrolyzed a eutectic melt of potassium, lithium, and scandium chlorides at 700 to 800°C. Tungsten wire and a pool of molten zinc served as the electrodes in a graphite crucible. Pure scandium is now produced by reducing scandium fluoride with calcium metal."
/Record/Section/5/Information/0/Value/StringWithMarkup/2/String,string,The production of the first pound of 99% pure scandium metal was announced in 1960.
/Record/Section/6/TOCHeading,string,Compounds
/Record/Section/6/Description,string,Compound records related to this element.
/Record/Section/6/Information/0/ReferenceNumber,number,8
/Record/Section/6/Information/0/Name,string,Compounds
/Record/Section/6/Information/0/URL,string,https://pubchem.ncbi.nlm.nih.gov/#query=Scandium
/Record/Section/6/Information/0/Value/StringWithMarkup/0/String,string,See more information at the Scandium compound page.
/Record/Section/6/Section/0/TOCHeading,string,Element Forms
/Record/Section/6/Section/0/Description,string,"Other forms of this element, including ions, isotopes, etc."
/Record/Section/6/Section/0/DisplayControls/CreateTable/FromInformationIn,string,ThisSection
/Record/Section/6/Section/0/DisplayControls/CreateTable/NumberOfColumns,number,5
/Record/Section/6/Section/0/DisplayControls/CreateTable/ColumnsFromNamedLists/Name/0,string,CID
/Record/Section/6/Section/0/DisplayControls/CreateTable/ColumnsFromNamedLists/Name/1,string,Name
/Record/Section/6/Section/0/DisplayControls/CreateTable/ColumnsFromNamedLists/Name/2,string,Formula
/Record/Section/6/Section/0/DisplayControls/CreateTable/ColumnsFromNamedLists/Name/3,string,SMILES
/Record/Section/6/Section/0/DisplayControls/CreateTable/ColumnsFromNamedLists/Name/4,string,Molecular Weight
/Record/Section/6/Section/0/DisplayControls/CreateTable/ColumnsFromNamedLists/UseNamesAsColumnHeadings,boolean,true
/Record/Section/6/Section/0/Information/0/ReferenceNumber,number,8
/Record/Section/6/Section/0/Information/0/Name,string,CID
/Record/Section/6/Section/0/Information/0/Value/StringWithMarkup/0/String,string,23952
/Record/Section/6/Section/0/Information/0/Value/StringWithMarkup/0/Markup/0/Start,number,0
/Record/Section/6/Section/0/Information/0/Value/StringWithMarkup/0/Markup/0/Length,number,5
/Record/Section/6/Section/0/Information/0/Value/StringWithMarkup/0/Markup/0/URL,string,https://pubchem.ncbi.nlm.nih.gov/compound/23952
/Record/Section/6/Section/0/Information/0/Value/StringWithMarkup/1/String,string,107673
/Record/Section/6/Section/0/Information/0/Value/StringWithMarkup/1/Markup/0/Start,number,0
/Record/Section/6/Section/0/Information/0/Value/StringWithMarkup/1/Markup/0/Length,number,6
/Record/Section/6/Section/0/Information/0/Value/StringWithMarkup/1/Markup/0/URL,string,https://pubchem.ncbi.nlm.nih.gov/compound/107673
/Record/Section/6/Section/0/Information/0/Value/StringWithMarkup/2/String,string,161063
/Record/Section/6/Section/0/Information/0/Value/StringWithMarkup/2/Markup/0/Start,number,0
/Record/Section/6/Section/0/Information/0/Value/StringWithMarkup/2/Markup/0/Length,number,6
/Record/Section/6/Section/0/Information/0/Value/StringWithMarkup/2/Markup/0/URL,string,https://pubchem.ncbi.nlm.nih.gov/compound/161063
/Record/Section/6/Section/0/Information/0/Value/StringWithMarkup/3/String,string,177436
/Record/Section/6/Section/0/Information/0/Value/StringWithMarkup/3/Markup/0/Start,number,0
/Record/Section/6/Section/0/Information/0/Value/StringWithMarkup/3/Markup/0/Length,number,6
/Record/Section/6/Section/0/Information/0/Value/StringWithMarkup/3/Markup/0/URL,string,https://pubchem.ncbi.nlm.nih.gov/compound/177436
/Record/Section/6/Section/0/Information/0/Value/StringWithMarkup/4/String,string,177437
/Record/Section/6/Section/0/Information/0/Value/StringWithMarkup/4/Markup/0/Start,number,0
/Record/Section/6/Section/0/Information/0/Value/StringWithMarkup/4/Markup/0/Length,number,6
/Record/Section/6/Section/0/Information/0/Value/StringWithMarkup/4/Markup/0/URL,string,https://pubchem.ncbi.nlm.nih.gov/compound/177437
/Record/Section/6/Section/0/Information/0/Value/StringWithMarkup/5/String,string,178180
/Record/Section/6/Section/0/Information/0/Value/StringWithMarkup/5/Markup/0/Start,number,0
/Record/Section/6/Section/0/Information/0/Value/StringWithMarkup/5/Markup/0/Length,number,6
/Record/Section/6/Section/0/Information/0/Value/StringWithMarkup/5/Markup/0/URL,string,https://pubchem.ncbi.nlm.nih.gov/compound/178180
/Record/Section/6/Section/0/Information/0/Value/StringWithMarkup/6/String,string,167091
/Record/Section/6/Section/0/Information/0/Value/StringWithMarkup/6/Markup/0/Start,number,0
/Record/Section/6/Section/0/Information/0/Value/StringWithMarkup/6/Markup/0/Length,number,6
/Record/Section/6/Section/0/Information/0/Value/StringWithMarkup/6/Markup/0/URL,string,https://pubchem.ncbi.nlm.nih.gov/compound/167091
/Record/Section/6/Section/0/Information/0/Value/StringWithMarkup/7/String,string,4534583
/Record/Section/6/Section/0/Information/0/Value/StringWithMarkup/7/Markup/0/Start,number,0
/Record/Section/6/Section/0/Information/0/Value/StringWithMarkup/7/Markup/0/Length,number,7
/Record/Section/6/Section/0/Information/0/Value/StringWithMarkup/7/Markup/0/URL,string,https://pubchem.ncbi.nlm.nih.gov/compound/4534583
/Record/Section/6/Section/0/Information/0/Value/StringWithMarkup/8/String,string,42626460
/Record/Section/6/Section/0/Information/0/Value/StringWithMarkup/8/Markup/0/Start,number,0
/Record/Section/6/Section/0/Information/0/Value/StringWithMarkup/8/Markup/0/Length,number,8
/Record/Section/6/Section/0/Information/0/Value/StringWithMarkup/8/Markup/0/URL,string,https://pubchem.ncbi.nlm.nih.gov/compound/42626460
/Record/Section/6/Section/0/Information/1/ReferenceNumber,number,8
/Record/Section/6/Section/0/Information/1/Name,string,Name
/Record/Section/6/Section/0/Information/1/Value/StringWithMarkup/0/String,string,scandium
/Record/Section/6/Section/0/Information/1/Value/StringWithMarkup/1/String,string,scandium-46
/Record/Section/6/Section/0/Information/1/Value/StringWithMarkup/2/String,string,scandium-47
/Record/Section/6/Section/0/Information/1/Value/StringWithMarkup/3/String,string,scandium-44
/Record/Section/6/Section/0/Information/1/Value/StringWithMarkup/4/String,string,scandium-49
/Record/Section/6/Section/0/Information/1/Value/StringWithMarkup/5/String,string,scandium-43
/Record/Section/6/Section/0/Information/1/Value/StringWithMarkup/6/String,string,scandium-48
/Record/Section/6/Section/0/Information/1/Value/StringWithMarkup/7/String,string,scandium(3+)
/Record/Section/6/Section/0/Information/1/Value/StringWithMarkup/8/String,string,scandium-45
/Record/Section/6/Section/0/Information/2/ReferenceNumber,number,8
/Record/Section/6/Section/0/Information/2/Name,string,Formula
/Record/Section/6/Section/0/Information/2/Value/StringWithMarkup/0/String,string,Sc
/Record/Section/6/Section/0/Information/2/Value/StringWithMarkup/1/String,string,Sc
/Record/Section/6/Section/0/Information/2/Value/StringWithMarkup/2/String,string,Sc
/Record/Section/6/Section/0/Information/2/Value/StringWithMarkup/3/String,string,Sc
/Record/Section/6/Section/0/Information/2/Value/StringWithMarkup/4/String,string,Sc
/Record/Section/6/Section/0/Information/2/Value/StringWithMarkup/5/String,string,Sc
/Record/Section/6/Section/0/Information/2/Value/StringWithMarkup/6/String,string,Sc
/Record/Section/6/Section/0/Information/2/Value/StringWithMarkup/7/String,string,Sc+3
/Record/Section/6/Section/0/Information/2/Value/StringWithMarkup/8/String,string,Sc
/Record/Section/6/Section/0/Information/3/ReferenceNumber,number,8
/Record/Section/6/Section/0/Information/3/Name,string,SMILES
/Record/Section/6/Section/0/Information/3/Value/StringWithMarkup/0/String,string,[Sc]
/Record/Section/6/Section/0/Information/3/Value/StringWithMarkup/1/String,string,[46Sc]
/Record/Section/6/Section/0/Information/3/Value/StringWithMarkup/2/String,string,[47Sc]
/Record/Section/6/Section/0/Information/3/Value/StringWithMarkup/3/String,string,[44Sc]
/Record/Section/6/Section/0/Information/3/Value/StringWithMarkup/4/String,string,[49Sc]
/Record/Section/6/Section/0/Information/3/Value/StringWithMarkup/5/String,string,[43Sc]
/Record/Section/6/Section/0/Information/3/Value/StringWithMarkup/6/String,string,[48Sc]
/Record/Section/6/Section/0/Information/3/Value/StringWithMarkup/7/String,string,[Sc+3]
/Record/Section/6/Section/0/Information/3/Value/StringWithMarkup/8/String,string,[45Sc]
/Record/Section/6/Section/0/Information/4/ReferenceNumber,number,8
/Record/Section/6/Section/0/Information/4/Name,string,Molecular Weight
/Record/Section/6/Section/0/Information/4/Value/StringWithMarkup/0/String,string,44.95591
/Record/Section/6/Section/0/Information/4/Value/StringWithMarkup/1/String,string,45.955167
/Record/Section/6/Section/0/Information/4/Value/StringWithMarkup/2/String,string,46.95240
/Record/Section/6/Section/0/Information/4/Value/StringWithMarkup/3/String,string,43.95940
/Record/Section/6/Section/0/Information/4/Value/StringWithMarkup/4/String,string,48.95001
/Record/Section/6/Section/0/Information/4/Value/StringWithMarkup/5/String,string,42.96115
/Record/Section/6/Section/0/Information/4/Value/StringWithMarkup/6/String,string,47.95222
/Record/Section/6/Section/0/Information/4/Value/StringWithMarkup/7/String,string,44.95591
/Record/Section/6/Section/0/Information/4/Value/StringWithMarkup/8/String,string,44.955907
/Record/Section/7/TOCHeading,string,Handling and Storage
/Record/Section/7/Description,string,This section provides guidance on the safe handling practices and storage conditions for this element.
/Record/Section/7/Information/0/ReferenceNumber,number,6
/Record/Section/7/Information/0/Value/StringWithMarkup/0/String,string,Little is yet known about the toxicity of scandium; therefore it should be handled with care.
/Record/Section/8/TOCHeading,string,Isotopes
/Record/Section/8/Description,string,Isotopes are nuclides having the same atomic number but different mass numbers.  This section provides information on the isotopes of this element and their uses in various fields.
/Record/Section/8/URL,string,https://chem.libretexts.org/Courses/Furman_University/CHM101%3A_Chemistry_and_Global_Awareness_(Gordon)/03%3A_Atoms_and_the_Periodic_Table/3.05%3A_Isotopes
/Record/Section/8/Information/0/ReferenceNumber,number,5
/Record/Section/8/Information/0/Name,string,Stable Isotope Count
/Record/Section/8/Information/0/Value/StringWithMarkup/0/String,string,1
/Record/Section/8/Section/0/TOCHeading,string,Isotopes in Biology
/Record/Section/8/Section/0/Description,string,Information on the use of this element's isotopes in biology.
/Record/Section/8/Section/0/Information/0/ReferenceNumber,number,4
/Record/Section/8/Section/0/Information/0/Reference/0,string,"[190]  J. K. Miller, W. F. Byrne. J. Nutr.100, 1287 (1970)."
/Record/Section/8/Section/0/Information/0/ExtendedReference/0/Citation,string,"[190]  J. K. Miller, W. F. Byrne. J. Nutr.100, 1287 (1970)."
/Record/Section/8/Section/0/Information/0/Value/StringWithMarkup/0/String,string,"Radioactive 46Sc is used as a non-absorbed isotopic reference material for determining digestibility, absorption in the gut, and secretion sites for nutrients associated with feed residues in ruminating animals (animals that chew their food repeatedly for an extended period of time) [190]."
/Record/Section/8/Section/0/Information/0/Value/StringWithMarkup/0/Markup/0/Start,number,12
/Record/Section/8/Section/0/Information/0/Value/StringWithMarkup/0/Markup/0/Length,number,2
/Record/Section/8/Section/0/Information/0/Value/StringWithMarkup/0/Markup/0/Type,string,Superscript
/Record/Section/8/Section/1/TOCHeading,string,Isotopes in Earth/Planetary Science
/Record/Section/8/Section/1/Description,string,Information on the use of this element's isotopes in earth/planetary science.
/Record/Section/8/Section/1/Information/0/ReferenceNumber,number,4
/Record/Section/8/Section/1/Information/0/Reference/0,string,"[191]  A. Plata-Bedmar. Topical Reports, IAEA Bulletin (1988)."
/Record/Section/8/Section/1/Information/0/Reference/1,string,"[192]  K. Krishnamurthy, S. M. Rao. J. Hydrol.19, 189 (1973)."
/Record/Section/8/Section/1/Information/0/Reference/2,string,"[193]  I. Rehana, K. A. Shahid, S. Husain, D. Muhammad. Appl. Radiat. Isot.51, 115 (1999)."
/Record/Section/8/Section/1/Information/0/ExtendedReference/0/Citation,string,"[191]  A. Plata-Bedmar. Topical Reports, IAEA Bulletin (1988)."
/Record/Section/8/Section/1/Information/0/ExtendedReference/1/Citation,string,"[192]  K. Krishnamurthy, S. M. Rao. J. Hydrol.19, 189 (1973)."
/Record/Section/8/Section/1/Information/0/ExtendedReference/2/Citation,string,"[193]  I. Rehana, K. A. Shahid, S. Husain, D. Muhammad. Appl. Radiat. Isot.51, 115 (1999)."
/Record/Section/8/Section/1/Information/0/Value/StringWithMarkup/0/String,string,"The radioactive isotope 46Sc has been used for sediment labeling to determine the transportation of sediments by water flow in rivers, estuaries, harbors, and seas. The half-life of 46Sc is about 84 days and when released into an estuary with similar grain density and grain size, a gamma spectrometer (instrument for measuring the intensity of gamma radiation versus the energy of each photon) can be used to measure the intensities of 46Sc in the sediments and the movement of the sediments can be determined [191], [192], [193]."
/Record/Section/8/Section/1/Information/0/Value/StringWithMarkup/0/Markup/0/Start,number,24
/Record/Section/8/Section/1/Information/0/Value/StringWithMarkup/0/Markup/0/Length,number,2
/Record/Section/8/Section/1/Information/0/Value/StringWithMarkup/0/Markup/0/Type,string,Superscript
/Record/Section/8/Section/1/Information/0/Value/StringWithMarkup/0/Markup/1/Start,number,182
/Record/Section/8/Section/1/Information/0/Value/StringWithMarkup/0/Markup/1/Length,number,2
/Record/Section/8/Section/1/Information/0/Value/StringWithMarkup/0/Markup/1/Type,string,Superscript
/Record/Section/8/Section/1/Information/0/Value/StringWithMarkup/0/Markup/2/Start,number,437
/Record/Section/8/Section/1/Information/0/Value/StringWithMarkup/0/Markup/2/Length,number,2
/Record/Section/8/Section/1/Information/0/Value/StringWithMarkup/0/Markup/2/Type,string,Superscript
/Record/Section/8/Section/2/TOCHeading,string,Isotopes in Industry
/Record/Section/8/Section/2/Description,string,Information on the use of this element's isotopes in industry.
/Record/Section/8/Section/2/Information/0/ReferenceNumber,number,4
/Record/Section/8/Section/2/Information/0/Reference/0,string,"[192]  K. Krishnamurthy, S. M. Rao. J. Hydrol.19, 189 (1973)."
/Record/Section/8/Section/2/Information/0/Reference/1,string,"[194]  J. Guizerix, V. Markovic, P. Airey. Nuclear Techniques for Peaceful Development, IAEA Bulletin (1987)."
/Record/Section/8/Section/2/Information/0/ExtendedReference/0/Citation,string,"[192]  K. Krishnamurthy, S. M. Rao. J. Hydrol.19, 189 (1973)."
/Record/Section/8/Section/2/Information/0/ExtendedReference/1/Citation,string,"[194]  J. Guizerix, V. Markovic, P. Airey. Nuclear Techniques for Peaceful Development, IAEA Bulletin (1987)."
/Record/Section/8/Section/2/Information/0/Value/StringWithMarkup/0/String,string,"46Sc is a beta emitter and has been used as a tracer in oil refinery crackers for crude oil (converting crude oil into gasoline and other lower-molecular weight hydrocarbon fractions). Its beta radiation enables the substance to be tracked as the oil travels [194]. Due to its easily traceable properties, coastal engineers use 46Sc to develop dredging strategies and to design navigation channels based on silt movement [192]."
/Record/Section/8/Section/2/Information/0/Value/StringWithMarkup/0/Markup/0/Start,number,0
/Record/Section/8/Section/2/Information/0/Value/StringWithMarkup/0/Markup/0/Length,number,2
/Record/Section/8/Section/2/Information/0/Value/StringWithMarkup/0/Markup/0/Type,string,Superscript
/Record/Section/8/Section/2/Information/0/Value/StringWithMarkup/0/Markup/1/Start,number,328
/Record/Section/8/Section/2/Information/0/Value/StringWithMarkup/0/Markup/1/Length,number,2
/Record/Section/8/Section/2/Information/0/Value/StringWithMarkup/0/Markup/1/Type,string,Superscript
/Record/Section/8/Section/3/TOCHeading,string,Isotopes in Medicine
/Record/Section/8/Section/3/Description,string,Information on the use of this element's isotopes in medicine.
/Record/Section/8/Section/3/Information/0/ReferenceNumber,number,4
/Record/Section/8/Section/3/Information/0/Reference/0,string,"[195]  W. T. Anderson, M. Strand. Cancer Res.45, 2154 (1985)."
/Record/Section/8/Section/3/Information/0/Reference/1,string,"[196]  J. E. Eyles, I. D. Spiers, E. D. Williamson, H. O. Alpar, E. D. Williamson. J. Pharm. Pharmacol.53, 601 (2001)."
/Record/Section/8/Section/3/Information/0/ExtendedReference/0/Citation,string,"[195]  W. T. Anderson, M. Strand. Cancer Res.45, 2154 (1985)."
/Record/Section/8/Section/3/Information/0/ExtendedReference/1/Citation,string,"[196]  J. E. Eyles, I. D. Spiers, E. D. Williamson, H. O. Alpar, E. D. Williamson. J. Pharm. Pharmacol.53, 601 (2001)."
/Record/Section/8/Section/3/Information/0/Value/StringWithMarkup/0/String,string,"46Sc is used in isotope-carrying antibodies for bonding with tumor-associated cell surface antigens (substances that causes the production of an antibody when introduced into the body, e.g. toxins, bacteria, and viruses). 46Sc is added to DTPA-derivatized (process by which a compound is chemically changed, producing a new compound that has properties more amenable to a particular analytical method) monoclonal antibodies and has been shown to target tumor cells, specifically in vivo, where it accumulates to high levels in the tumor (Fig. IUPAC.21.1) [195], [196]."
/Record/Section/8/Section/3/Information/0/Value/StringWithMarkup/0/Markup/0/Start,number,0
/Record/Section/8/Section/3/Information/0/Value/StringWithMarkup/0/Markup/0/Length,number,2
/Record/Section/8/Section/3/Information/0/Value/StringWithMarkup/0/Markup/0/Type,string,Superscript
/Record/Section/8/Section/3/Information/0/Value/StringWithMarkup/0/Markup/1/Start,number,222
/Record/Section/8/Section/3/Information/0/Value/StringWithMarkup/0/Markup/1/Length,number,2
/Record/Section/8/Section/3/Information/0/Value/StringWithMarkup/0/Markup/1/Type,string,Superscript
/Record/Section/8/Section/3/Information/0/Value/StringWithMarkup/1/String,string,          
/Record/Section/8/Section/3/Information/0/Value/StringWithMarkup/1/Markup/0/Start,number,0
/Record/Section/8/Section/3/Information/0/Value/StringWithMarkup/1/Markup/0/Length,number,1
/Record/Section/8/Section/3/Information/0/Value/StringWithMarkup/1/Markup/0/URL,string,https://pubchem.ncbi.nlm.nih.gov/images/iupac/j_pac-2015-0703_fig_037.jpg
/Record/Section/8/Section/3/Information/0/Value/StringWithMarkup/1/Markup/0/Type,string,Image
/Record/Section/8/Section/3/Information/0/Value/StringWithMarkup/1/Markup/0/Size,string,709x730
/Record/Section/8/Section/3/Information/0/Value/StringWithMarkup/1/Markup/0/Caption,string,"Fig. IUPAC.21.1: Comparison of biodistribution of ⁴⁶Sc citrate and ⁴⁶Sc-labeled caDTPA-antibody conjugates in healthy mice (circles) and leukemic mice (diamonds) 1 h after injection in tail vein (modified from [195], [196]). "
/Record/Section/8/Section/4/TOCHeading,string,Isotope Mass and Abundance
/Record/Section/8/Section/4/Description,string,Atomic mass and abundance (composition) information for a given isotope/nuclide. The number in the parenthesis refers to an uncertainty when exist. The unit of atomic weight is the unified atomic mass unit (u) or dalton (Da). 
/Record/Section/8/Section/4/DisplayControls/CreateTable/FromInformationIn,string,ThisSection
/Record/Section/8/Section/4/DisplayControls/CreateTable/NumberOfColumns,number,3
/Record/Section/8/Section/4/DisplayControls/CreateTable/ColumnsFromNamedLists/Name/0,string,Isotope
/Record/Section/8/Section/4/DisplayControls/CreateTable/ColumnsFromNamedLists/Name/1,string,Atomic Mass (uncertainty) [u]
/Record/Section/8/Section/4/DisplayControls/CreateTable/ColumnsFromNamedLists/Name/2,string,Abundance (uncertainty)
/Record/Section/8/Section/4/DisplayControls/CreateTable/ColumnsFromNamedLists/UseNamesAsColumnHeadings,boolean,true
/Record/Section/8/Section/4/Information/0/ReferenceNumber,number,3
/Record/Section/8/Section/4/Information/0/Name,string,Isotope
/Record/Section/8/Section/4/Information/0/Value/StringWithMarkup/0/String,string, 45Sc
/Record/Section/8/Section/4/Information/0/Value/StringWithMarkup/0/Markup/0/Start,number,0
/Record/Section/8/Section/4/Information/0/Value/StringWithMarkup/0/Markup/0/Length,number,3
/Record/Section/8/Section/4/Information/0/Value/StringWithMarkup/0/Markup/0/Type,string,Superscript
/Record/Section/8/Section/4/Information/1/ReferenceNumber,number,3
/Record/Section/8/Section/4/Information/1/Name,string,Atomic Mass (uncertainty)
/Record/Section/8/Section/4/Information/1/Value/StringWithMarkup/0/String,string,44.955 907(4)
/Record/Section/8/Section/4/Information/2/ReferenceNumber,number,3
/Record/Section/8/Section/4/Information/2/Name,string,Abundance (uncertainty)
/Record/Section/8/Section/4/Information/2/Value/StringWithMarkup/0/String,string,1
/Record/Section/8/Section/4/Information/3/ReferenceNumber,number,7
/Record/Section/8/Section/4/Information/3/Name,string,Isotope
/Record/Section/8/Section/4/Information/3/Value/StringWithMarkup/0/String,string,45Sc
/Record/Section/8/Section/4/Information/3/Value/StringWithMarkup/0/Markup/0/Start,number,0
/Record/Section/8/Section/4/Information/3/Value/StringWithMarkup/0/Markup/0/Length,number,2
/Record/Section/8/Section/4/Information/3/Value/StringWithMarkup/0/Markup/0/Type,string,Superscript
/Record/Section/8/Section/4/Information/4/ReferenceNumber,number,7
/Record/Section/8/Section/4/Information/4/Name,string,Atomic Mass (uncertainty) [u]
/Record/Section/8/Section/4/Information/4/Value/StringWithMarkup/0/String,string,44.95590828(77)
/Record/Section/8/Section/4/Information/5/ReferenceNumber,number,7
/Record/Section/8/Section/4/Information/5/Name,string,Abundance (uncertainty)
/Record/Section/8/Section/4/Information/5/Value/StringWithMarkup/0/String,string,1
/Record/Section/8/Section/5/TOCHeading,string,"Atomic Mass, Half Life, and Decay"
/Record/Section/8/Section/5/Description,string,"Information on the atomic mass, half life, and decay for this element, from the the Atomic Mass Data Center. The number after the ± refers to an uncertainty when exists."
/Record/Section/8/Section/5/URL,string,https://pubchem.ncbi.nlm.nih.gov/docs/atomic-mass/
/Record/Section/8/Section/5/DisplayControls/CreateTable/FromInformationIn,string,ThisSection
/Record/Section/8/Section/5/DisplayControls/CreateTable/NumberOfColumns,number,5
/Record/Section/8/Section/5/DisplayControls/CreateTable/ColumnsFromNamedLists/Name/0,string,Nuclide
/Record/Section/8/Section/5/DisplayControls/CreateTable/ColumnsFromNamedLists/Name/1,string,Atomic Mass and Uncertainty [u]
/Record/Section/8/Section/5/DisplayControls/CreateTable/ColumnsFromNamedLists/Name/2,string,Half Life and Uncertainty
/Record/Section/8/Section/5/DisplayControls/CreateTable/ColumnsFromNamedLists/Name/3,string,Discovery Year
/Record/Section/8/Section/5/DisplayControls/CreateTable/ColumnsFromNamedLists/Name/4,string,"Decay Modes, Intensities and Uncertainties [%]"
/Record/Section/8/Section/5/DisplayControls/CreateTable/ColumnsFromNamedLists/UseNamesAsColumnHeadings,boolean,true
/Record/Section/8/Section/5/Information/0/ReferenceNumber,number,2
/Record/Section/8/Section/5/Information/0/Name,string,Nuclide
/Record/Section/8/Section/5/Information/0/Value/StringWithMarkup/0/String,string,35Sc
/Record/Section/8/Section/5/Information/0/Value/StringWithMarkup/0/Markup/0/Start,number,0
/Record/Section/8/Section/5/Information/0/Value/StringWithMarkup/0/Markup/0/Length,number,2
/Record/Section/8/Section/5/Information/0/Value/StringWithMarkup/0/Markup/0/Type,string,Superscript
/Record/Section/8/Section/5/Information/0/Value/StringWithMarkup/1/String,string,36Sc
/Record/Section/8/Section/5/Information/0/Value/StringWithMarkup/1/Markup/0/Start,number,0
/Record/Section/8/Section/5/Information/0/Value/StringWithMarkup/1/Markup/0/Length,number,2
/Record/Section/8/Section/5/Information/0/Value/StringWithMarkup/1/Markup/0/Type,string,Superscript
/Record/Section/8/Section/5/Information/0/Value/StringWithMarkup/2/String,string,37Sc
/Record/Section/8/Section/5/Information/0/Value/StringWithMarkup/2/Markup/0/Start,number,0
/Record/Section/8/Section/5/Information/0/Value/StringWithMarkup/2/Markup/0/Length,number,2
/Record/Section/8/Section/5/Information/0/Value/StringWithMarkup/2/Markup/0/Type,string,Superscript
/Record/Section/8/Section/5/Information/0/Value/StringWithMarkup/3/String,string,38Sc
/Record/Section/8/Section/5/Information/0/Value/StringWithMarkup/3/Markup/0/Start,number,0
/Record/Section/8/Section/5/Information/0/Value/StringWithMarkup/3/Markup/0/Length,number,2
/Record/Section/8/Section/5/Information/0/Value/StringWithMarkup/3/Markup/0/Type,string,Superscript
/Record/Section/8/Section/5/Information/0/Value/StringWithMarkup/4/String,string,38Scm
/Record/Section/8/Section/5/Information/0/Value/StringWithMarkup/4/Markup/0/Start,number,0
/Record/Section/8/Section/5/Information/0/Value/StringWithMarkup/4/Markup/0/Length,number,2
/Record/Section/8/Section/5/Information/0/Value/StringWithMarkup/4/Markup/0/Type,string,Superscript
/Record/Section/8/Section/5/Information/0/Value/StringWithMarkup/4/Markup/1/Start,number,4
/Record/Section/8/Section/5/Information/0/Value/StringWithMarkup/4/Markup/1/Length,number,1
/Record/Section/8/Section/5/Information/0/Value/StringWithMarkup/4/Markup/1/Type,string,Superscript
/Record/Section/8/Section/5/Information/0/Value/StringWithMarkup/5/String,string,39Sc
/Record/Section/8/Section/5/Information/0/Value/StringWithMarkup/5/Markup/0/Start,number,0
/Record/Section/8/Section/5/Information/0/Value/StringWithMarkup/5/Markup/0/Length,number,2
/Record/Section/8/Section/5/Information/0/Value/StringWithMarkup/5/Markup/0/Type,string,Superscript
/Record/Section/8/Section/5/Information/0/Value/StringWithMarkup/6/String,string,40Sc
/Record/Section/8/Section/5/Information/0/Value/StringWithMarkup/6/Markup/0/Start,number,0
/Record/Section/8/Section/5/Information/0/Value/StringWithMarkup/6/Markup/0/Length,number,2
/Record/Section/8/Section/5/Information/0/Value/StringWithMarkup/6/Markup/0/Type,string,Superscript
/Record/Section/8/Section/5/Information/0/Value/StringWithMarkup/7/String,string,41Sc
/Record/Section/8/Section/5/Information/0/Value/StringWithMarkup/7/Markup/0/Start,number,0
/Record/Section/8/Section/5/Information/0/Value/StringWithMarkup/7/Markup/0/Length,number,2
/Record/Section/8/Section/5/Information/0/Value/StringWithMarkup/7/Markup/0/Type,string,Superscript
/Record/Section/8/Section/5/Information/0/Value/StringWithMarkup/8/String,string,41Scr
/Record/Section/8/Section/5/Information/0/Value/StringWithMarkup/8/Markup/0/Start,number,0
/Record/Section/8/Section/5/Information/0/Value/StringWithMarkup/8/Markup/0/Length,number,2
/Record/Section/8/Section/5/Information/0/Value/StringWithMarkup/8/Markup/0/Type,string,Superscript
/Record/Section/8/Section/5/Information/0/Value/StringWithMarkup/8/Markup/1/Start,number,4
/Record/Section/8/Section/5/Information/0/Value/StringWithMarkup/8/Markup/1/Length,number,1
/Record/Section/8/Section/5/Information/0/Value/StringWithMarkup/8/Markup/1/Type,string,Superscript
/Record/Section/8/Section/5/Information/0/Value/StringWithMarkup/9/String,string,42Sc
/Record/Section/8/Section/5/Information/0/Value/StringWithMarkup/9/Markup/0/Start,number,0
/Record/Section/8/Section/5/Information/0/Value/StringWithMarkup/9/Markup/0/Length,number,2
/Record/Section/8/Section/5/Information/0/Value/StringWithMarkup/9/Markup/0/Type,string,Superscript
/Record/Section/8/Section/5/Information/0/Value/StringWithMarkup/10/String,string,42Scm
/Record/Section/8/Section/5/Information/0/Value/StringWithMarkup/10/Markup/0/Start,number,0
/Record/Section/8/Section/5/Information/0/Value/StringWithMarkup/10/Markup/0/Length,number,2
/Record/Section/8/Section/5/Information/0/Value/StringWithMarkup/10/Markup/0/Type,string,Superscript
/Record/Section/8/Section/5/Information/0/Value/StringWithMarkup/10/Markup/1/Start,number,4
/Record/Section/8/Section/5/Information/0/Value/StringWithMarkup/10/Markup/1/Length,number,1
/Record/Section/8/Section/5/Information/0/Value/StringWithMarkup/10/Markup/1/Type,string,Superscript
/Record/Section/8/Section/5/Information/0/Value/StringWithMarkup/11/String,string,42Scr
/Record/Section/8/Section/5/Information/0/Value/StringWithMarkup/11/Markup/0/Start,number,0
/Record/Section/8/Section/5/Information/0/Value/StringWithMarkup/11/Markup/0/Length,number,2
/Record/Section/8/Section/5/Information/0/Value/StringWithMarkup/11/Markup/0/Type,string,Superscript
/Record/Section/8/Section/5/Information/0/Value/StringWithMarkup/11/Markup/1/Start,number,4
/Record/Section/8/Section/5/Information/0/Value/StringWithMarkup/11/Markup/1/Length,number,1
/Record/Section/8/Section/5/Information/0/Value/StringWithMarkup/11/Markup/1/Type,string,Superscript
/Record/Section/8/Section/5/Information/0/Value/StringWithMarkup/12/String,string,43Sc
/Record/Section/8/Section/5/Information/0/Value/StringWithMarkup/12/Markup/0/Start,number,0
/Record/Section/8/Section/5/Information/0/Value/StringWithMarkup/12/Markup/0/Length,number,2
/Record/Section/8/Section/5/Information/0/Value/StringWithMarkup/12/Markup/0/Type,string,Superscript
/Record/Section/8/Section/5/Information/0/Value/StringWithMarkup/13/String,string,43Scm
/Record/Section/8/Section/5/Information/0/Value/StringWithMarkup/13/Markup/0/Start,number,0
/Record/Section/8/Section/5/Information/0/Value/StringWithMarkup/13/Markup/0/Length,number,2
/Record/Section/8/Section/5/Information/0/Value/StringWithMarkup/13/Markup/0/Type,string,Superscript
/Record/Section/8/Section/5/Information/0/Value/StringWithMarkup/13/Markup/1/Start,number,4
/Record/Section/8/Section/5/Information/0/Value/StringWithMarkup/13/Markup/1/Length,number,1
/Record/Section/8/Section/5/Information/0/Value/StringWithMarkup/13/Markup/1/Type,string,Superscript
/Record/Section/8/Section/5/Information/0/Value/StringWithMarkup/14/String,string,43Scn
/Record/Section/8/Section/5/Information/0/Value/StringWithMarkup/14/Markup/0/Start,number,0
/Record/Section/8/Section/5/Information/0/Value/StringWithMarkup/14/Markup/0/Length,number,2
/Record/Section/8/Section/5/Information/0/Value/StringWithMarkup/14/Markup/0/Type,string,Superscript
/Record/Section/8/Section/5/Information/0/Value/StringWithMarkup/14/Markup/1/Start,number,4
/Record/Section/8/Section/5/Information/0/Value/StringWithMarkup/14/Markup/1/Length,number,1
/Record/Section/8/Section/5/Information/0/Value/StringWithMarkup/14/Markup/1/Type,string,Superscript
/Record/Section/8/Section/5/Information/0/Value/StringWithMarkup/15/String,string,44Sc
/Record/Section/8/Section/5/Information/0/Value/StringWithMarkup/15/Markup/0/Start,number,0
/Record/Section/8/Section/5/Information/0/Value/StringWithMarkup/15/Markup/0/Length,number,2
/Record/Section/8/Section/5/Information/0/Value/StringWithMarkup/15/Markup/0/Type,string,Superscript
/Record/Section/8/Section/5/Information/0/Value/StringWithMarkup/16/String,string,44Scm
/Record/Section/8/Section/5/Information/0/Value/StringWithMarkup/16/Markup/0/Start,number,0
/Record/Section/8/Section/5/Information/0/Value/StringWithMarkup/16/Markup/0/Length,number,2
/Record/Section/8/Section/5/Information/0/Value/StringWithMarkup/16/Markup/0/Type,string,Superscript
/Record/Section/8/Section/5/Information/0/Value/StringWithMarkup/16/Markup/1/Start,number,4
/Record/Section/8/Section/5/Information/0/Value/StringWithMarkup/16/Markup/1/Length,number,1
/Record/Section/8/Section/5/Information/0/Value/StringWithMarkup/16/Markup/1/Type,string,Superscript
/Record/Section/8/Section/5/Information/0/Value/StringWithMarkup/17/String,string,44Scn
/Record/Section/8/Section/5/Information/0/Value/StringWithMarkup/17/Markup/0/Start,number,0
/Record/Section/8/Section/5/Information/0/Value/StringWithMarkup/17/Markup/0/Length,number,2
/Record/Section/8/Section/5/Information/0/Value/StringWithMarkup/17/Markup/0/Type,string,Superscript
/Record/Section/8/Section/5/Information/0/Value/StringWithMarkup/17/Markup/1/Start,number,4
/Record/Section/8/Section/5/Information/0/Value/StringWithMarkup/17/Markup/1/Length,number,1
/Record/Section/8/Section/5/Information/0/Value/StringWithMarkup/17/Markup/1/Type,string,Superscript
/Record/Section/8/Section/5/Information/0/Value/StringWithMarkup/18/String,string,44Scp
/Record/Section/8/Section/5/Information/0/Value/StringWithMarkup/18/Markup/0/Start,number,0
/Record/Section/8/Section/5/Information/0/Value/StringWithMarkup/18/Markup/0/Length,number,2
/Record/Section/8/Section/5/Information/0/Value/StringWithMarkup/18/Markup/0/Type,string,Superscript
/Record/Section/8/Section/5/Information/0/Value/StringWithMarkup/18/Markup/1/Start,number,4
/Record/Section/8/Section/5/Information/0/Value/StringWithMarkup/18/Markup/1/Length,number,1
/Record/Section/8/Section/5/Information/0/Value/StringWithMarkup/18/Markup/1/Type,string,Superscript
/Record/Section/8/Section/5/Information/0/Value/StringWithMarkup/19/String,string,45Sc
/Record/Section/8/Section/5/Information/0/Value/StringWithMarkup/19/Markup/0/Start,number,0
/Record/Section/8/Section/5/Information/0/Value/StringWithMarkup/19/Markup/0/Length,number,2
/Record/Section/8/Section/5/Information/0/Value/StringWithMarkup/19/Markup/0/Type,string,Superscript
/Record/Section/8/Section/5/Information/0/Value/StringWithMarkup/20/String,string,45Scm
/Record/Section/8/Section/5/Information/0/Value/StringWithMarkup/20/Markup/0/Start,number,0
/Record/Section/8/Section/5/Information/0/Value/StringWithMarkup/20/Markup/0/Length,number,2
/Record/Section/8/Section/5/Information/0/Value/StringWithMarkup/20/Markup/0/Type,string,Superscript
/Record/Section/8/Section/5/Information/0/Value/StringWithMarkup/20/Markup/1/Start,number,4
/Record/Section/8/Section/5/Information/0/Value/StringWithMarkup/20/Markup/1/Length,number,1
/Record/Section/8/Section/5/Information/0/Value/StringWithMarkup/20/Markup/1/Type,string,Superscript
/Record/Section/8/Section/5/Information/0/Value/StringWithMarkup/21/String,string,46Sc
/Record/Section/8/Section/5/Information/0/Value/StringWithMarkup/21/Markup/0/Start,number,0
/Record/Section/8/Section/5/Information/0/Value/StringWithMarkup/21/Markup/0/Length,number,2
/Record/Section/8/Section/5/Information/0/Value/StringWithMarkup/21/Markup/0/Type,string,Superscript
/Record/Section/8/Section/5/Information/0/Value/StringWithMarkup/22/String,string,46Scm
/Record/Section/8/Section/5/Information/0/Value/StringWithMarkup/22/Markup/0/Start,number,0
/Record/Section/8/Section/5/Information/0/Value/StringWithMarkup/22/Markup/0/Length,number,2
/Record/Section/8/Section/5/Information/0/Value/StringWithMarkup/22/Markup/0/Type,string,Superscript
/Record/Section/8/Section/5/Information/0/Value/StringWithMarkup/22/Markup/1/Start,number,4
/Record/Section/8/Section/5/Information/0/Value/StringWithMarkup/22/Markup/1/Length,number,1
/Record/Section/8/Section/5/Information/0/Value/StringWithMarkup/22/Markup/1/Type,string,Superscript
/Record/Section/8/Section/5/Information/0/Value/StringWithMarkup/23/String,string,46Scn
/Record/Section/8/Section/5/Information/0/Value/StringWithMarkup/23/Markup/0/Start,number,0
/Record/Section/8/Section/5/Information/0/Value/StringWithMarkup/23/Markup/0/Length,number,2
/Record/Section/8/Section/5/Information/0/Value/StringWithMarkup/23/Markup/0/Type,string,Superscript
/Record/Section/8/Section/5/Information/0/Value/StringWithMarkup/23/Markup/1/Start,number,4
/Record/Section/8/Section/5/Information/0/Value/StringWithMarkup/23/Markup/1/Length,number,1
/Record/Section/8/Section/5/Information/0/Value/StringWithMarkup/23/Markup/1/Type,string,Superscript
/Record/Section/8/Section/5/Information/0/Value/StringWithMarkup/24/String,string,47Sc
/Record/Section/8/Section/5/Information/0/Value/StringWithMarkup/24/Markup/0/Start,number,0
/Record/Section/8/Section/5/Information/0/Value/StringWithMarkup/24/Markup/0/Length,number,2
/Record/Section/8/Section/5/Information/0/Value/StringWithMarkup/24/Markup/0/Type,string,Superscript
/Record/Section/8/Section/5/Information/0/Value/StringWithMarkup/25/String,string,47Scm
/Record/Section/8/Section/5/Information/0/Value/StringWithMarkup/25/Markup/0/Start,number,0
/Record/Section/8/Section/5/Information/0/Value/StringWithMarkup/25/Markup/0/Length,number,2
/Record/Section/8/Section/5/Information/0/Value/StringWithMarkup/25/Markup/0/Type,string,Superscript
/Record/Section/8/Section/5/Information/0/Value/StringWithMarkup/25/Markup/1/Start,number,4
/Record/Section/8/Section/5/Information/0/Value/StringWithMarkup/25/Markup/1/Length,number,1
/Record/Section/8/Section/5/Information/0/Value/StringWithMarkup/25/Markup/1/Type,string,Superscript
/Record/Section/8/Section/5/Information/0/Value/StringWithMarkup/26/String,string,48Sc
/Record/Section/8/Section/5/Information/0/Value/StringWithMarkup/26/Markup/0/Start,number,0
/Record/Section/8/Section/5/Information/0/Value/StringWithMarkup/26/Markup/0/Length,number,2
/Record/Section/8/Section/5/Information/0/Value/StringWithMarkup/26/Markup/0/Type,string,Superscript
/Record/Section/8/Section/5/Information/0/Value/StringWithMarkup/27/String,string,49Sc
/Record/Section/8/Section/5/Information/0/Value/StringWithMarkup/27/Markup/0/Start,number,0
/Record/Section/8/Section/5/Information/0/Value/StringWithMarkup/27/Markup/0/Length,number,2
/Record/Section/8/Section/5/Information/0/Value/StringWithMarkup/27/Markup/0/Type,string,Superscript
/Record/Section/8/Section/5/Information/0/Value/StringWithMarkup/28/String,string,50Sc
/Record/Section/8/Section/5/Information/0/Value/StringWithMarkup/28/Markup/0/Start,number,0
/Record/Section/8/Section/5/Information/0/Value/StringWithMarkup/28/Markup/0/Length,number,2
/Record/Section/8/Section/5/Information/0/Value/StringWithMarkup/28/Markup/0/Type,string,Superscript
/Record/Section/8/Section/5/Information/0/Value/StringWithMarkup/29/String,string,50Scm
/Record/Section/8/Section/5/Information/0/Value/StringWithMarkup/29/Markup/0/Start,number,0
/Record/Section/8/Section/5/Information/0/Value/StringWithMarkup/29/Markup/0/Length,number,2
/Record/Section/8/Section/5/Information/0/Value/StringWithMarkup/29/Markup/0/Type,string,Superscript
/Record/Section/8/Section/5/Information/0/Value/StringWithMarkup/29/Markup/1/Start,number,4
/Record/Section/8/Section/5/Information/0/Value/StringWithMarkup/29/Markup/1/Length,number,1
/Record/Section/8/Section/5/Information/0/Value/StringWithMarkup/29/Markup/1/Type,string,Superscript
/Record/Section/8/Section/5/Information/0/Value/StringWithMarkup/30/String,string,51Sc
/Record/Section/8/Section/5/Information/0/Value/StringWithMarkup/30/Markup/0/Start,number,0
/Record/Section/8/Section/5/Information/0/Value/StringWithMarkup/30/Markup/0/Length,number,2
/Record/Section/8/Section/5/Information/0/Value/StringWithMarkup/30/Markup/0/Type,string,Superscript
/Record/Section/8/Section/5/Information/0/Value/StringWithMarkup/31/String,string,52Sc
/Record/Section/8/Section/5/Information/0/Value/StringWithMarkup/31/Markup/0/Start,number,0
/Record/Section/8/Section/5/Information/0/Value/StringWithMarkup/31/Markup/0/Length,number,2
/Record/Section/8/Section/5/Information/0/Value/StringWithMarkup/31/Markup/0/Type,string,Superscript
/Record/Section/8/Section/5/Information/0/Value/StringWithMarkup/32/String,string,53Sc
/Record/Section/8/Section/5/Information/0/Value/StringWithMarkup/32/Markup/0/Start,number,0
/Record/Section/8/Section/5/Information/0/Value/StringWithMarkup/32/Markup/0/Length,number,2
/Record/Section/8/Section/5/Information/0/Value/StringWithMarkup/32/Markup/0/Type,string,Superscript
/Record/Section/8/Section/5/Information/0/Value/StringWithMarkup/33/String,string,54Sc
/Record/Section/8/Section/5/Information/0/Value/StringWithMarkup/33/Markup/0/Start,number,0
/Record/Section/8/Section/5/Information/0/Value/StringWithMarkup/33/Markup/0/Length,number,2
/Record/Section/8/Section/5/Information/0/Value/StringWithMarkup/33/Markup/0/Type,string,Superscript
/Record/Section/8/Section/5/Information/0/Value/StringWithMarkup/34/String,string,54Scm
/Record/Section/8/Section/5/Information/0/Value/StringWithMarkup/34/Markup/0/Start,number,0
/Record/Section/8/Section/5/Information/0/Value/StringWithMarkup/34/Markup/0/Length,number,2
/Record/Section/8/Section/5/Information/0/Value/StringWithMarkup/34/Markup/0/Type,string,Superscript
/Record/Section/8/Section/5/Information/0/Value/StringWithMarkup/34/Markup/1/Start,number,4
/Record/Section/8/Section/5/Information/0/Value/StringWithMarkup/34/Markup/1/Length,number,1
/Record/Section/8/Section/5/Information/0/Value/StringWithMarkup/34/Markup/1/Type,string,Superscript
/Record/Section/8/Section/5/Information/0/Value/StringWithMarkup/35/String,string,55Sc
/Record/Section/8/Section/5/Information/0/Value/StringWithMarkup/35/Markup/0/Start,number,0
/Record/Section/8/Section/5/Information/0/Value/StringWithMarkup/35/Markup/0/Length,number,2
/Record/Section/8/Section/5/Information/0/Value/StringWithMarkup/35/Markup/0/Type,string,Superscript
/Record/Section/8/Section/5/Information/0/Value/StringWithMarkup/36/String,string,56Sc
/Record/Section/8/Section/5/Information/0/Value/StringWithMarkup/36/Markup/0/Start,number,0
/Record/Section/8/Section/5/Information/0/Value/StringWithMarkup/36/Markup/0/Length,number,2
/Record/Section/8/Section/5/Information/0/Value/StringWithMarkup/36/Markup/0/Type,string,Superscript
/Record/Section/8/Section/5/Information/0/Value/StringWithMarkup/37/String,string,56Scm
/Record/Section/8/Section/5/Information/0/Value/StringWithMarkup/37/Markup/0/Start,number,0
/Record/Section/8/Section/5/Information/0/Value/StringWithMarkup/37/Markup/0/Length,number,2
/Record/Section/8/Section/5/Information/0/Value/StringWithMarkup/37/Markup/0/Type,string,Superscript
/Record/Section/8/Section/5/Information/0/Value/StringWithMarkup/37/Markup/1/Start,number,4
/Record/Section/8/Section/5/Information/0/Value/StringWithMarkup/37/Markup/1/Length,number,1
/Record/Section/8/Section/5/Information/0/Value/StringWithMarkup/37/Markup/1/Type,string,Superscript
/Record/Section/8/Section/5/Information/0/Value/StringWithMarkup/38/String,string,56Scn
/Record/Section/8/Section/5/Information/0/Value/StringWithMarkup/38/Markup/0/Start,number,0
/Record/Section/8/Section/5/Information/0/Value/StringWithMarkup/38/Markup/0/Length,number,2
/Record/Section/8/Section/5/Information/0/Value/StringWithMarkup/38/Markup/0/Type,string,Superscript
/Record/Section/8/Section/5/Information/0/Value/StringWithMarkup/38/Markup/1/Start,number,4
/Record/Section/8/Section/5/Information/0/Value/StringWithMarkup/38/Markup/1/Length,number,1
/Record/Section/8/Section/5/Information/0/Value/StringWithMarkup/38/Markup/1/Type,string,Superscript
/Record/Section/8/Section/5/Information/0/Value/StringWithMarkup/39/String,string,57Sc
/Record/Section/8/Section/5/Information/0/Value/StringWithMarkup/39/Markup/0/Start,number,0
/Record/Section/8/Section/5/Information/0/Value/StringWithMarkup/39/Markup/0/Length,number,2
/Record/Section/8/Section/5/Information/0/Value/StringWithMarkup/39/Markup/0/Type,string,Superscript
/Record/Section/8/Section/5/Information/0/Value/StringWithMarkup/40/String,string,58Sc
/Record/Section/8/Section/5/Information/0/Value/StringWithMarkup/40/Markup/0/Start,number,0
/Record/Section/8/Section/5/Information/0/Value/StringWithMarkup/40/Markup/0/Length,number,2
/Record/Section/8/Section/5/Information/0/Value/StringWithMarkup/40/Markup/0/Type,string,Superscript
/Record/Section/8/Section/5/Information/0/Value/StringWithMarkup/41/String,string,58Scm
/Record/Section/8/Section/5/Information/0/Value/StringWithMarkup/41/Markup/0/Start,number,0
/Record/Section/8/Section/5/Information/0/Value/StringWithMarkup/41/Markup/0/Length,number,2
/Record/Section/8/Section/5/Information/0/Value/StringWithMarkup/41/Markup/0/Type,string,Superscript
/Record/Section/8/Section/5/Information/0/Value/StringWithMarkup/41/Markup/1/Start,number,4
/Record/Section/8/Section/5/Information/0/Value/StringWithMarkup/41/Markup/1/Length,number,1
/Record/Section/8/Section/5/Information/0/Value/StringWithMarkup/41/Markup/1/Type,string,Superscript
/Record/Section/8/Section/5/Information/0/Value/StringWithMarkup/42/String,string,59Sc
/Record/Section/8/Section/5/Information/0/Value/StringWithMarkup/42/Markup/0/Start,number,0
/Record/Section/8/Section/5/Information/0/Value/StringWithMarkup/42/Markup/0/Length,number,2
/Record/Section/8/Section/5/Information/0/Value/StringWithMarkup/42/Markup/0/Type,string,Superscript
/Record/Section/8/Section/5/Information/0/Value/StringWithMarkup/43/String,string,60Sc
/Record/Section/8/Section/5/Information/0/Value/StringWithMarkup/43/Markup/0/Start,number,0
/Record/Section/8/Section/5/Information/0/Value/StringWithMarkup/43/Markup/0/Length,number,2
/Record/Section/8/Section/5/Information/0/Value/StringWithMarkup/43/Markup/0/Type,string,Superscript
/Record/Section/8/Section/5/Information/0/Value/StringWithMarkup/44/String,string,61Sc
/Record/Section/8/Section/5/Information/0/Value/StringWithMarkup/44/Markup/0/Start,number,0
/Record/Section/8/Section/5/Information/0/Value/StringWithMarkup/44/Markup/0/Length,number,2
/Record/Section/8/Section/5/Information/0/Value/StringWithMarkup/44/Markup/0/Type,string,Superscript
/Record/Section/8/Section/5/Information/0/Value/StringWithMarkup/45/String,string,62Sc
/Record/Section/8/Section/5/Information/0/Value/StringWithMarkup/45/Markup/0/Start,number,0
/Record/Section/8/Section/5/Information/0/Value/StringWithMarkup/45/Markup/0/Length,number,2
/Record/Section/8/Section/5/Information/0/Value/StringWithMarkup/45/Markup/0/Type,string,Superscript
/Record/Section/8/Section/5/Information/0/Value/StringWithMarkup/46/String,string,63Sc
/Record/Section/8/Section/5/Information/0/Value/StringWithMarkup/46/Markup/0/Start,number,0
/Record/Section/8/Section/5/Information/0/Value/StringWithMarkup/46/Markup/0/Length,number,2
/Record/Section/8/Section/5/Information/0/Value/StringWithMarkup/46/Markup/0/Type,string,Superscript
/Record/Section/8/Section/5/Information/1/ReferenceNumber,number,2
/Record/Section/8/Section/5/Information/1/Name,string,Atomic Mass and Uncertainty [u]
/Record/Section/8/Section/5/Information/1/Value/StringWithMarkup/0/String,string,35.029093 ± 0.000429 [Estimated]
/Record/Section/8/Section/5/Information/1/Value/StringWithMarkup/1/String,string,36.017338 ± 0.000322 [Estimated]
/Record/Section/8/Section/5/Information/1/Value/StringWithMarkup/2/String,string,37.004058 ± 0.000322 [Estimated]
/Record/Section/8/Section/5/Information/1/Value/StringWithMarkup/3/String,string,37.995438 ± 0.000215 [Estimated]
/Record/Section/8/Section/5/Information/1/Value/StringWithMarkup/4/String,string,37.995438 ± 0.000215 [Estimated]
/Record/Section/8/Section/5/Information/1/Value/StringWithMarkup/5/String,string,38.984784953 ± 0.000025765
/Record/Section/8/Section/5/Information/1/Value/StringWithMarkup/6/String,string,39.977967275 ± 0.000003036
/Record/Section/8/Section/5/Information/1/Value/StringWithMarkup/7/String,string,40.969251163 ± 0.000000083
/Record/Section/8/Section/5/Information/1/Value/StringWithMarkup/8/String,string,40.969251163 ± 0.000000083
/Record/Section/8/Section/5/Information/1/Value/StringWithMarkup/9/String,string,41.965516686 ± 0.000000165
/Record/Section/8/Section/5/Information/1/Value/StringWithMarkup/10/String,string,41.965516686 ± 0.000000165
/Record/Section/8/Section/5/Information/1/Value/StringWithMarkup/11/String,string,41.965516686 ± 0.000000165
/Record/Section/8/Section/5/Information/1/Value/StringWithMarkup/12/String,string,42.961150425 ± 0.000001999
/Record/Section/8/Section/5/Information/1/Value/StringWithMarkup/13/String,string,42.961150425 ± 0.000001999
/Record/Section/8/Section/5/Information/1/Value/StringWithMarkup/14/String,string,42.961150425 ± 0.000001999
/Record/Section/8/Section/5/Information/1/Value/StringWithMarkup/15/String,string,43.959402818 ± 0.000001884
/Record/Section/8/Section/5/Information/1/Value/StringWithMarkup/16/String,string,43.959402818 ± 0.000001884
/Record/Section/8/Section/5/Information/1/Value/StringWithMarkup/17/String,string,43.959402818 ± 0.000001884
/Record/Section/8/Section/5/Information/1/Value/StringWithMarkup/18/String,string,43.959402818 ± 0.000001884
/Record/Section/8/Section/5/Information/1/Value/StringWithMarkup/19/String,string,44.955907051 ± 0.000000712
/Record/Section/8/Section/5/Information/1/Value/StringWithMarkup/20/String,string,44.955907051 ± 0.000000712
/Record/Section/8/Section/5/Information/1/Value/StringWithMarkup/21/String,string,45.955167034 ± 0.00000072
/Record/Section/8/Section/5/Information/1/Value/StringWithMarkup/22/String,string,45.955167034 ± 0.00000072
/Record/Section/8/Section/5/Information/1/Value/StringWithMarkup/23/String,string,45.955167034 ± 0.00000072
/Record/Section/8/Section/5/Information/1/Value/StringWithMarkup/24/String,string,46.952402444 ± 0.000002072
/Record/Section/8/Section/5/Information/1/Value/StringWithMarkup/25/String,string,46.952402444 ± 0.000002072
/Record/Section/8/Section/5/Information/1/Value/StringWithMarkup/26/String,string,47.952222903 ± 0.000005313
/Record/Section/8/Section/5/Information/1/Value/StringWithMarkup/27/String,string,48.950013159 ± 0.000002434
/Record/Section/8/Section/5/Information/1/Value/StringWithMarkup/28/String,string,49.952187437 ± 0.0000027
/Record/Section/8/Section/5/Information/1/Value/StringWithMarkup/29/String,string,49.952187437 ± 0.0000027
/Record/Section/8/Section/5/Information/1/Value/StringWithMarkup/30/String,string,50.953568838 ± 0.0000027
/Record/Section/8/Section/5/Information/1/Value/StringWithMarkup/31/String,string,51.956496170 ± 0.0000033
/Record/Section/8/Section/5/Information/1/Value/StringWithMarkup/32/String,string,52.958379173 ± 0.000019
/Record/Section/8/Section/5/Information/1/Value/StringWithMarkup/33/String,string,53.963029359 ± 0.000015
/Record/Section/8/Section/5/Information/1/Value/StringWithMarkup/34/String,string,53.963029359 ± 0.000015
/Record/Section/8/Section/5/Information/1/Value/StringWithMarkup/35/String,string,54.966889637 ± 0.000067
/Record/Section/8/Section/5/Information/1/Value/StringWithMarkup/36/String,string,55.972607611 ± 0.000278761
/Record/Section/8/Section/5/Information/1/Value/StringWithMarkup/37/String,string,55.972607611 ± 0.000278761
/Record/Section/8/Section/5/Information/1/Value/StringWithMarkup/38/String,string,55.972607611 ± 0.000278761
/Record/Section/8/Section/5/Information/1/Value/StringWithMarkup/39/String,string,56.977048000 ± 0.000193
/Record/Section/8/Section/5/Information/1/Value/StringWithMarkup/40/String,string,57.983382000 ± 0.000204
/Record/Section/8/Section/5/Information/1/Value/StringWithMarkup/41/String,string,57.983382000 ± 0.000204
/Record/Section/8/Section/5/Information/1/Value/StringWithMarkup/42/String,string,58.988374000 ± 0.000268
/Record/Section/8/Section/5/Information/1/Value/StringWithMarkup/43/String,string,59.995115 ± 0.000537 [Estimated]
/Record/Section/8/Section/5/Information/1/Value/StringWithMarkup/44/String,string,61.000537 ± 0.000644 [Estimated]
/Record/Section/8/Section/5/Information/1/Value/StringWithMarkup/45/String,string,62.007848 ± 0.000644 [Estimated]
/Record/Section/8/Section/5/Information/1/Value/StringWithMarkup/46/String,string,63.014031 ± 0.000751 [Estimated]
/Record/Section/8/Section/5/Information/2/ReferenceNumber,number,2
/Record/Section/8/Section/5/Information/2/Name,string,Half Life and Uncertainty
/Record/Section/8/Section/5/Information/2/Value/StringWithMarkup/0/String,string,Not-specified
/Record/Section/8/Section/5/Information/2/Value/StringWithMarkup/1/String,string,Not-specified
/Record/Section/8/Section/5/Information/2/Value/StringWithMarkup/2/String,string,Not-specified
/Record/Section/8/Section/5/Information/2/Value/StringWithMarkup/3/String,string,Not-specified <300ns
/Record/Section/8/Section/5/Information/2/Value/StringWithMarkup/4/String,string,Not-specified
/Record/Section/8/Section/5/Information/2/Value/StringWithMarkup/5/String,string,Not-specified
/Record/Section/8/Section/5/Information/2/Value/StringWithMarkup/6/String,string,182.3 ms ± 0.7
/Record/Section/8/Section/5/Information/2/Value/StringWithMarkup/7/String,string,596.3 ms ± 1.7
/Record/Section/8/Section/5/Information/2/Value/StringWithMarkup/8/String,string,Not-specified
/Record/Section/8/Section/5/Information/2/Value/StringWithMarkup/9/String,string,680.72 ms ± 0.26
/Record/Section/8/Section/5/Information/2/Value/StringWithMarkup/10/String,string,61.7 s ± 0.4
/Record/Section/8/Section/5/Information/2/Value/StringWithMarkup/11/String,string,Not-specified
/Record/Section/8/Section/5/Information/2/Value/StringWithMarkup/12/String,string,3.891 h ± 0.012
/Record/Section/8/Section/5/Information/2/Value/StringWithMarkup/13/String,string,438 us ± 5
/Record/Section/8/Section/5/Information/2/Value/StringWithMarkup/14/String,string,472 ns ± 3
/Record/Section/8/Section/5/Information/2/Value/StringWithMarkup/15/String,string,4.0421 h ± 0.0025
/Record/Section/8/Section/5/Information/2/Value/StringWithMarkup/16/String,string,154.8 ns ± 0.8
/Record/Section/8/Section/5/Information/2/Value/StringWithMarkup/17/String,string,51.0 us ± 0.3
/Record/Section/8/Section/5/Information/2/Value/StringWithMarkup/18/String,string,58.61 h ± 0.10
/Record/Section/8/Section/5/Information/2/Value/StringWithMarkup/19/String,string,Stable
/Record/Section/8/Section/5/Information/2/Value/StringWithMarkup/20/String,string,318 ms ± 7
/Record/Section/8/Section/5/Information/2/Value/StringWithMarkup/21/String,string,83.757 d ± 0.014
/Record/Section/8/Section/5/Information/2/Value/StringWithMarkup/22/String,string,9.4 us ± 0.8
/Record/Section/8/Section/5/Information/2/Value/StringWithMarkup/23/String,string,18.75 s ± 0.04
/Record/Section/8/Section/5/Information/2/Value/StringWithMarkup/24/String,string,3.3492 d ± 0.0006
/Record/Section/8/Section/5/Information/2/Value/StringWithMarkup/25/String,string,272 ns ± 8
/Record/Section/8/Section/5/Information/2/Value/StringWithMarkup/26/String,string,43.67 h ± 0.09
/Record/Section/8/Section/5/Information/2/Value/StringWithMarkup/27/String,string,57.18 m ± 0.13
/Record/Section/8/Section/5/Information/2/Value/StringWithMarkup/28/String,string,102.5 s ± 0.5
/Record/Section/8/Section/5/Information/2/Value/StringWithMarkup/29/String,string,350 ms ± 40
/Record/Section/8/Section/5/Information/2/Value/StringWithMarkup/30/String,string,12.4 s ± 0.1
/Record/Section/8/Section/5/Information/2/Value/StringWithMarkup/31/String,string,8.2 s ± 0.2
/Record/Section/8/Section/5/Information/2/Value/StringWithMarkup/32/String,string,2.4 s ± 0.6
/Record/Section/8/Section/5/Information/2/Value/StringWithMarkup/33/String,string,526 ms ± 15
/Record/Section/8/Section/5/Information/2/Value/StringWithMarkup/34/String,string,2.77 us ± 0.02
/Record/Section/8/Section/5/Information/2/Value/StringWithMarkup/35/String,string,96 ms ± 2
/Record/Section/8/Section/5/Information/2/Value/StringWithMarkup/36/String,string,26 ms ± 6
/Record/Section/8/Section/5/Information/2/Value/StringWithMarkup/37/String,string,75 ms ± 6
/Record/Section/8/Section/5/Information/2/Value/StringWithMarkup/38/String,string,290 ns ± 17
/Record/Section/8/Section/5/Information/2/Value/StringWithMarkup/39/String,string,22 ms ± 2
/Record/Section/8/Section/5/Information/2/Value/StringWithMarkup/40/String,string,12 ms ± 5
/Record/Section/8/Section/5/Information/2/Value/StringWithMarkup/41/String,string,0.60 us ± 0.13
/Record/Section/8/Section/5/Information/2/Value/StringWithMarkup/42/String,string,12 ms >620ns [Estimated]
/Record/Section/8/Section/5/Information/2/Value/StringWithMarkup/43/String,string,10 ms >620ns [Estimated]
/Record/Section/8/Section/5/Information/2/Value/StringWithMarkup/44/String,string,7 ms >620ns [Estimated]
/Record/Section/8/Section/5/Information/2/Value/StringWithMarkup/45/String,string,2 ms >400ns [Estimated]
/Record/Section/8/Section/5/Information/2/Value/StringWithMarkup/46/String,string,1 ms [Estimated]
/Record/Section/8/Section/5/Information/3/ReferenceNumber,number,2
/Record/Section/8/Section/5/Information/3/Name,string,Discovery Year
/Record/Section/8/Section/5/Information/3/Value/StringWithMarkup/0/String,string,
/Record/Section/8/Section/5/Information/3/Value/StringWithMarkup/1/String,string,
/Record/Section/8/Section/5/Information/3/Value/StringWithMarkup/2/String,string,
/Record/Section/8/Section/5/Information/3/Value/StringWithMarkup/3/String,string,
/Record/Section/8/Section/5/Information/3/Value/StringWithMarkup/4/String,string,
/Record/Section/8/Section/5/Information/3/Value/StringWithMarkup/5/String,string,1988
/Record/Section/8/Section/5/Information/3/Value/StringWithMarkup/6/String,string,1955
/Record/Section/8/Section/5/Information/3/Value/StringWithMarkup/7/String,string,1941
/Record/Section/8/Section/5/Information/3/Value/StringWithMarkup/8/String,string,
/Record/Section/8/Section/5/Information/3/Value/StringWithMarkup/9/String,string,1955
/Record/Section/8/Section/5/Information/3/Value/StringWithMarkup/10/String,string,1963
/Record/Section/8/Section/5/Information/3/Value/StringWithMarkup/11/String,string,
/Record/Section/8/Section/5/Information/3/Value/StringWithMarkup/12/String,string,1935
/Record/Section/8/Section/5/Information/3/Value/StringWithMarkup/13/String,string,1964
/Record/Section/8/Section/5/Information/3/Value/StringWithMarkup/14/String,string,1978
/Record/Section/8/Section/5/Information/3/Value/StringWithMarkup/15/String,string,1937
/Record/Section/8/Section/5/Information/3/Value/StringWithMarkup/16/String,string,1967
/Record/Section/8/Section/5/Information/3/Value/StringWithMarkup/17/String,string,1963
/Record/Section/8/Section/5/Information/3/Value/StringWithMarkup/18/String,string,1940
/Record/Section/8/Section/5/Information/3/Value/StringWithMarkup/19/String,string,1923
/Record/Section/8/Section/5/Information/3/Value/StringWithMarkup/20/String,string,1964
/Record/Section/8/Section/5/Information/3/Value/StringWithMarkup/21/String,string,1936
/Record/Section/8/Section/5/Information/3/Value/StringWithMarkup/22/String,string,1966
/Record/Section/8/Section/5/Information/3/Value/StringWithMarkup/23/String,string,1948
/Record/Section/8/Section/5/Information/3/Value/StringWithMarkup/24/String,string,1945
/Record/Section/8/Section/5/Information/3/Value/StringWithMarkup/25/String,string,1968
/Record/Section/8/Section/5/Information/3/Value/StringWithMarkup/26/String,string,1937
/Record/Section/8/Section/5/Information/3/Value/StringWithMarkup/27/String,string,1940
/Record/Section/8/Section/5/Information/3/Value/StringWithMarkup/28/String,string,1959
/Record/Section/8/Section/5/Information/3/Value/StringWithMarkup/29/String,string,1963
/Record/Section/8/Section/5/Information/3/Value/StringWithMarkup/30/String,string,1966
/Record/Section/8/Section/5/Information/3/Value/StringWithMarkup/31/String,string,1980
/Record/Section/8/Section/5/Information/3/Value/StringWithMarkup/32/String,string,1980
/Record/Section/8/Section/5/Information/3/Value/StringWithMarkup/33/String,string,1990
/Record/Section/8/Section/5/Information/3/Value/StringWithMarkup/34/String,string,1998
/Record/Section/8/Section/5/Information/3/Value/StringWithMarkup/35/String,string,1990
/Record/Section/8/Section/5/Information/3/Value/StringWithMarkup/36/String,string,1997
/Record/Section/8/Section/5/Information/3/Value/StringWithMarkup/37/String,string,2004
/Record/Section/8/Section/5/Information/3/Value/StringWithMarkup/38/String,string,2004
/Record/Section/8/Section/5/Information/3/Value/StringWithMarkup/39/String,string,1997
/Record/Section/8/Section/5/Information/3/Value/StringWithMarkup/40/String,string,1997
/Record/Section/8/Section/5/Information/3/Value/StringWithMarkup/41/String,string,2020
/Record/Section/8/Section/5/Information/3/Value/StringWithMarkup/42/String,string,2009
/Record/Section/8/Section/5/Information/3/Value/StringWithMarkup/43/String,string,2009
/Record/Section/8/Section/5/Information/3/Value/StringWithMarkup/44/String,string,2009
/Record/Section/8/Section/5/Information/3/Value/StringWithMarkup/45/String,string,2018
/Record/Section/8/Section/5/Information/3/Value/StringWithMarkup/46/String,string,
/Record/Section/8/Section/5/Information/4/ReferenceNumber,number,2
/Record/Section/8/Section/5/Information/4/Name,string,"Decay Modes, Intensities and Uncertainties [%]"
/Record/Section/8/Section/5/Information/4/Value/StringWithMarkup/0/String,string,p ?
/Record/Section/8/Section/5/Information/4/Value/StringWithMarkup/1/String,string,p ?
/Record/Section/8/Section/5/Information/4/Value/StringWithMarkup/2/String,string,p ?
/Record/Section/8/Section/5/Information/4/Value/StringWithMarkup/3/String,string,p ?
/Record/Section/8/Section/5/Information/4/Value/StringWithMarkup/4/String,string,IT ?; p ?
/Record/Section/8/Section/5/Information/4/Value/StringWithMarkup/5/String,string,p=100%
/Record/Section/8/Section/5/Information/4/Value/StringWithMarkup/6/String,string,β+=100%; β+p=0.44±0.7%; β+α=0.017±0.5%
/Record/Section/8/Section/5/Information/4/Value/StringWithMarkup/6/Markup/0/Start,number,1
/Record/Section/8/Section/5/Information/4/Value/StringWithMarkup/6/Markup/0/Length,number,1
/Record/Section/8/Section/5/Information/4/Value/StringWithMarkup/6/Markup/0/Type,string,Superscript
/Record/Section/8/Section/5/Information/4/Value/StringWithMarkup/6/Markup/1/Start,number,10
/Record/Section/8/Section/5/Information/4/Value/StringWithMarkup/6/Markup/1/Length,number,1
/Record/Section/8/Section/5/Information/4/Value/StringWithMarkup/6/Markup/1/Type,string,Superscript
/Record/Section/8/Section/5/Information/4/Value/StringWithMarkup/6/Markup/2/Start,number,25
/Record/Section/8/Section/5/Information/4/Value/StringWithMarkup/6/Markup/2/Length,number,1
/Record/Section/8/Section/5/Information/4/Value/StringWithMarkup/6/Markup/2/Type,string,Superscript
/Record/Section/8/Section/5/Information/4/Value/StringWithMarkup/7/String,string,β+=100%
/Record/Section/8/Section/5/Information/4/Value/StringWithMarkup/7/Markup/0/Start,number,1
/Record/Section/8/Section/5/Information/4/Value/StringWithMarkup/7/Markup/0/Length,number,1
/Record/Section/8/Section/5/Information/4/Value/StringWithMarkup/7/Markup/0/Type,string,Superscript
/Record/Section/8/Section/5/Information/4/Value/StringWithMarkup/8/String,string,p=59±0.2%; IT=41±0.2%
/Record/Section/8/Section/5/Information/4/Value/StringWithMarkup/9/String,string,β+=100%
/Record/Section/8/Section/5/Information/4/Value/StringWithMarkup/9/Markup/0/Start,number,1
/Record/Section/8/Section/5/Information/4/Value/StringWithMarkup/9/Markup/0/Length,number,1
/Record/Section/8/Section/5/Information/4/Value/StringWithMarkup/9/Markup/0/Type,string,Superscript
/Record/Section/8/Section/5/Information/4/Value/StringWithMarkup/10/String,string,β+=100%
/Record/Section/8/Section/5/Information/4/Value/StringWithMarkup/10/Markup/0/Start,number,1
/Record/Section/8/Section/5/Information/4/Value/StringWithMarkup/10/Markup/0/Length,number,1
/Record/Section/8/Section/5/Information/4/Value/StringWithMarkup/10/Markup/0/Type,string,Superscript
/Record/Section/8/Section/5/Information/4/Value/StringWithMarkup/11/String,string,IT=100%
/Record/Section/8/Section/5/Information/4/Value/StringWithMarkup/12/String,string,β+=100%
/Record/Section/8/Section/5/Information/4/Value/StringWithMarkup/12/Markup/0/Start,number,1
/Record/Section/8/Section/5/Information/4/Value/StringWithMarkup/12/Markup/0/Length,number,1
/Record/Section/8/Section/5/Information/4/Value/StringWithMarkup/12/Markup/0/Type,string,Superscript
/Record/Section/8/Section/5/Information/4/Value/StringWithMarkup/13/String,string,IT=100%
/Record/Section/8/Section/5/Information/4/Value/StringWithMarkup/14/String,string,IT=100%
/Record/Section/8/Section/5/Information/4/Value/StringWithMarkup/15/String,string,β+=100%
/Record/Section/8/Section/5/Information/4/Value/StringWithMarkup/15/Markup/0/Start,number,1
/Record/Section/8/Section/5/Information/4/Value/StringWithMarkup/15/Markup/0/Length,number,1
/Record/Section/8/Section/5/Information/4/Value/StringWithMarkup/15/Markup/0/Type,string,Superscript
/Record/Section/8/Section/5/Information/4/Value/StringWithMarkup/16/String,string,IT=100%
/Record/Section/8/Section/5/Information/4/Value/StringWithMarkup/17/String,string,IT=100%
/Record/Section/8/Section/5/Information/4/Value/StringWithMarkup/18/String,string,IT=98.80±0.7%; β+=1.20±0.7%
/Record/Section/8/Section/5/Information/4/Value/StringWithMarkup/18/Markup/0/Start,number,16
/Record/Section/8/Section/5/Information/4/Value/StringWithMarkup/18/Markup/0/Length,number,1
/Record/Section/8/Section/5/Information/4/Value/StringWithMarkup/18/Markup/0/Type,string,Superscript
/Record/Section/8/Section/5/Information/4/Value/StringWithMarkup/19/String,string,IS=100%
/Record/Section/8/Section/5/Information/4/Value/StringWithMarkup/20/String,string,IT=100%
/Record/Section/8/Section/5/Information/4/Value/StringWithMarkup/21/String,string,β-=100%
/Record/Section/8/Section/5/Information/4/Value/StringWithMarkup/21/Markup/0/Start,number,1
/Record/Section/8/Section/5/Information/4/Value/StringWithMarkup/21/Markup/0/Length,number,1
/Record/Section/8/Section/5/Information/4/Value/StringWithMarkup/21/Markup/0/Type,string,Superscript
/Record/Section/8/Section/5/Information/4/Value/StringWithMarkup/22/String,string,IT=100%
/Record/Section/8/Section/5/Information/4/Value/StringWithMarkup/23/String,string,IT=100%
/Record/Section/8/Section/5/Information/4/Value/StringWithMarkup/24/String,string,β-=100%
/Record/Section/8/Section/5/Information/4/Value/StringWithMarkup/24/Markup/0/Start,number,1
/Record/Section/8/Section/5/Information/4/Value/StringWithMarkup/24/Markup/0/Length,number,1
/Record/Section/8/Section/5/Information/4/Value/StringWithMarkup/24/Markup/0/Type,string,Superscript
/Record/Section/8/Section/5/Information/4/Value/StringWithMarkup/25/String,string,IT=100%
/Record/Section/8/Section/5/Information/4/Value/StringWithMarkup/26/String,string,β-=100%
/Record/Section/8/Section/5/Information/4/Value/StringWithMarkup/26/Markup/0/Start,number,1
/Record/Section/8/Section/5/Information/4/Value/StringWithMarkup/26/Markup/0/Length,number,1
/Record/Section/8/Section/5/Information/4/Value/StringWithMarkup/26/Markup/0/Type,string,Superscript
/Record/Section/8/Section/5/Information/4/Value/StringWithMarkup/27/String,string,β-=100%
/Record/Section/8/Section/5/Information/4/Value/StringWithMarkup/27/Markup/0/Start,number,1
/Record/Section/8/Section/5/Information/4/Value/StringWithMarkup/27/Markup/0/Length,number,1
/Record/Section/8/Section/5/Information/4/Value/StringWithMarkup/27/Markup/0/Type,string,Superscript
/Record/Section/8/Section/5/Information/4/Value/StringWithMarkup/28/String,string,β-=100%
/Record/Section/8/Section/5/Information/4/Value/StringWithMarkup/28/Markup/0/Start,number,1
/Record/Section/8/Section/5/Information/4/Value/StringWithMarkup/28/Markup/0/Length,number,1
/Record/Section/8/Section/5/Information/4/Value/StringWithMarkup/28/Markup/0/Type,string,Superscript
/Record/Section/8/Section/5/Information/4/Value/StringWithMarkup/29/String,string,IT>99%; β-<1%
/Record/Section/8/Section/5/Information/4/Value/StringWithMarkup/29/Markup/0/Start,number,9
/Record/Section/8/Section/5/Information/4/Value/StringWithMarkup/29/Markup/0/Length,number,1
/Record/Section/8/Section/5/Information/4/Value/StringWithMarkup/29/Markup/0/Type,string,Superscript
/Record/Section/8/Section/5/Information/4/Value/StringWithMarkup/30/String,string,β-=100%; β-n ?
/Record/Section/8/Section/5/Information/4/Value/StringWithMarkup/30/Markup/0/Start,number,1
/Record/Section/8/Section/5/Information/4/Value/StringWithMarkup/30/Markup/0/Length,number,1
/Record/Section/8/Section/5/Information/4/Value/StringWithMarkup/30/Markup/0/Type,string,Superscript
/Record/Section/8/Section/5/Information/4/Value/StringWithMarkup/30/Markup/1/Start,number,10
/Record/Section/8/Section/5/Information/4/Value/StringWithMarkup/30/Markup/1/Length,number,1
/Record/Section/8/Section/5/Information/4/Value/StringWithMarkup/30/Markup/1/Type,string,Superscript
/Record/Section/8/Section/5/Information/4/Value/StringWithMarkup/31/String,string,β-=100%; β-n ?
/Record/Section/8/Section/5/Information/4/Value/StringWithMarkup/31/Markup/0/Start,number,1
/Record/Section/8/Section/5/Information/4/Value/StringWithMarkup/31/Markup/0/Length,number,1
/Record/Section/8/Section/5/Information/4/Value/StringWithMarkup/31/Markup/0/Type,string,Superscript
/Record/Section/8/Section/5/Information/4/Value/StringWithMarkup/31/Markup/1/Start,number,10
/Record/Section/8/Section/5/Information/4/Value/StringWithMarkup/31/Markup/1/Length,number,1
/Record/Section/8/Section/5/Information/4/Value/StringWithMarkup/31/Markup/1/Type,string,Superscript
/Record/Section/8/Section/5/Information/4/Value/StringWithMarkup/32/String,string,β-=100%; β-n ?
/Record/Section/8/Section/5/Information/4/Value/StringWithMarkup/32/Markup/0/Start,number,1
/Record/Section/8/Section/5/Information/4/Value/StringWithMarkup/32/Markup/0/Length,number,1
/Record/Section/8/Section/5/Information/4/Value/StringWithMarkup/32/Markup/0/Type,string,Superscript
/Record/Section/8/Section/5/Information/4/Value/StringWithMarkup/32/Markup/1/Start,number,10
/Record/Section/8/Section/5/Information/4/Value/StringWithMarkup/32/Markup/1/Length,number,1
/Record/Section/8/Section/5/Information/4/Value/StringWithMarkup/32/Markup/1/Type,string,Superscript
/Record/Section/8/Section/5/Information/4/Value/StringWithMarkup/33/String,string,β-=100%; β-n=16±0.9%
/Record/Section/8/Section/5/Information/4/Value/StringWithMarkup/33/Markup/0/Start,number,1
/Record/Section/8/Section/5/Information/4/Value/StringWithMarkup/33/Markup/0/Length,number,1
/Record/Section/8/Section/5/Information/4/Value/StringWithMarkup/33/Markup/0/Type,string,Superscript
/Record/Section/8/Section/5/Information/4/Value/StringWithMarkup/33/Markup/1/Start,number,10
/Record/Section/8/Section/5/Information/4/Value/StringWithMarkup/33/Markup/1/Length,number,1
/Record/Section/8/Section/5/Information/4/Value/StringWithMarkup/33/Markup/1/Type,string,Superscript
/Record/Section/8/Section/5/Information/4/Value/StringWithMarkup/34/String,string,IT=100%
/Record/Section/8/Section/5/Information/4/Value/StringWithMarkup/35/String,string,β-=100%; β-n=17±0.7%; β-2n ?
/Record/Section/8/Section/5/Information/4/Value/StringWithMarkup/35/Markup/0/Start,number,1
/Record/Section/8/Section/5/Information/4/Value/StringWithMarkup/35/Markup/0/Length,number,1
/Record/Section/8/Section/5/Information/4/Value/StringWithMarkup/35/Markup/0/Type,string,Superscript
/Record/Section/8/Section/5/Information/4/Value/StringWithMarkup/35/Markup/1/Start,number,10
/Record/Section/8/Section/5/Information/4/Value/StringWithMarkup/35/Markup/1/Length,number,1
/Record/Section/8/Section/5/Information/4/Value/StringWithMarkup/35/Markup/1/Type,string,Superscript
/Record/Section/8/Section/5/Information/4/Value/StringWithMarkup/35/Markup/2/Start,number,23
/Record/Section/8/Section/5/Information/4/Value/StringWithMarkup/35/Markup/2/Length,number,1
/Record/Section/8/Section/5/Information/4/Value/StringWithMarkup/35/Markup/2/Type,string,Superscript
/Record/Section/8/Section/5/Information/4/Value/StringWithMarkup/36/String,string,β-=100%; β-n ?; β-2n ?
/Record/Section/8/Section/5/Information/4/Value/StringWithMarkup/36/Markup/0/Start,number,1
/Record/Section/8/Section/5/Information/4/Value/StringWithMarkup/36/Markup/0/Length,number,1
/Record/Section/8/Section/5/Information/4/Value/StringWithMarkup/36/Markup/0/Type,string,Superscript
/Record/Section/8/Section/5/Information/4/Value/StringWithMarkup/36/Markup/1/Start,number,10
/Record/Section/8/Section/5/Information/4/Value/StringWithMarkup/36/Markup/1/Length,number,1
/Record/Section/8/Section/5/Information/4/Value/StringWithMarkup/36/Markup/1/Type,string,Superscript
/Record/Section/8/Section/5/Information/4/Value/StringWithMarkup/36/Markup/2/Start,number,17
/Record/Section/8/Section/5/Information/4/Value/StringWithMarkup/36/Markup/2/Length,number,1
/Record/Section/8/Section/5/Information/4/Value/StringWithMarkup/36/Markup/2/Type,string,Superscript
/Record/Section/8/Section/5/Information/4/Value/StringWithMarkup/37/String,string,β-=100%; β-n>12%; β-2n ?
/Record/Section/8/Section/5/Information/4/Value/StringWithMarkup/37/Markup/0/Start,number,1
/Record/Section/8/Section/5/Information/4/Value/StringWithMarkup/37/Markup/0/Length,number,1
/Record/Section/8/Section/5/Information/4/Value/StringWithMarkup/37/Markup/0/Type,string,Superscript
/Record/Section/8/Section/5/Information/4/Value/StringWithMarkup/37/Markup/1/Start,number,10
/Record/Section/8/Section/5/Information/4/Value/StringWithMarkup/37/Markup/1/Length,number,1
/Record/Section/8/Section/5/Information/4/Value/StringWithMarkup/37/Markup/1/Type,string,Superscript
/Record/Section/8/Section/5/Information/4/Value/StringWithMarkup/37/Markup/2/Start,number,19
/Record/Section/8/Section/5/Information/4/Value/StringWithMarkup/37/Markup/2/Length,number,1
/Record/Section/8/Section/5/Information/4/Value/StringWithMarkup/37/Markup/2/Type,string,Superscript
/Record/Section/8/Section/5/Information/4/Value/StringWithMarkup/38/String,string,IT=100%
/Record/Section/8/Section/5/Information/4/Value/StringWithMarkup/39/String,string,β-=100%; β-n ?; β-2n ?
/Record/Section/8/Section/5/Information/4/Value/StringWithMarkup/39/Markup/0/Start,number,1
/Record/Section/8/Section/5/Information/4/Value/StringWithMarkup/39/Markup/0/Length,number,1
/Record/Section/8/Section/5/Information/4/Value/StringWithMarkup/39/Markup/0/Type,string,Superscript
/Record/Section/8/Section/5/Information/4/Value/StringWithMarkup/39/Markup/1/Start,number,10
/Record/Section/8/Section/5/Information/4/Value/StringWithMarkup/39/Markup/1/Length,number,1
/Record/Section/8/Section/5/Information/4/Value/StringWithMarkup/39/Markup/1/Type,string,Superscript
/Record/Section/8/Section/5/Information/4/Value/StringWithMarkup/39/Markup/2/Start,number,17
/Record/Section/8/Section/5/Information/4/Value/StringWithMarkup/39/Markup/2/Length,number,1
/Record/Section/8/Section/5/Information/4/Value/StringWithMarkup/39/Markup/2/Type,string,Superscript
/Record/Section/8/Section/5/Information/4/Value/StringWithMarkup/40/String,string,β-=100%; β-n ?; β-2n ?
/Record/Section/8/Section/5/Information/4/Value/StringWithMarkup/40/Markup/0/Start,number,1
/Record/Section/8/Section/5/Information/4/Value/StringWithMarkup/40/Markup/0/Length,number,1
/Record/Section/8/Section/5/Information/4/Value/StringWithMarkup/40/Markup/0/Type,string,Superscript
/Record/Section/8/Section/5/Information/4/Value/StringWithMarkup/40/Markup/1/Start,number,10
/Record/Section/8/Section/5/Information/4/Value/StringWithMarkup/40/Markup/1/Length,number,1
/Record/Section/8/Section/5/Information/4/Value/StringWithMarkup/40/Markup/1/Type,string,Superscript
/Record/Section/8/Section/5/Information/4/Value/StringWithMarkup/40/Markup/2/Start,number,17
/Record/Section/8/Section/5/Information/4/Value/StringWithMarkup/40/Markup/2/Length,number,1
/Record/Section/8/Section/5/Information/4/Value/StringWithMarkup/40/Markup/2/Type,string,Superscript
/Record/Section/8/Section/5/Information/4/Value/StringWithMarkup/41/String,string,IT=100%
/Record/Section/8/Section/5/Information/4/Value/StringWithMarkup/42/String,string,β- ?; β-n ?; β-2n ?
/Record/Section/8/Section/5/Information/4/Value/StringWithMarkup/42/Markup/0/Start,number,1
/Record/Section/8/Section/5/Information/4/Value/StringWithMarkup/42/Markup/0/Length,number,1
/Record/Section/8/Section/5/Information/4/Value/StringWithMarkup/42/Markup/0/Type,string,Superscript
/Record/Section/8/Section/5/Information/4/Value/StringWithMarkup/42/Markup/1/Start,number,7
/Record/Section/8/Section/5/Information/4/Value/StringWithMarkup/42/Markup/1/Length,number,1
/Record/Section/8/Section/5/Information/4/Value/StringWithMarkup/42/Markup/1/Type,string,Superscript
/Record/Section/8/Section/5/Information/4/Value/StringWithMarkup/42/Markup/2/Start,number,14
/Record/Section/8/Section/5/Information/4/Value/StringWithMarkup/42/Markup/2/Length,number,1
/Record/Section/8/Section/5/Information/4/Value/StringWithMarkup/42/Markup/2/Type,string,Superscript
/Record/Section/8/Section/5/Information/4/Value/StringWithMarkup/43/String,string,β- ?; β-n ?; β-2n ?
/Record/Section/8/Section/5/Information/4/Value/StringWithMarkup/43/Markup/0/Start,number,1
/Record/Section/8/Section/5/Information/4/Value/StringWithMarkup/43/Markup/0/Length,number,1
/Record/Section/8/Section/5/Information/4/Value/StringWithMarkup/43/Markup/0/Type,string,Superscript
/Record/Section/8/Section/5/Information/4/Value/StringWithMarkup/43/Markup/1/Start,number,7
/Record/Section/8/Section/5/Information/4/Value/StringWithMarkup/43/Markup/1/Length,number,1
/Record/Section/8/Section/5/Information/4/Value/StringWithMarkup/43/Markup/1/Type,string,Superscript
/Record/Section/8/Section/5/Information/4/Value/StringWithMarkup/43/Markup/2/Start,number,14
/Record/Section/8/Section/5/Information/4/Value/StringWithMarkup/43/Markup/2/Length,number,1
/Record/Section/8/Section/5/Information/4/Value/StringWithMarkup/43/Markup/2/Type,string,Superscript
/Record/Section/8/Section/5/Information/4/Value/StringWithMarkup/44/String,string,β- ?; β-n ?; β-2n ?
/Record/Section/8/Section/5/Information/4/Value/StringWithMarkup/44/Markup/0/Start,number,1
/Record/Section/8/Section/5/Information/4/Value/StringWithMarkup/44/Markup/0/Length,number,1
/Record/Section/8/Section/5/Information/4/Value/StringWithMarkup/44/Markup/0/Type,string,Superscript
/Record/Section/8/Section/5/Information/4/Value/StringWithMarkup/44/Markup/1/Start,number,7
/Record/Section/8/Section/5/Information/4/Value/StringWithMarkup/44/Markup/1/Length,number,1
/Record/Section/8/Section/5/Information/4/Value/StringWithMarkup/44/Markup/1/Type,string,Superscript
/Record/Section/8/Section/5/Information/4/Value/StringWithMarkup/44/Markup/2/Start,number,14
/Record/Section/8/Section/5/Information/4/Value/StringWithMarkup/44/Markup/2/Length,number,1
/Record/Section/8/Section/5/Information/4/Value/StringWithMarkup/44/Markup/2/Type,string,Superscript
/Record/Section/8/Section/5/Information/4/Value/StringWithMarkup/45/String,string,β- ?; β-n ?; β-2n ?
/Record/Section/8/Section/5/Information/4/Value/StringWithMarkup/45/Markup/0/Start,number,1
/Record/Section/8/Section/5/Information/4/Value/StringWithMarkup/45/Markup/0/Length,number,1
/Record/Section/8/Section/5/Information/4/Value/StringWithMarkup/45/Markup/0/Type,string,Superscript
/Record/Section/8/Section/5/Information/4/Value/StringWithMarkup/45/Markup/1/Start,number,7
/Record/Section/8/Section/5/Information/4/Value/StringWithMarkup/45/Markup/1/Length,number,1
/Record/Section/8/Section/5/Information/4/Value/StringWithMarkup/45/Markup/1/Type,string,Superscript
/Record/Section/8/Section/5/Information/4/Value/StringWithMarkup/45/Markup/2/Start,number,14
/Record/Section/8/Section/5/Information/4/Value/StringWithMarkup/45/Markup/2/Length,number,1
/Record/Section/8/Section/5/Information/4/Value/StringWithMarkup/45/Markup/2/Type,string,Superscript
/Record/Section/8/Section/5/Information/4/Value/StringWithMarkup/46/String,string,β- ?; β-n ?; β-2n ?
/Record/Section/8/Section/5/Information/4/Value/StringWithMarkup/46/Markup/0/Start,number,1
/Record/Section/8/Section/5/Information/4/Value/StringWithMarkup/46/Markup/0/Length,number,1
/Record/Section/8/Section/5/Information/4/Value/StringWithMarkup/46/Markup/0/Type,string,Superscript
/Record/Section/8/Section/5/Information/4/Value/StringWithMarkup/46/Markup/1/Start,number,7
/Record/Section/8/Section/5/Information/4/Value/StringWithMarkup/46/Markup/1/Length,number,1
/Record/Section/8/Section/5/Information/4/Value/StringWithMarkup/46/Markup/1/Type,string,Superscript
/Record/Section/8/Section/5/Information/4/Value/StringWithMarkup/46/Markup/2/Start,number,14
/Record/Section/8/Section/5/Information/4/Value/StringWithMarkup/46/Markup/2/Length,number,1
/Record/Section/8/Section/5/Information/4/Value/StringWithMarkup/46/Markup/2/Type,string,Superscript
/Record/Reference/0/ReferenceNumber,number,1
/Record/Reference/0/SourceName,string,PubChem
/Record/Reference/0/SourceID,string,PubChem
/Record/Reference/0/Description,string,Data deposited in or computed by PubChem
/Record/Reference/0/URL,string,https://pubchem.ncbi.nlm.nih.gov
/Record/Reference/1/ReferenceNumber,number,2
/Record/Reference/1/SourceName,string,"Atomic Mass Data Center (AMDC), International Atomic Energy Agency (IAEA)"
/Record/Reference/1/SourceID,string,e21
/Record/Reference/1/Name,string,Sc
/Record/Reference/1/Description,string,The half-life and atomic mass data was provided by the Atomic Mass Data Center at the International Atomic Energy Agency.
/Record/Reference/1/URL,string,https://www-nds.iaea.org/amdc/
/Record/Reference/1/LicenseURL,string,https://www-nds.iaea.org/disclaimer.html
/Record/Reference/1/ANID,number,6590248
/Record/Reference/2/ReferenceNumber,number,3
/Record/Reference/2/SourceName,string,IUPAC Commission on Isotopic Abundances and Atomic Weights (CIAAW)
/Record/Reference/2/SourceID,string,a21
/Record/Reference/2/Name,string,Scandium
/Record/Reference/2/Description,string,Element data are cited from the Atomic weights of the elements (an IUPAC Technical Report). The IUPAC periodic table of elements can be found at https://iupac.org/what-we-do/periodic-table-of-elements/. Additional information can be found within IUPAC publication doi:10.1515/pac-2015-0703 Copyright © 2020 International Union of Pure and Applied Chemistry.
/Record/Reference/2/URL,string,https://www.ciaaw.org/scandium.htm
/Record/Reference/2/LicenseURL,string,http://www.ciaaw.org/bylaws.htm
/Record/Reference/2/ANID,number,2292402
/Record/Reference/3/ReferenceNumber,number,5
/Record/Reference/3/SourceName,string,"Jefferson Lab, U.S. Department of Energy"
/Record/Reference/3/SourceID,string,jlab21
/Record/Reference/3/Name,string,Scandium
/Record/Reference/3/Description,string,"Thomas Jefferson National Accelerator Facility (Jefferson Lab) is one of 17 national laboratories funded by the U.S. Department of Energy. The lab's primary mission is to conduct basic research of the atom's nucleus using the lab's unique particle accelerator, known as the Continuous Electron Beam Accelerator Facility (CEBAF). For more information visit https://www.jlab.org/"
/Record/Reference/3/URL,string,https://education.jlab.org/itselemental/ele021.html
/Record/Reference/3/LicenseNote,string,Please see citation and linking information: https://education.jlab.org/faq/index.html
/Record/Reference/3/LicenseURL,string,https://www.jlab.org/privacy-and-security-notice
/Record/Reference/3/ANID,number,507083
/Record/Reference/4/ReferenceNumber,number,6
/Record/Reference/4/SourceName,string,"Los Alamos National Laboratory, U.S. Department of Energy"
/Record/Reference/4/SourceID,string,lanl21
/Record/Reference/4/Name,string,Scandium
/Record/Reference/4/Description,string,"The periodic table at the LANL (Los Alamos National Laboratory) contains basic element information together with the history, source, properties, use, handling and more. The provenance data may be found from the link under the source name."
/Record/Reference/4/URL,string,https://periodic.lanl.gov/21.shtml
/Record/Reference/4/ANID,number,507201
/Record/Reference/5/ReferenceNumber,number,7
/Record/Reference/5/SourceName,string,NIST Physical Measurement Laboratory
/Record/Reference/5/SourceID,string,e21
/Record/Reference/5/Name,string,Scandium
/Record/Reference/5/Description,string,"The periodic table contains NIST's critically-evaluated data on atomic properties of the elements. The provenance data that include data for atomic spectroscopy, X-ray and gamma ray, radiation dosimetry, nuclear physics, and condensed matter physics may be found from the link under the source name. Ref: https://www.nist.gov/pml/atomic-spectra-database"
/Record/Reference/5/URL,string,https://physics.nist.gov/cgi-bin/Elements/elInfo.pl?element=21
/Record/Reference/5/LicenseURL,string,https://www.nist.gov/pml/database-disclaimer
/Record/Reference/5/ANID,number,2292638
/Record/Reference/6/ReferenceNumber,number,4
/Record/Reference/6/SourceName,string,IUPAC Periodic Table of the Elements and Isotopes (IPTEI)
/Record/Reference/6/SourceID,string,p21
/Record/Reference/6/Description,string,"The information are cited from Pure Appl. Chem. 2018; 90(12): 1833-2092, https://doi.org/10.1515/pac-2015-0703."
/Record/Reference/6/URL,string,https://doi.org/10.1515/pac-2015-0703
/Record/Reference/6/LicenseNote,string,"Copyright (c) 2020 International Union of Pure and Applied Chemistry.

The International Union of Pure and Applied Chemistry (IUPAC) contribution within Pubchem is provided under a CC-BY-NC-ND 4.0 license, unless otherwise stated."
/Record/Reference/6/LicenseURL,string,https://creativecommons.org/licenses/by-nc-nd/4.0/
/Record/Reference/6/ANID,number,13296426
/Record/Reference/7/ReferenceNumber,number,9
/Record/Reference/7/SourceName,string,PubChem Elements
/Record/Reference/7/SourceID,string,ep_21
/Record/Reference/7/Name,string,Scandium
/Record/Reference/7/Description,string,The element property data was retrieved from publications.
/Record/Reference/7/LicenseURL,string,https://www.nlm.nih.gov/copyright.html
/Record/Reference/7/ANID,number,24834078
/Record/Reference/8/ReferenceNumber,number,8
/Record/Reference/8/SourceName,string,PubChem Elements
/Record/Reference/8/SourceID,string,ef_21
/Record/Reference/8/Name,string,Scandium
/Record/Reference/8/Description,string,This section provides all form of data related to element Scandium.
/Record/Reference/8/LicenseURL,string,https://www.nlm.nih.gov/copyright.html
/Record/Reference/8/ANID,number,24833949
