path,type,value
/Record/RecordType,string,AtomicNumber
/Record/RecordNumber,number,67
/Record/RecordTitle,string,Holmium
/Record/Section/0/TOCHeading,string,Identifiers
/Record/Section/0/Description,string,"Identifiers for this element, including element name, element symbol, InChI string, and InChIKey."
/Record/Section/0/Section/0/TOCHeading,string,Element Name
/Record/Section/0/Section/0/Description,string,"The formal, standard name for a given element, originating from factors such as common usage and the person or place involved in its discovery. Element, also called chemical element, refers to a species of atom; all varieties of atoms with the same number of protons in the nucleus (but possibly a different number of neutrons) are considered to be the same element."
/Record/Section/0/Section/0/Information/0/ReferenceNumber,number,1
/Record/Section/0/Section/0/Information/0/Name,string,Element Name
/Record/Section/0/Section/0/Information/0/Value/StringWithMarkup/0/String,string,Holmium
/Record/Section/0/Section/0/Information/1/ReferenceNumber,number,3
/Record/Section/0/Section/0/Information/1/Name,string,Element Name
/Record/Section/0/Section/0/Information/1/Value/StringWithMarkup/0/String,string,Holmium
/Record/Section/0/Section/1/TOCHeading,string,Element Symbol
/Record/Section/0/Section/1/Description,string,"Element symbol, also called atomic symbol, typically consists of one or two letters from the Latin alphabet derived from the element name in one of several languages."
/Record/Section/0/Section/1/Information/0/ReferenceNumber,number,1
/Record/Section/0/Section/1/Information/0/Name,string,Element Symbol
/Record/Section/0/Section/1/Information/0/Value/StringWithMarkup/0/String,string,Ho
/Record/Section/0/Section/1/Information/1/ReferenceNumber,number,3
/Record/Section/0/Section/1/Information/1/Name,string,Element Symbol
/Record/Section/0/Section/1/Information/1/Value/StringWithMarkup/0/String,string,Ho
/Record/Section/0/Section/2/TOCHeading,string,InChI
/Record/Section/0/Section/2/Description,string,"The International Chemical Identifier (InChI) is a computed, non-proprietary identifier for a chemical structure.  The InChI is an International Union of Pure and Applied Chemistry (IUPAC) standard."
/Record/Section/0/Section/2/URL,string,https://iupac.org/who-we-are/divisions/division-details/inchi/
/Record/Section/0/Section/2/Information/0/ReferenceNumber,number,1
/Record/Section/0/Section/2/Information/0/Name,string,InChI
/Record/Section/0/Section/2/Information/0/Value/StringWithMarkup/0/String,string,InChI=1S/Ho
/Record/Section/0/Section/3/TOCHeading,string,InChIKey
/Record/Section/0/Section/3/Description,string,"An InChIKey is a 27-character hashed code derived from an InChI.  The International Chemical Identifier (InChI) is a computed, non-proprietary identifier for a chemical structure.  The InChI is an International Union of Pure and Applied Chemistry (IUPAC) standard."
/Record/Section/0/Section/3/URL,string,https://iupac.org/who-we-are/divisions/division-details/inchi/
/Record/Section/0/Section/3/Information/0/ReferenceNumber,number,1
/Record/Section/0/Section/3/Information/0/Name,string,InChIKey
/Record/Section/0/Section/3/Information/0/Value/StringWithMarkup/0/String,string,KJZYNXUDTRRSPN-UHFFFAOYSA-N
/Record/Section/1/TOCHeading,string,Properties
/Record/Section/1/Description,string,"Characteristics of this element, such as atomic number, atomic mass, density, melting point, boiling point and so on."
/Record/Section/1/Section/0/TOCHeading,string,Atomic Weight
/Record/Section/1/Section/0/Description,string,"Also called relative atomic mass, is the ratio of the average mass of the atom to the unified atomic mass unit, defined as one twelfth of the mass of a carbon-12 atom in its ground state and used to express masses of atomic particles, u=1.660 5402(10) * 10**(-27) kg. The Standard atomic weights refer to recommended values of relative atomic masses of the elements revised biennially by the IUPAC Commission on Atomic Weights and Isotopic Abundances and applicable to elements in any normal sample with a high level of confidence. The number in the parenthesis refers to an uncertainty when exists. The unit of atomic weight is the dalton or unified atomic mass unit (symbol: Da or u)."
/Record/Section/1/Section/0/Information/0/ReferenceNumber,number,3
/Record/Section/1/Section/0/Information/0/Name,string,Atomic Weight
/Record/Section/1/Section/0/Information/0/Value/StringWithMarkup/0/String,string,164.930 329(5)
/Record/Section/1/Section/0/Information/1/ReferenceNumber,number,5
/Record/Section/1/Section/0/Information/1/Value/StringWithMarkup/0/String,string,164.93033
/Record/Section/1/Section/0/Information/2/ReferenceNumber,number,6
/Record/Section/1/Section/0/Information/2/Value/StringWithMarkup/0/String,string,164.9
/Record/Section/1/Section/0/Information/3/ReferenceNumber,number,7
/Record/Section/1/Section/0/Information/3/Value/StringWithMarkup/0/String,string,164.93033(2)
/Record/Section/1/Section/1/TOCHeading,string,Electron Configuration
/Record/Section/1/Section/1/Description,string,"The electron configuration refers a distribution of the electrons of an atom or a molecular entity over a set of one-electron wavefunctions (called orbitals), according to the Pauli principle. From one configuration several states with different multiplicities may result."
/Record/Section/1/Section/1/URL,string,https://chem.libretexts.org/Courses/Sacramento_City_College/SCC%3A_Chem_420_-_Organic_Chemistry_I/Text/01%3A_Introduction_and_Review/1.04%3A_Electron_Configurations
/Record/Section/1/Section/1/Information/0/ReferenceNumber,number,6
/Record/Section/1/Section/1/Information/0/Value/StringWithMarkup/0/String,string,[Xe]6s24f11
/Record/Section/1/Section/1/Information/0/Value/StringWithMarkup/0/Markup/0/Start,number,6
/Record/Section/1/Section/1/Information/0/Value/StringWithMarkup/0/Markup/0/Length,number,1
/Record/Section/1/Section/1/Information/0/Value/StringWithMarkup/0/Markup/0/Type,string,Superscript
/Record/Section/1/Section/1/Information/0/Value/StringWithMarkup/0/Markup/1/Start,number,9
/Record/Section/1/Section/1/Information/0/Value/StringWithMarkup/0/Markup/1/Length,number,2
/Record/Section/1/Section/1/Information/0/Value/StringWithMarkup/0/Markup/1/Type,string,Superscript
/Record/Section/1/Section/2/TOCHeading,string,Atomic Radius
/Record/Section/1/Section/2/Description,string,"The atomic radius of a chemical element is a measure of the size of its atom, usually, the distance from the center of the nucleus to the outermost isolated electron.  Because an atom does not have a discrete boundary, there are various non-equivalent definitions of atomic radius, such as Van der Waals radius and covalent radius."
/Record/Section/1/Section/2/Information/0/ReferenceNumber,number,6
/Record/Section/1/Section/2/Information/0/Name,string,Van der Waals Atomic Radius
/Record/Section/1/Section/2/Information/0/Value/StringWithMarkup/0/String,string,216 pm (Van der Waals)
/Record/Section/1/Section/2/Information/1/ReferenceNumber,number,9
/Record/Section/1/Section/2/Information/1/Name,string,Empirical Atomic Radius
/Record/Section/1/Section/2/Information/1/Reference/0,string,"J.C. Slater, J Chem Phys, 1964, 41(10), 3199-3205. DOI:10.1063/1.1725697"
/Record/Section/1/Section/2/Information/1/ExtendedReference/0/Citation,string,"J.C. Slater, J Chem Phys, 1964, 41(10), 3199-3205. DOI:10.1063/1.1725697"
/Record/Section/1/Section/2/Information/1/Value/Number/0,number,175
/Record/Section/1/Section/2/Information/1/Value/Unit,string,pm (Empirical)
/Record/Section/1/Section/2/Information/2/ReferenceNumber,number,9
/Record/Section/1/Section/2/Information/2/Name,string,Covalent Atomic Radius
/Record/Section/1/Section/2/Information/2/Reference/0,string,"B. Cordero, V. Gómez, A.E. Platero-Prats, M. Revés, J. Echeverría, E. Cremades, F. Barragán, S. Alvarez, Dalton Trans. 2008, 21, 2832-2838. DOI:10.1039/b801115j PMID:18478144."
/Record/Section/1/Section/2/Information/2/ExtendedReference/0/Citation,string,"B. Cordero, V. Gómez, A.E. Platero-Prats, M. Revés, J. Echeverría, E. Cremades, F. Barragán, S. Alvarez, Dalton Trans. 2008, 21, 2832-2838. DOI:10.1039/b801115j PMID:18478144."
/Record/Section/1/Section/2/Information/2/Value/StringWithMarkup/0/String,string,192(7) pm (Covalent)
/Record/Section/1/Section/3/TOCHeading,string,Oxidation States
/Record/Section/1/Section/3/Description,string,"The oxidation state(s) that this element commonly has in a compound.  The oxidation state of an atom is defined as the hypothetical charge that would be held by that atom if all of its bonds to other atoms were completely ionic in nature. For example, the oxidation state of carbon in CO2 would be +4 since the hypothetical charge held by the carbon atom if both of the carbon-oxygen double bonds were completely ionic would be equal to +4 (each oxygen atom would hold a charge of -2 since oxygen is more electronegative than carbon)."
/Record/Section/1/Section/3/URL,string,https://chem.libretexts.org/Bookshelves/General_Chemistry/Map%3A_Chemistry_-_The_Central_Science_(Brown_et_al.)/20%3A_Electrochemistry/20.01%3A_Oxidation_States_and_Redox_Reactions
/Record/Section/1/Section/3/Information/0/ReferenceNumber,number,5
/Record/Section/1/Section/3/Information/0/Value/StringWithMarkup/0/String,string,+3
/Record/Section/1/Section/3/Information/1/ReferenceNumber,number,6
/Record/Section/1/Section/3/Information/1/Value/StringWithMarkup/0/String,string,"3, 2, 1 ​(a basic oxide)"
/Record/Section/1/Section/4/TOCHeading,string,Ground Level
/Record/Section/1/Section/4/Description,string,Also called ground-state level. The ground state electron configuration is the arrangement of electrons around the nucleus of an atom with lower energy levels.
/Record/Section/1/Section/4/Information/0/ReferenceNumber,number,7
/Record/Section/1/Section/4/Information/0/Value/StringWithMarkup/0/String,string,4I°15/2
/Record/Section/1/Section/4/Information/0/Value/StringWithMarkup/0/Markup/0/Start,number,0
/Record/Section/1/Section/4/Information/0/Value/StringWithMarkup/0/Markup/0/Length,number,1
/Record/Section/1/Section/4/Information/0/Value/StringWithMarkup/0/Markup/0/Type,string,Superscript
/Record/Section/1/Section/4/Information/0/Value/StringWithMarkup/0/Markup/1/Start,number,3
/Record/Section/1/Section/4/Information/0/Value/StringWithMarkup/0/Markup/1/Length,number,4
/Record/Section/1/Section/4/Information/0/Value/StringWithMarkup/0/Markup/1/Type,string,Subscript
/Record/Section/1/Section/5/TOCHeading,string,Ionization Energy
/Record/Section/1/Section/5/Description,string,"Ionization energy, also called ionization potential, is the amount of energy required to remove an electron from an isolated atom or molecule."
/Record/Section/1/Section/5/URL,string,https://www.britannica.com/science/ionization-energy
/Record/Section/1/Section/5/Information/0/ReferenceNumber,number,5
/Record/Section/1/Section/5/Information/0/Value/StringWithMarkup/0/String,string,6.022 eV
/Record/Section/1/Section/5/Information/1/ReferenceNumber,number,7
/Record/Section/1/Section/5/Information/1/Reference/0,string,"First Ionization Potentials of Lanthanides by Laser Spectroscopy, E. F. Worden, R. W. Solarz, J. A. Paisner, and J. G. Conway, J. Opt. Soc. Am. 68, 52–61 (1978) DOI:10.1364/JOSA.68.000052"
/Record/Section/1/Section/5/Information/1/ExtendedReference/0/Citation,string,"First Ionization Potentials of Lanthanides by Laser Spectroscopy, E. F. Worden, R. W. Solarz, J. A. Paisner, and J. G. Conway, J. Opt. Soc. Am. 68, 52–61 (1978) DOI:10.1364/JOSA.68.000052"
/Record/Section/1/Section/5/Information/1/Value/StringWithMarkup/0/String,string,6.0215 ± 0.0006 eV
/Record/Section/1/Section/6/TOCHeading,string,Electronegativity
/Record/Section/1/Section/6/Description,string,Electronegativity is a measure of the tendency of an atom to attract a bonding pair of electrons.
/Record/Section/1/Section/6/URL,string,https://chem.libretexts.org/Bookshelves/Physical_and_Theoretical_Chemistry_Textbook_Maps/Supplemental_Modules_(Physical_and_Theoretical_Chemistry)/Physical_Properties_of_Matter/Atomic_and_Molecular_Properties/Electronegativity
/Record/Section/1/Section/6/Information/0/ReferenceNumber,number,9
/Record/Section/1/Section/6/Information/0/Name,string,Pauling Scale Electronegativity
/Record/Section/1/Section/6/Information/0/Reference/0,string,"A.L. Allred, J. Inorg. Nucl. Chem., 1961, 17(3-4), 215-221. DOI:10.1016/0022-1902(61)80142-5"
/Record/Section/1/Section/6/Information/0/ExtendedReference/0/Citation,string,"A.L. Allred, J. Inorg. Nucl. Chem., 1961, 17(3-4), 215-221. DOI:10.1016/0022-1902(61)80142-5"
/Record/Section/1/Section/6/Information/0/Value/Number/0,number,1.23
/Record/Section/1/Section/6/Information/0/Value/Unit,string,(Pauling Scale)
/Record/Section/1/Section/7/TOCHeading,string,Atomic Spectra
/Record/Section/1/Section/7/Description,string,The spectrum of the electromagnetic radiation emitted or absorbed by an electron during transitions between different energy levels within an atom.
/Record/Section/1/Section/7/Information/0/ReferenceNumber,number,7
/Record/Section/1/Section/7/Information/0/URL,string,https://physics.nist.gov/cgi-bin/ASD/lines_hold.pl?el=Ho
/Record/Section/1/Section/7/Information/0/Value/StringWithMarkup/0/String,string,Lines Holdings
/Record/Section/1/Section/7/Information/1/ReferenceNumber,number,7
/Record/Section/1/Section/7/Information/1/URL,string,https://physics.nist.gov/cgi-bin/ASD/levels_hold.pl?el=Ho
/Record/Section/1/Section/7/Information/1/Value/StringWithMarkup/0/String,string,Levels Holdings
/Record/Section/1/Section/8/TOCHeading,string,Physical Description
/Record/Section/1/Section/8/Description,string,"The appearance or features of this element, including color, odor, state, taste and more in general."
/Record/Section/1/Section/8/Information/0/ReferenceNumber,number,5
/Record/Section/1/Section/8/Information/0/Value/StringWithMarkup/0/String,string,Solid
/Record/Section/1/Section/9/TOCHeading,string,Element Classification
/Record/Section/1/Section/9/Description,string,"Classification according to the element's chemical and physical properties, and location within the periodic table."
/Record/Section/1/Section/9/Information/0/ReferenceNumber,number,5
/Record/Section/1/Section/9/Information/0/Value/StringWithMarkup/0/String,string,Metal
/Record/Section/1/Section/10/TOCHeading,string,Element Period Number
/Record/Section/1/Section/10/Description,string,The element period number refers to a horizontal row of the periodic table. The periodic table has 7 periods.
/Record/Section/1/Section/10/Information/0/ReferenceNumber,number,5
/Record/Section/1/Section/10/Information/0/Value/StringWithMarkup/0/String,string,6
/Record/Section/1/Section/11/TOCHeading,string,Element Group Number
/Record/Section/1/Section/11/Description,string,Element group refers to a set of chemical elements in the same vertical column of the periodic table
/Record/Section/1/Section/11/Information/0/ReferenceNumber,number,5
/Record/Section/1/Section/11/Information/0/Value/StringWithMarkup/0/String,string,- Lanthanide
/Record/Section/1/Section/12/TOCHeading,string,Density
/Record/Section/1/Section/12/Description,string,This section provides information on the density of an element. It is the mass of a unit volume of the element and commonly expressed in units of kg/m3 or g/cm3.
/Record/Section/1/Section/12/URL,string,https://chem.libretexts.org/Bookshelves/Introductory_Chemistry/Map%3A_Fundamentals_of_General_Organic_and_Biological_Chemistry_(McMurry_et_al.)/01%3A_Matter_and_Measurements/1.12%3A_Density_and_Specific_Gravity
/Record/Section/1/Section/12/Information/0/ReferenceNumber,number,5
/Record/Section/1/Section/12/Information/0/Value/StringWithMarkup/0/String,string,8.80 grams per cubic centimeter
/Record/Section/1/Section/13/TOCHeading,string,Melting Point
/Record/Section/1/Section/13/Description,string,"This section provides the melting point and/or freezing point. The melting point is the temperature at which a substance changes state from solid to liquid at atmospheric pressure. When considered as the temperature of the reverse change (from liquid to solid), it is referred to as the freezing point."
/Record/Section/1/Section/13/URL,string,https://chem.libretexts.org/Bookshelves/Organic_Chemistry/Organic_Chemistry_Lab_Techniques_(Nichols)/06%3A_Miscellaneous_Techniques/6.01%3A_Melting_Point
/Record/Section/1/Section/13/Information/0/ReferenceNumber,number,5
/Record/Section/1/Section/13/Information/0/Value/StringWithMarkup/0/String,string,1747 K (1474°C or 2685°F)
/Record/Section/1/Section/13/Information/1/ReferenceNumber,number,6
/Record/Section/1/Section/13/Information/1/Value/StringWithMarkup/0/String,string,1461°C
/Record/Section/1/Section/14/TOCHeading,string,Boiling Point
/Record/Section/1/Section/14/Description,string,The temperature at which this element changes state from liquid to gas at a given atmospheric pressure.
/Record/Section/1/Section/14/URL,string,https://chem.libretexts.org/Bookshelves/Organic_Chemistry/Organic_Chemistry_Lab_Techniques_(Nichols)/06%3A_Miscellaneous_Techniques/6.02%3A_Boiling_Point
/Record/Section/1/Section/14/Information/0/ReferenceNumber,number,5
/Record/Section/1/Section/14/Information/0/Value/StringWithMarkup/0/String,string,2973 K (2700°C or 4892°F)
/Record/Section/1/Section/14/Information/1/ReferenceNumber,number,6
/Record/Section/1/Section/14/Information/1/Value/StringWithMarkup/0/String,string,2600°C
/Record/Section/1/Section/15/TOCHeading,string,Estimated Crustal Abundance
/Record/Section/1/Section/15/Description,string,The estimated element abundance in the earth's crust.
/Record/Section/1/Section/15/Information/0/ReferenceNumber,number,5
/Record/Section/1/Section/15/Information/0/Value/StringWithMarkup/0/String,string,1.3 milligrams per kilogram
/Record/Section/1/Section/16/TOCHeading,string,Estimated Oceanic Abundance
/Record/Section/1/Section/16/Description,string,The estimated element abundance in the earth's oceans.
/Record/Section/1/Section/16/Information/0/ReferenceNumber,number,5
/Record/Section/1/Section/16/Information/0/Value/StringWithMarkup/0/String,string,2.2×10-7 milligrams per liter
/Record/Section/1/Section/16/Information/0/Value/StringWithMarkup/0/Markup/0/Start,number,6
/Record/Section/1/Section/16/Information/0/Value/StringWithMarkup/0/Markup/0/Length,number,2
/Record/Section/1/Section/16/Information/0/Value/StringWithMarkup/0/Markup/0/Type,string,Superscript
/Record/Section/2/TOCHeading,string,History
/Record/Section/2/Description,string,The history of the discovery and use of this element.
/Record/Section/2/Information/0/ReferenceNumber,number,3
/Record/Section/2/Information/0/Name,string,History
/Record/Section/2/Information/0/Value/StringWithMarkup/0/String,string,"The name derives from the Latin holmia for Stockholm. It was discovered in erbia earth by the Swiss chemist J. L. Soret in 1878, who referred to it as element X. It was later independently discovered by the Swedish chemist Per Theodor Cleve in 1879. It was first isolated in 1911 by Homberg, who proposed the name holmium either to recognize the discoverer Per Cleve, who was from Stockholm, or perhaps to establish his own name in history."
/Record/Section/2/Information/0/Value/StringWithMarkup/0/Markup/0/Start,number,32
/Record/Section/2/Information/0/Value/StringWithMarkup/0/Markup/0/Length,number,6
/Record/Section/2/Information/0/Value/StringWithMarkup/0/Markup/0/Type,string,Italics
/Record/Section/2/Information/1/ReferenceNumber,number,5
/Record/Section/2/Information/1/Value/StringWithMarkup/0/String,string,"Holmium was discovered by Per Theodor Cleve, a Swedish chemist, in 1879. Cleve used the same method Carl Gustaf Mosander used to discover lanthanum, erbium and terbium, he looked for impurities in the oxides of other rare earth elements. He started with erbia, the oxide of erbium (Er2O3), and removed all of the known contaminants. After further processing, he obtained two new materials, one brown and the other green. Cleve named the brown material holmia and the green material thulia. Holmia is the oxide of the element holmium and thulia is the oxide of the element thulium. Holmium's absorption spectrum was observed earlier that year by J. L. Soret and M. Delafontaine, Swiss chemists. Today, holmium is primarily obtained through an ion exchange process from monazite sand ((Ce, La, Th, Nd, Y)PO4), a material rich in rare earth elements that can contain as much as 0.05% holmium. Holmium has no commercial applications, although it has unusual magnetic properties that could be exploited in the future."
/Record/Section/2/Information/1/Value/StringWithMarkup/0/Markup/0/Start,number,284
/Record/Section/2/Information/1/Value/StringWithMarkup/0/Markup/0/Length,number,1
/Record/Section/2/Information/1/Value/StringWithMarkup/0/Markup/0/Type,string,Subscript
/Record/Section/2/Information/1/Value/StringWithMarkup/0/Markup/1/Start,number,286
/Record/Section/2/Information/1/Value/StringWithMarkup/0/Markup/1/Length,number,1
/Record/Section/2/Information/1/Value/StringWithMarkup/0/Markup/1/Type,string,Subscript
/Record/Section/2/Information/1/Value/StringWithMarkup/0/Markup/2/Start,number,804
/Record/Section/2/Information/1/Value/StringWithMarkup/0/Markup/2/Length,number,1
/Record/Section/2/Information/1/Value/StringWithMarkup/0/Markup/2/Type,string,Subscript
/Record/Section/2/Information/1/Value/StringWithMarkup/1/String,string,"Holmium forms no commercially important compounds. Some of holmium's compounds include: holmium oxide (Ho2O3), holmium fluoride (HoF3) and holmium iodide (HoI3)."
/Record/Section/2/Information/1/Value/StringWithMarkup/1/Markup/0/Start,number,105
/Record/Section/2/Information/1/Value/StringWithMarkup/1/Markup/0/Length,number,1
/Record/Section/2/Information/1/Value/StringWithMarkup/1/Markup/0/Type,string,Subscript
/Record/Section/2/Information/1/Value/StringWithMarkup/1/Markup/1/Start,number,107
/Record/Section/2/Information/1/Value/StringWithMarkup/1/Markup/1/Length,number,1
/Record/Section/2/Information/1/Value/StringWithMarkup/1/Markup/1/Type,string,Subscript
/Record/Section/2/Information/1/Value/StringWithMarkup/1/Markup/2/Start,number,132
/Record/Section/2/Information/1/Value/StringWithMarkup/1/Markup/2/Length,number,1
/Record/Section/2/Information/1/Value/StringWithMarkup/1/Markup/2/Type,string,Subscript
/Record/Section/2/Information/1/Value/StringWithMarkup/1/Markup/3/Start,number,158
/Record/Section/2/Information/1/Value/StringWithMarkup/1/Markup/3/Length,number,1
/Record/Section/2/Information/1/Value/StringWithMarkup/1/Markup/3/Type,string,Subscript
/Record/Section/2/Information/2/ReferenceNumber,number,6
/Record/Section/2/Information/2/Value/StringWithMarkup/0/String,string,"From the Latin word Holmia meaning Stockholm. The special absorption bands of holmium were noticed in 1878 by the Swiss chemists Delafontaine and Soret, who announced the existence of an ""Element X."" Cleve, of Sweden, later independently discovered the element while working on erbia earth. The element is named after Cleve's native city. Holmia, the yellow oxide, was prepared by Homberg in 1911. Holmium occurs in gadolinite, monazite, and in other rare-earth minerals. It is commercially obtained from monazite, occurring in that mineral to the extent of about 0.05%. It has been isolated by the reduction of its anhydrous chloride or fluoride with calcium metal."
/Record/Section/2/Section/0/TOCHeading,string,Historical Atomic Weights
/Record/Section/2/Section/0/Description,string,This section provides the historical atomic weights. The atomic weight shown in brackets means the value range while others shown with uncertainty in parenthesis.
/Record/Section/2/Section/0/DisplayControls/CreateTable/FromInformationIn,string,ThisSection
/Record/Section/2/Section/0/DisplayControls/CreateTable/NumberOfColumns,number,3
/Record/Section/2/Section/0/DisplayControls/CreateTable/ColumnsFromNamedLists/Name/0,string,Year
/Record/Section/2/Section/0/DisplayControls/CreateTable/ColumnsFromNamedLists/Name/1,string,Atomic Weight (uncertainty) [u]
/Record/Section/2/Section/0/DisplayControls/CreateTable/ColumnsFromNamedLists/Name/2,string,Reference
/Record/Section/2/Section/0/DisplayControls/CreateTable/ColumnsFromNamedLists/UseNamesAsColumnHeadings,boolean,true
/Record/Section/2/Section/0/Information/0/ReferenceNumber,number,3
/Record/Section/2/Section/0/Information/0/Name,string,Year
/Record/Section/2/Section/0/Information/0/Value/StringWithMarkup/0/String,string,2021
/Record/Section/2/Section/0/Information/0/Value/StringWithMarkup/1/String,string,2017
/Record/Section/2/Section/0/Information/0/Value/StringWithMarkup/2/String,string,2013
/Record/Section/2/Section/0/Information/0/Value/StringWithMarkup/3/String,string,1995
/Record/Section/2/Section/0/Information/0/Value/StringWithMarkup/4/String,string,1985
/Record/Section/2/Section/0/Information/0/Value/StringWithMarkup/5/String,string,1971
/Record/Section/2/Section/0/Information/0/Value/StringWithMarkup/6/String,string,1969
/Record/Section/2/Section/0/Information/0/Value/StringWithMarkup/7/String,string,1961
/Record/Section/2/Section/0/Information/0/Value/StringWithMarkup/8/String,string,1941
/Record/Section/2/Section/0/Information/0/Value/StringWithMarkup/9/String,string,1931
/Record/Section/2/Section/0/Information/0/Value/StringWithMarkup/10/String,string,1925
/Record/Section/2/Section/0/Information/0/Value/StringWithMarkup/11/String,string,1913
/Record/Section/2/Section/0/Information/1/ReferenceNumber,number,3
/Record/Section/2/Section/0/Information/1/Name,string,Atomic Weight (uncertainty)
/Record/Section/2/Section/0/Information/1/Value/StringWithMarkup/0/String,string,164.930 329(5)
/Record/Section/2/Section/0/Information/1/Value/StringWithMarkup/1/String,string,164.930 328(7)
/Record/Section/2/Section/0/Information/1/Value/StringWithMarkup/2/String,string,164.930 33(2)
/Record/Section/2/Section/0/Information/1/Value/StringWithMarkup/3/String,string,164.930 32(2)
/Record/Section/2/Section/0/Information/1/Value/StringWithMarkup/4/String,string,164.930 32(3)
/Record/Section/2/Section/0/Information/1/Value/StringWithMarkup/5/String,string,164.9304(1)
/Record/Section/2/Section/0/Information/1/Value/StringWithMarkup/6/String,string,164.9303(1)
/Record/Section/2/Section/0/Information/1/Value/StringWithMarkup/7/String,string,164.930
/Record/Section/2/Section/0/Information/1/Value/StringWithMarkup/8/String,string,164.94
/Record/Section/2/Section/0/Information/1/Value/StringWithMarkup/9/String,string,163.5
/Record/Section/2/Section/0/Information/1/Value/StringWithMarkup/10/String,string,163.4
/Record/Section/2/Section/0/Information/1/Value/StringWithMarkup/11/String,string,163.5
/Record/Section/2/Section/0/Information/2/ReferenceNumber,number,3
/Record/Section/2/Section/0/Information/2/Name,string,Reference
/Record/Section/2/Section/0/Information/2/Value/StringWithMarkup/0/String,string,doi:10.1515/pac-2019-0603
/Record/Section/2/Section/0/Information/2/Value/StringWithMarkup/0/Markup/0/Start,number,0
/Record/Section/2/Section/0/Information/2/Value/StringWithMarkup/0/Markup/0/Length,number,25
/Record/Section/2/Section/0/Information/2/Value/StringWithMarkup/0/Markup/0/URL,string,https://doi.org/10.1515/pac-2019-0603
/Record/Section/2/Section/0/Information/2/Value/StringWithMarkup/1/String,string,doi:10.1515/pac-2019-0603
/Record/Section/2/Section/0/Information/2/Value/StringWithMarkup/1/Markup/0/Start,number,0
/Record/Section/2/Section/0/Information/2/Value/StringWithMarkup/1/Markup/0/Length,number,25
/Record/Section/2/Section/0/Information/2/Value/StringWithMarkup/1/Markup/0/URL,string,https://doi.org/10.1515/pac-2019-0603
/Record/Section/2/Section/0/Information/2/Value/StringWithMarkup/2/String,string,doi:10.1515/pac-2015-0305
/Record/Section/2/Section/0/Information/2/Value/StringWithMarkup/2/Markup/0/Start,number,0
/Record/Section/2/Section/0/Information/2/Value/StringWithMarkup/2/Markup/0/Length,number,25
/Record/Section/2/Section/0/Information/2/Value/StringWithMarkup/2/Markup/0/URL,string,https://doi.org/10.1515/pac-2015-0305
/Record/Section/2/Section/0/Information/2/Value/StringWithMarkup/3/String,string,doi:10.1351/pac199668122339
/Record/Section/2/Section/0/Information/2/Value/StringWithMarkup/3/Markup/0/Start,number,0
/Record/Section/2/Section/0/Information/2/Value/StringWithMarkup/3/Markup/0/Length,number,27
/Record/Section/2/Section/0/Information/2/Value/StringWithMarkup/3/Markup/0/URL,string,https://doi.org/10.1351/pac199668122339
/Record/Section/2/Section/0/Information/2/Value/StringWithMarkup/4/String,string,doi:10.1351/pac198658121677
/Record/Section/2/Section/0/Information/2/Value/StringWithMarkup/4/Markup/0/Start,number,0
/Record/Section/2/Section/0/Information/2/Value/StringWithMarkup/4/Markup/0/Length,number,27
/Record/Section/2/Section/0/Information/2/Value/StringWithMarkup/4/Markup/0/URL,string,https://doi.org/10.1351/pac198658121677
/Record/Section/2/Section/0/Information/2/Value/StringWithMarkup/5/String,string,doi:10.1351/pac197230030637
/Record/Section/2/Section/0/Information/2/Value/StringWithMarkup/5/Markup/0/Start,number,0
/Record/Section/2/Section/0/Information/2/Value/StringWithMarkup/5/Markup/0/Length,number,27
/Record/Section/2/Section/0/Information/2/Value/StringWithMarkup/5/Markup/0/URL,string,https://doi.org/10.1351/pac197230030637
/Record/Section/2/Section/0/Information/2/Value/StringWithMarkup/6/String,string,doi:10.1351/pac197021010091
/Record/Section/2/Section/0/Information/2/Value/StringWithMarkup/6/Markup/0/Start,number,0
/Record/Section/2/Section/0/Information/2/Value/StringWithMarkup/6/Markup/0/Length,number,27
/Record/Section/2/Section/0/Information/2/Value/StringWithMarkup/6/Markup/0/URL,string,https://doi.org/10.1351/pac197021010091
/Record/Section/2/Section/0/Information/2/Value/StringWithMarkup/7/String,string,doi:10.1021/ja00881a001
/Record/Section/2/Section/0/Information/2/Value/StringWithMarkup/7/Markup/0/Start,number,0
/Record/Section/2/Section/0/Information/2/Value/StringWithMarkup/7/Markup/0/Length,number,23
/Record/Section/2/Section/0/Information/2/Value/StringWithMarkup/7/Markup/0/URL,string,https://doi.org/10.1021/ja00881a001
/Record/Section/2/Section/0/Information/2/Value/StringWithMarkup/8/String,string,doi:10.1039/JR9410000146
/Record/Section/2/Section/0/Information/2/Value/StringWithMarkup/8/Markup/0/Start,number,0
/Record/Section/2/Section/0/Information/2/Value/StringWithMarkup/8/Markup/0/Length,number,24
/Record/Section/2/Section/0/Information/2/Value/StringWithMarkup/8/Markup/0/URL,string,https://doi.org/10.1039/JR9410000146
/Record/Section/2/Section/0/Information/2/Value/StringWithMarkup/9/String,string,doi:10.1039/JR9310001617
/Record/Section/2/Section/0/Information/2/Value/StringWithMarkup/9/Markup/0/Start,number,0
/Record/Section/2/Section/0/Information/2/Value/StringWithMarkup/9/Markup/0/Length,number,24
/Record/Section/2/Section/0/Information/2/Value/StringWithMarkup/9/Markup/0/URL,string,https://doi.org/10.1039/JR9310001617
/Record/Section/2/Section/0/Information/2/Value/StringWithMarkup/10/String,string,doi:10.1039/CT9252700913
/Record/Section/2/Section/0/Information/2/Value/StringWithMarkup/10/Markup/0/Start,number,0
/Record/Section/2/Section/0/Information/2/Value/StringWithMarkup/10/Markup/0/Length,number,24
/Record/Section/2/Section/0/Information/2/Value/StringWithMarkup/10/Markup/0/URL,string,https://doi.org/10.1039/CT9252700913
/Record/Section/2/Section/0/Information/2/Value/StringWithMarkup/11/String,string,doi:10.1021/ja02212a001
/Record/Section/2/Section/0/Information/2/Value/StringWithMarkup/11/Markup/0/Start,number,0
/Record/Section/2/Section/0/Information/2/Value/StringWithMarkup/11/Markup/0/Length,number,23
/Record/Section/2/Section/0/Information/2/Value/StringWithMarkup/11/Markup/0/URL,string,https://doi.org/10.1021/ja02212a001
/Record/Section/2/Section/1/TOCHeading,string,Historical Isotopic Abundances
/Record/Section/2/Section/1/Description,string,This section provides the historical isotopic abundance information. The abundance value shown in brackets means the value range while others shown with uncertainty in parenthesis.
/Record/Section/2/Section/1/DisplayControls/CreateTable/FromInformationIn,string,ThisSection
/Record/Section/2/Section/1/DisplayControls/CreateTable/NumberOfColumns,number,4
/Record/Section/2/Section/1/DisplayControls/CreateTable/ColumnsFromNamedLists/Name/0,string,Year
/Record/Section/2/Section/1/DisplayControls/CreateTable/ColumnsFromNamedLists/Name/1,string,Isotope
/Record/Section/2/Section/1/DisplayControls/CreateTable/ColumnsFromNamedLists/Name/2,string,Abundance (uncertainty)
/Record/Section/2/Section/1/DisplayControls/CreateTable/ColumnsFromNamedLists/Name/3,string,Reference
/Record/Section/2/Section/1/DisplayControls/CreateTable/ColumnsFromNamedLists/UseNamesAsColumnHeadings,boolean,true
/Record/Section/2/Section/1/Information/0/ReferenceNumber,number,3
/Record/Section/2/Section/1/Information/0/Name,string,Year
/Record/Section/2/Section/1/Information/0/Value/StringWithMarkup/0/String,string,1975
/Record/Section/2/Section/1/Information/1/ReferenceNumber,number,3
/Record/Section/2/Section/1/Information/1/Name,string,Isotope
/Record/Section/2/Section/1/Information/1/Value/StringWithMarkup/0/String,string,165Ho
/Record/Section/2/Section/1/Information/1/Value/StringWithMarkup/0/Markup/0/Start,number,0
/Record/Section/2/Section/1/Information/1/Value/StringWithMarkup/0/Markup/0/Length,number,3
/Record/Section/2/Section/1/Information/1/Value/StringWithMarkup/0/Markup/0/Type,string,Superscript
/Record/Section/2/Section/1/Information/2/ReferenceNumber,number,3
/Record/Section/2/Section/1/Information/2/Name,string,Abundance (uncertainty)
/Record/Section/2/Section/1/Information/2/Value/StringWithMarkup/0/String,string,1
/Record/Section/2/Section/1/Information/3/ReferenceNumber,number,3
/Record/Section/2/Section/1/Information/3/Name,string,Reference
/Record/Section/2/Section/1/Information/3/Value/StringWithMarkup/0/String,string,doi:10.1351/pac197647010075
/Record/Section/2/Section/1/Information/3/Value/StringWithMarkup/0/Markup/0/Start,number,0
/Record/Section/2/Section/1/Information/3/Value/StringWithMarkup/0/Markup/0/Length,number,27
/Record/Section/2/Section/1/Information/3/Value/StringWithMarkup/0/Markup/0/URL,string,https://doi.org/10.1351/pac197647010075
/Record/Section/3/TOCHeading,string,Description
/Record/Section/3/Description,string,"A short description of this element, provided by authoritative sources."
/Record/Section/3/Information/0/ReferenceNumber,number,6
/Record/Section/3/Information/0/Value/StringWithMarkup/0/String,string,"Pure holmium has a metallic to bright silver luster. It is relatively soft and malleable and is stable in dry air at room temperature but rapidly oxidizes in moist air and at elevated temperatures. The metal has unusual magnetic properties. Few uses have yet been found for the element. The element, as with other rare earths, seems to have a low acute toxic rating."
/Record/Section/4/TOCHeading,string,Compounds
/Record/Section/4/Description,string,Compound records related to this element.
/Record/Section/4/Information/0/ReferenceNumber,number,8
/Record/Section/4/Information/0/Name,string,Compounds
/Record/Section/4/Information/0/URL,string,https://pubchem.ncbi.nlm.nih.gov/#query=Holmium
/Record/Section/4/Information/0/Value/StringWithMarkup/0/String,string,See more information at the Holmium compound page.
/Record/Section/4/Section/0/TOCHeading,string,Element Forms
/Record/Section/4/Section/0/Description,string,"Other forms of this element, including ions, isotopes, etc."
/Record/Section/4/Section/0/DisplayControls/CreateTable/FromInformationIn,string,ThisSection
/Record/Section/4/Section/0/DisplayControls/CreateTable/NumberOfColumns,number,5
/Record/Section/4/Section/0/DisplayControls/CreateTable/ColumnsFromNamedLists/Name/0,string,CID
/Record/Section/4/Section/0/DisplayControls/CreateTable/ColumnsFromNamedLists/Name/1,string,Name
/Record/Section/4/Section/0/DisplayControls/CreateTable/ColumnsFromNamedLists/Name/2,string,Formula
/Record/Section/4/Section/0/DisplayControls/CreateTable/ColumnsFromNamedLists/Name/3,string,SMILES
/Record/Section/4/Section/0/DisplayControls/CreateTable/ColumnsFromNamedLists/Name/4,string,Molecular Weight
/Record/Section/4/Section/0/DisplayControls/CreateTable/ColumnsFromNamedLists/UseNamesAsColumnHeadings,boolean,true
/Record/Section/4/Section/0/Information/0/ReferenceNumber,number,8
/Record/Section/4/Section/0/Information/0/Name,string,CID
/Record/Section/4/Section/0/Information/0/Value/StringWithMarkup/0/String,string,23988
/Record/Section/4/Section/0/Information/0/Value/StringWithMarkup/0/Markup/0/Start,number,0
/Record/Section/4/Section/0/Information/0/Value/StringWithMarkup/0/Markup/0/Length,number,5
/Record/Section/4/Section/0/Information/0/Value/StringWithMarkup/0/Markup/0/URL,string,https://pubchem.ncbi.nlm.nih.gov/compound/23988
/Record/Section/4/Section/0/Information/0/Value/StringWithMarkup/1/String,string,185493
/Record/Section/4/Section/0/Information/0/Value/StringWithMarkup/1/Markup/0/Start,number,0
/Record/Section/4/Section/0/Information/0/Value/StringWithMarkup/1/Markup/0/Length,number,6
/Record/Section/4/Section/0/Information/0/Value/StringWithMarkup/1/Markup/0/URL,string,https://pubchem.ncbi.nlm.nih.gov/compound/185493
/Record/Section/4/Section/0/Information/0/Value/StringWithMarkup/2/String,string,161007
/Record/Section/4/Section/0/Information/0/Value/StringWithMarkup/2/Markup/0/Start,number,0
/Record/Section/4/Section/0/Information/0/Value/StringWithMarkup/2/Markup/0/Length,number,6
/Record/Section/4/Section/0/Information/0/Value/StringWithMarkup/2/Markup/0/URL,string,https://pubchem.ncbi.nlm.nih.gov/compound/161007
/Record/Section/4/Section/0/Information/0/Value/StringWithMarkup/3/String,string,177427
/Record/Section/4/Section/0/Information/0/Value/StringWithMarkup/3/Markup/0/Start,number,0
/Record/Section/4/Section/0/Information/0/Value/StringWithMarkup/3/Markup/0/Length,number,6
/Record/Section/4/Section/0/Information/0/Value/StringWithMarkup/3/Markup/0/URL,string,https://pubchem.ncbi.nlm.nih.gov/compound/177427
/Record/Section/4/Section/0/Information/0/Value/StringWithMarkup/4/String,string,177669
/Record/Section/4/Section/0/Information/0/Value/StringWithMarkup/4/Markup/0/Start,number,0
/Record/Section/4/Section/0/Information/0/Value/StringWithMarkup/4/Markup/0/Length,number,6
/Record/Section/4/Section/0/Information/0/Value/StringWithMarkup/4/Markup/0/URL,string,https://pubchem.ncbi.nlm.nih.gov/compound/177669
/Record/Section/4/Section/0/Information/0/Value/StringWithMarkup/5/String,string,177569
/Record/Section/4/Section/0/Information/0/Value/StringWithMarkup/5/Markup/0/Start,number,0
/Record/Section/4/Section/0/Information/0/Value/StringWithMarkup/5/Markup/0/Length,number,6
/Record/Section/4/Section/0/Information/0/Value/StringWithMarkup/5/Markup/0/URL,string,https://pubchem.ncbi.nlm.nih.gov/compound/177569
/Record/Section/4/Section/0/Information/0/Value/StringWithMarkup/6/String,string,177626
/Record/Section/4/Section/0/Information/0/Value/StringWithMarkup/6/Markup/0/Start,number,0
/Record/Section/4/Section/0/Information/0/Value/StringWithMarkup/6/Markup/0/Length,number,6
/Record/Section/4/Section/0/Information/0/Value/StringWithMarkup/6/Markup/0/URL,string,https://pubchem.ncbi.nlm.nih.gov/compound/177626
/Record/Section/4/Section/0/Information/0/Value/StringWithMarkup/7/String,string,177667
/Record/Section/4/Section/0/Information/0/Value/StringWithMarkup/7/Markup/0/Start,number,0
/Record/Section/4/Section/0/Information/0/Value/StringWithMarkup/7/Markup/0/Length,number,6
/Record/Section/4/Section/0/Information/0/Value/StringWithMarkup/7/Markup/0/URL,string,https://pubchem.ncbi.nlm.nih.gov/compound/177667
/Record/Section/4/Section/0/Information/0/Value/StringWithMarkup/8/String,string,177668
/Record/Section/4/Section/0/Information/0/Value/StringWithMarkup/8/Markup/0/Start,number,0
/Record/Section/4/Section/0/Information/0/Value/StringWithMarkup/8/Markup/0/Length,number,6
/Record/Section/4/Section/0/Information/0/Value/StringWithMarkup/8/Markup/0/URL,string,https://pubchem.ncbi.nlm.nih.gov/compound/177668
/Record/Section/4/Section/0/Information/0/Value/StringWithMarkup/9/String,string,177693
/Record/Section/4/Section/0/Information/0/Value/StringWithMarkup/9/Markup/0/Start,number,0
/Record/Section/4/Section/0/Information/0/Value/StringWithMarkup/9/Markup/0/Length,number,6
/Record/Section/4/Section/0/Information/0/Value/StringWithMarkup/9/Markup/0/URL,string,https://pubchem.ncbi.nlm.nih.gov/compound/177693
/Record/Section/4/Section/0/Information/0/Value/StringWithMarkup/10/String,string,42630750
/Record/Section/4/Section/0/Information/0/Value/StringWithMarkup/10/Markup/0/Start,number,0
/Record/Section/4/Section/0/Information/0/Value/StringWithMarkup/10/Markup/0/Length,number,8
/Record/Section/4/Section/0/Information/0/Value/StringWithMarkup/10/Markup/0/URL,string,https://pubchem.ncbi.nlm.nih.gov/compound/42630750
/Record/Section/4/Section/0/Information/0/Value/StringWithMarkup/11/String,string,51352784
/Record/Section/4/Section/0/Information/0/Value/StringWithMarkup/11/Markup/0/Start,number,0
/Record/Section/4/Section/0/Information/0/Value/StringWithMarkup/11/Markup/0/Length,number,8
/Record/Section/4/Section/0/Information/0/Value/StringWithMarkup/11/Markup/0/URL,string,https://pubchem.ncbi.nlm.nih.gov/compound/51352784
/Record/Section/4/Section/0/Information/1/ReferenceNumber,number,8
/Record/Section/4/Section/0/Information/1/Name,string,Name
/Record/Section/4/Section/0/Information/1/Value/StringWithMarkup/0/String,string,holmium
/Record/Section/4/Section/0/Information/1/Value/StringWithMarkup/1/String,string,holmium(3+)
/Record/Section/4/Section/0/Information/1/Value/StringWithMarkup/2/String,string,holmium-166
/Record/Section/4/Section/0/Information/1/Value/StringWithMarkup/3/String,string,holmium-161
/Record/Section/4/Section/0/Information/1/Value/StringWithMarkup/4/String,string,holmium-167
/Record/Section/4/Section/0/Information/1/Value/StringWithMarkup/5/String,string,holmium-155
/Record/Section/4/Section/0/Information/1/Value/StringWithMarkup/6/String,string,holmium-162
/Record/Section/4/Section/0/Information/1/Value/StringWithMarkup/7/String,string,holmium-164
/Record/Section/4/Section/0/Information/1/Value/StringWithMarkup/8/String,string,holmium-159
/Record/Section/4/Section/0/Information/1/Value/StringWithMarkup/9/String,string,holmium-157
/Record/Section/4/Section/0/Information/1/Value/StringWithMarkup/10/String,string,holmium-156
/Record/Section/4/Section/0/Information/1/Value/StringWithMarkup/11/String,string,holmium-166(3+)
/Record/Section/4/Section/0/Information/2/ReferenceNumber,number,8
/Record/Section/4/Section/0/Information/2/Name,string,Formula
/Record/Section/4/Section/0/Information/2/Value/StringWithMarkup/0/String,string,Ho
/Record/Section/4/Section/0/Information/2/Value/StringWithMarkup/1/String,string,Ho+3
/Record/Section/4/Section/0/Information/2/Value/StringWithMarkup/2/String,string,Ho
/Record/Section/4/Section/0/Information/2/Value/StringWithMarkup/3/String,string,Ho
/Record/Section/4/Section/0/Information/2/Value/StringWithMarkup/4/String,string,Ho
/Record/Section/4/Section/0/Information/2/Value/StringWithMarkup/5/String,string,Ho
/Record/Section/4/Section/0/Information/2/Value/StringWithMarkup/6/String,string,Ho
/Record/Section/4/Section/0/Information/2/Value/StringWithMarkup/7/String,string,Ho
/Record/Section/4/Section/0/Information/2/Value/StringWithMarkup/8/String,string,Ho
/Record/Section/4/Section/0/Information/2/Value/StringWithMarkup/9/String,string,Ho
/Record/Section/4/Section/0/Information/2/Value/StringWithMarkup/10/String,string,Ho
/Record/Section/4/Section/0/Information/2/Value/StringWithMarkup/11/String,string,Ho+3
/Record/Section/4/Section/0/Information/3/ReferenceNumber,number,8
/Record/Section/4/Section/0/Information/3/Name,string,SMILES
/Record/Section/4/Section/0/Information/3/Value/StringWithMarkup/0/String,string,[Ho]
/Record/Section/4/Section/0/Information/3/Value/StringWithMarkup/1/String,string,[Ho+3]
/Record/Section/4/Section/0/Information/3/Value/StringWithMarkup/2/String,string,[166Ho]
/Record/Section/4/Section/0/Information/3/Value/StringWithMarkup/3/String,string,[161Ho]
/Record/Section/4/Section/0/Information/3/Value/StringWithMarkup/4/String,string,[167Ho]
/Record/Section/4/Section/0/Information/3/Value/StringWithMarkup/5/String,string,[155Ho]
/Record/Section/4/Section/0/Information/3/Value/StringWithMarkup/6/String,string,[162Ho]
/Record/Section/4/Section/0/Information/3/Value/StringWithMarkup/7/String,string,[164Ho]
/Record/Section/4/Section/0/Information/3/Value/StringWithMarkup/8/String,string,[159Ho]
/Record/Section/4/Section/0/Information/3/Value/StringWithMarkup/9/String,string,[157Ho]
/Record/Section/4/Section/0/Information/3/Value/StringWithMarkup/10/String,string,[156Ho]
/Record/Section/4/Section/0/Information/3/Value/StringWithMarkup/11/String,string,[166Ho+3]
/Record/Section/4/Section/0/Information/4/ReferenceNumber,number,8
/Record/Section/4/Section/0/Information/4/Name,string,Molecular Weight
/Record/Section/4/Section/0/Information/4/Value/StringWithMarkup/0/String,string,164.93033
/Record/Section/4/Section/0/Information/4/Value/StringWithMarkup/1/String,string,164.93033
/Record/Section/4/Section/0/Information/4/Value/StringWithMarkup/2/String,string,165.932291
/Record/Section/4/Section/0/Information/4/Value/StringWithMarkup/3/String,string,160.92786
/Record/Section/4/Section/0/Information/4/Value/StringWithMarkup/4/String,string,166.93314
/Record/Section/4/Section/0/Information/4/Value/StringWithMarkup/5/String,string,154.9291
/Record/Section/4/Section/0/Information/4/Value/StringWithMarkup/6/String,string,161.92910
/Record/Section/4/Section/0/Information/4/Value/StringWithMarkup/7/String,string,163.93024
/Record/Section/4/Section/0/Information/4/Value/StringWithMarkup/8/String,string,158.92772
/Record/Section/4/Section/0/Information/4/Value/StringWithMarkup/9/String,string,156.9283
/Record/Section/4/Section/0/Information/4/Value/StringWithMarkup/10/String,string,155.9296
/Record/Section/4/Section/0/Information/4/Value/StringWithMarkup/11/String,string,165.932291
/Record/Section/5/TOCHeading,string,Isotopes
/Record/Section/5/Description,string,Isotopes are nuclides having the same atomic number but different mass numbers.  This section provides information on the isotopes of this element and their uses in various fields.
/Record/Section/5/URL,string,https://chem.libretexts.org/Courses/Furman_University/CHM101%3A_Chemistry_and_Global_Awareness_(Gordon)/03%3A_Atoms_and_the_Periodic_Table/3.05%3A_Isotopes
/Record/Section/5/Information/0/ReferenceNumber,number,5
/Record/Section/5/Information/0/Name,string,Stable Isotope Count
/Record/Section/5/Information/0/Value/StringWithMarkup/0/String,string,1
/Record/Section/5/Section/0/TOCHeading,string,Isotopes in Medicine
/Record/Section/5/Section/0/Description,string,Information on the use of this element's isotopes in medicine.
/Record/Section/5/Section/0/Information/0/ReferenceNumber,number,4
/Record/Section/5/Section/0/Information/0/Reference/0,string,"[443]  International Atomic Energy Agency. Optimization of Production and Quality Control of Therapeutic Radionuclides and Radiopharmaceuticals, IAEA-TECDOC-1114, IAEA VIENNA (1999)."
/Record/Section/5/Section/0/Information/0/Reference/1,string,"[472]  S. Zeisler, K. Weber. J. Radioanal. Nucl. Chem.227, 105 (1998)."
/Record/Section/5/Section/0/Information/0/Reference/2,string,"[473]  O. T. Mäkelä, M. J. Lammi, H. Uusitalo, M. M. Hyttinen, E. Vuorio, H. J. Helminen, R. M. Tulamo. Ann. Rheum. Dis.62, 43 (2003)."
/Record/Section/5/Section/0/Information/0/Reference/3,string,"[474]  H. Mohsin, F. Jia, G. Sivaguru, M. J. Hudson, T. D. Shelton, T. J. Hoffman, C. S. Cutler, A. R. Ketring, P. S. Athey, J. Simon, R. K. Frank, S. S. Jurisson, M. R. Lewis. Bioconjugate Chem.17, 485 (2006)."
/Record/Section/5/Section/0/Information/0/Reference/4,string,"[475]  M. L. Smits, J. F. Nijsen, M. A. van den Bosch, M. G. Lam, M. A. Vente, J. E. Huijbregts, A. D. van het Schip, M. Elschot, W. Bult, H. W. de Jong, P. C. Meulenhoff, B. A. Zonnenberg. J. Exp. Clin. Cancer Res.29, 70 (2010)."
/Record/Section/5/Section/0/Information/0/Reference/5,string,"[476]  F. Melichar, M. Kropacek, M. Mirzajevova. J. Label. Compd. Radiopharm.46 (S1), S303 (2003). https://onlinelibrary.wiley.com/doi/abs/10.1002/jlcr.772."
/Record/Section/5/Section/0/Information/0/Reference/6,string,"[477]  J. D. Lee, K. K. Park, M. G. Lee, E. H. Kim, K. J. Rhim, J. T. Lee, H. S. Yoo, Y. M. Kim, K. B. Park, J. R. Kim. J. Nucl. Med.38, 697 (1997)."
/Record/Section/5/Section/0/Information/0/Reference/7,string,"[478]  Y. L. Chung, J. D. Lee, D. Bang, J. B. Lee, K. B. Park, M. G. Lee. Eur. J. Nucl. Med. Mol. Imaging27, 842 (2000)."
/Record/Section/5/Section/0/Information/0/ExtendedReference/0/Citation,string,"[443]  International Atomic Energy Agency. Optimization of Production and Quality Control of Therapeutic Radionuclides and Radiopharmaceuticals, IAEA-TECDOC-1114, IAEA VIENNA (1999)."
/Record/Section/5/Section/0/Information/0/ExtendedReference/1/Citation,string,"[472]  S. Zeisler, K. Weber. J. Radioanal. Nucl. Chem.227, 105 (1998)."
/Record/Section/5/Section/0/Information/0/ExtendedReference/2/Citation,string,"[473]  O. T. Mäkelä, M. J. Lammi, H. Uusitalo, M. M. Hyttinen, E. Vuorio, H. J. Helminen, R. M. Tulamo. Ann. Rheum. Dis.62, 43 (2003)."
/Record/Section/5/Section/0/Information/0/ExtendedReference/3/Citation,string,"[474]  H. Mohsin, F. Jia, G. Sivaguru, M. J. Hudson, T. D. Shelton, T. J. Hoffman, C. S. Cutler, A. R. Ketring, P. S. Athey, J. Simon, R. K. Frank, S. S. Jurisson, M. R. Lewis. Bioconjugate Chem.17, 485 (2006)."
/Record/Section/5/Section/0/Information/0/ExtendedReference/4/Citation,string,"[475]  M. L. Smits, J. F. Nijsen, M. A. van den Bosch, M. G. Lam, M. A. Vente, J. E. Huijbregts, A. D. van het Schip, M. Elschot, W. Bult, H. W. de Jong, P. C. Meulenhoff, B. A. Zonnenberg. J. Exp. Clin. Cancer Res.29, 70 (2010)."
/Record/Section/5/Section/0/Information/0/ExtendedReference/5/Citation,string,"[476]  F. Melichar, M. Kropacek, M. Mirzajevova. J. Label. Compd. Radiopharm.46 (S1), S303 (2003). https://onlinelibrary.wiley.com/doi/abs/10.1002/jlcr.772."
/Record/Section/5/Section/0/Information/0/ExtendedReference/6/Citation,string,"[477]  J. D. Lee, K. K. Park, M. G. Lee, E. H. Kim, K. J. Rhim, J. T. Lee, H. S. Yoo, Y. M. Kim, K. B. Park, J. R. Kim. J. Nucl. Med.38, 697 (1997)."
/Record/Section/5/Section/0/Information/0/ExtendedReference/7/Citation,string,"[478]  Y. L. Chung, J. D. Lee, D. Bang, J. B. Lee, K. B. Park, M. G. Lee. Eur. J. Nucl. Med. Mol. Imaging27, 842 (2000)."
/Record/Section/5/Section/0/Information/0/Value/StringWithMarkup/0/String,string,"Radiosynovectomy with 166Ho-radiopharmaceutical agents can be used for treatment of arthritis. The half-life of 166Ho is 1.1 days. 166Ho ferric hydroxide macroaggregate ([ 166Ho] FHMA) radiosynovectomy is being used because FHMA minimizes extra-articular (outside a joint) leakage of the radioisotope [472], [473]. 166Ho has been used for radioimmunotherapy (RIT) with labeled antibodies [474]. The 166Ho-chitosan complex (a linear polysaccharide, which is a long-chain molecule like cellulose that is used by the body for energy storage) is being used for hepatic (liver) cancer therapy [475]. 166Ho-labeled radiopharmaceuticals have been used for alleviating pain from bone metastases [443], [473], [476]."
/Record/Section/5/Section/0/Information/0/Value/StringWithMarkup/0/Markup/0/Start,number,22
/Record/Section/5/Section/0/Information/0/Value/StringWithMarkup/0/Markup/0/Length,number,3
/Record/Section/5/Section/0/Information/0/Value/StringWithMarkup/0/Markup/0/Type,string,Superscript
/Record/Section/5/Section/0/Information/0/Value/StringWithMarkup/0/Markup/1/Start,number,112
/Record/Section/5/Section/0/Information/0/Value/StringWithMarkup/0/Markup/1/Length,number,3
/Record/Section/5/Section/0/Information/0/Value/StringWithMarkup/0/Markup/1/Type,string,Superscript
/Record/Section/5/Section/0/Information/0/Value/StringWithMarkup/0/Markup/2/Start,number,131
/Record/Section/5/Section/0/Information/0/Value/StringWithMarkup/0/Markup/2/Length,number,3
/Record/Section/5/Section/0/Information/0/Value/StringWithMarkup/0/Markup/2/Type,string,Superscript
/Record/Section/5/Section/0/Information/0/Value/StringWithMarkup/0/Markup/3/Start,number,172
/Record/Section/5/Section/0/Information/0/Value/StringWithMarkup/0/Markup/3/Length,number,3
/Record/Section/5/Section/0/Information/0/Value/StringWithMarkup/0/Markup/3/Type,string,Superscript
/Record/Section/5/Section/0/Information/0/Value/StringWithMarkup/0/Markup/4/Start,number,315
/Record/Section/5/Section/0/Information/0/Value/StringWithMarkup/0/Markup/4/Length,number,3
/Record/Section/5/Section/0/Information/0/Value/StringWithMarkup/0/Markup/4/Type,string,Superscript
/Record/Section/5/Section/0/Information/0/Value/StringWithMarkup/0/Markup/5/Start,number,399
/Record/Section/5/Section/0/Information/0/Value/StringWithMarkup/0/Markup/5/Length,number,3
/Record/Section/5/Section/0/Information/0/Value/StringWithMarkup/0/Markup/5/Type,string,Superscript
/Record/Section/5/Section/0/Information/0/Value/StringWithMarkup/0/Markup/6/Start,number,595
/Record/Section/5/Section/0/Information/0/Value/StringWithMarkup/0/Markup/6/Length,number,3
/Record/Section/5/Section/0/Information/0/Value/StringWithMarkup/0/Markup/6/Type,string,Superscript
/Record/Section/5/Section/0/Information/0/Value/StringWithMarkup/1/String,string,"166Ho microspheres have been used for intra-arterial radioembolization (treatment where radioactive particles are delivered to a tumor through the bloodstream) of liver metastases (Fig. IUPAC.67.1) [475]. 166Ho is paramagnetic and emits both beta and gamma radiation, which makes it ideal for radioembolization. These properties also enable the distribution of 166Ho microspheres to be visualized with magnetic resonance imaging and single-photon emission computed tomography (SPECT) [475]."
/Record/Section/5/Section/0/Information/0/Value/StringWithMarkup/1/Markup/0/Start,number,0
/Record/Section/5/Section/0/Information/0/Value/StringWithMarkup/1/Markup/0/Length,number,3
/Record/Section/5/Section/0/Information/0/Value/StringWithMarkup/1/Markup/0/Type,string,Superscript
/Record/Section/5/Section/0/Information/0/Value/StringWithMarkup/1/Markup/1/Start,number,205
/Record/Section/5/Section/0/Information/0/Value/StringWithMarkup/1/Markup/1/Length,number,3
/Record/Section/5/Section/0/Information/0/Value/StringWithMarkup/1/Markup/1/Type,string,Superscript
/Record/Section/5/Section/0/Information/0/Value/StringWithMarkup/1/Markup/2/Start,number,361
/Record/Section/5/Section/0/Information/0/Value/StringWithMarkup/1/Markup/2/Length,number,3
/Record/Section/5/Section/0/Information/0/Value/StringWithMarkup/1/Markup/2/Type,string,Superscript
/Record/Section/5/Section/0/Information/0/Value/StringWithMarkup/2/String,string,"The 166Ho-Patch is a specially designed radioactive skin patch that is used for external radiation of superficial skin cancers and Bowen’s disease in areas that are sensitive and difficult to treat by methods that are more destructive and have poor cosmetic results (i.e. areas of the face) [477], [478]."
/Record/Section/5/Section/0/Information/0/Value/StringWithMarkup/2/Markup/0/Start,number,4
/Record/Section/5/Section/0/Information/0/Value/StringWithMarkup/2/Markup/0/Length,number,3
/Record/Section/5/Section/0/Information/0/Value/StringWithMarkup/2/Markup/0/Type,string,Superscript
/Record/Section/5/Section/0/Information/0/Value/StringWithMarkup/3/String,string,          
/Record/Section/5/Section/0/Information/0/Value/StringWithMarkup/3/Markup/0/Start,number,0
/Record/Section/5/Section/0/Information/0/Value/StringWithMarkup/3/Markup/0/Length,number,1
/Record/Section/5/Section/0/Information/0/Value/StringWithMarkup/3/Markup/0/URL,string,https://pubchem.ncbi.nlm.nih.gov/images/iupac/j_pac-2015-0703_fig_094.jpg
/Record/Section/5/Section/0/Information/0/Value/StringWithMarkup/3/Markup/0/Type,string,Image
/Record/Section/5/Section/0/Information/0/Value/StringWithMarkup/3/Markup/0/Size,string,945x567
/Record/Section/5/Section/0/Information/0/Value/StringWithMarkup/3/Markup/0/Caption,string,"Fig. IUPAC.67.1: Schematic overview of the administration system for ¹⁶⁶Ho-RE (radioembolization) (reprinted with permission. Copyright © 2010 Smits et al.; BioMed Central Ltd.) [475]. The administration system consists of the following components: iodine contrast agent (Visipaque ®, GE Healthcare) (1), saline solution (2), 20-ml syringe (Luer-Lock) (3), three-stopcock manifold (4), one-way valve (5), inlet line (6), administration vial containing the ¹⁶⁶Ho-poly(L-lactic acid) microspheres (7), outlet line (8), flushing line (9), Y-connector (10) and catheter (11). "
/Record/Section/5/Section/1/TOCHeading,string,Isotope Mass and Abundance
/Record/Section/5/Section/1/Description,string,Atomic mass and abundance (composition) information for a given isotope/nuclide. The number in the parenthesis refers to an uncertainty when exist. The unit of atomic weight is the unified atomic mass unit (u) or dalton (Da). 
/Record/Section/5/Section/1/DisplayControls/CreateTable/FromInformationIn,string,ThisSection
/Record/Section/5/Section/1/DisplayControls/CreateTable/NumberOfColumns,number,3
/Record/Section/5/Section/1/DisplayControls/CreateTable/ColumnsFromNamedLists/Name/0,string,Isotope
/Record/Section/5/Section/1/DisplayControls/CreateTable/ColumnsFromNamedLists/Name/1,string,Atomic Mass (uncertainty) [u]
/Record/Section/5/Section/1/DisplayControls/CreateTable/ColumnsFromNamedLists/Name/2,string,Abundance (uncertainty)
/Record/Section/5/Section/1/DisplayControls/CreateTable/ColumnsFromNamedLists/UseNamesAsColumnHeadings,boolean,true
/Record/Section/5/Section/1/Information/0/ReferenceNumber,number,3
/Record/Section/5/Section/1/Information/0/Name,string,Isotope
/Record/Section/5/Section/1/Information/0/Value/StringWithMarkup/0/String,string, 165Ho
/Record/Section/5/Section/1/Information/0/Value/StringWithMarkup/0/Markup/0/Start,number,0
/Record/Section/5/Section/1/Information/0/Value/StringWithMarkup/0/Markup/0/Length,number,4
/Record/Section/5/Section/1/Information/0/Value/StringWithMarkup/0/Markup/0/Type,string,Superscript
/Record/Section/5/Section/1/Information/1/ReferenceNumber,number,3
/Record/Section/5/Section/1/Information/1/Name,string,Atomic Mass (uncertainty)
/Record/Section/5/Section/1/Information/1/Value/StringWithMarkup/0/String,string,164.930 329(5)
/Record/Section/5/Section/1/Information/2/ReferenceNumber,number,3
/Record/Section/5/Section/1/Information/2/Name,string,Abundance (uncertainty)
/Record/Section/5/Section/1/Information/2/Value/StringWithMarkup/0/String,string,1
/Record/Section/5/Section/1/Information/3/ReferenceNumber,number,7
/Record/Section/5/Section/1/Information/3/Name,string,Isotope
/Record/Section/5/Section/1/Information/3/Value/StringWithMarkup/0/String,string,165Ho
/Record/Section/5/Section/1/Information/3/Value/StringWithMarkup/0/Markup/0/Start,number,0
/Record/Section/5/Section/1/Information/3/Value/StringWithMarkup/0/Markup/0/Length,number,3
/Record/Section/5/Section/1/Information/3/Value/StringWithMarkup/0/Markup/0/Type,string,Superscript
/Record/Section/5/Section/1/Information/4/ReferenceNumber,number,7
/Record/Section/5/Section/1/Information/4/Name,string,Atomic Mass (uncertainty) [u]
/Record/Section/5/Section/1/Information/4/Value/StringWithMarkup/0/String,string,164.9303288(21)
/Record/Section/5/Section/1/Information/5/ReferenceNumber,number,7
/Record/Section/5/Section/1/Information/5/Name,string,Abundance (uncertainty)
/Record/Section/5/Section/1/Information/5/Value/StringWithMarkup/0/String,string,1
/Record/Section/5/Section/2/TOCHeading,string,"Atomic Mass, Half Life, and Decay"
/Record/Section/5/Section/2/Description,string,"Information on the atomic mass, half life, and decay for this element, from the the Atomic Mass Data Center. The number after the ± refers to an uncertainty when exists."
/Record/Section/5/Section/2/URL,string,https://pubchem.ncbi.nlm.nih.gov/docs/atomic-mass/
/Record/Section/5/Section/2/DisplayControls/CreateTable/FromInformationIn,string,ThisSection
/Record/Section/5/Section/2/DisplayControls/CreateTable/NumberOfColumns,number,5
/Record/Section/5/Section/2/DisplayControls/CreateTable/ColumnsFromNamedLists/Name/0,string,Nuclide
/Record/Section/5/Section/2/DisplayControls/CreateTable/ColumnsFromNamedLists/Name/1,string,Atomic Mass and Uncertainty [u]
/Record/Section/5/Section/2/DisplayControls/CreateTable/ColumnsFromNamedLists/Name/2,string,Half Life and Uncertainty
/Record/Section/5/Section/2/DisplayControls/CreateTable/ColumnsFromNamedLists/Name/3,string,Discovery Year
/Record/Section/5/Section/2/DisplayControls/CreateTable/ColumnsFromNamedLists/Name/4,string,"Decay Modes, Intensities and Uncertainties [%]"
/Record/Section/5/Section/2/DisplayControls/CreateTable/ColumnsFromNamedLists/UseNamesAsColumnHeadings,boolean,true
/Record/Section/5/Section/2/Information/0/ReferenceNumber,number,2
/Record/Section/5/Section/2/Information/0/Name,string,Nuclide
/Record/Section/5/Section/2/Information/0/Value/StringWithMarkup/0/String,string,140Ho
/Record/Section/5/Section/2/Information/0/Value/StringWithMarkup/0/Markup/0/Start,number,0
/Record/Section/5/Section/2/Information/0/Value/StringWithMarkup/0/Markup/0/Length,number,3
/Record/Section/5/Section/2/Information/0/Value/StringWithMarkup/0/Markup/0/Type,string,Superscript
/Record/Section/5/Section/2/Information/0/Value/StringWithMarkup/1/String,string,141Ho
/Record/Section/5/Section/2/Information/0/Value/StringWithMarkup/1/Markup/0/Start,number,0
/Record/Section/5/Section/2/Information/0/Value/StringWithMarkup/1/Markup/0/Length,number,3
/Record/Section/5/Section/2/Information/0/Value/StringWithMarkup/1/Markup/0/Type,string,Superscript
/Record/Section/5/Section/2/Information/0/Value/StringWithMarkup/2/String,string,141Hom
/Record/Section/5/Section/2/Information/0/Value/StringWithMarkup/2/Markup/0/Start,number,0
/Record/Section/5/Section/2/Information/0/Value/StringWithMarkup/2/Markup/0/Length,number,3
/Record/Section/5/Section/2/Information/0/Value/StringWithMarkup/2/Markup/0/Type,string,Superscript
/Record/Section/5/Section/2/Information/0/Value/StringWithMarkup/2/Markup/1/Start,number,5
/Record/Section/5/Section/2/Information/0/Value/StringWithMarkup/2/Markup/1/Length,number,1
/Record/Section/5/Section/2/Information/0/Value/StringWithMarkup/2/Markup/1/Type,string,Superscript
/Record/Section/5/Section/2/Information/0/Value/StringWithMarkup/3/String,string,142Ho
/Record/Section/5/Section/2/Information/0/Value/StringWithMarkup/3/Markup/0/Start,number,0
/Record/Section/5/Section/2/Information/0/Value/StringWithMarkup/3/Markup/0/Length,number,3
/Record/Section/5/Section/2/Information/0/Value/StringWithMarkup/3/Markup/0/Type,string,Superscript
/Record/Section/5/Section/2/Information/0/Value/StringWithMarkup/4/String,string,143Ho
/Record/Section/5/Section/2/Information/0/Value/StringWithMarkup/4/Markup/0/Start,number,0
/Record/Section/5/Section/2/Information/0/Value/StringWithMarkup/4/Markup/0/Length,number,3
/Record/Section/5/Section/2/Information/0/Value/StringWithMarkup/4/Markup/0/Type,string,Superscript
/Record/Section/5/Section/2/Information/0/Value/StringWithMarkup/5/String,string,144Ho
/Record/Section/5/Section/2/Information/0/Value/StringWithMarkup/5/Markup/0/Start,number,0
/Record/Section/5/Section/2/Information/0/Value/StringWithMarkup/5/Markup/0/Length,number,3
/Record/Section/5/Section/2/Information/0/Value/StringWithMarkup/5/Markup/0/Type,string,Superscript
/Record/Section/5/Section/2/Information/0/Value/StringWithMarkup/6/String,string,144Hom
/Record/Section/5/Section/2/Information/0/Value/StringWithMarkup/6/Markup/0/Start,number,0
/Record/Section/5/Section/2/Information/0/Value/StringWithMarkup/6/Markup/0/Length,number,3
/Record/Section/5/Section/2/Information/0/Value/StringWithMarkup/6/Markup/0/Type,string,Superscript
/Record/Section/5/Section/2/Information/0/Value/StringWithMarkup/6/Markup/1/Start,number,5
/Record/Section/5/Section/2/Information/0/Value/StringWithMarkup/6/Markup/1/Length,number,1
/Record/Section/5/Section/2/Information/0/Value/StringWithMarkup/6/Markup/1/Type,string,Superscript
/Record/Section/5/Section/2/Information/0/Value/StringWithMarkup/7/String,string,145Ho
/Record/Section/5/Section/2/Information/0/Value/StringWithMarkup/7/Markup/0/Start,number,0
/Record/Section/5/Section/2/Information/0/Value/StringWithMarkup/7/Markup/0/Length,number,3
/Record/Section/5/Section/2/Information/0/Value/StringWithMarkup/7/Markup/0/Type,string,Superscript
/Record/Section/5/Section/2/Information/0/Value/StringWithMarkup/8/String,string,145Hom
/Record/Section/5/Section/2/Information/0/Value/StringWithMarkup/8/Markup/0/Start,number,0
/Record/Section/5/Section/2/Information/0/Value/StringWithMarkup/8/Markup/0/Length,number,3
/Record/Section/5/Section/2/Information/0/Value/StringWithMarkup/8/Markup/0/Type,string,Superscript
/Record/Section/5/Section/2/Information/0/Value/StringWithMarkup/8/Markup/1/Start,number,5
/Record/Section/5/Section/2/Information/0/Value/StringWithMarkup/8/Markup/1/Length,number,1
/Record/Section/5/Section/2/Information/0/Value/StringWithMarkup/8/Markup/1/Type,string,Superscript
/Record/Section/5/Section/2/Information/0/Value/StringWithMarkup/9/String,string,146Ho
/Record/Section/5/Section/2/Information/0/Value/StringWithMarkup/9/Markup/0/Start,number,0
/Record/Section/5/Section/2/Information/0/Value/StringWithMarkup/9/Markup/0/Length,number,3
/Record/Section/5/Section/2/Information/0/Value/StringWithMarkup/9/Markup/0/Type,string,Superscript
/Record/Section/5/Section/2/Information/0/Value/StringWithMarkup/10/String,string,147Ho
/Record/Section/5/Section/2/Information/0/Value/StringWithMarkup/10/Markup/0/Start,number,0
/Record/Section/5/Section/2/Information/0/Value/StringWithMarkup/10/Markup/0/Length,number,3
/Record/Section/5/Section/2/Information/0/Value/StringWithMarkup/10/Markup/0/Type,string,Superscript
/Record/Section/5/Section/2/Information/0/Value/StringWithMarkup/11/String,string,147Hom
/Record/Section/5/Section/2/Information/0/Value/StringWithMarkup/11/Markup/0/Start,number,0
/Record/Section/5/Section/2/Information/0/Value/StringWithMarkup/11/Markup/0/Length,number,3
/Record/Section/5/Section/2/Information/0/Value/StringWithMarkup/11/Markup/0/Type,string,Superscript
/Record/Section/5/Section/2/Information/0/Value/StringWithMarkup/11/Markup/1/Start,number,5
/Record/Section/5/Section/2/Information/0/Value/StringWithMarkup/11/Markup/1/Length,number,1
/Record/Section/5/Section/2/Information/0/Value/StringWithMarkup/11/Markup/1/Type,string,Superscript
/Record/Section/5/Section/2/Information/0/Value/StringWithMarkup/12/String,string,148Ho
/Record/Section/5/Section/2/Information/0/Value/StringWithMarkup/12/Markup/0/Start,number,0
/Record/Section/5/Section/2/Information/0/Value/StringWithMarkup/12/Markup/0/Length,number,3
/Record/Section/5/Section/2/Information/0/Value/StringWithMarkup/12/Markup/0/Type,string,Superscript
/Record/Section/5/Section/2/Information/0/Value/StringWithMarkup/13/String,string,148Hom
/Record/Section/5/Section/2/Information/0/Value/StringWithMarkup/13/Markup/0/Start,number,0
/Record/Section/5/Section/2/Information/0/Value/StringWithMarkup/13/Markup/0/Length,number,3
/Record/Section/5/Section/2/Information/0/Value/StringWithMarkup/13/Markup/0/Type,string,Superscript
/Record/Section/5/Section/2/Information/0/Value/StringWithMarkup/13/Markup/1/Start,number,5
/Record/Section/5/Section/2/Information/0/Value/StringWithMarkup/13/Markup/1/Length,number,1
/Record/Section/5/Section/2/Information/0/Value/StringWithMarkup/13/Markup/1/Type,string,Superscript
/Record/Section/5/Section/2/Information/0/Value/StringWithMarkup/14/String,string,148Hon
/Record/Section/5/Section/2/Information/0/Value/StringWithMarkup/14/Markup/0/Start,number,0
/Record/Section/5/Section/2/Information/0/Value/StringWithMarkup/14/Markup/0/Length,number,3
/Record/Section/5/Section/2/Information/0/Value/StringWithMarkup/14/Markup/0/Type,string,Superscript
/Record/Section/5/Section/2/Information/0/Value/StringWithMarkup/14/Markup/1/Start,number,5
/Record/Section/5/Section/2/Information/0/Value/StringWithMarkup/14/Markup/1/Length,number,1
/Record/Section/5/Section/2/Information/0/Value/StringWithMarkup/14/Markup/1/Type,string,Superscript
/Record/Section/5/Section/2/Information/0/Value/StringWithMarkup/15/String,string,149Ho
/Record/Section/5/Section/2/Information/0/Value/StringWithMarkup/15/Markup/0/Start,number,0
/Record/Section/5/Section/2/Information/0/Value/StringWithMarkup/15/Markup/0/Length,number,3
/Record/Section/5/Section/2/Information/0/Value/StringWithMarkup/15/Markup/0/Type,string,Superscript
/Record/Section/5/Section/2/Information/0/Value/StringWithMarkup/16/String,string,149Hom
/Record/Section/5/Section/2/Information/0/Value/StringWithMarkup/16/Markup/0/Start,number,0
/Record/Section/5/Section/2/Information/0/Value/StringWithMarkup/16/Markup/0/Length,number,3
/Record/Section/5/Section/2/Information/0/Value/StringWithMarkup/16/Markup/0/Type,string,Superscript
/Record/Section/5/Section/2/Information/0/Value/StringWithMarkup/16/Markup/1/Start,number,5
/Record/Section/5/Section/2/Information/0/Value/StringWithMarkup/16/Markup/1/Length,number,1
/Record/Section/5/Section/2/Information/0/Value/StringWithMarkup/16/Markup/1/Type,string,Superscript
/Record/Section/5/Section/2/Information/0/Value/StringWithMarkup/17/String,string,150Ho
/Record/Section/5/Section/2/Information/0/Value/StringWithMarkup/17/Markup/0/Start,number,0
/Record/Section/5/Section/2/Information/0/Value/StringWithMarkup/17/Markup/0/Length,number,3
/Record/Section/5/Section/2/Information/0/Value/StringWithMarkup/17/Markup/0/Type,string,Superscript
/Record/Section/5/Section/2/Information/0/Value/StringWithMarkup/18/String,string,150Hom
/Record/Section/5/Section/2/Information/0/Value/StringWithMarkup/18/Markup/0/Start,number,0
/Record/Section/5/Section/2/Information/0/Value/StringWithMarkup/18/Markup/0/Length,number,3
/Record/Section/5/Section/2/Information/0/Value/StringWithMarkup/18/Markup/0/Type,string,Superscript
/Record/Section/5/Section/2/Information/0/Value/StringWithMarkup/18/Markup/1/Start,number,5
/Record/Section/5/Section/2/Information/0/Value/StringWithMarkup/18/Markup/1/Length,number,1
/Record/Section/5/Section/2/Information/0/Value/StringWithMarkup/18/Markup/1/Type,string,Superscript
/Record/Section/5/Section/2/Information/0/Value/StringWithMarkup/19/String,string,150Hon
/Record/Section/5/Section/2/Information/0/Value/StringWithMarkup/19/Markup/0/Start,number,0
/Record/Section/5/Section/2/Information/0/Value/StringWithMarkup/19/Markup/0/Length,number,3
/Record/Section/5/Section/2/Information/0/Value/StringWithMarkup/19/Markup/0/Type,string,Superscript
/Record/Section/5/Section/2/Information/0/Value/StringWithMarkup/19/Markup/1/Start,number,5
/Record/Section/5/Section/2/Information/0/Value/StringWithMarkup/19/Markup/1/Length,number,1
/Record/Section/5/Section/2/Information/0/Value/StringWithMarkup/19/Markup/1/Type,string,Superscript
/Record/Section/5/Section/2/Information/0/Value/StringWithMarkup/20/String,string,151Ho
/Record/Section/5/Section/2/Information/0/Value/StringWithMarkup/20/Markup/0/Start,number,0
/Record/Section/5/Section/2/Information/0/Value/StringWithMarkup/20/Markup/0/Length,number,3
/Record/Section/5/Section/2/Information/0/Value/StringWithMarkup/20/Markup/0/Type,string,Superscript
/Record/Section/5/Section/2/Information/0/Value/StringWithMarkup/21/String,string,151Hom
/Record/Section/5/Section/2/Information/0/Value/StringWithMarkup/21/Markup/0/Start,number,0
/Record/Section/5/Section/2/Information/0/Value/StringWithMarkup/21/Markup/0/Length,number,3
/Record/Section/5/Section/2/Information/0/Value/StringWithMarkup/21/Markup/0/Type,string,Superscript
/Record/Section/5/Section/2/Information/0/Value/StringWithMarkup/21/Markup/1/Start,number,5
/Record/Section/5/Section/2/Information/0/Value/StringWithMarkup/21/Markup/1/Length,number,1
/Record/Section/5/Section/2/Information/0/Value/StringWithMarkup/21/Markup/1/Type,string,Superscript
/Record/Section/5/Section/2/Information/0/Value/StringWithMarkup/22/String,string,152Ho
/Record/Section/5/Section/2/Information/0/Value/StringWithMarkup/22/Markup/0/Start,number,0
/Record/Section/5/Section/2/Information/0/Value/StringWithMarkup/22/Markup/0/Length,number,3
/Record/Section/5/Section/2/Information/0/Value/StringWithMarkup/22/Markup/0/Type,string,Superscript
/Record/Section/5/Section/2/Information/0/Value/StringWithMarkup/23/String,string,152Hom
/Record/Section/5/Section/2/Information/0/Value/StringWithMarkup/23/Markup/0/Start,number,0
/Record/Section/5/Section/2/Information/0/Value/StringWithMarkup/23/Markup/0/Length,number,3
/Record/Section/5/Section/2/Information/0/Value/StringWithMarkup/23/Markup/0/Type,string,Superscript
/Record/Section/5/Section/2/Information/0/Value/StringWithMarkup/23/Markup/1/Start,number,5
/Record/Section/5/Section/2/Information/0/Value/StringWithMarkup/23/Markup/1/Length,number,1
/Record/Section/5/Section/2/Information/0/Value/StringWithMarkup/23/Markup/1/Type,string,Superscript
/Record/Section/5/Section/2/Information/0/Value/StringWithMarkup/24/String,string,152Hon
/Record/Section/5/Section/2/Information/0/Value/StringWithMarkup/24/Markup/0/Start,number,0
/Record/Section/5/Section/2/Information/0/Value/StringWithMarkup/24/Markup/0/Length,number,3
/Record/Section/5/Section/2/Information/0/Value/StringWithMarkup/24/Markup/0/Type,string,Superscript
/Record/Section/5/Section/2/Information/0/Value/StringWithMarkup/24/Markup/1/Start,number,5
/Record/Section/5/Section/2/Information/0/Value/StringWithMarkup/24/Markup/1/Length,number,1
/Record/Section/5/Section/2/Information/0/Value/StringWithMarkup/24/Markup/1/Type,string,Superscript
/Record/Section/5/Section/2/Information/0/Value/StringWithMarkup/25/String,string,153Ho
/Record/Section/5/Section/2/Information/0/Value/StringWithMarkup/25/Markup/0/Start,number,0
/Record/Section/5/Section/2/Information/0/Value/StringWithMarkup/25/Markup/0/Length,number,3
/Record/Section/5/Section/2/Information/0/Value/StringWithMarkup/25/Markup/0/Type,string,Superscript
/Record/Section/5/Section/2/Information/0/Value/StringWithMarkup/26/String,string,153Hom
/Record/Section/5/Section/2/Information/0/Value/StringWithMarkup/26/Markup/0/Start,number,0
/Record/Section/5/Section/2/Information/0/Value/StringWithMarkup/26/Markup/0/Length,number,3
/Record/Section/5/Section/2/Information/0/Value/StringWithMarkup/26/Markup/0/Type,string,Superscript
/Record/Section/5/Section/2/Information/0/Value/StringWithMarkup/26/Markup/1/Start,number,5
/Record/Section/5/Section/2/Information/0/Value/StringWithMarkup/26/Markup/1/Length,number,1
/Record/Section/5/Section/2/Information/0/Value/StringWithMarkup/26/Markup/1/Type,string,Superscript
/Record/Section/5/Section/2/Information/0/Value/StringWithMarkup/27/String,string,153Hon
/Record/Section/5/Section/2/Information/0/Value/StringWithMarkup/27/Markup/0/Start,number,0
/Record/Section/5/Section/2/Information/0/Value/StringWithMarkup/27/Markup/0/Length,number,3
/Record/Section/5/Section/2/Information/0/Value/StringWithMarkup/27/Markup/0/Type,string,Superscript
/Record/Section/5/Section/2/Information/0/Value/StringWithMarkup/27/Markup/1/Start,number,5
/Record/Section/5/Section/2/Information/0/Value/StringWithMarkup/27/Markup/1/Length,number,1
/Record/Section/5/Section/2/Information/0/Value/StringWithMarkup/27/Markup/1/Type,string,Superscript
/Record/Section/5/Section/2/Information/0/Value/StringWithMarkup/28/String,string,154Ho
/Record/Section/5/Section/2/Information/0/Value/StringWithMarkup/28/Markup/0/Start,number,0
/Record/Section/5/Section/2/Information/0/Value/StringWithMarkup/28/Markup/0/Length,number,3
/Record/Section/5/Section/2/Information/0/Value/StringWithMarkup/28/Markup/0/Type,string,Superscript
/Record/Section/5/Section/2/Information/0/Value/StringWithMarkup/29/String,string,154Hom
/Record/Section/5/Section/2/Information/0/Value/StringWithMarkup/29/Markup/0/Start,number,0
/Record/Section/5/Section/2/Information/0/Value/StringWithMarkup/29/Markup/0/Length,number,3
/Record/Section/5/Section/2/Information/0/Value/StringWithMarkup/29/Markup/0/Type,string,Superscript
/Record/Section/5/Section/2/Information/0/Value/StringWithMarkup/29/Markup/1/Start,number,5
/Record/Section/5/Section/2/Information/0/Value/StringWithMarkup/29/Markup/1/Length,number,1
/Record/Section/5/Section/2/Information/0/Value/StringWithMarkup/29/Markup/1/Type,string,Superscript
/Record/Section/5/Section/2/Information/0/Value/StringWithMarkup/30/String,string,155Ho
/Record/Section/5/Section/2/Information/0/Value/StringWithMarkup/30/Markup/0/Start,number,0
/Record/Section/5/Section/2/Information/0/Value/StringWithMarkup/30/Markup/0/Length,number,3
/Record/Section/5/Section/2/Information/0/Value/StringWithMarkup/30/Markup/0/Type,string,Superscript
/Record/Section/5/Section/2/Information/0/Value/StringWithMarkup/31/String,string,155Hom
/Record/Section/5/Section/2/Information/0/Value/StringWithMarkup/31/Markup/0/Start,number,0
/Record/Section/5/Section/2/Information/0/Value/StringWithMarkup/31/Markup/0/Length,number,3
/Record/Section/5/Section/2/Information/0/Value/StringWithMarkup/31/Markup/0/Type,string,Superscript
/Record/Section/5/Section/2/Information/0/Value/StringWithMarkup/31/Markup/1/Start,number,5
/Record/Section/5/Section/2/Information/0/Value/StringWithMarkup/31/Markup/1/Length,number,1
/Record/Section/5/Section/2/Information/0/Value/StringWithMarkup/31/Markup/1/Type,string,Superscript
/Record/Section/5/Section/2/Information/0/Value/StringWithMarkup/32/String,string,156Ho
/Record/Section/5/Section/2/Information/0/Value/StringWithMarkup/32/Markup/0/Start,number,0
/Record/Section/5/Section/2/Information/0/Value/StringWithMarkup/32/Markup/0/Length,number,3
/Record/Section/5/Section/2/Information/0/Value/StringWithMarkup/32/Markup/0/Type,string,Superscript
/Record/Section/5/Section/2/Information/0/Value/StringWithMarkup/33/String,string,156Hom
/Record/Section/5/Section/2/Information/0/Value/StringWithMarkup/33/Markup/0/Start,number,0
/Record/Section/5/Section/2/Information/0/Value/StringWithMarkup/33/Markup/0/Length,number,3
/Record/Section/5/Section/2/Information/0/Value/StringWithMarkup/33/Markup/0/Type,string,Superscript
/Record/Section/5/Section/2/Information/0/Value/StringWithMarkup/33/Markup/1/Start,number,5
/Record/Section/5/Section/2/Information/0/Value/StringWithMarkup/33/Markup/1/Length,number,1
/Record/Section/5/Section/2/Information/0/Value/StringWithMarkup/33/Markup/1/Type,string,Superscript
/Record/Section/5/Section/2/Information/0/Value/StringWithMarkup/34/String,string,156Hon
/Record/Section/5/Section/2/Information/0/Value/StringWithMarkup/34/Markup/0/Start,number,0
/Record/Section/5/Section/2/Information/0/Value/StringWithMarkup/34/Markup/0/Length,number,3
/Record/Section/5/Section/2/Information/0/Value/StringWithMarkup/34/Markup/0/Type,string,Superscript
/Record/Section/5/Section/2/Information/0/Value/StringWithMarkup/34/Markup/1/Start,number,5
/Record/Section/5/Section/2/Information/0/Value/StringWithMarkup/34/Markup/1/Length,number,1
/Record/Section/5/Section/2/Information/0/Value/StringWithMarkup/34/Markup/1/Type,string,Superscript
/Record/Section/5/Section/2/Information/0/Value/StringWithMarkup/35/String,string,157Ho
/Record/Section/5/Section/2/Information/0/Value/StringWithMarkup/35/Markup/0/Start,number,0
/Record/Section/5/Section/2/Information/0/Value/StringWithMarkup/35/Markup/0/Length,number,3
/Record/Section/5/Section/2/Information/0/Value/StringWithMarkup/35/Markup/0/Type,string,Superscript
/Record/Section/5/Section/2/Information/0/Value/StringWithMarkup/36/String,string,158Ho
/Record/Section/5/Section/2/Information/0/Value/StringWithMarkup/36/Markup/0/Start,number,0
/Record/Section/5/Section/2/Information/0/Value/StringWithMarkup/36/Markup/0/Length,number,3
/Record/Section/5/Section/2/Information/0/Value/StringWithMarkup/36/Markup/0/Type,string,Superscript
/Record/Section/5/Section/2/Information/0/Value/StringWithMarkup/37/String,string,158Hom
/Record/Section/5/Section/2/Information/0/Value/StringWithMarkup/37/Markup/0/Start,number,0
/Record/Section/5/Section/2/Information/0/Value/StringWithMarkup/37/Markup/0/Length,number,3
/Record/Section/5/Section/2/Information/0/Value/StringWithMarkup/37/Markup/0/Type,string,Superscript
/Record/Section/5/Section/2/Information/0/Value/StringWithMarkup/37/Markup/1/Start,number,5
/Record/Section/5/Section/2/Information/0/Value/StringWithMarkup/37/Markup/1/Length,number,1
/Record/Section/5/Section/2/Information/0/Value/StringWithMarkup/37/Markup/1/Type,string,Superscript
/Record/Section/5/Section/2/Information/0/Value/StringWithMarkup/38/String,string,158Hon
/Record/Section/5/Section/2/Information/0/Value/StringWithMarkup/38/Markup/0/Start,number,0
/Record/Section/5/Section/2/Information/0/Value/StringWithMarkup/38/Markup/0/Length,number,3
/Record/Section/5/Section/2/Information/0/Value/StringWithMarkup/38/Markup/0/Type,string,Superscript
/Record/Section/5/Section/2/Information/0/Value/StringWithMarkup/38/Markup/1/Start,number,5
/Record/Section/5/Section/2/Information/0/Value/StringWithMarkup/38/Markup/1/Length,number,1
/Record/Section/5/Section/2/Information/0/Value/StringWithMarkup/38/Markup/1/Type,string,Superscript
/Record/Section/5/Section/2/Information/0/Value/StringWithMarkup/39/String,string,158Hop
/Record/Section/5/Section/2/Information/0/Value/StringWithMarkup/39/Markup/0/Start,number,0
/Record/Section/5/Section/2/Information/0/Value/StringWithMarkup/39/Markup/0/Length,number,3
/Record/Section/5/Section/2/Information/0/Value/StringWithMarkup/39/Markup/0/Type,string,Superscript
/Record/Section/5/Section/2/Information/0/Value/StringWithMarkup/39/Markup/1/Start,number,5
/Record/Section/5/Section/2/Information/0/Value/StringWithMarkup/39/Markup/1/Length,number,1
/Record/Section/5/Section/2/Information/0/Value/StringWithMarkup/39/Markup/1/Type,string,Superscript
/Record/Section/5/Section/2/Information/0/Value/StringWithMarkup/40/String,string,159Ho
/Record/Section/5/Section/2/Information/0/Value/StringWithMarkup/40/Markup/0/Start,number,0
/Record/Section/5/Section/2/Information/0/Value/StringWithMarkup/40/Markup/0/Length,number,3
/Record/Section/5/Section/2/Information/0/Value/StringWithMarkup/40/Markup/0/Type,string,Superscript
/Record/Section/5/Section/2/Information/0/Value/StringWithMarkup/41/String,string,159Hom
/Record/Section/5/Section/2/Information/0/Value/StringWithMarkup/41/Markup/0/Start,number,0
/Record/Section/5/Section/2/Information/0/Value/StringWithMarkup/41/Markup/0/Length,number,3
/Record/Section/5/Section/2/Information/0/Value/StringWithMarkup/41/Markup/0/Type,string,Superscript
/Record/Section/5/Section/2/Information/0/Value/StringWithMarkup/41/Markup/1/Start,number,5
/Record/Section/5/Section/2/Information/0/Value/StringWithMarkup/41/Markup/1/Length,number,1
/Record/Section/5/Section/2/Information/0/Value/StringWithMarkup/41/Markup/1/Type,string,Superscript
/Record/Section/5/Section/2/Information/0/Value/StringWithMarkup/42/String,string,160Ho
/Record/Section/5/Section/2/Information/0/Value/StringWithMarkup/42/Markup/0/Start,number,0
/Record/Section/5/Section/2/Information/0/Value/StringWithMarkup/42/Markup/0/Length,number,3
/Record/Section/5/Section/2/Information/0/Value/StringWithMarkup/42/Markup/0/Type,string,Superscript
/Record/Section/5/Section/2/Information/0/Value/StringWithMarkup/43/String,string,160Hom
/Record/Section/5/Section/2/Information/0/Value/StringWithMarkup/43/Markup/0/Start,number,0
/Record/Section/5/Section/2/Information/0/Value/StringWithMarkup/43/Markup/0/Length,number,3
/Record/Section/5/Section/2/Information/0/Value/StringWithMarkup/43/Markup/0/Type,string,Superscript
/Record/Section/5/Section/2/Information/0/Value/StringWithMarkup/43/Markup/1/Start,number,5
/Record/Section/5/Section/2/Information/0/Value/StringWithMarkup/43/Markup/1/Length,number,1
/Record/Section/5/Section/2/Information/0/Value/StringWithMarkup/43/Markup/1/Type,string,Superscript
/Record/Section/5/Section/2/Information/0/Value/StringWithMarkup/44/String,string,160Hon
/Record/Section/5/Section/2/Information/0/Value/StringWithMarkup/44/Markup/0/Start,number,0
/Record/Section/5/Section/2/Information/0/Value/StringWithMarkup/44/Markup/0/Length,number,3
/Record/Section/5/Section/2/Information/0/Value/StringWithMarkup/44/Markup/0/Type,string,Superscript
/Record/Section/5/Section/2/Information/0/Value/StringWithMarkup/44/Markup/1/Start,number,5
/Record/Section/5/Section/2/Information/0/Value/StringWithMarkup/44/Markup/1/Length,number,1
/Record/Section/5/Section/2/Information/0/Value/StringWithMarkup/44/Markup/1/Type,string,Superscript
/Record/Section/5/Section/2/Information/0/Value/StringWithMarkup/45/String,string,161Ho
/Record/Section/5/Section/2/Information/0/Value/StringWithMarkup/45/Markup/0/Start,number,0
/Record/Section/5/Section/2/Information/0/Value/StringWithMarkup/45/Markup/0/Length,number,3
/Record/Section/5/Section/2/Information/0/Value/StringWithMarkup/45/Markup/0/Type,string,Superscript
/Record/Section/5/Section/2/Information/0/Value/StringWithMarkup/46/String,string,161Hom
/Record/Section/5/Section/2/Information/0/Value/StringWithMarkup/46/Markup/0/Start,number,0
/Record/Section/5/Section/2/Information/0/Value/StringWithMarkup/46/Markup/0/Length,number,3
/Record/Section/5/Section/2/Information/0/Value/StringWithMarkup/46/Markup/0/Type,string,Superscript
/Record/Section/5/Section/2/Information/0/Value/StringWithMarkup/46/Markup/1/Start,number,5
/Record/Section/5/Section/2/Information/0/Value/StringWithMarkup/46/Markup/1/Length,number,1
/Record/Section/5/Section/2/Information/0/Value/StringWithMarkup/46/Markup/1/Type,string,Superscript
/Record/Section/5/Section/2/Information/0/Value/StringWithMarkup/47/String,string,162Ho
/Record/Section/5/Section/2/Information/0/Value/StringWithMarkup/47/Markup/0/Start,number,0
/Record/Section/5/Section/2/Information/0/Value/StringWithMarkup/47/Markup/0/Length,number,3
/Record/Section/5/Section/2/Information/0/Value/StringWithMarkup/47/Markup/0/Type,string,Superscript
/Record/Section/5/Section/2/Information/0/Value/StringWithMarkup/48/String,string,162Hom
/Record/Section/5/Section/2/Information/0/Value/StringWithMarkup/48/Markup/0/Start,number,0
/Record/Section/5/Section/2/Information/0/Value/StringWithMarkup/48/Markup/0/Length,number,3
/Record/Section/5/Section/2/Information/0/Value/StringWithMarkup/48/Markup/0/Type,string,Superscript
/Record/Section/5/Section/2/Information/0/Value/StringWithMarkup/48/Markup/1/Start,number,5
/Record/Section/5/Section/2/Information/0/Value/StringWithMarkup/48/Markup/1/Length,number,1
/Record/Section/5/Section/2/Information/0/Value/StringWithMarkup/48/Markup/1/Type,string,Superscript
/Record/Section/5/Section/2/Information/0/Value/StringWithMarkup/49/String,string,163Ho
/Record/Section/5/Section/2/Information/0/Value/StringWithMarkup/49/Markup/0/Start,number,0
/Record/Section/5/Section/2/Information/0/Value/StringWithMarkup/49/Markup/0/Length,number,3
/Record/Section/5/Section/2/Information/0/Value/StringWithMarkup/49/Markup/0/Type,string,Superscript
/Record/Section/5/Section/2/Information/0/Value/StringWithMarkup/50/String,string,163Hom
/Record/Section/5/Section/2/Information/0/Value/StringWithMarkup/50/Markup/0/Start,number,0
/Record/Section/5/Section/2/Information/0/Value/StringWithMarkup/50/Markup/0/Length,number,3
/Record/Section/5/Section/2/Information/0/Value/StringWithMarkup/50/Markup/0/Type,string,Superscript
/Record/Section/5/Section/2/Information/0/Value/StringWithMarkup/50/Markup/1/Start,number,5
/Record/Section/5/Section/2/Information/0/Value/StringWithMarkup/50/Markup/1/Length,number,1
/Record/Section/5/Section/2/Information/0/Value/StringWithMarkup/50/Markup/1/Type,string,Superscript
/Record/Section/5/Section/2/Information/0/Value/StringWithMarkup/51/String,string,163Hon
/Record/Section/5/Section/2/Information/0/Value/StringWithMarkup/51/Markup/0/Start,number,0
/Record/Section/5/Section/2/Information/0/Value/StringWithMarkup/51/Markup/0/Length,number,3
/Record/Section/5/Section/2/Information/0/Value/StringWithMarkup/51/Markup/0/Type,string,Superscript
/Record/Section/5/Section/2/Information/0/Value/StringWithMarkup/51/Markup/1/Start,number,5
/Record/Section/5/Section/2/Information/0/Value/StringWithMarkup/51/Markup/1/Length,number,1
/Record/Section/5/Section/2/Information/0/Value/StringWithMarkup/51/Markup/1/Type,string,Superscript
/Record/Section/5/Section/2/Information/0/Value/StringWithMarkup/52/String,string,164Ho
/Record/Section/5/Section/2/Information/0/Value/StringWithMarkup/52/Markup/0/Start,number,0
/Record/Section/5/Section/2/Information/0/Value/StringWithMarkup/52/Markup/0/Length,number,3
/Record/Section/5/Section/2/Information/0/Value/StringWithMarkup/52/Markup/0/Type,string,Superscript
/Record/Section/5/Section/2/Information/0/Value/StringWithMarkup/53/String,string,164Hom
/Record/Section/5/Section/2/Information/0/Value/StringWithMarkup/53/Markup/0/Start,number,0
/Record/Section/5/Section/2/Information/0/Value/StringWithMarkup/53/Markup/0/Length,number,3
/Record/Section/5/Section/2/Information/0/Value/StringWithMarkup/53/Markup/0/Type,string,Superscript
/Record/Section/5/Section/2/Information/0/Value/StringWithMarkup/53/Markup/1/Start,number,5
/Record/Section/5/Section/2/Information/0/Value/StringWithMarkup/53/Markup/1/Length,number,1
/Record/Section/5/Section/2/Information/0/Value/StringWithMarkup/53/Markup/1/Type,string,Superscript
/Record/Section/5/Section/2/Information/0/Value/StringWithMarkup/54/String,string,165Ho
/Record/Section/5/Section/2/Information/0/Value/StringWithMarkup/54/Markup/0/Start,number,0
/Record/Section/5/Section/2/Information/0/Value/StringWithMarkup/54/Markup/0/Length,number,3
/Record/Section/5/Section/2/Information/0/Value/StringWithMarkup/54/Markup/0/Type,string,Superscript
/Record/Section/5/Section/2/Information/0/Value/StringWithMarkup/55/String,string,165Hom
/Record/Section/5/Section/2/Information/0/Value/StringWithMarkup/55/Markup/0/Start,number,0
/Record/Section/5/Section/2/Information/0/Value/StringWithMarkup/55/Markup/0/Length,number,3
/Record/Section/5/Section/2/Information/0/Value/StringWithMarkup/55/Markup/0/Type,string,Superscript
/Record/Section/5/Section/2/Information/0/Value/StringWithMarkup/55/Markup/1/Start,number,5
/Record/Section/5/Section/2/Information/0/Value/StringWithMarkup/55/Markup/1/Length,number,1
/Record/Section/5/Section/2/Information/0/Value/StringWithMarkup/55/Markup/1/Type,string,Superscript
/Record/Section/5/Section/2/Information/0/Value/StringWithMarkup/56/String,string,165Hon
/Record/Section/5/Section/2/Information/0/Value/StringWithMarkup/56/Markup/0/Start,number,0
/Record/Section/5/Section/2/Information/0/Value/StringWithMarkup/56/Markup/0/Length,number,3
/Record/Section/5/Section/2/Information/0/Value/StringWithMarkup/56/Markup/0/Type,string,Superscript
/Record/Section/5/Section/2/Information/0/Value/StringWithMarkup/56/Markup/1/Start,number,5
/Record/Section/5/Section/2/Information/0/Value/StringWithMarkup/56/Markup/1/Length,number,1
/Record/Section/5/Section/2/Information/0/Value/StringWithMarkup/56/Markup/1/Type,string,Superscript
/Record/Section/5/Section/2/Information/0/Value/StringWithMarkup/57/String,string,166Ho
/Record/Section/5/Section/2/Information/0/Value/StringWithMarkup/57/Markup/0/Start,number,0
/Record/Section/5/Section/2/Information/0/Value/StringWithMarkup/57/Markup/0/Length,number,3
/Record/Section/5/Section/2/Information/0/Value/StringWithMarkup/57/Markup/0/Type,string,Superscript
/Record/Section/5/Section/2/Information/0/Value/StringWithMarkup/58/String,string,166Hom
/Record/Section/5/Section/2/Information/0/Value/StringWithMarkup/58/Markup/0/Start,number,0
/Record/Section/5/Section/2/Information/0/Value/StringWithMarkup/58/Markup/0/Length,number,3
/Record/Section/5/Section/2/Information/0/Value/StringWithMarkup/58/Markup/0/Type,string,Superscript
/Record/Section/5/Section/2/Information/0/Value/StringWithMarkup/58/Markup/1/Start,number,5
/Record/Section/5/Section/2/Information/0/Value/StringWithMarkup/58/Markup/1/Length,number,1
/Record/Section/5/Section/2/Information/0/Value/StringWithMarkup/58/Markup/1/Type,string,Superscript
/Record/Section/5/Section/2/Information/0/Value/StringWithMarkup/59/String,string,166Hon
/Record/Section/5/Section/2/Information/0/Value/StringWithMarkup/59/Markup/0/Start,number,0
/Record/Section/5/Section/2/Information/0/Value/StringWithMarkup/59/Markup/0/Length,number,3
/Record/Section/5/Section/2/Information/0/Value/StringWithMarkup/59/Markup/0/Type,string,Superscript
/Record/Section/5/Section/2/Information/0/Value/StringWithMarkup/59/Markup/1/Start,number,5
/Record/Section/5/Section/2/Information/0/Value/StringWithMarkup/59/Markup/1/Length,number,1
/Record/Section/5/Section/2/Information/0/Value/StringWithMarkup/59/Markup/1/Type,string,Superscript
/Record/Section/5/Section/2/Information/0/Value/StringWithMarkup/60/String,string,167Ho
/Record/Section/5/Section/2/Information/0/Value/StringWithMarkup/60/Markup/0/Start,number,0
/Record/Section/5/Section/2/Information/0/Value/StringWithMarkup/60/Markup/0/Length,number,3
/Record/Section/5/Section/2/Information/0/Value/StringWithMarkup/60/Markup/0/Type,string,Superscript
/Record/Section/5/Section/2/Information/0/Value/StringWithMarkup/61/String,string,167Hom
/Record/Section/5/Section/2/Information/0/Value/StringWithMarkup/61/Markup/0/Start,number,0
/Record/Section/5/Section/2/Information/0/Value/StringWithMarkup/61/Markup/0/Length,number,3
/Record/Section/5/Section/2/Information/0/Value/StringWithMarkup/61/Markup/0/Type,string,Superscript
/Record/Section/5/Section/2/Information/0/Value/StringWithMarkup/61/Markup/1/Start,number,5
/Record/Section/5/Section/2/Information/0/Value/StringWithMarkup/61/Markup/1/Length,number,1
/Record/Section/5/Section/2/Information/0/Value/StringWithMarkup/61/Markup/1/Type,string,Superscript
/Record/Section/5/Section/2/Information/0/Value/StringWithMarkup/62/String,string,168Ho
/Record/Section/5/Section/2/Information/0/Value/StringWithMarkup/62/Markup/0/Start,number,0
/Record/Section/5/Section/2/Information/0/Value/StringWithMarkup/62/Markup/0/Length,number,3
/Record/Section/5/Section/2/Information/0/Value/StringWithMarkup/62/Markup/0/Type,string,Superscript
/Record/Section/5/Section/2/Information/0/Value/StringWithMarkup/63/String,string,168Hom
/Record/Section/5/Section/2/Information/0/Value/StringWithMarkup/63/Markup/0/Start,number,0
/Record/Section/5/Section/2/Information/0/Value/StringWithMarkup/63/Markup/0/Length,number,3
/Record/Section/5/Section/2/Information/0/Value/StringWithMarkup/63/Markup/0/Type,string,Superscript
/Record/Section/5/Section/2/Information/0/Value/StringWithMarkup/63/Markup/1/Start,number,5
/Record/Section/5/Section/2/Information/0/Value/StringWithMarkup/63/Markup/1/Length,number,1
/Record/Section/5/Section/2/Information/0/Value/StringWithMarkup/63/Markup/1/Type,string,Superscript
/Record/Section/5/Section/2/Information/0/Value/StringWithMarkup/64/String,string,168Hon
/Record/Section/5/Section/2/Information/0/Value/StringWithMarkup/64/Markup/0/Start,number,0
/Record/Section/5/Section/2/Information/0/Value/StringWithMarkup/64/Markup/0/Length,number,3
/Record/Section/5/Section/2/Information/0/Value/StringWithMarkup/64/Markup/0/Type,string,Superscript
/Record/Section/5/Section/2/Information/0/Value/StringWithMarkup/64/Markup/1/Start,number,5
/Record/Section/5/Section/2/Information/0/Value/StringWithMarkup/64/Markup/1/Length,number,1
/Record/Section/5/Section/2/Information/0/Value/StringWithMarkup/64/Markup/1/Type,string,Superscript
/Record/Section/5/Section/2/Information/0/Value/StringWithMarkup/65/String,string,168Hop
/Record/Section/5/Section/2/Information/0/Value/StringWithMarkup/65/Markup/0/Start,number,0
/Record/Section/5/Section/2/Information/0/Value/StringWithMarkup/65/Markup/0/Length,number,3
/Record/Section/5/Section/2/Information/0/Value/StringWithMarkup/65/Markup/0/Type,string,Superscript
/Record/Section/5/Section/2/Information/0/Value/StringWithMarkup/65/Markup/1/Start,number,5
/Record/Section/5/Section/2/Information/0/Value/StringWithMarkup/65/Markup/1/Length,number,1
/Record/Section/5/Section/2/Information/0/Value/StringWithMarkup/65/Markup/1/Type,string,Superscript
/Record/Section/5/Section/2/Information/0/Value/StringWithMarkup/66/String,string,169Ho
/Record/Section/5/Section/2/Information/0/Value/StringWithMarkup/66/Markup/0/Start,number,0
/Record/Section/5/Section/2/Information/0/Value/StringWithMarkup/66/Markup/0/Length,number,3
/Record/Section/5/Section/2/Information/0/Value/StringWithMarkup/66/Markup/0/Type,string,Superscript
/Record/Section/5/Section/2/Information/0/Value/StringWithMarkup/67/String,string,169Hom
/Record/Section/5/Section/2/Information/0/Value/StringWithMarkup/67/Markup/0/Start,number,0
/Record/Section/5/Section/2/Information/0/Value/StringWithMarkup/67/Markup/0/Length,number,3
/Record/Section/5/Section/2/Information/0/Value/StringWithMarkup/67/Markup/0/Type,string,Superscript
/Record/Section/5/Section/2/Information/0/Value/StringWithMarkup/67/Markup/1/Start,number,5
/Record/Section/5/Section/2/Information/0/Value/StringWithMarkup/67/Markup/1/Length,number,1
/Record/Section/5/Section/2/Information/0/Value/StringWithMarkup/67/Markup/1/Type,string,Superscript
/Record/Section/5/Section/2/Information/0/Value/StringWithMarkup/68/String,string,170Ho
/Record/Section/5/Section/2/Information/0/Value/StringWithMarkup/68/Markup/0/Start,number,0
/Record/Section/5/Section/2/Information/0/Value/StringWithMarkup/68/Markup/0/Length,number,3
/Record/Section/5/Section/2/Information/0/Value/StringWithMarkup/68/Markup/0/Type,string,Superscript
/Record/Section/5/Section/2/Information/0/Value/StringWithMarkup/69/String,string,170Hom
/Record/Section/5/Section/2/Information/0/Value/StringWithMarkup/69/Markup/0/Start,number,0
/Record/Section/5/Section/2/Information/0/Value/StringWithMarkup/69/Markup/0/Length,number,3
/Record/Section/5/Section/2/Information/0/Value/StringWithMarkup/69/Markup/0/Type,string,Superscript
/Record/Section/5/Section/2/Information/0/Value/StringWithMarkup/69/Markup/1/Start,number,5
/Record/Section/5/Section/2/Information/0/Value/StringWithMarkup/69/Markup/1/Length,number,1
/Record/Section/5/Section/2/Information/0/Value/StringWithMarkup/69/Markup/1/Type,string,Superscript
/Record/Section/5/Section/2/Information/0/Value/StringWithMarkup/70/String,string,171Ho
/Record/Section/5/Section/2/Information/0/Value/StringWithMarkup/70/Markup/0/Start,number,0
/Record/Section/5/Section/2/Information/0/Value/StringWithMarkup/70/Markup/0/Length,number,3
/Record/Section/5/Section/2/Information/0/Value/StringWithMarkup/70/Markup/0/Type,string,Superscript
/Record/Section/5/Section/2/Information/0/Value/StringWithMarkup/71/String,string,172Ho
/Record/Section/5/Section/2/Information/0/Value/StringWithMarkup/71/Markup/0/Start,number,0
/Record/Section/5/Section/2/Information/0/Value/StringWithMarkup/71/Markup/0/Length,number,3
/Record/Section/5/Section/2/Information/0/Value/StringWithMarkup/71/Markup/0/Type,string,Superscript
/Record/Section/5/Section/2/Information/0/Value/StringWithMarkup/72/String,string,173Ho
/Record/Section/5/Section/2/Information/0/Value/StringWithMarkup/72/Markup/0/Start,number,0
/Record/Section/5/Section/2/Information/0/Value/StringWithMarkup/72/Markup/0/Length,number,3
/Record/Section/5/Section/2/Information/0/Value/StringWithMarkup/72/Markup/0/Type,string,Superscript
/Record/Section/5/Section/2/Information/0/Value/StringWithMarkup/73/String,string,173Hom
/Record/Section/5/Section/2/Information/0/Value/StringWithMarkup/73/Markup/0/Start,number,0
/Record/Section/5/Section/2/Information/0/Value/StringWithMarkup/73/Markup/0/Length,number,3
/Record/Section/5/Section/2/Information/0/Value/StringWithMarkup/73/Markup/0/Type,string,Superscript
/Record/Section/5/Section/2/Information/0/Value/StringWithMarkup/73/Markup/1/Start,number,5
/Record/Section/5/Section/2/Information/0/Value/StringWithMarkup/73/Markup/1/Length,number,1
/Record/Section/5/Section/2/Information/0/Value/StringWithMarkup/73/Markup/1/Type,string,Superscript
/Record/Section/5/Section/2/Information/0/Value/StringWithMarkup/74/String,string,174Ho
/Record/Section/5/Section/2/Information/0/Value/StringWithMarkup/74/Markup/0/Start,number,0
/Record/Section/5/Section/2/Information/0/Value/StringWithMarkup/74/Markup/0/Length,number,3
/Record/Section/5/Section/2/Information/0/Value/StringWithMarkup/74/Markup/0/Type,string,Superscript
/Record/Section/5/Section/2/Information/0/Value/StringWithMarkup/75/String,string,175Ho
/Record/Section/5/Section/2/Information/0/Value/StringWithMarkup/75/Markup/0/Start,number,0
/Record/Section/5/Section/2/Information/0/Value/StringWithMarkup/75/Markup/0/Length,number,3
/Record/Section/5/Section/2/Information/0/Value/StringWithMarkup/75/Markup/0/Type,string,Superscript
/Record/Section/5/Section/2/Information/0/Value/StringWithMarkup/76/String,string,176Ho
/Record/Section/5/Section/2/Information/0/Value/StringWithMarkup/76/Markup/0/Start,number,0
/Record/Section/5/Section/2/Information/0/Value/StringWithMarkup/76/Markup/0/Length,number,3
/Record/Section/5/Section/2/Information/0/Value/StringWithMarkup/76/Markup/0/Type,string,Superscript
/Record/Section/5/Section/2/Information/0/Value/StringWithMarkup/77/String,string,177Ho
/Record/Section/5/Section/2/Information/0/Value/StringWithMarkup/77/Markup/0/Start,number,0
/Record/Section/5/Section/2/Information/0/Value/StringWithMarkup/77/Markup/0/Length,number,3
/Record/Section/5/Section/2/Information/0/Value/StringWithMarkup/77/Markup/0/Type,string,Superscript
/Record/Section/5/Section/2/Information/0/Value/StringWithMarkup/78/String,string,178Ho
/Record/Section/5/Section/2/Information/0/Value/StringWithMarkup/78/Markup/0/Start,number,0
/Record/Section/5/Section/2/Information/0/Value/StringWithMarkup/78/Markup/0/Length,number,3
/Record/Section/5/Section/2/Information/0/Value/StringWithMarkup/78/Markup/0/Type,string,Superscript
/Record/Section/5/Section/2/Information/1/ReferenceNumber,number,2
/Record/Section/5/Section/2/Information/1/Name,string,Atomic Mass and Uncertainty [u]
/Record/Section/5/Section/2/Information/1/Value/StringWithMarkup/0/String,string,139.968526 ± 0.000537 [Estimated]
/Record/Section/5/Section/2/Information/1/Value/StringWithMarkup/1/String,string,140.963108 ± 0.00043 [Estimated]
/Record/Section/5/Section/2/Information/1/Value/StringWithMarkup/2/String,string,140.963108 ± 0.00043 [Estimated]
/Record/Section/5/Section/2/Information/1/Value/StringWithMarkup/3/String,string,141.960010 ± 0.00043 [Estimated]
/Record/Section/5/Section/2/Information/1/Value/StringWithMarkup/4/String,string,142.954860 ± 0.00032 [Estimated]
/Record/Section/5/Section/2/Information/1/Value/StringWithMarkup/5/String,string,143.952109712 ± 0.0000091
/Record/Section/5/Section/2/Information/1/Value/StringWithMarkup/6/String,string,143.952109712 ± 0.0000091
/Record/Section/5/Section/2/Information/1/Value/StringWithMarkup/7/String,string,144.947267392 ± 0.000008
/Record/Section/5/Section/2/Information/1/Value/StringWithMarkup/8/String,string,144.947267392 ± 0.000008
/Record/Section/5/Section/2/Information/1/Value/StringWithMarkup/9/String,string,145.944993503 ± 0.000007071
/Record/Section/5/Section/2/Information/1/Value/StringWithMarkup/10/String,string,146.940142293 ± 0.000005368
/Record/Section/5/Section/2/Information/1/Value/StringWithMarkup/11/String,string,146.940142293 ± 0.000005368
/Record/Section/5/Section/2/Information/1/Value/StringWithMarkup/12/String,string,147.937743925 ± 0.00009
/Record/Section/5/Section/2/Information/1/Value/StringWithMarkup/13/String,string,147.937743925 ± 0.00009
/Record/Section/5/Section/2/Information/1/Value/StringWithMarkup/14/String,string,147.937743925 ± 0.00009
/Record/Section/5/Section/2/Information/1/Value/StringWithMarkup/15/String,string,148.933820457 ± 0.000012866
/Record/Section/5/Section/2/Information/1/Value/StringWithMarkup/16/String,string,148.933820457 ± 0.000012866
/Record/Section/5/Section/2/Information/1/Value/StringWithMarkup/17/String,string,149.933498353 ± 0.000015209
/Record/Section/5/Section/2/Information/1/Value/StringWithMarkup/18/String,string,149.933498353 ± 0.000015209
/Record/Section/5/Section/2/Information/1/Value/StringWithMarkup/19/String,string,149.933498353 ± 0.000015209
/Record/Section/5/Section/2/Information/1/Value/StringWithMarkup/20/String,string,150.931698176 ± 0.000008908
/Record/Section/5/Section/2/Information/1/Value/StringWithMarkup/21/String,string,150.931698176 ± 0.000008908
/Record/Section/5/Section/2/Information/1/Value/StringWithMarkup/22/String,string,151.931717618 ± 0.000013449
/Record/Section/5/Section/2/Information/1/Value/StringWithMarkup/23/String,string,151.931717618 ± 0.000013449
/Record/Section/5/Section/2/Information/1/Value/StringWithMarkup/24/String,string,151.931717618 ± 0.000013449
/Record/Section/5/Section/2/Information/1/Value/StringWithMarkup/25/String,string,152.930206671 ± 0.000005438
/Record/Section/5/Section/2/Information/1/Value/StringWithMarkup/26/String,string,152.930206671 ± 0.000005438
/Record/Section/5/Section/2/Information/1/Value/StringWithMarkup/27/String,string,152.930206671 ± 0.000005438
/Record/Section/5/Section/2/Information/1/Value/StringWithMarkup/28/String,string,153.930606776 ± 0.00000882
/Record/Section/5/Section/2/Information/1/Value/StringWithMarkup/29/String,string,153.930606776 ± 0.00000882
/Record/Section/5/Section/2/Information/1/Value/StringWithMarkup/30/String,string,154.929103363 ± 0.000018754
/Record/Section/5/Section/2/Information/1/Value/StringWithMarkup/31/String,string,154.929103363 ± 0.000018754
/Record/Section/5/Section/2/Information/1/Value/StringWithMarkup/32/String,string,155.929641634 ± 0.000041249
/Record/Section/5/Section/2/Information/1/Value/StringWithMarkup/33/String,string,155.929641634 ± 0.000041249
/Record/Section/5/Section/2/Information/1/Value/StringWithMarkup/34/String,string,155.929641634 ± 0.000041249
/Record/Section/5/Section/2/Information/1/Value/StringWithMarkup/35/String,string,156.928251974 ± 0.000025194
/Record/Section/5/Section/2/Information/1/Value/StringWithMarkup/36/String,string,157.928944910 ± 0.000029099
/Record/Section/5/Section/2/Information/1/Value/StringWithMarkup/37/String,string,157.928944910 ± 0.000029099
/Record/Section/5/Section/2/Information/1/Value/StringWithMarkup/38/String,string,157.928944910 ± 0.000029099
/Record/Section/5/Section/2/Information/1/Value/StringWithMarkup/39/String,string,157.928944910 ± 0.000029099
/Record/Section/5/Section/2/Information/1/Value/StringWithMarkup/40/String,string,158.927718683 ± 0.000003268
/Record/Section/5/Section/2/Information/1/Value/StringWithMarkup/41/String,string,158.927718683 ± 0.000003268
/Record/Section/5/Section/2/Information/1/Value/StringWithMarkup/42/String,string,159.928735538 ± 0.00001612
/Record/Section/5/Section/2/Information/1/Value/StringWithMarkup/43/String,string,159.928735538 ± 0.00001612
/Record/Section/5/Section/2/Information/1/Value/StringWithMarkup/44/String,string,159.928735538 ± 0.00001612
/Record/Section/5/Section/2/Information/1/Value/StringWithMarkup/45/String,string,160.927861815 ± 0.000002309
/Record/Section/5/Section/2/Information/1/Value/StringWithMarkup/46/String,string,160.927861815 ± 0.000002309
/Record/Section/5/Section/2/Information/1/Value/StringWithMarkup/47/String,string,161.929102543 ± 0.00000333
/Record/Section/5/Section/2/Information/1/Value/StringWithMarkup/48/String,string,161.929102543 ± 0.00000333
/Record/Section/5/Section/2/Information/1/Value/StringWithMarkup/49/String,string,162.928740260 ± 0.000000744
/Record/Section/5/Section/2/Information/1/Value/StringWithMarkup/50/String,string,162.928740260 ± 0.000000744
/Record/Section/5/Section/2/Information/1/Value/StringWithMarkup/51/String,string,162.928740260 ± 0.000000744
/Record/Section/5/Section/2/Information/1/Value/StringWithMarkup/52/String,string,163.930240548 ± 0.000001492
/Record/Section/5/Section/2/Information/1/Value/StringWithMarkup/53/String,string,163.930240548 ± 0.000001492
/Record/Section/5/Section/2/Information/1/Value/StringWithMarkup/54/String,string,164.930329116 ± 0.000000844
/Record/Section/5/Section/2/Information/1/Value/StringWithMarkup/55/String,string,164.930329116 ± 0.000000844
/Record/Section/5/Section/2/Information/1/Value/StringWithMarkup/56/String,string,164.930329116 ± 0.000000844
/Record/Section/5/Section/2/Information/1/Value/StringWithMarkup/57/String,string,165.932291209 ± 0.000000844
/Record/Section/5/Section/2/Information/1/Value/StringWithMarkup/58/String,string,165.932291209 ± 0.000000844
/Record/Section/5/Section/2/Information/1/Value/StringWithMarkup/59/String,string,165.932291209 ± 0.000000844
/Record/Section/5/Section/2/Information/1/Value/StringWithMarkup/60/String,string,166.933140254 ± 0.00000557
/Record/Section/5/Section/2/Information/1/Value/StringWithMarkup/61/String,string,166.933140254 ± 0.00000557
/Record/Section/5/Section/2/Information/1/Value/StringWithMarkup/62/String,string,167.935523766 ± 0.000032207
/Record/Section/5/Section/2/Information/1/Value/StringWithMarkup/63/String,string,167.935523766 ± 0.000032207
/Record/Section/5/Section/2/Information/1/Value/StringWithMarkup/64/String,string,167.935523766 ± 0.000032207
/Record/Section/5/Section/2/Information/1/Value/StringWithMarkup/65/String,string,167.935523766 ± 0.000032207
/Record/Section/5/Section/2/Information/1/Value/StringWithMarkup/66/String,string,168.936879890 ± 0.000021522
/Record/Section/5/Section/2/Information/1/Value/StringWithMarkup/67/String,string,168.936879890 ± 0.000021522
/Record/Section/5/Section/2/Information/1/Value/StringWithMarkup/68/String,string,169.939626548 ± 0.000053697
/Record/Section/5/Section/2/Information/1/Value/StringWithMarkup/69/String,string,169.939626548 ± 0.000053697
/Record/Section/5/Section/2/Information/1/Value/StringWithMarkup/70/String,string,170.941472713 ± 0.000644128
/Record/Section/5/Section/2/Information/1/Value/StringWithMarkup/71/String,string,171.944730 ± 0.00021 [Estimated]
/Record/Section/5/Section/2/Information/1/Value/StringWithMarkup/72/String,string,172.947020 ± 0.00032 [Estimated]
/Record/Section/5/Section/2/Information/1/Value/StringWithMarkup/73/String,string,172.947020 ± 0.00032 [Estimated]
/Record/Section/5/Section/2/Information/1/Value/StringWithMarkup/74/String,string,173.950757 ± 0.000322 [Estimated]
/Record/Section/5/Section/2/Information/1/Value/StringWithMarkup/75/String,string,174.953516 ± 0.000429 [Estimated]
/Record/Section/5/Section/2/Information/1/Value/StringWithMarkup/76/String,string,175.957713 ± 0.000537 [Estimated]
/Record/Section/5/Section/2/Information/1/Value/StringWithMarkup/77/String,string,176.961052 ± 0.000537 [Estimated]
/Record/Section/5/Section/2/Information/1/Value/StringWithMarkup/78/String,string,177.965507 ± 0.000537 [Estimated]
/Record/Section/5/Section/2/Information/2/ReferenceNumber,number,2
/Record/Section/5/Section/2/Information/2/Name,string,Half Life and Uncertainty
/Record/Section/5/Section/2/Information/2/Value/StringWithMarkup/0/String,string,6 ms ± 3
/Record/Section/5/Section/2/Information/2/Value/StringWithMarkup/1/String,string,4.1 ms ± 0.1
/Record/Section/5/Section/2/Information/2/Value/StringWithMarkup/2/String,string,7.3 us ± 0.3
/Record/Section/5/Section/2/Information/2/Value/StringWithMarkup/3/String,string,400 ms ± 100
/Record/Section/5/Section/2/Information/2/Value/StringWithMarkup/4/String,string,300 ms >200ns [Estimated]
/Record/Section/5/Section/2/Information/2/Value/StringWithMarkup/5/String,string,700 ms ± 100
/Record/Section/5/Section/2/Information/2/Value/StringWithMarkup/6/String,string,519 ns ± 5
/Record/Section/5/Section/2/Information/2/Value/StringWithMarkup/7/String,string,2.4 s ± 0.1
/Record/Section/5/Section/2/Information/2/Value/StringWithMarkup/8/String,string,100 ms [Estimated]
/Record/Section/5/Section/2/Information/2/Value/StringWithMarkup/9/String,string,3.32 s ± 0.22
/Record/Section/5/Section/2/Information/2/Value/StringWithMarkup/10/String,string,5.8 s ± 0.4
/Record/Section/5/Section/2/Information/2/Value/StringWithMarkup/11/String,string,315 ns ± 30
/Record/Section/5/Section/2/Information/2/Value/StringWithMarkup/12/String,string,2.2 s ± 1.1
/Record/Section/5/Section/2/Information/2/Value/StringWithMarkup/13/String,string,9.49 s ± 0.12
/Record/Section/5/Section/2/Information/2/Value/StringWithMarkup/14/String,string,2.36 ms ± 0.06
/Record/Section/5/Section/2/Information/2/Value/StringWithMarkup/15/String,string,21.1 s ± 0.2
/Record/Section/5/Section/2/Information/2/Value/StringWithMarkup/16/String,string,56 s ± 3
/Record/Section/5/Section/2/Information/2/Value/StringWithMarkup/17/String,string,76.8 s ± 1.8
/Record/Section/5/Section/2/Information/2/Value/StringWithMarkup/18/String,string,23.3 s ± 0.3
/Record/Section/5/Section/2/Information/2/Value/StringWithMarkup/19/String,string,787 ns ± 36
/Record/Section/5/Section/2/Information/2/Value/StringWithMarkup/20/String,string,35.2 s ± 0.1
/Record/Section/5/Section/2/Information/2/Value/StringWithMarkup/21/String,string,47.2 s ± 1.3
/Record/Section/5/Section/2/Information/2/Value/StringWithMarkup/22/String,string,161.8 s ± 0.3
/Record/Section/5/Section/2/Information/2/Value/StringWithMarkup/23/String,string,49.8 s ± 0.2
/Record/Section/5/Section/2/Information/2/Value/StringWithMarkup/24/String,string,8.4 us ± 0.3
/Record/Section/5/Section/2/Information/2/Value/StringWithMarkup/25/String,string,2.01 m ± 0.03
/Record/Section/5/Section/2/Information/2/Value/StringWithMarkup/26/String,string,9.3 m ± 0.5
/Record/Section/5/Section/2/Information/2/Value/StringWithMarkup/27/String,string,229 ns ± 2
/Record/Section/5/Section/2/Information/2/Value/StringWithMarkup/28/String,string,11.76 m ± 0.19
/Record/Section/5/Section/2/Information/2/Value/StringWithMarkup/29/String,string,3.10 m ± 0.14
/Record/Section/5/Section/2/Information/2/Value/StringWithMarkup/30/String,string,48 m ± 2
/Record/Section/5/Section/2/Information/2/Value/StringWithMarkup/31/String,string,880 us ± 80
/Record/Section/5/Section/2/Information/2/Value/StringWithMarkup/32/String,string,56 m ± 1
/Record/Section/5/Section/2/Information/2/Value/StringWithMarkup/33/String,string,9.5 s ± 1.5
/Record/Section/5/Section/2/Information/2/Value/StringWithMarkup/34/String,string,7.6 m ± 0.3
/Record/Section/5/Section/2/Information/2/Value/StringWithMarkup/35/String,string,12.6 m ± 0.2
/Record/Section/5/Section/2/Information/2/Value/StringWithMarkup/36/String,string,11.3 m ± 0.4
/Record/Section/5/Section/2/Information/2/Value/StringWithMarkup/37/String,string,28 m ± 2
/Record/Section/5/Section/2/Information/2/Value/StringWithMarkup/38/String,string,140 ns ± 25
/Record/Section/5/Section/2/Information/2/Value/StringWithMarkup/39/String,string,21.3 m ± 2.3
/Record/Section/5/Section/2/Information/2/Value/StringWithMarkup/40/String,string,33.05 m ± 0.11
/Record/Section/5/Section/2/Information/2/Value/StringWithMarkup/41/String,string,8.30 s ± 0.08
/Record/Section/5/Section/2/Information/2/Value/StringWithMarkup/42/String,string,25.6 m ± 0.3
/Record/Section/5/Section/2/Information/2/Value/StringWithMarkup/43/String,string,5.02 h ± 0.05
/Record/Section/5/Section/2/Information/2/Value/StringWithMarkup/44/String,string,~3 s
/Record/Section/5/Section/2/Information/2/Value/StringWithMarkup/45/String,string,2.48 h ± 0.05
/Record/Section/5/Section/2/Information/2/Value/StringWithMarkup/46/String,string,6.76 s ± 0.07
/Record/Section/5/Section/2/Information/2/Value/StringWithMarkup/47/String,string,15.0 m ± 1.0
/Record/Section/5/Section/2/Information/2/Value/StringWithMarkup/48/String,string,67.0 m ± 0.7
/Record/Section/5/Section/2/Information/2/Value/StringWithMarkup/49/String,string,4.570 ky ± 0.025
/Record/Section/5/Section/2/Information/2/Value/StringWithMarkup/50/String,string,1.09 s ± 0.03
/Record/Section/5/Section/2/Information/2/Value/StringWithMarkup/51/String,string,800 ns ± 150
/Record/Section/5/Section/2/Information/2/Value/StringWithMarkup/52/String,string,28.8 m ± 0.5
/Record/Section/5/Section/2/Information/2/Value/StringWithMarkup/53/String,string,36.6 m ± 0.3
/Record/Section/5/Section/2/Information/2/Value/StringWithMarkup/54/String,string,Stable
/Record/Section/5/Section/2/Information/2/Value/StringWithMarkup/55/String,string,1.512 us ± 0.004
/Record/Section/5/Section/2/Information/2/Value/StringWithMarkup/56/String,string,<100 ns
/Record/Section/5/Section/2/Information/2/Value/StringWithMarkup/57/String,string,26.812 h ± 0.007
/Record/Section/5/Section/2/Information/2/Value/StringWithMarkup/58/String,string,1.1326 ky ± 0.0039
/Record/Section/5/Section/2/Information/2/Value/StringWithMarkup/59/String,string,185 us ± 15
/Record/Section/5/Section/2/Information/2/Value/StringWithMarkup/60/String,string,3.1 h ± 0.1
/Record/Section/5/Section/2/Information/2/Value/StringWithMarkup/61/String,string,6.0 us ± 1.0
/Record/Section/5/Section/2/Information/2/Value/StringWithMarkup/62/String,string,2.99 m ± 0.07
/Record/Section/5/Section/2/Information/2/Value/StringWithMarkup/63/String,string,132 s ± 4
/Record/Section/5/Section/2/Information/2/Value/StringWithMarkup/64/String,string,>4 us
/Record/Section/5/Section/2/Information/2/Value/StringWithMarkup/65/String,string,108 ns ± 11
/Record/Section/5/Section/2/Information/2/Value/StringWithMarkup/66/String,string,4.72 m ± 0.10
/Record/Section/5/Section/2/Information/2/Value/StringWithMarkup/67/String,string,118 us ± 6
/Record/Section/5/Section/2/Information/2/Value/StringWithMarkup/68/String,string,2.76 m ± 0.05
/Record/Section/5/Section/2/Information/2/Value/StringWithMarkup/69/String,string,43 s ± 2
/Record/Section/5/Section/2/Information/2/Value/StringWithMarkup/70/String,string,53 s ± 2
/Record/Section/5/Section/2/Information/2/Value/StringWithMarkup/71/String,string,25 s ± 3
/Record/Section/5/Section/2/Information/2/Value/StringWithMarkup/72/String,string,7.1 s ± 0.4
/Record/Section/5/Section/2/Information/2/Value/StringWithMarkup/73/String,string,3.7 us ± 1.2
/Record/Section/5/Section/2/Information/2/Value/StringWithMarkup/74/String,string,3.7 s ± 0.4
/Record/Section/5/Section/2/Information/2/Value/StringWithMarkup/75/String,string,1.88 s ± 0.55
/Record/Section/5/Section/2/Information/2/Value/StringWithMarkup/76/String,string,1 s >300ns [Estimated]
/Record/Section/5/Section/2/Information/2/Value/StringWithMarkup/77/String,string,1 s >550ns [Estimated]
/Record/Section/5/Section/2/Information/2/Value/StringWithMarkup/78/String,string,750 ms >550ns [Estimated]
/Record/Section/5/Section/2/Information/3/ReferenceNumber,number,2
/Record/Section/5/Section/2/Information/3/Name,string,Discovery Year
/Record/Section/5/Section/2/Information/3/Value/StringWithMarkup/0/String,string,1999
/Record/Section/5/Section/2/Information/3/Value/StringWithMarkup/1/String,string,1998
/Record/Section/5/Section/2/Information/3/Value/StringWithMarkup/2/String,string,1998
/Record/Section/5/Section/2/Information/3/Value/StringWithMarkup/3/String,string,2001
/Record/Section/5/Section/2/Information/3/Value/StringWithMarkup/4/String,string,2000
/Record/Section/5/Section/2/Information/3/Value/StringWithMarkup/5/String,string,1986
/Record/Section/5/Section/2/Information/3/Value/StringWithMarkup/6/String,string,2001
/Record/Section/5/Section/2/Information/3/Value/StringWithMarkup/7/String,string,1987
/Record/Section/5/Section/2/Information/3/Value/StringWithMarkup/8/String,string,
/Record/Section/5/Section/2/Information/3/Value/StringWithMarkup/9/String,string,1982
/Record/Section/5/Section/2/Information/3/Value/StringWithMarkup/10/String,string,1982
/Record/Section/5/Section/2/Information/3/Value/StringWithMarkup/11/String,string,1982
/Record/Section/5/Section/2/Information/3/Value/StringWithMarkup/12/String,string,1979
/Record/Section/5/Section/2/Information/3/Value/StringWithMarkup/13/String,string,1979
/Record/Section/5/Section/2/Information/3/Value/StringWithMarkup/14/String,string,1984
/Record/Section/5/Section/2/Information/3/Value/StringWithMarkup/15/String,string,1979
/Record/Section/5/Section/2/Information/3/Value/StringWithMarkup/16/String,string,1988
/Record/Section/5/Section/2/Information/3/Value/StringWithMarkup/17/String,string,1963
/Record/Section/5/Section/2/Information/3/Value/StringWithMarkup/18/String,string,1980
/Record/Section/5/Section/2/Information/3/Value/StringWithMarkup/19/String,string,2006
/Record/Section/5/Section/2/Information/3/Value/StringWithMarkup/20/String,string,1963
/Record/Section/5/Section/2/Information/3/Value/StringWithMarkup/21/String,string,1963
/Record/Section/5/Section/2/Information/3/Value/StringWithMarkup/22/String,string,1963
/Record/Section/5/Section/2/Information/3/Value/StringWithMarkup/23/String,string,1963
/Record/Section/5/Section/2/Information/3/Value/StringWithMarkup/24/String,string,1997
/Record/Section/5/Section/2/Information/3/Value/StringWithMarkup/25/String,string,1963
/Record/Section/5/Section/2/Information/3/Value/StringWithMarkup/26/String,string,1963
/Record/Section/5/Section/2/Information/3/Value/StringWithMarkup/27/String,string,1980
/Record/Section/5/Section/2/Information/3/Value/StringWithMarkup/28/String,string,1966
/Record/Section/5/Section/2/Information/3/Value/StringWithMarkup/29/String,string,1968
/Record/Section/5/Section/2/Information/3/Value/StringWithMarkup/30/String,string,1959
/Record/Section/5/Section/2/Information/3/Value/StringWithMarkup/31/String,string,1984
/Record/Section/5/Section/2/Information/3/Value/StringWithMarkup/32/String,string,1957
/Record/Section/5/Section/2/Information/3/Value/StringWithMarkup/33/String,string,1995
/Record/Section/5/Section/2/Information/3/Value/StringWithMarkup/34/String,string,1975
/Record/Section/5/Section/2/Information/3/Value/StringWithMarkup/35/String,string,1966
/Record/Section/5/Section/2/Information/3/Value/StringWithMarkup/36/String,string,1961
/Record/Section/5/Section/2/Information/3/Value/StringWithMarkup/37/String,string,1960
/Record/Section/5/Section/2/Information/3/Value/StringWithMarkup/38/String,string,2005
/Record/Section/5/Section/2/Information/3/Value/StringWithMarkup/39/String,string,1970
/Record/Section/5/Section/2/Information/3/Value/StringWithMarkup/40/String,string,1958
/Record/Section/5/Section/2/Information/3/Value/StringWithMarkup/41/String,string,1966
/Record/Section/5/Section/2/Information/3/Value/StringWithMarkup/42/String,string,1950
/Record/Section/5/Section/2/Information/3/Value/StringWithMarkup/43/String,string,1955
/Record/Section/5/Section/2/Information/3/Value/StringWithMarkup/44/String,string,1988
/Record/Section/5/Section/2/Information/3/Value/StringWithMarkup/45/String,string,1954
/Record/Section/5/Section/2/Information/3/Value/StringWithMarkup/46/String,string,1965
/Record/Section/5/Section/2/Information/3/Value/StringWithMarkup/47/String,string,1957
/Record/Section/5/Section/2/Information/3/Value/StringWithMarkup/48/String,string,1961
/Record/Section/5/Section/2/Information/3/Value/StringWithMarkup/49/String,string,1957
/Record/Section/5/Section/2/Information/3/Value/StringWithMarkup/50/String,string,1957
/Record/Section/5/Section/2/Information/3/Value/StringWithMarkup/51/String,string,2012
/Record/Section/5/Section/2/Information/3/Value/StringWithMarkup/52/String,string,1938
/Record/Section/5/Section/2/Information/3/Value/StringWithMarkup/53/String,string,1966
/Record/Section/5/Section/2/Information/3/Value/StringWithMarkup/54/String,string,1934
/Record/Section/5/Section/2/Information/3/Value/StringWithMarkup/55/String,string,1958
/Record/Section/5/Section/2/Information/3/Value/StringWithMarkup/56/String,string,1958
/Record/Section/5/Section/2/Information/3/Value/StringWithMarkup/57/String,string,1936
/Record/Section/5/Section/2/Information/3/Value/StringWithMarkup/58/String,string,1952
/Record/Section/5/Section/2/Information/3/Value/StringWithMarkup/59/String,string,1960
/Record/Section/5/Section/2/Information/3/Value/StringWithMarkup/60/String,string,1955
/Record/Section/5/Section/2/Information/3/Value/StringWithMarkup/61/String,string,1977
/Record/Section/5/Section/2/Information/3/Value/StringWithMarkup/62/String,string,1960
/Record/Section/5/Section/2/Information/3/Value/StringWithMarkup/63/String,string,1990
/Record/Section/5/Section/2/Information/3/Value/StringWithMarkup/64/String,string,1990
/Record/Section/5/Section/2/Information/3/Value/StringWithMarkup/65/String,string,1990
/Record/Section/5/Section/2/Information/3/Value/StringWithMarkup/66/String,string,1963
/Record/Section/5/Section/2/Information/3/Value/StringWithMarkup/67/String,string,2010
/Record/Section/5/Section/2/Information/3/Value/StringWithMarkup/68/String,string,1960
/Record/Section/5/Section/2/Information/3/Value/StringWithMarkup/69/String,string,1960
/Record/Section/5/Section/2/Information/3/Value/StringWithMarkup/70/String,string,1989
/Record/Section/5/Section/2/Information/3/Value/StringWithMarkup/71/String,string,1991
/Record/Section/5/Section/2/Information/3/Value/StringWithMarkup/72/String,string,2012
/Record/Section/5/Section/2/Information/3/Value/StringWithMarkup/73/String,string,2020
/Record/Section/5/Section/2/Information/3/Value/StringWithMarkup/74/String,string,2012
/Record/Section/5/Section/2/Information/3/Value/StringWithMarkup/75/String,string,2012
/Record/Section/5/Section/2/Information/3/Value/StringWithMarkup/76/String,string,2012
/Record/Section/5/Section/2/Information/3/Value/StringWithMarkup/77/String,string,2018
/Record/Section/5/Section/2/Information/3/Value/StringWithMarkup/78/String,string,2018
/Record/Section/5/Section/2/Information/4/ReferenceNumber,number,2
/Record/Section/5/Section/2/Information/4/Name,string,"Decay Modes, Intensities and Uncertainties [%]"
/Record/Section/5/Section/2/Information/4/Value/StringWithMarkup/0/String,string,p=?; β+ ?; β+p ?
/Record/Section/5/Section/2/Information/4/Value/StringWithMarkup/0/Markup/0/Start,number,6
/Record/Section/5/Section/2/Information/4/Value/StringWithMarkup/0/Markup/0/Length,number,1
/Record/Section/5/Section/2/Information/4/Value/StringWithMarkup/0/Markup/0/Type,string,Superscript
/Record/Section/5/Section/2/Information/4/Value/StringWithMarkup/0/Markup/1/Start,number,12
/Record/Section/5/Section/2/Information/4/Value/StringWithMarkup/0/Markup/1/Length,number,1
/Record/Section/5/Section/2/Information/4/Value/StringWithMarkup/0/Markup/1/Type,string,Superscript
/Record/Section/5/Section/2/Information/4/Value/StringWithMarkup/1/String,string,p≈100%; β+ ?; β+p ?
/Record/Section/5/Section/2/Information/4/Value/StringWithMarkup/1/Markup/0/Start,number,9
/Record/Section/5/Section/2/Information/4/Value/StringWithMarkup/1/Markup/0/Length,number,1
/Record/Section/5/Section/2/Information/4/Value/StringWithMarkup/1/Markup/0/Type,string,Superscript
/Record/Section/5/Section/2/Information/4/Value/StringWithMarkup/1/Markup/1/Start,number,15
/Record/Section/5/Section/2/Information/4/Value/StringWithMarkup/1/Markup/1/Length,number,1
/Record/Section/5/Section/2/Information/4/Value/StringWithMarkup/1/Markup/1/Type,string,Superscript
/Record/Section/5/Section/2/Information/4/Value/StringWithMarkup/2/String,string,p=100%
/Record/Section/5/Section/2/Information/4/Value/StringWithMarkup/3/String,string,β+≈100%; β+p=?; p≈0%
/Record/Section/5/Section/2/Information/4/Value/StringWithMarkup/3/Markup/0/Start,number,1
/Record/Section/5/Section/2/Information/4/Value/StringWithMarkup/3/Markup/0/Length,number,1
/Record/Section/5/Section/2/Information/4/Value/StringWithMarkup/3/Markup/0/Type,string,Superscript
/Record/Section/5/Section/2/Information/4/Value/StringWithMarkup/3/Markup/1/Start,number,10
/Record/Section/5/Section/2/Information/4/Value/StringWithMarkup/3/Markup/1/Length,number,1
/Record/Section/5/Section/2/Information/4/Value/StringWithMarkup/3/Markup/1/Type,string,Superscript
/Record/Section/5/Section/2/Information/4/Value/StringWithMarkup/4/String,string,β+ ?; β+p ?
/Record/Section/5/Section/2/Information/4/Value/StringWithMarkup/4/Markup/0/Start,number,1
/Record/Section/5/Section/2/Information/4/Value/StringWithMarkup/4/Markup/0/Length,number,1
/Record/Section/5/Section/2/Information/4/Value/StringWithMarkup/4/Markup/0/Type,string,Superscript
/Record/Section/5/Section/2/Information/4/Value/StringWithMarkup/4/Markup/1/Start,number,7
/Record/Section/5/Section/2/Information/4/Value/StringWithMarkup/4/Markup/1/Length,number,1
/Record/Section/5/Section/2/Information/4/Value/StringWithMarkup/4/Markup/1/Type,string,Superscript
/Record/Section/5/Section/2/Information/4/Value/StringWithMarkup/5/String,string,β+=100%; β+p=?
/Record/Section/5/Section/2/Information/4/Value/StringWithMarkup/5/Markup/0/Start,number,1
/Record/Section/5/Section/2/Information/4/Value/StringWithMarkup/5/Markup/0/Length,number,1
/Record/Section/5/Section/2/Information/4/Value/StringWithMarkup/5/Markup/0/Type,string,Superscript
/Record/Section/5/Section/2/Information/4/Value/StringWithMarkup/5/Markup/1/Start,number,10
/Record/Section/5/Section/2/Information/4/Value/StringWithMarkup/5/Markup/1/Length,number,1
/Record/Section/5/Section/2/Information/4/Value/StringWithMarkup/5/Markup/1/Type,string,Superscript
/Record/Section/5/Section/2/Information/4/Value/StringWithMarkup/6/String,string,IT=100%
/Record/Section/5/Section/2/Information/4/Value/StringWithMarkup/7/String,string,β+=100%
/Record/Section/5/Section/2/Information/4/Value/StringWithMarkup/7/Markup/0/Start,number,1
/Record/Section/5/Section/2/Information/4/Value/StringWithMarkup/7/Markup/0/Length,number,1
/Record/Section/5/Section/2/Information/4/Value/StringWithMarkup/7/Markup/0/Type,string,Superscript
/Record/Section/5/Section/2/Information/4/Value/StringWithMarkup/8/String,string,β+ ?; IT ?
/Record/Section/5/Section/2/Information/4/Value/StringWithMarkup/8/Markup/0/Start,number,1
/Record/Section/5/Section/2/Information/4/Value/StringWithMarkup/8/Markup/0/Length,number,1
/Record/Section/5/Section/2/Information/4/Value/StringWithMarkup/8/Markup/0/Type,string,Superscript
/Record/Section/5/Section/2/Information/4/Value/StringWithMarkup/9/String,string,β+=100%; β+p=?
/Record/Section/5/Section/2/Information/4/Value/StringWithMarkup/9/Markup/0/Start,number,1
/Record/Section/5/Section/2/Information/4/Value/StringWithMarkup/9/Markup/0/Length,number,1
/Record/Section/5/Section/2/Information/4/Value/StringWithMarkup/9/Markup/0/Type,string,Superscript
/Record/Section/5/Section/2/Information/4/Value/StringWithMarkup/9/Markup/1/Start,number,10
/Record/Section/5/Section/2/Information/4/Value/StringWithMarkup/9/Markup/1/Length,number,1
/Record/Section/5/Section/2/Information/4/Value/StringWithMarkup/9/Markup/1/Type,string,Superscript
/Record/Section/5/Section/2/Information/4/Value/StringWithMarkup/10/String,string,β+=100%
/Record/Section/5/Section/2/Information/4/Value/StringWithMarkup/10/Markup/0/Start,number,1
/Record/Section/5/Section/2/Information/4/Value/StringWithMarkup/10/Markup/0/Length,number,1
/Record/Section/5/Section/2/Information/4/Value/StringWithMarkup/10/Markup/0/Type,string,Superscript
/Record/Section/5/Section/2/Information/4/Value/StringWithMarkup/11/String,string,IT=100%
/Record/Section/5/Section/2/Information/4/Value/StringWithMarkup/12/String,string,β+=100%
/Record/Section/5/Section/2/Information/4/Value/StringWithMarkup/12/Markup/0/Start,number,1
/Record/Section/5/Section/2/Information/4/Value/StringWithMarkup/12/Markup/0/Length,number,1
/Record/Section/5/Section/2/Information/4/Value/StringWithMarkup/12/Markup/0/Type,string,Superscript
/Record/Section/5/Section/2/Information/4/Value/StringWithMarkup/13/String,string,β+=100%; β+p=0.08±0.1%
/Record/Section/5/Section/2/Information/4/Value/StringWithMarkup/13/Markup/0/Start,number,1
/Record/Section/5/Section/2/Information/4/Value/StringWithMarkup/13/Markup/0/Length,number,1
/Record/Section/5/Section/2/Information/4/Value/StringWithMarkup/13/Markup/0/Type,string,Superscript
/Record/Section/5/Section/2/Information/4/Value/StringWithMarkup/13/Markup/1/Start,number,10
/Record/Section/5/Section/2/Information/4/Value/StringWithMarkup/13/Markup/1/Length,number,1
/Record/Section/5/Section/2/Information/4/Value/StringWithMarkup/13/Markup/1/Type,string,Superscript
/Record/Section/5/Section/2/Information/4/Value/StringWithMarkup/14/String,string,"IT=100[gs=0,m=100]"
/Record/Section/5/Section/2/Information/4/Value/StringWithMarkup/15/String,string,β+=100%
/Record/Section/5/Section/2/Information/4/Value/StringWithMarkup/15/Markup/0/Start,number,1
/Record/Section/5/Section/2/Information/4/Value/StringWithMarkup/15/Markup/0/Length,number,1
/Record/Section/5/Section/2/Information/4/Value/StringWithMarkup/15/Markup/0/Type,string,Superscript
/Record/Section/5/Section/2/Information/4/Value/StringWithMarkup/16/String,string,β+=100%
/Record/Section/5/Section/2/Information/4/Value/StringWithMarkup/16/Markup/0/Start,number,1
/Record/Section/5/Section/2/Information/4/Value/StringWithMarkup/16/Markup/0/Length,number,1
/Record/Section/5/Section/2/Information/4/Value/StringWithMarkup/16/Markup/0/Type,string,Superscript
/Record/Section/5/Section/2/Information/4/Value/StringWithMarkup/17/String,string,β+=100%
/Record/Section/5/Section/2/Information/4/Value/StringWithMarkup/17/Markup/0/Start,number,1
/Record/Section/5/Section/2/Information/4/Value/StringWithMarkup/17/Markup/0/Length,number,1
/Record/Section/5/Section/2/Information/4/Value/StringWithMarkup/17/Markup/0/Type,string,Superscript
/Record/Section/5/Section/2/Information/4/Value/StringWithMarkup/18/String,string,β+=100%
/Record/Section/5/Section/2/Information/4/Value/StringWithMarkup/18/Markup/0/Start,number,1
/Record/Section/5/Section/2/Information/4/Value/StringWithMarkup/18/Markup/0/Length,number,1
/Record/Section/5/Section/2/Information/4/Value/StringWithMarkup/18/Markup/0/Type,string,Superscript
/Record/Section/5/Section/2/Information/4/Value/StringWithMarkup/19/String,string,IT=100%
/Record/Section/5/Section/2/Information/4/Value/StringWithMarkup/20/String,string,β+=88±0.3%; α=22±0.3%
/Record/Section/5/Section/2/Information/4/Value/StringWithMarkup/20/Markup/0/Start,number,1
/Record/Section/5/Section/2/Information/4/Value/StringWithMarkup/20/Markup/0/Length,number,1
/Record/Section/5/Section/2/Information/4/Value/StringWithMarkup/20/Markup/0/Type,string,Superscript
/Record/Section/5/Section/2/Information/4/Value/StringWithMarkup/21/String,string,α=77±1.8%; β+=23±1.8%
/Record/Section/5/Section/2/Information/4/Value/StringWithMarkup/21/Markup/0/Start,number,12
/Record/Section/5/Section/2/Information/4/Value/StringWithMarkup/21/Markup/0/Length,number,1
/Record/Section/5/Section/2/Information/4/Value/StringWithMarkup/21/Markup/0/Type,string,Superscript
/Record/Section/5/Section/2/Information/4/Value/StringWithMarkup/22/String,string,β+=88±0.3%; α=12±0.3%
/Record/Section/5/Section/2/Information/4/Value/StringWithMarkup/22/Markup/0/Start,number,1
/Record/Section/5/Section/2/Information/4/Value/StringWithMarkup/22/Markup/0/Length,number,1
/Record/Section/5/Section/2/Information/4/Value/StringWithMarkup/22/Markup/0/Type,string,Superscript
/Record/Section/5/Section/2/Information/4/Value/StringWithMarkup/23/String,string,β+=89.2±1.7%; α=10.8±1.7%
/Record/Section/5/Section/2/Information/4/Value/StringWithMarkup/23/Markup/0/Start,number,1
/Record/Section/5/Section/2/Information/4/Value/StringWithMarkup/23/Markup/0/Length,number,1
/Record/Section/5/Section/2/Information/4/Value/StringWithMarkup/23/Markup/0/Type,string,Superscript
/Record/Section/5/Section/2/Information/4/Value/StringWithMarkup/24/String,string,IT=100%
/Record/Section/5/Section/2/Information/4/Value/StringWithMarkup/25/String,string,β+=99.949±2.5%; α=0.051±2.5%
/Record/Section/5/Section/2/Information/4/Value/StringWithMarkup/25/Markup/0/Start,number,1
/Record/Section/5/Section/2/Information/4/Value/StringWithMarkup/25/Markup/0/Length,number,1
/Record/Section/5/Section/2/Information/4/Value/StringWithMarkup/25/Markup/0/Type,string,Superscript
/Record/Section/5/Section/2/Information/4/Value/StringWithMarkup/26/String,string,β+=99.82±0.8%; α=0.18±0.8%
/Record/Section/5/Section/2/Information/4/Value/StringWithMarkup/26/Markup/0/Start,number,1
/Record/Section/5/Section/2/Information/4/Value/StringWithMarkup/26/Markup/0/Length,number,1
/Record/Section/5/Section/2/Information/4/Value/StringWithMarkup/26/Markup/0/Type,string,Superscript
/Record/Section/5/Section/2/Information/4/Value/StringWithMarkup/27/String,string,IT=100%
/Record/Section/5/Section/2/Information/4/Value/StringWithMarkup/28/String,string,β+=99.981±0.5%; α=0.019±0.5%
/Record/Section/5/Section/2/Information/4/Value/StringWithMarkup/28/Markup/0/Start,number,1
/Record/Section/5/Section/2/Information/4/Value/StringWithMarkup/28/Markup/0/Length,number,1
/Record/Section/5/Section/2/Information/4/Value/StringWithMarkup/28/Markup/0/Type,string,Superscript
/Record/Section/5/Section/2/Information/4/Value/StringWithMarkup/29/String,string,β+=100%; α<0.001%; IT≈0%
/Record/Section/5/Section/2/Information/4/Value/StringWithMarkup/29/Markup/0/Start,number,1
/Record/Section/5/Section/2/Information/4/Value/StringWithMarkup/29/Markup/0/Length,number,1
/Record/Section/5/Section/2/Information/4/Value/StringWithMarkup/29/Markup/0/Type,string,Superscript
/Record/Section/5/Section/2/Information/4/Value/StringWithMarkup/30/String,string,β+=100%
/Record/Section/5/Section/2/Information/4/Value/StringWithMarkup/30/Markup/0/Start,number,1
/Record/Section/5/Section/2/Information/4/Value/StringWithMarkup/30/Markup/0/Length,number,1
/Record/Section/5/Section/2/Information/4/Value/StringWithMarkup/30/Markup/0/Type,string,Superscript
/Record/Section/5/Section/2/Information/4/Value/StringWithMarkup/31/String,string,IT=100%
/Record/Section/5/Section/2/Information/4/Value/StringWithMarkup/32/String,string,β+=100%
/Record/Section/5/Section/2/Information/4/Value/StringWithMarkup/32/Markup/0/Start,number,1
/Record/Section/5/Section/2/Information/4/Value/StringWithMarkup/32/Markup/0/Length,number,1
/Record/Section/5/Section/2/Information/4/Value/StringWithMarkup/32/Markup/0/Type,string,Superscript
/Record/Section/5/Section/2/Information/4/Value/StringWithMarkup/33/String,string,IT≈100%; β+ ?
/Record/Section/5/Section/2/Information/4/Value/StringWithMarkup/33/Markup/0/Start,number,10
/Record/Section/5/Section/2/Information/4/Value/StringWithMarkup/33/Markup/0/Length,number,1
/Record/Section/5/Section/2/Information/4/Value/StringWithMarkup/33/Markup/0/Type,string,Superscript
/Record/Section/5/Section/2/Information/4/Value/StringWithMarkup/34/String,string,β+≈75%; IT ?
/Record/Section/5/Section/2/Information/4/Value/StringWithMarkup/34/Markup/0/Start,number,1
/Record/Section/5/Section/2/Information/4/Value/StringWithMarkup/34/Markup/0/Length,number,1
/Record/Section/5/Section/2/Information/4/Value/StringWithMarkup/34/Markup/0/Type,string,Superscript
/Record/Section/5/Section/2/Information/4/Value/StringWithMarkup/35/String,string,β+=100%
/Record/Section/5/Section/2/Information/4/Value/StringWithMarkup/35/Markup/0/Start,number,1
/Record/Section/5/Section/2/Information/4/Value/StringWithMarkup/35/Markup/0/Length,number,1
/Record/Section/5/Section/2/Information/4/Value/StringWithMarkup/35/Markup/0/Type,string,Superscript
/Record/Section/5/Section/2/Information/4/Value/StringWithMarkup/36/String,string,β+≈100%; α ?
/Record/Section/5/Section/2/Information/4/Value/StringWithMarkup/36/Markup/0/Start,number,1
/Record/Section/5/Section/2/Information/4/Value/StringWithMarkup/36/Markup/0/Length,number,1
/Record/Section/5/Section/2/Information/4/Value/StringWithMarkup/36/Markup/0/Type,string,Superscript
/Record/Section/5/Section/2/Information/4/Value/StringWithMarkup/37/String,string,IT≈91±0.6%; β+≈9±0.6%
/Record/Section/5/Section/2/Information/4/Value/StringWithMarkup/37/Markup/0/Start,number,13
/Record/Section/5/Section/2/Information/4/Value/StringWithMarkup/37/Markup/0/Length,number,1
/Record/Section/5/Section/2/Information/4/Value/StringWithMarkup/37/Markup/0/Type,string,Superscript
/Record/Section/5/Section/2/Information/4/Value/StringWithMarkup/38/String,string,IT=100%
/Record/Section/5/Section/2/Information/4/Value/StringWithMarkup/39/String,string,β+≈100%; IT ?
/Record/Section/5/Section/2/Information/4/Value/StringWithMarkup/39/Markup/0/Start,number,1
/Record/Section/5/Section/2/Information/4/Value/StringWithMarkup/39/Markup/0/Length,number,1
/Record/Section/5/Section/2/Information/4/Value/StringWithMarkup/39/Markup/0/Type,string,Superscript
/Record/Section/5/Section/2/Information/4/Value/StringWithMarkup/40/String,string,β+=100%
/Record/Section/5/Section/2/Information/4/Value/StringWithMarkup/40/Markup/0/Start,number,1
/Record/Section/5/Section/2/Information/4/Value/StringWithMarkup/40/Markup/0/Length,number,1
/Record/Section/5/Section/2/Information/4/Value/StringWithMarkup/40/Markup/0/Type,string,Superscript
/Record/Section/5/Section/2/Information/4/Value/StringWithMarkup/41/String,string,IT=100%
/Record/Section/5/Section/2/Information/4/Value/StringWithMarkup/42/String,string,β+=100%
/Record/Section/5/Section/2/Information/4/Value/StringWithMarkup/42/Markup/0/Start,number,1
/Record/Section/5/Section/2/Information/4/Value/StringWithMarkup/42/Markup/0/Length,number,1
/Record/Section/5/Section/2/Information/4/Value/StringWithMarkup/42/Markup/0/Type,string,Superscript
/Record/Section/5/Section/2/Information/4/Value/StringWithMarkup/43/String,string,IT=73±0.3%; β+=27±0.3%
/Record/Section/5/Section/2/Information/4/Value/StringWithMarkup/43/Markup/0/Start,number,13
/Record/Section/5/Section/2/Information/4/Value/StringWithMarkup/43/Markup/0/Length,number,1
/Record/Section/5/Section/2/Information/4/Value/StringWithMarkup/43/Markup/0/Type,string,Superscript
/Record/Section/5/Section/2/Information/4/Value/StringWithMarkup/44/String,string,IT=100%
/Record/Section/5/Section/2/Information/4/Value/StringWithMarkup/45/String,string,ε=100%
/Record/Section/5/Section/2/Information/4/Value/StringWithMarkup/46/String,string,IT=100%
/Record/Section/5/Section/2/Information/4/Value/StringWithMarkup/47/String,string,β+=100%
/Record/Section/5/Section/2/Information/4/Value/StringWithMarkup/47/Markup/0/Start,number,1
/Record/Section/5/Section/2/Information/4/Value/StringWithMarkup/47/Markup/0/Length,number,1
/Record/Section/5/Section/2/Information/4/Value/StringWithMarkup/47/Markup/0/Type,string,Superscript
/Record/Section/5/Section/2/Information/4/Value/StringWithMarkup/48/String,string,IT=62%; β+=38%
/Record/Section/5/Section/2/Information/4/Value/StringWithMarkup/48/Markup/0/Start,number,9
/Record/Section/5/Section/2/Information/4/Value/StringWithMarkup/48/Markup/0/Length,number,1
/Record/Section/5/Section/2/Information/4/Value/StringWithMarkup/48/Markup/0/Type,string,Superscript
/Record/Section/5/Section/2/Information/4/Value/StringWithMarkup/49/String,string,ε=100%
/Record/Section/5/Section/2/Information/4/Value/StringWithMarkup/50/String,string,IT=100%
/Record/Section/5/Section/2/Information/4/Value/StringWithMarkup/51/String,string,IT=100%
/Record/Section/5/Section/2/Information/4/Value/StringWithMarkup/52/String,string,ε=61±0.1%; β+=39±0.1%
/Record/Section/5/Section/2/Information/4/Value/StringWithMarkup/52/Markup/0/Start,number,12
/Record/Section/5/Section/2/Information/4/Value/StringWithMarkup/52/Markup/0/Length,number,1
/Record/Section/5/Section/2/Information/4/Value/StringWithMarkup/52/Markup/0/Type,string,Superscript
/Record/Section/5/Section/2/Information/4/Value/StringWithMarkup/53/String,string,IT=100%
/Record/Section/5/Section/2/Information/4/Value/StringWithMarkup/54/String,string,IS=100%
/Record/Section/5/Section/2/Information/4/Value/StringWithMarkup/55/String,string,IT=100%
/Record/Section/5/Section/2/Information/4/Value/StringWithMarkup/56/String,string,IT=100%
/Record/Section/5/Section/2/Information/4/Value/StringWithMarkup/57/String,string,β-=100%
/Record/Section/5/Section/2/Information/4/Value/StringWithMarkup/57/Markup/0/Start,number,1
/Record/Section/5/Section/2/Information/4/Value/StringWithMarkup/57/Markup/0/Length,number,1
/Record/Section/5/Section/2/Information/4/Value/StringWithMarkup/57/Markup/0/Type,string,Superscript
/Record/Section/5/Section/2/Information/4/Value/StringWithMarkup/58/String,string,β-=100%
/Record/Section/5/Section/2/Information/4/Value/StringWithMarkup/58/Markup/0/Start,number,1
/Record/Section/5/Section/2/Information/4/Value/StringWithMarkup/58/Markup/0/Length,number,1
/Record/Section/5/Section/2/Information/4/Value/StringWithMarkup/58/Markup/0/Type,string,Superscript
/Record/Section/5/Section/2/Information/4/Value/StringWithMarkup/59/String,string,IT=100%
/Record/Section/5/Section/2/Information/4/Value/StringWithMarkup/60/String,string,β-=100%
/Record/Section/5/Section/2/Information/4/Value/StringWithMarkup/60/Markup/0/Start,number,1
/Record/Section/5/Section/2/Information/4/Value/StringWithMarkup/60/Markup/0/Length,number,1
/Record/Section/5/Section/2/Information/4/Value/StringWithMarkup/60/Markup/0/Type,string,Superscript
/Record/Section/5/Section/2/Information/4/Value/StringWithMarkup/61/String,string,IT=100%
/Record/Section/5/Section/2/Information/4/Value/StringWithMarkup/62/String,string,β-=100%
/Record/Section/5/Section/2/Information/4/Value/StringWithMarkup/62/Markup/0/Start,number,1
/Record/Section/5/Section/2/Information/4/Value/StringWithMarkup/62/Markup/0/Length,number,1
/Record/Section/5/Section/2/Information/4/Value/StringWithMarkup/62/Markup/0/Type,string,Superscript
/Record/Section/5/Section/2/Information/4/Value/StringWithMarkup/63/String,string,IT≈100%; β- ?
/Record/Section/5/Section/2/Information/4/Value/StringWithMarkup/63/Markup/0/Start,number,10
/Record/Section/5/Section/2/Information/4/Value/StringWithMarkup/63/Markup/0/Length,number,1
/Record/Section/5/Section/2/Information/4/Value/StringWithMarkup/63/Markup/0/Type,string,Superscript
/Record/Section/5/Section/2/Information/4/Value/StringWithMarkup/64/String,string,IT=100%
/Record/Section/5/Section/2/Information/4/Value/StringWithMarkup/65/String,string,IT=100%
/Record/Section/5/Section/2/Information/4/Value/StringWithMarkup/66/String,string,β-=100%
/Record/Section/5/Section/2/Information/4/Value/StringWithMarkup/66/Markup/0/Start,number,1
/Record/Section/5/Section/2/Information/4/Value/StringWithMarkup/66/Markup/0/Length,number,1
/Record/Section/5/Section/2/Information/4/Value/StringWithMarkup/66/Markup/0/Type,string,Superscript
/Record/Section/5/Section/2/Information/4/Value/StringWithMarkup/67/String,string,IT=100%
/Record/Section/5/Section/2/Information/4/Value/StringWithMarkup/68/String,string,β-=100%
/Record/Section/5/Section/2/Information/4/Value/StringWithMarkup/68/Markup/0/Start,number,1
/Record/Section/5/Section/2/Information/4/Value/StringWithMarkup/68/Markup/0/Length,number,1
/Record/Section/5/Section/2/Information/4/Value/StringWithMarkup/68/Markup/0/Type,string,Superscript
/Record/Section/5/Section/2/Information/4/Value/StringWithMarkup/69/String,string,β-=100%
/Record/Section/5/Section/2/Information/4/Value/StringWithMarkup/69/Markup/0/Start,number,1
/Record/Section/5/Section/2/Information/4/Value/StringWithMarkup/69/Markup/0/Length,number,1
/Record/Section/5/Section/2/Information/4/Value/StringWithMarkup/69/Markup/0/Type,string,Superscript
/Record/Section/5/Section/2/Information/4/Value/StringWithMarkup/70/String,string,β-=100%
/Record/Section/5/Section/2/Information/4/Value/StringWithMarkup/70/Markup/0/Start,number,1
/Record/Section/5/Section/2/Information/4/Value/StringWithMarkup/70/Markup/0/Length,number,1
/Record/Section/5/Section/2/Information/4/Value/StringWithMarkup/70/Markup/0/Type,string,Superscript
/Record/Section/5/Section/2/Information/4/Value/StringWithMarkup/71/String,string,β-=100%
/Record/Section/5/Section/2/Information/4/Value/StringWithMarkup/71/Markup/0/Start,number,1
/Record/Section/5/Section/2/Information/4/Value/StringWithMarkup/71/Markup/0/Length,number,1
/Record/Section/5/Section/2/Information/4/Value/StringWithMarkup/71/Markup/0/Type,string,Superscript
/Record/Section/5/Section/2/Information/4/Value/StringWithMarkup/72/String,string,β-=100%
/Record/Section/5/Section/2/Information/4/Value/StringWithMarkup/72/Markup/0/Start,number,1
/Record/Section/5/Section/2/Information/4/Value/StringWithMarkup/72/Markup/0/Length,number,1
/Record/Section/5/Section/2/Information/4/Value/StringWithMarkup/72/Markup/0/Type,string,Superscript
/Record/Section/5/Section/2/Information/4/Value/StringWithMarkup/73/String,string,IT=100%
/Record/Section/5/Section/2/Information/4/Value/StringWithMarkup/74/String,string,β-=100%
/Record/Section/5/Section/2/Information/4/Value/StringWithMarkup/74/Markup/0/Start,number,1
/Record/Section/5/Section/2/Information/4/Value/StringWithMarkup/74/Markup/0/Length,number,1
/Record/Section/5/Section/2/Information/4/Value/StringWithMarkup/74/Markup/0/Type,string,Superscript
/Record/Section/5/Section/2/Information/4/Value/StringWithMarkup/75/String,string,β-=100%; β-n ?
/Record/Section/5/Section/2/Information/4/Value/StringWithMarkup/75/Markup/0/Start,number,1
/Record/Section/5/Section/2/Information/4/Value/StringWithMarkup/75/Markup/0/Length,number,1
/Record/Section/5/Section/2/Information/4/Value/StringWithMarkup/75/Markup/0/Type,string,Superscript
/Record/Section/5/Section/2/Information/4/Value/StringWithMarkup/75/Markup/1/Start,number,10
/Record/Section/5/Section/2/Information/4/Value/StringWithMarkup/75/Markup/1/Length,number,1
/Record/Section/5/Section/2/Information/4/Value/StringWithMarkup/75/Markup/1/Type,string,Superscript
/Record/Section/5/Section/2/Information/4/Value/StringWithMarkup/76/String,string,β- ?; β-n ?
/Record/Section/5/Section/2/Information/4/Value/StringWithMarkup/76/Markup/0/Start,number,1
/Record/Section/5/Section/2/Information/4/Value/StringWithMarkup/76/Markup/0/Length,number,1
/Record/Section/5/Section/2/Information/4/Value/StringWithMarkup/76/Markup/0/Type,string,Superscript
/Record/Section/5/Section/2/Information/4/Value/StringWithMarkup/76/Markup/1/Start,number,7
/Record/Section/5/Section/2/Information/4/Value/StringWithMarkup/76/Markup/1/Length,number,1
/Record/Section/5/Section/2/Information/4/Value/StringWithMarkup/76/Markup/1/Type,string,Superscript
/Record/Section/5/Section/2/Information/4/Value/StringWithMarkup/77/String,string,β-=100%; n ?
/Record/Section/5/Section/2/Information/4/Value/StringWithMarkup/77/Markup/0/Start,number,1
/Record/Section/5/Section/2/Information/4/Value/StringWithMarkup/77/Markup/0/Length,number,1
/Record/Section/5/Section/2/Information/4/Value/StringWithMarkup/77/Markup/0/Type,string,Superscript
/Record/Section/5/Section/2/Information/4/Value/StringWithMarkup/78/String,string,β- ?; β-n ?
/Record/Section/5/Section/2/Information/4/Value/StringWithMarkup/78/Markup/0/Start,number,1
/Record/Section/5/Section/2/Information/4/Value/StringWithMarkup/78/Markup/0/Length,number,1
/Record/Section/5/Section/2/Information/4/Value/StringWithMarkup/78/Markup/0/Type,string,Superscript
/Record/Section/5/Section/2/Information/4/Value/StringWithMarkup/78/Markup/1/Start,number,7
/Record/Section/5/Section/2/Information/4/Value/StringWithMarkup/78/Markup/1/Length,number,1
/Record/Section/5/Section/2/Information/4/Value/StringWithMarkup/78/Markup/1/Type,string,Superscript
/Record/Reference/0/ReferenceNumber,number,1
/Record/Reference/0/SourceName,string,PubChem
/Record/Reference/0/SourceID,string,PubChem
/Record/Reference/0/Description,string,Data deposited in or computed by PubChem
/Record/Reference/0/URL,string,https://pubchem.ncbi.nlm.nih.gov
/Record/Reference/1/ReferenceNumber,number,2
/Record/Reference/1/SourceName,string,"Atomic Mass Data Center (AMDC), International Atomic Energy Agency (IAEA)"
/Record/Reference/1/SourceID,string,e67
/Record/Reference/1/Name,string,Ho
/Record/Reference/1/Description,string,The half-life and atomic mass data was provided by the Atomic Mass Data Center at the International Atomic Energy Agency.
/Record/Reference/1/URL,string,https://www-nds.iaea.org/amdc/
/Record/Reference/1/LicenseURL,string,https://www-nds.iaea.org/disclaimer.html
/Record/Reference/1/ANID,number,6590294
/Record/Reference/2/ReferenceNumber,number,3
/Record/Reference/2/SourceName,string,IUPAC Commission on Isotopic Abundances and Atomic Weights (CIAAW)
/Record/Reference/2/SourceID,string,a67
/Record/Reference/2/Name,string,Holmium
/Record/Reference/2/Description,string,Element data are cited from the Atomic weights of the elements (an IUPAC Technical Report). The IUPAC periodic table of elements can be found at https://iupac.org/what-we-do/periodic-table-of-elements/. Additional information can be found within IUPAC publication doi:10.1515/pac-2015-0703 Copyright © 2020 International Union of Pure and Applied Chemistry.
/Record/Reference/2/URL,string,https://www.ciaaw.org/holmium.htm
/Record/Reference/2/LicenseURL,string,http://www.ciaaw.org/bylaws.htm
/Record/Reference/2/ANID,number,2292448
/Record/Reference/3/ReferenceNumber,number,5
/Record/Reference/3/SourceName,string,"Jefferson Lab, U.S. Department of Energy"
/Record/Reference/3/SourceID,string,jlab67
/Record/Reference/3/Name,string,Holmium
/Record/Reference/3/Description,string,"Thomas Jefferson National Accelerator Facility (Jefferson Lab) is one of 17 national laboratories funded by the U.S. Department of Energy. The lab's primary mission is to conduct basic research of the atom's nucleus using the lab's unique particle accelerator, known as the Continuous Electron Beam Accelerator Facility (CEBAF). For more information visit https://www.jlab.org/"
/Record/Reference/3/URL,string,https://education.jlab.org/itselemental/ele067.html
/Record/Reference/3/LicenseNote,string,Please see citation and linking information: https://education.jlab.org/faq/index.html
/Record/Reference/3/LicenseURL,string,https://www.jlab.org/privacy-and-security-notice
/Record/Reference/3/ANID,number,507129
/Record/Reference/4/ReferenceNumber,number,6
/Record/Reference/4/SourceName,string,"Los Alamos National Laboratory, U.S. Department of Energy"
/Record/Reference/4/SourceID,string,lanl67
/Record/Reference/4/Name,string,Holmium
/Record/Reference/4/Description,string,"The periodic table at the LANL (Los Alamos National Laboratory) contains basic element information together with the history, source, properties, use, handling and more. The provenance data may be found from the link under the source name."
/Record/Reference/4/URL,string,https://periodic.lanl.gov/67.shtml
/Record/Reference/4/ANID,number,507247
/Record/Reference/5/ReferenceNumber,number,7
/Record/Reference/5/SourceName,string,NIST Physical Measurement Laboratory
/Record/Reference/5/SourceID,string,e67
/Record/Reference/5/Name,string,Holmium
/Record/Reference/5/Description,string,"The periodic table contains NIST's critically-evaluated data on atomic properties of the elements. The provenance data that include data for atomic spectroscopy, X-ray and gamma ray, radiation dosimetry, nuclear physics, and condensed matter physics may be found from the link under the source name. Ref: https://www.nist.gov/pml/atomic-spectra-database"
/Record/Reference/5/URL,string,https://physics.nist.gov/cgi-bin/Elements/elInfo.pl?element=67
/Record/Reference/5/LicenseURL,string,https://www.nist.gov/pml/database-disclaimer
/Record/Reference/5/ANID,number,2292684
/Record/Reference/6/ReferenceNumber,number,4
/Record/Reference/6/SourceName,string,IUPAC Periodic Table of the Elements and Isotopes (IPTEI)
/Record/Reference/6/SourceID,string,p67
/Record/Reference/6/Description,string,"The information are cited from Pure Appl. Chem. 2018; 90(12): 1833-2092, https://doi.org/10.1515/pac-2015-0703."
/Record/Reference/6/URL,string,https://doi.org/10.1515/pac-2015-0703
/Record/Reference/6/LicenseNote,string,"Copyright (c) 2020 International Union of Pure and Applied Chemistry.

The International Union of Pure and Applied Chemistry (IUPAC) contribution within Pubchem is provided under a CC-BY-NC-ND 4.0 license, unless otherwise stated."
/Record/Reference/6/LicenseURL,string,https://creativecommons.org/licenses/by-nc-nd/4.0/
/Record/Reference/6/ANID,number,13296472
/Record/Reference/7/ReferenceNumber,number,9
/Record/Reference/7/SourceName,string,PubChem Elements
/Record/Reference/7/SourceID,string,ep_67
/Record/Reference/7/Name,string,Holmium
/Record/Reference/7/Description,string,The element property data was retrieved from publications.
/Record/Reference/7/LicenseURL,string,https://www.nlm.nih.gov/copyright.html
/Record/Reference/7/ANID,number,24834170
/Record/Reference/8/ReferenceNumber,number,8
/Record/Reference/8/SourceName,string,PubChem Elements
/Record/Reference/8/SourceID,string,ef_67
/Record/Reference/8/Name,string,Holmium
/Record/Reference/8/Description,string,This section provides all form of data related to element Holmium.
/Record/Reference/8/LicenseURL,string,https://www.nlm.nih.gov/copyright.html
/Record/Reference/8/ANID,number,24833995
