path,type,value
/Record/RecordType,string,AtomicNumber
/Record/RecordNumber,number,63
/Record/RecordTitle,string,Europium
/Record/Section/0/TOCHeading,string,Identifiers
/Record/Section/0/Description,string,"Identifiers for this element, including element name, element symbol, InChI string, and InChIKey."
/Record/Section/0/Section/0/TOCHeading,string,Element Name
/Record/Section/0/Section/0/Description,string,"The formal, standard name for a given element, originating from factors such as common usage and the person or place involved in its discovery. Element, also called chemical element, refers to a species of atom; all varieties of atoms with the same number of protons in the nucleus (but possibly a different number of neutrons) are considered to be the same element."
/Record/Section/0/Section/0/Information/0/ReferenceNumber,number,1
/Record/Section/0/Section/0/Information/0/Name,string,Element Name
/Record/Section/0/Section/0/Information/0/Value/StringWithMarkup/0/String,string,Europium
/Record/Section/0/Section/0/Information/1/ReferenceNumber,number,3
/Record/Section/0/Section/0/Information/1/Name,string,Element Name
/Record/Section/0/Section/0/Information/1/Value/StringWithMarkup/0/String,string,Europium
/Record/Section/0/Section/1/TOCHeading,string,Element Symbol
/Record/Section/0/Section/1/Description,string,"Element symbol, also called atomic symbol, typically consists of one or two letters from the Latin alphabet derived from the element name in one of several languages."
/Record/Section/0/Section/1/Information/0/ReferenceNumber,number,1
/Record/Section/0/Section/1/Information/0/Name,string,Element Symbol
/Record/Section/0/Section/1/Information/0/Value/StringWithMarkup/0/String,string,Eu
/Record/Section/0/Section/1/Information/1/ReferenceNumber,number,3
/Record/Section/0/Section/1/Information/1/Name,string,Element Symbol
/Record/Section/0/Section/1/Information/1/Value/StringWithMarkup/0/String,string,Eu
/Record/Section/0/Section/2/TOCHeading,string,InChI
/Record/Section/0/Section/2/Description,string,"The International Chemical Identifier (InChI) is a computed, non-proprietary identifier for a chemical structure.  The InChI is an International Union of Pure and Applied Chemistry (IUPAC) standard."
/Record/Section/0/Section/2/URL,string,https://iupac.org/who-we-are/divisions/division-details/inchi/
/Record/Section/0/Section/2/Information/0/ReferenceNumber,number,1
/Record/Section/0/Section/2/Information/0/Name,string,InChI
/Record/Section/0/Section/2/Information/0/Value/StringWithMarkup/0/String,string,InChI=1S/Eu
/Record/Section/0/Section/3/TOCHeading,string,InChIKey
/Record/Section/0/Section/3/Description,string,"An InChIKey is a 27-character hashed code derived from an InChI.  The International Chemical Identifier (InChI) is a computed, non-proprietary identifier for a chemical structure.  The InChI is an International Union of Pure and Applied Chemistry (IUPAC) standard."
/Record/Section/0/Section/3/URL,string,https://iupac.org/who-we-are/divisions/division-details/inchi/
/Record/Section/0/Section/3/Information/0/ReferenceNumber,number,1
/Record/Section/0/Section/3/Information/0/Name,string,InChIKey
/Record/Section/0/Section/3/Information/0/Value/StringWithMarkup/0/String,string,OGPBJKLSAFTDLK-UHFFFAOYSA-N
/Record/Section/1/TOCHeading,string,Properties
/Record/Section/1/Description,string,"Characteristics of this element, such as atomic number, atomic mass, density, melting point, boiling point and so on."
/Record/Section/1/Section/0/TOCHeading,string,Atomic Weight
/Record/Section/1/Section/0/Description,string,"Also called relative atomic mass, is the ratio of the average mass of the atom to the unified atomic mass unit, defined as one twelfth of the mass of a carbon-12 atom in its ground state and used to express masses of atomic particles, u=1.660 5402(10) * 10**(-27) kg. The Standard atomic weights refer to recommended values of relative atomic masses of the elements revised biennially by the IUPAC Commission on Atomic Weights and Isotopic Abundances and applicable to elements in any normal sample with a high level of confidence. The number in the parenthesis refers to an uncertainty when exists. The unit of atomic weight is the dalton or unified atomic mass unit (symbol: Da or u)."
/Record/Section/1/Section/0/Information/0/ReferenceNumber,number,3
/Record/Section/1/Section/0/Information/0/Name,string,Atomic Weight
/Record/Section/1/Section/0/Information/0/Value/StringWithMarkup/0/String,string,151.964(1)
/Record/Section/1/Section/0/Information/1/ReferenceNumber,number,5
/Record/Section/1/Section/0/Information/1/Value/StringWithMarkup/0/String,string,151.964
/Record/Section/1/Section/0/Information/2/ReferenceNumber,number,6
/Record/Section/1/Section/0/Information/2/Value/StringWithMarkup/0/String,string,152.0
/Record/Section/1/Section/0/Information/3/ReferenceNumber,number,7
/Record/Section/1/Section/0/Information/3/Value/StringWithMarkup/0/String,string,151.964(1)
/Record/Section/1/Section/1/TOCHeading,string,Electron Configuration
/Record/Section/1/Section/1/Description,string,"The electron configuration refers a distribution of the electrons of an atom or a molecular entity over a set of one-electron wavefunctions (called orbitals), according to the Pauli principle. From one configuration several states with different multiplicities may result."
/Record/Section/1/Section/1/URL,string,https://chem.libretexts.org/Courses/Sacramento_City_College/SCC%3A_Chem_420_-_Organic_Chemistry_I/Text/01%3A_Introduction_and_Review/1.04%3A_Electron_Configurations
/Record/Section/1/Section/1/Information/0/ReferenceNumber,number,6
/Record/Section/1/Section/1/Information/0/Value/StringWithMarkup/0/String,string,[Xe]6s24f7 
/Record/Section/1/Section/1/Information/0/Value/StringWithMarkup/0/Markup/0/Start,number,6
/Record/Section/1/Section/1/Information/0/Value/StringWithMarkup/0/Markup/0/Length,number,1
/Record/Section/1/Section/1/Information/0/Value/StringWithMarkup/0/Markup/0/Type,string,Superscript
/Record/Section/1/Section/1/Information/0/Value/StringWithMarkup/0/Markup/1/Start,number,9
/Record/Section/1/Section/1/Information/0/Value/StringWithMarkup/0/Markup/1/Length,number,2
/Record/Section/1/Section/1/Information/0/Value/StringWithMarkup/0/Markup/1/Type,string,Superscript
/Record/Section/1/Section/2/TOCHeading,string,Atomic Radius
/Record/Section/1/Section/2/Description,string,"The atomic radius of a chemical element is a measure of the size of its atom, usually, the distance from the center of the nucleus to the outermost isolated electron.  Because an atom does not have a discrete boundary, there are various non-equivalent definitions of atomic radius, such as Van der Waals radius and covalent radius."
/Record/Section/1/Section/2/Information/0/ReferenceNumber,number,6
/Record/Section/1/Section/2/Information/0/Name,string,Van der Waals Atomic Radius
/Record/Section/1/Section/2/Information/0/Value/StringWithMarkup/0/String,string,233 pm (Van der Waals)
/Record/Section/1/Section/2/Information/1/ReferenceNumber,number,9
/Record/Section/1/Section/2/Information/1/Name,string,Empirical Atomic Radius
/Record/Section/1/Section/2/Information/1/Reference/0,string,"J.C. Slater, J Chem Phys, 1964, 41(10), 3199-3205. DOI:10.1063/1.1725697"
/Record/Section/1/Section/2/Information/1/ExtendedReference/0/Citation,string,"J.C. Slater, J Chem Phys, 1964, 41(10), 3199-3205. DOI:10.1063/1.1725697"
/Record/Section/1/Section/2/Information/1/Value/Number/0,number,185
/Record/Section/1/Section/2/Information/1/Value/Unit,string,pm (Empirical)
/Record/Section/1/Section/2/Information/2/ReferenceNumber,number,9
/Record/Section/1/Section/2/Information/2/Name,string,Covalent Atomic Radius
/Record/Section/1/Section/2/Information/2/Reference/0,string,"B. Cordero, V. Gómez, A.E. Platero-Prats, M. Revés, J. Echeverría, E. Cremades, F. Barragán, S. Alvarez, Dalton Trans. 2008, 21, 2832-2838. DOI:10.1039/b801115j PMID:18478144."
/Record/Section/1/Section/2/Information/2/ExtendedReference/0/Citation,string,"B. Cordero, V. Gómez, A.E. Platero-Prats, M. Revés, J. Echeverría, E. Cremades, F. Barragán, S. Alvarez, Dalton Trans. 2008, 21, 2832-2838. DOI:10.1039/b801115j PMID:18478144."
/Record/Section/1/Section/2/Information/2/Value/StringWithMarkup/0/String,string,198(6) pm (Covalent)
/Record/Section/1/Section/3/TOCHeading,string,Oxidation States
/Record/Section/1/Section/3/Description,string,"The oxidation state(s) that this element commonly has in a compound.  The oxidation state of an atom is defined as the hypothetical charge that would be held by that atom if all of its bonds to other atoms were completely ionic in nature. For example, the oxidation state of carbon in CO2 would be +4 since the hypothetical charge held by the carbon atom if both of the carbon-oxygen double bonds were completely ionic would be equal to +4 (each oxygen atom would hold a charge of -2 since oxygen is more electronegative than carbon)."
/Record/Section/1/Section/3/URL,string,https://chem.libretexts.org/Bookshelves/General_Chemistry/Map%3A_Chemistry_-_The_Central_Science_(Brown_et_al.)/20%3A_Electrochemistry/20.01%3A_Oxidation_States_and_Redox_Reactions
/Record/Section/1/Section/3/Information/0/ReferenceNumber,number,5
/Record/Section/1/Section/3/Information/0/Value/StringWithMarkup/0/String,string,"+3, +2"
/Record/Section/1/Section/3/Information/1/ReferenceNumber,number,6
/Record/Section/1/Section/3/Information/1/Value/StringWithMarkup/0/String,string,"3, 2, 1 ​(a mildly basic oxide)"
/Record/Section/1/Section/4/TOCHeading,string,Ground Level
/Record/Section/1/Section/4/Description,string,Also called ground-state level. The ground state electron configuration is the arrangement of electrons around the nucleus of an atom with lower energy levels.
/Record/Section/1/Section/4/Information/0/ReferenceNumber,number,7
/Record/Section/1/Section/4/Information/0/Value/StringWithMarkup/0/String,string,8S°7/2
/Record/Section/1/Section/4/Information/0/Value/StringWithMarkup/0/Markup/0/Start,number,0
/Record/Section/1/Section/4/Information/0/Value/StringWithMarkup/0/Markup/0/Length,number,1
/Record/Section/1/Section/4/Information/0/Value/StringWithMarkup/0/Markup/0/Type,string,Superscript
/Record/Section/1/Section/4/Information/0/Value/StringWithMarkup/0/Markup/1/Start,number,3
/Record/Section/1/Section/4/Information/0/Value/StringWithMarkup/0/Markup/1/Length,number,3
/Record/Section/1/Section/4/Information/0/Value/StringWithMarkup/0/Markup/1/Type,string,Subscript
/Record/Section/1/Section/5/TOCHeading,string,Ionization Energy
/Record/Section/1/Section/5/Description,string,"Ionization energy, also called ionization potential, is the amount of energy required to remove an electron from an isolated atom or molecule."
/Record/Section/1/Section/5/URL,string,https://www.britannica.com/science/ionization-energy
/Record/Section/1/Section/5/Information/0/ReferenceNumber,number,5
/Record/Section/1/Section/5/Information/0/Value/StringWithMarkup/0/String,string,5.670 eV
/Record/Section/1/Section/5/Information/1/ReferenceNumber,number,7
/Record/Section/1/Section/5/Information/1/Reference/0,string,"Investigation of Rydberg States of the Europium Atom Using Resonance Ionization Spectroscopy, S. G. Nakhate, M. A. N. Razvi, J. P. Connerade, and S. A. Ahmad, J. Phys. B 33, 5191–5202 (2000) DOI:10.1088/0953-4075/33/22/319"
/Record/Section/1/Section/5/Information/1/ExtendedReference/0/Citation,string,"Investigation of Rydberg States of the Europium Atom Using Resonance Ionization Spectroscopy, S. G. Nakhate, M. A. N. Razvi, J. P. Connerade, and S. A. Ahmad, J. Phys. B 33, 5191–5202 (2000) DOI:10.1088/0953-4075/33/22/319"
/Record/Section/1/Section/5/Information/1/Value/StringWithMarkup/0/String,string,5.670385 ± 0.000005 eV
/Record/Section/1/Section/6/TOCHeading,string,Atomic Spectra
/Record/Section/1/Section/6/Description,string,The spectrum of the electromagnetic radiation emitted or absorbed by an electron during transitions between different energy levels within an atom.
/Record/Section/1/Section/6/Information/0/ReferenceNumber,number,7
/Record/Section/1/Section/6/Information/0/URL,string,https://physics.nist.gov/cgi-bin/ASD/lines_hold.pl?el=Eu
/Record/Section/1/Section/6/Information/0/Value/StringWithMarkup/0/String,string,Lines Holdings
/Record/Section/1/Section/6/Information/1/ReferenceNumber,number,7
/Record/Section/1/Section/6/Information/1/URL,string,https://physics.nist.gov/cgi-bin/ASD/levels_hold.pl?el=Eu
/Record/Section/1/Section/6/Information/1/Value/StringWithMarkup/0/String,string,Levels Holdings
/Record/Section/1/Section/7/TOCHeading,string,Physical Description
/Record/Section/1/Section/7/Description,string,"The appearance or features of this element, including color, odor, state, taste and more in general."
/Record/Section/1/Section/7/Information/0/ReferenceNumber,number,5
/Record/Section/1/Section/7/Information/0/Value/StringWithMarkup/0/String,string,Solid
/Record/Section/1/Section/8/TOCHeading,string,Element Classification
/Record/Section/1/Section/8/Description,string,"Classification according to the element's chemical and physical properties, and location within the periodic table."
/Record/Section/1/Section/8/Information/0/ReferenceNumber,number,5
/Record/Section/1/Section/8/Information/0/Value/StringWithMarkup/0/String,string,Metal
/Record/Section/1/Section/9/TOCHeading,string,Element Period Number
/Record/Section/1/Section/9/Description,string,The element period number refers to a horizontal row of the periodic table. The periodic table has 7 periods.
/Record/Section/1/Section/9/Information/0/ReferenceNumber,number,5
/Record/Section/1/Section/9/Information/0/Value/StringWithMarkup/0/String,string,6
/Record/Section/1/Section/10/TOCHeading,string,Element Group Number
/Record/Section/1/Section/10/Description,string,Element group refers to a set of chemical elements in the same vertical column of the periodic table
/Record/Section/1/Section/10/Information/0/ReferenceNumber,number,5
/Record/Section/1/Section/10/Information/0/Value/StringWithMarkup/0/String,string,- Lanthanide
/Record/Section/1/Section/11/TOCHeading,string,Density
/Record/Section/1/Section/11/Description,string,This section provides information on the density of an element. It is the mass of a unit volume of the element and commonly expressed in units of kg/m3 or g/cm3.
/Record/Section/1/Section/11/URL,string,https://chem.libretexts.org/Bookshelves/Introductory_Chemistry/Map%3A_Fundamentals_of_General_Organic_and_Biological_Chemistry_(McMurry_et_al.)/01%3A_Matter_and_Measurements/1.12%3A_Density_and_Specific_Gravity
/Record/Section/1/Section/11/Information/0/ReferenceNumber,number,5
/Record/Section/1/Section/11/Information/0/Value/StringWithMarkup/0/String,string,5.24 grams per cubic centimeter
/Record/Section/1/Section/12/TOCHeading,string,Melting Point
/Record/Section/1/Section/12/Description,string,"This section provides the melting point and/or freezing point. The melting point is the temperature at which a substance changes state from solid to liquid at atmospheric pressure. When considered as the temperature of the reverse change (from liquid to solid), it is referred to as the freezing point."
/Record/Section/1/Section/12/URL,string,https://chem.libretexts.org/Bookshelves/Organic_Chemistry/Organic_Chemistry_Lab_Techniques_(Nichols)/06%3A_Miscellaneous_Techniques/6.01%3A_Melting_Point
/Record/Section/1/Section/12/Information/0/ReferenceNumber,number,5
/Record/Section/1/Section/12/Information/0/Value/StringWithMarkup/0/String,string,1095 K (822°C or 1512°F)
/Record/Section/1/Section/12/Information/1/ReferenceNumber,number,6
/Record/Section/1/Section/12/Information/1/Value/StringWithMarkup/0/String,string,826°C
/Record/Section/1/Section/13/TOCHeading,string,Boiling Point
/Record/Section/1/Section/13/Description,string,The temperature at which this element changes state from liquid to gas at a given atmospheric pressure.
/Record/Section/1/Section/13/URL,string,https://chem.libretexts.org/Bookshelves/Organic_Chemistry/Organic_Chemistry_Lab_Techniques_(Nichols)/06%3A_Miscellaneous_Techniques/6.02%3A_Boiling_Point
/Record/Section/1/Section/13/Information/0/ReferenceNumber,number,5
/Record/Section/1/Section/13/Information/0/Value/StringWithMarkup/0/String,string,1802 K (1529°C or 2784°F)
/Record/Section/1/Section/13/Information/1/ReferenceNumber,number,6
/Record/Section/1/Section/13/Information/1/Value/StringWithMarkup/0/String,string,1529°C
/Record/Section/1/Section/14/TOCHeading,string,Estimated Crustal Abundance
/Record/Section/1/Section/14/Description,string,The estimated element abundance in the earth's crust.
/Record/Section/1/Section/14/Information/0/ReferenceNumber,number,5
/Record/Section/1/Section/14/Information/0/Value/StringWithMarkup/0/String,string,2.0 milligrams per kilogram
/Record/Section/1/Section/15/TOCHeading,string,Estimated Oceanic Abundance
/Record/Section/1/Section/15/Description,string,The estimated element abundance in the earth's oceans.
/Record/Section/1/Section/15/Information/0/ReferenceNumber,number,5
/Record/Section/1/Section/15/Information/0/Value/StringWithMarkup/0/String,string,1.3×10-7 milligrams per liter
/Record/Section/1/Section/15/Information/0/Value/StringWithMarkup/0/Markup/0/Start,number,6
/Record/Section/1/Section/15/Information/0/Value/StringWithMarkup/0/Markup/0/Length,number,2
/Record/Section/1/Section/15/Information/0/Value/StringWithMarkup/0/Markup/0/Type,string,Superscript
/Record/Section/2/TOCHeading,string,History
/Record/Section/2/Description,string,The history of the discovery and use of this element.
/Record/Section/2/Information/0/ReferenceNumber,number,3
/Record/Section/2/Information/0/Name,string,History
/Record/Section/2/Information/0/Value/StringWithMarkup/0/String,string,The name derives from the continent of Europe. It was separated from the mineral samaria in magnesium- samarium nitrate by the French chemist Eugène-Anatole Demarçay in 1896. It was also first isolated by Demarçay in 1901.
/Record/Section/2/Information/1/ReferenceNumber,number,5
/Record/Section/2/Information/1/Value/StringWithMarkup/0/String,string,"Europium was discovered by Eugène-Antole Demarçay, a French chemist, in 1896. Demarçay suspected that samples of a recently discovered element, samarium, were contaminated with an unknown element. He was able to produce reasonably pure europium in 1901. Today, europium is primarily obtained through an ion exchange process from monazite sand ((Ce, La, Th, Nd, Y)PO4), a material rich in rare earth elements."
/Record/Section/2/Information/1/Value/StringWithMarkup/0/Markup/0/Start,number,365
/Record/Section/2/Information/1/Value/StringWithMarkup/0/Markup/0/Length,number,1
/Record/Section/2/Information/1/Value/StringWithMarkup/0/Markup/0/Type,string,Subscript
/Record/Section/2/Information/2/ReferenceNumber,number,6
/Record/Section/2/Information/2/Value/StringWithMarkup/0/String,string,"Named after Europe. In 1890 Boisbaudran obtained basic fractions from samarium-gadolinium concentrates which had spark spectral lines not accounted for by samarium or gadolinium. These lines subsequently have been shown to belong to europium. The discovery of europium is generally credited to Demarcay, who separated the rare earth in reasonably pure form in 1901. The pure metal was not isolated until recent years."
/Record/Section/2/Section/0/TOCHeading,string,Historical Atomic Weights
/Record/Section/2/Section/0/Description,string,This section provides the historical atomic weights. The atomic weight shown in brackets means the value range while others shown with uncertainty in parenthesis.
/Record/Section/2/Section/0/DisplayControls/CreateTable/FromInformationIn,string,ThisSection
/Record/Section/2/Section/0/DisplayControls/CreateTable/NumberOfColumns,number,3
/Record/Section/2/Section/0/DisplayControls/CreateTable/ColumnsFromNamedLists/Name/0,string,Year
/Record/Section/2/Section/0/DisplayControls/CreateTable/ColumnsFromNamedLists/Name/1,string,Atomic Weight (uncertainty) [u]
/Record/Section/2/Section/0/DisplayControls/CreateTable/ColumnsFromNamedLists/Name/2,string,Reference
/Record/Section/2/Section/0/DisplayControls/CreateTable/ColumnsFromNamedLists/UseNamesAsColumnHeadings,boolean,true
/Record/Section/2/Section/0/Information/0/ReferenceNumber,number,3
/Record/Section/2/Section/0/Information/0/Name,string,Year
/Record/Section/2/Section/0/Information/0/Value/StringWithMarkup/0/String,string,1995
/Record/Section/2/Section/0/Information/0/Value/StringWithMarkup/1/String,string,1985
/Record/Section/2/Section/0/Information/0/Value/StringWithMarkup/2/String,string,1969
/Record/Section/2/Section/0/Information/0/Value/StringWithMarkup/3/String,string,1961
/Record/Section/2/Section/0/Information/0/Value/StringWithMarkup/4/String,string,1909
/Record/Section/2/Section/0/Information/0/Value/StringWithMarkup/5/String,string,1902
/Record/Section/2/Section/0/Information/1/ReferenceNumber,number,3
/Record/Section/2/Section/0/Information/1/Name,string,Atomic Weight (uncertainty)
/Record/Section/2/Section/0/Information/1/Value/StringWithMarkup/0/String,string,151.964(1)
/Record/Section/2/Section/0/Information/1/Value/StringWithMarkup/1/String,string,151.965(9)
/Record/Section/2/Section/0/Information/1/Value/StringWithMarkup/2/String,string,151.96(1)
/Record/Section/2/Section/0/Information/1/Value/StringWithMarkup/3/String,string,151.96
/Record/Section/2/Section/0/Information/1/Value/StringWithMarkup/4/String,string,152.0
/Record/Section/2/Section/0/Information/1/Value/StringWithMarkup/5/String,string,152
/Record/Section/2/Section/0/Information/2/ReferenceNumber,number,3
/Record/Section/2/Section/0/Information/2/Name,string,Reference
/Record/Section/2/Section/0/Information/2/Value/StringWithMarkup/0/String,string,doi:10.1351/pac199668122339
/Record/Section/2/Section/0/Information/2/Value/StringWithMarkup/0/Markup/0/Start,number,0
/Record/Section/2/Section/0/Information/2/Value/StringWithMarkup/0/Markup/0/Length,number,27
/Record/Section/2/Section/0/Information/2/Value/StringWithMarkup/0/Markup/0/URL,string,https://doi.org/10.1351/pac199668122339
/Record/Section/2/Section/0/Information/2/Value/StringWithMarkup/1/String,string,doi:10.1351/pac198658121677
/Record/Section/2/Section/0/Information/2/Value/StringWithMarkup/1/Markup/0/Start,number,0
/Record/Section/2/Section/0/Information/2/Value/StringWithMarkup/1/Markup/0/Length,number,27
/Record/Section/2/Section/0/Information/2/Value/StringWithMarkup/1/Markup/0/URL,string,https://doi.org/10.1351/pac198658121677
/Record/Section/2/Section/0/Information/2/Value/StringWithMarkup/2/String,string,doi:10.1351/pac197021010091
/Record/Section/2/Section/0/Information/2/Value/StringWithMarkup/2/Markup/0/Start,number,0
/Record/Section/2/Section/0/Information/2/Value/StringWithMarkup/2/Markup/0/Length,number,27
/Record/Section/2/Section/0/Information/2/Value/StringWithMarkup/2/Markup/0/URL,string,https://doi.org/10.1351/pac197021010091
/Record/Section/2/Section/0/Information/2/Value/StringWithMarkup/3/String,string,doi:10.1021/ja00881a001
/Record/Section/2/Section/0/Information/2/Value/StringWithMarkup/3/Markup/0/Start,number,0
/Record/Section/2/Section/0/Information/2/Value/StringWithMarkup/3/Markup/0/Length,number,23
/Record/Section/2/Section/0/Information/2/Value/StringWithMarkup/3/Markup/0/URL,string,https://doi.org/10.1021/ja00881a001
/Record/Section/2/Section/0/Information/2/Value/StringWithMarkup/4/String,string,doi:10.1021/ja01931a001
/Record/Section/2/Section/0/Information/2/Value/StringWithMarkup/4/Markup/0/Start,number,0
/Record/Section/2/Section/0/Information/2/Value/StringWithMarkup/4/Markup/0/Length,number,23
/Record/Section/2/Section/0/Information/2/Value/StringWithMarkup/4/Markup/0/URL,string,https://doi.org/10.1021/ja01931a001
/Record/Section/2/Section/0/Information/2/Value/StringWithMarkup/5/String,string,doi:10.1007/BF01370337
/Record/Section/2/Section/0/Information/2/Value/StringWithMarkup/5/Markup/0/Start,number,0
/Record/Section/2/Section/0/Information/2/Value/StringWithMarkup/5/Markup/0/Length,number,22
/Record/Section/2/Section/0/Information/2/Value/StringWithMarkup/5/Markup/0/URL,string,https://doi.org/10.1007/BF01370337
/Record/Section/2/Section/1/TOCHeading,string,Historical Isotopic Abundances
/Record/Section/2/Section/1/Description,string,This section provides the historical isotopic abundance information. The abundance value shown in brackets means the value range while others shown with uncertainty in parenthesis.
/Record/Section/2/Section/1/DisplayControls/CreateTable/FromInformationIn,string,ThisSection
/Record/Section/2/Section/1/DisplayControls/CreateTable/NumberOfColumns,number,4
/Record/Section/2/Section/1/DisplayControls/CreateTable/ColumnsFromNamedLists/Name/0,string,Year
/Record/Section/2/Section/1/DisplayControls/CreateTable/ColumnsFromNamedLists/Name/1,string,Isotope
/Record/Section/2/Section/1/DisplayControls/CreateTable/ColumnsFromNamedLists/Name/2,string,Abundance (uncertainty)
/Record/Section/2/Section/1/DisplayControls/CreateTable/ColumnsFromNamedLists/Name/3,string,Reference
/Record/Section/2/Section/1/DisplayControls/CreateTable/ColumnsFromNamedLists/UseNamesAsColumnHeadings,boolean,true
/Record/Section/2/Section/1/Information/0/ReferenceNumber,number,3
/Record/Section/2/Section/1/Information/0/Name,string,Year
/Record/Section/2/Section/1/Information/0/Value/StringWithMarkup/0/String,string,2001
/Record/Section/2/Section/1/Information/0/Value/StringWithMarkup/1/String,string,2001
/Record/Section/2/Section/1/Information/0/Value/StringWithMarkup/2/String,string,1997
/Record/Section/2/Section/1/Information/0/Value/StringWithMarkup/3/String,string,1997
/Record/Section/2/Section/1/Information/0/Value/StringWithMarkup/4/String,string,1989
/Record/Section/2/Section/1/Information/0/Value/StringWithMarkup/5/String,string,1989
/Record/Section/2/Section/1/Information/0/Value/StringWithMarkup/6/String,string,1979
/Record/Section/2/Section/1/Information/0/Value/StringWithMarkup/7/String,string,1979
/Record/Section/2/Section/1/Information/0/Value/StringWithMarkup/8/String,string,1975
/Record/Section/2/Section/1/Information/0/Value/StringWithMarkup/9/String,string,1975
/Record/Section/2/Section/1/Information/1/ReferenceNumber,number,3
/Record/Section/2/Section/1/Information/1/Name,string,Isotope
/Record/Section/2/Section/1/Information/1/Value/StringWithMarkup/0/String,string,151Eu
/Record/Section/2/Section/1/Information/1/Value/StringWithMarkup/0/Markup/0/Start,number,0
/Record/Section/2/Section/1/Information/1/Value/StringWithMarkup/0/Markup/0/Length,number,3
/Record/Section/2/Section/1/Information/1/Value/StringWithMarkup/0/Markup/0/Type,string,Superscript
/Record/Section/2/Section/1/Information/1/Value/StringWithMarkup/1/String,string,153Eu
/Record/Section/2/Section/1/Information/1/Value/StringWithMarkup/1/Markup/0/Start,number,0
/Record/Section/2/Section/1/Information/1/Value/StringWithMarkup/1/Markup/0/Length,number,3
/Record/Section/2/Section/1/Information/1/Value/StringWithMarkup/1/Markup/0/Type,string,Superscript
/Record/Section/2/Section/1/Information/1/Value/StringWithMarkup/2/String,string,151Eu
/Record/Section/2/Section/1/Information/1/Value/StringWithMarkup/2/Markup/0/Start,number,0
/Record/Section/2/Section/1/Information/1/Value/StringWithMarkup/2/Markup/0/Length,number,3
/Record/Section/2/Section/1/Information/1/Value/StringWithMarkup/2/Markup/0/Type,string,Superscript
/Record/Section/2/Section/1/Information/1/Value/StringWithMarkup/3/String,string,153Eu
/Record/Section/2/Section/1/Information/1/Value/StringWithMarkup/3/Markup/0/Start,number,0
/Record/Section/2/Section/1/Information/1/Value/StringWithMarkup/3/Markup/0/Length,number,3
/Record/Section/2/Section/1/Information/1/Value/StringWithMarkup/3/Markup/0/Type,string,Superscript
/Record/Section/2/Section/1/Information/1/Value/StringWithMarkup/4/String,string,151Eu
/Record/Section/2/Section/1/Information/1/Value/StringWithMarkup/4/Markup/0/Start,number,0
/Record/Section/2/Section/1/Information/1/Value/StringWithMarkup/4/Markup/0/Length,number,3
/Record/Section/2/Section/1/Information/1/Value/StringWithMarkup/4/Markup/0/Type,string,Superscript
/Record/Section/2/Section/1/Information/1/Value/StringWithMarkup/5/String,string,153Eu
/Record/Section/2/Section/1/Information/1/Value/StringWithMarkup/5/Markup/0/Start,number,0
/Record/Section/2/Section/1/Information/1/Value/StringWithMarkup/5/Markup/0/Length,number,3
/Record/Section/2/Section/1/Information/1/Value/StringWithMarkup/5/Markup/0/Type,string,Superscript
/Record/Section/2/Section/1/Information/1/Value/StringWithMarkup/6/String,string,151Eu
/Record/Section/2/Section/1/Information/1/Value/StringWithMarkup/6/Markup/0/Start,number,0
/Record/Section/2/Section/1/Information/1/Value/StringWithMarkup/6/Markup/0/Length,number,3
/Record/Section/2/Section/1/Information/1/Value/StringWithMarkup/6/Markup/0/Type,string,Superscript
/Record/Section/2/Section/1/Information/1/Value/StringWithMarkup/7/String,string,153Eu
/Record/Section/2/Section/1/Information/1/Value/StringWithMarkup/7/Markup/0/Start,number,0
/Record/Section/2/Section/1/Information/1/Value/StringWithMarkup/7/Markup/0/Length,number,3
/Record/Section/2/Section/1/Information/1/Value/StringWithMarkup/7/Markup/0/Type,string,Superscript
/Record/Section/2/Section/1/Information/1/Value/StringWithMarkup/8/String,string,151Eu
/Record/Section/2/Section/1/Information/1/Value/StringWithMarkup/8/Markup/0/Start,number,0
/Record/Section/2/Section/1/Information/1/Value/StringWithMarkup/8/Markup/0/Length,number,3
/Record/Section/2/Section/1/Information/1/Value/StringWithMarkup/8/Markup/0/Type,string,Superscript
/Record/Section/2/Section/1/Information/1/Value/StringWithMarkup/9/String,string,153Eu
/Record/Section/2/Section/1/Information/1/Value/StringWithMarkup/9/Markup/0/Start,number,0
/Record/Section/2/Section/1/Information/1/Value/StringWithMarkup/9/Markup/0/Length,number,3
/Record/Section/2/Section/1/Information/1/Value/StringWithMarkup/9/Markup/0/Type,string,Superscript
/Record/Section/2/Section/1/Information/2/ReferenceNumber,number,3
/Record/Section/2/Section/1/Information/2/Name,string,Abundance (uncertainty)
/Record/Section/2/Section/1/Information/2/Value/StringWithMarkup/0/String,string,0.4781(6)
/Record/Section/2/Section/1/Information/2/Value/StringWithMarkup/1/String,string,0.5219(6)
/Record/Section/2/Section/1/Information/2/Value/StringWithMarkup/2/String,string,0.4781(3)
/Record/Section/2/Section/1/Information/2/Value/StringWithMarkup/3/String,string,0.5219(3)
/Record/Section/2/Section/1/Information/2/Value/StringWithMarkup/4/String,string,0.478(15)
/Record/Section/2/Section/1/Information/2/Value/StringWithMarkup/5/String,string,0.522(15)
/Record/Section/2/Section/1/Information/2/Value/StringWithMarkup/6/String,string,0.478(5)
/Record/Section/2/Section/1/Information/2/Value/StringWithMarkup/7/String,string,0.522(5)
/Record/Section/2/Section/1/Information/2/Value/StringWithMarkup/8/String,string,0.478
/Record/Section/2/Section/1/Information/2/Value/StringWithMarkup/9/String,string,0.522
/Record/Section/2/Section/1/Information/3/ReferenceNumber,number,3
/Record/Section/2/Section/1/Information/3/Name,string,Reference
/Record/Section/2/Section/1/Information/3/Value/StringWithMarkup/0/String,string,doi:10.1063/1.1836764
/Record/Section/2/Section/1/Information/3/Value/StringWithMarkup/0/Markup/0/Start,number,0
/Record/Section/2/Section/1/Information/3/Value/StringWithMarkup/0/Markup/0/Length,number,21
/Record/Section/2/Section/1/Information/3/Value/StringWithMarkup/0/Markup/0/URL,string,https://doi.org/10.1063/1.1836764
/Record/Section/2/Section/1/Information/3/Value/StringWithMarkup/1/String,string,doi:10.1063/1.1836764
/Record/Section/2/Section/1/Information/3/Value/StringWithMarkup/1/Markup/0/Start,number,0
/Record/Section/2/Section/1/Information/3/Value/StringWithMarkup/1/Markup/0/Length,number,21
/Record/Section/2/Section/1/Information/3/Value/StringWithMarkup/1/Markup/0/URL,string,https://doi.org/10.1063/1.1836764
/Record/Section/2/Section/1/Information/3/Value/StringWithMarkup/2/String,string,doi:10.1351/pac199870010217
/Record/Section/2/Section/1/Information/3/Value/StringWithMarkup/2/Markup/0/Start,number,0
/Record/Section/2/Section/1/Information/3/Value/StringWithMarkup/2/Markup/0/Length,number,27
/Record/Section/2/Section/1/Information/3/Value/StringWithMarkup/2/Markup/0/URL,string,https://doi.org/10.1351/pac199870010217
/Record/Section/2/Section/1/Information/3/Value/StringWithMarkup/3/String,string,doi:10.1351/pac199870010217
/Record/Section/2/Section/1/Information/3/Value/StringWithMarkup/3/Markup/0/Start,number,0
/Record/Section/2/Section/1/Information/3/Value/StringWithMarkup/3/Markup/0/Length,number,27
/Record/Section/2/Section/1/Information/3/Value/StringWithMarkup/3/Markup/0/URL,string,https://doi.org/10.1351/pac199870010217
/Record/Section/2/Section/1/Information/3/Value/StringWithMarkup/4/String,string,doi:10.1351/pac199163070991
/Record/Section/2/Section/1/Information/3/Value/StringWithMarkup/4/Markup/0/Start,number,0
/Record/Section/2/Section/1/Information/3/Value/StringWithMarkup/4/Markup/0/Length,number,27
/Record/Section/2/Section/1/Information/3/Value/StringWithMarkup/4/Markup/0/URL,string,https://doi.org/10.1351/pac199163070991
/Record/Section/2/Section/1/Information/3/Value/StringWithMarkup/5/String,string,doi:10.1351/pac199163070991
/Record/Section/2/Section/1/Information/3/Value/StringWithMarkup/5/Markup/0/Start,number,0
/Record/Section/2/Section/1/Information/3/Value/StringWithMarkup/5/Markup/0/Length,number,27
/Record/Section/2/Section/1/Information/3/Value/StringWithMarkup/5/Markup/0/URL,string,https://doi.org/10.1351/pac199163070991
/Record/Section/2/Section/1/Information/3/Value/StringWithMarkup/6/String,string,doi:10.1351/pac198052102349
/Record/Section/2/Section/1/Information/3/Value/StringWithMarkup/6/Markup/0/Start,number,0
/Record/Section/2/Section/1/Information/3/Value/StringWithMarkup/6/Markup/0/Length,number,27
/Record/Section/2/Section/1/Information/3/Value/StringWithMarkup/6/Markup/0/URL,string,https://doi.org/10.1351/pac198052102349
/Record/Section/2/Section/1/Information/3/Value/StringWithMarkup/7/String,string,doi:10.1351/pac198052102349
/Record/Section/2/Section/1/Information/3/Value/StringWithMarkup/7/Markup/0/Start,number,0
/Record/Section/2/Section/1/Information/3/Value/StringWithMarkup/7/Markup/0/Length,number,27
/Record/Section/2/Section/1/Information/3/Value/StringWithMarkup/7/Markup/0/URL,string,https://doi.org/10.1351/pac198052102349
/Record/Section/2/Section/1/Information/3/Value/StringWithMarkup/8/String,string,doi:10.1351/pac197647010075
/Record/Section/2/Section/1/Information/3/Value/StringWithMarkup/8/Markup/0/Start,number,0
/Record/Section/2/Section/1/Information/3/Value/StringWithMarkup/8/Markup/0/Length,number,27
/Record/Section/2/Section/1/Information/3/Value/StringWithMarkup/8/Markup/0/URL,string,https://doi.org/10.1351/pac197647010075
/Record/Section/2/Section/1/Information/3/Value/StringWithMarkup/9/String,string,doi:10.1351/pac197647010075
/Record/Section/2/Section/1/Information/3/Value/StringWithMarkup/9/Markup/0/Start,number,0
/Record/Section/2/Section/1/Information/3/Value/StringWithMarkup/9/Markup/0/Length,number,27
/Record/Section/2/Section/1/Information/3/Value/StringWithMarkup/9/Markup/0/URL,string,https://doi.org/10.1351/pac197647010075
/Record/Section/3/TOCHeading,string,Description
/Record/Section/3/Description,string,"A short description of this element, provided by authoritative sources."
/Record/Section/3/Information/0/ReferenceNumber,number,6
/Record/Section/3/Information/0/Value/StringWithMarkup/0/String,string,"As with other rare-earth metals, except for lanthanum, europium ignites in air at about 150 to 180°C. Europium is about as hard as lead and is quite ductile. It is the most reactive of the rare-earth metals, quickly oxidizing in air. It resembles calcium in its reaction with water. Bastnasite and monazite are the principal ores containing europium."
/Record/Section/4/TOCHeading,string,Uses
/Record/Section/4/Description,string,Uses of this element in industry and other fields.
/Record/Section/4/Information/0/ReferenceNumber,number,5
/Record/Section/4/Information/0/Value/StringWithMarkup/0/String,string,"Europium is the most reactive of the rare earth elements. There are no commercial applications for europium metal, although it has been used to dope some types of plastics to make lasers. Since it is a good absorber of neutrons, europium is being studied for use in nuclear reactors."
/Record/Section/4/Information/0/Value/StringWithMarkup/1/String,string,"Europium oxide (Eu2O3), one of europium's compounds, is widely used as a red phosphor in television sets and as an activator for yttrium-based phosphors."
/Record/Section/4/Information/0/Value/StringWithMarkup/1/Markup/0/Start,number,18
/Record/Section/4/Information/0/Value/StringWithMarkup/1/Markup/0/Length,number,1
/Record/Section/4/Information/0/Value/StringWithMarkup/1/Markup/0/Type,string,Subscript
/Record/Section/4/Information/0/Value/StringWithMarkup/1/Markup/1/Start,number,20
/Record/Section/4/Information/0/Value/StringWithMarkup/1/Markup/1/Length,number,1
/Record/Section/4/Information/0/Value/StringWithMarkup/1/Markup/1/Type,string,Subscript
/Record/Section/4/Information/1/ReferenceNumber,number,6
/Record/Section/4/Information/1/Value/StringWithMarkup/0/String,string,"Europium-doped plastic has been used as a laser material. With the development of ion-exchange techniques and special processes, the cost of the metal has been greatly reduced in recent years."
/Record/Section/5/TOCHeading,string,Sources
/Record/Section/5/Description,string,Sources of this element.
/Record/Section/5/Information/0/ReferenceNumber,number,6
/Record/Section/5/Information/0/Value/StringWithMarkup/0/String,string,Europium has been identified spectroscopically in the sun and certain stars. Seventeen isotopes are now recognized. Europium isotopes are good neutron absorbers and are being studied for use in nuclear control applications.
/Record/Section/6/TOCHeading,string,Production
/Record/Section/6/Description,string,Production of this element (from raw materials or other compounds containing the element).
/Record/Section/6/Information/0/ReferenceNumber,number,6
/Record/Section/6/Information/0/Value/StringWithMarkup/0/String,string,Europium is now prepared by mixing Eu2O3 with a 10%-excess of lanthanum metal and heating the mixture in a tantalum crucible under high vacuum. The element is collected as a silvery-white metallic deposit on the walls of the crucible.
/Record/Section/6/Information/0/Value/StringWithMarkup/0/Markup/0/Start,number,37
/Record/Section/6/Information/0/Value/StringWithMarkup/0/Markup/0/Length,number,1
/Record/Section/6/Information/0/Value/StringWithMarkup/0/Markup/0/Type,string,Subscript
/Record/Section/6/Information/0/Value/StringWithMarkup/0/Markup/1/Start,number,39
/Record/Section/6/Information/0/Value/StringWithMarkup/0/Markup/1/Length,number,1
/Record/Section/6/Information/0/Value/StringWithMarkup/0/Markup/1/Type,string,Subscript
/Record/Section/7/TOCHeading,string,Compounds
/Record/Section/7/Description,string,Compound records related to this element.
/Record/Section/7/Information/0/ReferenceNumber,number,8
/Record/Section/7/Information/0/Name,string,Compounds
/Record/Section/7/Information/0/URL,string,https://pubchem.ncbi.nlm.nih.gov/#query=Europium
/Record/Section/7/Information/0/Value/StringWithMarkup/0/String,string,See more information at the Europium compound page.
/Record/Section/7/Section/0/TOCHeading,string,Element Forms
/Record/Section/7/Section/0/Description,string,"Other forms of this element, including ions, isotopes, etc."
/Record/Section/7/Section/0/DisplayControls/CreateTable/FromInformationIn,string,ThisSection
/Record/Section/7/Section/0/DisplayControls/CreateTable/NumberOfColumns,number,5
/Record/Section/7/Section/0/DisplayControls/CreateTable/ColumnsFromNamedLists/Name/0,string,CID
/Record/Section/7/Section/0/DisplayControls/CreateTable/ColumnsFromNamedLists/Name/1,string,Name
/Record/Section/7/Section/0/DisplayControls/CreateTable/ColumnsFromNamedLists/Name/2,string,Formula
/Record/Section/7/Section/0/DisplayControls/CreateTable/ColumnsFromNamedLists/Name/3,string,SMILES
/Record/Section/7/Section/0/DisplayControls/CreateTable/ColumnsFromNamedLists/Name/4,string,Molecular Weight
/Record/Section/7/Section/0/DisplayControls/CreateTable/ColumnsFromNamedLists/UseNamesAsColumnHeadings,boolean,true
/Record/Section/7/Section/0/Information/0/ReferenceNumber,number,8
/Record/Section/7/Section/0/Information/0/Name,string,CID
/Record/Section/7/Section/0/Information/0/Value/StringWithMarkup/0/String,string,23981
/Record/Section/7/Section/0/Information/0/Value/StringWithMarkup/0/Markup/0/Start,number,0
/Record/Section/7/Section/0/Information/0/Value/StringWithMarkup/0/Markup/0/Length,number,5
/Record/Section/7/Section/0/Information/0/Value/StringWithMarkup/0/Markup/0/URL,string,https://pubchem.ncbi.nlm.nih.gov/compound/23981
/Record/Section/7/Section/0/Information/0/Value/StringWithMarkup/1/String,string,105159
/Record/Section/7/Section/0/Information/0/Value/StringWithMarkup/1/Markup/0/Start,number,0
/Record/Section/7/Section/0/Information/0/Value/StringWithMarkup/1/Markup/0/Length,number,6
/Record/Section/7/Section/0/Information/0/Value/StringWithMarkup/1/Markup/0/URL,string,https://pubchem.ncbi.nlm.nih.gov/compound/105159
/Record/Section/7/Section/0/Information/0/Value/StringWithMarkup/2/String,string,181095
/Record/Section/7/Section/0/Information/0/Value/StringWithMarkup/2/Markup/0/Start,number,0
/Record/Section/7/Section/0/Information/0/Value/StringWithMarkup/2/Markup/0/Length,number,6
/Record/Section/7/Section/0/Information/0/Value/StringWithMarkup/2/Markup/0/URL,string,https://pubchem.ncbi.nlm.nih.gov/compound/181095
/Record/Section/7/Section/0/Information/0/Value/StringWithMarkup/3/String,string,104907
/Record/Section/7/Section/0/Information/0/Value/StringWithMarkup/3/Markup/0/Start,number,0
/Record/Section/7/Section/0/Information/0/Value/StringWithMarkup/3/Markup/0/Length,number,6
/Record/Section/7/Section/0/Information/0/Value/StringWithMarkup/3/Markup/0/URL,string,https://pubchem.ncbi.nlm.nih.gov/compound/104907
/Record/Section/7/Section/0/Information/0/Value/StringWithMarkup/4/String,string,105012
/Record/Section/7/Section/0/Information/0/Value/StringWithMarkup/4/Markup/0/Start,number,0
/Record/Section/7/Section/0/Information/0/Value/StringWithMarkup/4/Markup/0/Length,number,6
/Record/Section/7/Section/0/Information/0/Value/StringWithMarkup/4/Markup/0/URL,string,https://pubchem.ncbi.nlm.nih.gov/compound/105012
/Record/Section/7/Section/0/Information/0/Value/StringWithMarkup/5/String,string,105088
/Record/Section/7/Section/0/Information/0/Value/StringWithMarkup/5/Markup/0/Start,number,0
/Record/Section/7/Section/0/Information/0/Value/StringWithMarkup/5/Markup/0/Length,number,6
/Record/Section/7/Section/0/Information/0/Value/StringWithMarkup/5/Markup/0/URL,string,https://pubchem.ncbi.nlm.nih.gov/compound/105088
/Record/Section/7/Section/0/Information/0/Value/StringWithMarkup/6/String,string,10154135
/Record/Section/7/Section/0/Information/0/Value/StringWithMarkup/6/Markup/0/Start,number,0
/Record/Section/7/Section/0/Information/0/Value/StringWithMarkup/6/Markup/0/Length,number,8
/Record/Section/7/Section/0/Information/0/Value/StringWithMarkup/6/Markup/0/URL,string,https://pubchem.ncbi.nlm.nih.gov/compound/10154135
/Record/Section/7/Section/0/Information/0/Value/StringWithMarkup/7/String,string,167049
/Record/Section/7/Section/0/Information/0/Value/StringWithMarkup/7/Markup/0/Start,number,0
/Record/Section/7/Section/0/Information/0/Value/StringWithMarkup/7/Markup/0/Length,number,6
/Record/Section/7/Section/0/Information/0/Value/StringWithMarkup/7/Markup/0/URL,string,https://pubchem.ncbi.nlm.nih.gov/compound/167049
/Record/Section/7/Section/0/Information/0/Value/StringWithMarkup/8/String,string,167050
/Record/Section/7/Section/0/Information/0/Value/StringWithMarkup/8/Markup/0/Start,number,0
/Record/Section/7/Section/0/Information/0/Value/StringWithMarkup/8/Markup/0/Length,number,6
/Record/Section/7/Section/0/Information/0/Value/StringWithMarkup/8/Markup/0/URL,string,https://pubchem.ncbi.nlm.nih.gov/compound/167050
/Record/Section/7/Section/0/Information/0/Value/StringWithMarkup/9/String,string,177529
/Record/Section/7/Section/0/Information/0/Value/StringWithMarkup/9/Markup/0/Start,number,0
/Record/Section/7/Section/0/Information/0/Value/StringWithMarkup/9/Markup/0/Length,number,6
/Record/Section/7/Section/0/Information/0/Value/StringWithMarkup/9/Markup/0/URL,string,https://pubchem.ncbi.nlm.nih.gov/compound/177529
/Record/Section/7/Section/0/Information/0/Value/StringWithMarkup/10/String,string,177698
/Record/Section/7/Section/0/Information/0/Value/StringWithMarkup/10/Markup/0/Start,number,0
/Record/Section/7/Section/0/Information/0/Value/StringWithMarkup/10/Markup/0/Length,number,6
/Record/Section/7/Section/0/Information/0/Value/StringWithMarkup/10/Markup/0/URL,string,https://pubchem.ncbi.nlm.nih.gov/compound/177698
/Record/Section/7/Section/0/Information/0/Value/StringWithMarkup/11/String,string,177699
/Record/Section/7/Section/0/Information/0/Value/StringWithMarkup/11/Markup/0/Start,number,0
/Record/Section/7/Section/0/Information/0/Value/StringWithMarkup/11/Markup/0/Length,number,6
/Record/Section/7/Section/0/Information/0/Value/StringWithMarkup/11/Markup/0/URL,string,https://pubchem.ncbi.nlm.nih.gov/compound/177699
/Record/Section/7/Section/0/Information/0/Value/StringWithMarkup/12/String,string,178159
/Record/Section/7/Section/0/Information/0/Value/StringWithMarkup/12/Markup/0/Start,number,0
/Record/Section/7/Section/0/Information/0/Value/StringWithMarkup/12/Markup/0/Length,number,6
/Record/Section/7/Section/0/Information/0/Value/StringWithMarkup/12/Markup/0/URL,string,https://pubchem.ncbi.nlm.nih.gov/compound/178159
/Record/Section/7/Section/0/Information/0/Value/StringWithMarkup/13/String,string,25087141
/Record/Section/7/Section/0/Information/0/Value/StringWithMarkup/13/Markup/0/Start,number,0
/Record/Section/7/Section/0/Information/0/Value/StringWithMarkup/13/Markup/0/Length,number,8
/Record/Section/7/Section/0/Information/0/Value/StringWithMarkup/13/Markup/0/URL,string,https://pubchem.ncbi.nlm.nih.gov/compound/25087141
/Record/Section/7/Section/0/Information/0/Value/StringWithMarkup/14/String,string,177499
/Record/Section/7/Section/0/Information/0/Value/StringWithMarkup/14/Markup/0/Start,number,0
/Record/Section/7/Section/0/Information/0/Value/StringWithMarkup/14/Markup/0/Length,number,6
/Record/Section/7/Section/0/Information/0/Value/StringWithMarkup/14/Markup/0/URL,string,https://pubchem.ncbi.nlm.nih.gov/compound/177499
/Record/Section/7/Section/0/Information/0/Value/StringWithMarkup/15/String,string,177500
/Record/Section/7/Section/0/Information/0/Value/StringWithMarkup/15/Markup/0/Start,number,0
/Record/Section/7/Section/0/Information/0/Value/StringWithMarkup/15/Markup/0/Length,number,6
/Record/Section/7/Section/0/Information/0/Value/StringWithMarkup/15/Markup/0/URL,string,https://pubchem.ncbi.nlm.nih.gov/compound/177500
/Record/Section/7/Section/0/Information/0/Value/StringWithMarkup/16/String,string,178174
/Record/Section/7/Section/0/Information/0/Value/StringWithMarkup/16/Markup/0/Start,number,0
/Record/Section/7/Section/0/Information/0/Value/StringWithMarkup/16/Markup/0/Length,number,6
/Record/Section/7/Section/0/Information/0/Value/StringWithMarkup/16/Markup/0/URL,string,https://pubchem.ncbi.nlm.nih.gov/compound/178174
/Record/Section/7/Section/0/Information/0/Value/StringWithMarkup/17/String,string,10313227
/Record/Section/7/Section/0/Information/0/Value/StringWithMarkup/17/Markup/0/Start,number,0
/Record/Section/7/Section/0/Information/0/Value/StringWithMarkup/17/Markup/0/Length,number,8
/Record/Section/7/Section/0/Information/0/Value/StringWithMarkup/17/Markup/0/URL,string,https://pubchem.ncbi.nlm.nih.gov/compound/10313227
/Record/Section/7/Section/0/Information/0/Value/StringWithMarkup/18/String,string,51352726
/Record/Section/7/Section/0/Information/0/Value/StringWithMarkup/18/Markup/0/Start,number,0
/Record/Section/7/Section/0/Information/0/Value/StringWithMarkup/18/Markup/0/Length,number,8
/Record/Section/7/Section/0/Information/0/Value/StringWithMarkup/18/Markup/0/URL,string,https://pubchem.ncbi.nlm.nih.gov/compound/51352726
/Record/Section/7/Section/0/Information/0/Value/StringWithMarkup/19/String,string,51352727
/Record/Section/7/Section/0/Information/0/Value/StringWithMarkup/19/Markup/0/Start,number,0
/Record/Section/7/Section/0/Information/0/Value/StringWithMarkup/19/Markup/0/Length,number,8
/Record/Section/7/Section/0/Information/0/Value/StringWithMarkup/19/Markup/0/URL,string,https://pubchem.ncbi.nlm.nih.gov/compound/51352727
/Record/Section/7/Section/0/Information/1/ReferenceNumber,number,8
/Record/Section/7/Section/0/Information/1/Name,string,Name
/Record/Section/7/Section/0/Information/1/Value/StringWithMarkup/0/String,string,europium
/Record/Section/7/Section/0/Information/1/Value/StringWithMarkup/1/String,string,europium(3+)
/Record/Section/7/Section/0/Information/1/Value/StringWithMarkup/2/String,string,europium(2+)
/Record/Section/7/Section/0/Information/1/Value/StringWithMarkup/3/String,string,europium-152
/Record/Section/7/Section/0/Information/1/Value/StringWithMarkup/4/String,string,europium-154
/Record/Section/7/Section/0/Information/1/Value/StringWithMarkup/5/String,string,europium-155
/Record/Section/7/Section/0/Information/1/Value/StringWithMarkup/6/String,string,europium-151
/Record/Section/7/Section/0/Information/1/Value/StringWithMarkup/7/String,string,europium-156
/Record/Section/7/Section/0/Information/1/Value/StringWithMarkup/8/String,string,europium-157
/Record/Section/7/Section/0/Information/1/Value/StringWithMarkup/9/String,string,europium-145
/Record/Section/7/Section/0/Information/1/Value/StringWithMarkup/10/String,string,europium-148
/Record/Section/7/Section/0/Information/1/Value/StringWithMarkup/11/String,string,europium-150
/Record/Section/7/Section/0/Information/1/Value/StringWithMarkup/12/String,string,europium-158
/Record/Section/7/Section/0/Information/1/Value/StringWithMarkup/13/String,string,europium-153
/Record/Section/7/Section/0/Information/1/Value/StringWithMarkup/14/String,string,europium-146
/Record/Section/7/Section/0/Information/1/Value/StringWithMarkup/15/String,string,europium-149
/Record/Section/7/Section/0/Information/1/Value/StringWithMarkup/16/String,string,europium-147
/Record/Section/7/Section/0/Information/1/Value/StringWithMarkup/17/String,string,europium-154(3+)
/Record/Section/7/Section/0/Information/1/Value/StringWithMarkup/18/String,string,europium-136(3+)
/Record/Section/7/Section/0/Information/1/Value/StringWithMarkup/19/String,string,europium-136
/Record/Section/7/Section/0/Information/2/ReferenceNumber,number,8
/Record/Section/7/Section/0/Information/2/Name,string,Formula
/Record/Section/7/Section/0/Information/2/Value/StringWithMarkup/0/String,string,Eu
/Record/Section/7/Section/0/Information/2/Value/StringWithMarkup/1/String,string,Eu+3
/Record/Section/7/Section/0/Information/2/Value/StringWithMarkup/2/String,string,Eu+2
/Record/Section/7/Section/0/Information/2/Value/StringWithMarkup/3/String,string,Eu
/Record/Section/7/Section/0/Information/2/Value/StringWithMarkup/4/String,string,Eu
/Record/Section/7/Section/0/Information/2/Value/StringWithMarkup/5/String,string,Eu
/Record/Section/7/Section/0/Information/2/Value/StringWithMarkup/6/String,string,Eu
/Record/Section/7/Section/0/Information/2/Value/StringWithMarkup/7/String,string,Eu
/Record/Section/7/Section/0/Information/2/Value/StringWithMarkup/8/String,string,Eu
/Record/Section/7/Section/0/Information/2/Value/StringWithMarkup/9/String,string,Eu
/Record/Section/7/Section/0/Information/2/Value/StringWithMarkup/10/String,string,Eu
/Record/Section/7/Section/0/Information/2/Value/StringWithMarkup/11/String,string,Eu
/Record/Section/7/Section/0/Information/2/Value/StringWithMarkup/12/String,string,Eu
/Record/Section/7/Section/0/Information/2/Value/StringWithMarkup/13/String,string,Eu
/Record/Section/7/Section/0/Information/2/Value/StringWithMarkup/14/String,string,Eu
/Record/Section/7/Section/0/Information/2/Value/StringWithMarkup/15/String,string,Eu
/Record/Section/7/Section/0/Information/2/Value/StringWithMarkup/16/String,string,Eu
/Record/Section/7/Section/0/Information/2/Value/StringWithMarkup/17/String,string,Eu+3
/Record/Section/7/Section/0/Information/2/Value/StringWithMarkup/18/String,string,Eu+3
/Record/Section/7/Section/0/Information/2/Value/StringWithMarkup/19/String,string,Eu
/Record/Section/7/Section/0/Information/3/ReferenceNumber,number,8
/Record/Section/7/Section/0/Information/3/Name,string,SMILES
/Record/Section/7/Section/0/Information/3/Value/StringWithMarkup/0/String,string,[Eu]
/Record/Section/7/Section/0/Information/3/Value/StringWithMarkup/1/String,string,[Eu+3]
/Record/Section/7/Section/0/Information/3/Value/StringWithMarkup/2/String,string,[Eu+2]
/Record/Section/7/Section/0/Information/3/Value/StringWithMarkup/3/String,string,[152Eu]
/Record/Section/7/Section/0/Information/3/Value/StringWithMarkup/4/String,string,[154Eu]
/Record/Section/7/Section/0/Information/3/Value/StringWithMarkup/5/String,string,[155Eu]
/Record/Section/7/Section/0/Information/3/Value/StringWithMarkup/6/String,string,[151Eu]
/Record/Section/7/Section/0/Information/3/Value/StringWithMarkup/7/String,string,[156Eu]
/Record/Section/7/Section/0/Information/3/Value/StringWithMarkup/8/String,string,[157Eu]
/Record/Section/7/Section/0/Information/3/Value/StringWithMarkup/9/String,string,[145Eu]
/Record/Section/7/Section/0/Information/3/Value/StringWithMarkup/10/String,string,[148Eu]
/Record/Section/7/Section/0/Information/3/Value/StringWithMarkup/11/String,string,[150Eu]
/Record/Section/7/Section/0/Information/3/Value/StringWithMarkup/12/String,string,[158Eu]
/Record/Section/7/Section/0/Information/3/Value/StringWithMarkup/13/String,string,[153Eu]
/Record/Section/7/Section/0/Information/3/Value/StringWithMarkup/14/String,string,[146Eu]
/Record/Section/7/Section/0/Information/3/Value/StringWithMarkup/15/String,string,[149Eu]
/Record/Section/7/Section/0/Information/3/Value/StringWithMarkup/16/String,string,[147Eu]
/Record/Section/7/Section/0/Information/3/Value/StringWithMarkup/17/String,string,[154Eu+3]
/Record/Section/7/Section/0/Information/3/Value/StringWithMarkup/18/String,string,[136Eu+3]
/Record/Section/7/Section/0/Information/3/Value/StringWithMarkup/19/String,string,[136Eu]
/Record/Section/7/Section/0/Information/4/ReferenceNumber,number,8
/Record/Section/7/Section/0/Information/4/Name,string,Molecular Weight
/Record/Section/7/Section/0/Information/4/Value/StringWithMarkup/0/String,string,151.964
/Record/Section/7/Section/0/Information/4/Value/StringWithMarkup/1/String,string,151.964
/Record/Section/7/Section/0/Information/4/Value/StringWithMarkup/2/String,string,151.964
/Record/Section/7/Section/0/Information/4/Value/StringWithMarkup/3/String,string,151.92175
/Record/Section/7/Section/0/Information/4/Value/StringWithMarkup/4/String,string,153.92299
/Record/Section/7/Section/0/Information/4/Value/StringWithMarkup/5/String,string,154.92290
/Record/Section/7/Section/0/Information/4/Value/StringWithMarkup/6/String,string,150.91986
/Record/Section/7/Section/0/Information/4/Value/StringWithMarkup/7/String,string,155.92476
/Record/Section/7/Section/0/Information/4/Value/StringWithMarkup/8/String,string,156.92543
/Record/Section/7/Section/0/Information/4/Value/StringWithMarkup/9/String,string,144.91627
/Record/Section/7/Section/0/Information/4/Value/StringWithMarkup/10/String,string,147.9181
/Record/Section/7/Section/0/Information/4/Value/StringWithMarkup/11/String,string,149.91971
/Record/Section/7/Section/0/Information/4/Value/StringWithMarkup/12/String,string,157.92778
/Record/Section/7/Section/0/Information/4/Value/StringWithMarkup/13/String,string,152.92124
/Record/Section/7/Section/0/Information/4/Value/StringWithMarkup/14/String,string,145.91721
/Record/Section/7/Section/0/Information/4/Value/StringWithMarkup/15/String,string,148.91794
/Record/Section/7/Section/0/Information/4/Value/StringWithMarkup/16/String,string,146.91675
/Record/Section/7/Section/0/Information/4/Value/StringWithMarkup/17/String,string,153.92299
/Record/Section/7/Section/0/Information/4/Value/StringWithMarkup/18/String,string,135.940
/Record/Section/7/Section/0/Information/4/Value/StringWithMarkup/19/String,string,135.940
/Record/Section/8/TOCHeading,string,Isotopes
/Record/Section/8/Description,string,Isotopes are nuclides having the same atomic number but different mass numbers.  This section provides information on the isotopes of this element and their uses in various fields.
/Record/Section/8/URL,string,https://chem.libretexts.org/Courses/Furman_University/CHM101%3A_Chemistry_and_Global_Awareness_(Gordon)/03%3A_Atoms_and_the_Periodic_Table/3.05%3A_Isotopes
/Record/Section/8/Information/0/ReferenceNumber,number,5
/Record/Section/8/Information/0/Name,string,Stable Isotope Count
/Record/Section/8/Information/0/Value/StringWithMarkup/0/String,string,1
/Record/Section/8/Section/0/TOCHeading,string,Isotopes in Geochronology
/Record/Section/8/Section/0/Description,string,Information on the use of this element's isotopes in geochronology.
/Record/Section/8/Section/0/Information/0/ReferenceNumber,number,4
/Record/Section/8/Section/0/Information/0/Reference/0,string,"[447]  Z. G. Gritchenko, Y. V. Kuznetsov, V. K. Legin, V. N. Strukov. Radiochemistry44, 199 (2002)."
/Record/Section/8/Section/0/Information/0/ExtendedReference/0/Citation,string,"[447]  Z. G. Gritchenko, Y. V. Kuznetsov, V. K. Legin, V. N. Strukov. Radiochemistry44, 199 (2002)."
/Record/Section/8/Section/0/Information/0/Value/StringWithMarkup/0/String,string,"For more than 40 years, weapons-grade plutonium was manufactured by the Krasnoyarsk Mining and Chemical Combine in the now closed town of Krasnoyarsk Krai, Russia, using single-pass uranium-graphite production reactors [447]. Water from the Yenisei River was used for heat removal from the reactor core. Radioactively contaminated water was discharged into the Yenisei River and was a primary source of contamination of bottom sediments and floodland for hundreds of kilometers down gradient from the Krasnoyarsk Mining and Chemical Combine. In 2002, radioactive contamination of the bottom sediments and floodlands was composed primarily of 137Cs, 152Eu, 154Eu, and 60Co [447]. The decrease in the isotope-amount ratio n(154Eu)/n(152Eu) down the depth profiles (Fig. IUPAC.63.1) enables one to determine the age of bottom sediments and floodlands of the Yenisei River and calculate their average formation rates [447]."
/Record/Section/8/Section/0/Information/0/Value/StringWithMarkup/0/Markup/0/Start,number,642
/Record/Section/8/Section/0/Information/0/Value/StringWithMarkup/0/Markup/0/Length,number,3
/Record/Section/8/Section/0/Information/0/Value/StringWithMarkup/0/Markup/0/Type,string,Superscript
/Record/Section/8/Section/0/Information/0/Value/StringWithMarkup/0/Markup/1/Start,number,649
/Record/Section/8/Section/0/Information/0/Value/StringWithMarkup/0/Markup/1/Length,number,3
/Record/Section/8/Section/0/Information/0/Value/StringWithMarkup/0/Markup/1/Type,string,Superscript
/Record/Section/8/Section/0/Information/0/Value/StringWithMarkup/0/Markup/2/Start,number,656
/Record/Section/8/Section/0/Information/0/Value/StringWithMarkup/0/Markup/2/Length,number,3
/Record/Section/8/Section/0/Information/0/Value/StringWithMarkup/0/Markup/2/Type,string,Superscript
/Record/Section/8/Section/0/Information/0/Value/StringWithMarkup/0/Markup/3/Start,number,667
/Record/Section/8/Section/0/Information/0/Value/StringWithMarkup/0/Markup/3/Length,number,2
/Record/Section/8/Section/0/Information/0/Value/StringWithMarkup/0/Markup/3/Type,string,Superscript
/Record/Section/8/Section/0/Information/0/Value/StringWithMarkup/0/Markup/4/Start,number,722
/Record/Section/8/Section/0/Information/0/Value/StringWithMarkup/0/Markup/4/Length,number,3
/Record/Section/8/Section/0/Information/0/Value/StringWithMarkup/0/Markup/4/Type,string,Superscript
/Record/Section/8/Section/0/Information/0/Value/StringWithMarkup/0/Markup/5/Start,number,731
/Record/Section/8/Section/0/Information/0/Value/StringWithMarkup/0/Markup/5/Length,number,3
/Record/Section/8/Section/0/Information/0/Value/StringWithMarkup/0/Markup/5/Type,string,Superscript
/Record/Section/8/Section/0/Information/0/Value/StringWithMarkup/1/String,string,          
/Record/Section/8/Section/0/Information/0/Value/StringWithMarkup/1/Markup/0/Start,number,0
/Record/Section/8/Section/0/Information/0/Value/StringWithMarkup/1/Markup/0/Length,number,1
/Record/Section/8/Section/0/Information/0/Value/StringWithMarkup/1/Markup/0/URL,string,https://pubchem.ncbi.nlm.nih.gov/images/iupac/j_pac-2015-0703_fig_088.jpg
/Record/Section/8/Section/0/Information/0/Value/StringWithMarkup/1/Markup/0/Type,string,Image
/Record/Section/8/Section/0/Information/0/Value/StringWithMarkup/1/Markup/0/Size,string,697x645
/Record/Section/8/Section/0/Information/0/Value/StringWithMarkup/1/Markup/0/Caption,string,"Fig. IUPAC.63.1: Variation in the isotope-amount ratio n(¹⁵⁴Eu)/n(¹⁵²Eu) along the vertical profile of floodland sediments at the tail end of Atamanovskii Island, Russia (modified from [447]). "
/Record/Section/8/Section/1/TOCHeading,string,Isotopes in Industry
/Record/Section/8/Section/1/Description,string,Information on the use of this element's isotopes in industry.
/Record/Section/8/Section/1/Information/0/ReferenceNumber,number,4
/Record/Section/8/Section/1/Information/0/Reference/0,string,"[448]  C. R. Hammond. “The elements”, in CRC Handbook of Chemistry and Physics, C. Press, Taylor & Francis Group (1998)."
/Record/Section/8/Section/1/Information/0/Reference/1,string,"[449]  K. V. Vimalnatha, M. K. Dasb, M. Ananthakrishnana, N. Ramamoorthy. Appl. Radiat. Isot.62, 17 (2005)."
/Record/Section/8/Section/1/Information/0/Reference/2,string,"[450]  S. Snyder, J. Duval. Design and Construction of a Gamma-ray Spectrometer System for Determining Natural Radioelement Concentrations in Geological Samples at the U.S. Geological Survey in Reston, Virginia, U.S. Geological Survey (2003)."
/Record/Section/8/Section/1/Information/0/ExtendedReference/0/Citation,string,"[448]  C. R. Hammond. “The elements”, in CRC Handbook of Chemistry and Physics, C. Press, Taylor & Francis Group (1998)."
/Record/Section/8/Section/1/Information/0/ExtendedReference/1/Citation,string,"[449]  K. V. Vimalnatha, M. K. Dasb, M. Ananthakrishnana, N. Ramamoorthy. Appl. Radiat. Isot.62, 17 (2005)."
/Record/Section/8/Section/1/Information/0/ExtendedReference/2/Citation,string,"[450]  S. Snyder, J. Duval. Design and Construction of a Gamma-ray Spectrometer System for Determining Natural Radioelement Concentrations in Geological Samples at the U.S. Geological Survey in Reston, Virginia, U.S. Geological Survey (2003)."
/Record/Section/8/Section/1/Information/0/Value/StringWithMarkup/0/String,string,"Europium isotopes have been used in nuclear-control applications because they are good neutron absorbers [448]. 152Eu (with a half-life of 13.5 years), which is produced by 151Eu via the neutron capture reaction 151Eu (n, γ) 152Eu, and 154Eu (with a half-life of 8.59 years) are used as reference sources for calibration in gamma ray spectroscopy (Fig. IUPAC.63.2) [449]."
/Record/Section/8/Section/1/Information/0/Value/StringWithMarkup/0/Markup/0/Start,number,112
/Record/Section/8/Section/1/Information/0/Value/StringWithMarkup/0/Markup/0/Length,number,3
/Record/Section/8/Section/1/Information/0/Value/StringWithMarkup/0/Markup/0/Type,string,Superscript
/Record/Section/8/Section/1/Information/0/Value/StringWithMarkup/0/Markup/1/Start,number,173
/Record/Section/8/Section/1/Information/0/Value/StringWithMarkup/0/Markup/1/Length,number,3
/Record/Section/8/Section/1/Information/0/Value/StringWithMarkup/0/Markup/1/Type,string,Superscript
/Record/Section/8/Section/1/Information/0/Value/StringWithMarkup/0/Markup/2/Start,number,212
/Record/Section/8/Section/1/Information/0/Value/StringWithMarkup/0/Markup/2/Length,number,3
/Record/Section/8/Section/1/Information/0/Value/StringWithMarkup/0/Markup/2/Type,string,Superscript
/Record/Section/8/Section/1/Information/0/Value/StringWithMarkup/0/Markup/3/Start,number,225
/Record/Section/8/Section/1/Information/0/Value/StringWithMarkup/0/Markup/3/Length,number,3
/Record/Section/8/Section/1/Information/0/Value/StringWithMarkup/0/Markup/3/Type,string,Superscript
/Record/Section/8/Section/1/Information/0/Value/StringWithMarkup/0/Markup/4/Start,number,236
/Record/Section/8/Section/1/Information/0/Value/StringWithMarkup/0/Markup/4/Length,number,3
/Record/Section/8/Section/1/Information/0/Value/StringWithMarkup/0/Markup/4/Type,string,Superscript
/Record/Section/8/Section/1/Information/0/Value/StringWithMarkup/1/String,string,          
/Record/Section/8/Section/1/Information/0/Value/StringWithMarkup/1/Markup/0/Start,number,0
/Record/Section/8/Section/1/Information/0/Value/StringWithMarkup/1/Markup/0/Length,number,1
/Record/Section/8/Section/1/Information/0/Value/StringWithMarkup/1/Markup/0/URL,string,https://pubchem.ncbi.nlm.nih.gov/images/iupac/j_pac-2015-0703_fig_089.jpg
/Record/Section/8/Section/1/Information/0/Value/StringWithMarkup/1/Markup/0/Type,string,Image
/Record/Section/8/Section/1/Information/0/Value/StringWithMarkup/1/Markup/0/Size,string,945x688
/Record/Section/8/Section/1/Information/0/Value/StringWithMarkup/1/Markup/0/Caption,string,"Fig. IUPAC.63.2: ¹⁵²Eu is used as a reference source for calibrating gamma-ray spectrometer systems like the one pictured here. (Photo Source: Snyder and Duval, 2003. U.S. Geological Survey Open-File Report 03-029) [450]. "
/Record/Section/8/Section/2/TOCHeading,string,Isotopes Used as a Source of Radioactive Isotope(s)
/Record/Section/8/Section/2/Description,string,Information on the use of this element's isotopes to generate radioactive isotopes.
/Record/Section/8/Section/2/Information/0/ReferenceNumber,number,4
/Record/Section/8/Section/2/Information/0/Reference/0,string,"[451]  M. Al-Abyad, I. Spahn, S. Sudár, M. Morsy, M. N. H. Comsan, J. Csikai, S. M. Qaim, H. H. Coenen. Appl. Radiat. Isot.64, 717 (2006)."
/Record/Section/8/Section/2/Information/0/ExtendedReference/0/Citation,string,"[451]  M. Al-Abyad, I. Spahn, S. Sudár, M. Morsy, M. N. H. Comsan, J. Csikai, S. M. Qaim, H. H. Coenen. Appl. Radiat. Isot.64, 717 (2006)."
/Record/Section/8/Section/2/Information/0/Value/StringWithMarkup/0/String,string,"Reactions on 153Eu can produce the therapeutic radionuclide 153Sm (with a half-life of about 1.9 days) via fast neutron irradiation 153Eu (n, p) 153Sm [451]."
/Record/Section/8/Section/2/Information/0/Value/StringWithMarkup/0/Markup/0/Start,number,13
/Record/Section/8/Section/2/Information/0/Value/StringWithMarkup/0/Markup/0/Length,number,3
/Record/Section/8/Section/2/Information/0/Value/StringWithMarkup/0/Markup/0/Type,string,Superscript
/Record/Section/8/Section/2/Information/0/Value/StringWithMarkup/0/Markup/1/Start,number,60
/Record/Section/8/Section/2/Information/0/Value/StringWithMarkup/0/Markup/1/Length,number,3
/Record/Section/8/Section/2/Information/0/Value/StringWithMarkup/0/Markup/1/Type,string,Superscript
/Record/Section/8/Section/2/Information/0/Value/StringWithMarkup/0/Markup/2/Start,number,132
/Record/Section/8/Section/2/Information/0/Value/StringWithMarkup/0/Markup/2/Length,number,3
/Record/Section/8/Section/2/Information/0/Value/StringWithMarkup/0/Markup/2/Type,string,Superscript
/Record/Section/8/Section/2/Information/0/Value/StringWithMarkup/0/Markup/3/Start,number,145
/Record/Section/8/Section/2/Information/0/Value/StringWithMarkup/0/Markup/3/Length,number,3
/Record/Section/8/Section/2/Information/0/Value/StringWithMarkup/0/Markup/3/Type,string,Superscript
/Record/Section/8/Section/3/TOCHeading,string,Isotope Mass and Abundance
/Record/Section/8/Section/3/Description,string,Atomic mass and abundance (composition) information for a given isotope/nuclide. The number in the parenthesis refers to an uncertainty when exist. The unit of atomic weight is the unified atomic mass unit (u) or dalton (Da). 
/Record/Section/8/Section/3/DisplayControls/CreateTable/FromInformationIn,string,ThisSection
/Record/Section/8/Section/3/DisplayControls/CreateTable/NumberOfColumns,number,3
/Record/Section/8/Section/3/DisplayControls/CreateTable/ColumnsFromNamedLists/Name/0,string,Isotope
/Record/Section/8/Section/3/DisplayControls/CreateTable/ColumnsFromNamedLists/Name/1,string,Atomic Mass (uncertainty) [u]
/Record/Section/8/Section/3/DisplayControls/CreateTable/ColumnsFromNamedLists/Name/2,string,Abundance (uncertainty)
/Record/Section/8/Section/3/DisplayControls/CreateTable/ColumnsFromNamedLists/UseNamesAsColumnHeadings,boolean,true
/Record/Section/8/Section/3/Information/0/ReferenceNumber,number,3
/Record/Section/8/Section/3/Information/0/Name,string,Isotope
/Record/Section/8/Section/3/Information/0/Value/StringWithMarkup/0/String,string, 151Eu
/Record/Section/8/Section/3/Information/0/Value/StringWithMarkup/0/Markup/0/Start,number,0
/Record/Section/8/Section/3/Information/0/Value/StringWithMarkup/0/Markup/0/Length,number,4
/Record/Section/8/Section/3/Information/0/Value/StringWithMarkup/0/Markup/0/Type,string,Superscript
/Record/Section/8/Section/3/Information/0/Value/StringWithMarkup/1/String,string, 153Eu
/Record/Section/8/Section/3/Information/0/Value/StringWithMarkup/1/Markup/0/Start,number,0
/Record/Section/8/Section/3/Information/0/Value/StringWithMarkup/1/Markup/0/Length,number,4
/Record/Section/8/Section/3/Information/0/Value/StringWithMarkup/1/Markup/0/Type,string,Superscript
/Record/Section/8/Section/3/Information/1/ReferenceNumber,number,3
/Record/Section/8/Section/3/Information/1/Name,string,Atomic Mass (uncertainty)
/Record/Section/8/Section/3/Information/1/Value/StringWithMarkup/0/String,string,150.919 857(9)
/Record/Section/8/Section/3/Information/1/Value/StringWithMarkup/1/String,string,152.921 237(9)
/Record/Section/8/Section/3/Information/2/ReferenceNumber,number,3
/Record/Section/8/Section/3/Information/2/Name,string,Abundance (uncertainty)
/Record/Section/8/Section/3/Information/2/Value/StringWithMarkup/0/String,string,0.4781(6)
/Record/Section/8/Section/3/Information/2/Value/StringWithMarkup/1/String,string,0.5219(6)
/Record/Section/8/Section/3/Information/3/ReferenceNumber,number,7
/Record/Section/8/Section/3/Information/3/Name,string,Isotope
/Record/Section/8/Section/3/Information/3/Value/StringWithMarkup/0/String,string,151Eu
/Record/Section/8/Section/3/Information/3/Value/StringWithMarkup/0/Markup/0/Start,number,0
/Record/Section/8/Section/3/Information/3/Value/StringWithMarkup/0/Markup/0/Length,number,3
/Record/Section/8/Section/3/Information/3/Value/StringWithMarkup/0/Markup/0/Type,string,Superscript
/Record/Section/8/Section/3/Information/3/Value/StringWithMarkup/1/String,string,153Eu
/Record/Section/8/Section/3/Information/3/Value/StringWithMarkup/1/Markup/0/Start,number,0
/Record/Section/8/Section/3/Information/3/Value/StringWithMarkup/1/Markup/0/Length,number,3
/Record/Section/8/Section/3/Information/3/Value/StringWithMarkup/1/Markup/0/Type,string,Superscript
/Record/Section/8/Section/3/Information/4/ReferenceNumber,number,7
/Record/Section/8/Section/3/Information/4/Name,string,Atomic Mass (uncertainty) [u]
/Record/Section/8/Section/3/Information/4/Value/StringWithMarkup/0/String,string,150.9198578(18)
/Record/Section/8/Section/3/Information/4/Value/StringWithMarkup/1/String,string,152.9212380(18)
/Record/Section/8/Section/3/Information/5/ReferenceNumber,number,7
/Record/Section/8/Section/3/Information/5/Name,string,Abundance (uncertainty)
/Record/Section/8/Section/3/Information/5/Value/StringWithMarkup/0/String,string,0.4781(6)
/Record/Section/8/Section/3/Information/5/Value/StringWithMarkup/1/String,string,0.5219(6)
/Record/Section/8/Section/4/TOCHeading,string,"Atomic Mass, Half Life, and Decay"
/Record/Section/8/Section/4/Description,string,"Information on the atomic mass, half life, and decay for this element, from the the Atomic Mass Data Center. The number after the ± refers to an uncertainty when exists."
/Record/Section/8/Section/4/URL,string,https://pubchem.ncbi.nlm.nih.gov/docs/atomic-mass/
/Record/Section/8/Section/4/DisplayControls/CreateTable/FromInformationIn,string,ThisSection
/Record/Section/8/Section/4/DisplayControls/CreateTable/NumberOfColumns,number,5
/Record/Section/8/Section/4/DisplayControls/CreateTable/ColumnsFromNamedLists/Name/0,string,Nuclide
/Record/Section/8/Section/4/DisplayControls/CreateTable/ColumnsFromNamedLists/Name/1,string,Atomic Mass and Uncertainty [u]
/Record/Section/8/Section/4/DisplayControls/CreateTable/ColumnsFromNamedLists/Name/2,string,Half Life and Uncertainty
/Record/Section/8/Section/4/DisplayControls/CreateTable/ColumnsFromNamedLists/Name/3,string,Discovery Year
/Record/Section/8/Section/4/DisplayControls/CreateTable/ColumnsFromNamedLists/Name/4,string,"Decay Modes, Intensities and Uncertainties [%]"
/Record/Section/8/Section/4/DisplayControls/CreateTable/ColumnsFromNamedLists/UseNamesAsColumnHeadings,boolean,true
/Record/Section/8/Section/4/Information/0/ReferenceNumber,number,2
/Record/Section/8/Section/4/Information/0/Name,string,Nuclide
/Record/Section/8/Section/4/Information/0/Value/StringWithMarkup/0/String,string,130Eu
/Record/Section/8/Section/4/Information/0/Value/StringWithMarkup/0/Markup/0/Start,number,0
/Record/Section/8/Section/4/Information/0/Value/StringWithMarkup/0/Markup/0/Length,number,3
/Record/Section/8/Section/4/Information/0/Value/StringWithMarkup/0/Markup/0/Type,string,Superscript
/Record/Section/8/Section/4/Information/0/Value/StringWithMarkup/1/String,string,131Eu
/Record/Section/8/Section/4/Information/0/Value/StringWithMarkup/1/Markup/0/Start,number,0
/Record/Section/8/Section/4/Information/0/Value/StringWithMarkup/1/Markup/0/Length,number,3
/Record/Section/8/Section/4/Information/0/Value/StringWithMarkup/1/Markup/0/Type,string,Superscript
/Record/Section/8/Section/4/Information/0/Value/StringWithMarkup/2/String,string,132Eu
/Record/Section/8/Section/4/Information/0/Value/StringWithMarkup/2/Markup/0/Start,number,0
/Record/Section/8/Section/4/Information/0/Value/StringWithMarkup/2/Markup/0/Length,number,3
/Record/Section/8/Section/4/Information/0/Value/StringWithMarkup/2/Markup/0/Type,string,Superscript
/Record/Section/8/Section/4/Information/0/Value/StringWithMarkup/3/String,string,133Eu
/Record/Section/8/Section/4/Information/0/Value/StringWithMarkup/3/Markup/0/Start,number,0
/Record/Section/8/Section/4/Information/0/Value/StringWithMarkup/3/Markup/0/Length,number,3
/Record/Section/8/Section/4/Information/0/Value/StringWithMarkup/3/Markup/0/Type,string,Superscript
/Record/Section/8/Section/4/Information/0/Value/StringWithMarkup/4/String,string,134Eu
/Record/Section/8/Section/4/Information/0/Value/StringWithMarkup/4/Markup/0/Start,number,0
/Record/Section/8/Section/4/Information/0/Value/StringWithMarkup/4/Markup/0/Length,number,3
/Record/Section/8/Section/4/Information/0/Value/StringWithMarkup/4/Markup/0/Type,string,Superscript
/Record/Section/8/Section/4/Information/0/Value/StringWithMarkup/5/String,string,135Eu
/Record/Section/8/Section/4/Information/0/Value/StringWithMarkup/5/Markup/0/Start,number,0
/Record/Section/8/Section/4/Information/0/Value/StringWithMarkup/5/Markup/0/Length,number,3
/Record/Section/8/Section/4/Information/0/Value/StringWithMarkup/5/Markup/0/Type,string,Superscript
/Record/Section/8/Section/4/Information/0/Value/StringWithMarkup/6/String,string,136Eu
/Record/Section/8/Section/4/Information/0/Value/StringWithMarkup/6/Markup/0/Start,number,0
/Record/Section/8/Section/4/Information/0/Value/StringWithMarkup/6/Markup/0/Length,number,3
/Record/Section/8/Section/4/Information/0/Value/StringWithMarkup/6/Markup/0/Type,string,Superscript
/Record/Section/8/Section/4/Information/0/Value/StringWithMarkup/7/String,string,136Eum
/Record/Section/8/Section/4/Information/0/Value/StringWithMarkup/7/Markup/0/Start,number,0
/Record/Section/8/Section/4/Information/0/Value/StringWithMarkup/7/Markup/0/Length,number,3
/Record/Section/8/Section/4/Information/0/Value/StringWithMarkup/7/Markup/0/Type,string,Superscript
/Record/Section/8/Section/4/Information/0/Value/StringWithMarkup/7/Markup/1/Start,number,5
/Record/Section/8/Section/4/Information/0/Value/StringWithMarkup/7/Markup/1/Length,number,1
/Record/Section/8/Section/4/Information/0/Value/StringWithMarkup/7/Markup/1/Type,string,Superscript
/Record/Section/8/Section/4/Information/0/Value/StringWithMarkup/8/String,string,137Eu
/Record/Section/8/Section/4/Information/0/Value/StringWithMarkup/8/Markup/0/Start,number,0
/Record/Section/8/Section/4/Information/0/Value/StringWithMarkup/8/Markup/0/Length,number,3
/Record/Section/8/Section/4/Information/0/Value/StringWithMarkup/8/Markup/0/Type,string,Superscript
/Record/Section/8/Section/4/Information/0/Value/StringWithMarkup/9/String,string,138Eu
/Record/Section/8/Section/4/Information/0/Value/StringWithMarkup/9/Markup/0/Start,number,0
/Record/Section/8/Section/4/Information/0/Value/StringWithMarkup/9/Markup/0/Length,number,3
/Record/Section/8/Section/4/Information/0/Value/StringWithMarkup/9/Markup/0/Type,string,Superscript
/Record/Section/8/Section/4/Information/0/Value/StringWithMarkup/10/String,string,138Eum
/Record/Section/8/Section/4/Information/0/Value/StringWithMarkup/10/Markup/0/Start,number,0
/Record/Section/8/Section/4/Information/0/Value/StringWithMarkup/10/Markup/0/Length,number,3
/Record/Section/8/Section/4/Information/0/Value/StringWithMarkup/10/Markup/0/Type,string,Superscript
/Record/Section/8/Section/4/Information/0/Value/StringWithMarkup/10/Markup/1/Start,number,5
/Record/Section/8/Section/4/Information/0/Value/StringWithMarkup/10/Markup/1/Length,number,1
/Record/Section/8/Section/4/Information/0/Value/StringWithMarkup/10/Markup/1/Type,string,Superscript
/Record/Section/8/Section/4/Information/0/Value/StringWithMarkup/11/String,string,139Eu
/Record/Section/8/Section/4/Information/0/Value/StringWithMarkup/11/Markup/0/Start,number,0
/Record/Section/8/Section/4/Information/0/Value/StringWithMarkup/11/Markup/0/Length,number,3
/Record/Section/8/Section/4/Information/0/Value/StringWithMarkup/11/Markup/0/Type,string,Superscript
/Record/Section/8/Section/4/Information/0/Value/StringWithMarkup/12/String,string,139Eum
/Record/Section/8/Section/4/Information/0/Value/StringWithMarkup/12/Markup/0/Start,number,0
/Record/Section/8/Section/4/Information/0/Value/StringWithMarkup/12/Markup/0/Length,number,3
/Record/Section/8/Section/4/Information/0/Value/StringWithMarkup/12/Markup/0/Type,string,Superscript
/Record/Section/8/Section/4/Information/0/Value/StringWithMarkup/12/Markup/1/Start,number,5
/Record/Section/8/Section/4/Information/0/Value/StringWithMarkup/12/Markup/1/Length,number,1
/Record/Section/8/Section/4/Information/0/Value/StringWithMarkup/12/Markup/1/Type,string,Superscript
/Record/Section/8/Section/4/Information/0/Value/StringWithMarkup/13/String,string,140Eu
/Record/Section/8/Section/4/Information/0/Value/StringWithMarkup/13/Markup/0/Start,number,0
/Record/Section/8/Section/4/Information/0/Value/StringWithMarkup/13/Markup/0/Length,number,3
/Record/Section/8/Section/4/Information/0/Value/StringWithMarkup/13/Markup/0/Type,string,Superscript
/Record/Section/8/Section/4/Information/0/Value/StringWithMarkup/14/String,string,140Eum
/Record/Section/8/Section/4/Information/0/Value/StringWithMarkup/14/Markup/0/Start,number,0
/Record/Section/8/Section/4/Information/0/Value/StringWithMarkup/14/Markup/0/Length,number,3
/Record/Section/8/Section/4/Information/0/Value/StringWithMarkup/14/Markup/0/Type,string,Superscript
/Record/Section/8/Section/4/Information/0/Value/StringWithMarkup/14/Markup/1/Start,number,5
/Record/Section/8/Section/4/Information/0/Value/StringWithMarkup/14/Markup/1/Length,number,1
/Record/Section/8/Section/4/Information/0/Value/StringWithMarkup/14/Markup/1/Type,string,Superscript
/Record/Section/8/Section/4/Information/0/Value/StringWithMarkup/15/String,string,140Eun
/Record/Section/8/Section/4/Information/0/Value/StringWithMarkup/15/Markup/0/Start,number,0
/Record/Section/8/Section/4/Information/0/Value/StringWithMarkup/15/Markup/0/Length,number,3
/Record/Section/8/Section/4/Information/0/Value/StringWithMarkup/15/Markup/0/Type,string,Superscript
/Record/Section/8/Section/4/Information/0/Value/StringWithMarkup/15/Markup/1/Start,number,5
/Record/Section/8/Section/4/Information/0/Value/StringWithMarkup/15/Markup/1/Length,number,1
/Record/Section/8/Section/4/Information/0/Value/StringWithMarkup/15/Markup/1/Type,string,Superscript
/Record/Section/8/Section/4/Information/0/Value/StringWithMarkup/16/String,string,141Eu
/Record/Section/8/Section/4/Information/0/Value/StringWithMarkup/16/Markup/0/Start,number,0
/Record/Section/8/Section/4/Information/0/Value/StringWithMarkup/16/Markup/0/Length,number,3
/Record/Section/8/Section/4/Information/0/Value/StringWithMarkup/16/Markup/0/Type,string,Superscript
/Record/Section/8/Section/4/Information/0/Value/StringWithMarkup/17/String,string,141Eum
/Record/Section/8/Section/4/Information/0/Value/StringWithMarkup/17/Markup/0/Start,number,0
/Record/Section/8/Section/4/Information/0/Value/StringWithMarkup/17/Markup/0/Length,number,3
/Record/Section/8/Section/4/Information/0/Value/StringWithMarkup/17/Markup/0/Type,string,Superscript
/Record/Section/8/Section/4/Information/0/Value/StringWithMarkup/17/Markup/1/Start,number,5
/Record/Section/8/Section/4/Information/0/Value/StringWithMarkup/17/Markup/1/Length,number,1
/Record/Section/8/Section/4/Information/0/Value/StringWithMarkup/17/Markup/1/Type,string,Superscript
/Record/Section/8/Section/4/Information/0/Value/StringWithMarkup/18/String,string,142Eu
/Record/Section/8/Section/4/Information/0/Value/StringWithMarkup/18/Markup/0/Start,number,0
/Record/Section/8/Section/4/Information/0/Value/StringWithMarkup/18/Markup/0/Length,number,3
/Record/Section/8/Section/4/Information/0/Value/StringWithMarkup/18/Markup/0/Type,string,Superscript
/Record/Section/8/Section/4/Information/0/Value/StringWithMarkup/19/String,string,142Eum
/Record/Section/8/Section/4/Information/0/Value/StringWithMarkup/19/Markup/0/Start,number,0
/Record/Section/8/Section/4/Information/0/Value/StringWithMarkup/19/Markup/0/Length,number,3
/Record/Section/8/Section/4/Information/0/Value/StringWithMarkup/19/Markup/0/Type,string,Superscript
/Record/Section/8/Section/4/Information/0/Value/StringWithMarkup/19/Markup/1/Start,number,5
/Record/Section/8/Section/4/Information/0/Value/StringWithMarkup/19/Markup/1/Length,number,1
/Record/Section/8/Section/4/Information/0/Value/StringWithMarkup/19/Markup/1/Type,string,Superscript
/Record/Section/8/Section/4/Information/0/Value/StringWithMarkup/20/String,string,143Eu
/Record/Section/8/Section/4/Information/0/Value/StringWithMarkup/20/Markup/0/Start,number,0
/Record/Section/8/Section/4/Information/0/Value/StringWithMarkup/20/Markup/0/Length,number,3
/Record/Section/8/Section/4/Information/0/Value/StringWithMarkup/20/Markup/0/Type,string,Superscript
/Record/Section/8/Section/4/Information/0/Value/StringWithMarkup/21/String,string,143Eum
/Record/Section/8/Section/4/Information/0/Value/StringWithMarkup/21/Markup/0/Start,number,0
/Record/Section/8/Section/4/Information/0/Value/StringWithMarkup/21/Markup/0/Length,number,3
/Record/Section/8/Section/4/Information/0/Value/StringWithMarkup/21/Markup/0/Type,string,Superscript
/Record/Section/8/Section/4/Information/0/Value/StringWithMarkup/21/Markup/1/Start,number,5
/Record/Section/8/Section/4/Information/0/Value/StringWithMarkup/21/Markup/1/Length,number,1
/Record/Section/8/Section/4/Information/0/Value/StringWithMarkup/21/Markup/1/Type,string,Superscript
/Record/Section/8/Section/4/Information/0/Value/StringWithMarkup/22/String,string,144Eu
/Record/Section/8/Section/4/Information/0/Value/StringWithMarkup/22/Markup/0/Start,number,0
/Record/Section/8/Section/4/Information/0/Value/StringWithMarkup/22/Markup/0/Length,number,3
/Record/Section/8/Section/4/Information/0/Value/StringWithMarkup/22/Markup/0/Type,string,Superscript
/Record/Section/8/Section/4/Information/0/Value/StringWithMarkup/23/String,string,144Eum
/Record/Section/8/Section/4/Information/0/Value/StringWithMarkup/23/Markup/0/Start,number,0
/Record/Section/8/Section/4/Information/0/Value/StringWithMarkup/23/Markup/0/Length,number,3
/Record/Section/8/Section/4/Information/0/Value/StringWithMarkup/23/Markup/0/Type,string,Superscript
/Record/Section/8/Section/4/Information/0/Value/StringWithMarkup/23/Markup/1/Start,number,5
/Record/Section/8/Section/4/Information/0/Value/StringWithMarkup/23/Markup/1/Length,number,1
/Record/Section/8/Section/4/Information/0/Value/StringWithMarkup/23/Markup/1/Type,string,Superscript
/Record/Section/8/Section/4/Information/0/Value/StringWithMarkup/24/String,string,145Eu
/Record/Section/8/Section/4/Information/0/Value/StringWithMarkup/24/Markup/0/Start,number,0
/Record/Section/8/Section/4/Information/0/Value/StringWithMarkup/24/Markup/0/Length,number,3
/Record/Section/8/Section/4/Information/0/Value/StringWithMarkup/24/Markup/0/Type,string,Superscript
/Record/Section/8/Section/4/Information/0/Value/StringWithMarkup/25/String,string,145Eum
/Record/Section/8/Section/4/Information/0/Value/StringWithMarkup/25/Markup/0/Start,number,0
/Record/Section/8/Section/4/Information/0/Value/StringWithMarkup/25/Markup/0/Length,number,3
/Record/Section/8/Section/4/Information/0/Value/StringWithMarkup/25/Markup/0/Type,string,Superscript
/Record/Section/8/Section/4/Information/0/Value/StringWithMarkup/25/Markup/1/Start,number,5
/Record/Section/8/Section/4/Information/0/Value/StringWithMarkup/25/Markup/1/Length,number,1
/Record/Section/8/Section/4/Information/0/Value/StringWithMarkup/25/Markup/1/Type,string,Superscript
/Record/Section/8/Section/4/Information/0/Value/StringWithMarkup/26/String,string,146Eu
/Record/Section/8/Section/4/Information/0/Value/StringWithMarkup/26/Markup/0/Start,number,0
/Record/Section/8/Section/4/Information/0/Value/StringWithMarkup/26/Markup/0/Length,number,3
/Record/Section/8/Section/4/Information/0/Value/StringWithMarkup/26/Markup/0/Type,string,Superscript
/Record/Section/8/Section/4/Information/0/Value/StringWithMarkup/27/String,string,146Eum
/Record/Section/8/Section/4/Information/0/Value/StringWithMarkup/27/Markup/0/Start,number,0
/Record/Section/8/Section/4/Information/0/Value/StringWithMarkup/27/Markup/0/Length,number,3
/Record/Section/8/Section/4/Information/0/Value/StringWithMarkup/27/Markup/0/Type,string,Superscript
/Record/Section/8/Section/4/Information/0/Value/StringWithMarkup/27/Markup/1/Start,number,5
/Record/Section/8/Section/4/Information/0/Value/StringWithMarkup/27/Markup/1/Length,number,1
/Record/Section/8/Section/4/Information/0/Value/StringWithMarkup/27/Markup/1/Type,string,Superscript
/Record/Section/8/Section/4/Information/0/Value/StringWithMarkup/28/String,string,147Eu
/Record/Section/8/Section/4/Information/0/Value/StringWithMarkup/28/Markup/0/Start,number,0
/Record/Section/8/Section/4/Information/0/Value/StringWithMarkup/28/Markup/0/Length,number,3
/Record/Section/8/Section/4/Information/0/Value/StringWithMarkup/28/Markup/0/Type,string,Superscript
/Record/Section/8/Section/4/Information/0/Value/StringWithMarkup/29/String,string,147Eum
/Record/Section/8/Section/4/Information/0/Value/StringWithMarkup/29/Markup/0/Start,number,0
/Record/Section/8/Section/4/Information/0/Value/StringWithMarkup/29/Markup/0/Length,number,3
/Record/Section/8/Section/4/Information/0/Value/StringWithMarkup/29/Markup/0/Type,string,Superscript
/Record/Section/8/Section/4/Information/0/Value/StringWithMarkup/29/Markup/1/Start,number,5
/Record/Section/8/Section/4/Information/0/Value/StringWithMarkup/29/Markup/1/Length,number,1
/Record/Section/8/Section/4/Information/0/Value/StringWithMarkup/29/Markup/1/Type,string,Superscript
/Record/Section/8/Section/4/Information/0/Value/StringWithMarkup/30/String,string,148Eu
/Record/Section/8/Section/4/Information/0/Value/StringWithMarkup/30/Markup/0/Start,number,0
/Record/Section/8/Section/4/Information/0/Value/StringWithMarkup/30/Markup/0/Length,number,3
/Record/Section/8/Section/4/Information/0/Value/StringWithMarkup/30/Markup/0/Type,string,Superscript
/Record/Section/8/Section/4/Information/0/Value/StringWithMarkup/31/String,string,148Eum
/Record/Section/8/Section/4/Information/0/Value/StringWithMarkup/31/Markup/0/Start,number,0
/Record/Section/8/Section/4/Information/0/Value/StringWithMarkup/31/Markup/0/Length,number,3
/Record/Section/8/Section/4/Information/0/Value/StringWithMarkup/31/Markup/0/Type,string,Superscript
/Record/Section/8/Section/4/Information/0/Value/StringWithMarkup/31/Markup/1/Start,number,5
/Record/Section/8/Section/4/Information/0/Value/StringWithMarkup/31/Markup/1/Length,number,1
/Record/Section/8/Section/4/Information/0/Value/StringWithMarkup/31/Markup/1/Type,string,Superscript
/Record/Section/8/Section/4/Information/0/Value/StringWithMarkup/32/String,string,149Eu
/Record/Section/8/Section/4/Information/0/Value/StringWithMarkup/32/Markup/0/Start,number,0
/Record/Section/8/Section/4/Information/0/Value/StringWithMarkup/32/Markup/0/Length,number,3
/Record/Section/8/Section/4/Information/0/Value/StringWithMarkup/32/Markup/0/Type,string,Superscript
/Record/Section/8/Section/4/Information/0/Value/StringWithMarkup/33/String,string,149Eum
/Record/Section/8/Section/4/Information/0/Value/StringWithMarkup/33/Markup/0/Start,number,0
/Record/Section/8/Section/4/Information/0/Value/StringWithMarkup/33/Markup/0/Length,number,3
/Record/Section/8/Section/4/Information/0/Value/StringWithMarkup/33/Markup/0/Type,string,Superscript
/Record/Section/8/Section/4/Information/0/Value/StringWithMarkup/33/Markup/1/Start,number,5
/Record/Section/8/Section/4/Information/0/Value/StringWithMarkup/33/Markup/1/Length,number,1
/Record/Section/8/Section/4/Information/0/Value/StringWithMarkup/33/Markup/1/Type,string,Superscript
/Record/Section/8/Section/4/Information/0/Value/StringWithMarkup/34/String,string,150Eu
/Record/Section/8/Section/4/Information/0/Value/StringWithMarkup/34/Markup/0/Start,number,0
/Record/Section/8/Section/4/Information/0/Value/StringWithMarkup/34/Markup/0/Length,number,3
/Record/Section/8/Section/4/Information/0/Value/StringWithMarkup/34/Markup/0/Type,string,Superscript
/Record/Section/8/Section/4/Information/0/Value/StringWithMarkup/35/String,string,150Eum
/Record/Section/8/Section/4/Information/0/Value/StringWithMarkup/35/Markup/0/Start,number,0
/Record/Section/8/Section/4/Information/0/Value/StringWithMarkup/35/Markup/0/Length,number,3
/Record/Section/8/Section/4/Information/0/Value/StringWithMarkup/35/Markup/0/Type,string,Superscript
/Record/Section/8/Section/4/Information/0/Value/StringWithMarkup/35/Markup/1/Start,number,5
/Record/Section/8/Section/4/Information/0/Value/StringWithMarkup/35/Markup/1/Length,number,1
/Record/Section/8/Section/4/Information/0/Value/StringWithMarkup/35/Markup/1/Type,string,Superscript
/Record/Section/8/Section/4/Information/0/Value/StringWithMarkup/36/String,string,151Eu
/Record/Section/8/Section/4/Information/0/Value/StringWithMarkup/36/Markup/0/Start,number,0
/Record/Section/8/Section/4/Information/0/Value/StringWithMarkup/36/Markup/0/Length,number,3
/Record/Section/8/Section/4/Information/0/Value/StringWithMarkup/36/Markup/0/Type,string,Superscript
/Record/Section/8/Section/4/Information/0/Value/StringWithMarkup/37/String,string,151Eum
/Record/Section/8/Section/4/Information/0/Value/StringWithMarkup/37/Markup/0/Start,number,0
/Record/Section/8/Section/4/Information/0/Value/StringWithMarkup/37/Markup/0/Length,number,3
/Record/Section/8/Section/4/Information/0/Value/StringWithMarkup/37/Markup/0/Type,string,Superscript
/Record/Section/8/Section/4/Information/0/Value/StringWithMarkup/37/Markup/1/Start,number,5
/Record/Section/8/Section/4/Information/0/Value/StringWithMarkup/37/Markup/1/Length,number,1
/Record/Section/8/Section/4/Information/0/Value/StringWithMarkup/37/Markup/1/Type,string,Superscript
/Record/Section/8/Section/4/Information/0/Value/StringWithMarkup/38/String,string,152Eu
/Record/Section/8/Section/4/Information/0/Value/StringWithMarkup/38/Markup/0/Start,number,0
/Record/Section/8/Section/4/Information/0/Value/StringWithMarkup/38/Markup/0/Length,number,3
/Record/Section/8/Section/4/Information/0/Value/StringWithMarkup/38/Markup/0/Type,string,Superscript
/Record/Section/8/Section/4/Information/0/Value/StringWithMarkup/39/String,string,152Eum
/Record/Section/8/Section/4/Information/0/Value/StringWithMarkup/39/Markup/0/Start,number,0
/Record/Section/8/Section/4/Information/0/Value/StringWithMarkup/39/Markup/0/Length,number,3
/Record/Section/8/Section/4/Information/0/Value/StringWithMarkup/39/Markup/0/Type,string,Superscript
/Record/Section/8/Section/4/Information/0/Value/StringWithMarkup/39/Markup/1/Start,number,5
/Record/Section/8/Section/4/Information/0/Value/StringWithMarkup/39/Markup/1/Length,number,1
/Record/Section/8/Section/4/Information/0/Value/StringWithMarkup/39/Markup/1/Type,string,Superscript
/Record/Section/8/Section/4/Information/0/Value/StringWithMarkup/40/String,string,152Eun
/Record/Section/8/Section/4/Information/0/Value/StringWithMarkup/40/Markup/0/Start,number,0
/Record/Section/8/Section/4/Information/0/Value/StringWithMarkup/40/Markup/0/Length,number,3
/Record/Section/8/Section/4/Information/0/Value/StringWithMarkup/40/Markup/0/Type,string,Superscript
/Record/Section/8/Section/4/Information/0/Value/StringWithMarkup/40/Markup/1/Start,number,5
/Record/Section/8/Section/4/Information/0/Value/StringWithMarkup/40/Markup/1/Length,number,1
/Record/Section/8/Section/4/Information/0/Value/StringWithMarkup/40/Markup/1/Type,string,Superscript
/Record/Section/8/Section/4/Information/0/Value/StringWithMarkup/41/String,string,152Eup
/Record/Section/8/Section/4/Information/0/Value/StringWithMarkup/41/Markup/0/Start,number,0
/Record/Section/8/Section/4/Information/0/Value/StringWithMarkup/41/Markup/0/Length,number,3
/Record/Section/8/Section/4/Information/0/Value/StringWithMarkup/41/Markup/0/Type,string,Superscript
/Record/Section/8/Section/4/Information/0/Value/StringWithMarkup/41/Markup/1/Start,number,5
/Record/Section/8/Section/4/Information/0/Value/StringWithMarkup/41/Markup/1/Length,number,1
/Record/Section/8/Section/4/Information/0/Value/StringWithMarkup/41/Markup/1/Type,string,Superscript
/Record/Section/8/Section/4/Information/0/Value/StringWithMarkup/42/String,string,152Euq
/Record/Section/8/Section/4/Information/0/Value/StringWithMarkup/42/Markup/0/Start,number,0
/Record/Section/8/Section/4/Information/0/Value/StringWithMarkup/42/Markup/0/Length,number,3
/Record/Section/8/Section/4/Information/0/Value/StringWithMarkup/42/Markup/0/Type,string,Superscript
/Record/Section/8/Section/4/Information/0/Value/StringWithMarkup/42/Markup/1/Start,number,5
/Record/Section/8/Section/4/Information/0/Value/StringWithMarkup/42/Markup/1/Length,number,1
/Record/Section/8/Section/4/Information/0/Value/StringWithMarkup/42/Markup/1/Type,string,Superscript
/Record/Section/8/Section/4/Information/0/Value/StringWithMarkup/43/String,string,152Eur
/Record/Section/8/Section/4/Information/0/Value/StringWithMarkup/43/Markup/0/Start,number,0
/Record/Section/8/Section/4/Information/0/Value/StringWithMarkup/43/Markup/0/Length,number,3
/Record/Section/8/Section/4/Information/0/Value/StringWithMarkup/43/Markup/0/Type,string,Superscript
/Record/Section/8/Section/4/Information/0/Value/StringWithMarkup/43/Markup/1/Start,number,5
/Record/Section/8/Section/4/Information/0/Value/StringWithMarkup/43/Markup/1/Length,number,1
/Record/Section/8/Section/4/Information/0/Value/StringWithMarkup/43/Markup/1/Type,string,Superscript
/Record/Section/8/Section/4/Information/0/Value/StringWithMarkup/44/String,string,153Eu
/Record/Section/8/Section/4/Information/0/Value/StringWithMarkup/44/Markup/0/Start,number,0
/Record/Section/8/Section/4/Information/0/Value/StringWithMarkup/44/Markup/0/Length,number,3
/Record/Section/8/Section/4/Information/0/Value/StringWithMarkup/44/Markup/0/Type,string,Superscript
/Record/Section/8/Section/4/Information/0/Value/StringWithMarkup/45/String,string,153Eum
/Record/Section/8/Section/4/Information/0/Value/StringWithMarkup/45/Markup/0/Start,number,0
/Record/Section/8/Section/4/Information/0/Value/StringWithMarkup/45/Markup/0/Length,number,3
/Record/Section/8/Section/4/Information/0/Value/StringWithMarkup/45/Markup/0/Type,string,Superscript
/Record/Section/8/Section/4/Information/0/Value/StringWithMarkup/45/Markup/1/Start,number,5
/Record/Section/8/Section/4/Information/0/Value/StringWithMarkup/45/Markup/1/Length,number,1
/Record/Section/8/Section/4/Information/0/Value/StringWithMarkup/45/Markup/1/Type,string,Superscript
/Record/Section/8/Section/4/Information/0/Value/StringWithMarkup/46/String,string,154Eu
/Record/Section/8/Section/4/Information/0/Value/StringWithMarkup/46/Markup/0/Start,number,0
/Record/Section/8/Section/4/Information/0/Value/StringWithMarkup/46/Markup/0/Length,number,3
/Record/Section/8/Section/4/Information/0/Value/StringWithMarkup/46/Markup/0/Type,string,Superscript
/Record/Section/8/Section/4/Information/0/Value/StringWithMarkup/47/String,string,154Eum
/Record/Section/8/Section/4/Information/0/Value/StringWithMarkup/47/Markup/0/Start,number,0
/Record/Section/8/Section/4/Information/0/Value/StringWithMarkup/47/Markup/0/Length,number,3
/Record/Section/8/Section/4/Information/0/Value/StringWithMarkup/47/Markup/0/Type,string,Superscript
/Record/Section/8/Section/4/Information/0/Value/StringWithMarkup/47/Markup/1/Start,number,5
/Record/Section/8/Section/4/Information/0/Value/StringWithMarkup/47/Markup/1/Length,number,1
/Record/Section/8/Section/4/Information/0/Value/StringWithMarkup/47/Markup/1/Type,string,Superscript
/Record/Section/8/Section/4/Information/0/Value/StringWithMarkup/48/String,string,154Eun
/Record/Section/8/Section/4/Information/0/Value/StringWithMarkup/48/Markup/0/Start,number,0
/Record/Section/8/Section/4/Information/0/Value/StringWithMarkup/48/Markup/0/Length,number,3
/Record/Section/8/Section/4/Information/0/Value/StringWithMarkup/48/Markup/0/Type,string,Superscript
/Record/Section/8/Section/4/Information/0/Value/StringWithMarkup/48/Markup/1/Start,number,5
/Record/Section/8/Section/4/Information/0/Value/StringWithMarkup/48/Markup/1/Length,number,1
/Record/Section/8/Section/4/Information/0/Value/StringWithMarkup/48/Markup/1/Type,string,Superscript
/Record/Section/8/Section/4/Information/0/Value/StringWithMarkup/49/String,string,155Eu
/Record/Section/8/Section/4/Information/0/Value/StringWithMarkup/49/Markup/0/Start,number,0
/Record/Section/8/Section/4/Information/0/Value/StringWithMarkup/49/Markup/0/Length,number,3
/Record/Section/8/Section/4/Information/0/Value/StringWithMarkup/49/Markup/0/Type,string,Superscript
/Record/Section/8/Section/4/Information/0/Value/StringWithMarkup/50/String,string,156Eu
/Record/Section/8/Section/4/Information/0/Value/StringWithMarkup/50/Markup/0/Start,number,0
/Record/Section/8/Section/4/Information/0/Value/StringWithMarkup/50/Markup/0/Length,number,3
/Record/Section/8/Section/4/Information/0/Value/StringWithMarkup/50/Markup/0/Type,string,Superscript
/Record/Section/8/Section/4/Information/0/Value/StringWithMarkup/51/String,string,157Eu
/Record/Section/8/Section/4/Information/0/Value/StringWithMarkup/51/Markup/0/Start,number,0
/Record/Section/8/Section/4/Information/0/Value/StringWithMarkup/51/Markup/0/Length,number,3
/Record/Section/8/Section/4/Information/0/Value/StringWithMarkup/51/Markup/0/Type,string,Superscript
/Record/Section/8/Section/4/Information/0/Value/StringWithMarkup/52/String,string,158Eu
/Record/Section/8/Section/4/Information/0/Value/StringWithMarkup/52/Markup/0/Start,number,0
/Record/Section/8/Section/4/Information/0/Value/StringWithMarkup/52/Markup/0/Length,number,3
/Record/Section/8/Section/4/Information/0/Value/StringWithMarkup/52/Markup/0/Type,string,Superscript
/Record/Section/8/Section/4/Information/0/Value/StringWithMarkup/53/String,string,159Eu
/Record/Section/8/Section/4/Information/0/Value/StringWithMarkup/53/Markup/0/Start,number,0
/Record/Section/8/Section/4/Information/0/Value/StringWithMarkup/53/Markup/0/Length,number,3
/Record/Section/8/Section/4/Information/0/Value/StringWithMarkup/53/Markup/0/Type,string,Superscript
/Record/Section/8/Section/4/Information/0/Value/StringWithMarkup/54/String,string,160Eu
/Record/Section/8/Section/4/Information/0/Value/StringWithMarkup/54/Markup/0/Start,number,0
/Record/Section/8/Section/4/Information/0/Value/StringWithMarkup/54/Markup/0/Length,number,3
/Record/Section/8/Section/4/Information/0/Value/StringWithMarkup/54/Markup/0/Type,string,Superscript
/Record/Section/8/Section/4/Information/0/Value/StringWithMarkup/55/String,string,160Eum
/Record/Section/8/Section/4/Information/0/Value/StringWithMarkup/55/Markup/0/Start,number,0
/Record/Section/8/Section/4/Information/0/Value/StringWithMarkup/55/Markup/0/Length,number,3
/Record/Section/8/Section/4/Information/0/Value/StringWithMarkup/55/Markup/0/Type,string,Superscript
/Record/Section/8/Section/4/Information/0/Value/StringWithMarkup/55/Markup/1/Start,number,5
/Record/Section/8/Section/4/Information/0/Value/StringWithMarkup/55/Markup/1/Length,number,1
/Record/Section/8/Section/4/Information/0/Value/StringWithMarkup/55/Markup/1/Type,string,Superscript
/Record/Section/8/Section/4/Information/0/Value/StringWithMarkup/56/String,string,161Eu
/Record/Section/8/Section/4/Information/0/Value/StringWithMarkup/56/Markup/0/Start,number,0
/Record/Section/8/Section/4/Information/0/Value/StringWithMarkup/56/Markup/0/Length,number,3
/Record/Section/8/Section/4/Information/0/Value/StringWithMarkup/56/Markup/0/Type,string,Superscript
/Record/Section/8/Section/4/Information/0/Value/StringWithMarkup/57/String,string,162Eu
/Record/Section/8/Section/4/Information/0/Value/StringWithMarkup/57/Markup/0/Start,number,0
/Record/Section/8/Section/4/Information/0/Value/StringWithMarkup/57/Markup/0/Length,number,3
/Record/Section/8/Section/4/Information/0/Value/StringWithMarkup/57/Markup/0/Type,string,Superscript
/Record/Section/8/Section/4/Information/0/Value/StringWithMarkup/58/String,string,162Eum
/Record/Section/8/Section/4/Information/0/Value/StringWithMarkup/58/Markup/0/Start,number,0
/Record/Section/8/Section/4/Information/0/Value/StringWithMarkup/58/Markup/0/Length,number,3
/Record/Section/8/Section/4/Information/0/Value/StringWithMarkup/58/Markup/0/Type,string,Superscript
/Record/Section/8/Section/4/Information/0/Value/StringWithMarkup/58/Markup/1/Start,number,5
/Record/Section/8/Section/4/Information/0/Value/StringWithMarkup/58/Markup/1/Length,number,1
/Record/Section/8/Section/4/Information/0/Value/StringWithMarkup/58/Markup/1/Type,string,Superscript
/Record/Section/8/Section/4/Information/0/Value/StringWithMarkup/59/String,string,163Eu
/Record/Section/8/Section/4/Information/0/Value/StringWithMarkup/59/Markup/0/Start,number,0
/Record/Section/8/Section/4/Information/0/Value/StringWithMarkup/59/Markup/0/Length,number,3
/Record/Section/8/Section/4/Information/0/Value/StringWithMarkup/59/Markup/0/Type,string,Superscript
/Record/Section/8/Section/4/Information/0/Value/StringWithMarkup/60/String,string,163Eum
/Record/Section/8/Section/4/Information/0/Value/StringWithMarkup/60/Markup/0/Start,number,0
/Record/Section/8/Section/4/Information/0/Value/StringWithMarkup/60/Markup/0/Length,number,3
/Record/Section/8/Section/4/Information/0/Value/StringWithMarkup/60/Markup/0/Type,string,Superscript
/Record/Section/8/Section/4/Information/0/Value/StringWithMarkup/60/Markup/1/Start,number,5
/Record/Section/8/Section/4/Information/0/Value/StringWithMarkup/60/Markup/1/Length,number,1
/Record/Section/8/Section/4/Information/0/Value/StringWithMarkup/60/Markup/1/Type,string,Superscript
/Record/Section/8/Section/4/Information/0/Value/StringWithMarkup/61/String,string,164Eu
/Record/Section/8/Section/4/Information/0/Value/StringWithMarkup/61/Markup/0/Start,number,0
/Record/Section/8/Section/4/Information/0/Value/StringWithMarkup/61/Markup/0/Length,number,3
/Record/Section/8/Section/4/Information/0/Value/StringWithMarkup/61/Markup/0/Type,string,Superscript
/Record/Section/8/Section/4/Information/0/Value/StringWithMarkup/62/String,string,165Eu
/Record/Section/8/Section/4/Information/0/Value/StringWithMarkup/62/Markup/0/Start,number,0
/Record/Section/8/Section/4/Information/0/Value/StringWithMarkup/62/Markup/0/Length,number,3
/Record/Section/8/Section/4/Information/0/Value/StringWithMarkup/62/Markup/0/Type,string,Superscript
/Record/Section/8/Section/4/Information/0/Value/StringWithMarkup/63/String,string,166Eu
/Record/Section/8/Section/4/Information/0/Value/StringWithMarkup/63/Markup/0/Start,number,0
/Record/Section/8/Section/4/Information/0/Value/StringWithMarkup/63/Markup/0/Length,number,3
/Record/Section/8/Section/4/Information/0/Value/StringWithMarkup/63/Markup/0/Type,string,Superscript
/Record/Section/8/Section/4/Information/0/Value/StringWithMarkup/64/String,string,167Eu
/Record/Section/8/Section/4/Information/0/Value/StringWithMarkup/64/Markup/0/Start,number,0
/Record/Section/8/Section/4/Information/0/Value/StringWithMarkup/64/Markup/0/Length,number,3
/Record/Section/8/Section/4/Information/0/Value/StringWithMarkup/64/Markup/0/Type,string,Superscript
/Record/Section/8/Section/4/Information/0/Value/StringWithMarkup/65/String,string,168Eu
/Record/Section/8/Section/4/Information/0/Value/StringWithMarkup/65/Markup/0/Start,number,0
/Record/Section/8/Section/4/Information/0/Value/StringWithMarkup/65/Markup/0/Length,number,3
/Record/Section/8/Section/4/Information/0/Value/StringWithMarkup/65/Markup/0/Type,string,Superscript
/Record/Section/8/Section/4/Information/0/Value/StringWithMarkup/66/String,string,169Eu
/Record/Section/8/Section/4/Information/0/Value/StringWithMarkup/66/Markup/0/Start,number,0
/Record/Section/8/Section/4/Information/0/Value/StringWithMarkup/66/Markup/0/Length,number,3
/Record/Section/8/Section/4/Information/0/Value/StringWithMarkup/66/Markup/0/Type,string,Superscript
/Record/Section/8/Section/4/Information/0/Value/StringWithMarkup/67/String,string,170Eu
/Record/Section/8/Section/4/Information/0/Value/StringWithMarkup/67/Markup/0/Start,number,0
/Record/Section/8/Section/4/Information/0/Value/StringWithMarkup/67/Markup/0/Length,number,3
/Record/Section/8/Section/4/Information/0/Value/StringWithMarkup/67/Markup/0/Type,string,Superscript
/Record/Section/8/Section/4/Information/1/ReferenceNumber,number,2
/Record/Section/8/Section/4/Information/1/Name,string,Atomic Mass and Uncertainty [u]
/Record/Section/8/Section/4/Information/1/Value/StringWithMarkup/0/String,string,129.964022 ± 0.000578 [Estimated]
/Record/Section/8/Section/4/Information/1/Value/StringWithMarkup/1/String,string,130.957634 ± 0.000429 [Estimated]
/Record/Section/8/Section/4/Information/1/Value/StringWithMarkup/2/String,string,131.954696 ± 0.000429 [Estimated]
/Record/Section/8/Section/4/Information/1/Value/StringWithMarkup/3/String,string,132.949290 ± 0.00032 [Estimated]
/Record/Section/8/Section/4/Information/1/Value/StringWithMarkup/4/String,string,133.946537 ± 0.000322 [Estimated]
/Record/Section/8/Section/4/Information/1/Value/StringWithMarkup/5/String,string,134.941870 ± 0.00021 [Estimated]
/Record/Section/8/Section/4/Information/1/Value/StringWithMarkup/6/String,string,135.939620 ± 0.00021 [Estimated]
/Record/Section/8/Section/4/Information/1/Value/StringWithMarkup/7/String,string,135.939620 ± 0.00021 [Estimated]
/Record/Section/8/Section/4/Information/1/Value/StringWithMarkup/8/String,string,136.935430719 ± 0.0000047
/Record/Section/8/Section/4/Information/1/Value/StringWithMarkup/9/String,string,137.933709000 ± 0.00003
/Record/Section/8/Section/4/Information/1/Value/StringWithMarkup/10/String,string,137.933709000 ± 0.00003
/Record/Section/8/Section/4/Information/1/Value/StringWithMarkup/11/String,string,138.929792307 ± 0.000014117
/Record/Section/8/Section/4/Information/1/Value/StringWithMarkup/12/String,string,138.929792307 ± 0.000014117
/Record/Section/8/Section/4/Information/1/Value/StringWithMarkup/13/String,string,139.928087633 ± 0.000055328
/Record/Section/8/Section/4/Information/1/Value/StringWithMarkup/14/String,string,139.928087633 ± 0.000055328
/Record/Section/8/Section/4/Information/1/Value/StringWithMarkup/15/String,string,139.928087633 ± 0.000055328
/Record/Section/8/Section/4/Information/1/Value/StringWithMarkup/16/String,string,140.924931734 ± 0.000013568
/Record/Section/8/Section/4/Information/1/Value/StringWithMarkup/17/String,string,140.924931734 ± 0.000013568
/Record/Section/8/Section/4/Information/1/Value/StringWithMarkup/18/String,string,141.923446719 ± 0.000032268
/Record/Section/8/Section/4/Information/1/Value/StringWithMarkup/19/String,string,141.923446719 ± 0.000032268
/Record/Section/8/Section/4/Information/1/Value/StringWithMarkup/20/String,string,142.920298678 ± 0.000011793
/Record/Section/8/Section/4/Information/1/Value/StringWithMarkup/21/String,string,142.920298678 ± 0.000011793
/Record/Section/8/Section/4/Information/1/Value/StringWithMarkup/22/String,string,143.918819481 ± 0.00001158
/Record/Section/8/Section/4/Information/1/Value/StringWithMarkup/23/String,string,143.918819481 ± 0.00001158
/Record/Section/8/Section/4/Information/1/Value/StringWithMarkup/24/String,string,144.916272659 ± 0.000003285
/Record/Section/8/Section/4/Information/1/Value/StringWithMarkup/25/String,string,144.916272659 ± 0.000003285
/Record/Section/8/Section/4/Information/1/Value/StringWithMarkup/26/String,string,145.917210852 ± 0.000006451
/Record/Section/8/Section/4/Information/1/Value/StringWithMarkup/27/String,string,145.917210852 ± 0.000006451
/Record/Section/8/Section/4/Information/1/Value/StringWithMarkup/28/String,string,146.916752440 ± 0.000002758
/Record/Section/8/Section/4/Information/1/Value/StringWithMarkup/29/String,string,146.916752440 ± 0.000002758
/Record/Section/8/Section/4/Information/1/Value/StringWithMarkup/30/String,string,147.918091288 ± 0.000010693
/Record/Section/8/Section/4/Information/1/Value/StringWithMarkup/31/String,string,147.918091288 ± 0.000010693
/Record/Section/8/Section/4/Information/1/Value/StringWithMarkup/32/String,string,148.917936875 ± 0.00000419
/Record/Section/8/Section/4/Information/1/Value/StringWithMarkup/33/String,string,148.917936875 ± 0.00000419
/Record/Section/8/Section/4/Information/1/Value/StringWithMarkup/34/String,string,149.919707092 ± 0.000006688
/Record/Section/8/Section/4/Information/1/Value/StringWithMarkup/35/String,string,149.919707092 ± 0.000006688
/Record/Section/8/Section/4/Information/1/Value/StringWithMarkup/36/String,string,150.919856606 ± 0.000001251
/Record/Section/8/Section/4/Information/1/Value/StringWithMarkup/37/String,string,150.919856606 ± 0.000001251
/Record/Section/8/Section/4/Information/1/Value/StringWithMarkup/38/String,string,151.921750980 ± 0.000001252
/Record/Section/8/Section/4/Information/1/Value/StringWithMarkup/39/String,string,151.921750980 ± 0.000001252
/Record/Section/8/Section/4/Information/1/Value/StringWithMarkup/40/String,string,151.921750980 ± 0.000001252
/Record/Section/8/Section/4/Information/1/Value/StringWithMarkup/41/String,string,151.921750980 ± 0.000001252
/Record/Section/8/Section/4/Information/1/Value/StringWithMarkup/42/String,string,151.921750980 ± 0.000001252
/Record/Section/8/Section/4/Information/1/Value/StringWithMarkup/43/String,string,151.921750980 ± 0.000001252
/Record/Section/8/Section/4/Information/1/Value/StringWithMarkup/44/String,string,152.921236789 ± 0.000001257
/Record/Section/8/Section/4/Information/1/Value/StringWithMarkup/45/String,string,152.921236789 ± 0.000001257
/Record/Section/8/Section/4/Information/1/Value/StringWithMarkup/46/String,string,153.922985699 ± 0.000001275
/Record/Section/8/Section/4/Information/1/Value/StringWithMarkup/47/String,string,153.922985699 ± 0.000001275
/Record/Section/8/Section/4/Information/1/Value/StringWithMarkup/48/String,string,153.922985699 ± 0.000001275
/Record/Section/8/Section/4/Information/1/Value/StringWithMarkup/49/String,string,154.922899847 ± 0.000001343
/Record/Section/8/Section/4/Information/1/Value/StringWithMarkup/50/String,string,155.924762976 ± 0.000003791
/Record/Section/8/Section/4/Information/1/Value/StringWithMarkup/51/String,string,156.925432556 ± 0.000004545
/Record/Section/8/Section/4/Information/1/Value/StringWithMarkup/52/String,string,157.927782192 ± 0.000002181
/Record/Section/8/Section/4/Information/1/Value/StringWithMarkup/53/String,string,158.929099512 ± 0.000004637
/Record/Section/8/Section/4/Information/1/Value/StringWithMarkup/54/String,string,159.931836982 ± 0.00000097
/Record/Section/8/Section/4/Information/1/Value/StringWithMarkup/55/String,string,159.931836982 ± 0.00000097
/Record/Section/8/Section/4/Information/1/Value/StringWithMarkup/56/String,string,160.933663991 ± 0.000011164
/Record/Section/8/Section/4/Information/1/Value/StringWithMarkup/57/String,string,161.936958329 ± 0.00000141
/Record/Section/8/Section/4/Information/1/Value/StringWithMarkup/58/String,string,161.936958329 ± 0.00000141
/Record/Section/8/Section/4/Information/1/Value/StringWithMarkup/59/String,string,162.939265510 ± 0.00000097
/Record/Section/8/Section/4/Information/1/Value/StringWithMarkup/60/String,string,162.939265510 ± 0.00000097
/Record/Section/8/Section/4/Information/1/Value/StringWithMarkup/61/String,string,163.942852943 ± 0.000002219
/Record/Section/8/Section/4/Information/1/Value/StringWithMarkup/62/String,string,164.945540070 ± 0.000005596
/Record/Section/8/Section/4/Information/1/Value/StringWithMarkup/63/String,string,165.949813 ± 0.000107 [Estimated]
/Record/Section/8/Section/4/Information/1/Value/StringWithMarkup/64/String,string,166.953011 ± 0.000429 [Estimated]
/Record/Section/8/Section/4/Information/1/Value/StringWithMarkup/65/String,string,167.957863 ± 0.000429 [Estimated]
/Record/Section/8/Section/4/Information/1/Value/StringWithMarkup/66/String,string,168.961717 ± 0.000537 [Estimated]
/Record/Section/8/Section/4/Information/1/Value/StringWithMarkup/67/String,string,169.966870 ± 0.000537 [Estimated]
/Record/Section/8/Section/4/Information/2/ReferenceNumber,number,2
/Record/Section/8/Section/4/Information/2/Name,string,Half Life and Uncertainty
/Record/Section/8/Section/4/Information/2/Value/StringWithMarkup/0/String,string,1.0 ms ± 0.4
/Record/Section/8/Section/4/Information/2/Value/StringWithMarkup/1/String,string,17.8 ms ± 1.9
/Record/Section/8/Section/4/Information/2/Value/StringWithMarkup/2/String,string,100 ms [Estimated]
/Record/Section/8/Section/4/Information/2/Value/StringWithMarkup/3/String,string,200 ms [Estimated]
/Record/Section/8/Section/4/Information/2/Value/StringWithMarkup/4/String,string,500 ms ± 200
/Record/Section/8/Section/4/Information/2/Value/StringWithMarkup/5/String,string,1.5 s ± 0.2
/Record/Section/8/Section/4/Information/2/Value/StringWithMarkup/6/String,string,3.3 s ± 0.3
/Record/Section/8/Section/4/Information/2/Value/StringWithMarkup/7/String,string,3.8 s ± 0.3
/Record/Section/8/Section/4/Information/2/Value/StringWithMarkup/8/String,string,8.4 s ± 0.5
/Record/Section/8/Section/4/Information/2/Value/StringWithMarkup/9/String,string,5 s [Estimated]
/Record/Section/8/Section/4/Information/2/Value/StringWithMarkup/10/String,string,12.1 s ± 0.6
/Record/Section/8/Section/4/Information/2/Value/StringWithMarkup/11/String,string,17.9 s ± 0.6
/Record/Section/8/Section/4/Information/2/Value/StringWithMarkup/12/String,string,10 us ± 2
/Record/Section/8/Section/4/Information/2/Value/StringWithMarkup/13/String,string,1.51 s ± 0.02
/Record/Section/8/Section/4/Information/2/Value/StringWithMarkup/14/String,string,125 ms ± 2
/Record/Section/8/Section/4/Information/2/Value/StringWithMarkup/15/String,string,299.8 ns ± 2.1
/Record/Section/8/Section/4/Information/2/Value/StringWithMarkup/16/String,string,40.7 s ± 0.7
/Record/Section/8/Section/4/Information/2/Value/StringWithMarkup/17/String,string,2.7 s ± 0.3
/Record/Section/8/Section/4/Information/2/Value/StringWithMarkup/18/String,string,2.36 s ± 0.10
/Record/Section/8/Section/4/Information/2/Value/StringWithMarkup/19/String,string,1.223 m ± 0.008
/Record/Section/8/Section/4/Information/2/Value/StringWithMarkup/20/String,string,2.59 m ± 0.02
/Record/Section/8/Section/4/Information/2/Value/StringWithMarkup/21/String,string,50.0 us ± 0.5
/Record/Section/8/Section/4/Information/2/Value/StringWithMarkup/22/String,string,10.2 s ± 0.1
/Record/Section/8/Section/4/Information/2/Value/StringWithMarkup/23/String,string,1.0 us ± 0.1
/Record/Section/8/Section/4/Information/2/Value/StringWithMarkup/24/String,string,5.93 d ± 0.04
/Record/Section/8/Section/4/Information/2/Value/StringWithMarkup/25/String,string,490 ns ± 30
/Record/Section/8/Section/4/Information/2/Value/StringWithMarkup/26/String,string,4.61 d ± 0.03
/Record/Section/8/Section/4/Information/2/Value/StringWithMarkup/27/String,string,235 us ± 3
/Record/Section/8/Section/4/Information/2/Value/StringWithMarkup/28/String,string,24.1 d ± 0.6
/Record/Section/8/Section/4/Information/2/Value/StringWithMarkup/29/String,string,765 ns ± 15
/Record/Section/8/Section/4/Information/2/Value/StringWithMarkup/30/String,string,54.5 d ± 0.5
/Record/Section/8/Section/4/Information/2/Value/StringWithMarkup/31/String,string,162 ns ± 8
/Record/Section/8/Section/4/Information/2/Value/StringWithMarkup/32/String,string,93.1 d ± 0.4
/Record/Section/8/Section/4/Information/2/Value/StringWithMarkup/33/String,string,2.45 us ± 0.05
/Record/Section/8/Section/4/Information/2/Value/StringWithMarkup/34/String,string,36.9 y ± 0.9
/Record/Section/8/Section/4/Information/2/Value/StringWithMarkup/35/String,string,12.8 h ± 0.1
/Record/Section/8/Section/4/Information/2/Value/StringWithMarkup/36/String,string,4.6 Ey ± 1.2
/Record/Section/8/Section/4/Information/2/Value/StringWithMarkup/37/String,string,58.9 us ± 0.5
/Record/Section/8/Section/4/Information/2/Value/StringWithMarkup/38/String,string,13.517 y ± 0.006
/Record/Section/8/Section/4/Information/2/Value/StringWithMarkup/39/String,string,9.3116 h ± 0.0013
/Record/Section/8/Section/4/Information/2/Value/StringWithMarkup/40/String,string,940 ns ± 80
/Record/Section/8/Section/4/Information/2/Value/StringWithMarkup/41/String,string,165 ns ± 10
/Record/Section/8/Section/4/Information/2/Value/StringWithMarkup/42/String,string,384 ns ± 10
/Record/Section/8/Section/4/Information/2/Value/StringWithMarkup/43/String,string,95.8 m ± 0.4
/Record/Section/8/Section/4/Information/2/Value/StringWithMarkup/44/String,string,Stable >550Py
/Record/Section/8/Section/4/Information/2/Value/StringWithMarkup/45/String,string,475 ns ± 10
/Record/Section/8/Section/4/Information/2/Value/StringWithMarkup/46/String,string,8.592 y ± 0.003
/Record/Section/8/Section/4/Information/2/Value/StringWithMarkup/47/String,string,2.2 us ± 0.1
/Record/Section/8/Section/4/Information/2/Value/StringWithMarkup/48/String,string,46.3 m ± 0.4
/Record/Section/8/Section/4/Information/2/Value/StringWithMarkup/49/String,string,4.742 y ± 0.008
/Record/Section/8/Section/4/Information/2/Value/StringWithMarkup/50/String,string,15.19 d ± 0.08
/Record/Section/8/Section/4/Information/2/Value/StringWithMarkup/51/String,string,15.18 h ± 0.03
/Record/Section/8/Section/4/Information/2/Value/StringWithMarkup/52/String,string,45.9 m ± 0.2
/Record/Section/8/Section/4/Information/2/Value/StringWithMarkup/53/String,string,18.1 m ± 0.1
/Record/Section/8/Section/4/Information/2/Value/StringWithMarkup/54/String,string,42.6 s ± 0.5
/Record/Section/8/Section/4/Information/2/Value/StringWithMarkup/55/String,string,30.8 s ± 0.5
/Record/Section/8/Section/4/Information/2/Value/StringWithMarkup/56/String,string,26.2 s ± 2.3
/Record/Section/8/Section/4/Information/2/Value/StringWithMarkup/57/String,string,~10 s
/Record/Section/8/Section/4/Information/2/Value/StringWithMarkup/58/String,string,15.0 s ± 0.5
/Record/Section/8/Section/4/Information/2/Value/StringWithMarkup/59/String,string,7.7 s ± 0.4
/Record/Section/8/Section/4/Information/2/Value/StringWithMarkup/60/String,string,911 ns ± 24
/Record/Section/8/Section/4/Information/2/Value/StringWithMarkup/61/String,string,4.16 s ± 0.19
/Record/Section/8/Section/4/Information/2/Value/StringWithMarkup/62/String,string,2.53 s ± 0.25
/Record/Section/8/Section/4/Information/2/Value/StringWithMarkup/63/String,string,1.24 s ± 0.12
/Record/Section/8/Section/4/Information/2/Value/StringWithMarkup/64/String,string,1.33 s ± 0.51
/Record/Section/8/Section/4/Information/2/Value/StringWithMarkup/65/String,string,200 ms ± 100
/Record/Section/8/Section/4/Information/2/Value/StringWithMarkup/66/String,string,420 ms >550ns [Estimated]
/Record/Section/8/Section/4/Information/2/Value/StringWithMarkup/67/String,string,Not-specified
/Record/Section/8/Section/4/Information/3/ReferenceNumber,number,2
/Record/Section/8/Section/4/Information/3/Name,string,Discovery Year
/Record/Section/8/Section/4/Information/3/Value/StringWithMarkup/0/String,string,2004
/Record/Section/8/Section/4/Information/3/Value/StringWithMarkup/1/String,string,1998
/Record/Section/8/Section/4/Information/3/Value/StringWithMarkup/2/String,string,
/Record/Section/8/Section/4/Information/3/Value/StringWithMarkup/3/String,string,
/Record/Section/8/Section/4/Information/3/Value/StringWithMarkup/4/String,string,1989
/Record/Section/8/Section/4/Information/3/Value/StringWithMarkup/5/String,string,1989
/Record/Section/8/Section/4/Information/3/Value/StringWithMarkup/6/String,string,1987
/Record/Section/8/Section/4/Information/3/Value/StringWithMarkup/7/String,string,1987
/Record/Section/8/Section/4/Information/3/Value/StringWithMarkup/8/String,string,1982
/Record/Section/8/Section/4/Information/3/Value/StringWithMarkup/9/String,string,1982
/Record/Section/8/Section/4/Information/3/Value/StringWithMarkup/10/String,string,1982
/Record/Section/8/Section/4/Information/3/Value/StringWithMarkup/11/String,string,1975
/Record/Section/8/Section/4/Information/3/Value/StringWithMarkup/12/String,string,2011
/Record/Section/8/Section/4/Information/3/Value/StringWithMarkup/13/String,string,1982
/Record/Section/8/Section/4/Information/3/Value/StringWithMarkup/14/String,string,1988
/Record/Section/8/Section/4/Information/3/Value/StringWithMarkup/15/String,string,2002
/Record/Section/8/Section/4/Information/3/Value/StringWithMarkup/16/String,string,1977
/Record/Section/8/Section/4/Information/3/Value/StringWithMarkup/17/String,string,1973
/Record/Section/8/Section/4/Information/3/Value/StringWithMarkup/18/String,string,1966
/Record/Section/8/Section/4/Information/3/Value/StringWithMarkup/19/String,string,1966
/Record/Section/8/Section/4/Information/3/Value/StringWithMarkup/20/String,string,1965
/Record/Section/8/Section/4/Information/3/Value/StringWithMarkup/21/String,string,1978
/Record/Section/8/Section/4/Information/3/Value/StringWithMarkup/22/String,string,1965
/Record/Section/8/Section/4/Information/3/Value/StringWithMarkup/23/String,string,1976
/Record/Section/8/Section/4/Information/3/Value/StringWithMarkup/24/String,string,1951
/Record/Section/8/Section/4/Information/3/Value/StringWithMarkup/25/String,string,1975
/Record/Section/8/Section/4/Information/3/Value/StringWithMarkup/26/String,string,1957
/Record/Section/8/Section/4/Information/3/Value/StringWithMarkup/27/String,string,1962
/Record/Section/8/Section/4/Information/3/Value/StringWithMarkup/28/String,string,1951
/Record/Section/8/Section/4/Information/3/Value/StringWithMarkup/29/String,string,1970
/Record/Section/8/Section/4/Information/3/Value/StringWithMarkup/30/String,string,1951
/Record/Section/8/Section/4/Information/3/Value/StringWithMarkup/31/String,string,1980
/Record/Section/8/Section/4/Information/3/Value/StringWithMarkup/32/String,string,1959
/Record/Section/8/Section/4/Information/3/Value/StringWithMarkup/33/String,string,1961
/Record/Section/8/Section/4/Information/3/Value/StringWithMarkup/34/String,string,1950
/Record/Section/8/Section/4/Information/3/Value/StringWithMarkup/35/String,string,1953
/Record/Section/8/Section/4/Information/3/Value/StringWithMarkup/36/String,string,1933
/Record/Section/8/Section/4/Information/3/Value/StringWithMarkup/37/String,string,1958
/Record/Section/8/Section/4/Information/3/Value/StringWithMarkup/38/String,string,1938
/Record/Section/8/Section/4/Information/3/Value/StringWithMarkup/39/String,string,1958
/Record/Section/8/Section/4/Information/3/Value/StringWithMarkup/40/String,string,1978
/Record/Section/8/Section/4/Information/3/Value/StringWithMarkup/41/String,string,1978
/Record/Section/8/Section/4/Information/3/Value/StringWithMarkup/42/String,string,1970
/Record/Section/8/Section/4/Information/3/Value/StringWithMarkup/43/String,string,1963
/Record/Section/8/Section/4/Information/3/Value/StringWithMarkup/44/String,string,1933
/Record/Section/8/Section/4/Information/3/Value/StringWithMarkup/45/String,string,2000
/Record/Section/8/Section/4/Information/3/Value/StringWithMarkup/46/String,string,1947
/Record/Section/8/Section/4/Information/3/Value/StringWithMarkup/47/String,string,1964
/Record/Section/8/Section/4/Information/3/Value/StringWithMarkup/48/String,string,1975
/Record/Section/8/Section/4/Information/3/Value/StringWithMarkup/49/String,string,1947
/Record/Section/8/Section/4/Information/3/Value/StringWithMarkup/50/String,string,1947
/Record/Section/8/Section/4/Information/3/Value/StringWithMarkup/51/String,string,1951
/Record/Section/8/Section/4/Information/3/Value/StringWithMarkup/52/String,string,1951
/Record/Section/8/Section/4/Information/3/Value/StringWithMarkup/53/String,string,1961
/Record/Section/8/Section/4/Information/3/Value/StringWithMarkup/54/String,string,1973
/Record/Section/8/Section/4/Information/3/Value/StringWithMarkup/55/String,string,2016
/Record/Section/8/Section/4/Information/3/Value/StringWithMarkup/56/String,string,1986
/Record/Section/8/Section/4/Information/3/Value/StringWithMarkup/57/String,string,1987
/Record/Section/8/Section/4/Information/3/Value/StringWithMarkup/58/String,string,2016
/Record/Section/8/Section/4/Information/3/Value/StringWithMarkup/59/String,string,2007
/Record/Section/8/Section/4/Information/3/Value/StringWithMarkup/60/String,string,2017
/Record/Section/8/Section/4/Information/3/Value/StringWithMarkup/61/String,string,2007
/Record/Section/8/Section/4/Information/3/Value/StringWithMarkup/62/String,string,2007
/Record/Section/8/Section/4/Information/3/Value/StringWithMarkup/63/String,string,2007
/Record/Section/8/Section/4/Information/3/Value/StringWithMarkup/64/String,string,2012
/Record/Section/8/Section/4/Information/3/Value/StringWithMarkup/65/String,string,2012
/Record/Section/8/Section/4/Information/3/Value/StringWithMarkup/66/String,string,2018
/Record/Section/8/Section/4/Information/3/Value/StringWithMarkup/67/String,string,
/Record/Section/8/Section/4/Information/4/ReferenceNumber,number,2
/Record/Section/8/Section/4/Information/4/Name,string,"Decay Modes, Intensities and Uncertainties [%]"
/Record/Section/8/Section/4/Information/4/Value/StringWithMarkup/0/String,string,p≈100%; β+ ?; β+p ?
/Record/Section/8/Section/4/Information/4/Value/StringWithMarkup/0/Markup/0/Start,number,9
/Record/Section/8/Section/4/Information/4/Value/StringWithMarkup/0/Markup/0/Length,number,1
/Record/Section/8/Section/4/Information/4/Value/StringWithMarkup/0/Markup/0/Type,string,Superscript
/Record/Section/8/Section/4/Information/4/Value/StringWithMarkup/0/Markup/1/Start,number,15
/Record/Section/8/Section/4/Information/4/Value/StringWithMarkup/0/Markup/1/Length,number,1
/Record/Section/8/Section/4/Information/4/Value/StringWithMarkup/0/Markup/1/Type,string,Superscript
/Record/Section/8/Section/4/Information/4/Value/StringWithMarkup/1/String,string,p=89±0.9%; β+ ?; β+p ?
/Record/Section/8/Section/4/Information/4/Value/StringWithMarkup/1/Markup/0/Start,number,12
/Record/Section/8/Section/4/Information/4/Value/StringWithMarkup/1/Markup/0/Length,number,1
/Record/Section/8/Section/4/Information/4/Value/StringWithMarkup/1/Markup/0/Type,string,Superscript
/Record/Section/8/Section/4/Information/4/Value/StringWithMarkup/1/Markup/1/Start,number,18
/Record/Section/8/Section/4/Information/4/Value/StringWithMarkup/1/Markup/1/Length,number,1
/Record/Section/8/Section/4/Information/4/Value/StringWithMarkup/1/Markup/1/Type,string,Superscript
/Record/Section/8/Section/4/Information/4/Value/StringWithMarkup/2/String,string,β+ ?; β+p ?; p=0%
/Record/Section/8/Section/4/Information/4/Value/StringWithMarkup/2/Markup/0/Start,number,1
/Record/Section/8/Section/4/Information/4/Value/StringWithMarkup/2/Markup/0/Length,number,1
/Record/Section/8/Section/4/Information/4/Value/StringWithMarkup/2/Markup/0/Type,string,Superscript
/Record/Section/8/Section/4/Information/4/Value/StringWithMarkup/2/Markup/1/Start,number,7
/Record/Section/8/Section/4/Information/4/Value/StringWithMarkup/2/Markup/1/Length,number,1
/Record/Section/8/Section/4/Information/4/Value/StringWithMarkup/2/Markup/1/Type,string,Superscript
/Record/Section/8/Section/4/Information/4/Value/StringWithMarkup/3/String,string,β+ ?; β+p ?
/Record/Section/8/Section/4/Information/4/Value/StringWithMarkup/3/Markup/0/Start,number,1
/Record/Section/8/Section/4/Information/4/Value/StringWithMarkup/3/Markup/0/Length,number,1
/Record/Section/8/Section/4/Information/4/Value/StringWithMarkup/3/Markup/0/Type,string,Superscript
/Record/Section/8/Section/4/Information/4/Value/StringWithMarkup/3/Markup/1/Start,number,7
/Record/Section/8/Section/4/Information/4/Value/StringWithMarkup/3/Markup/1/Length,number,1
/Record/Section/8/Section/4/Information/4/Value/StringWithMarkup/3/Markup/1/Type,string,Superscript
/Record/Section/8/Section/4/Information/4/Value/StringWithMarkup/4/String,string,β+=100%; β+p=?
/Record/Section/8/Section/4/Information/4/Value/StringWithMarkup/4/Markup/0/Start,number,1
/Record/Section/8/Section/4/Information/4/Value/StringWithMarkup/4/Markup/0/Length,number,1
/Record/Section/8/Section/4/Information/4/Value/StringWithMarkup/4/Markup/0/Type,string,Superscript
/Record/Section/8/Section/4/Information/4/Value/StringWithMarkup/4/Markup/1/Start,number,10
/Record/Section/8/Section/4/Information/4/Value/StringWithMarkup/4/Markup/1/Length,number,1
/Record/Section/8/Section/4/Information/4/Value/StringWithMarkup/4/Markup/1/Type,string,Superscript
/Record/Section/8/Section/4/Information/4/Value/StringWithMarkup/5/String,string,β+=100%; β+p ?
/Record/Section/8/Section/4/Information/4/Value/StringWithMarkup/5/Markup/0/Start,number,1
/Record/Section/8/Section/4/Information/4/Value/StringWithMarkup/5/Markup/0/Length,number,1
/Record/Section/8/Section/4/Information/4/Value/StringWithMarkup/5/Markup/0/Type,string,Superscript
/Record/Section/8/Section/4/Information/4/Value/StringWithMarkup/5/Markup/1/Start,number,10
/Record/Section/8/Section/4/Information/4/Value/StringWithMarkup/5/Markup/1/Length,number,1
/Record/Section/8/Section/4/Information/4/Value/StringWithMarkup/5/Markup/1/Type,string,Superscript
/Record/Section/8/Section/4/Information/4/Value/StringWithMarkup/6/String,string,β+=100%; β+p≈0.09%
/Record/Section/8/Section/4/Information/4/Value/StringWithMarkup/6/Markup/0/Start,number,1
/Record/Section/8/Section/4/Information/4/Value/StringWithMarkup/6/Markup/0/Length,number,1
/Record/Section/8/Section/4/Information/4/Value/StringWithMarkup/6/Markup/0/Type,string,Superscript
/Record/Section/8/Section/4/Information/4/Value/StringWithMarkup/6/Markup/1/Start,number,10
/Record/Section/8/Section/4/Information/4/Value/StringWithMarkup/6/Markup/1/Length,number,1
/Record/Section/8/Section/4/Information/4/Value/StringWithMarkup/6/Markup/1/Type,string,Superscript
/Record/Section/8/Section/4/Information/4/Value/StringWithMarkup/7/String,string,β+=100%; β+p≈0.09%
/Record/Section/8/Section/4/Information/4/Value/StringWithMarkup/7/Markup/0/Start,number,1
/Record/Section/8/Section/4/Information/4/Value/StringWithMarkup/7/Markup/0/Length,number,1
/Record/Section/8/Section/4/Information/4/Value/StringWithMarkup/7/Markup/0/Type,string,Superscript
/Record/Section/8/Section/4/Information/4/Value/StringWithMarkup/7/Markup/1/Start,number,10
/Record/Section/8/Section/4/Information/4/Value/StringWithMarkup/7/Markup/1/Length,number,1
/Record/Section/8/Section/4/Information/4/Value/StringWithMarkup/7/Markup/1/Type,string,Superscript
/Record/Section/8/Section/4/Information/4/Value/StringWithMarkup/8/String,string,β+=100%
/Record/Section/8/Section/4/Information/4/Value/StringWithMarkup/8/Markup/0/Start,number,1
/Record/Section/8/Section/4/Information/4/Value/StringWithMarkup/8/Markup/0/Length,number,1
/Record/Section/8/Section/4/Information/4/Value/StringWithMarkup/8/Markup/0/Type,string,Superscript
/Record/Section/8/Section/4/Information/4/Value/StringWithMarkup/9/String,string,β+ ?
/Record/Section/8/Section/4/Information/4/Value/StringWithMarkup/9/Markup/0/Start,number,1
/Record/Section/8/Section/4/Information/4/Value/StringWithMarkup/9/Markup/0/Length,number,1
/Record/Section/8/Section/4/Information/4/Value/StringWithMarkup/9/Markup/0/Type,string,Superscript
/Record/Section/8/Section/4/Information/4/Value/StringWithMarkup/10/String,string,β+=100%
/Record/Section/8/Section/4/Information/4/Value/StringWithMarkup/10/Markup/0/Start,number,1
/Record/Section/8/Section/4/Information/4/Value/StringWithMarkup/10/Markup/0/Length,number,1
/Record/Section/8/Section/4/Information/4/Value/StringWithMarkup/10/Markup/0/Type,string,Superscript
/Record/Section/8/Section/4/Information/4/Value/StringWithMarkup/11/String,string,β+=100%
/Record/Section/8/Section/4/Information/4/Value/StringWithMarkup/11/Markup/0/Start,number,1
/Record/Section/8/Section/4/Information/4/Value/StringWithMarkup/11/Markup/0/Length,number,1
/Record/Section/8/Section/4/Information/4/Value/StringWithMarkup/11/Markup/0/Type,string,Superscript
/Record/Section/8/Section/4/Information/4/Value/StringWithMarkup/12/String,string,IT=100%
/Record/Section/8/Section/4/Information/4/Value/StringWithMarkup/13/String,string,β+=100%; e+=95.1±0.7%; ε=4.9±0.7%
/Record/Section/8/Section/4/Information/4/Value/StringWithMarkup/13/Markup/0/Start,number,1
/Record/Section/8/Section/4/Information/4/Value/StringWithMarkup/13/Markup/0/Length,number,1
/Record/Section/8/Section/4/Information/4/Value/StringWithMarkup/13/Markup/0/Type,string,Superscript
/Record/Section/8/Section/4/Information/4/Value/StringWithMarkup/13/Markup/1/Start,number,10
/Record/Section/8/Section/4/Information/4/Value/StringWithMarkup/13/Markup/1/Length,number,1
/Record/Section/8/Section/4/Information/4/Value/StringWithMarkup/13/Markup/1/Type,string,Superscript
/Record/Section/8/Section/4/Information/4/Value/StringWithMarkup/14/String,string,IT≈100%; β+<1%
/Record/Section/8/Section/4/Information/4/Value/StringWithMarkup/14/Markup/0/Start,number,10
/Record/Section/8/Section/4/Information/4/Value/StringWithMarkup/14/Markup/0/Length,number,1
/Record/Section/8/Section/4/Information/4/Value/StringWithMarkup/14/Markup/0/Type,string,Superscript
/Record/Section/8/Section/4/Information/4/Value/StringWithMarkup/15/String,string,IT=100%
/Record/Section/8/Section/4/Information/4/Value/StringWithMarkup/16/String,string,β+=100%
/Record/Section/8/Section/4/Information/4/Value/StringWithMarkup/16/Markup/0/Start,number,1
/Record/Section/8/Section/4/Information/4/Value/StringWithMarkup/16/Markup/0/Length,number,1
/Record/Section/8/Section/4/Information/4/Value/StringWithMarkup/16/Markup/0/Type,string,Superscript
/Record/Section/8/Section/4/Information/4/Value/StringWithMarkup/17/String,string,IT=86±0.3%; β+=14±0.3%
/Record/Section/8/Section/4/Information/4/Value/StringWithMarkup/17/Markup/0/Start,number,13
/Record/Section/8/Section/4/Information/4/Value/StringWithMarkup/17/Markup/0/Length,number,1
/Record/Section/8/Section/4/Information/4/Value/StringWithMarkup/17/Markup/0/Type,string,Superscript
/Record/Section/8/Section/4/Information/4/Value/StringWithMarkup/18/String,string,β+=100%; e+=89.9±1.6%; ε=10.1±1.6%
/Record/Section/8/Section/4/Information/4/Value/StringWithMarkup/18/Markup/0/Start,number,1
/Record/Section/8/Section/4/Information/4/Value/StringWithMarkup/18/Markup/0/Length,number,1
/Record/Section/8/Section/4/Information/4/Value/StringWithMarkup/18/Markup/0/Type,string,Superscript
/Record/Section/8/Section/4/Information/4/Value/StringWithMarkup/18/Markup/1/Start,number,10
/Record/Section/8/Section/4/Information/4/Value/StringWithMarkup/18/Markup/1/Length,number,1
/Record/Section/8/Section/4/Information/4/Value/StringWithMarkup/18/Markup/1/Type,string,Superscript
/Record/Section/8/Section/4/Information/4/Value/StringWithMarkup/19/String,string,β+=100%
/Record/Section/8/Section/4/Information/4/Value/StringWithMarkup/19/Markup/0/Start,number,1
/Record/Section/8/Section/4/Information/4/Value/StringWithMarkup/19/Markup/0/Length,number,1
/Record/Section/8/Section/4/Information/4/Value/StringWithMarkup/19/Markup/0/Type,string,Superscript
/Record/Section/8/Section/4/Information/4/Value/StringWithMarkup/20/String,string,β+=100%
/Record/Section/8/Section/4/Information/4/Value/StringWithMarkup/20/Markup/0/Start,number,1
/Record/Section/8/Section/4/Information/4/Value/StringWithMarkup/20/Markup/0/Length,number,1
/Record/Section/8/Section/4/Information/4/Value/StringWithMarkup/20/Markup/0/Type,string,Superscript
/Record/Section/8/Section/4/Information/4/Value/StringWithMarkup/21/String,string,IT=100%
/Record/Section/8/Section/4/Information/4/Value/StringWithMarkup/22/String,string,β+=100%
/Record/Section/8/Section/4/Information/4/Value/StringWithMarkup/22/Markup/0/Start,number,1
/Record/Section/8/Section/4/Information/4/Value/StringWithMarkup/22/Markup/0/Length,number,1
/Record/Section/8/Section/4/Information/4/Value/StringWithMarkup/22/Markup/0/Type,string,Superscript
/Record/Section/8/Section/4/Information/4/Value/StringWithMarkup/23/String,string,IT=100%
/Record/Section/8/Section/4/Information/4/Value/StringWithMarkup/24/String,string,β+=100%
/Record/Section/8/Section/4/Information/4/Value/StringWithMarkup/24/Markup/0/Start,number,1
/Record/Section/8/Section/4/Information/4/Value/StringWithMarkup/24/Markup/0/Length,number,1
/Record/Section/8/Section/4/Information/4/Value/StringWithMarkup/24/Markup/0/Type,string,Superscript
/Record/Section/8/Section/4/Information/4/Value/StringWithMarkup/25/String,string,IT=100%
/Record/Section/8/Section/4/Information/4/Value/StringWithMarkup/26/String,string,β+=100%
/Record/Section/8/Section/4/Information/4/Value/StringWithMarkup/26/Markup/0/Start,number,1
/Record/Section/8/Section/4/Information/4/Value/StringWithMarkup/26/Markup/0/Length,number,1
/Record/Section/8/Section/4/Information/4/Value/StringWithMarkup/26/Markup/0/Type,string,Superscript
/Record/Section/8/Section/4/Information/4/Value/StringWithMarkup/27/String,string,IT=100%
/Record/Section/8/Section/4/Information/4/Value/StringWithMarkup/28/String,string,β+≈100%; α=0.0022±0.6%
/Record/Section/8/Section/4/Information/4/Value/StringWithMarkup/28/Markup/0/Start,number,1
/Record/Section/8/Section/4/Information/4/Value/StringWithMarkup/28/Markup/0/Length,number,1
/Record/Section/8/Section/4/Information/4/Value/StringWithMarkup/28/Markup/0/Type,string,Superscript
/Record/Section/8/Section/4/Information/4/Value/StringWithMarkup/29/String,string,IT=100%
/Record/Section/8/Section/4/Information/4/Value/StringWithMarkup/30/String,string,β+=100%; α=9.4e-7±2.8%
/Record/Section/8/Section/4/Information/4/Value/StringWithMarkup/30/Markup/0/Start,number,1
/Record/Section/8/Section/4/Information/4/Value/StringWithMarkup/30/Markup/0/Length,number,1
/Record/Section/8/Section/4/Information/4/Value/StringWithMarkup/30/Markup/0/Type,string,Superscript
/Record/Section/8/Section/4/Information/4/Value/StringWithMarkup/31/String,string,IT=100%
/Record/Section/8/Section/4/Information/4/Value/StringWithMarkup/32/String,string,ε=100%
/Record/Section/8/Section/4/Information/4/Value/StringWithMarkup/33/String,string,IT=100%
/Record/Section/8/Section/4/Information/4/Value/StringWithMarkup/34/String,string,β+=100%
/Record/Section/8/Section/4/Information/4/Value/StringWithMarkup/34/Markup/0/Start,number,1
/Record/Section/8/Section/4/Information/4/Value/StringWithMarkup/34/Markup/0/Length,number,1
/Record/Section/8/Section/4/Information/4/Value/StringWithMarkup/34/Markup/0/Type,string,Superscript
/Record/Section/8/Section/4/Information/4/Value/StringWithMarkup/35/String,string,β-=89±0.2%; β+=11±0.2%; IT ?
/Record/Section/8/Section/4/Information/4/Value/StringWithMarkup/35/Markup/0/Start,number,1
/Record/Section/8/Section/4/Information/4/Value/StringWithMarkup/35/Markup/0/Length,number,1
/Record/Section/8/Section/4/Information/4/Value/StringWithMarkup/35/Markup/0/Type,string,Superscript
/Record/Section/8/Section/4/Information/4/Value/StringWithMarkup/35/Markup/1/Start,number,13
/Record/Section/8/Section/4/Information/4/Value/StringWithMarkup/35/Markup/1/Length,number,1
/Record/Section/8/Section/4/Information/4/Value/StringWithMarkup/35/Markup/1/Type,string,Superscript
/Record/Section/8/Section/4/Information/4/Value/StringWithMarkup/36/String,string,IS=47.81±0.6%; α=100%
/Record/Section/8/Section/4/Information/4/Value/StringWithMarkup/37/String,string,IT=100%
/Record/Section/8/Section/4/Information/4/Value/StringWithMarkup/38/String,string,β+=72.08±1.3%; β-=27.92±1.3%
/Record/Section/8/Section/4/Information/4/Value/StringWithMarkup/38/Markup/0/Start,number,1
/Record/Section/8/Section/4/Information/4/Value/StringWithMarkup/38/Markup/0/Length,number,1
/Record/Section/8/Section/4/Information/4/Value/StringWithMarkup/38/Markup/0/Type,string,Superscript
/Record/Section/8/Section/4/Information/4/Value/StringWithMarkup/38/Markup/1/Start,number,16
/Record/Section/8/Section/4/Information/4/Value/StringWithMarkup/38/Markup/1/Length,number,1
/Record/Section/8/Section/4/Information/4/Value/StringWithMarkup/38/Markup/1/Type,string,Superscript
/Record/Section/8/Section/4/Information/4/Value/StringWithMarkup/39/String,string,β-=73±0.3%; β+=27±0.3%
/Record/Section/8/Section/4/Information/4/Value/StringWithMarkup/39/Markup/0/Start,number,1
/Record/Section/8/Section/4/Information/4/Value/StringWithMarkup/39/Markup/0/Length,number,1
/Record/Section/8/Section/4/Information/4/Value/StringWithMarkup/39/Markup/0/Type,string,Superscript
/Record/Section/8/Section/4/Information/4/Value/StringWithMarkup/39/Markup/1/Start,number,13
/Record/Section/8/Section/4/Information/4/Value/StringWithMarkup/39/Markup/1/Length,number,1
/Record/Section/8/Section/4/Information/4/Value/StringWithMarkup/39/Markup/1/Type,string,Superscript
/Record/Section/8/Section/4/Information/4/Value/StringWithMarkup/40/String,string,IT=100%
/Record/Section/8/Section/4/Information/4/Value/StringWithMarkup/41/String,string,IT=100%
/Record/Section/8/Section/4/Information/4/Value/StringWithMarkup/42/String,string,IT=100%
/Record/Section/8/Section/4/Information/4/Value/StringWithMarkup/43/String,string,IT=100%
/Record/Section/8/Section/4/Information/4/Value/StringWithMarkup/44/String,string,IS=52.19±0.6%
/Record/Section/8/Section/4/Information/4/Value/StringWithMarkup/45/String,string,IT=100%
/Record/Section/8/Section/4/Information/4/Value/StringWithMarkup/46/String,string,β-=99.982±1.2%; ε=0.018±1.2%
/Record/Section/8/Section/4/Information/4/Value/StringWithMarkup/46/Markup/0/Start,number,1
/Record/Section/8/Section/4/Information/4/Value/StringWithMarkup/46/Markup/0/Length,number,1
/Record/Section/8/Section/4/Information/4/Value/StringWithMarkup/46/Markup/0/Type,string,Superscript
/Record/Section/8/Section/4/Information/4/Value/StringWithMarkup/47/String,string,IT=100%
/Record/Section/8/Section/4/Information/4/Value/StringWithMarkup/48/String,string,IT=100%
/Record/Section/8/Section/4/Information/4/Value/StringWithMarkup/49/String,string,β-=100%
/Record/Section/8/Section/4/Information/4/Value/StringWithMarkup/49/Markup/0/Start,number,1
/Record/Section/8/Section/4/Information/4/Value/StringWithMarkup/49/Markup/0/Length,number,1
/Record/Section/8/Section/4/Information/4/Value/StringWithMarkup/49/Markup/0/Type,string,Superscript
/Record/Section/8/Section/4/Information/4/Value/StringWithMarkup/50/String,string,β-=100%
/Record/Section/8/Section/4/Information/4/Value/StringWithMarkup/50/Markup/0/Start,number,1
/Record/Section/8/Section/4/Information/4/Value/StringWithMarkup/50/Markup/0/Length,number,1
/Record/Section/8/Section/4/Information/4/Value/StringWithMarkup/50/Markup/0/Type,string,Superscript
/Record/Section/8/Section/4/Information/4/Value/StringWithMarkup/51/String,string,β-=100%
/Record/Section/8/Section/4/Information/4/Value/StringWithMarkup/51/Markup/0/Start,number,1
/Record/Section/8/Section/4/Information/4/Value/StringWithMarkup/51/Markup/0/Length,number,1
/Record/Section/8/Section/4/Information/4/Value/StringWithMarkup/51/Markup/0/Type,string,Superscript
/Record/Section/8/Section/4/Information/4/Value/StringWithMarkup/52/String,string,β-=100%
/Record/Section/8/Section/4/Information/4/Value/StringWithMarkup/52/Markup/0/Start,number,1
/Record/Section/8/Section/4/Information/4/Value/StringWithMarkup/52/Markup/0/Length,number,1
/Record/Section/8/Section/4/Information/4/Value/StringWithMarkup/52/Markup/0/Type,string,Superscript
/Record/Section/8/Section/4/Information/4/Value/StringWithMarkup/53/String,string,β-=100%
/Record/Section/8/Section/4/Information/4/Value/StringWithMarkup/53/Markup/0/Start,number,1
/Record/Section/8/Section/4/Information/4/Value/StringWithMarkup/53/Markup/0/Length,number,1
/Record/Section/8/Section/4/Information/4/Value/StringWithMarkup/53/Markup/0/Type,string,Superscript
/Record/Section/8/Section/4/Information/4/Value/StringWithMarkup/54/String,string,β-=100%
/Record/Section/8/Section/4/Information/4/Value/StringWithMarkup/54/Markup/0/Start,number,1
/Record/Section/8/Section/4/Information/4/Value/StringWithMarkup/54/Markup/0/Length,number,1
/Record/Section/8/Section/4/Information/4/Value/StringWithMarkup/54/Markup/0/Type,string,Superscript
/Record/Section/8/Section/4/Information/4/Value/StringWithMarkup/55/String,string,β-=100%
/Record/Section/8/Section/4/Information/4/Value/StringWithMarkup/55/Markup/0/Start,number,1
/Record/Section/8/Section/4/Information/4/Value/StringWithMarkup/55/Markup/0/Length,number,1
/Record/Section/8/Section/4/Information/4/Value/StringWithMarkup/55/Markup/0/Type,string,Superscript
/Record/Section/8/Section/4/Information/4/Value/StringWithMarkup/56/String,string,β-=100%
/Record/Section/8/Section/4/Information/4/Value/StringWithMarkup/56/Markup/0/Start,number,1
/Record/Section/8/Section/4/Information/4/Value/StringWithMarkup/56/Markup/0/Length,number,1
/Record/Section/8/Section/4/Information/4/Value/StringWithMarkup/56/Markup/0/Type,string,Superscript
/Record/Section/8/Section/4/Information/4/Value/StringWithMarkup/57/String,string,β-=100%
/Record/Section/8/Section/4/Information/4/Value/StringWithMarkup/57/Markup/0/Start,number,1
/Record/Section/8/Section/4/Information/4/Value/StringWithMarkup/57/Markup/0/Length,number,1
/Record/Section/8/Section/4/Information/4/Value/StringWithMarkup/57/Markup/0/Type,string,Superscript
/Record/Section/8/Section/4/Information/4/Value/StringWithMarkup/58/String,string,β-=100%
/Record/Section/8/Section/4/Information/4/Value/StringWithMarkup/58/Markup/0/Start,number,1
/Record/Section/8/Section/4/Information/4/Value/StringWithMarkup/58/Markup/0/Length,number,1
/Record/Section/8/Section/4/Information/4/Value/StringWithMarkup/58/Markup/0/Type,string,Superscript
/Record/Section/8/Section/4/Information/4/Value/StringWithMarkup/59/String,string,β-=100%
/Record/Section/8/Section/4/Information/4/Value/StringWithMarkup/59/Markup/0/Start,number,1
/Record/Section/8/Section/4/Information/4/Value/StringWithMarkup/59/Markup/0/Length,number,1
/Record/Section/8/Section/4/Information/4/Value/StringWithMarkup/59/Markup/0/Type,string,Superscript
/Record/Section/8/Section/4/Information/4/Value/StringWithMarkup/60/String,string,IT=100%
/Record/Section/8/Section/4/Information/4/Value/StringWithMarkup/61/String,string,β-=100%
/Record/Section/8/Section/4/Information/4/Value/StringWithMarkup/61/Markup/0/Start,number,1
/Record/Section/8/Section/4/Information/4/Value/StringWithMarkup/61/Markup/0/Length,number,1
/Record/Section/8/Section/4/Information/4/Value/StringWithMarkup/61/Markup/0/Type,string,Superscript
/Record/Section/8/Section/4/Information/4/Value/StringWithMarkup/62/String,string,β-=100%; β-n ?
/Record/Section/8/Section/4/Information/4/Value/StringWithMarkup/62/Markup/0/Start,number,1
/Record/Section/8/Section/4/Information/4/Value/StringWithMarkup/62/Markup/0/Length,number,1
/Record/Section/8/Section/4/Information/4/Value/StringWithMarkup/62/Markup/0/Type,string,Superscript
/Record/Section/8/Section/4/Information/4/Value/StringWithMarkup/62/Markup/1/Start,number,10
/Record/Section/8/Section/4/Information/4/Value/StringWithMarkup/62/Markup/1/Length,number,1
/Record/Section/8/Section/4/Information/4/Value/StringWithMarkup/62/Markup/1/Type,string,Superscript
/Record/Section/8/Section/4/Information/4/Value/StringWithMarkup/63/String,string,β-=100%; β-n ?
/Record/Section/8/Section/4/Information/4/Value/StringWithMarkup/63/Markup/0/Start,number,1
/Record/Section/8/Section/4/Information/4/Value/StringWithMarkup/63/Markup/0/Length,number,1
/Record/Section/8/Section/4/Information/4/Value/StringWithMarkup/63/Markup/0/Type,string,Superscript
/Record/Section/8/Section/4/Information/4/Value/StringWithMarkup/63/Markup/1/Start,number,10
/Record/Section/8/Section/4/Information/4/Value/StringWithMarkup/63/Markup/1/Length,number,1
/Record/Section/8/Section/4/Information/4/Value/StringWithMarkup/63/Markup/1/Type,string,Superscript
/Record/Section/8/Section/4/Information/4/Value/StringWithMarkup/64/String,string,β-=100%; β-n ?
/Record/Section/8/Section/4/Information/4/Value/StringWithMarkup/64/Markup/0/Start,number,1
/Record/Section/8/Section/4/Information/4/Value/StringWithMarkup/64/Markup/0/Length,number,1
/Record/Section/8/Section/4/Information/4/Value/StringWithMarkup/64/Markup/0/Type,string,Superscript
/Record/Section/8/Section/4/Information/4/Value/StringWithMarkup/64/Markup/1/Start,number,10
/Record/Section/8/Section/4/Information/4/Value/StringWithMarkup/64/Markup/1/Length,number,1
/Record/Section/8/Section/4/Information/4/Value/StringWithMarkup/64/Markup/1/Type,string,Superscript
/Record/Section/8/Section/4/Information/4/Value/StringWithMarkup/65/String,string,β-=100%; β-n ?
/Record/Section/8/Section/4/Information/4/Value/StringWithMarkup/65/Markup/0/Start,number,1
/Record/Section/8/Section/4/Information/4/Value/StringWithMarkup/65/Markup/0/Length,number,1
/Record/Section/8/Section/4/Information/4/Value/StringWithMarkup/65/Markup/0/Type,string,Superscript
/Record/Section/8/Section/4/Information/4/Value/StringWithMarkup/65/Markup/1/Start,number,10
/Record/Section/8/Section/4/Information/4/Value/StringWithMarkup/65/Markup/1/Length,number,1
/Record/Section/8/Section/4/Information/4/Value/StringWithMarkup/65/Markup/1/Type,string,Superscript
/Record/Section/8/Section/4/Information/4/Value/StringWithMarkup/66/String,string,β- ?
/Record/Section/8/Section/4/Information/4/Value/StringWithMarkup/66/Markup/0/Start,number,1
/Record/Section/8/Section/4/Information/4/Value/StringWithMarkup/66/Markup/0/Length,number,1
/Record/Section/8/Section/4/Information/4/Value/StringWithMarkup/66/Markup/0/Type,string,Superscript
/Record/Section/8/Section/4/Information/4/Value/StringWithMarkup/67/String,string,β- ?; β-n ?
/Record/Section/8/Section/4/Information/4/Value/StringWithMarkup/67/Markup/0/Start,number,1
/Record/Section/8/Section/4/Information/4/Value/StringWithMarkup/67/Markup/0/Length,number,1
/Record/Section/8/Section/4/Information/4/Value/StringWithMarkup/67/Markup/0/Type,string,Superscript
/Record/Section/8/Section/4/Information/4/Value/StringWithMarkup/67/Markup/1/Start,number,7
/Record/Section/8/Section/4/Information/4/Value/StringWithMarkup/67/Markup/1/Length,number,1
/Record/Section/8/Section/4/Information/4/Value/StringWithMarkup/67/Markup/1/Type,string,Superscript
/Record/Reference/0/ReferenceNumber,number,1
/Record/Reference/0/SourceName,string,PubChem
/Record/Reference/0/SourceID,string,PubChem
/Record/Reference/0/Description,string,Data deposited in or computed by PubChem
/Record/Reference/0/URL,string,https://pubchem.ncbi.nlm.nih.gov
/Record/Reference/1/ReferenceNumber,number,2
/Record/Reference/1/SourceName,string,"Atomic Mass Data Center (AMDC), International Atomic Energy Agency (IAEA)"
/Record/Reference/1/SourceID,string,e63
/Record/Reference/1/Name,string,Eu
/Record/Reference/1/Description,string,The half-life and atomic mass data was provided by the Atomic Mass Data Center at the International Atomic Energy Agency.
/Record/Reference/1/URL,string,https://www-nds.iaea.org/amdc/
/Record/Reference/1/LicenseURL,string,https://www-nds.iaea.org/disclaimer.html
/Record/Reference/1/ANID,number,6590290
/Record/Reference/2/ReferenceNumber,number,3
/Record/Reference/2/SourceName,string,IUPAC Commission on Isotopic Abundances and Atomic Weights (CIAAW)
/Record/Reference/2/SourceID,string,a63
/Record/Reference/2/Name,string,Europium
/Record/Reference/2/Description,string,Element data are cited from the Atomic weights of the elements (an IUPAC Technical Report). The IUPAC periodic table of elements can be found at https://iupac.org/what-we-do/periodic-table-of-elements/. Additional information can be found within IUPAC publication doi:10.1515/pac-2015-0703 Copyright © 2020 International Union of Pure and Applied Chemistry.
/Record/Reference/2/URL,string,https://www.ciaaw.org/europium.htm
/Record/Reference/2/LicenseURL,string,http://www.ciaaw.org/bylaws.htm
/Record/Reference/2/ANID,number,2292444
/Record/Reference/3/ReferenceNumber,number,5
/Record/Reference/3/SourceName,string,"Jefferson Lab, U.S. Department of Energy"
/Record/Reference/3/SourceID,string,jlab63
/Record/Reference/3/Name,string,Europium
/Record/Reference/3/Description,string,"Thomas Jefferson National Accelerator Facility (Jefferson Lab) is one of 17 national laboratories funded by the U.S. Department of Energy. The lab's primary mission is to conduct basic research of the atom's nucleus using the lab's unique particle accelerator, known as the Continuous Electron Beam Accelerator Facility (CEBAF). For more information visit https://www.jlab.org/"
/Record/Reference/3/URL,string,https://education.jlab.org/itselemental/ele063.html
/Record/Reference/3/LicenseNote,string,Please see citation and linking information: https://education.jlab.org/faq/index.html
/Record/Reference/3/LicenseURL,string,https://www.jlab.org/privacy-and-security-notice
/Record/Reference/3/ANID,number,507125
/Record/Reference/4/ReferenceNumber,number,6
/Record/Reference/4/SourceName,string,"Los Alamos National Laboratory, U.S. Department of Energy"
/Record/Reference/4/SourceID,string,lanl63
/Record/Reference/4/Name,string,Europium
/Record/Reference/4/Description,string,"The periodic table at the LANL (Los Alamos National Laboratory) contains basic element information together with the history, source, properties, use, handling and more. The provenance data may be found from the link under the source name."
/Record/Reference/4/URL,string,https://periodic.lanl.gov/63.shtml
/Record/Reference/4/ANID,number,507243
/Record/Reference/5/ReferenceNumber,number,7
/Record/Reference/5/SourceName,string,NIST Physical Measurement Laboratory
/Record/Reference/5/SourceID,string,e63
/Record/Reference/5/Name,string,Europium
/Record/Reference/5/Description,string,"The periodic table contains NIST's critically-evaluated data on atomic properties of the elements. The provenance data that include data for atomic spectroscopy, X-ray and gamma ray, radiation dosimetry, nuclear physics, and condensed matter physics may be found from the link under the source name. Ref: https://www.nist.gov/pml/atomic-spectra-database"
/Record/Reference/5/URL,string,https://physics.nist.gov/cgi-bin/Elements/elInfo.pl?element=63
/Record/Reference/5/LicenseURL,string,https://www.nist.gov/pml/database-disclaimer
/Record/Reference/5/ANID,number,2292680
/Record/Reference/6/ReferenceNumber,number,4
/Record/Reference/6/SourceName,string,IUPAC Periodic Table of the Elements and Isotopes (IPTEI)
/Record/Reference/6/SourceID,string,p63
/Record/Reference/6/Description,string,"The information are cited from Pure Appl. Chem. 2018; 90(12): 1833-2092, https://doi.org/10.1515/pac-2015-0703."
/Record/Reference/6/URL,string,https://doi.org/10.1515/pac-2015-0703
/Record/Reference/6/LicenseNote,string,"Copyright (c) 2020 International Union of Pure and Applied Chemistry.

The International Union of Pure and Applied Chemistry (IUPAC) contribution within Pubchem is provided under a CC-BY-NC-ND 4.0 license, unless otherwise stated."
/Record/Reference/6/LicenseURL,string,https://creativecommons.org/licenses/by-nc-nd/4.0/
/Record/Reference/6/ANID,number,13296468
/Record/Reference/7/ReferenceNumber,number,9
/Record/Reference/7/SourceName,string,PubChem Elements
/Record/Reference/7/SourceID,string,ep_63
/Record/Reference/7/Name,string,Europium
/Record/Reference/7/Description,string,The element property data was retrieved from publications.
/Record/Reference/7/LicenseURL,string,https://www.nlm.nih.gov/copyright.html
/Record/Reference/7/ANID,number,24834162
/Record/Reference/8/ReferenceNumber,number,8
/Record/Reference/8/SourceName,string,PubChem Elements
/Record/Reference/8/SourceID,string,ef_63
/Record/Reference/8/Name,string,Europium
/Record/Reference/8/Description,string,This section provides all form of data related to element Europium.
/Record/Reference/8/LicenseURL,string,https://www.nlm.nih.gov/copyright.html
/Record/Reference/8/ANID,number,24833991
