path,type,value
/Record/RecordType,string,AtomicNumber
/Record/RecordNumber,number,41
/Record/RecordTitle,string,Niobium
/Record/Section/0/TOCHeading,string,Identifiers
/Record/Section/0/Description,string,"Identifiers for this element, including element name, element symbol, InChI string, and InChIKey."
/Record/Section/0/Section/0/TOCHeading,string,Element Name
/Record/Section/0/Section/0/Description,string,"The formal, standard name for a given element, originating from factors such as common usage and the person or place involved in its discovery. Element, also called chemical element, refers to a species of atom; all varieties of atoms with the same number of protons in the nucleus (but possibly a different number of neutrons) are considered to be the same element."
/Record/Section/0/Section/0/Information/0/ReferenceNumber,number,1
/Record/Section/0/Section/0/Information/0/Name,string,Element Name
/Record/Section/0/Section/0/Information/0/Value/StringWithMarkup/0/String,string,Niobium
/Record/Section/0/Section/0/Information/1/ReferenceNumber,number,3
/Record/Section/0/Section/0/Information/1/Name,string,Element Name
/Record/Section/0/Section/0/Information/1/Value/StringWithMarkup/0/String,string,Niobium
/Record/Section/0/Section/1/TOCHeading,string,Element Symbol
/Record/Section/0/Section/1/Description,string,"Element symbol, also called atomic symbol, typically consists of one or two letters from the Latin alphabet derived from the element name in one of several languages."
/Record/Section/0/Section/1/Information/0/ReferenceNumber,number,1
/Record/Section/0/Section/1/Information/0/Name,string,Element Symbol
/Record/Section/0/Section/1/Information/0/Value/StringWithMarkup/0/String,string,Nb
/Record/Section/0/Section/1/Information/1/ReferenceNumber,number,3
/Record/Section/0/Section/1/Information/1/Name,string,Element Symbol
/Record/Section/0/Section/1/Information/1/Value/StringWithMarkup/0/String,string,Nb
/Record/Section/0/Section/2/TOCHeading,string,InChI
/Record/Section/0/Section/2/Description,string,"The International Chemical Identifier (InChI) is a computed, non-proprietary identifier for a chemical structure.  The InChI is an International Union of Pure and Applied Chemistry (IUPAC) standard."
/Record/Section/0/Section/2/URL,string,https://iupac.org/who-we-are/divisions/division-details/inchi/
/Record/Section/0/Section/2/Information/0/ReferenceNumber,number,1
/Record/Section/0/Section/2/Information/0/Name,string,InChI
/Record/Section/0/Section/2/Information/0/Value/StringWithMarkup/0/String,string,InChI=1S/Nb
/Record/Section/0/Section/3/TOCHeading,string,InChIKey
/Record/Section/0/Section/3/Description,string,"An InChIKey is a 27-character hashed code derived from an InChI.  The International Chemical Identifier (InChI) is a computed, non-proprietary identifier for a chemical structure.  The InChI is an International Union of Pure and Applied Chemistry (IUPAC) standard."
/Record/Section/0/Section/3/URL,string,https://iupac.org/who-we-are/divisions/division-details/inchi/
/Record/Section/0/Section/3/Information/0/ReferenceNumber,number,1
/Record/Section/0/Section/3/Information/0/Name,string,InChIKey
/Record/Section/0/Section/3/Information/0/Value/StringWithMarkup/0/String,string,GUCVJGMIXFAOAE-UHFFFAOYSA-N
/Record/Section/1/TOCHeading,string,Properties
/Record/Section/1/Description,string,"Characteristics of this element, such as atomic number, atomic mass, density, melting point, boiling point and so on."
/Record/Section/1/Section/0/TOCHeading,string,Atomic Weight
/Record/Section/1/Section/0/Description,string,"Also called relative atomic mass, is the ratio of the average mass of the atom to the unified atomic mass unit, defined as one twelfth of the mass of a carbon-12 atom in its ground state and used to express masses of atomic particles, u=1.660 5402(10) * 10**(-27) kg. The Standard atomic weights refer to recommended values of relative atomic masses of the elements revised biennially by the IUPAC Commission on Atomic Weights and Isotopic Abundances and applicable to elements in any normal sample with a high level of confidence. The number in the parenthesis refers to an uncertainty when exists. The unit of atomic weight is the dalton or unified atomic mass unit (symbol: Da or u)."
/Record/Section/1/Section/0/Information/0/ReferenceNumber,number,3
/Record/Section/1/Section/0/Information/0/Name,string,Atomic Weight
/Record/Section/1/Section/0/Information/0/Value/StringWithMarkup/0/String,string,92.906 37(1)
/Record/Section/1/Section/0/Information/1/ReferenceNumber,number,5
/Record/Section/1/Section/0/Information/1/Value/StringWithMarkup/0/String,string,92.90637
/Record/Section/1/Section/0/Information/2/ReferenceNumber,number,6
/Record/Section/1/Section/0/Information/2/Value/StringWithMarkup/0/String,string,92.91
/Record/Section/1/Section/0/Information/3/ReferenceNumber,number,7
/Record/Section/1/Section/0/Information/3/Value/StringWithMarkup/0/String,string,92.90637(2)
/Record/Section/1/Section/1/TOCHeading,string,Electron Configuration
/Record/Section/1/Section/1/Description,string,"The electron configuration refers a distribution of the electrons of an atom or a molecular entity over a set of one-electron wavefunctions (called orbitals), according to the Pauli principle. From one configuration several states with different multiplicities may result."
/Record/Section/1/Section/1/URL,string,https://chem.libretexts.org/Courses/Sacramento_City_College/SCC%3A_Chem_420_-_Organic_Chemistry_I/Text/01%3A_Introduction_and_Review/1.04%3A_Electron_Configurations
/Record/Section/1/Section/1/Information/0/ReferenceNumber,number,6
/Record/Section/1/Section/1/Information/0/Value/StringWithMarkup/0/String,string,[Kr]5s14d4
/Record/Section/1/Section/1/Information/0/Value/StringWithMarkup/0/Markup/0/Start,number,6
/Record/Section/1/Section/1/Information/0/Value/StringWithMarkup/0/Markup/0/Length,number,1
/Record/Section/1/Section/1/Information/0/Value/StringWithMarkup/0/Markup/0/Type,string,Superscript
/Record/Section/1/Section/1/Information/0/Value/StringWithMarkup/0/Markup/1/Start,number,9
/Record/Section/1/Section/1/Information/0/Value/StringWithMarkup/0/Markup/1/Length,number,1
/Record/Section/1/Section/1/Information/0/Value/StringWithMarkup/0/Markup/1/Type,string,Superscript
/Record/Section/1/Section/2/TOCHeading,string,Atomic Radius
/Record/Section/1/Section/2/Description,string,"The atomic radius of a chemical element is a measure of the size of its atom, usually, the distance from the center of the nucleus to the outermost isolated electron.  Because an atom does not have a discrete boundary, there are various non-equivalent definitions of atomic radius, such as Van der Waals radius and covalent radius."
/Record/Section/1/Section/2/Information/0/ReferenceNumber,number,6
/Record/Section/1/Section/2/Information/0/Name,string,Van der Waals Atomic Radius
/Record/Section/1/Section/2/Information/0/Value/StringWithMarkup/0/String,string,207 pm (Van der Waals)
/Record/Section/1/Section/2/Information/1/ReferenceNumber,number,9
/Record/Section/1/Section/2/Information/1/Name,string,Empirical Atomic Radius
/Record/Section/1/Section/2/Information/1/Reference/0,string,"J.C. Slater, J Chem Phys, 1964, 41(10), 3199-3205. DOI:10.1063/1.1725697"
/Record/Section/1/Section/2/Information/1/ExtendedReference/0/Citation,string,"J.C. Slater, J Chem Phys, 1964, 41(10), 3199-3205. DOI:10.1063/1.1725697"
/Record/Section/1/Section/2/Information/1/Value/Number/0,number,145
/Record/Section/1/Section/2/Information/1/Value/Unit,string,pm (Empirical)
/Record/Section/1/Section/2/Information/2/ReferenceNumber,number,9
/Record/Section/1/Section/2/Information/2/Name,string,Covalent Atomic Radius
/Record/Section/1/Section/2/Information/2/Reference/0,string,"B. Cordero, V. Gómez, A.E. Platero-Prats, M. Revés, J. Echeverría, E. Cremades, F. Barragán, S. Alvarez, Dalton Trans. 2008, 21, 2832-2838. DOI:10.1039/b801115j PMID:18478144."
/Record/Section/1/Section/2/Information/2/ExtendedReference/0/Citation,string,"B. Cordero, V. Gómez, A.E. Platero-Prats, M. Revés, J. Echeverría, E. Cremades, F. Barragán, S. Alvarez, Dalton Trans. 2008, 21, 2832-2838. DOI:10.1039/b801115j PMID:18478144."
/Record/Section/1/Section/2/Information/2/Value/StringWithMarkup/0/String,string,164(6) pm (Covalent)
/Record/Section/1/Section/3/TOCHeading,string,Oxidation States
/Record/Section/1/Section/3/Description,string,"The oxidation state(s) that this element commonly has in a compound.  The oxidation state of an atom is defined as the hypothetical charge that would be held by that atom if all of its bonds to other atoms were completely ionic in nature. For example, the oxidation state of carbon in CO2 would be +4 since the hypothetical charge held by the carbon atom if both of the carbon-oxygen double bonds were completely ionic would be equal to +4 (each oxygen atom would hold a charge of -2 since oxygen is more electronegative than carbon)."
/Record/Section/1/Section/3/URL,string,https://chem.libretexts.org/Bookshelves/General_Chemistry/Map%3A_Chemistry_-_The_Central_Science_(Brown_et_al.)/20%3A_Electrochemistry/20.01%3A_Oxidation_States_and_Redox_Reactions
/Record/Section/1/Section/3/Information/0/ReferenceNumber,number,5
/Record/Section/1/Section/3/Information/0/Value/StringWithMarkup/0/String,string,"+5, +3"
/Record/Section/1/Section/3/Information/1/ReferenceNumber,number,6
/Record/Section/1/Section/3/Information/1/Value/StringWithMarkup/0/String,string,"5, 4, 3, 2, 1, -1, -3 ​(a mildly acidic oxide)"
/Record/Section/1/Section/4/TOCHeading,string,Ground Level
/Record/Section/1/Section/4/Description,string,Also called ground-state level. The ground state electron configuration is the arrangement of electrons around the nucleus of an atom with lower energy levels.
/Record/Section/1/Section/4/Information/0/ReferenceNumber,number,7
/Record/Section/1/Section/4/Information/0/Value/StringWithMarkup/0/String,string,6D1/2
/Record/Section/1/Section/4/Information/0/Value/StringWithMarkup/0/Markup/0/Start,number,0
/Record/Section/1/Section/4/Information/0/Value/StringWithMarkup/0/Markup/0/Length,number,1
/Record/Section/1/Section/4/Information/0/Value/StringWithMarkup/0/Markup/0/Type,string,Superscript
/Record/Section/1/Section/4/Information/0/Value/StringWithMarkup/0/Markup/1/Start,number,2
/Record/Section/1/Section/4/Information/0/Value/StringWithMarkup/0/Markup/1/Length,number,3
/Record/Section/1/Section/4/Information/0/Value/StringWithMarkup/0/Markup/1/Type,string,Subscript
/Record/Section/1/Section/5/TOCHeading,string,Ionization Energy
/Record/Section/1/Section/5/Description,string,"Ionization energy, also called ionization potential, is the amount of energy required to remove an electron from an isolated atom or molecule."
/Record/Section/1/Section/5/URL,string,https://www.britannica.com/science/ionization-energy
/Record/Section/1/Section/5/Information/0/ReferenceNumber,number,5
/Record/Section/1/Section/5/Information/0/Value/StringWithMarkup/0/String,string,6.759 eV
/Record/Section/1/Section/5/Information/1/ReferenceNumber,number,7
/Record/Section/1/Section/5/Information/1/Reference/0,string,"First-Ionization Potential of Niobium and Molybdenum by Double-Resonance, Field-Ionization Spectroscopy, D. M. Rayner, S. A. Mitchell, O. L. Bourne, and P. A. Hackett, J. Opt. Soc. Am. B 4, 900–905 (1987) DOI:10.1364/JOSAB.4.000900"
/Record/Section/1/Section/5/Information/1/ExtendedReference/0/Citation,string,"First-Ionization Potential of Niobium and Molybdenum by Double-Resonance, Field-Ionization Spectroscopy, D. M. Rayner, S. A. Mitchell, O. L. Bourne, and P. A. Hackett, J. Opt. Soc. Am. B 4, 900–905 (1987) DOI:10.1364/JOSAB.4.000900"
/Record/Section/1/Section/5/Information/1/Value/StringWithMarkup/0/String,string,6.75885 ± 0.00004 eV
/Record/Section/1/Section/6/TOCHeading,string,Electronegativity
/Record/Section/1/Section/6/Description,string,Electronegativity is a measure of the tendency of an atom to attract a bonding pair of electrons.
/Record/Section/1/Section/6/URL,string,https://chem.libretexts.org/Bookshelves/Physical_and_Theoretical_Chemistry_Textbook_Maps/Supplemental_Modules_(Physical_and_Theoretical_Chemistry)/Physical_Properties_of_Matter/Atomic_and_Molecular_Properties/Electronegativity
/Record/Section/1/Section/6/Information/0/ReferenceNumber,number,9
/Record/Section/1/Section/6/Information/0/Name,string,Pauling Scale Electronegativity
/Record/Section/1/Section/6/Information/0/Reference/0,string,"A.L. Allred, J. Inorg. Nucl. Chem., 1961, 17(3-4), 215-221. DOI:10.1016/0022-1902(61)80142-5"
/Record/Section/1/Section/6/Information/0/ExtendedReference/0/Citation,string,"A.L. Allred, J. Inorg. Nucl. Chem., 1961, 17(3-4), 215-221. DOI:10.1016/0022-1902(61)80142-5"
/Record/Section/1/Section/6/Information/0/Value/Number/0,number,1.6
/Record/Section/1/Section/6/Information/0/Value/Unit,string,(Pauling Scale)
/Record/Section/1/Section/6/Information/1/ReferenceNumber,number,9
/Record/Section/1/Section/6/Information/1/Name,string,Allen Scale Electronegativity
/Record/Section/1/Section/6/Information/1/Reference/0,string,"L.C. Allen, J. Am. Chem. Soc., 1989, 111, 9003. DOI:10.1021/ja00207a003"
/Record/Section/1/Section/6/Information/1/Reference/1,string,"J.B. Mann, T.L. Meek and L.C. Allen, J. Am. Chem. Soc., 2000, 122, 2780. DOI:10.1021/ja992866e"
/Record/Section/1/Section/6/Information/1/Reference/2,string,"J.B. Mann, T.L. Meek, E.T. Knight, J.F. Capitani and L.C Allen, J. Am. Chem. Soc., 2000, 122, 5132. DOI:10.1021/ja9928677"
/Record/Section/1/Section/6/Information/1/ExtendedReference/0/Citation,string,"L.C. Allen, J. Am. Chem. Soc., 1989, 111, 9003. DOI:10.1021/ja00207a003"
/Record/Section/1/Section/6/Information/1/ExtendedReference/1/Citation,string,"J.B. Mann, T.L. Meek and L.C. Allen, J. Am. Chem. Soc., 2000, 122, 2780. DOI:10.1021/ja992866e"
/Record/Section/1/Section/6/Information/1/ExtendedReference/2/Citation,string,"J.B. Mann, T.L. Meek, E.T. Knight, J.F. Capitani and L.C Allen, J. Am. Chem. Soc., 2000, 122, 5132. DOI:10.1021/ja9928677"
/Record/Section/1/Section/6/Information/1/Value/Number/0,number,1.41
/Record/Section/1/Section/6/Information/1/Value/Unit,string,(Allen Scale)
/Record/Section/1/Section/7/TOCHeading,string,Electron Affinity
/Record/Section/1/Section/7/Description,string,"Electron affinity refers to the energy released when an additional electron is attached to a neutral atom to form a singly charged negative ion.  Alternatively, it can also be defined as the energy required to detach an electron from the singly charged negative ion."
/Record/Section/1/Section/7/URL,string,https://chem.libretexts.org/Bookshelves/Physical_and_Theoretical_Chemistry_Textbook_Maps/Supplemental_Modules_(Physical_and_Theoretical_Chemistry)/Physical_Properties_of_Matter/Atomic_and_Molecular_Properties/Electron_Affinity
/Record/Section/1/Section/7/Information/0/ReferenceNumber,number,9
/Record/Section/1/Section/7/Information/0/Reference/0,string,"R.T Myers, J. Chem. Edu., 1990, 67(4), 307. DOI:10.1021/ed067p307"
/Record/Section/1/Section/7/Information/0/ExtendedReference/0/Citation,string,"R.T Myers, J. Chem. Edu., 1990, 67(4), 307. DOI:10.1021/ed067p307"
/Record/Section/1/Section/7/Information/0/Value/Number/0,number,0.893
/Record/Section/1/Section/7/Information/0/Value/Unit,string,eV
/Record/Section/1/Section/7/Information/1/ReferenceNumber,number,9
/Record/Section/1/Section/7/Information/1/Reference/0,string,"R.J. Zollweg, J. Chem. Phys., 1969, 50, 4251. DOI:10.1063/1.1670890"
/Record/Section/1/Section/7/Information/1/ExtendedReference/0/Citation,string,"R.J. Zollweg, J. Chem. Phys., 1969, 50, 4251. DOI:10.1063/1.1670890"
/Record/Section/1/Section/7/Information/1/Value/Number/0,number,1.13
/Record/Section/1/Section/7/Information/1/Value/Unit,string,eV
/Record/Section/1/Section/8/TOCHeading,string,Atomic Spectra
/Record/Section/1/Section/8/Description,string,The spectrum of the electromagnetic radiation emitted or absorbed by an electron during transitions between different energy levels within an atom.
/Record/Section/1/Section/8/Information/0/ReferenceNumber,number,7
/Record/Section/1/Section/8/Information/0/URL,string,https://physics.nist.gov/cgi-bin/ASD/lines_hold.pl?el=Nb
/Record/Section/1/Section/8/Information/0/Value/StringWithMarkup/0/String,string,Lines Holdings
/Record/Section/1/Section/8/Information/1/ReferenceNumber,number,7
/Record/Section/1/Section/8/Information/1/URL,string,https://physics.nist.gov/cgi-bin/ASD/levels_hold.pl?el=Nb
/Record/Section/1/Section/8/Information/1/Value/StringWithMarkup/0/String,string,Levels Holdings
/Record/Section/1/Section/9/TOCHeading,string,Physical Description
/Record/Section/1/Section/9/Description,string,"The appearance or features of this element, including color, odor, state, taste and more in general."
/Record/Section/1/Section/9/Information/0/ReferenceNumber,number,5
/Record/Section/1/Section/9/Information/0/Value/StringWithMarkup/0/String,string,Solid
/Record/Section/1/Section/10/TOCHeading,string,Element Classification
/Record/Section/1/Section/10/Description,string,"Classification according to the element's chemical and physical properties, and location within the periodic table."
/Record/Section/1/Section/10/Information/0/ReferenceNumber,number,5
/Record/Section/1/Section/10/Information/0/Value/StringWithMarkup/0/String,string,Metal
/Record/Section/1/Section/11/TOCHeading,string,Element Period Number
/Record/Section/1/Section/11/Description,string,The element period number refers to a horizontal row of the periodic table. The periodic table has 7 periods.
/Record/Section/1/Section/11/Information/0/ReferenceNumber,number,5
/Record/Section/1/Section/11/Information/0/Value/StringWithMarkup/0/String,string,5
/Record/Section/1/Section/12/TOCHeading,string,Element Group Number
/Record/Section/1/Section/12/Description,string,Element group refers to a set of chemical elements in the same vertical column of the periodic table
/Record/Section/1/Section/12/Information/0/ReferenceNumber,number,5
/Record/Section/1/Section/12/Information/0/Value/StringWithMarkup/0/String,string,5
/Record/Section/1/Section/13/TOCHeading,string,Density
/Record/Section/1/Section/13/Description,string,This section provides information on the density of an element. It is the mass of a unit volume of the element and commonly expressed in units of kg/m3 or g/cm3.
/Record/Section/1/Section/13/URL,string,https://chem.libretexts.org/Bookshelves/Introductory_Chemistry/Map%3A_Fundamentals_of_General_Organic_and_Biological_Chemistry_(McMurry_et_al.)/01%3A_Matter_and_Measurements/1.12%3A_Density_and_Specific_Gravity
/Record/Section/1/Section/13/Information/0/ReferenceNumber,number,5
/Record/Section/1/Section/13/Information/0/Value/StringWithMarkup/0/String,string,8.57 grams per cubic centimeter
/Record/Section/1/Section/14/TOCHeading,string,Melting Point
/Record/Section/1/Section/14/Description,string,"This section provides the melting point and/or freezing point. The melting point is the temperature at which a substance changes state from solid to liquid at atmospheric pressure. When considered as the temperature of the reverse change (from liquid to solid), it is referred to as the freezing point."
/Record/Section/1/Section/14/URL,string,https://chem.libretexts.org/Bookshelves/Organic_Chemistry/Organic_Chemistry_Lab_Techniques_(Nichols)/06%3A_Miscellaneous_Techniques/6.01%3A_Melting_Point
/Record/Section/1/Section/14/Information/0/ReferenceNumber,number,5
/Record/Section/1/Section/14/Information/0/Value/StringWithMarkup/0/String,string,2750 K (2477°C or 4491°F)
/Record/Section/1/Section/14/Information/1/ReferenceNumber,number,6
/Record/Section/1/Section/14/Information/1/Value/StringWithMarkup/0/String,string,2477°C
/Record/Section/1/Section/15/TOCHeading,string,Boiling Point
/Record/Section/1/Section/15/Description,string,The temperature at which this element changes state from liquid to gas at a given atmospheric pressure.
/Record/Section/1/Section/15/URL,string,https://chem.libretexts.org/Bookshelves/Organic_Chemistry/Organic_Chemistry_Lab_Techniques_(Nichols)/06%3A_Miscellaneous_Techniques/6.02%3A_Boiling_Point
/Record/Section/1/Section/15/Information/0/ReferenceNumber,number,5
/Record/Section/1/Section/15/Information/0/Value/StringWithMarkup/0/String,string,5017 K (4744°C or 8571°F)
/Record/Section/1/Section/15/Information/1/ReferenceNumber,number,6
/Record/Section/1/Section/15/Information/1/Value/StringWithMarkup/0/String,string,4744°C
/Record/Section/1/Section/16/TOCHeading,string,Estimated Crustal Abundance
/Record/Section/1/Section/16/Description,string,The estimated element abundance in the earth's crust.
/Record/Section/1/Section/16/Information/0/ReferenceNumber,number,5
/Record/Section/1/Section/16/Information/0/Value/StringWithMarkup/0/String,string,2.0×101 milligrams per kilogram
/Record/Section/1/Section/16/Information/0/Value/StringWithMarkup/0/Markup/0/Start,number,6
/Record/Section/1/Section/16/Information/0/Value/StringWithMarkup/0/Markup/0/Length,number,1
/Record/Section/1/Section/16/Information/0/Value/StringWithMarkup/0/Markup/0/Type,string,Superscript
/Record/Section/1/Section/17/TOCHeading,string,Estimated Oceanic Abundance
/Record/Section/1/Section/17/Description,string,The estimated element abundance in the earth's oceans.
/Record/Section/1/Section/17/Information/0/ReferenceNumber,number,5
/Record/Section/1/Section/17/Information/0/Value/StringWithMarkup/0/String,string,1×10-5 milligrams per liter
/Record/Section/1/Section/17/Information/0/Value/StringWithMarkup/0/Markup/0/Start,number,4
/Record/Section/1/Section/17/Information/0/Value/StringWithMarkup/0/Markup/0/Length,number,2
/Record/Section/1/Section/17/Information/0/Value/StringWithMarkup/0/Markup/0/Type,string,Superscript
/Record/Section/2/TOCHeading,string,History
/Record/Section/2/Description,string,The history of the discovery and use of this element.
/Record/Section/2/Information/0/ReferenceNumber,number,3
/Record/Section/2/Information/0/Name,string,History
/Record/Section/2/Information/0/Value/StringWithMarkup/0/String,string,"The name derives from the Greek mythological character Niobe, who was the daughter of Tantalus, because the elements niobium and tantalum were originally thought to be identical. Niobium was discovered in a black mineral from America called columbite by the British chemist and manufacturer Charles Hatchett in 1801 and he called the element columbium. In 1809, the English chemist William Hyde Wollaston claimed that columbium and tantalum were identical."
/Record/Section/2/Information/0/Value/StringWithMarkup/1/String,string,"Forty years later, the German chemist and pharmacist, Heinrich Rose, determined that they were two different elements in 1846 and gave the name niobium because it was so difficult to distinguish it from tantalum. The name columbium continued to be used in America and niobium in Europe until IUPAC adopted the name niobium in 1949. Niobium was first isolated by the chemist C. W. Blomstrand in 1846."
/Record/Section/2/Information/1/ReferenceNumber,number,5
/Record/Section/2/Information/1/Value/StringWithMarkup/0/String,string,"The story of niobium's discovery is a bit confusing. The first governor of Connecticut, John Winthrop the Younger, discovered a new mineral around 1734. He named the mineral columbite ((Fe, Mn, Mg)(Nb, Ta)2O6) and sent a sample of it to the British Museum in London, England. The columbite sat in the museum's mineral collection for years until it was analyzed by Charles Hatchett in 1801. Hatchett could tell that there was an unknown element in the columbite, but he was not able to isolate it. He named the new element columbium. The fate of columbium took a drastic turn in 1809 when William Hyde Wollaston, an English chemist and physicist, compared the minerals columbite and tantalite ((Fe, Mn)(Ta, Nb)2O6) and declared that columbium was actually the element tantalum. This confusion arose because tantalum and niobium are similar metals, are always found together and are very difficult to isolate."
/Record/Section/2/Information/1/Value/StringWithMarkup/0/Markup/0/Start,number,205
/Record/Section/2/Information/1/Value/StringWithMarkup/0/Markup/0/Length,number,1
/Record/Section/2/Information/1/Value/StringWithMarkup/0/Markup/0/Type,string,Subscript
/Record/Section/2/Information/1/Value/StringWithMarkup/0/Markup/1/Start,number,207
/Record/Section/2/Information/1/Value/StringWithMarkup/0/Markup/1/Length,number,1
/Record/Section/2/Information/1/Value/StringWithMarkup/0/Markup/1/Type,string,Subscript
/Record/Section/2/Information/1/Value/StringWithMarkup/0/Markup/2/Start,number,709
/Record/Section/2/Information/1/Value/StringWithMarkup/0/Markup/2/Length,number,1
/Record/Section/2/Information/1/Value/StringWithMarkup/0/Markup/2/Type,string,Subscript
/Record/Section/2/Information/1/Value/StringWithMarkup/0/Markup/3/Start,number,711
/Record/Section/2/Information/1/Value/StringWithMarkup/0/Markup/3/Length,number,1
/Record/Section/2/Information/1/Value/StringWithMarkup/0/Markup/3/Type,string,Subscript
/Record/Section/2/Information/1/Value/StringWithMarkup/1/String,string,"Niobium was rediscovered and renamed by Heinrich Rose in 1844 when he produced two new acids, niobic acid and pelopic acid, from samples of columbite and tantalite. These acids are very similar to each other and it took another twenty-two years and a Swiss chemist named Jean Charles Galissard de Marignac to prove that these were two distinct chemicals produced from two different elements. Metallic niobium was finally isolated by the Swedish chemist Christian Wilhelm Blomstrand in 1864. Today, niobium is primarily obtained from the minerals columbite and pyrochlore ((Ca, Na)2Nb2O6(O, OH, F))."
/Record/Section/2/Information/1/Value/StringWithMarkup/1/Markup/0/Start,number,580
/Record/Section/2/Information/1/Value/StringWithMarkup/1/Markup/0/Length,number,1
/Record/Section/2/Information/1/Value/StringWithMarkup/1/Markup/0/Type,string,Subscript
/Record/Section/2/Information/1/Value/StringWithMarkup/1/Markup/1/Start,number,583
/Record/Section/2/Information/1/Value/StringWithMarkup/1/Markup/1/Length,number,1
/Record/Section/2/Information/1/Value/StringWithMarkup/1/Markup/1/Type,string,Subscript
/Record/Section/2/Information/1/Value/StringWithMarkup/1/Markup/2/Start,number,585
/Record/Section/2/Information/1/Value/StringWithMarkup/1/Markup/2/Length,number,1
/Record/Section/2/Information/1/Value/StringWithMarkup/1/Markup/2/Type,string,Subscript
/Record/Section/2/Information/2/ReferenceNumber,number,6
/Record/Section/2/Information/2/Value/StringWithMarkup/0/String,string,"Named after Niobe, the daughter of Tantalu. Discovered in 1801 by Hatchett in an ore sent to England. The metal was first prepared in 1864 by Blomstrand, who reduced the chloride by heating it in a hydrogen atmosphere. The name niobium was adopted by the International Union of Pure and Applied Chemicstry (IUPAC) in 1950 after 100 years of controversy. Many leading chemical societies and government organizations refer to it by this name. Most metallurgists, leading metal societies, and all but one of the leading U.S. commercial producers, however, still refer to the metal as ""columbium."""
/Record/Section/2/Section/0/TOCHeading,string,Historical Atomic Weights
/Record/Section/2/Section/0/Description,string,This section provides the historical atomic weights. The atomic weight shown in brackets means the value range while others shown with uncertainty in parenthesis.
/Record/Section/2/Section/0/DisplayControls/CreateTable/FromInformationIn,string,ThisSection
/Record/Section/2/Section/0/DisplayControls/CreateTable/NumberOfColumns,number,3
/Record/Section/2/Section/0/DisplayControls/CreateTable/ColumnsFromNamedLists/Name/0,string,Year
/Record/Section/2/Section/0/DisplayControls/CreateTable/ColumnsFromNamedLists/Name/1,string,Atomic Weight (uncertainty) [u]
/Record/Section/2/Section/0/DisplayControls/CreateTable/ColumnsFromNamedLists/Name/2,string,Reference
/Record/Section/2/Section/0/DisplayControls/CreateTable/ColumnsFromNamedLists/UseNamesAsColumnHeadings,boolean,true
/Record/Section/2/Section/0/Information/0/ReferenceNumber,number,3
/Record/Section/2/Section/0/Information/0/Name,string,Year
/Record/Section/2/Section/0/Information/0/Value/StringWithMarkup/0/String,string,2017
/Record/Section/2/Section/0/Information/0/Value/StringWithMarkup/1/String,string,2013
/Record/Section/2/Section/0/Information/0/Value/StringWithMarkup/2/String,string,1985
/Record/Section/2/Section/0/Information/0/Value/StringWithMarkup/3/String,string,1969
/Record/Section/2/Section/0/Information/0/Value/StringWithMarkup/4/String,string,1961
/Record/Section/2/Section/0/Information/0/Value/StringWithMarkup/5/String,string,1935
/Record/Section/2/Section/0/Information/0/Value/StringWithMarkup/6/String,string,1931
/Record/Section/2/Section/0/Information/0/Value/StringWithMarkup/7/String,string,1917
/Record/Section/2/Section/0/Information/0/Value/StringWithMarkup/8/String,string,1909
/Record/Section/2/Section/0/Information/0/Value/StringWithMarkup/9/String,string,1902
/Record/Section/2/Section/0/Information/1/ReferenceNumber,number,3
/Record/Section/2/Section/0/Information/1/Name,string,Atomic Weight (uncertainty)
/Record/Section/2/Section/0/Information/1/Value/StringWithMarkup/0/String,string,92.906 37(1)
/Record/Section/2/Section/0/Information/1/Value/StringWithMarkup/1/String,string,92.906 37(2)
/Record/Section/2/Section/0/Information/1/Value/StringWithMarkup/2/String,string,92.906 38(2)
/Record/Section/2/Section/0/Information/1/Value/StringWithMarkup/3/String,string,92.9064(1)
/Record/Section/2/Section/0/Information/1/Value/StringWithMarkup/4/String,string,92.906
/Record/Section/2/Section/0/Information/1/Value/StringWithMarkup/5/String,string,92.91
/Record/Section/2/Section/0/Information/1/Value/StringWithMarkup/6/String,string,93.3
/Record/Section/2/Section/0/Information/1/Value/StringWithMarkup/7/String,string,93.1
/Record/Section/2/Section/0/Information/1/Value/StringWithMarkup/8/String,string,93.5
/Record/Section/2/Section/0/Information/1/Value/StringWithMarkup/9/String,string,94
/Record/Section/2/Section/0/Information/2/ReferenceNumber,number,3
/Record/Section/2/Section/0/Information/2/Name,string,Reference
/Record/Section/2/Section/0/Information/2/Value/StringWithMarkup/0/String,string,doi:10.1515/pac-2019-0603
/Record/Section/2/Section/0/Information/2/Value/StringWithMarkup/0/Markup/0/Start,number,0
/Record/Section/2/Section/0/Information/2/Value/StringWithMarkup/0/Markup/0/Length,number,25
/Record/Section/2/Section/0/Information/2/Value/StringWithMarkup/0/Markup/0/URL,string,https://doi.org/10.1515/pac-2019-0603
/Record/Section/2/Section/0/Information/2/Value/StringWithMarkup/1/String,string,doi:10.1515/pac-2015-0305
/Record/Section/2/Section/0/Information/2/Value/StringWithMarkup/1/Markup/0/Start,number,0
/Record/Section/2/Section/0/Information/2/Value/StringWithMarkup/1/Markup/0/Length,number,25
/Record/Section/2/Section/0/Information/2/Value/StringWithMarkup/1/Markup/0/URL,string,https://doi.org/10.1515/pac-2015-0305
/Record/Section/2/Section/0/Information/2/Value/StringWithMarkup/2/String,string,doi:10.1351/pac198658121677
/Record/Section/2/Section/0/Information/2/Value/StringWithMarkup/2/Markup/0/Start,number,0
/Record/Section/2/Section/0/Information/2/Value/StringWithMarkup/2/Markup/0/Length,number,27
/Record/Section/2/Section/0/Information/2/Value/StringWithMarkup/2/Markup/0/URL,string,https://doi.org/10.1351/pac198658121677
/Record/Section/2/Section/0/Information/2/Value/StringWithMarkup/3/String,string,doi:10.1351/pac197021010091
/Record/Section/2/Section/0/Information/2/Value/StringWithMarkup/3/Markup/0/Start,number,0
/Record/Section/2/Section/0/Information/2/Value/StringWithMarkup/3/Markup/0/Length,number,27
/Record/Section/2/Section/0/Information/2/Value/StringWithMarkup/3/Markup/0/URL,string,https://doi.org/10.1351/pac197021010091
/Record/Section/2/Section/0/Information/2/Value/StringWithMarkup/4/String,string,doi:10.1021/ja00881a001
/Record/Section/2/Section/0/Information/2/Value/StringWithMarkup/4/Markup/0/Start,number,0
/Record/Section/2/Section/0/Information/2/Value/StringWithMarkup/4/Markup/0/Length,number,23
/Record/Section/2/Section/0/Information/2/Value/StringWithMarkup/4/Markup/0/URL,string,https://doi.org/10.1021/ja00881a001
/Record/Section/2/Section/0/Information/2/Value/StringWithMarkup/5/String,string,doi:10.1039/JR9350000788
/Record/Section/2/Section/0/Information/2/Value/StringWithMarkup/5/Markup/0/Start,number,0
/Record/Section/2/Section/0/Information/2/Value/StringWithMarkup/5/Markup/0/Length,number,24
/Record/Section/2/Section/0/Information/2/Value/StringWithMarkup/5/Markup/0/URL,string,https://doi.org/10.1039/JR9350000788
/Record/Section/2/Section/0/Information/2/Value/StringWithMarkup/6/String,string,doi:10.1039/JR9310001617
/Record/Section/2/Section/0/Information/2/Value/StringWithMarkup/6/Markup/0/Start,number,0
/Record/Section/2/Section/0/Information/2/Value/StringWithMarkup/6/Markup/0/Length,number,24
/Record/Section/2/Section/0/Information/2/Value/StringWithMarkup/6/Markup/0/URL,string,https://doi.org/10.1039/JR9310001617
/Record/Section/2/Section/0/Information/2/Value/StringWithMarkup/7/String,string,doi:10.1021/ja02268a001
/Record/Section/2/Section/0/Information/2/Value/StringWithMarkup/7/Markup/0/Start,number,0
/Record/Section/2/Section/0/Information/2/Value/StringWithMarkup/7/Markup/0/Length,number,23
/Record/Section/2/Section/0/Information/2/Value/StringWithMarkup/7/Markup/0/URL,string,https://doi.org/10.1021/ja02268a001
/Record/Section/2/Section/0/Information/2/Value/StringWithMarkup/8/String,string,doi:10.1021/ja01931a001
/Record/Section/2/Section/0/Information/2/Value/StringWithMarkup/8/Markup/0/Start,number,0
/Record/Section/2/Section/0/Information/2/Value/StringWithMarkup/8/Markup/0/Length,number,23
/Record/Section/2/Section/0/Information/2/Value/StringWithMarkup/8/Markup/0/URL,string,https://doi.org/10.1021/ja01931a001
/Record/Section/2/Section/0/Information/2/Value/StringWithMarkup/9/String,string,doi:10.1007/BF01370337
/Record/Section/2/Section/0/Information/2/Value/StringWithMarkup/9/Markup/0/Start,number,0
/Record/Section/2/Section/0/Information/2/Value/StringWithMarkup/9/Markup/0/Length,number,22
/Record/Section/2/Section/0/Information/2/Value/StringWithMarkup/9/Markup/0/URL,string,https://doi.org/10.1007/BF01370337
/Record/Section/2/Section/1/TOCHeading,string,Historical Isotopic Abundances
/Record/Section/2/Section/1/Description,string,This section provides the historical isotopic abundance information. The abundance value shown in brackets means the value range while others shown with uncertainty in parenthesis.
/Record/Section/2/Section/1/DisplayControls/CreateTable/FromInformationIn,string,ThisSection
/Record/Section/2/Section/1/DisplayControls/CreateTable/NumberOfColumns,number,4
/Record/Section/2/Section/1/DisplayControls/CreateTable/ColumnsFromNamedLists/Name/0,string,Year
/Record/Section/2/Section/1/DisplayControls/CreateTable/ColumnsFromNamedLists/Name/1,string,Isotope
/Record/Section/2/Section/1/DisplayControls/CreateTable/ColumnsFromNamedLists/Name/2,string,Abundance (uncertainty)
/Record/Section/2/Section/1/DisplayControls/CreateTable/ColumnsFromNamedLists/Name/3,string,Reference
/Record/Section/2/Section/1/DisplayControls/CreateTable/ColumnsFromNamedLists/UseNamesAsColumnHeadings,boolean,true
/Record/Section/2/Section/1/Information/0/ReferenceNumber,number,3
/Record/Section/2/Section/1/Information/0/Name,string,Year
/Record/Section/2/Section/1/Information/0/Value/StringWithMarkup/0/String,string,1975
/Record/Section/2/Section/1/Information/1/ReferenceNumber,number,3
/Record/Section/2/Section/1/Information/1/Name,string,Isotope
/Record/Section/2/Section/1/Information/1/Value/StringWithMarkup/0/String,string,93Nb
/Record/Section/2/Section/1/Information/1/Value/StringWithMarkup/0/Markup/0/Start,number,0
/Record/Section/2/Section/1/Information/1/Value/StringWithMarkup/0/Markup/0/Length,number,2
/Record/Section/2/Section/1/Information/1/Value/StringWithMarkup/0/Markup/0/Type,string,Superscript
/Record/Section/2/Section/1/Information/2/ReferenceNumber,number,3
/Record/Section/2/Section/1/Information/2/Name,string,Abundance (uncertainty)
/Record/Section/2/Section/1/Information/2/Value/StringWithMarkup/0/String,string,1
/Record/Section/2/Section/1/Information/3/ReferenceNumber,number,3
/Record/Section/2/Section/1/Information/3/Name,string,Reference
/Record/Section/2/Section/1/Information/3/Value/StringWithMarkup/0/String,string,doi:10.1351/pac197647010075
/Record/Section/2/Section/1/Information/3/Value/StringWithMarkup/0/Markup/0/Start,number,0
/Record/Section/2/Section/1/Information/3/Value/StringWithMarkup/0/Markup/0/Length,number,27
/Record/Section/2/Section/1/Information/3/Value/StringWithMarkup/0/Markup/0/URL,string,https://doi.org/10.1351/pac197647010075
/Record/Section/3/TOCHeading,string,Description
/Record/Section/3/Description,string,"A short description of this element, provided by authoritative sources."
/Record/Section/3/Information/0/ReferenceNumber,number,6
/Record/Section/3/Information/0/Value/StringWithMarkup/0/String,string,"Niobium is a shiny, white, soft, and ductile metal, and takes on a bluish cast when exposed to air at room temperatures for a long time. The metal starts to oxidize in air at 200°C, and when processed at even moderate temperatures must be placed in a protective atmosphere."
/Record/Section/4/TOCHeading,string,Uses
/Record/Section/4/Description,string,Uses of this element in industry and other fields.
/Record/Section/4/Information/0/ReferenceNumber,number,5
/Record/Section/4/Information/0/Value/StringWithMarkup/0/String,string,"Niobium is used as an alloying agent and for jewelry, but perhaps its most interesting applications are in the field of superconductivity. Superconductive wire can be made from an alloy of niobium and titanium which can then be used to make superconductive magnets. Other alloys of niobium, such as those with tin and aluminum, are superconductive as well. Pure niobium is itself a superconductor when it is cooled below 9.25 K (-442.75°F). Superconductive niobium cavities are at the heart of a machine built at the Thomas Jefferson National Accelerator Facility. This machine, called an electron accelerator, is used by scientists to study the quark structure of matter. The accelerator's 338 niobium cavities are bathed in liquid helium and accelerate electrons to nearly the speed of light."
/Record/Section/4/Information/1/ReferenceNumber,number,6
/Record/Section/4/Information/1/Value/StringWithMarkup/0/String,string,"Niobium is used in arc-welding rods for stabilized grades of stainless steel. Thousands of pounds of niobium have been used in advanced air frame systems such as were used in the Gemini space program. The element has superconductive properties; superconductive magnets have been made with Nb-Zr wire, which retains its superconductivity in strong magnetic fields. This type of application offers hope of direct large-scale generation of electric power. Niobium is also commonly used for jewelry."
/Record/Section/5/TOCHeading,string,Sources
/Record/Section/5/Description,string,Sources of this element.
/Record/Section/5/Information/0/ReferenceNumber,number,6
/Record/Section/5/Information/0/Value/StringWithMarkup/0/String,string,"The element is found in niobite (or columbite), niobite-tantalite, parochlore, and euxenite. Large deposits of niobium have been found associated with carbonatites (carbon-silicate rocks), as a constituent of parochlore. Extensive ore reserves are found in Canada, Brazil, Nigeria, Zaire, and in Russia."
/Record/Section/6/TOCHeading,string,Compounds
/Record/Section/6/Description,string,Compound records related to this element.
/Record/Section/6/Information/0/ReferenceNumber,number,8
/Record/Section/6/Information/0/Name,string,Compounds
/Record/Section/6/Information/0/URL,string,https://pubchem.ncbi.nlm.nih.gov/#query=Niobium
/Record/Section/6/Information/0/Value/StringWithMarkup/0/String,string,See more information at the Niobium compound page.
/Record/Section/6/Section/0/TOCHeading,string,Element Forms
/Record/Section/6/Section/0/Description,string,"Other forms of this element, including ions, isotopes, etc."
/Record/Section/6/Section/0/DisplayControls/CreateTable/FromInformationIn,string,ThisSection
/Record/Section/6/Section/0/DisplayControls/CreateTable/NumberOfColumns,number,5
/Record/Section/6/Section/0/DisplayControls/CreateTable/ColumnsFromNamedLists/Name/0,string,CID
/Record/Section/6/Section/0/DisplayControls/CreateTable/ColumnsFromNamedLists/Name/1,string,Name
/Record/Section/6/Section/0/DisplayControls/CreateTable/ColumnsFromNamedLists/Name/2,string,Formula
/Record/Section/6/Section/0/DisplayControls/CreateTable/ColumnsFromNamedLists/Name/3,string,SMILES
/Record/Section/6/Section/0/DisplayControls/CreateTable/ColumnsFromNamedLists/Name/4,string,Molecular Weight
/Record/Section/6/Section/0/DisplayControls/CreateTable/ColumnsFromNamedLists/UseNamesAsColumnHeadings,boolean,true
/Record/Section/6/Section/0/Information/0/ReferenceNumber,number,8
/Record/Section/6/Section/0/Information/0/Name,string,CID
/Record/Section/6/Section/0/Information/0/Value/StringWithMarkup/0/String,string,23936
/Record/Section/6/Section/0/Information/0/Value/StringWithMarkup/0/Markup/0/Start,number,0
/Record/Section/6/Section/0/Information/0/Value/StringWithMarkup/0/Markup/0/Length,number,5
/Record/Section/6/Section/0/Information/0/Value/StringWithMarkup/0/Markup/0/URL,string,https://pubchem.ncbi.nlm.nih.gov/compound/23936
/Record/Section/6/Section/0/Information/0/Value/StringWithMarkup/1/String,string,104776
/Record/Section/6/Section/0/Information/0/Value/StringWithMarkup/1/Markup/0/Start,number,0
/Record/Section/6/Section/0/Information/0/Value/StringWithMarkup/1/Markup/0/Length,number,6
/Record/Section/6/Section/0/Information/0/Value/StringWithMarkup/1/Markup/0/URL,string,https://pubchem.ncbi.nlm.nih.gov/compound/104776
/Record/Section/6/Section/0/Information/0/Value/StringWithMarkup/2/String,string,177442
/Record/Section/6/Section/0/Information/0/Value/StringWithMarkup/2/Markup/0/Start,number,0
/Record/Section/6/Section/0/Information/0/Value/StringWithMarkup/2/Markup/0/Length,number,6
/Record/Section/6/Section/0/Information/0/Value/StringWithMarkup/2/Markup/0/URL,string,https://pubchem.ncbi.nlm.nih.gov/compound/177442
/Record/Section/6/Section/0/Information/0/Value/StringWithMarkup/3/String,string,115134
/Record/Section/6/Section/0/Information/0/Value/StringWithMarkup/3/Markup/0/Start,number,0
/Record/Section/6/Section/0/Information/0/Value/StringWithMarkup/3/Markup/0/Length,number,6
/Record/Section/6/Section/0/Information/0/Value/StringWithMarkup/3/Markup/0/URL,string,https://pubchem.ncbi.nlm.nih.gov/compound/115134
/Record/Section/6/Section/0/Information/0/Value/StringWithMarkup/4/String,string,167723
/Record/Section/6/Section/0/Information/0/Value/StringWithMarkup/4/Markup/0/Start,number,0
/Record/Section/6/Section/0/Information/0/Value/StringWithMarkup/4/Markup/0/Length,number,6
/Record/Section/6/Section/0/Information/0/Value/StringWithMarkup/4/Markup/0/URL,string,https://pubchem.ncbi.nlm.nih.gov/compound/167723
/Record/Section/6/Section/0/Information/0/Value/StringWithMarkup/5/String,string,177443
/Record/Section/6/Section/0/Information/0/Value/StringWithMarkup/5/Markup/0/Start,number,0
/Record/Section/6/Section/0/Information/0/Value/StringWithMarkup/5/Markup/0/Length,number,6
/Record/Section/6/Section/0/Information/0/Value/StringWithMarkup/5/Markup/0/URL,string,https://pubchem.ncbi.nlm.nih.gov/compound/177443
/Record/Section/6/Section/0/Information/0/Value/StringWithMarkup/6/String,string,177624
/Record/Section/6/Section/0/Information/0/Value/StringWithMarkup/6/Markup/0/Start,number,0
/Record/Section/6/Section/0/Information/0/Value/StringWithMarkup/6/Markup/0/Length,number,6
/Record/Section/6/Section/0/Information/0/Value/StringWithMarkup/6/Markup/0/URL,string,https://pubchem.ncbi.nlm.nih.gov/compound/177624
/Record/Section/6/Section/0/Information/0/Value/StringWithMarkup/7/String,string,177625
/Record/Section/6/Section/0/Information/0/Value/StringWithMarkup/7/Markup/0/Start,number,0
/Record/Section/6/Section/0/Information/0/Value/StringWithMarkup/7/Markup/0/Length,number,6
/Record/Section/6/Section/0/Information/0/Value/StringWithMarkup/7/Markup/0/URL,string,https://pubchem.ncbi.nlm.nih.gov/compound/177625
/Record/Section/6/Section/0/Information/0/Value/StringWithMarkup/8/String,string,177692
/Record/Section/6/Section/0/Information/0/Value/StringWithMarkup/8/Markup/0/Start,number,0
/Record/Section/6/Section/0/Information/0/Value/StringWithMarkup/8/Markup/0/Length,number,6
/Record/Section/6/Section/0/Information/0/Value/StringWithMarkup/8/Markup/0/URL,string,https://pubchem.ncbi.nlm.nih.gov/compound/177692
/Record/Section/6/Section/0/Information/0/Value/StringWithMarkup/9/String,string,42626441
/Record/Section/6/Section/0/Information/0/Value/StringWithMarkup/9/Markup/0/Start,number,0
/Record/Section/6/Section/0/Information/0/Value/StringWithMarkup/9/Markup/0/Length,number,8
/Record/Section/6/Section/0/Information/0/Value/StringWithMarkup/9/Markup/0/URL,string,https://pubchem.ncbi.nlm.nih.gov/compound/42626441
/Record/Section/6/Section/0/Information/0/Value/StringWithMarkup/10/String,string,44148211
/Record/Section/6/Section/0/Information/0/Value/StringWithMarkup/10/Markup/0/Start,number,0
/Record/Section/6/Section/0/Information/0/Value/StringWithMarkup/10/Markup/0/Length,number,8
/Record/Section/6/Section/0/Information/0/Value/StringWithMarkup/10/Markup/0/URL,string,https://pubchem.ncbi.nlm.nih.gov/compound/44148211
/Record/Section/6/Section/0/Information/0/Value/StringWithMarkup/11/String,string,3863468
/Record/Section/6/Section/0/Information/0/Value/StringWithMarkup/11/Markup/0/Start,number,0
/Record/Section/6/Section/0/Information/0/Value/StringWithMarkup/11/Markup/0/Length,number,7
/Record/Section/6/Section/0/Information/0/Value/StringWithMarkup/11/Markup/0/URL,string,https://pubchem.ncbi.nlm.nih.gov/compound/3863468
/Record/Section/6/Section/0/Information/0/Value/StringWithMarkup/12/String,string,10171235
/Record/Section/6/Section/0/Information/0/Value/StringWithMarkup/12/Markup/0/Start,number,0
/Record/Section/6/Section/0/Information/0/Value/StringWithMarkup/12/Markup/0/Length,number,8
/Record/Section/6/Section/0/Information/0/Value/StringWithMarkup/12/Markup/0/URL,string,https://pubchem.ncbi.nlm.nih.gov/compound/10171235
/Record/Section/6/Section/0/Information/0/Value/StringWithMarkup/13/String,string,11366952
/Record/Section/6/Section/0/Information/0/Value/StringWithMarkup/13/Markup/0/Start,number,0
/Record/Section/6/Section/0/Information/0/Value/StringWithMarkup/13/Markup/0/Length,number,8
/Record/Section/6/Section/0/Information/0/Value/StringWithMarkup/13/Markup/0/URL,string,https://pubchem.ncbi.nlm.nih.gov/compound/11366952
/Record/Section/6/Section/0/Information/1/ReferenceNumber,number,8
/Record/Section/6/Section/0/Information/1/Name,string,Name
/Record/Section/6/Section/0/Information/1/Value/StringWithMarkup/0/String,string,niobium
/Record/Section/6/Section/0/Information/1/Value/StringWithMarkup/1/String,string,niobium-95
/Record/Section/6/Section/0/Information/1/Value/StringWithMarkup/2/String,string,niobium-90
/Record/Section/6/Section/0/Information/1/Value/StringWithMarkup/3/String,string,niobium-94
/Record/Section/6/Section/0/Information/1/Value/StringWithMarkup/4/String,string,niobium-97
/Record/Section/6/Section/0/Information/1/Value/StringWithMarkup/5/String,string,niobium-88
/Record/Section/6/Section/0/Information/1/Value/StringWithMarkup/6/String,string,niobium-89
/Record/Section/6/Section/0/Information/1/Value/StringWithMarkup/7/String,string,niobium-98
/Record/Section/6/Section/0/Information/1/Value/StringWithMarkup/8/String,string,niobium-96
/Record/Section/6/Section/0/Information/1/Value/StringWithMarkup/9/String,string,niobium-93
/Record/Section/6/Section/0/Information/1/Value/StringWithMarkup/10/String,string,niobium-92
/Record/Section/6/Section/0/Information/1/Value/StringWithMarkup/11/String,string,niobium(5+)
/Record/Section/6/Section/0/Information/1/Value/StringWithMarkup/12/String,string,niobium(3+)
/Record/Section/6/Section/0/Information/1/Value/StringWithMarkup/13/String,string,niobium(2+)
/Record/Section/6/Section/0/Information/2/ReferenceNumber,number,8
/Record/Section/6/Section/0/Information/2/Name,string,Formula
/Record/Section/6/Section/0/Information/2/Value/StringWithMarkup/0/String,string,Nb
/Record/Section/6/Section/0/Information/2/Value/StringWithMarkup/1/String,string,Nb
/Record/Section/6/Section/0/Information/2/Value/StringWithMarkup/2/String,string,Nb
/Record/Section/6/Section/0/Information/2/Value/StringWithMarkup/3/String,string,Nb
/Record/Section/6/Section/0/Information/2/Value/StringWithMarkup/4/String,string,Nb
/Record/Section/6/Section/0/Information/2/Value/StringWithMarkup/5/String,string,Nb
/Record/Section/6/Section/0/Information/2/Value/StringWithMarkup/6/String,string,Nb
/Record/Section/6/Section/0/Information/2/Value/StringWithMarkup/7/String,string,Nb
/Record/Section/6/Section/0/Information/2/Value/StringWithMarkup/8/String,string,Nb
/Record/Section/6/Section/0/Information/2/Value/StringWithMarkup/9/String,string,Nb
/Record/Section/6/Section/0/Information/2/Value/StringWithMarkup/10/String,string,Nb
/Record/Section/6/Section/0/Information/2/Value/StringWithMarkup/11/String,string,Nb+5
/Record/Section/6/Section/0/Information/2/Value/StringWithMarkup/12/String,string,Nb+3
/Record/Section/6/Section/0/Information/2/Value/StringWithMarkup/13/String,string,Nb+2
/Record/Section/6/Section/0/Information/3/ReferenceNumber,number,8
/Record/Section/6/Section/0/Information/3/Name,string,SMILES
/Record/Section/6/Section/0/Information/3/Value/StringWithMarkup/0/String,string,[Nb]
/Record/Section/6/Section/0/Information/3/Value/StringWithMarkup/1/String,string,[95Nb]
/Record/Section/6/Section/0/Information/3/Value/StringWithMarkup/2/String,string,[90Nb]
/Record/Section/6/Section/0/Information/3/Value/StringWithMarkup/3/String,string,[94Nb]
/Record/Section/6/Section/0/Information/3/Value/StringWithMarkup/4/String,string,[97Nb]
/Record/Section/6/Section/0/Information/3/Value/StringWithMarkup/5/String,string,[88Nb]
/Record/Section/6/Section/0/Information/3/Value/StringWithMarkup/6/String,string,[89Nb]
/Record/Section/6/Section/0/Information/3/Value/StringWithMarkup/7/String,string,[98Nb]
/Record/Section/6/Section/0/Information/3/Value/StringWithMarkup/8/String,string,[96Nb]
/Record/Section/6/Section/0/Information/3/Value/StringWithMarkup/9/String,string,[93Nb]
/Record/Section/6/Section/0/Information/3/Value/StringWithMarkup/10/String,string,[92Nb]
/Record/Section/6/Section/0/Information/3/Value/StringWithMarkup/11/String,string,[Nb+5]
/Record/Section/6/Section/0/Information/3/Value/StringWithMarkup/12/String,string,[Nb+3]
/Record/Section/6/Section/0/Information/3/Value/StringWithMarkup/13/String,string,[Nb+2]
/Record/Section/6/Section/0/Information/4/ReferenceNumber,number,8
/Record/Section/6/Section/0/Information/4/Name,string,Molecular Weight
/Record/Section/6/Section/0/Information/4/Value/StringWithMarkup/0/String,string,92.90637
/Record/Section/6/Section/0/Information/4/Value/StringWithMarkup/1/String,string,94.906831
/Record/Section/6/Section/0/Information/4/Value/StringWithMarkup/2/String,string,89.91126
/Record/Section/6/Section/0/Information/4/Value/StringWithMarkup/3/String,string,93.90728
/Record/Section/6/Section/0/Information/4/Value/StringWithMarkup/4/String,string,96.90810
/Record/Section/6/Section/0/Information/4/Value/StringWithMarkup/5/String,string,87.9182
/Record/Section/6/Section/0/Information/4/Value/StringWithMarkup/6/String,string,88.9134
/Record/Section/6/Section/0/Information/4/Value/StringWithMarkup/7/String,string,97.91033
/Record/Section/6/Section/0/Information/4/Value/StringWithMarkup/8/String,string,95.908102
/Record/Section/6/Section/0/Information/4/Value/StringWithMarkup/9/String,string,92.90637
/Record/Section/6/Section/0/Information/4/Value/StringWithMarkup/10/String,string,91.90719
/Record/Section/6/Section/0/Information/4/Value/StringWithMarkup/11/String,string,92.90637
/Record/Section/6/Section/0/Information/4/Value/StringWithMarkup/12/String,string,92.90637
/Record/Section/6/Section/0/Information/4/Value/StringWithMarkup/13/String,string,92.90637
/Record/Section/7/TOCHeading,string,Isotopes
/Record/Section/7/Description,string,Isotopes are nuclides having the same atomic number but different mass numbers.  This section provides information on the isotopes of this element and their uses in various fields.
/Record/Section/7/URL,string,https://chem.libretexts.org/Courses/Furman_University/CHM101%3A_Chemistry_and_Global_Awareness_(Gordon)/03%3A_Atoms_and_the_Periodic_Table/3.05%3A_Isotopes
/Record/Section/7/Information/0/ReferenceNumber,number,5
/Record/Section/7/Information/0/Name,string,Stable Isotope Count
/Record/Section/7/Information/0/Value/StringWithMarkup/0/String,string,1
/Record/Section/7/Information/1/ReferenceNumber,number,6
/Record/Section/7/Information/1/Name,string,Summary
/Record/Section/7/Information/1/Value/StringWithMarkup/0/String,string,"Eighteen isotopes of niobium are known. The metal can be isolated from tantalum, and prepared in several ways."
/Record/Section/7/Section/0/TOCHeading,string,Isotopes in Biology
/Record/Section/7/Section/0/Description,string,Information on the use of this element's isotopes in biology.
/Record/Section/7/Section/0/Information/0/ReferenceNumber,number,4
/Record/Section/7/Section/0/Information/0/Reference/0,string,"[309]  F. R. Mraz, G. R. Eisele. Radiat. Res.72, 533 (1977)."
/Record/Section/7/Section/0/Information/0/Reference/1,string,"[310]  F. Paquet, P. Houpert, M. Verry, G. Grillon, J. D. Harrison, H. Métivier. Radiat. Prot. Dosim.79, 191 (1998)."
/Record/Section/7/Section/0/Information/0/ExtendedReference/0/Citation,string,"[309]  F. R. Mraz, G. R. Eisele. Radiat. Res.72, 533 (1977)."
/Record/Section/7/Section/0/Information/0/ExtendedReference/1/Citation,string,"[310]  F. Paquet, P. Houpert, M. Verry, G. Grillon, J. D. Harrison, H. Métivier. Radiat. Prot. Dosim.79, 191 (1998)."
/Record/Section/7/Section/0/Information/0/Value/StringWithMarkup/0/String,string,"95Nb (with a half-life of 35 days) and 95Nb-oxalates have been used to study the absorption, retention and distribution of niobium in the body [309], [310]."
/Record/Section/7/Section/0/Information/0/Value/StringWithMarkup/0/Markup/0/Start,number,0
/Record/Section/7/Section/0/Information/0/Value/StringWithMarkup/0/Markup/0/Length,number,2
/Record/Section/7/Section/0/Information/0/Value/StringWithMarkup/0/Markup/0/Type,string,Superscript
/Record/Section/7/Section/0/Information/0/Value/StringWithMarkup/0/Markup/1/Start,number,39
/Record/Section/7/Section/0/Information/0/Value/StringWithMarkup/0/Markup/1/Length,number,2
/Record/Section/7/Section/0/Information/0/Value/StringWithMarkup/0/Markup/1/Type,string,Superscript
/Record/Section/7/Section/1/TOCHeading,string,Isotopes in Earth/Planetary Science
/Record/Section/7/Section/1/Description,string,Information on the use of this element's isotopes in earth/planetary science.
/Record/Section/7/Section/1/Information/0/ReferenceNumber,number,4
/Record/Section/7/Section/1/Information/0/Reference/0,string,"[311]  RIKEN Research. The Importance of Fundamental Measurements, RIKEN Research (2017), Feb. 26; http://www.riken.jp/en/research/rikenresearch/highlights/6600/."
/Record/Section/7/Section/1/Information/0/Reference/1,string,"[312]  S. Nishimura, Z. Li, H. Watanabe, K. Yoshinaga, T. Sumikama, T. Tachibana, K. Yamaguchi, M. Kurata-Nishimura, G. Lorusso, Y. Miyashita, A. Odahara, H. Baba, J. S. Berryman, N. Blasi, A. Bracco, F. Camera, J. Chiba, P. Doornenbal, S. Go, T. Hashimoto, S. Hayakawa, C. Hinke, E. Ideguchi, T. Isobe, Y. Ito, D. G. Jenkins, Y. Kawada, N. Kobayashi, Y. Kondo, R. Krücken, S. Kubono, T. Nakano, H. J. Ong, S. Ota, Z. Podolyák, H. Sakurai, H. Scheit, K. Steiger, D. Steppenbeck, K. Sugimoto, S. Takano, A. Takashima, K. Tajiri, T. Teranishi, Y. Wakabayashi, P. M. Walker, O. Wieland, H. Yamaguchi. Phys. Rev. Lett.106, 052502 (2011)."
/Record/Section/7/Section/1/Information/0/ExtendedReference/0/Citation,string,"[311]  RIKEN Research. The Importance of Fundamental Measurements, RIKEN Research (2017), Feb. 26; http://www.riken.jp/en/research/rikenresearch/highlights/6600/."
/Record/Section/7/Section/1/Information/0/ExtendedReference/1/Citation,string,"[312]  S. Nishimura, Z. Li, H. Watanabe, K. Yoshinaga, T. Sumikama, T. Tachibana, K. Yamaguchi, M. Kurata-Nishimura, G. Lorusso, Y. Miyashita, A. Odahara, H. Baba, J. S. Berryman, N. Blasi, A. Bracco, F. Camera, J. Chiba, P. Doornenbal, S. Go, T. Hashimoto, S. Hayakawa, C. Hinke, E. Ideguchi, T. Isobe, Y. Ito, D. G. Jenkins, Y. Kawada, N. Kobayashi, Y. Kondo, R. Krücken, S. Kubono, T. Nakano, H. J. Ong, S. Ota, Z. Podolyák, H. Sakurai, H. Scheit, K. Steiger, D. Steppenbeck, K. Sugimoto, S. Takano, A. Takashima, K. Tajiri, T. Teranishi, Y. Wakabayashi, P. M. Walker, O. Wieland, H. Yamaguchi. Phys. Rev. Lett.106, 052502 (2011)."
/Record/Section/7/Section/1/Information/0/Value/StringWithMarkup/0/String,string,"Nuclear physicists are trying to study the generation of new isotopes and their elements in stars (astrophysical nucleosynthesis) via the rapid neutron capture process (r-process). Physicists at the Radioactive Isotope Beam Facility (RIBF) of the RIKEN Nishina Center for Accelerator-Based Science in Wako, Japan, have begun creating and studying highly neutron-rich isotopes that are thought to only be produced by the r-process. The data for many neutron-rich isotopes is incomplete, and the RIKEN team is filling in key missing information that is needed to simulate the r-process (including information on the half-lives of the neutron-rich isotopes). So far, the half-lives of 38 neutron-rich isotopes have been measured from krypton to technetium, including 111Nb and 112Nb. When the missing information has been obtained, physicists will have a better understanding of the r-process and how elements are created [311], [312]."
/Record/Section/7/Section/1/Information/0/Value/StringWithMarkup/0/Markup/0/Start,number,764
/Record/Section/7/Section/1/Information/0/Value/StringWithMarkup/0/Markup/0/Length,number,3
/Record/Section/7/Section/1/Information/0/Value/StringWithMarkup/0/Markup/0/Type,string,Superscript
/Record/Section/7/Section/1/Information/0/Value/StringWithMarkup/0/Markup/1/Start,number,774
/Record/Section/7/Section/1/Information/0/Value/StringWithMarkup/0/Markup/1/Length,number,3
/Record/Section/7/Section/1/Information/0/Value/StringWithMarkup/0/Markup/1/Type,string,Superscript
/Record/Section/7/Section/2/TOCHeading,string,Isotopes in Medicine
/Record/Section/7/Section/2/Description,string,Information on the use of this element's isotopes in medicine.
/Record/Section/7/Section/2/Information/0/ReferenceNumber,number,4
/Record/Section/7/Section/2/Information/0/Reference/0,string,"[313]  A. Ando, I. Ando. J. Radiat. Res.31, 97 (1990)."
/Record/Section/7/Section/2/Information/0/Reference/1,string,"[314]  A. Ando, I. Ando. Acta Radiol. Suppl.374, 65 (1990)."
/Record/Section/7/Section/2/Information/0/Reference/2,string,"[315]  V. Radchenko, P. Bouziotis, G. Loudos, S. Xanthopoulos, H. Hauser, M. Esienhut, B. Ponsard, F. Roesch. J. Labelled Comp. Radiopharm.56, S69 (2013)."
/Record/Section/7/Section/2/Information/0/ExtendedReference/0/Citation,string,"[313]  A. Ando, I. Ando. J. Radiat. Res.31, 97 (1990)."
/Record/Section/7/Section/2/Information/0/ExtendedReference/1/Citation,string,"[314]  A. Ando, I. Ando. Acta Radiol. Suppl.374, 65 (1990)."
/Record/Section/7/Section/2/Information/0/ExtendedReference/2/Citation,string,"[315]  V. Radchenko, P. Bouziotis, G. Loudos, S. Xanthopoulos, H. Hauser, M. Esienhut, B. Ponsard, F. Roesch. J. Labelled Comp. Radiopharm.56, S69 (2013)."
/Record/Section/7/Section/2/Information/0/Value/StringWithMarkup/0/String,string,"95Nb and 95mNb (with a half-life of 3.6 days) have been used in tumor research and tumor imaging studies (Fig. IUPAC.41.1) [313], [314], [315]. The m in the superscript of 95mNb indicates a metastable state of the isotope."
/Record/Section/7/Section/2/Information/0/Value/StringWithMarkup/0/Markup/0/Start,number,0
/Record/Section/7/Section/2/Information/0/Value/StringWithMarkup/0/Markup/0/Length,number,2
/Record/Section/7/Section/2/Information/0/Value/StringWithMarkup/0/Markup/0/Type,string,Superscript
/Record/Section/7/Section/2/Information/0/Value/StringWithMarkup/0/Markup/1/Start,number,9
/Record/Section/7/Section/2/Information/0/Value/StringWithMarkup/0/Markup/1/Length,number,3
/Record/Section/7/Section/2/Information/0/Value/StringWithMarkup/0/Markup/1/Type,string,Superscript
/Record/Section/7/Section/2/Information/0/Value/StringWithMarkup/0/Markup/2/Start,number,172
/Record/Section/7/Section/2/Information/0/Value/StringWithMarkup/0/Markup/2/Length,number,3
/Record/Section/7/Section/2/Information/0/Value/StringWithMarkup/0/Markup/2/Type,string,Superscript
/Record/Section/7/Section/2/Information/0/Value/StringWithMarkup/1/String,string,          
/Record/Section/7/Section/2/Information/0/Value/StringWithMarkup/1/Markup/0/Start,number,0
/Record/Section/7/Section/2/Information/0/Value/StringWithMarkup/1/Markup/0/Length,number,1
/Record/Section/7/Section/2/Information/0/Value/StringWithMarkup/1/Markup/0/URL,string,https://pubchem.ncbi.nlm.nih.gov/images/iupac/j_pac-2015-0703_fig_061.jpg
/Record/Section/7/Section/2/Information/0/Value/StringWithMarkup/1/Markup/0/Type,string,Image
/Record/Section/7/Section/2/Information/0/Value/StringWithMarkup/1/Markup/0/Size,string,748x717
/Record/Section/7/Section/2/Information/0/Value/StringWithMarkup/1/Markup/0/Caption,string,"Fig. IUPAC.41.1: Tumor/Non-tumor ratios of ⁹⁵Nb-bevacizumab at 4, 24, 48 and 168 h post injection (modified from [315]). Bevacizumab, sold under the trade name Avastin, is a drug that slows the growth of new blood vessels and was approved by the U.S. Food and Drug Administration for selected metastatic cancers, including colon cancer. This in vivo biodistribution study (a distribution of compounds within a biological system or organism) shows increased tumor uptake of ⁹⁵Nb-bevacizumab and a satisfactory tumor/blood ratio. "
/Record/Section/7/Section/3/TOCHeading,string,Isotope Mass and Abundance
/Record/Section/7/Section/3/Description,string,Atomic mass and abundance (composition) information for a given isotope/nuclide. The number in the parenthesis refers to an uncertainty when exist. The unit of atomic weight is the unified atomic mass unit (u) or dalton (Da). 
/Record/Section/7/Section/3/DisplayControls/CreateTable/FromInformationIn,string,ThisSection
/Record/Section/7/Section/3/DisplayControls/CreateTable/NumberOfColumns,number,3
/Record/Section/7/Section/3/DisplayControls/CreateTable/ColumnsFromNamedLists/Name/0,string,Isotope
/Record/Section/7/Section/3/DisplayControls/CreateTable/ColumnsFromNamedLists/Name/1,string,Atomic Mass (uncertainty) [u]
/Record/Section/7/Section/3/DisplayControls/CreateTable/ColumnsFromNamedLists/Name/2,string,Abundance (uncertainty)
/Record/Section/7/Section/3/DisplayControls/CreateTable/ColumnsFromNamedLists/UseNamesAsColumnHeadings,boolean,true
/Record/Section/7/Section/3/Information/0/ReferenceNumber,number,3
/Record/Section/7/Section/3/Information/0/Name,string,Isotope
/Record/Section/7/Section/3/Information/0/Value/StringWithMarkup/0/String,string, 93Nb
/Record/Section/7/Section/3/Information/0/Value/StringWithMarkup/0/Markup/0/Start,number,0
/Record/Section/7/Section/3/Information/0/Value/StringWithMarkup/0/Markup/0/Length,number,3
/Record/Section/7/Section/3/Information/0/Value/StringWithMarkup/0/Markup/0/Type,string,Superscript
/Record/Section/7/Section/3/Information/1/ReferenceNumber,number,3
/Record/Section/7/Section/3/Information/1/Name,string,Atomic Mass (uncertainty)
/Record/Section/7/Section/3/Information/1/Value/StringWithMarkup/0/String,string,92.906 37(1)
/Record/Section/7/Section/3/Information/2/ReferenceNumber,number,3
/Record/Section/7/Section/3/Information/2/Name,string,Abundance (uncertainty)
/Record/Section/7/Section/3/Information/2/Value/StringWithMarkup/0/String,string,1
/Record/Section/7/Section/3/Information/3/ReferenceNumber,number,7
/Record/Section/7/Section/3/Information/3/Name,string,Isotope
/Record/Section/7/Section/3/Information/3/Value/StringWithMarkup/0/String,string,93Nb
/Record/Section/7/Section/3/Information/3/Value/StringWithMarkup/0/Markup/0/Start,number,0
/Record/Section/7/Section/3/Information/3/Value/StringWithMarkup/0/Markup/0/Length,number,2
/Record/Section/7/Section/3/Information/3/Value/StringWithMarkup/0/Markup/0/Type,string,Superscript
/Record/Section/7/Section/3/Information/4/ReferenceNumber,number,7
/Record/Section/7/Section/3/Information/4/Name,string,Atomic Mass (uncertainty) [u]
/Record/Section/7/Section/3/Information/4/Value/StringWithMarkup/0/String,string,92.9063730(20)
/Record/Section/7/Section/3/Information/5/ReferenceNumber,number,7
/Record/Section/7/Section/3/Information/5/Name,string,Abundance (uncertainty)
/Record/Section/7/Section/3/Information/5/Value/StringWithMarkup/0/String,string,1
/Record/Section/7/Section/4/TOCHeading,string,"Atomic Mass, Half Life, and Decay"
/Record/Section/7/Section/4/Description,string,"Information on the atomic mass, half life, and decay for this element, from the the Atomic Mass Data Center. The number after the ± refers to an uncertainty when exists."
/Record/Section/7/Section/4/URL,string,https://pubchem.ncbi.nlm.nih.gov/docs/atomic-mass/
/Record/Section/7/Section/4/DisplayControls/CreateTable/FromInformationIn,string,ThisSection
/Record/Section/7/Section/4/DisplayControls/CreateTable/NumberOfColumns,number,5
/Record/Section/7/Section/4/DisplayControls/CreateTable/ColumnsFromNamedLists/Name/0,string,Nuclide
/Record/Section/7/Section/4/DisplayControls/CreateTable/ColumnsFromNamedLists/Name/1,string,Atomic Mass and Uncertainty [u]
/Record/Section/7/Section/4/DisplayControls/CreateTable/ColumnsFromNamedLists/Name/2,string,Half Life and Uncertainty
/Record/Section/7/Section/4/DisplayControls/CreateTable/ColumnsFromNamedLists/Name/3,string,Discovery Year
/Record/Section/7/Section/4/DisplayControls/CreateTable/ColumnsFromNamedLists/Name/4,string,"Decay Modes, Intensities and Uncertainties [%]"
/Record/Section/7/Section/4/DisplayControls/CreateTable/ColumnsFromNamedLists/UseNamesAsColumnHeadings,boolean,true
/Record/Section/7/Section/4/Information/0/ReferenceNumber,number,2
/Record/Section/7/Section/4/Information/0/Name,string,Nuclide
/Record/Section/7/Section/4/Information/0/Value/StringWithMarkup/0/String,string,79Nb
/Record/Section/7/Section/4/Information/0/Value/StringWithMarkup/0/Markup/0/Start,number,0
/Record/Section/7/Section/4/Information/0/Value/StringWithMarkup/0/Markup/0/Length,number,2
/Record/Section/7/Section/4/Information/0/Value/StringWithMarkup/0/Markup/0/Type,string,Superscript
/Record/Section/7/Section/4/Information/0/Value/StringWithMarkup/1/String,string,80Nb
/Record/Section/7/Section/4/Information/0/Value/StringWithMarkup/1/Markup/0/Start,number,0
/Record/Section/7/Section/4/Information/0/Value/StringWithMarkup/1/Markup/0/Length,number,2
/Record/Section/7/Section/4/Information/0/Value/StringWithMarkup/1/Markup/0/Type,string,Superscript
/Record/Section/7/Section/4/Information/0/Value/StringWithMarkup/2/String,string,81Nb
/Record/Section/7/Section/4/Information/0/Value/StringWithMarkup/2/Markup/0/Start,number,0
/Record/Section/7/Section/4/Information/0/Value/StringWithMarkup/2/Markup/0/Length,number,2
/Record/Section/7/Section/4/Information/0/Value/StringWithMarkup/2/Markup/0/Type,string,Superscript
/Record/Section/7/Section/4/Information/0/Value/StringWithMarkup/3/String,string,82Nb
/Record/Section/7/Section/4/Information/0/Value/StringWithMarkup/3/Markup/0/Start,number,0
/Record/Section/7/Section/4/Information/0/Value/StringWithMarkup/3/Markup/0/Length,number,2
/Record/Section/7/Section/4/Information/0/Value/StringWithMarkup/3/Markup/0/Type,string,Superscript
/Record/Section/7/Section/4/Information/0/Value/StringWithMarkup/4/String,string,82Nbm
/Record/Section/7/Section/4/Information/0/Value/StringWithMarkup/4/Markup/0/Start,number,0
/Record/Section/7/Section/4/Information/0/Value/StringWithMarkup/4/Markup/0/Length,number,2
/Record/Section/7/Section/4/Information/0/Value/StringWithMarkup/4/Markup/0/Type,string,Superscript
/Record/Section/7/Section/4/Information/0/Value/StringWithMarkup/4/Markup/1/Start,number,4
/Record/Section/7/Section/4/Information/0/Value/StringWithMarkup/4/Markup/1/Length,number,1
/Record/Section/7/Section/4/Information/0/Value/StringWithMarkup/4/Markup/1/Type,string,Superscript
/Record/Section/7/Section/4/Information/0/Value/StringWithMarkup/5/String,string,83Nb
/Record/Section/7/Section/4/Information/0/Value/StringWithMarkup/5/Markup/0/Start,number,0
/Record/Section/7/Section/4/Information/0/Value/StringWithMarkup/5/Markup/0/Length,number,2
/Record/Section/7/Section/4/Information/0/Value/StringWithMarkup/5/Markup/0/Type,string,Superscript
/Record/Section/7/Section/4/Information/0/Value/StringWithMarkup/6/String,string,84Nb
/Record/Section/7/Section/4/Information/0/Value/StringWithMarkup/6/Markup/0/Start,number,0
/Record/Section/7/Section/4/Information/0/Value/StringWithMarkup/6/Markup/0/Length,number,2
/Record/Section/7/Section/4/Information/0/Value/StringWithMarkup/6/Markup/0/Type,string,Superscript
/Record/Section/7/Section/4/Information/0/Value/StringWithMarkup/7/String,string,84Nbm
/Record/Section/7/Section/4/Information/0/Value/StringWithMarkup/7/Markup/0/Start,number,0
/Record/Section/7/Section/4/Information/0/Value/StringWithMarkup/7/Markup/0/Length,number,2
/Record/Section/7/Section/4/Information/0/Value/StringWithMarkup/7/Markup/0/Type,string,Superscript
/Record/Section/7/Section/4/Information/0/Value/StringWithMarkup/7/Markup/1/Start,number,4
/Record/Section/7/Section/4/Information/0/Value/StringWithMarkup/7/Markup/1/Length,number,1
/Record/Section/7/Section/4/Information/0/Value/StringWithMarkup/7/Markup/1/Type,string,Superscript
/Record/Section/7/Section/4/Information/0/Value/StringWithMarkup/8/String,string,84Nbn
/Record/Section/7/Section/4/Information/0/Value/StringWithMarkup/8/Markup/0/Start,number,0
/Record/Section/7/Section/4/Information/0/Value/StringWithMarkup/8/Markup/0/Length,number,2
/Record/Section/7/Section/4/Information/0/Value/StringWithMarkup/8/Markup/0/Type,string,Superscript
/Record/Section/7/Section/4/Information/0/Value/StringWithMarkup/8/Markup/1/Start,number,4
/Record/Section/7/Section/4/Information/0/Value/StringWithMarkup/8/Markup/1/Length,number,1
/Record/Section/7/Section/4/Information/0/Value/StringWithMarkup/8/Markup/1/Type,string,Superscript
/Record/Section/7/Section/4/Information/0/Value/StringWithMarkup/9/String,string,85Nb
/Record/Section/7/Section/4/Information/0/Value/StringWithMarkup/9/Markup/0/Start,number,0
/Record/Section/7/Section/4/Information/0/Value/StringWithMarkup/9/Markup/0/Length,number,2
/Record/Section/7/Section/4/Information/0/Value/StringWithMarkup/9/Markup/0/Type,string,Superscript
/Record/Section/7/Section/4/Information/0/Value/StringWithMarkup/10/String,string,85Nbm
/Record/Section/7/Section/4/Information/0/Value/StringWithMarkup/10/Markup/0/Start,number,0
/Record/Section/7/Section/4/Information/0/Value/StringWithMarkup/10/Markup/0/Length,number,2
/Record/Section/7/Section/4/Information/0/Value/StringWithMarkup/10/Markup/0/Type,string,Superscript
/Record/Section/7/Section/4/Information/0/Value/StringWithMarkup/10/Markup/1/Start,number,4
/Record/Section/7/Section/4/Information/0/Value/StringWithMarkup/10/Markup/1/Length,number,1
/Record/Section/7/Section/4/Information/0/Value/StringWithMarkup/10/Markup/1/Type,string,Superscript
/Record/Section/7/Section/4/Information/0/Value/StringWithMarkup/11/String,string,85Nbn
/Record/Section/7/Section/4/Information/0/Value/StringWithMarkup/11/Markup/0/Start,number,0
/Record/Section/7/Section/4/Information/0/Value/StringWithMarkup/11/Markup/0/Length,number,2
/Record/Section/7/Section/4/Information/0/Value/StringWithMarkup/11/Markup/0/Type,string,Superscript
/Record/Section/7/Section/4/Information/0/Value/StringWithMarkup/11/Markup/1/Start,number,4
/Record/Section/7/Section/4/Information/0/Value/StringWithMarkup/11/Markup/1/Length,number,1
/Record/Section/7/Section/4/Information/0/Value/StringWithMarkup/11/Markup/1/Type,string,Superscript
/Record/Section/7/Section/4/Information/0/Value/StringWithMarkup/12/String,string,86Nb
/Record/Section/7/Section/4/Information/0/Value/StringWithMarkup/12/Markup/0/Start,number,0
/Record/Section/7/Section/4/Information/0/Value/StringWithMarkup/12/Markup/0/Length,number,2
/Record/Section/7/Section/4/Information/0/Value/StringWithMarkup/12/Markup/0/Type,string,Superscript
/Record/Section/7/Section/4/Information/0/Value/StringWithMarkup/13/String,string,86Nbm
/Record/Section/7/Section/4/Information/0/Value/StringWithMarkup/13/Markup/0/Start,number,0
/Record/Section/7/Section/4/Information/0/Value/StringWithMarkup/13/Markup/0/Length,number,2
/Record/Section/7/Section/4/Information/0/Value/StringWithMarkup/13/Markup/0/Type,string,Superscript
/Record/Section/7/Section/4/Information/0/Value/StringWithMarkup/13/Markup/1/Start,number,4
/Record/Section/7/Section/4/Information/0/Value/StringWithMarkup/13/Markup/1/Length,number,1
/Record/Section/7/Section/4/Information/0/Value/StringWithMarkup/13/Markup/1/Type,string,Superscript
/Record/Section/7/Section/4/Information/0/Value/StringWithMarkup/14/String,string,86Nbn
/Record/Section/7/Section/4/Information/0/Value/StringWithMarkup/14/Markup/0/Start,number,0
/Record/Section/7/Section/4/Information/0/Value/StringWithMarkup/14/Markup/0/Length,number,2
/Record/Section/7/Section/4/Information/0/Value/StringWithMarkup/14/Markup/0/Type,string,Superscript
/Record/Section/7/Section/4/Information/0/Value/StringWithMarkup/14/Markup/1/Start,number,4
/Record/Section/7/Section/4/Information/0/Value/StringWithMarkup/14/Markup/1/Length,number,1
/Record/Section/7/Section/4/Information/0/Value/StringWithMarkup/14/Markup/1/Type,string,Superscript
/Record/Section/7/Section/4/Information/0/Value/StringWithMarkup/15/String,string,87Nb
/Record/Section/7/Section/4/Information/0/Value/StringWithMarkup/15/Markup/0/Start,number,0
/Record/Section/7/Section/4/Information/0/Value/StringWithMarkup/15/Markup/0/Length,number,2
/Record/Section/7/Section/4/Information/0/Value/StringWithMarkup/15/Markup/0/Type,string,Superscript
/Record/Section/7/Section/4/Information/0/Value/StringWithMarkup/16/String,string,87Nbm
/Record/Section/7/Section/4/Information/0/Value/StringWithMarkup/16/Markup/0/Start,number,0
/Record/Section/7/Section/4/Information/0/Value/StringWithMarkup/16/Markup/0/Length,number,2
/Record/Section/7/Section/4/Information/0/Value/StringWithMarkup/16/Markup/0/Type,string,Superscript
/Record/Section/7/Section/4/Information/0/Value/StringWithMarkup/16/Markup/1/Start,number,4
/Record/Section/7/Section/4/Information/0/Value/StringWithMarkup/16/Markup/1/Length,number,1
/Record/Section/7/Section/4/Information/0/Value/StringWithMarkup/16/Markup/1/Type,string,Superscript
/Record/Section/7/Section/4/Information/0/Value/StringWithMarkup/17/String,string,88Nb
/Record/Section/7/Section/4/Information/0/Value/StringWithMarkup/17/Markup/0/Start,number,0
/Record/Section/7/Section/4/Information/0/Value/StringWithMarkup/17/Markup/0/Length,number,2
/Record/Section/7/Section/4/Information/0/Value/StringWithMarkup/17/Markup/0/Type,string,Superscript
/Record/Section/7/Section/4/Information/0/Value/StringWithMarkup/18/String,string,88Nbm
/Record/Section/7/Section/4/Information/0/Value/StringWithMarkup/18/Markup/0/Start,number,0
/Record/Section/7/Section/4/Information/0/Value/StringWithMarkup/18/Markup/0/Length,number,2
/Record/Section/7/Section/4/Information/0/Value/StringWithMarkup/18/Markup/0/Type,string,Superscript
/Record/Section/7/Section/4/Information/0/Value/StringWithMarkup/18/Markup/1/Start,number,4
/Record/Section/7/Section/4/Information/0/Value/StringWithMarkup/18/Markup/1/Length,number,1
/Record/Section/7/Section/4/Information/0/Value/StringWithMarkup/18/Markup/1/Type,string,Superscript
/Record/Section/7/Section/4/Information/0/Value/StringWithMarkup/19/String,string,89Nb
/Record/Section/7/Section/4/Information/0/Value/StringWithMarkup/19/Markup/0/Start,number,0
/Record/Section/7/Section/4/Information/0/Value/StringWithMarkup/19/Markup/0/Length,number,2
/Record/Section/7/Section/4/Information/0/Value/StringWithMarkup/19/Markup/0/Type,string,Superscript
/Record/Section/7/Section/4/Information/0/Value/StringWithMarkup/20/String,string,89Nbm
/Record/Section/7/Section/4/Information/0/Value/StringWithMarkup/20/Markup/0/Start,number,0
/Record/Section/7/Section/4/Information/0/Value/StringWithMarkup/20/Markup/0/Length,number,2
/Record/Section/7/Section/4/Information/0/Value/StringWithMarkup/20/Markup/0/Type,string,Superscript
/Record/Section/7/Section/4/Information/0/Value/StringWithMarkup/20/Markup/1/Start,number,4
/Record/Section/7/Section/4/Information/0/Value/StringWithMarkup/20/Markup/1/Length,number,1
/Record/Section/7/Section/4/Information/0/Value/StringWithMarkup/20/Markup/1/Type,string,Superscript
/Record/Section/7/Section/4/Information/0/Value/StringWithMarkup/21/String,string,90Nb
/Record/Section/7/Section/4/Information/0/Value/StringWithMarkup/21/Markup/0/Start,number,0
/Record/Section/7/Section/4/Information/0/Value/StringWithMarkup/21/Markup/0/Length,number,2
/Record/Section/7/Section/4/Information/0/Value/StringWithMarkup/21/Markup/0/Type,string,Superscript
/Record/Section/7/Section/4/Information/0/Value/StringWithMarkup/22/String,string,90Nbm
/Record/Section/7/Section/4/Information/0/Value/StringWithMarkup/22/Markup/0/Start,number,0
/Record/Section/7/Section/4/Information/0/Value/StringWithMarkup/22/Markup/0/Length,number,2
/Record/Section/7/Section/4/Information/0/Value/StringWithMarkup/22/Markup/0/Type,string,Superscript
/Record/Section/7/Section/4/Information/0/Value/StringWithMarkup/22/Markup/1/Start,number,4
/Record/Section/7/Section/4/Information/0/Value/StringWithMarkup/22/Markup/1/Length,number,1
/Record/Section/7/Section/4/Information/0/Value/StringWithMarkup/22/Markup/1/Type,string,Superscript
/Record/Section/7/Section/4/Information/0/Value/StringWithMarkup/23/String,string,90Nbn
/Record/Section/7/Section/4/Information/0/Value/StringWithMarkup/23/Markup/0/Start,number,0
/Record/Section/7/Section/4/Information/0/Value/StringWithMarkup/23/Markup/0/Length,number,2
/Record/Section/7/Section/4/Information/0/Value/StringWithMarkup/23/Markup/0/Type,string,Superscript
/Record/Section/7/Section/4/Information/0/Value/StringWithMarkup/23/Markup/1/Start,number,4
/Record/Section/7/Section/4/Information/0/Value/StringWithMarkup/23/Markup/1/Length,number,1
/Record/Section/7/Section/4/Information/0/Value/StringWithMarkup/23/Markup/1/Type,string,Superscript
/Record/Section/7/Section/4/Information/0/Value/StringWithMarkup/24/String,string,90Nbp
/Record/Section/7/Section/4/Information/0/Value/StringWithMarkup/24/Markup/0/Start,number,0
/Record/Section/7/Section/4/Information/0/Value/StringWithMarkup/24/Markup/0/Length,number,2
/Record/Section/7/Section/4/Information/0/Value/StringWithMarkup/24/Markup/0/Type,string,Superscript
/Record/Section/7/Section/4/Information/0/Value/StringWithMarkup/24/Markup/1/Start,number,4
/Record/Section/7/Section/4/Information/0/Value/StringWithMarkup/24/Markup/1/Length,number,1
/Record/Section/7/Section/4/Information/0/Value/StringWithMarkup/24/Markup/1/Type,string,Superscript
/Record/Section/7/Section/4/Information/0/Value/StringWithMarkup/25/String,string,90Nbq
/Record/Section/7/Section/4/Information/0/Value/StringWithMarkup/25/Markup/0/Start,number,0
/Record/Section/7/Section/4/Information/0/Value/StringWithMarkup/25/Markup/0/Length,number,2
/Record/Section/7/Section/4/Information/0/Value/StringWithMarkup/25/Markup/0/Type,string,Superscript
/Record/Section/7/Section/4/Information/0/Value/StringWithMarkup/25/Markup/1/Start,number,4
/Record/Section/7/Section/4/Information/0/Value/StringWithMarkup/25/Markup/1/Length,number,1
/Record/Section/7/Section/4/Information/0/Value/StringWithMarkup/25/Markup/1/Type,string,Superscript
/Record/Section/7/Section/4/Information/0/Value/StringWithMarkup/26/String,string,90Nbr
/Record/Section/7/Section/4/Information/0/Value/StringWithMarkup/26/Markup/0/Start,number,0
/Record/Section/7/Section/4/Information/0/Value/StringWithMarkup/26/Markup/0/Length,number,2
/Record/Section/7/Section/4/Information/0/Value/StringWithMarkup/26/Markup/0/Type,string,Superscript
/Record/Section/7/Section/4/Information/0/Value/StringWithMarkup/26/Markup/1/Start,number,4
/Record/Section/7/Section/4/Information/0/Value/StringWithMarkup/26/Markup/1/Length,number,1
/Record/Section/7/Section/4/Information/0/Value/StringWithMarkup/26/Markup/1/Type,string,Superscript
/Record/Section/7/Section/4/Information/0/Value/StringWithMarkup/27/String,string,91Nb
/Record/Section/7/Section/4/Information/0/Value/StringWithMarkup/27/Markup/0/Start,number,0
/Record/Section/7/Section/4/Information/0/Value/StringWithMarkup/27/Markup/0/Length,number,2
/Record/Section/7/Section/4/Information/0/Value/StringWithMarkup/27/Markup/0/Type,string,Superscript
/Record/Section/7/Section/4/Information/0/Value/StringWithMarkup/28/String,string,91Nbm
/Record/Section/7/Section/4/Information/0/Value/StringWithMarkup/28/Markup/0/Start,number,0
/Record/Section/7/Section/4/Information/0/Value/StringWithMarkup/28/Markup/0/Length,number,2
/Record/Section/7/Section/4/Information/0/Value/StringWithMarkup/28/Markup/0/Type,string,Superscript
/Record/Section/7/Section/4/Information/0/Value/StringWithMarkup/28/Markup/1/Start,number,4
/Record/Section/7/Section/4/Information/0/Value/StringWithMarkup/28/Markup/1/Length,number,1
/Record/Section/7/Section/4/Information/0/Value/StringWithMarkup/28/Markup/1/Type,string,Superscript
/Record/Section/7/Section/4/Information/0/Value/StringWithMarkup/29/String,string,91Nbn
/Record/Section/7/Section/4/Information/0/Value/StringWithMarkup/29/Markup/0/Start,number,0
/Record/Section/7/Section/4/Information/0/Value/StringWithMarkup/29/Markup/0/Length,number,2
/Record/Section/7/Section/4/Information/0/Value/StringWithMarkup/29/Markup/0/Type,string,Superscript
/Record/Section/7/Section/4/Information/0/Value/StringWithMarkup/29/Markup/1/Start,number,4
/Record/Section/7/Section/4/Information/0/Value/StringWithMarkup/29/Markup/1/Length,number,1
/Record/Section/7/Section/4/Information/0/Value/StringWithMarkup/29/Markup/1/Type,string,Superscript
/Record/Section/7/Section/4/Information/0/Value/StringWithMarkup/30/String,string,92Nb
/Record/Section/7/Section/4/Information/0/Value/StringWithMarkup/30/Markup/0/Start,number,0
/Record/Section/7/Section/4/Information/0/Value/StringWithMarkup/30/Markup/0/Length,number,2
/Record/Section/7/Section/4/Information/0/Value/StringWithMarkup/30/Markup/0/Type,string,Superscript
/Record/Section/7/Section/4/Information/0/Value/StringWithMarkup/31/String,string,92Nbm
/Record/Section/7/Section/4/Information/0/Value/StringWithMarkup/31/Markup/0/Start,number,0
/Record/Section/7/Section/4/Information/0/Value/StringWithMarkup/31/Markup/0/Length,number,2
/Record/Section/7/Section/4/Information/0/Value/StringWithMarkup/31/Markup/0/Type,string,Superscript
/Record/Section/7/Section/4/Information/0/Value/StringWithMarkup/31/Markup/1/Start,number,4
/Record/Section/7/Section/4/Information/0/Value/StringWithMarkup/31/Markup/1/Length,number,1
/Record/Section/7/Section/4/Information/0/Value/StringWithMarkup/31/Markup/1/Type,string,Superscript
/Record/Section/7/Section/4/Information/0/Value/StringWithMarkup/32/String,string,92Nbn
/Record/Section/7/Section/4/Information/0/Value/StringWithMarkup/32/Markup/0/Start,number,0
/Record/Section/7/Section/4/Information/0/Value/StringWithMarkup/32/Markup/0/Length,number,2
/Record/Section/7/Section/4/Information/0/Value/StringWithMarkup/32/Markup/0/Type,string,Superscript
/Record/Section/7/Section/4/Information/0/Value/StringWithMarkup/32/Markup/1/Start,number,4
/Record/Section/7/Section/4/Information/0/Value/StringWithMarkup/32/Markup/1/Length,number,1
/Record/Section/7/Section/4/Information/0/Value/StringWithMarkup/32/Markup/1/Type,string,Superscript
/Record/Section/7/Section/4/Information/0/Value/StringWithMarkup/33/String,string,92Nbp
/Record/Section/7/Section/4/Information/0/Value/StringWithMarkup/33/Markup/0/Start,number,0
/Record/Section/7/Section/4/Information/0/Value/StringWithMarkup/33/Markup/0/Length,number,2
/Record/Section/7/Section/4/Information/0/Value/StringWithMarkup/33/Markup/0/Type,string,Superscript
/Record/Section/7/Section/4/Information/0/Value/StringWithMarkup/33/Markup/1/Start,number,4
/Record/Section/7/Section/4/Information/0/Value/StringWithMarkup/33/Markup/1/Length,number,1
/Record/Section/7/Section/4/Information/0/Value/StringWithMarkup/33/Markup/1/Type,string,Superscript
/Record/Section/7/Section/4/Information/0/Value/StringWithMarkup/34/String,string,93Nb
/Record/Section/7/Section/4/Information/0/Value/StringWithMarkup/34/Markup/0/Start,number,0
/Record/Section/7/Section/4/Information/0/Value/StringWithMarkup/34/Markup/0/Length,number,2
/Record/Section/7/Section/4/Information/0/Value/StringWithMarkup/34/Markup/0/Type,string,Superscript
/Record/Section/7/Section/4/Information/0/Value/StringWithMarkup/35/String,string,93Nbm
/Record/Section/7/Section/4/Information/0/Value/StringWithMarkup/35/Markup/0/Start,number,0
/Record/Section/7/Section/4/Information/0/Value/StringWithMarkup/35/Markup/0/Length,number,2
/Record/Section/7/Section/4/Information/0/Value/StringWithMarkup/35/Markup/0/Type,string,Superscript
/Record/Section/7/Section/4/Information/0/Value/StringWithMarkup/35/Markup/1/Start,number,4
/Record/Section/7/Section/4/Information/0/Value/StringWithMarkup/35/Markup/1/Length,number,1
/Record/Section/7/Section/4/Information/0/Value/StringWithMarkup/35/Markup/1/Type,string,Superscript
/Record/Section/7/Section/4/Information/0/Value/StringWithMarkup/36/String,string,93Nbn
/Record/Section/7/Section/4/Information/0/Value/StringWithMarkup/36/Markup/0/Start,number,0
/Record/Section/7/Section/4/Information/0/Value/StringWithMarkup/36/Markup/0/Length,number,2
/Record/Section/7/Section/4/Information/0/Value/StringWithMarkup/36/Markup/0/Type,string,Superscript
/Record/Section/7/Section/4/Information/0/Value/StringWithMarkup/36/Markup/1/Start,number,4
/Record/Section/7/Section/4/Information/0/Value/StringWithMarkup/36/Markup/1/Length,number,1
/Record/Section/7/Section/4/Information/0/Value/StringWithMarkup/36/Markup/1/Type,string,Superscript
/Record/Section/7/Section/4/Information/0/Value/StringWithMarkup/37/String,string,94Nb
/Record/Section/7/Section/4/Information/0/Value/StringWithMarkup/37/Markup/0/Start,number,0
/Record/Section/7/Section/4/Information/0/Value/StringWithMarkup/37/Markup/0/Length,number,2
/Record/Section/7/Section/4/Information/0/Value/StringWithMarkup/37/Markup/0/Type,string,Superscript
/Record/Section/7/Section/4/Information/0/Value/StringWithMarkup/38/String,string,94Nbm
/Record/Section/7/Section/4/Information/0/Value/StringWithMarkup/38/Markup/0/Start,number,0
/Record/Section/7/Section/4/Information/0/Value/StringWithMarkup/38/Markup/0/Length,number,2
/Record/Section/7/Section/4/Information/0/Value/StringWithMarkup/38/Markup/0/Type,string,Superscript
/Record/Section/7/Section/4/Information/0/Value/StringWithMarkup/38/Markup/1/Start,number,4
/Record/Section/7/Section/4/Information/0/Value/StringWithMarkup/38/Markup/1/Length,number,1
/Record/Section/7/Section/4/Information/0/Value/StringWithMarkup/38/Markup/1/Type,string,Superscript
/Record/Section/7/Section/4/Information/0/Value/StringWithMarkup/39/String,string,95Nb
/Record/Section/7/Section/4/Information/0/Value/StringWithMarkup/39/Markup/0/Start,number,0
/Record/Section/7/Section/4/Information/0/Value/StringWithMarkup/39/Markup/0/Length,number,2
/Record/Section/7/Section/4/Information/0/Value/StringWithMarkup/39/Markup/0/Type,string,Superscript
/Record/Section/7/Section/4/Information/0/Value/StringWithMarkup/40/String,string,95Nbm
/Record/Section/7/Section/4/Information/0/Value/StringWithMarkup/40/Markup/0/Start,number,0
/Record/Section/7/Section/4/Information/0/Value/StringWithMarkup/40/Markup/0/Length,number,2
/Record/Section/7/Section/4/Information/0/Value/StringWithMarkup/40/Markup/0/Type,string,Superscript
/Record/Section/7/Section/4/Information/0/Value/StringWithMarkup/40/Markup/1/Start,number,4
/Record/Section/7/Section/4/Information/0/Value/StringWithMarkup/40/Markup/1/Length,number,1
/Record/Section/7/Section/4/Information/0/Value/StringWithMarkup/40/Markup/1/Type,string,Superscript
/Record/Section/7/Section/4/Information/0/Value/StringWithMarkup/41/String,string,96Nb
/Record/Section/7/Section/4/Information/0/Value/StringWithMarkup/41/Markup/0/Start,number,0
/Record/Section/7/Section/4/Information/0/Value/StringWithMarkup/41/Markup/0/Length,number,2
/Record/Section/7/Section/4/Information/0/Value/StringWithMarkup/41/Markup/0/Type,string,Superscript
/Record/Section/7/Section/4/Information/0/Value/StringWithMarkup/42/String,string,97Nb
/Record/Section/7/Section/4/Information/0/Value/StringWithMarkup/42/Markup/0/Start,number,0
/Record/Section/7/Section/4/Information/0/Value/StringWithMarkup/42/Markup/0/Length,number,2
/Record/Section/7/Section/4/Information/0/Value/StringWithMarkup/42/Markup/0/Type,string,Superscript
/Record/Section/7/Section/4/Information/0/Value/StringWithMarkup/43/String,string,97Nbm
/Record/Section/7/Section/4/Information/0/Value/StringWithMarkup/43/Markup/0/Start,number,0
/Record/Section/7/Section/4/Information/0/Value/StringWithMarkup/43/Markup/0/Length,number,2
/Record/Section/7/Section/4/Information/0/Value/StringWithMarkup/43/Markup/0/Type,string,Superscript
/Record/Section/7/Section/4/Information/0/Value/StringWithMarkup/43/Markup/1/Start,number,4
/Record/Section/7/Section/4/Information/0/Value/StringWithMarkup/43/Markup/1/Length,number,1
/Record/Section/7/Section/4/Information/0/Value/StringWithMarkup/43/Markup/1/Type,string,Superscript
/Record/Section/7/Section/4/Information/0/Value/StringWithMarkup/44/String,string,98Nb
/Record/Section/7/Section/4/Information/0/Value/StringWithMarkup/44/Markup/0/Start,number,0
/Record/Section/7/Section/4/Information/0/Value/StringWithMarkup/44/Markup/0/Length,number,2
/Record/Section/7/Section/4/Information/0/Value/StringWithMarkup/44/Markup/0/Type,string,Superscript
/Record/Section/7/Section/4/Information/0/Value/StringWithMarkup/45/String,string,98Nbm
/Record/Section/7/Section/4/Information/0/Value/StringWithMarkup/45/Markup/0/Start,number,0
/Record/Section/7/Section/4/Information/0/Value/StringWithMarkup/45/Markup/0/Length,number,2
/Record/Section/7/Section/4/Information/0/Value/StringWithMarkup/45/Markup/0/Type,string,Superscript
/Record/Section/7/Section/4/Information/0/Value/StringWithMarkup/45/Markup/1/Start,number,4
/Record/Section/7/Section/4/Information/0/Value/StringWithMarkup/45/Markup/1/Length,number,1
/Record/Section/7/Section/4/Information/0/Value/StringWithMarkup/45/Markup/1/Type,string,Superscript
/Record/Section/7/Section/4/Information/0/Value/StringWithMarkup/46/String,string,99Nb
/Record/Section/7/Section/4/Information/0/Value/StringWithMarkup/46/Markup/0/Start,number,0
/Record/Section/7/Section/4/Information/0/Value/StringWithMarkup/46/Markup/0/Length,number,2
/Record/Section/7/Section/4/Information/0/Value/StringWithMarkup/46/Markup/0/Type,string,Superscript
/Record/Section/7/Section/4/Information/0/Value/StringWithMarkup/47/String,string,99Nbm
/Record/Section/7/Section/4/Information/0/Value/StringWithMarkup/47/Markup/0/Start,number,0
/Record/Section/7/Section/4/Information/0/Value/StringWithMarkup/47/Markup/0/Length,number,2
/Record/Section/7/Section/4/Information/0/Value/StringWithMarkup/47/Markup/0/Type,string,Superscript
/Record/Section/7/Section/4/Information/0/Value/StringWithMarkup/47/Markup/1/Start,number,4
/Record/Section/7/Section/4/Information/0/Value/StringWithMarkup/47/Markup/1/Length,number,1
/Record/Section/7/Section/4/Information/0/Value/StringWithMarkup/47/Markup/1/Type,string,Superscript
/Record/Section/7/Section/4/Information/0/Value/StringWithMarkup/48/String,string,100Nb
/Record/Section/7/Section/4/Information/0/Value/StringWithMarkup/48/Markup/0/Start,number,0
/Record/Section/7/Section/4/Information/0/Value/StringWithMarkup/48/Markup/0/Length,number,3
/Record/Section/7/Section/4/Information/0/Value/StringWithMarkup/48/Markup/0/Type,string,Superscript
/Record/Section/7/Section/4/Information/0/Value/StringWithMarkup/49/String,string,100Nbm
/Record/Section/7/Section/4/Information/0/Value/StringWithMarkup/49/Markup/0/Start,number,0
/Record/Section/7/Section/4/Information/0/Value/StringWithMarkup/49/Markup/0/Length,number,3
/Record/Section/7/Section/4/Information/0/Value/StringWithMarkup/49/Markup/0/Type,string,Superscript
/Record/Section/7/Section/4/Information/0/Value/StringWithMarkup/49/Markup/1/Start,number,5
/Record/Section/7/Section/4/Information/0/Value/StringWithMarkup/49/Markup/1/Length,number,1
/Record/Section/7/Section/4/Information/0/Value/StringWithMarkup/49/Markup/1/Type,string,Superscript
/Record/Section/7/Section/4/Information/0/Value/StringWithMarkup/50/String,string,100Nbn
/Record/Section/7/Section/4/Information/0/Value/StringWithMarkup/50/Markup/0/Start,number,0
/Record/Section/7/Section/4/Information/0/Value/StringWithMarkup/50/Markup/0/Length,number,3
/Record/Section/7/Section/4/Information/0/Value/StringWithMarkup/50/Markup/0/Type,string,Superscript
/Record/Section/7/Section/4/Information/0/Value/StringWithMarkup/50/Markup/1/Start,number,5
/Record/Section/7/Section/4/Information/0/Value/StringWithMarkup/50/Markup/1/Length,number,1
/Record/Section/7/Section/4/Information/0/Value/StringWithMarkup/50/Markup/1/Type,string,Superscript
/Record/Section/7/Section/4/Information/0/Value/StringWithMarkup/51/String,string,100Nbp
/Record/Section/7/Section/4/Information/0/Value/StringWithMarkup/51/Markup/0/Start,number,0
/Record/Section/7/Section/4/Information/0/Value/StringWithMarkup/51/Markup/0/Length,number,3
/Record/Section/7/Section/4/Information/0/Value/StringWithMarkup/51/Markup/0/Type,string,Superscript
/Record/Section/7/Section/4/Information/0/Value/StringWithMarkup/51/Markup/1/Start,number,5
/Record/Section/7/Section/4/Information/0/Value/StringWithMarkup/51/Markup/1/Length,number,1
/Record/Section/7/Section/4/Information/0/Value/StringWithMarkup/51/Markup/1/Type,string,Superscript
/Record/Section/7/Section/4/Information/0/Value/StringWithMarkup/52/String,string,101Nb
/Record/Section/7/Section/4/Information/0/Value/StringWithMarkup/52/Markup/0/Start,number,0
/Record/Section/7/Section/4/Information/0/Value/StringWithMarkup/52/Markup/0/Length,number,3
/Record/Section/7/Section/4/Information/0/Value/StringWithMarkup/52/Markup/0/Type,string,Superscript
/Record/Section/7/Section/4/Information/0/Value/StringWithMarkup/53/String,string,102Nb
/Record/Section/7/Section/4/Information/0/Value/StringWithMarkup/53/Markup/0/Start,number,0
/Record/Section/7/Section/4/Information/0/Value/StringWithMarkup/53/Markup/0/Length,number,3
/Record/Section/7/Section/4/Information/0/Value/StringWithMarkup/53/Markup/0/Type,string,Superscript
/Record/Section/7/Section/4/Information/0/Value/StringWithMarkup/54/String,string,102Nbm
/Record/Section/7/Section/4/Information/0/Value/StringWithMarkup/54/Markup/0/Start,number,0
/Record/Section/7/Section/4/Information/0/Value/StringWithMarkup/54/Markup/0/Length,number,3
/Record/Section/7/Section/4/Information/0/Value/StringWithMarkup/54/Markup/0/Type,string,Superscript
/Record/Section/7/Section/4/Information/0/Value/StringWithMarkup/54/Markup/1/Start,number,5
/Record/Section/7/Section/4/Information/0/Value/StringWithMarkup/54/Markup/1/Length,number,1
/Record/Section/7/Section/4/Information/0/Value/StringWithMarkup/54/Markup/1/Type,string,Superscript
/Record/Section/7/Section/4/Information/0/Value/StringWithMarkup/55/String,string,103Nb
/Record/Section/7/Section/4/Information/0/Value/StringWithMarkup/55/Markup/0/Start,number,0
/Record/Section/7/Section/4/Information/0/Value/StringWithMarkup/55/Markup/0/Length,number,3
/Record/Section/7/Section/4/Information/0/Value/StringWithMarkup/55/Markup/0/Type,string,Superscript
/Record/Section/7/Section/4/Information/0/Value/StringWithMarkup/56/String,string,104Nb
/Record/Section/7/Section/4/Information/0/Value/StringWithMarkup/56/Markup/0/Start,number,0
/Record/Section/7/Section/4/Information/0/Value/StringWithMarkup/56/Markup/0/Length,number,3
/Record/Section/7/Section/4/Information/0/Value/StringWithMarkup/56/Markup/0/Type,string,Superscript
/Record/Section/7/Section/4/Information/0/Value/StringWithMarkup/57/String,string,104Nbm
/Record/Section/7/Section/4/Information/0/Value/StringWithMarkup/57/Markup/0/Start,number,0
/Record/Section/7/Section/4/Information/0/Value/StringWithMarkup/57/Markup/0/Length,number,3
/Record/Section/7/Section/4/Information/0/Value/StringWithMarkup/57/Markup/0/Type,string,Superscript
/Record/Section/7/Section/4/Information/0/Value/StringWithMarkup/57/Markup/1/Start,number,5
/Record/Section/7/Section/4/Information/0/Value/StringWithMarkup/57/Markup/1/Length,number,1
/Record/Section/7/Section/4/Information/0/Value/StringWithMarkup/57/Markup/1/Type,string,Superscript
/Record/Section/7/Section/4/Information/0/Value/StringWithMarkup/58/String,string,105Nb
/Record/Section/7/Section/4/Information/0/Value/StringWithMarkup/58/Markup/0/Start,number,0
/Record/Section/7/Section/4/Information/0/Value/StringWithMarkup/58/Markup/0/Length,number,3
/Record/Section/7/Section/4/Information/0/Value/StringWithMarkup/58/Markup/0/Type,string,Superscript
/Record/Section/7/Section/4/Information/0/Value/StringWithMarkup/59/String,string,106Nb
/Record/Section/7/Section/4/Information/0/Value/StringWithMarkup/59/Markup/0/Start,number,0
/Record/Section/7/Section/4/Information/0/Value/StringWithMarkup/59/Markup/0/Length,number,3
/Record/Section/7/Section/4/Information/0/Value/StringWithMarkup/59/Markup/0/Type,string,Superscript
/Record/Section/7/Section/4/Information/0/Value/StringWithMarkup/60/String,string,106Nbm
/Record/Section/7/Section/4/Information/0/Value/StringWithMarkup/60/Markup/0/Start,number,0
/Record/Section/7/Section/4/Information/0/Value/StringWithMarkup/60/Markup/0/Length,number,3
/Record/Section/7/Section/4/Information/0/Value/StringWithMarkup/60/Markup/0/Type,string,Superscript
/Record/Section/7/Section/4/Information/0/Value/StringWithMarkup/60/Markup/1/Start,number,5
/Record/Section/7/Section/4/Information/0/Value/StringWithMarkup/60/Markup/1/Length,number,1
/Record/Section/7/Section/4/Information/0/Value/StringWithMarkup/60/Markup/1/Type,string,Superscript
/Record/Section/7/Section/4/Information/0/Value/StringWithMarkup/61/String,string,106Nbn
/Record/Section/7/Section/4/Information/0/Value/StringWithMarkup/61/Markup/0/Start,number,0
/Record/Section/7/Section/4/Information/0/Value/StringWithMarkup/61/Markup/0/Length,number,3
/Record/Section/7/Section/4/Information/0/Value/StringWithMarkup/61/Markup/0/Type,string,Superscript
/Record/Section/7/Section/4/Information/0/Value/StringWithMarkup/61/Markup/1/Start,number,5
/Record/Section/7/Section/4/Information/0/Value/StringWithMarkup/61/Markup/1/Length,number,1
/Record/Section/7/Section/4/Information/0/Value/StringWithMarkup/61/Markup/1/Type,string,Superscript
/Record/Section/7/Section/4/Information/0/Value/StringWithMarkup/62/String,string,107Nb
/Record/Section/7/Section/4/Information/0/Value/StringWithMarkup/62/Markup/0/Start,number,0
/Record/Section/7/Section/4/Information/0/Value/StringWithMarkup/62/Markup/0/Length,number,3
/Record/Section/7/Section/4/Information/0/Value/StringWithMarkup/62/Markup/0/Type,string,Superscript
/Record/Section/7/Section/4/Information/0/Value/StringWithMarkup/63/String,string,108Nb
/Record/Section/7/Section/4/Information/0/Value/StringWithMarkup/63/Markup/0/Start,number,0
/Record/Section/7/Section/4/Information/0/Value/StringWithMarkup/63/Markup/0/Length,number,3
/Record/Section/7/Section/4/Information/0/Value/StringWithMarkup/63/Markup/0/Type,string,Superscript
/Record/Section/7/Section/4/Information/0/Value/StringWithMarkup/64/String,string,108Nbm
/Record/Section/7/Section/4/Information/0/Value/StringWithMarkup/64/Markup/0/Start,number,0
/Record/Section/7/Section/4/Information/0/Value/StringWithMarkup/64/Markup/0/Length,number,3
/Record/Section/7/Section/4/Information/0/Value/StringWithMarkup/64/Markup/0/Type,string,Superscript
/Record/Section/7/Section/4/Information/0/Value/StringWithMarkup/64/Markup/1/Start,number,5
/Record/Section/7/Section/4/Information/0/Value/StringWithMarkup/64/Markup/1/Length,number,1
/Record/Section/7/Section/4/Information/0/Value/StringWithMarkup/64/Markup/1/Type,string,Superscript
/Record/Section/7/Section/4/Information/0/Value/StringWithMarkup/65/String,string,109Nb
/Record/Section/7/Section/4/Information/0/Value/StringWithMarkup/65/Markup/0/Start,number,0
/Record/Section/7/Section/4/Information/0/Value/StringWithMarkup/65/Markup/0/Length,number,3
/Record/Section/7/Section/4/Information/0/Value/StringWithMarkup/65/Markup/0/Type,string,Superscript
/Record/Section/7/Section/4/Information/0/Value/StringWithMarkup/66/String,string,109Nbm
/Record/Section/7/Section/4/Information/0/Value/StringWithMarkup/66/Markup/0/Start,number,0
/Record/Section/7/Section/4/Information/0/Value/StringWithMarkup/66/Markup/0/Length,number,3
/Record/Section/7/Section/4/Information/0/Value/StringWithMarkup/66/Markup/0/Type,string,Superscript
/Record/Section/7/Section/4/Information/0/Value/StringWithMarkup/66/Markup/1/Start,number,5
/Record/Section/7/Section/4/Information/0/Value/StringWithMarkup/66/Markup/1/Length,number,1
/Record/Section/7/Section/4/Information/0/Value/StringWithMarkup/66/Markup/1/Type,string,Superscript
/Record/Section/7/Section/4/Information/0/Value/StringWithMarkup/67/String,string,110Nb
/Record/Section/7/Section/4/Information/0/Value/StringWithMarkup/67/Markup/0/Start,number,0
/Record/Section/7/Section/4/Information/0/Value/StringWithMarkup/67/Markup/0/Length,number,3
/Record/Section/7/Section/4/Information/0/Value/StringWithMarkup/67/Markup/0/Type,string,Superscript
/Record/Section/7/Section/4/Information/0/Value/StringWithMarkup/68/String,string,110Nbm
/Record/Section/7/Section/4/Information/0/Value/StringWithMarkup/68/Markup/0/Start,number,0
/Record/Section/7/Section/4/Information/0/Value/StringWithMarkup/68/Markup/0/Length,number,3
/Record/Section/7/Section/4/Information/0/Value/StringWithMarkup/68/Markup/0/Type,string,Superscript
/Record/Section/7/Section/4/Information/0/Value/StringWithMarkup/68/Markup/1/Start,number,5
/Record/Section/7/Section/4/Information/0/Value/StringWithMarkup/68/Markup/1/Length,number,1
/Record/Section/7/Section/4/Information/0/Value/StringWithMarkup/68/Markup/1/Type,string,Superscript
/Record/Section/7/Section/4/Information/0/Value/StringWithMarkup/69/String,string,111Nb
/Record/Section/7/Section/4/Information/0/Value/StringWithMarkup/69/Markup/0/Start,number,0
/Record/Section/7/Section/4/Information/0/Value/StringWithMarkup/69/Markup/0/Length,number,3
/Record/Section/7/Section/4/Information/0/Value/StringWithMarkup/69/Markup/0/Type,string,Superscript
/Record/Section/7/Section/4/Information/0/Value/StringWithMarkup/70/String,string,112Nb
/Record/Section/7/Section/4/Information/0/Value/StringWithMarkup/70/Markup/0/Start,number,0
/Record/Section/7/Section/4/Information/0/Value/StringWithMarkup/70/Markup/0/Length,number,3
/Record/Section/7/Section/4/Information/0/Value/StringWithMarkup/70/Markup/0/Type,string,Superscript
/Record/Section/7/Section/4/Information/0/Value/StringWithMarkup/71/String,string,113Nb
/Record/Section/7/Section/4/Information/0/Value/StringWithMarkup/71/Markup/0/Start,number,0
/Record/Section/7/Section/4/Information/0/Value/StringWithMarkup/71/Markup/0/Length,number,3
/Record/Section/7/Section/4/Information/0/Value/StringWithMarkup/71/Markup/0/Type,string,Superscript
/Record/Section/7/Section/4/Information/0/Value/StringWithMarkup/72/String,string,114Nb
/Record/Section/7/Section/4/Information/0/Value/StringWithMarkup/72/Markup/0/Start,number,0
/Record/Section/7/Section/4/Information/0/Value/StringWithMarkup/72/Markup/0/Length,number,3
/Record/Section/7/Section/4/Information/0/Value/StringWithMarkup/72/Markup/0/Type,string,Superscript
/Record/Section/7/Section/4/Information/0/Value/StringWithMarkup/73/String,string,115Nb
/Record/Section/7/Section/4/Information/0/Value/StringWithMarkup/73/Markup/0/Start,number,0
/Record/Section/7/Section/4/Information/0/Value/StringWithMarkup/73/Markup/0/Length,number,3
/Record/Section/7/Section/4/Information/0/Value/StringWithMarkup/73/Markup/0/Type,string,Superscript
/Record/Section/7/Section/4/Information/0/Value/StringWithMarkup/74/String,string,116Nb
/Record/Section/7/Section/4/Information/0/Value/StringWithMarkup/74/Markup/0/Start,number,0
/Record/Section/7/Section/4/Information/0/Value/StringWithMarkup/74/Markup/0/Length,number,3
/Record/Section/7/Section/4/Information/0/Value/StringWithMarkup/74/Markup/0/Type,string,Superscript
/Record/Section/7/Section/4/Information/1/ReferenceNumber,number,2
/Record/Section/7/Section/4/Information/1/Name,string,Atomic Mass and Uncertainty [u]
/Record/Section/7/Section/4/Information/1/Value/StringWithMarkup/0/String,string,78.966022 ± 0.000537 [Estimated]
/Record/Section/7/Section/4/Information/1/Value/StringWithMarkup/1/String,string,79.958754 ± 0.000429 [Estimated]
/Record/Section/7/Section/4/Information/1/Value/StringWithMarkup/2/String,string,80.950230 ± 0.000429 [Estimated]
/Record/Section/7/Section/4/Information/1/Value/StringWithMarkup/3/String,string,81.944380 ± 0.000322 [Estimated]
/Record/Section/7/Section/4/Information/1/Value/StringWithMarkup/4/String,string,81.944380 ± 0.000322 [Estimated]
/Record/Section/7/Section/4/Information/1/Value/StringWithMarkup/5/String,string,82.938150000 ± 0.000174
/Record/Section/7/Section/4/Information/1/Value/StringWithMarkup/6/String,string,83.934305711 ± 0.00000043
/Record/Section/7/Section/4/Information/1/Value/StringWithMarkup/7/String,string,83.934305711 ± 0.00000043
/Record/Section/7/Section/4/Information/1/Value/StringWithMarkup/8/String,string,83.934305711 ± 0.00000043
/Record/Section/7/Section/4/Information/1/Value/StringWithMarkup/9/String,string,84.928845836 ± 0.0000044
/Record/Section/7/Section/4/Information/1/Value/StringWithMarkup/10/String,string,84.928845836 ± 0.0000044
/Record/Section/7/Section/4/Information/1/Value/StringWithMarkup/11/String,string,84.928845836 ± 0.0000044
/Record/Section/7/Section/4/Information/1/Value/StringWithMarkup/12/String,string,85.925781536 ± 0.000005903
/Record/Section/7/Section/4/Information/1/Value/StringWithMarkup/13/String,string,85.925781536 ± 0.000005903
/Record/Section/7/Section/4/Information/1/Value/StringWithMarkup/14/String,string,85.925781536 ± 0.000005903
/Record/Section/7/Section/4/Information/1/Value/StringWithMarkup/15/String,string,86.920692473 ± 0.000007302
/Record/Section/7/Section/4/Information/1/Value/StringWithMarkup/16/String,string,86.920692473 ± 0.000007302
/Record/Section/7/Section/4/Information/1/Value/StringWithMarkup/17/String,string,87.918226476 ± 0.000062059
/Record/Section/7/Section/4/Information/1/Value/StringWithMarkup/18/String,string,87.918226476 ± 0.000062059
/Record/Section/7/Section/4/Information/1/Value/StringWithMarkup/19/String,string,88.913444696 ± 0.000025367
/Record/Section/7/Section/4/Information/1/Value/StringWithMarkup/20/String,string,88.913444696 ± 0.000025367
/Record/Section/7/Section/4/Information/1/Value/StringWithMarkup/21/String,string,89.911259201 ± 0.000003561
/Record/Section/7/Section/4/Information/1/Value/StringWithMarkup/22/String,string,89.911259201 ± 0.000003561
/Record/Section/7/Section/4/Information/1/Value/StringWithMarkup/23/String,string,89.911259201 ± 0.000003561
/Record/Section/7/Section/4/Information/1/Value/StringWithMarkup/24/String,string,89.911259201 ± 0.000003561
/Record/Section/7/Section/4/Information/1/Value/StringWithMarkup/25/String,string,89.911259201 ± 0.000003561
/Record/Section/7/Section/4/Information/1/Value/StringWithMarkup/26/String,string,89.911259201 ± 0.000003561
/Record/Section/7/Section/4/Information/1/Value/StringWithMarkup/27/String,string,90.906990256 ± 0.00000314
/Record/Section/7/Section/4/Information/1/Value/StringWithMarkup/28/String,string,90.906990256 ± 0.00000314
/Record/Section/7/Section/4/Information/1/Value/StringWithMarkup/29/String,string,90.906990256 ± 0.00000314
/Record/Section/7/Section/4/Information/1/Value/StringWithMarkup/30/String,string,91.907188580 ± 0.000001915
/Record/Section/7/Section/4/Information/1/Value/StringWithMarkup/31/String,string,91.907188580 ± 0.000001915
/Record/Section/7/Section/4/Information/1/Value/StringWithMarkup/32/String,string,91.907188580 ± 0.000001915
/Record/Section/7/Section/4/Information/1/Value/StringWithMarkup/33/String,string,91.907188580 ± 0.000001915
/Record/Section/7/Section/4/Information/1/Value/StringWithMarkup/34/String,string,92.906373170 ± 0.000001599
/Record/Section/7/Section/4/Information/1/Value/StringWithMarkup/35/String,string,92.906373170 ± 0.000001599
/Record/Section/7/Section/4/Information/1/Value/StringWithMarkup/36/String,string,92.906373170 ± 0.000001599
/Record/Section/7/Section/4/Information/1/Value/StringWithMarkup/37/String,string,93.907279001 ± 0.0000016
/Record/Section/7/Section/4/Information/1/Value/StringWithMarkup/38/String,string,93.907279001 ± 0.0000016
/Record/Section/7/Section/4/Information/1/Value/StringWithMarkup/39/String,string,94.906831110 ± 0.000000545
/Record/Section/7/Section/4/Information/1/Value/StringWithMarkup/40/String,string,94.906831110 ± 0.000000545
/Record/Section/7/Section/4/Information/1/Value/StringWithMarkup/41/String,string,95.908101586 ± 0.000000157
/Record/Section/7/Section/4/Information/1/Value/StringWithMarkup/42/String,string,96.908101622 ± 0.000004556
/Record/Section/7/Section/4/Information/1/Value/StringWithMarkup/43/String,string,96.908101622 ± 0.000004556
/Record/Section/7/Section/4/Information/1/Value/StringWithMarkup/44/String,string,97.910332645 ± 0.000005369
/Record/Section/7/Section/4/Information/1/Value/StringWithMarkup/45/String,string,97.910332645 ± 0.000005369
/Record/Section/7/Section/4/Information/1/Value/StringWithMarkup/46/String,string,98.911609377 ± 0.000012886
/Record/Section/7/Section/4/Information/1/Value/StringWithMarkup/47/String,string,98.911609377 ± 0.000012886
/Record/Section/7/Section/4/Information/1/Value/StringWithMarkup/48/String,string,99.914340578 ± 0.000008562
/Record/Section/7/Section/4/Information/1/Value/StringWithMarkup/49/String,string,99.914340578 ± 0.000008562
/Record/Section/7/Section/4/Information/1/Value/StringWithMarkup/50/String,string,99.914340578 ± 0.000008562
/Record/Section/7/Section/4/Information/1/Value/StringWithMarkup/51/String,string,99.914340578 ± 0.000008562
/Record/Section/7/Section/4/Information/1/Value/StringWithMarkup/52/String,string,100.915306508 ± 0.000004024
/Record/Section/7/Section/4/Information/1/Value/StringWithMarkup/53/String,string,101.918090447 ± 0.000002695
/Record/Section/7/Section/4/Information/1/Value/StringWithMarkup/54/String,string,101.918090447 ± 0.000002695
/Record/Section/7/Section/4/Information/1/Value/StringWithMarkup/55/String,string,102.919453416 ± 0.000004224
/Record/Section/7/Section/4/Information/1/Value/StringWithMarkup/56/String,string,103.922907728 ± 0.000001915
/Record/Section/7/Section/4/Information/1/Value/StringWithMarkup/57/String,string,103.922907728 ± 0.000001915
/Record/Section/7/Section/4/Information/1/Value/StringWithMarkup/58/String,string,104.924942577 ± 0.000004324
/Record/Section/7/Section/4/Information/1/Value/StringWithMarkup/59/String,string,105.928928505 ± 0.00000152
/Record/Section/7/Section/4/Information/1/Value/StringWithMarkup/60/String,string,105.928928505 ± 0.00000152
/Record/Section/7/Section/4/Information/1/Value/StringWithMarkup/61/String,string,105.928928505 ± 0.00000152
/Record/Section/7/Section/4/Information/1/Value/StringWithMarkup/62/String,string,106.931589685 ± 0.000008612
/Record/Section/7/Section/4/Information/1/Value/StringWithMarkup/63/String,string,107.936075604 ± 0.000008844
/Record/Section/7/Section/4/Information/1/Value/StringWithMarkup/64/String,string,107.936075604 ± 0.000008844
/Record/Section/7/Section/4/Information/1/Value/StringWithMarkup/65/String,string,108.939141000 ± 0.0004625
/Record/Section/7/Section/4/Information/1/Value/StringWithMarkup/66/String,string,108.939141000 ± 0.0004625
/Record/Section/7/Section/4/Information/1/Value/StringWithMarkup/67/String,string,109.943843000 ± 0.0009
/Record/Section/7/Section/4/Information/1/Value/StringWithMarkup/68/String,string,109.943843000 ± 0.0009
/Record/Section/7/Section/4/Information/1/Value/StringWithMarkup/69/String,string,110.947439 ± 0.000322 [Estimated]
/Record/Section/7/Section/4/Information/1/Value/StringWithMarkup/70/String,string,111.952689 ± 0.000322 [Estimated]
/Record/Section/7/Section/4/Information/1/Value/StringWithMarkup/71/String,string,112.956833 ± 0.000429 [Estimated]
/Record/Section/7/Section/4/Information/1/Value/StringWithMarkup/72/String,string,113.962469 ± 0.000537 [Estimated]
/Record/Section/7/Section/4/Information/1/Value/StringWithMarkup/73/String,string,114.966849 ± 0.000537 [Estimated]
/Record/Section/7/Section/4/Information/1/Value/StringWithMarkup/74/String,string,115.972914 ± 0.000322 [Estimated]
/Record/Section/7/Section/4/Information/2/ReferenceNumber,number,2
/Record/Section/7/Section/4/Information/2/Name,string,Half Life and Uncertainty
/Record/Section/7/Section/4/Information/2/Value/StringWithMarkup/0/String,string,Not-specified
/Record/Section/7/Section/4/Information/2/Value/StringWithMarkup/1/String,string,Not-specified
/Record/Section/7/Section/4/Information/2/Value/StringWithMarkup/2/String,string,Not-specified <44ns
/Record/Section/7/Section/4/Information/2/Value/StringWithMarkup/3/String,string,51 ms ± 5
/Record/Section/7/Section/4/Information/2/Value/StringWithMarkup/4/String,string,93 ns ± 20
/Record/Section/7/Section/4/Information/2/Value/StringWithMarkup/5/String,string,3.9 s ± 0.2
/Record/Section/7/Section/4/Information/2/Value/StringWithMarkup/6/String,string,9.8 s ± 0.9
/Record/Section/7/Section/4/Information/2/Value/StringWithMarkup/7/String,string,176 ns ± 46
/Record/Section/7/Section/4/Information/2/Value/StringWithMarkup/8/String,string,92 ns ± 5
/Record/Section/7/Section/4/Information/2/Value/StringWithMarkup/9/String,string,20.5 s ± 0.7
/Record/Section/7/Section/4/Information/2/Value/StringWithMarkup/10/String,string,3.3 s ± 0.9
/Record/Section/7/Section/4/Information/2/Value/StringWithMarkup/11/String,string,12 s ± 5
/Record/Section/7/Section/4/Information/2/Value/StringWithMarkup/12/String,string,88 s ± 1
/Record/Section/7/Section/4/Information/2/Value/StringWithMarkup/13/String,string,20 s [Estimated]
/Record/Section/7/Section/4/Information/2/Value/StringWithMarkup/14/String,string,56.3 s ± 8.3
/Record/Section/7/Section/4/Information/2/Value/StringWithMarkup/15/String,string,3.7 m ± 0.1
/Record/Section/7/Section/4/Information/2/Value/StringWithMarkup/16/String,string,2.6 m ± 0.1
/Record/Section/7/Section/4/Information/2/Value/StringWithMarkup/17/String,string,14.50 m ± 0.11
/Record/Section/7/Section/4/Information/2/Value/StringWithMarkup/18/String,string,7.7 m ± 0.1
/Record/Section/7/Section/4/Information/2/Value/StringWithMarkup/19/String,string,2.03 h ± 0.07
/Record/Section/7/Section/4/Information/2/Value/StringWithMarkup/20/String,string,1.10 h ± 0.03
/Record/Section/7/Section/4/Information/2/Value/StringWithMarkup/21/String,string,14.60 h ± 0.05
/Record/Section/7/Section/4/Information/2/Value/StringWithMarkup/22/String,string,63 us ± 2
/Record/Section/7/Section/4/Information/2/Value/StringWithMarkup/23/String,string,18.81 s ± 0.06
/Record/Section/7/Section/4/Information/2/Value/StringWithMarkup/24/String,string,<1 us
/Record/Section/7/Section/4/Information/2/Value/StringWithMarkup/25/String,string,6.19 ms ± 0.08
/Record/Section/7/Section/4/Information/2/Value/StringWithMarkup/26/String,string,471 ns ± 6
/Record/Section/7/Section/4/Information/2/Value/StringWithMarkup/27/String,string,680 y ± 130
/Record/Section/7/Section/4/Information/2/Value/StringWithMarkup/28/String,string,60.86 d ± 0.22
/Record/Section/7/Section/4/Information/2/Value/StringWithMarkup/29/String,string,3.76 us ± 0.12
/Record/Section/7/Section/4/Information/2/Value/StringWithMarkup/30/String,string,34.7 My ± 2.4
/Record/Section/7/Section/4/Information/2/Value/StringWithMarkup/31/String,string,10.116 d ± 0.013
/Record/Section/7/Section/4/Information/2/Value/StringWithMarkup/32/String,string,5.9 us ± 0.2
/Record/Section/7/Section/4/Information/2/Value/StringWithMarkup/33/String,string,167 ns ± 4
/Record/Section/7/Section/4/Information/2/Value/StringWithMarkup/34/String,string,Stable
/Record/Section/7/Section/4/Information/2/Value/StringWithMarkup/35/String,string,16.12 y ± 0.12
/Record/Section/7/Section/4/Information/2/Value/StringWithMarkup/36/String,string,1.5 us ± 0.5
/Record/Section/7/Section/4/Information/2/Value/StringWithMarkup/37/String,string,20.4 ky ± 0.4
/Record/Section/7/Section/4/Information/2/Value/StringWithMarkup/38/String,string,6.263 m ± 0.004
/Record/Section/7/Section/4/Information/2/Value/StringWithMarkup/39/String,string,34.991 d ± 0.006
/Record/Section/7/Section/4/Information/2/Value/StringWithMarkup/40/String,string,3.61 d ± 0.03
/Record/Section/7/Section/4/Information/2/Value/StringWithMarkup/41/String,string,23.35 h ± 0.05
/Record/Section/7/Section/4/Information/2/Value/StringWithMarkup/42/String,string,72.1 m ± 0.7
/Record/Section/7/Section/4/Information/2/Value/StringWithMarkup/43/String,string,58.7 s ± 1.8
/Record/Section/7/Section/4/Information/2/Value/StringWithMarkup/44/String,string,2.86 s ± 0.06
/Record/Section/7/Section/4/Information/2/Value/StringWithMarkup/45/String,string,51.1 m ± 0.4
/Record/Section/7/Section/4/Information/2/Value/StringWithMarkup/46/String,string,15.0 s ± 0.2
/Record/Section/7/Section/4/Information/2/Value/StringWithMarkup/47/String,string,2.5 m ± 0.2
/Record/Section/7/Section/4/Information/2/Value/StringWithMarkup/48/String,string,1.5 s ± 0.2
/Record/Section/7/Section/4/Information/2/Value/StringWithMarkup/49/String,string,2.99 s ± 0.11
/Record/Section/7/Section/4/Information/2/Value/StringWithMarkup/50/String,string,460 ns ± 60
/Record/Section/7/Section/4/Information/2/Value/StringWithMarkup/51/String,string,12.43 us ± 0.26
/Record/Section/7/Section/4/Information/2/Value/StringWithMarkup/52/String,string,7.1 s ± 0.3
/Record/Section/7/Section/4/Information/2/Value/StringWithMarkup/53/String,string,4.3 s ± 0.4
/Record/Section/7/Section/4/Information/2/Value/StringWithMarkup/54/String,string,1.31 s ± 0.16
/Record/Section/7/Section/4/Information/2/Value/StringWithMarkup/55/String,string,1.34 s ± 0.07
/Record/Section/7/Section/4/Information/2/Value/StringWithMarkup/56/String,string,0.98 s ± 0.05
/Record/Section/7/Section/4/Information/2/Value/StringWithMarkup/57/String,string,4.9 s ± 0.3
/Record/Section/7/Section/4/Information/2/Value/StringWithMarkup/58/String,string,2.91 s ± 0.05
/Record/Section/7/Section/4/Information/2/Value/StringWithMarkup/59/String,string,900 ms ± 20
/Record/Section/7/Section/4/Information/2/Value/StringWithMarkup/60/String,string,1.20 s ± 0.06
/Record/Section/7/Section/4/Information/2/Value/StringWithMarkup/61/String,string,820 ns ± 38
/Record/Section/7/Section/4/Information/2/Value/StringWithMarkup/62/String,string,286 ms ± 8
/Record/Section/7/Section/4/Information/2/Value/StringWithMarkup/63/String,string,201 ms ± 4
/Record/Section/7/Section/4/Information/2/Value/StringWithMarkup/64/String,string,109 ns ± 2
/Record/Section/7/Section/4/Information/2/Value/StringWithMarkup/65/String,string,106.9 ms ± 4.9
/Record/Section/7/Section/4/Information/2/Value/StringWithMarkup/66/String,string,115 ns ± 8
/Record/Section/7/Section/4/Information/2/Value/StringWithMarkup/67/String,string,75 ms ± 1
/Record/Section/7/Section/4/Information/2/Value/StringWithMarkup/68/String,string,94 ms ± 9
/Record/Section/7/Section/4/Information/2/Value/StringWithMarkup/69/String,string,54 ms ± 2
/Record/Section/7/Section/4/Information/2/Value/StringWithMarkup/70/String,string,38 ms ± 2
/Record/Section/7/Section/4/Information/2/Value/StringWithMarkup/71/String,string,32 ms ± 4
/Record/Section/7/Section/4/Information/2/Value/StringWithMarkup/72/String,string,17 ms ± 5
/Record/Section/7/Section/4/Information/2/Value/StringWithMarkup/73/String,string,23 ms ± 8
/Record/Section/7/Section/4/Information/2/Value/StringWithMarkup/74/String,string,12 ms >550ns [Estimated]
/Record/Section/7/Section/4/Information/3/ReferenceNumber,number,2
/Record/Section/7/Section/4/Information/3/Name,string,Discovery Year
/Record/Section/7/Section/4/Information/3/Value/StringWithMarkup/0/String,string,
/Record/Section/7/Section/4/Information/3/Value/StringWithMarkup/1/String,string,
/Record/Section/7/Section/4/Information/3/Value/StringWithMarkup/2/String,string,
/Record/Section/7/Section/4/Information/3/Value/StringWithMarkup/3/String,string,1992
/Record/Section/7/Section/4/Information/3/Value/StringWithMarkup/4/String,string,2008
/Record/Section/7/Section/4/Information/3/Value/StringWithMarkup/5/String,string,1988
/Record/Section/7/Section/4/Information/3/Value/StringWithMarkup/6/String,string,1977
/Record/Section/7/Section/4/Information/3/Value/StringWithMarkup/7/String,string,2009
/Record/Section/7/Section/4/Information/3/Value/StringWithMarkup/8/String,string,2000
/Record/Section/7/Section/4/Information/3/Value/StringWithMarkup/9/String,string,1988
/Record/Section/7/Section/4/Information/3/Value/StringWithMarkup/10/String,string,1988
/Record/Section/7/Section/4/Information/3/Value/StringWithMarkup/11/String,string,
/Record/Section/7/Section/4/Information/3/Value/StringWithMarkup/12/String,string,1974
/Record/Section/7/Section/4/Information/3/Value/StringWithMarkup/13/String,string,1994
/Record/Section/7/Section/4/Information/3/Value/StringWithMarkup/14/String,string,
/Record/Section/7/Section/4/Information/3/Value/StringWithMarkup/15/String,string,1971
/Record/Section/7/Section/4/Information/3/Value/StringWithMarkup/16/String,string,1972
/Record/Section/7/Section/4/Information/3/Value/StringWithMarkup/17/String,string,1964
/Record/Section/7/Section/4/Information/3/Value/StringWithMarkup/18/String,string,1971
/Record/Section/7/Section/4/Information/3/Value/StringWithMarkup/19/String,string,1954
/Record/Section/7/Section/4/Information/3/Value/StringWithMarkup/20/String,string,1954
/Record/Section/7/Section/4/Information/3/Value/StringWithMarkup/21/String,string,1951
/Record/Section/7/Section/4/Information/3/Value/StringWithMarkup/22/String,string,1967
/Record/Section/7/Section/4/Information/3/Value/StringWithMarkup/23/String,string,1969
/Record/Section/7/Section/4/Information/3/Value/StringWithMarkup/24/String,string,1981
/Record/Section/7/Section/4/Information/3/Value/StringWithMarkup/25/String,string,1967
/Record/Section/7/Section/4/Information/3/Value/StringWithMarkup/26/String,string,1978
/Record/Section/7/Section/4/Information/3/Value/StringWithMarkup/27/String,string,1951
/Record/Section/7/Section/4/Information/3/Value/StringWithMarkup/28/String,string,1950
/Record/Section/7/Section/4/Information/3/Value/StringWithMarkup/29/String,string,1974
/Record/Section/7/Section/4/Information/3/Value/StringWithMarkup/30/String,string,1938
/Record/Section/7/Section/4/Information/3/Value/StringWithMarkup/31/String,string,1959
/Record/Section/7/Section/4/Information/3/Value/StringWithMarkup/32/String,string,1958
/Record/Section/7/Section/4/Information/3/Value/StringWithMarkup/33/String,string,1989
/Record/Section/7/Section/4/Information/3/Value/StringWithMarkup/34/String,string,1932
/Record/Section/7/Section/4/Information/3/Value/StringWithMarkup/35/String,string,1965
/Record/Section/7/Section/4/Information/3/Value/StringWithMarkup/36/String,string,2007
/Record/Section/7/Section/4/Information/3/Value/StringWithMarkup/37/String,string,1938
/Record/Section/7/Section/4/Information/3/Value/StringWithMarkup/38/String,string,1962
/Record/Section/7/Section/4/Information/3/Value/StringWithMarkup/39/String,string,1951
/Record/Section/7/Section/4/Information/3/Value/StringWithMarkup/40/String,string,1969
/Record/Section/7/Section/4/Information/3/Value/StringWithMarkup/41/String,string,1949
/Record/Section/7/Section/4/Information/3/Value/StringWithMarkup/42/String,string,1951
/Record/Section/7/Section/4/Information/3/Value/StringWithMarkup/43/String,string,1950
/Record/Section/7/Section/4/Information/3/Value/StringWithMarkup/44/String,string,1960
/Record/Section/7/Section/4/Information/3/Value/StringWithMarkup/45/String,string,1948
/Record/Section/7/Section/4/Information/3/Value/StringWithMarkup/46/String,string,1950
/Record/Section/7/Section/4/Information/3/Value/StringWithMarkup/47/String,string,1960
/Record/Section/7/Section/4/Information/3/Value/StringWithMarkup/48/String,string,1967
/Record/Section/7/Section/4/Information/3/Value/StringWithMarkup/49/String,string,1967
/Record/Section/7/Section/4/Information/3/Value/StringWithMarkup/50/String,string,1986
/Record/Section/7/Section/4/Information/3/Value/StringWithMarkup/51/String,string,1980
/Record/Section/7/Section/4/Information/3/Value/StringWithMarkup/52/String,string,1970
/Record/Section/7/Section/4/Information/3/Value/StringWithMarkup/53/String,string,1972
/Record/Section/7/Section/4/Information/3/Value/StringWithMarkup/54/String,string,1976
/Record/Section/7/Section/4/Information/3/Value/StringWithMarkup/55/String,string,1971
/Record/Section/7/Section/4/Information/3/Value/StringWithMarkup/56/String,string,1976
/Record/Section/7/Section/4/Information/3/Value/StringWithMarkup/57/String,string,1971
/Record/Section/7/Section/4/Information/3/Value/StringWithMarkup/58/String,string,1984
/Record/Section/7/Section/4/Information/3/Value/StringWithMarkup/59/String,string,1976
/Record/Section/7/Section/4/Information/3/Value/StringWithMarkup/60/String,string,1976
/Record/Section/7/Section/4/Information/3/Value/StringWithMarkup/61/String,string,1999
/Record/Section/7/Section/4/Information/3/Value/StringWithMarkup/62/String,string,1992
/Record/Section/7/Section/4/Information/3/Value/StringWithMarkup/63/String,string,1994
/Record/Section/7/Section/4/Information/3/Value/StringWithMarkup/64/String,string,2012
/Record/Section/7/Section/4/Information/3/Value/StringWithMarkup/65/String,string,1994
/Record/Section/7/Section/4/Information/3/Value/StringWithMarkup/66/String,string,2011
/Record/Section/7/Section/4/Information/3/Value/StringWithMarkup/67/String,string,1994
/Record/Section/7/Section/4/Information/3/Value/StringWithMarkup/68/String,string,2020
/Record/Section/7/Section/4/Information/3/Value/StringWithMarkup/69/String,string,1997
/Record/Section/7/Section/4/Information/3/Value/StringWithMarkup/70/String,string,1997
/Record/Section/7/Section/4/Information/3/Value/StringWithMarkup/71/String,string,1997
/Record/Section/7/Section/4/Information/3/Value/StringWithMarkup/72/String,string,2010
/Record/Section/7/Section/4/Information/3/Value/StringWithMarkup/73/String,string,2010
/Record/Section/7/Section/4/Information/3/Value/StringWithMarkup/74/String,string,2018
/Record/Section/7/Section/4/Information/4/ReferenceNumber,number,2
/Record/Section/7/Section/4/Information/4/Name,string,"Decay Modes, Intensities and Uncertainties [%]"
/Record/Section/7/Section/4/Information/4/Value/StringWithMarkup/0/String,string,p ?; β+ ?; β+p ?
/Record/Section/7/Section/4/Information/4/Value/StringWithMarkup/0/Markup/0/Start,number,6
/Record/Section/7/Section/4/Information/4/Value/StringWithMarkup/0/Markup/0/Length,number,1
/Record/Section/7/Section/4/Information/4/Value/StringWithMarkup/0/Markup/0/Type,string,Superscript
/Record/Section/7/Section/4/Information/4/Value/StringWithMarkup/0/Markup/1/Start,number,12
/Record/Section/7/Section/4/Information/4/Value/StringWithMarkup/0/Markup/1/Length,number,1
/Record/Section/7/Section/4/Information/4/Value/StringWithMarkup/0/Markup/1/Type,string,Superscript
/Record/Section/7/Section/4/Information/4/Value/StringWithMarkup/1/String,string,p ?; β+ ?; β+p ?
/Record/Section/7/Section/4/Information/4/Value/StringWithMarkup/1/Markup/0/Start,number,6
/Record/Section/7/Section/4/Information/4/Value/StringWithMarkup/1/Markup/0/Length,number,1
/Record/Section/7/Section/4/Information/4/Value/StringWithMarkup/1/Markup/0/Type,string,Superscript
/Record/Section/7/Section/4/Information/4/Value/StringWithMarkup/1/Markup/1/Start,number,12
/Record/Section/7/Section/4/Information/4/Value/StringWithMarkup/1/Markup/1/Length,number,1
/Record/Section/7/Section/4/Information/4/Value/StringWithMarkup/1/Markup/1/Type,string,Superscript
/Record/Section/7/Section/4/Information/4/Value/StringWithMarkup/2/String,string,p ?; β+ ?; β+p ?
/Record/Section/7/Section/4/Information/4/Value/StringWithMarkup/2/Markup/0/Start,number,6
/Record/Section/7/Section/4/Information/4/Value/StringWithMarkup/2/Markup/0/Length,number,1
/Record/Section/7/Section/4/Information/4/Value/StringWithMarkup/2/Markup/0/Type,string,Superscript
/Record/Section/7/Section/4/Information/4/Value/StringWithMarkup/2/Markup/1/Start,number,12
/Record/Section/7/Section/4/Information/4/Value/StringWithMarkup/2/Markup/1/Length,number,1
/Record/Section/7/Section/4/Information/4/Value/StringWithMarkup/2/Markup/1/Type,string,Superscript
/Record/Section/7/Section/4/Information/4/Value/StringWithMarkup/3/String,string,β+=100%; β+p ?
/Record/Section/7/Section/4/Information/4/Value/StringWithMarkup/3/Markup/0/Start,number,1
/Record/Section/7/Section/4/Information/4/Value/StringWithMarkup/3/Markup/0/Length,number,1
/Record/Section/7/Section/4/Information/4/Value/StringWithMarkup/3/Markup/0/Type,string,Superscript
/Record/Section/7/Section/4/Information/4/Value/StringWithMarkup/3/Markup/1/Start,number,10
/Record/Section/7/Section/4/Information/4/Value/StringWithMarkup/3/Markup/1/Length,number,1
/Record/Section/7/Section/4/Information/4/Value/StringWithMarkup/3/Markup/1/Type,string,Superscript
/Record/Section/7/Section/4/Information/4/Value/StringWithMarkup/4/String,string,IT=100%
/Record/Section/7/Section/4/Information/4/Value/StringWithMarkup/5/String,string,β+=100%
/Record/Section/7/Section/4/Information/4/Value/StringWithMarkup/5/Markup/0/Start,number,1
/Record/Section/7/Section/4/Information/4/Value/StringWithMarkup/5/Markup/0/Length,number,1
/Record/Section/7/Section/4/Information/4/Value/StringWithMarkup/5/Markup/0/Type,string,Superscript
/Record/Section/7/Section/4/Information/4/Value/StringWithMarkup/6/String,string,β+=100%
/Record/Section/7/Section/4/Information/4/Value/StringWithMarkup/6/Markup/0/Start,number,1
/Record/Section/7/Section/4/Information/4/Value/StringWithMarkup/6/Markup/0/Length,number,1
/Record/Section/7/Section/4/Information/4/Value/StringWithMarkup/6/Markup/0/Type,string,Superscript
/Record/Section/7/Section/4/Information/4/Value/StringWithMarkup/7/String,string,IT=100%
/Record/Section/7/Section/4/Information/4/Value/StringWithMarkup/8/String,string,IT=100%
/Record/Section/7/Section/4/Information/4/Value/StringWithMarkup/9/String,string,β+=100%
/Record/Section/7/Section/4/Information/4/Value/StringWithMarkup/9/Markup/0/Start,number,1
/Record/Section/7/Section/4/Information/4/Value/StringWithMarkup/9/Markup/0/Length,number,1
/Record/Section/7/Section/4/Information/4/Value/StringWithMarkup/9/Markup/0/Type,string,Superscript
/Record/Section/7/Section/4/Information/4/Value/StringWithMarkup/10/String,string,IT=?; β+=?
/Record/Section/7/Section/4/Information/4/Value/StringWithMarkup/10/Markup/0/Start,number,7
/Record/Section/7/Section/4/Information/4/Value/StringWithMarkup/10/Markup/0/Length,number,1
/Record/Section/7/Section/4/Information/4/Value/StringWithMarkup/10/Markup/0/Type,string,Superscript
/Record/Section/7/Section/4/Information/4/Value/StringWithMarkup/11/String,string,β- ?; IT ?
/Record/Section/7/Section/4/Information/4/Value/StringWithMarkup/11/Markup/0/Start,number,1
/Record/Section/7/Section/4/Information/4/Value/StringWithMarkup/11/Markup/0/Length,number,1
/Record/Section/7/Section/4/Information/4/Value/StringWithMarkup/11/Markup/0/Type,string,Superscript
/Record/Section/7/Section/4/Information/4/Value/StringWithMarkup/12/String,string,β+=100%
/Record/Section/7/Section/4/Information/4/Value/StringWithMarkup/12/Markup/0/Start,number,1
/Record/Section/7/Section/4/Information/4/Value/StringWithMarkup/12/Markup/0/Length,number,1
/Record/Section/7/Section/4/Information/4/Value/StringWithMarkup/12/Markup/0/Type,string,Superscript
/Record/Section/7/Section/4/Information/4/Value/StringWithMarkup/13/String,string,β+=100%; IT ?
/Record/Section/7/Section/4/Information/4/Value/StringWithMarkup/13/Markup/0/Start,number,1
/Record/Section/7/Section/4/Information/4/Value/StringWithMarkup/13/Markup/0/Length,number,1
/Record/Section/7/Section/4/Information/4/Value/StringWithMarkup/13/Markup/0/Type,string,Superscript
/Record/Section/7/Section/4/Information/4/Value/StringWithMarkup/14/String,string,β+= ?; IT ?
/Record/Section/7/Section/4/Information/4/Value/StringWithMarkup/14/Markup/0/Start,number,1
/Record/Section/7/Section/4/Information/4/Value/StringWithMarkup/14/Markup/0/Length,number,1
/Record/Section/7/Section/4/Information/4/Value/StringWithMarkup/14/Markup/0/Type,string,Superscript
/Record/Section/7/Section/4/Information/4/Value/StringWithMarkup/15/String,string,β+=100%
/Record/Section/7/Section/4/Information/4/Value/StringWithMarkup/15/Markup/0/Start,number,1
/Record/Section/7/Section/4/Information/4/Value/StringWithMarkup/15/Markup/0/Length,number,1
/Record/Section/7/Section/4/Information/4/Value/StringWithMarkup/15/Markup/0/Type,string,Superscript
/Record/Section/7/Section/4/Information/4/Value/StringWithMarkup/16/String,string,β+=100%
/Record/Section/7/Section/4/Information/4/Value/StringWithMarkup/16/Markup/0/Start,number,1
/Record/Section/7/Section/4/Information/4/Value/StringWithMarkup/16/Markup/0/Length,number,1
/Record/Section/7/Section/4/Information/4/Value/StringWithMarkup/16/Markup/0/Type,string,Superscript
/Record/Section/7/Section/4/Information/4/Value/StringWithMarkup/17/String,string,β+=100%
/Record/Section/7/Section/4/Information/4/Value/StringWithMarkup/17/Markup/0/Start,number,1
/Record/Section/7/Section/4/Information/4/Value/StringWithMarkup/17/Markup/0/Length,number,1
/Record/Section/7/Section/4/Information/4/Value/StringWithMarkup/17/Markup/0/Type,string,Superscript
/Record/Section/7/Section/4/Information/4/Value/StringWithMarkup/18/String,string,β+=100%
/Record/Section/7/Section/4/Information/4/Value/StringWithMarkup/18/Markup/0/Start,number,1
/Record/Section/7/Section/4/Information/4/Value/StringWithMarkup/18/Markup/0/Length,number,1
/Record/Section/7/Section/4/Information/4/Value/StringWithMarkup/18/Markup/0/Type,string,Superscript
/Record/Section/7/Section/4/Information/4/Value/StringWithMarkup/19/String,string,β+=100%
/Record/Section/7/Section/4/Information/4/Value/StringWithMarkup/19/Markup/0/Start,number,1
/Record/Section/7/Section/4/Information/4/Value/StringWithMarkup/19/Markup/0/Length,number,1
/Record/Section/7/Section/4/Information/4/Value/StringWithMarkup/19/Markup/0/Type,string,Superscript
/Record/Section/7/Section/4/Information/4/Value/StringWithMarkup/20/String,string,β+=100%
/Record/Section/7/Section/4/Information/4/Value/StringWithMarkup/20/Markup/0/Start,number,1
/Record/Section/7/Section/4/Information/4/Value/StringWithMarkup/20/Markup/0/Length,number,1
/Record/Section/7/Section/4/Information/4/Value/StringWithMarkup/20/Markup/0/Type,string,Superscript
/Record/Section/7/Section/4/Information/4/Value/StringWithMarkup/21/String,string,β+=100%
/Record/Section/7/Section/4/Information/4/Value/StringWithMarkup/21/Markup/0/Start,number,1
/Record/Section/7/Section/4/Information/4/Value/StringWithMarkup/21/Markup/0/Length,number,1
/Record/Section/7/Section/4/Information/4/Value/StringWithMarkup/21/Markup/0/Type,string,Superscript
/Record/Section/7/Section/4/Information/4/Value/StringWithMarkup/22/String,string,IT=100%
/Record/Section/7/Section/4/Information/4/Value/StringWithMarkup/23/String,string,IT=100%
/Record/Section/7/Section/4/Information/4/Value/StringWithMarkup/24/String,string,IT=100%
/Record/Section/7/Section/4/Information/4/Value/StringWithMarkup/25/String,string,"IT=100[gs=0,m=100]"
/Record/Section/7/Section/4/Information/4/Value/StringWithMarkup/26/String,string,IT=100%
/Record/Section/7/Section/4/Information/4/Value/StringWithMarkup/27/String,string,ε≈100%; e+=0.0138±2.5%
/Record/Section/7/Section/4/Information/4/Value/StringWithMarkup/27/Markup/0/Start,number,9
/Record/Section/7/Section/4/Information/4/Value/StringWithMarkup/27/Markup/0/Length,number,1
/Record/Section/7/Section/4/Information/4/Value/StringWithMarkup/27/Markup/0/Type,string,Superscript
/Record/Section/7/Section/4/Information/4/Value/StringWithMarkup/28/String,string,IT=96.6±0.5%; ε=3.4±0.5%; e+=0.0028±0.2%
/Record/Section/7/Section/4/Information/4/Value/StringWithMarkup/28/Markup/0/Start,number,27
/Record/Section/7/Section/4/Information/4/Value/StringWithMarkup/28/Markup/0/Length,number,1
/Record/Section/7/Section/4/Information/4/Value/StringWithMarkup/28/Markup/0/Type,string,Superscript
/Record/Section/7/Section/4/Information/4/Value/StringWithMarkup/29/String,string,IT=100%
/Record/Section/7/Section/4/Information/4/Value/StringWithMarkup/30/String,string,β+=100%
/Record/Section/7/Section/4/Information/4/Value/StringWithMarkup/30/Markup/0/Start,number,1
/Record/Section/7/Section/4/Information/4/Value/StringWithMarkup/30/Markup/0/Length,number,1
/Record/Section/7/Section/4/Information/4/Value/StringWithMarkup/30/Markup/0/Type,string,Superscript
/Record/Section/7/Section/4/Information/4/Value/StringWithMarkup/31/String,string,β+=100%
/Record/Section/7/Section/4/Information/4/Value/StringWithMarkup/31/Markup/0/Start,number,1
/Record/Section/7/Section/4/Information/4/Value/StringWithMarkup/31/Markup/0/Length,number,1
/Record/Section/7/Section/4/Information/4/Value/StringWithMarkup/31/Markup/0/Type,string,Superscript
/Record/Section/7/Section/4/Information/4/Value/StringWithMarkup/32/String,string,IT=100%
/Record/Section/7/Section/4/Information/4/Value/StringWithMarkup/33/String,string,IT=100%
/Record/Section/7/Section/4/Information/4/Value/StringWithMarkup/34/String,string,IS=100%
/Record/Section/7/Section/4/Information/4/Value/StringWithMarkup/35/String,string,IT=100%
/Record/Section/7/Section/4/Information/4/Value/StringWithMarkup/36/String,string,IT=100%
/Record/Section/7/Section/4/Information/4/Value/StringWithMarkup/37/String,string,β-=100%
/Record/Section/7/Section/4/Information/4/Value/StringWithMarkup/37/Markup/0/Start,number,1
/Record/Section/7/Section/4/Information/4/Value/StringWithMarkup/37/Markup/0/Length,number,1
/Record/Section/7/Section/4/Information/4/Value/StringWithMarkup/37/Markup/0/Type,string,Superscript
/Record/Section/7/Section/4/Information/4/Value/StringWithMarkup/38/String,string,IT=99.50±0.6%; β-=0.50±0.6%
/Record/Section/7/Section/4/Information/4/Value/StringWithMarkup/38/Markup/0/Start,number,16
/Record/Section/7/Section/4/Information/4/Value/StringWithMarkup/38/Markup/0/Length,number,1
/Record/Section/7/Section/4/Information/4/Value/StringWithMarkup/38/Markup/0/Type,string,Superscript
/Record/Section/7/Section/4/Information/4/Value/StringWithMarkup/39/String,string,β-=100%
/Record/Section/7/Section/4/Information/4/Value/StringWithMarkup/39/Markup/0/Start,number,1
/Record/Section/7/Section/4/Information/4/Value/StringWithMarkup/39/Markup/0/Length,number,1
/Record/Section/7/Section/4/Information/4/Value/StringWithMarkup/39/Markup/0/Type,string,Superscript
/Record/Section/7/Section/4/Information/4/Value/StringWithMarkup/40/String,string,IT=94.4±0.6%; β-=5.6±0.6%
/Record/Section/7/Section/4/Information/4/Value/StringWithMarkup/40/Markup/0/Start,number,15
/Record/Section/7/Section/4/Information/4/Value/StringWithMarkup/40/Markup/0/Length,number,1
/Record/Section/7/Section/4/Information/4/Value/StringWithMarkup/40/Markup/0/Type,string,Superscript
/Record/Section/7/Section/4/Information/4/Value/StringWithMarkup/41/String,string,β-=100%
/Record/Section/7/Section/4/Information/4/Value/StringWithMarkup/41/Markup/0/Start,number,1
/Record/Section/7/Section/4/Information/4/Value/StringWithMarkup/41/Markup/0/Length,number,1
/Record/Section/7/Section/4/Information/4/Value/StringWithMarkup/41/Markup/0/Type,string,Superscript
/Record/Section/7/Section/4/Information/4/Value/StringWithMarkup/42/String,string,β-=100%
/Record/Section/7/Section/4/Information/4/Value/StringWithMarkup/42/Markup/0/Start,number,1
/Record/Section/7/Section/4/Information/4/Value/StringWithMarkup/42/Markup/0/Length,number,1
/Record/Section/7/Section/4/Information/4/Value/StringWithMarkup/42/Markup/0/Type,string,Superscript
/Record/Section/7/Section/4/Information/4/Value/StringWithMarkup/43/String,string,IT=100%
/Record/Section/7/Section/4/Information/4/Value/StringWithMarkup/44/String,string,β-=100%
/Record/Section/7/Section/4/Information/4/Value/StringWithMarkup/44/Markup/0/Start,number,1
/Record/Section/7/Section/4/Information/4/Value/StringWithMarkup/44/Markup/0/Length,number,1
/Record/Section/7/Section/4/Information/4/Value/StringWithMarkup/44/Markup/0/Type,string,Superscript
/Record/Section/7/Section/4/Information/4/Value/StringWithMarkup/45/String,string,β-≈100%; IT ?
/Record/Section/7/Section/4/Information/4/Value/StringWithMarkup/45/Markup/0/Start,number,1
/Record/Section/7/Section/4/Information/4/Value/StringWithMarkup/45/Markup/0/Length,number,1
/Record/Section/7/Section/4/Information/4/Value/StringWithMarkup/45/Markup/0/Type,string,Superscript
/Record/Section/7/Section/4/Information/4/Value/StringWithMarkup/46/String,string,β-=100%
/Record/Section/7/Section/4/Information/4/Value/StringWithMarkup/46/Markup/0/Start,number,1
/Record/Section/7/Section/4/Information/4/Value/StringWithMarkup/46/Markup/0/Length,number,1
/Record/Section/7/Section/4/Information/4/Value/StringWithMarkup/46/Markup/0/Type,string,Superscript
/Record/Section/7/Section/4/Information/4/Value/StringWithMarkup/47/String,string,β-≈100%; IT=?
/Record/Section/7/Section/4/Information/4/Value/StringWithMarkup/47/Markup/0/Start,number,1
/Record/Section/7/Section/4/Information/4/Value/StringWithMarkup/47/Markup/0/Length,number,1
/Record/Section/7/Section/4/Information/4/Value/StringWithMarkup/47/Markup/0/Type,string,Superscript
/Record/Section/7/Section/4/Information/4/Value/StringWithMarkup/48/String,string,β-=100%
/Record/Section/7/Section/4/Information/4/Value/StringWithMarkup/48/Markup/0/Start,number,1
/Record/Section/7/Section/4/Information/4/Value/StringWithMarkup/48/Markup/0/Length,number,1
/Record/Section/7/Section/4/Information/4/Value/StringWithMarkup/48/Markup/0/Type,string,Superscript
/Record/Section/7/Section/4/Information/4/Value/StringWithMarkup/49/String,string,β-=100%
/Record/Section/7/Section/4/Information/4/Value/StringWithMarkup/49/Markup/0/Start,number,1
/Record/Section/7/Section/4/Information/4/Value/StringWithMarkup/49/Markup/0/Length,number,1
/Record/Section/7/Section/4/Information/4/Value/StringWithMarkup/49/Markup/0/Type,string,Superscript
/Record/Section/7/Section/4/Information/4/Value/StringWithMarkup/50/String,string,IT=100%
/Record/Section/7/Section/4/Information/4/Value/StringWithMarkup/51/String,string,IT=100%
/Record/Section/7/Section/4/Information/4/Value/StringWithMarkup/52/String,string,β-=100%
/Record/Section/7/Section/4/Information/4/Value/StringWithMarkup/52/Markup/0/Start,number,1
/Record/Section/7/Section/4/Information/4/Value/StringWithMarkup/52/Markup/0/Length,number,1
/Record/Section/7/Section/4/Information/4/Value/StringWithMarkup/52/Markup/0/Type,string,Superscript
/Record/Section/7/Section/4/Information/4/Value/StringWithMarkup/53/String,string,β-=100%
/Record/Section/7/Section/4/Information/4/Value/StringWithMarkup/53/Markup/0/Start,number,1
/Record/Section/7/Section/4/Information/4/Value/StringWithMarkup/53/Markup/0/Length,number,1
/Record/Section/7/Section/4/Information/4/Value/StringWithMarkup/53/Markup/0/Type,string,Superscript
/Record/Section/7/Section/4/Information/4/Value/StringWithMarkup/54/String,string,β-=100%; IT ?
/Record/Section/7/Section/4/Information/4/Value/StringWithMarkup/54/Markup/0/Start,number,1
/Record/Section/7/Section/4/Information/4/Value/StringWithMarkup/54/Markup/0/Length,number,1
/Record/Section/7/Section/4/Information/4/Value/StringWithMarkup/54/Markup/0/Type,string,Superscript
/Record/Section/7/Section/4/Information/4/Value/StringWithMarkup/55/String,string,β-=100%; β-n ?
/Record/Section/7/Section/4/Information/4/Value/StringWithMarkup/55/Markup/0/Start,number,1
/Record/Section/7/Section/4/Information/4/Value/StringWithMarkup/55/Markup/0/Length,number,1
/Record/Section/7/Section/4/Information/4/Value/StringWithMarkup/55/Markup/0/Type,string,Superscript
/Record/Section/7/Section/4/Information/4/Value/StringWithMarkup/55/Markup/1/Start,number,10
/Record/Section/7/Section/4/Information/4/Value/StringWithMarkup/55/Markup/1/Length,number,1
/Record/Section/7/Section/4/Information/4/Value/StringWithMarkup/55/Markup/1/Type,string,Superscript
/Record/Section/7/Section/4/Information/4/Value/StringWithMarkup/56/String,string,β-=100%; β-n=0.05±0.3%
/Record/Section/7/Section/4/Information/4/Value/StringWithMarkup/56/Markup/0/Start,number,1
/Record/Section/7/Section/4/Information/4/Value/StringWithMarkup/56/Markup/0/Length,number,1
/Record/Section/7/Section/4/Information/4/Value/StringWithMarkup/56/Markup/0/Type,string,Superscript
/Record/Section/7/Section/4/Information/4/Value/StringWithMarkup/56/Markup/1/Start,number,10
/Record/Section/7/Section/4/Information/4/Value/StringWithMarkup/56/Markup/1/Length,number,1
/Record/Section/7/Section/4/Information/4/Value/StringWithMarkup/56/Markup/1/Type,string,Superscript
/Record/Section/7/Section/4/Information/4/Value/StringWithMarkup/57/String,string,β-=100%; β-n=0.06±0.3%
/Record/Section/7/Section/4/Information/4/Value/StringWithMarkup/57/Markup/0/Start,number,1
/Record/Section/7/Section/4/Information/4/Value/StringWithMarkup/57/Markup/0/Length,number,1
/Record/Section/7/Section/4/Information/4/Value/StringWithMarkup/57/Markup/0/Type,string,Superscript
/Record/Section/7/Section/4/Information/4/Value/StringWithMarkup/57/Markup/1/Start,number,10
/Record/Section/7/Section/4/Information/4/Value/StringWithMarkup/57/Markup/1/Length,number,1
/Record/Section/7/Section/4/Information/4/Value/StringWithMarkup/57/Markup/1/Type,string,Superscript
/Record/Section/7/Section/4/Information/4/Value/StringWithMarkup/58/String,string,β-=100%; β-n=1.7±0.9%
/Record/Section/7/Section/4/Information/4/Value/StringWithMarkup/58/Markup/0/Start,number,1
/Record/Section/7/Section/4/Information/4/Value/StringWithMarkup/58/Markup/0/Length,number,1
/Record/Section/7/Section/4/Information/4/Value/StringWithMarkup/58/Markup/0/Type,string,Superscript
/Record/Section/7/Section/4/Information/4/Value/StringWithMarkup/58/Markup/1/Start,number,10
/Record/Section/7/Section/4/Information/4/Value/StringWithMarkup/58/Markup/1/Length,number,1
/Record/Section/7/Section/4/Information/4/Value/StringWithMarkup/58/Markup/1/Type,string,Superscript
/Record/Section/7/Section/4/Information/4/Value/StringWithMarkup/59/String,string,β-=100%; β-n=4.5±0.3%
/Record/Section/7/Section/4/Information/4/Value/StringWithMarkup/59/Markup/0/Start,number,1
/Record/Section/7/Section/4/Information/4/Value/StringWithMarkup/59/Markup/0/Length,number,1
/Record/Section/7/Section/4/Information/4/Value/StringWithMarkup/59/Markup/0/Type,string,Superscript
/Record/Section/7/Section/4/Information/4/Value/StringWithMarkup/59/Markup/1/Start,number,10
/Record/Section/7/Section/4/Information/4/Value/StringWithMarkup/59/Markup/1/Length,number,1
/Record/Section/7/Section/4/Information/4/Value/StringWithMarkup/59/Markup/1/Type,string,Superscript
/Record/Section/7/Section/4/Information/4/Value/StringWithMarkup/60/String,string,β-=100%; IT ?
/Record/Section/7/Section/4/Information/4/Value/StringWithMarkup/60/Markup/0/Start,number,1
/Record/Section/7/Section/4/Information/4/Value/StringWithMarkup/60/Markup/0/Length,number,1
/Record/Section/7/Section/4/Information/4/Value/StringWithMarkup/60/Markup/0/Type,string,Superscript
/Record/Section/7/Section/4/Information/4/Value/StringWithMarkup/61/String,string,IT=100%
/Record/Section/7/Section/4/Information/4/Value/StringWithMarkup/62/String,string,β-=100%; β-n=7.4±0.8%
/Record/Section/7/Section/4/Information/4/Value/StringWithMarkup/62/Markup/0/Start,number,1
/Record/Section/7/Section/4/Information/4/Value/StringWithMarkup/62/Markup/0/Length,number,1
/Record/Section/7/Section/4/Information/4/Value/StringWithMarkup/62/Markup/0/Type,string,Superscript
/Record/Section/7/Section/4/Information/4/Value/StringWithMarkup/62/Markup/1/Start,number,10
/Record/Section/7/Section/4/Information/4/Value/StringWithMarkup/62/Markup/1/Length,number,1
/Record/Section/7/Section/4/Information/4/Value/StringWithMarkup/62/Markup/1/Type,string,Superscript
/Record/Section/7/Section/4/Information/4/Value/StringWithMarkup/63/String,string,β-=100%; β-n=6.3±0.5%; β-2n ?
/Record/Section/7/Section/4/Information/4/Value/StringWithMarkup/63/Markup/0/Start,number,1
/Record/Section/7/Section/4/Information/4/Value/StringWithMarkup/63/Markup/0/Length,number,1
/Record/Section/7/Section/4/Information/4/Value/StringWithMarkup/63/Markup/0/Type,string,Superscript
/Record/Section/7/Section/4/Information/4/Value/StringWithMarkup/63/Markup/1/Start,number,10
/Record/Section/7/Section/4/Information/4/Value/StringWithMarkup/63/Markup/1/Length,number,1
/Record/Section/7/Section/4/Information/4/Value/StringWithMarkup/63/Markup/1/Type,string,Superscript
/Record/Section/7/Section/4/Information/4/Value/StringWithMarkup/63/Markup/2/Start,number,24
/Record/Section/7/Section/4/Information/4/Value/StringWithMarkup/63/Markup/2/Length,number,1
/Record/Section/7/Section/4/Information/4/Value/StringWithMarkup/63/Markup/2/Type,string,Superscript
/Record/Section/7/Section/4/Information/4/Value/StringWithMarkup/64/String,string,IT=100%
/Record/Section/7/Section/4/Information/4/Value/StringWithMarkup/65/String,string,β-=100%; β-n=31±0.5%
/Record/Section/7/Section/4/Information/4/Value/StringWithMarkup/65/Markup/0/Start,number,1
/Record/Section/7/Section/4/Information/4/Value/StringWithMarkup/65/Markup/0/Length,number,1
/Record/Section/7/Section/4/Information/4/Value/StringWithMarkup/65/Markup/0/Type,string,Superscript
/Record/Section/7/Section/4/Information/4/Value/StringWithMarkup/65/Markup/1/Start,number,10
/Record/Section/7/Section/4/Information/4/Value/StringWithMarkup/65/Markup/1/Length,number,1
/Record/Section/7/Section/4/Information/4/Value/StringWithMarkup/65/Markup/1/Type,string,Superscript
/Record/Section/7/Section/4/Information/4/Value/StringWithMarkup/66/String,string,IT=100%
/Record/Section/7/Section/4/Information/4/Value/StringWithMarkup/67/String,string,β-=100%; β-n=40±0.8%; β-2n ?
/Record/Section/7/Section/4/Information/4/Value/StringWithMarkup/67/Markup/0/Start,number,1
/Record/Section/7/Section/4/Information/4/Value/StringWithMarkup/67/Markup/0/Length,number,1
/Record/Section/7/Section/4/Information/4/Value/StringWithMarkup/67/Markup/0/Type,string,Superscript
/Record/Section/7/Section/4/Information/4/Value/StringWithMarkup/67/Markup/1/Start,number,10
/Record/Section/7/Section/4/Information/4/Value/StringWithMarkup/67/Markup/1/Length,number,1
/Record/Section/7/Section/4/Information/4/Value/StringWithMarkup/67/Markup/1/Type,string,Superscript
/Record/Section/7/Section/4/Information/4/Value/StringWithMarkup/67/Markup/2/Start,number,23
/Record/Section/7/Section/4/Information/4/Value/StringWithMarkup/67/Markup/2/Length,number,1
/Record/Section/7/Section/4/Information/4/Value/StringWithMarkup/67/Markup/2/Type,string,Superscript
/Record/Section/7/Section/4/Information/4/Value/StringWithMarkup/68/String,string,β-=100%; IT ?; β-n=40±0.8%; β-2n ?
/Record/Section/7/Section/4/Information/4/Value/StringWithMarkup/68/Markup/0/Start,number,1
/Record/Section/7/Section/4/Information/4/Value/StringWithMarkup/68/Markup/0/Length,number,1
/Record/Section/7/Section/4/Information/4/Value/StringWithMarkup/68/Markup/0/Type,string,Superscript
/Record/Section/7/Section/4/Information/4/Value/StringWithMarkup/68/Markup/1/Start,number,16
/Record/Section/7/Section/4/Information/4/Value/StringWithMarkup/68/Markup/1/Length,number,1
/Record/Section/7/Section/4/Information/4/Value/StringWithMarkup/68/Markup/1/Type,string,Superscript
/Record/Section/7/Section/4/Information/4/Value/StringWithMarkup/68/Markup/2/Start,number,29
/Record/Section/7/Section/4/Information/4/Value/StringWithMarkup/68/Markup/2/Length,number,1
/Record/Section/7/Section/4/Information/4/Value/StringWithMarkup/68/Markup/2/Type,string,Superscript
/Record/Section/7/Section/4/Information/4/Value/StringWithMarkup/69/String,string,β-=100%; β-n ?; β-2n ?
/Record/Section/7/Section/4/Information/4/Value/StringWithMarkup/69/Markup/0/Start,number,1
/Record/Section/7/Section/4/Information/4/Value/StringWithMarkup/69/Markup/0/Length,number,1
/Record/Section/7/Section/4/Information/4/Value/StringWithMarkup/69/Markup/0/Type,string,Superscript
/Record/Section/7/Section/4/Information/4/Value/StringWithMarkup/69/Markup/1/Start,number,10
/Record/Section/7/Section/4/Information/4/Value/StringWithMarkup/69/Markup/1/Length,number,1
/Record/Section/7/Section/4/Information/4/Value/StringWithMarkup/69/Markup/1/Type,string,Superscript
/Record/Section/7/Section/4/Information/4/Value/StringWithMarkup/69/Markup/2/Start,number,17
/Record/Section/7/Section/4/Information/4/Value/StringWithMarkup/69/Markup/2/Length,number,1
/Record/Section/7/Section/4/Information/4/Value/StringWithMarkup/69/Markup/2/Type,string,Superscript
/Record/Section/7/Section/4/Information/4/Value/StringWithMarkup/70/String,string,β-=100%; β-n ?; β-2n ?
/Record/Section/7/Section/4/Information/4/Value/StringWithMarkup/70/Markup/0/Start,number,1
/Record/Section/7/Section/4/Information/4/Value/StringWithMarkup/70/Markup/0/Length,number,1
/Record/Section/7/Section/4/Information/4/Value/StringWithMarkup/70/Markup/0/Type,string,Superscript
/Record/Section/7/Section/4/Information/4/Value/StringWithMarkup/70/Markup/1/Start,number,10
/Record/Section/7/Section/4/Information/4/Value/StringWithMarkup/70/Markup/1/Length,number,1
/Record/Section/7/Section/4/Information/4/Value/StringWithMarkup/70/Markup/1/Type,string,Superscript
/Record/Section/7/Section/4/Information/4/Value/StringWithMarkup/70/Markup/2/Start,number,17
/Record/Section/7/Section/4/Information/4/Value/StringWithMarkup/70/Markup/2/Length,number,1
/Record/Section/7/Section/4/Information/4/Value/StringWithMarkup/70/Markup/2/Type,string,Superscript
/Record/Section/7/Section/4/Information/4/Value/StringWithMarkup/71/String,string,β-=100%; β-n ?; β-2n ?
/Record/Section/7/Section/4/Information/4/Value/StringWithMarkup/71/Markup/0/Start,number,1
/Record/Section/7/Section/4/Information/4/Value/StringWithMarkup/71/Markup/0/Length,number,1
/Record/Section/7/Section/4/Information/4/Value/StringWithMarkup/71/Markup/0/Type,string,Superscript
/Record/Section/7/Section/4/Information/4/Value/StringWithMarkup/71/Markup/1/Start,number,10
/Record/Section/7/Section/4/Information/4/Value/StringWithMarkup/71/Markup/1/Length,number,1
/Record/Section/7/Section/4/Information/4/Value/StringWithMarkup/71/Markup/1/Type,string,Superscript
/Record/Section/7/Section/4/Information/4/Value/StringWithMarkup/71/Markup/2/Start,number,17
/Record/Section/7/Section/4/Information/4/Value/StringWithMarkup/71/Markup/2/Length,number,1
/Record/Section/7/Section/4/Information/4/Value/StringWithMarkup/71/Markup/2/Type,string,Superscript
/Record/Section/7/Section/4/Information/4/Value/StringWithMarkup/72/String,string,β-=100%; β-n ?; β-2n ?
/Record/Section/7/Section/4/Information/4/Value/StringWithMarkup/72/Markup/0/Start,number,1
/Record/Section/7/Section/4/Information/4/Value/StringWithMarkup/72/Markup/0/Length,number,1
/Record/Section/7/Section/4/Information/4/Value/StringWithMarkup/72/Markup/0/Type,string,Superscript
/Record/Section/7/Section/4/Information/4/Value/StringWithMarkup/72/Markup/1/Start,number,10
/Record/Section/7/Section/4/Information/4/Value/StringWithMarkup/72/Markup/1/Length,number,1
/Record/Section/7/Section/4/Information/4/Value/StringWithMarkup/72/Markup/1/Type,string,Superscript
/Record/Section/7/Section/4/Information/4/Value/StringWithMarkup/72/Markup/2/Start,number,17
/Record/Section/7/Section/4/Information/4/Value/StringWithMarkup/72/Markup/2/Length,number,1
/Record/Section/7/Section/4/Information/4/Value/StringWithMarkup/72/Markup/2/Type,string,Superscript
/Record/Section/7/Section/4/Information/4/Value/StringWithMarkup/73/String,string,β-=100%; β-n ?; β-2n ?
/Record/Section/7/Section/4/Information/4/Value/StringWithMarkup/73/Markup/0/Start,number,1
/Record/Section/7/Section/4/Information/4/Value/StringWithMarkup/73/Markup/0/Length,number,1
/Record/Section/7/Section/4/Information/4/Value/StringWithMarkup/73/Markup/0/Type,string,Superscript
/Record/Section/7/Section/4/Information/4/Value/StringWithMarkup/73/Markup/1/Start,number,10
/Record/Section/7/Section/4/Information/4/Value/StringWithMarkup/73/Markup/1/Length,number,1
/Record/Section/7/Section/4/Information/4/Value/StringWithMarkup/73/Markup/1/Type,string,Superscript
/Record/Section/7/Section/4/Information/4/Value/StringWithMarkup/73/Markup/2/Start,number,17
/Record/Section/7/Section/4/Information/4/Value/StringWithMarkup/73/Markup/2/Length,number,1
/Record/Section/7/Section/4/Information/4/Value/StringWithMarkup/73/Markup/2/Type,string,Superscript
/Record/Section/7/Section/4/Information/4/Value/StringWithMarkup/74/String,string,β- ?; β-n ?; β-2n ?
/Record/Section/7/Section/4/Information/4/Value/StringWithMarkup/74/Markup/0/Start,number,1
/Record/Section/7/Section/4/Information/4/Value/StringWithMarkup/74/Markup/0/Length,number,1
/Record/Section/7/Section/4/Information/4/Value/StringWithMarkup/74/Markup/0/Type,string,Superscript
/Record/Section/7/Section/4/Information/4/Value/StringWithMarkup/74/Markup/1/Start,number,7
/Record/Section/7/Section/4/Information/4/Value/StringWithMarkup/74/Markup/1/Length,number,1
/Record/Section/7/Section/4/Information/4/Value/StringWithMarkup/74/Markup/1/Type,string,Superscript
/Record/Section/7/Section/4/Information/4/Value/StringWithMarkup/74/Markup/2/Start,number,14
/Record/Section/7/Section/4/Information/4/Value/StringWithMarkup/74/Markup/2/Length,number,1
/Record/Section/7/Section/4/Information/4/Value/StringWithMarkup/74/Markup/2/Type,string,Superscript
/Record/Reference/0/ReferenceNumber,number,1
/Record/Reference/0/SourceName,string,PubChem
/Record/Reference/0/SourceID,string,PubChem
/Record/Reference/0/Description,string,Data deposited in or computed by PubChem
/Record/Reference/0/URL,string,https://pubchem.ncbi.nlm.nih.gov
/Record/Reference/1/ReferenceNumber,number,2
/Record/Reference/1/SourceName,string,"Atomic Mass Data Center (AMDC), International Atomic Energy Agency (IAEA)"
/Record/Reference/1/SourceID,string,e41
/Record/Reference/1/Name,string,Nb
/Record/Reference/1/Description,string,The half-life and atomic mass data was provided by the Atomic Mass Data Center at the International Atomic Energy Agency.
/Record/Reference/1/URL,string,https://www-nds.iaea.org/amdc/
/Record/Reference/1/LicenseURL,string,https://www-nds.iaea.org/disclaimer.html
/Record/Reference/1/ANID,number,6590268
/Record/Reference/2/ReferenceNumber,number,3
/Record/Reference/2/SourceName,string,IUPAC Commission on Isotopic Abundances and Atomic Weights (CIAAW)
/Record/Reference/2/SourceID,string,a41
/Record/Reference/2/Name,string,Niobium
/Record/Reference/2/Description,string,Element data are cited from the Atomic weights of the elements (an IUPAC Technical Report). The IUPAC periodic table of elements can be found at https://iupac.org/what-we-do/periodic-table-of-elements/. Additional information can be found within IUPAC publication doi:10.1515/pac-2015-0703 Copyright © 2020 International Union of Pure and Applied Chemistry.
/Record/Reference/2/URL,string,https://www.ciaaw.org/niobium.htm
/Record/Reference/2/LicenseURL,string,http://www.ciaaw.org/bylaws.htm
/Record/Reference/2/ANID,number,2292422
/Record/Reference/3/ReferenceNumber,number,5
/Record/Reference/3/SourceName,string,"Jefferson Lab, U.S. Department of Energy"
/Record/Reference/3/SourceID,string,jlab41
/Record/Reference/3/Name,string,Niobium
/Record/Reference/3/Description,string,"Thomas Jefferson National Accelerator Facility (Jefferson Lab) is one of 17 national laboratories funded by the U.S. Department of Energy. The lab's primary mission is to conduct basic research of the atom's nucleus using the lab's unique particle accelerator, known as the Continuous Electron Beam Accelerator Facility (CEBAF). For more information visit https://www.jlab.org/"
/Record/Reference/3/URL,string,https://education.jlab.org/itselemental/ele041.html
/Record/Reference/3/LicenseNote,string,Please see citation and linking information: https://education.jlab.org/faq/index.html
/Record/Reference/3/LicenseURL,string,https://www.jlab.org/privacy-and-security-notice
/Record/Reference/3/ANID,number,507103
/Record/Reference/4/ReferenceNumber,number,6
/Record/Reference/4/SourceName,string,"Los Alamos National Laboratory, U.S. Department of Energy"
/Record/Reference/4/SourceID,string,lanl41
/Record/Reference/4/Name,string,Niobium
/Record/Reference/4/Description,string,"The periodic table at the LANL (Los Alamos National Laboratory) contains basic element information together with the history, source, properties, use, handling and more. The provenance data may be found from the link under the source name."
/Record/Reference/4/URL,string,https://periodic.lanl.gov/41.shtml
/Record/Reference/4/ANID,number,507221
/Record/Reference/5/ReferenceNumber,number,7
/Record/Reference/5/SourceName,string,NIST Physical Measurement Laboratory
/Record/Reference/5/SourceID,string,e41
/Record/Reference/5/Name,string,Niobium
/Record/Reference/5/Description,string,"The periodic table contains NIST's critically-evaluated data on atomic properties of the elements. The provenance data that include data for atomic spectroscopy, X-ray and gamma ray, radiation dosimetry, nuclear physics, and condensed matter physics may be found from the link under the source name. Ref: https://www.nist.gov/pml/atomic-spectra-database"
/Record/Reference/5/URL,string,https://physics.nist.gov/cgi-bin/Elements/elInfo.pl?element=41
/Record/Reference/5/LicenseURL,string,https://www.nist.gov/pml/database-disclaimer
/Record/Reference/5/ANID,number,2292658
/Record/Reference/6/ReferenceNumber,number,4
/Record/Reference/6/SourceName,string,IUPAC Periodic Table of the Elements and Isotopes (IPTEI)
/Record/Reference/6/SourceID,string,p41
/Record/Reference/6/Description,string,"The information are cited from Pure Appl. Chem. 2018; 90(12): 1833-2092, https://doi.org/10.1515/pac-2015-0703."
/Record/Reference/6/URL,string,https://doi.org/10.1515/pac-2015-0703
/Record/Reference/6/LicenseNote,string,"Copyright (c) 2020 International Union of Pure and Applied Chemistry.

The International Union of Pure and Applied Chemistry (IUPAC) contribution within Pubchem is provided under a CC-BY-NC-ND 4.0 license, unless otherwise stated."
/Record/Reference/6/LicenseURL,string,https://creativecommons.org/licenses/by-nc-nd/4.0/
/Record/Reference/6/ANID,number,13296446
/Record/Reference/7/ReferenceNumber,number,9
/Record/Reference/7/SourceName,string,PubChem Elements
/Record/Reference/7/SourceID,string,ep_41
/Record/Reference/7/Name,string,Niobium
/Record/Reference/7/Description,string,The element property data was retrieved from publications.
/Record/Reference/7/LicenseURL,string,https://www.nlm.nih.gov/copyright.html
/Record/Reference/7/ANID,number,24834118
/Record/Reference/8/ReferenceNumber,number,8
/Record/Reference/8/SourceName,string,PubChem Elements
/Record/Reference/8/SourceID,string,ef_41
/Record/Reference/8/Name,string,Niobium
/Record/Reference/8/Description,string,This section provides all form of data related to element Niobium.
/Record/Reference/8/LicenseURL,string,https://www.nlm.nih.gov/copyright.html
/Record/Reference/8/ANID,number,24833969
