path,type,value
/Record/RecordType,string,AtomicNumber
/Record/RecordNumber,number,90
/Record/RecordTitle,string,Thorium
/Record/Section/0/TOCHeading,string,Identifiers
/Record/Section/0/Description,string,"Identifiers for this element, including element name, element symbol, InChI string, and InChIKey."
/Record/Section/0/Section/0/TOCHeading,string,Element Name
/Record/Section/0/Section/0/Description,string,"The formal, standard name for a given element, originating from factors such as common usage and the person or place involved in its discovery. Element, also called chemical element, refers to a species of atom; all varieties of atoms with the same number of protons in the nucleus (but possibly a different number of neutrons) are considered to be the same element."
/Record/Section/0/Section/0/Information/0/ReferenceNumber,number,1
/Record/Section/0/Section/0/Information/0/Name,string,Element Name
/Record/Section/0/Section/0/Information/0/Value/StringWithMarkup/0/String,string,Thorium
/Record/Section/0/Section/0/Information/1/ReferenceNumber,number,3
/Record/Section/0/Section/0/Information/1/Name,string,Element Name
/Record/Section/0/Section/0/Information/1/Value/StringWithMarkup/0/String,string,Thorium
/Record/Section/0/Section/1/TOCHeading,string,Element Symbol
/Record/Section/0/Section/1/Description,string,"Element symbol, also called atomic symbol, typically consists of one or two letters from the Latin alphabet derived from the element name in one of several languages."
/Record/Section/0/Section/1/Information/0/ReferenceNumber,number,1
/Record/Section/0/Section/1/Information/0/Name,string,Element Symbol
/Record/Section/0/Section/1/Information/0/Value/StringWithMarkup/0/String,string,Th
/Record/Section/0/Section/1/Information/1/ReferenceNumber,number,3
/Record/Section/0/Section/1/Information/1/Name,string,Element Symbol
/Record/Section/0/Section/1/Information/1/Value/StringWithMarkup/0/String,string,Th
/Record/Section/0/Section/2/TOCHeading,string,InChI
/Record/Section/0/Section/2/Description,string,"The International Chemical Identifier (InChI) is a computed, non-proprietary identifier for a chemical structure.  The InChI is an International Union of Pure and Applied Chemistry (IUPAC) standard."
/Record/Section/0/Section/2/URL,string,https://iupac.org/who-we-are/divisions/division-details/inchi/
/Record/Section/0/Section/2/Information/0/ReferenceNumber,number,1
/Record/Section/0/Section/2/Information/0/Name,string,InChI
/Record/Section/0/Section/2/Information/0/Value/StringWithMarkup/0/String,string,InChI=1S/Th
/Record/Section/0/Section/3/TOCHeading,string,InChIKey
/Record/Section/0/Section/3/Description,string,"An InChIKey is a 27-character hashed code derived from an InChI.  The International Chemical Identifier (InChI) is a computed, non-proprietary identifier for a chemical structure.  The InChI is an International Union of Pure and Applied Chemistry (IUPAC) standard."
/Record/Section/0/Section/3/URL,string,https://iupac.org/who-we-are/divisions/division-details/inchi/
/Record/Section/0/Section/3/Information/0/ReferenceNumber,number,1
/Record/Section/0/Section/3/Information/0/Name,string,InChIKey
/Record/Section/0/Section/3/Information/0/Value/StringWithMarkup/0/String,string,ZSLUVFAKFWKJRC-UHFFFAOYSA-N
/Record/Section/1/TOCHeading,string,Properties
/Record/Section/1/Description,string,"Characteristics of this element, such as atomic number, atomic mass, density, melting point, boiling point and so on."
/Record/Section/1/Section/0/TOCHeading,string,Atomic Weight
/Record/Section/1/Section/0/Description,string,"Also called relative atomic mass, is the ratio of the average mass of the atom to the unified atomic mass unit, defined as one twelfth of the mass of a carbon-12 atom in its ground state and used to express masses of atomic particles, u=1.660 5402(10) * 10**(-27) kg. The Standard atomic weights refer to recommended values of relative atomic masses of the elements revised biennially by the IUPAC Commission on Atomic Weights and Isotopic Abundances and applicable to elements in any normal sample with a high level of confidence. The number in the parenthesis refers to an uncertainty when exists. The unit of atomic weight is the dalton or unified atomic mass unit (symbol: Da or u)."
/Record/Section/1/Section/0/Information/0/ReferenceNumber,number,3
/Record/Section/1/Section/0/Information/0/Name,string,Atomic Weight
/Record/Section/1/Section/0/Information/0/Value/StringWithMarkup/0/String,string,232.0377(4)
/Record/Section/1/Section/0/Information/1/ReferenceNumber,number,5
/Record/Section/1/Section/0/Information/1/Value/StringWithMarkup/0/String,string,232.0377
/Record/Section/1/Section/0/Information/2/ReferenceNumber,number,6
/Record/Section/1/Section/0/Information/2/Value/StringWithMarkup/0/String,string,232
/Record/Section/1/Section/0/Information/3/ReferenceNumber,number,7
/Record/Section/1/Section/0/Information/3/Value/StringWithMarkup/0/String,string,232.0377(4)
/Record/Section/1/Section/1/TOCHeading,string,Electron Configuration
/Record/Section/1/Section/1/Description,string,"The electron configuration refers a distribution of the electrons of an atom or a molecular entity over a set of one-electron wavefunctions (called orbitals), according to the Pauli principle. From one configuration several states with different multiplicities may result."
/Record/Section/1/Section/1/URL,string,https://chem.libretexts.org/Courses/Sacramento_City_College/SCC%3A_Chem_420_-_Organic_Chemistry_I/Text/01%3A_Introduction_and_Review/1.04%3A_Electron_Configurations
/Record/Section/1/Section/1/Information/0/ReferenceNumber,number,6
/Record/Section/1/Section/1/Information/0/Value/StringWithMarkup/0/String,string,[Rn]7s26d2
/Record/Section/1/Section/1/Information/0/Value/StringWithMarkup/0/Markup/0/Start,number,6
/Record/Section/1/Section/1/Information/0/Value/StringWithMarkup/0/Markup/0/Length,number,1
/Record/Section/1/Section/1/Information/0/Value/StringWithMarkup/0/Markup/0/Type,string,Superscript
/Record/Section/1/Section/1/Information/0/Value/StringWithMarkup/0/Markup/1/Start,number,9
/Record/Section/1/Section/1/Information/0/Value/StringWithMarkup/0/Markup/1/Length,number,1
/Record/Section/1/Section/1/Information/0/Value/StringWithMarkup/0/Markup/1/Type,string,Superscript
/Record/Section/1/Section/2/TOCHeading,string,Atomic Radius
/Record/Section/1/Section/2/Description,string,"The atomic radius of a chemical element is a measure of the size of its atom, usually, the distance from the center of the nucleus to the outermost isolated electron.  Because an atom does not have a discrete boundary, there are various non-equivalent definitions of atomic radius, such as Van der Waals radius and covalent radius."
/Record/Section/1/Section/2/Information/0/ReferenceNumber,number,6
/Record/Section/1/Section/2/Information/0/Name,string,Van der Waals Atomic Radius
/Record/Section/1/Section/2/Information/0/Value/StringWithMarkup/0/String,string,237 pm (Van der Waals)
/Record/Section/1/Section/2/Information/1/ReferenceNumber,number,9
/Record/Section/1/Section/2/Information/1/Name,string,Empirical Atomic Radius
/Record/Section/1/Section/2/Information/1/Reference/0,string,"J.C. Slater, J Chem Phys, 1964, 41(10), 3199-3205. DOI:10.1063/1.1725697"
/Record/Section/1/Section/2/Information/1/ExtendedReference/0/Citation,string,"J.C. Slater, J Chem Phys, 1964, 41(10), 3199-3205. DOI:10.1063/1.1725697"
/Record/Section/1/Section/2/Information/1/Value/Number/0,number,180
/Record/Section/1/Section/2/Information/1/Value/Unit,string,pm (Empirical)
/Record/Section/1/Section/2/Information/2/ReferenceNumber,number,9
/Record/Section/1/Section/2/Information/2/Name,string,Covalent Atomic Radius
/Record/Section/1/Section/2/Information/2/Reference/0,string,"B. Cordero, V. Gómez, A.E. Platero-Prats, M. Revés, J. Echeverría, E. Cremades, F. Barragán, S. Alvarez, Dalton Trans. 2008, 21, 2832-2838. DOI:10.1039/b801115j PMID:18478144."
/Record/Section/1/Section/2/Information/2/ExtendedReference/0/Citation,string,"B. Cordero, V. Gómez, A.E. Platero-Prats, M. Revés, J. Echeverría, E. Cremades, F. Barragán, S. Alvarez, Dalton Trans. 2008, 21, 2832-2838. DOI:10.1039/b801115j PMID:18478144."
/Record/Section/1/Section/2/Information/2/Value/StringWithMarkup/0/String,string,206(6) pm (Covalent)
/Record/Section/1/Section/3/TOCHeading,string,Oxidation States
/Record/Section/1/Section/3/Description,string,"The oxidation state(s) that this element commonly has in a compound.  The oxidation state of an atom is defined as the hypothetical charge that would be held by that atom if all of its bonds to other atoms were completely ionic in nature. For example, the oxidation state of carbon in CO2 would be +4 since the hypothetical charge held by the carbon atom if both of the carbon-oxygen double bonds were completely ionic would be equal to +4 (each oxygen atom would hold a charge of -2 since oxygen is more electronegative than carbon)."
/Record/Section/1/Section/3/URL,string,https://chem.libretexts.org/Bookshelves/General_Chemistry/Map%3A_Chemistry_-_The_Central_Science_(Brown_et_al.)/20%3A_Electrochemistry/20.01%3A_Oxidation_States_and_Redox_Reactions
/Record/Section/1/Section/3/Information/0/ReferenceNumber,number,5
/Record/Section/1/Section/3/Information/0/Value/StringWithMarkup/0/String,string,+4
/Record/Section/1/Section/3/Information/1/ReferenceNumber,number,6
/Record/Section/1/Section/3/Information/1/Value/StringWithMarkup/0/String,string,"4, 3, 2 , 1"
/Record/Section/1/Section/4/TOCHeading,string,Ground Level
/Record/Section/1/Section/4/Description,string,Also called ground-state level. The ground state electron configuration is the arrangement of electrons around the nucleus of an atom with lower energy levels.
/Record/Section/1/Section/4/Information/0/ReferenceNumber,number,7
/Record/Section/1/Section/4/Information/0/Value/StringWithMarkup/0/String,string,3F2
/Record/Section/1/Section/4/Information/0/Value/StringWithMarkup/0/Markup/0/Start,number,0
/Record/Section/1/Section/4/Information/0/Value/StringWithMarkup/0/Markup/0/Length,number,1
/Record/Section/1/Section/4/Information/0/Value/StringWithMarkup/0/Markup/0/Type,string,Superscript
/Record/Section/1/Section/4/Information/0/Value/StringWithMarkup/0/Markup/1/Start,number,2
/Record/Section/1/Section/4/Information/0/Value/StringWithMarkup/0/Markup/1/Length,number,1
/Record/Section/1/Section/4/Information/0/Value/StringWithMarkup/0/Markup/1/Type,string,Subscript
/Record/Section/1/Section/5/TOCHeading,string,Ionization Energy
/Record/Section/1/Section/5/Description,string,"Ionization energy, also called ionization potential, is the amount of energy required to remove an electron from an isolated atom or molecule."
/Record/Section/1/Section/5/URL,string,https://www.britannica.com/science/ionization-energy
/Record/Section/1/Section/5/Information/0/ReferenceNumber,number,5
/Record/Section/1/Section/5/Information/0/Value/StringWithMarkup/0/String,string,6.08 eV
/Record/Section/1/Section/5/Information/1/ReferenceNumber,number,7
/Record/Section/1/Section/5/Information/1/Reference/0,string,"Determination of the First Ionization Potential of Actinide Elements by Resonance Ionization Mass Spectroscopy, S. Köhler, R. Deißenberger, K. Eberhardt, N. Erdmann, G. Herrmann, G. Huber, J. V. Kratz, M. Nunnemann, G. Passler, P. M. Rao, J. Riegel, N. Trautmann, and K. Wendt, Spectrochim. Acta, Part B 52, 717–726 (1997) DOI:10.1016/S0584-8547(96)01670-9"
/Record/Section/1/Section/5/Information/1/ExtendedReference/0/Citation,string,"Determination of the First Ionization Potential of Actinide Elements by Resonance Ionization Mass Spectroscopy, S. Köhler, R. Deißenberger, K. Eberhardt, N. Erdmann, G. Herrmann, G. Huber, J. V. Kratz, M. Nunnemann, G. Passler, P. M. Rao, J. Riegel, N. Trautmann, and K. Wendt, Spectrochim. Acta, Part B 52, 717–726 (1997) DOI:10.1016/S0584-8547(96)01670-9"
/Record/Section/1/Section/5/Information/1/Value/StringWithMarkup/0/String,string,6.30670 ± 0.00025 eV
/Record/Section/1/Section/6/TOCHeading,string,Electronegativity
/Record/Section/1/Section/6/Description,string,Electronegativity is a measure of the tendency of an atom to attract a bonding pair of electrons.
/Record/Section/1/Section/6/URL,string,https://chem.libretexts.org/Bookshelves/Physical_and_Theoretical_Chemistry_Textbook_Maps/Supplemental_Modules_(Physical_and_Theoretical_Chemistry)/Physical_Properties_of_Matter/Atomic_and_Molecular_Properties/Electronegativity
/Record/Section/1/Section/6/Information/0/ReferenceNumber,number,9
/Record/Section/1/Section/6/Information/0/Name,string,Pauling Scale Electronegativity
/Record/Section/1/Section/6/Information/0/Reference/0,string,"A.L. Allred, J. Inorg. Nucl. Chem., 1961, 17(3-4), 215-221. DOI:10.1016/0022-1902(61)80142-5"
/Record/Section/1/Section/6/Information/0/ExtendedReference/0/Citation,string,"A.L. Allred, J. Inorg. Nucl. Chem., 1961, 17(3-4), 215-221. DOI:10.1016/0022-1902(61)80142-5"
/Record/Section/1/Section/6/Information/0/Value/Number/0,number,1.3
/Record/Section/1/Section/6/Information/0/Value/Unit,string,(Pauling Scale)
/Record/Section/1/Section/7/TOCHeading,string,Atomic Spectra
/Record/Section/1/Section/7/Description,string,The spectrum of the electromagnetic radiation emitted or absorbed by an electron during transitions between different energy levels within an atom.
/Record/Section/1/Section/7/Information/0/ReferenceNumber,number,7
/Record/Section/1/Section/7/Information/0/URL,string,https://physics.nist.gov/cgi-bin/ASD/lines_hold.pl?el=Th
/Record/Section/1/Section/7/Information/0/Value/StringWithMarkup/0/String,string,Lines Holdings
/Record/Section/1/Section/7/Information/1/ReferenceNumber,number,7
/Record/Section/1/Section/7/Information/1/URL,string,https://physics.nist.gov/cgi-bin/ASD/levels_hold.pl?el=Th
/Record/Section/1/Section/7/Information/1/Value/StringWithMarkup/0/String,string,Levels Holdings
/Record/Section/1/Section/8/TOCHeading,string,Physical Description
/Record/Section/1/Section/8/Description,string,"The appearance or features of this element, including color, odor, state, taste and more in general."
/Record/Section/1/Section/8/Information/0/ReferenceNumber,number,5
/Record/Section/1/Section/8/Information/0/Value/StringWithMarkup/0/String,string,Solid
/Record/Section/1/Section/9/TOCHeading,string,Element Classification
/Record/Section/1/Section/9/Description,string,"Classification according to the element's chemical and physical properties, and location within the periodic table."
/Record/Section/1/Section/9/Information/0/ReferenceNumber,number,5
/Record/Section/1/Section/9/Information/0/Value/StringWithMarkup/0/String,string,Metal
/Record/Section/1/Section/10/TOCHeading,string,Element Period Number
/Record/Section/1/Section/10/Description,string,The element period number refers to a horizontal row of the periodic table. The periodic table has 7 periods.
/Record/Section/1/Section/10/Information/0/ReferenceNumber,number,5
/Record/Section/1/Section/10/Information/0/Value/StringWithMarkup/0/String,string,7
/Record/Section/1/Section/11/TOCHeading,string,Element Group Number
/Record/Section/1/Section/11/Description,string,Element group refers to a set of chemical elements in the same vertical column of the periodic table
/Record/Section/1/Section/11/Information/0/ReferenceNumber,number,5
/Record/Section/1/Section/11/Information/0/Value/StringWithMarkup/0/String,string,- Actinide
/Record/Section/1/Section/12/TOCHeading,string,Density
/Record/Section/1/Section/12/Description,string,This section provides information on the density of an element. It is the mass of a unit volume of the element and commonly expressed in units of kg/m3 or g/cm3.
/Record/Section/1/Section/12/URL,string,https://chem.libretexts.org/Bookshelves/Introductory_Chemistry/Map%3A_Fundamentals_of_General_Organic_and_Biological_Chemistry_(McMurry_et_al.)/01%3A_Matter_and_Measurements/1.12%3A_Density_and_Specific_Gravity
/Record/Section/1/Section/12/Information/0/ReferenceNumber,number,5
/Record/Section/1/Section/12/Information/0/Value/StringWithMarkup/0/String,string,11.72 grams per cubic centimeter
/Record/Section/1/Section/13/TOCHeading,string,Melting Point
/Record/Section/1/Section/13/Description,string,"This section provides the melting point and/or freezing point. The melting point is the temperature at which a substance changes state from solid to liquid at atmospheric pressure. When considered as the temperature of the reverse change (from liquid to solid), it is referred to as the freezing point."
/Record/Section/1/Section/13/URL,string,https://chem.libretexts.org/Bookshelves/Organic_Chemistry/Organic_Chemistry_Lab_Techniques_(Nichols)/06%3A_Miscellaneous_Techniques/6.01%3A_Melting_Point
/Record/Section/1/Section/13/Information/0/ReferenceNumber,number,5
/Record/Section/1/Section/13/Information/0/Value/StringWithMarkup/0/String,string,2023 K (1750°C or 3182°F)
/Record/Section/1/Section/13/Information/1/ReferenceNumber,number,6
/Record/Section/1/Section/13/Information/1/Value/StringWithMarkup/0/String,string,1750°C
/Record/Section/1/Section/14/TOCHeading,string,Boiling Point
/Record/Section/1/Section/14/Description,string,The temperature at which this element changes state from liquid to gas at a given atmospheric pressure.
/Record/Section/1/Section/14/URL,string,https://chem.libretexts.org/Bookshelves/Organic_Chemistry/Organic_Chemistry_Lab_Techniques_(Nichols)/06%3A_Miscellaneous_Techniques/6.02%3A_Boiling_Point
/Record/Section/1/Section/14/Information/0/ReferenceNumber,number,5
/Record/Section/1/Section/14/Information/0/Value/StringWithMarkup/0/String,string,5061 K (4788°C or 8650°F)
/Record/Section/1/Section/14/Information/1/ReferenceNumber,number,6
/Record/Section/1/Section/14/Information/1/Value/StringWithMarkup/0/String,string,4788°C
/Record/Section/1/Section/15/TOCHeading,string,Estimated Crustal Abundance
/Record/Section/1/Section/15/Description,string,The estimated element abundance in the earth's crust.
/Record/Section/1/Section/15/Information/0/ReferenceNumber,number,5
/Record/Section/1/Section/15/Information/0/Value/StringWithMarkup/0/String,string,9.6 milligrams per kilogram
/Record/Section/1/Section/16/TOCHeading,string,Estimated Oceanic Abundance
/Record/Section/1/Section/16/Description,string,The estimated element abundance in the earth's oceans.
/Record/Section/1/Section/16/Information/0/ReferenceNumber,number,5
/Record/Section/1/Section/16/Information/0/Value/StringWithMarkup/0/String,string,1×10-6 milligrams per liter
/Record/Section/1/Section/16/Information/0/Value/StringWithMarkup/0/Markup/0/Start,number,4
/Record/Section/1/Section/16/Information/0/Value/StringWithMarkup/0/Markup/0/Length,number,2
/Record/Section/1/Section/16/Information/0/Value/StringWithMarkup/0/Markup/0/Type,string,Superscript
/Record/Section/2/TOCHeading,string,History
/Record/Section/2/Description,string,The history of the discovery and use of this element.
/Record/Section/2/Information/0/ReferenceNumber,number,3
/Record/Section/2/Information/0/Name,string,History
/Record/Section/2/Information/0/Value/StringWithMarkup/0/String,string,"The name derives from Thor, the Scandinavian god of thunder. It was discovered in the mineral thorite (ThSiO4) by the Swedish chemist Jöns Jacob Berzelius in 1828. Thorium was first isolated by the chemists D. Lely, Jr. and L. Hamburger in 1914."
/Record/Section/2/Information/0/Value/StringWithMarkup/0/Markup/0/Start,number,108
/Record/Section/2/Information/0/Value/StringWithMarkup/0/Markup/0/Length,number,1
/Record/Section/2/Information/0/Value/StringWithMarkup/0/Markup/0/Type,string,Subscript
/Record/Section/2/Information/1/ReferenceNumber,number,5
/Record/Section/2/Information/1/Value/StringWithMarkup/0/String,string,"Thorium was discovered by Jöns Jacob Berzelius, a Swedish chemist, in 1828. He discovered it in a sample of a mineral that was given to him by the Reverend Has Morten Thrane Esmark, who suspected that it contained an unknown substance. Esmark's mineral is now known as thorite (ThSiO4). Thorium makes up about 0.0007% of the earth's crust and is primarily obtained from thorite, thorianite (ThO2) and monazite ((Ce, La, Th, Nd, Y)PO4)."
/Record/Section/2/Information/1/Value/StringWithMarkup/0/Markup/0/Start,number,283
/Record/Section/2/Information/1/Value/StringWithMarkup/0/Markup/0/Length,number,1
/Record/Section/2/Information/1/Value/StringWithMarkup/0/Markup/0/Type,string,Subscript
/Record/Section/2/Information/1/Value/StringWithMarkup/0/Markup/1/Start,number,394
/Record/Section/2/Information/1/Value/StringWithMarkup/0/Markup/1/Length,number,1
/Record/Section/2/Information/1/Value/StringWithMarkup/0/Markup/1/Type,string,Subscript
/Record/Section/2/Information/1/Value/StringWithMarkup/0/Markup/2/Start,number,432
/Record/Section/2/Information/1/Value/StringWithMarkup/0/Markup/2/Length,number,1
/Record/Section/2/Information/1/Value/StringWithMarkup/0/Markup/2/Type,string,Subscript
/Record/Section/2/Information/2/ReferenceNumber,number,6
/Record/Section/2/Information/2/Value/StringWithMarkup/0/String,string,"Morten Esmark found a black mineral on Løvøya island, Norway and gave a sample to his father Jens Esmark, a noted mineralogist. The elder Esmark was not able to identify it and sent a sample to Swedish chemist Jöns Jakob Berzelius for examination in 1828. In 1829 Berzelius determined that it contained a new element, which he named thorium after Thor, the Norse god of thunder. The metal had no practical uses until 1885 when Carl Auer von Welsbach invented the gas mantle. Thorium was first observed to be radioactive in 1898, independently, by Polish-French physicist Marie Curie and German chemist Gerhard Carl Schmidt. Between 1900 and 1903, Ernest Rutherford and Frederick Soddy showed how thorium decayed at a fixed rate over time into a series of other elements. This observation led to the identification of half-life as one of the outcomes of the alpha particle experiments that led to their disintegration theory of radioactivity. The crystal bar process (or ""iodide process"") was discovered by Anton Eduard van Arkel and Jan Hendrik de Boer in 1925 to produce high-purity metallic thorium. Because of health concerns, the thorium in classic lantern mantles has been replaced by rare-earth elements that also produce intense light without the radioactivity."
/Record/Section/2/Section/0/TOCHeading,string,Historical Atomic Weights
/Record/Section/2/Section/0/Description,string,This section provides the historical atomic weights. The atomic weight shown in brackets means the value range while others shown with uncertainty in parenthesis.
/Record/Section/2/Section/0/DisplayControls/CreateTable/FromInformationIn,string,ThisSection
/Record/Section/2/Section/0/DisplayControls/CreateTable/NumberOfColumns,number,3
/Record/Section/2/Section/0/DisplayControls/CreateTable/ColumnsFromNamedLists/Name/0,string,Year
/Record/Section/2/Section/0/DisplayControls/CreateTable/ColumnsFromNamedLists/Name/1,string,Atomic Weight (uncertainty) [u]
/Record/Section/2/Section/0/DisplayControls/CreateTable/ColumnsFromNamedLists/Name/2,string,Reference
/Record/Section/2/Section/0/DisplayControls/CreateTable/ColumnsFromNamedLists/UseNamesAsColumnHeadings,boolean,true
/Record/Section/2/Section/0/Information/0/ReferenceNumber,number,3
/Record/Section/2/Section/0/Information/0/Name,string,Year
/Record/Section/2/Section/0/Information/0/Value/StringWithMarkup/0/String,string,2013
/Record/Section/2/Section/0/Information/0/Value/StringWithMarkup/1/String,string,2005
/Record/Section/2/Section/0/Information/0/Value/StringWithMarkup/2/String,string,1969
/Record/Section/2/Section/0/Information/0/Value/StringWithMarkup/3/String,string,1961
/Record/Section/2/Section/0/Information/0/Value/StringWithMarkup/4/String,string,1953
/Record/Section/2/Section/0/Information/0/Value/StringWithMarkup/5/String,string,1931
/Record/Section/2/Section/0/Information/0/Value/StringWithMarkup/6/String,string,1920
/Record/Section/2/Section/0/Information/0/Value/StringWithMarkup/7/String,string,1911
/Record/Section/2/Section/0/Information/0/Value/StringWithMarkup/8/String,string,1909
/Record/Section/2/Section/0/Information/0/Value/StringWithMarkup/9/String,string,1902
/Record/Section/2/Section/0/Information/1/ReferenceNumber,number,3
/Record/Section/2/Section/0/Information/1/Name,string,Atomic Weight (uncertainty)
/Record/Section/2/Section/0/Information/1/Value/StringWithMarkup/0/String,string,232.0377(4)
/Record/Section/2/Section/0/Information/1/Value/StringWithMarkup/1/String,string,232.038 06(2)
/Record/Section/2/Section/0/Information/1/Value/StringWithMarkup/2/String,string,232.0381(1)
/Record/Section/2/Section/0/Information/1/Value/StringWithMarkup/3/String,string,232.038
/Record/Section/2/Section/0/Information/1/Value/StringWithMarkup/4/String,string,232.05
/Record/Section/2/Section/0/Information/1/Value/StringWithMarkup/5/String,string,232.12
/Record/Section/2/Section/0/Information/1/Value/StringWithMarkup/6/String,string,232.15
/Record/Section/2/Section/0/Information/1/Value/StringWithMarkup/7/String,string,232.4
/Record/Section/2/Section/0/Information/1/Value/StringWithMarkup/8/String,string,232.42
/Record/Section/2/Section/0/Information/1/Value/StringWithMarkup/9/String,string,232.5
/Record/Section/2/Section/0/Information/2/ReferenceNumber,number,3
/Record/Section/2/Section/0/Information/2/Name,string,Reference
/Record/Section/2/Section/0/Information/2/Value/StringWithMarkup/0/String,string,doi:10.1515/pac-2015-0305
/Record/Section/2/Section/0/Information/2/Value/StringWithMarkup/0/Markup/0/Start,number,0
/Record/Section/2/Section/0/Information/2/Value/StringWithMarkup/0/Markup/0/Length,number,25
/Record/Section/2/Section/0/Information/2/Value/StringWithMarkup/0/Markup/0/URL,string,https://doi.org/10.1515/pac-2015-0305
/Record/Section/2/Section/0/Information/2/Value/StringWithMarkup/1/String,string,doi:10.1351/pac200678112051
/Record/Section/2/Section/0/Information/2/Value/StringWithMarkup/1/Markup/0/Start,number,0
/Record/Section/2/Section/0/Information/2/Value/StringWithMarkup/1/Markup/0/Length,number,27
/Record/Section/2/Section/0/Information/2/Value/StringWithMarkup/1/Markup/0/URL,string,https://doi.org/10.1351/pac200678112051
/Record/Section/2/Section/0/Information/2/Value/StringWithMarkup/2/String,string,doi:10.1351/pac197021010091
/Record/Section/2/Section/0/Information/2/Value/StringWithMarkup/2/Markup/0/Start,number,0
/Record/Section/2/Section/0/Information/2/Value/StringWithMarkup/2/Markup/0/Length,number,27
/Record/Section/2/Section/0/Information/2/Value/StringWithMarkup/2/Markup/0/URL,string,https://doi.org/10.1351/pac197021010091
/Record/Section/2/Section/0/Information/2/Value/StringWithMarkup/3/String,string,doi:10.1021/ja00881a001
/Record/Section/2/Section/0/Information/2/Value/StringWithMarkup/3/Markup/0/Start,number,0
/Record/Section/2/Section/0/Information/2/Value/StringWithMarkup/3/Markup/0/Length,number,23
/Record/Section/2/Section/0/Information/2/Value/StringWithMarkup/3/Markup/0/URL,string,https://doi.org/10.1021/ja00881a001
/Record/Section/2/Section/0/Information/2/Value/StringWithMarkup/4/String,string,doi:10.1039/JR9540004713
/Record/Section/2/Section/0/Information/2/Value/StringWithMarkup/4/Markup/0/Start,number,0
/Record/Section/2/Section/0/Information/2/Value/StringWithMarkup/4/Markup/0/Length,number,24
/Record/Section/2/Section/0/Information/2/Value/StringWithMarkup/4/Markup/0/URL,string,https://doi.org/10.1039/JR9540004713
/Record/Section/2/Section/0/Information/2/Value/StringWithMarkup/5/String,string,doi:10.1039/JR9310001617
/Record/Section/2/Section/0/Information/2/Value/StringWithMarkup/5/Markup/0/Start,number,0
/Record/Section/2/Section/0/Information/2/Value/StringWithMarkup/5/Markup/0/Length,number,24
/Record/Section/2/Section/0/Information/2/Value/StringWithMarkup/5/Markup/0/URL,string,https://doi.org/10.1039/JR9310001617
/Record/Section/2/Section/0/Information/2/Value/StringWithMarkup/6/String,string,doi:10.1021/ja02233a600
/Record/Section/2/Section/0/Information/2/Value/StringWithMarkup/6/Markup/0/Start,number,0
/Record/Section/2/Section/0/Information/2/Value/StringWithMarkup/6/Markup/0/Length,number,23
/Record/Section/2/Section/0/Information/2/Value/StringWithMarkup/6/Markup/0/URL,string,https://doi.org/10.1021/ja02233a600
/Record/Section/2/Section/0/Information/2/Value/StringWithMarkup/7/String,string,doi:10.1021/ja01928a001
/Record/Section/2/Section/0/Information/2/Value/StringWithMarkup/7/Markup/0/Start,number,0
/Record/Section/2/Section/0/Information/2/Value/StringWithMarkup/7/Markup/0/Length,number,23
/Record/Section/2/Section/0/Information/2/Value/StringWithMarkup/7/Markup/0/URL,string,https://doi.org/10.1021/ja01928a001
/Record/Section/2/Section/0/Information/2/Value/StringWithMarkup/8/String,string,doi:10.1021/ja01931a001
/Record/Section/2/Section/0/Information/2/Value/StringWithMarkup/8/Markup/0/Start,number,0
/Record/Section/2/Section/0/Information/2/Value/StringWithMarkup/8/Markup/0/Length,number,23
/Record/Section/2/Section/0/Information/2/Value/StringWithMarkup/8/Markup/0/URL,string,https://doi.org/10.1021/ja01931a001
/Record/Section/2/Section/0/Information/2/Value/StringWithMarkup/9/String,string,doi:10.1007/BF01370337
/Record/Section/2/Section/0/Information/2/Value/StringWithMarkup/9/Markup/0/Start,number,0
/Record/Section/2/Section/0/Information/2/Value/StringWithMarkup/9/Markup/0/Length,number,22
/Record/Section/2/Section/0/Information/2/Value/StringWithMarkup/9/Markup/0/URL,string,https://doi.org/10.1007/BF01370337
/Record/Section/2/Section/1/TOCHeading,string,Historical Isotopic Abundances
/Record/Section/2/Section/1/Description,string,This section provides the historical isotopic abundance information. The abundance value shown in brackets means the value range while others shown with uncertainty in parenthesis.
/Record/Section/2/Section/1/DisplayControls/CreateTable/FromInformationIn,string,ThisSection
/Record/Section/2/Section/1/DisplayControls/CreateTable/NumberOfColumns,number,4
/Record/Section/2/Section/1/DisplayControls/CreateTable/ColumnsFromNamedLists/Name/0,string,Year
/Record/Section/2/Section/1/DisplayControls/CreateTable/ColumnsFromNamedLists/Name/1,string,Isotope
/Record/Section/2/Section/1/DisplayControls/CreateTable/ColumnsFromNamedLists/Name/2,string,Abundance (uncertainty)
/Record/Section/2/Section/1/DisplayControls/CreateTable/ColumnsFromNamedLists/Name/3,string,Reference
/Record/Section/2/Section/1/DisplayControls/CreateTable/ColumnsFromNamedLists/UseNamesAsColumnHeadings,boolean,true
/Record/Section/2/Section/1/Information/0/ReferenceNumber,number,3
/Record/Section/2/Section/1/Information/0/Name,string,Year
/Record/Section/2/Section/1/Information/0/Value/StringWithMarkup/0/String,string,2013
/Record/Section/2/Section/1/Information/0/Value/StringWithMarkup/1/String,string,2013
/Record/Section/2/Section/1/Information/0/Value/StringWithMarkup/2/String,string,1975
/Record/Section/2/Section/1/Information/1/ReferenceNumber,number,3
/Record/Section/2/Section/1/Information/1/Name,string,Isotope
/Record/Section/2/Section/1/Information/1/Value/StringWithMarkup/0/String,string,230Th
/Record/Section/2/Section/1/Information/1/Value/StringWithMarkup/0/Markup/0/Start,number,0
/Record/Section/2/Section/1/Information/1/Value/StringWithMarkup/0/Markup/0/Length,number,3
/Record/Section/2/Section/1/Information/1/Value/StringWithMarkup/0/Markup/0/Type,string,Superscript
/Record/Section/2/Section/1/Information/1/Value/StringWithMarkup/1/String,string,232Th
/Record/Section/2/Section/1/Information/1/Value/StringWithMarkup/1/Markup/0/Start,number,0
/Record/Section/2/Section/1/Information/1/Value/StringWithMarkup/1/Markup/0/Length,number,3
/Record/Section/2/Section/1/Information/1/Value/StringWithMarkup/1/Markup/0/Type,string,Superscript
/Record/Section/2/Section/1/Information/1/Value/StringWithMarkup/2/String,string,232Th
/Record/Section/2/Section/1/Information/1/Value/StringWithMarkup/2/Markup/0/Start,number,0
/Record/Section/2/Section/1/Information/1/Value/StringWithMarkup/2/Markup/0/Length,number,3
/Record/Section/2/Section/1/Information/1/Value/StringWithMarkup/2/Markup/0/Type,string,Superscript
/Record/Section/2/Section/1/Information/2/ReferenceNumber,number,3
/Record/Section/2/Section/1/Information/2/Name,string,Abundance (uncertainty)
/Record/Section/2/Section/1/Information/2/Value/StringWithMarkup/0/String,string,0.0002(2)
/Record/Section/2/Section/1/Information/2/Value/StringWithMarkup/1/String,string,0.9998(2)
/Record/Section/2/Section/1/Information/2/Value/StringWithMarkup/2/String,string,1
/Record/Section/2/Section/1/Information/3/ReferenceNumber,number,3
/Record/Section/2/Section/1/Information/3/Name,string,Reference
/Record/Section/2/Section/1/Information/3/Value/StringWithMarkup/0/String,string,doi:10.1515/pac-2015-0503
/Record/Section/2/Section/1/Information/3/Value/StringWithMarkup/0/Markup/0/Start,number,0
/Record/Section/2/Section/1/Information/3/Value/StringWithMarkup/0/Markup/0/Length,number,25
/Record/Section/2/Section/1/Information/3/Value/StringWithMarkup/0/Markup/0/URL,string,https://doi.org/10.1515/pac-2015-0503
/Record/Section/2/Section/1/Information/3/Value/StringWithMarkup/1/String,string,doi:10.1515/pac-2015-0503
/Record/Section/2/Section/1/Information/3/Value/StringWithMarkup/1/Markup/0/Start,number,0
/Record/Section/2/Section/1/Information/3/Value/StringWithMarkup/1/Markup/0/Length,number,25
/Record/Section/2/Section/1/Information/3/Value/StringWithMarkup/1/Markup/0/URL,string,https://doi.org/10.1515/pac-2015-0503
/Record/Section/2/Section/1/Information/3/Value/StringWithMarkup/2/String,string,doi:10.1351/pac197647010075
/Record/Section/2/Section/1/Information/3/Value/StringWithMarkup/2/Markup/0/Start,number,0
/Record/Section/2/Section/1/Information/3/Value/StringWithMarkup/2/Markup/0/Length,number,27
/Record/Section/2/Section/1/Information/3/Value/StringWithMarkup/2/Markup/0/URL,string,https://doi.org/10.1351/pac197647010075
/Record/Section/3/TOCHeading,string,Description
/Record/Section/3/Description,string,"A short description of this element, provided by authoritative sources."
/Record/Section/3/Information/0/ReferenceNumber,number,6
/Record/Section/3/Information/0/Value/StringWithMarkup/0/String,string,"When pure, thorium is a silvery-white metal that is air-stable and retains its luster for several months. When contaminated with the oxide, thorium slowly tarnishes in air, becoming gray and finally black. The physical properties of thorium are greatly influenced by the degree of contamination with the oxide. The purest specimens often contain several tenths of a percent of the oxide. High-purity thorium has been made. Pure thorium is soft, very ductile, and can be cold-rolled, swaged, and drawn. Thorium is dimorphic, changing at 1400°C from a cubic to a body-centered cubic structure. Thorium oxide has a melting point of 3300°C, which is the highest of all oxides. Only a few elements, such as tungsten, and a few compounds, such as tantalum carbide, have higher melting points. Thorium is slowly attacked by water, but does not dissolve readily in most common acids, except hydrochloric. Powdered thorium metal is often pyrophoric and should be handled carefully. When heated in air, thorium turnings ignite and burn brilliantly with a white light."
/Record/Section/4/TOCHeading,string,Uses
/Record/Section/4/Description,string,Uses of this element in industry and other fields.
/Record/Section/4/Information/0/ReferenceNumber,number,5
/Record/Section/4/Information/0/Value/StringWithMarkup/0/String,string,"Thorium is used as an alloying agent to improve magnesium's strength at high temperatures. Thorium is also used to coat tungsten filaments used in electronic devices, such at television sets. When bombarded with neutrons, thorium-232 becomes thorium-233, which eventually decays into uranium-233 through a series of beta decays. Uranium-233 is a fissionable material and can be used as a nuclear fuel."
/Record/Section/4/Information/0/Value/StringWithMarkup/1/String,string,"Thorium oxide (ThO2), one of thorium's compounds, has many uses. It is primarily used in a type of lantern mantel known as a Welsbach mantle. This mantle, which also contains about 1% cerium oxide, glows with a bright white light when it is heated in a gas flame. Thorium oxide has a very high melting point, about 3300°C, and is used to make high temperature crucibles. Thorium oxide is also used to make glass with a high index of refraction that is used to make high quality camera lenses. Thorium oxide is used as a catalyst in the production of sulfuric acid (H2SO4), in the cracking of petroleum products and in the conversion of ammonia (NH3) to nitric acid (HNO3)."
/Record/Section/4/Information/0/Value/StringWithMarkup/1/Markup/0/Start,number,18
/Record/Section/4/Information/0/Value/StringWithMarkup/1/Markup/0/Length,number,1
/Record/Section/4/Information/0/Value/StringWithMarkup/1/Markup/0/Type,string,Subscript
/Record/Section/4/Information/0/Value/StringWithMarkup/1/Markup/1/Start,number,566
/Record/Section/4/Information/0/Value/StringWithMarkup/1/Markup/1/Length,number,1
/Record/Section/4/Information/0/Value/StringWithMarkup/1/Markup/1/Type,string,Subscript
/Record/Section/4/Information/0/Value/StringWithMarkup/1/Markup/2/Start,number,569
/Record/Section/4/Information/0/Value/StringWithMarkup/1/Markup/2/Length,number,1
/Record/Section/4/Information/0/Value/StringWithMarkup/1/Markup/2/Type,string,Subscript
/Record/Section/4/Information/0/Value/StringWithMarkup/1/Markup/3/Start,number,647
/Record/Section/4/Information/0/Value/StringWithMarkup/1/Markup/3/Length,number,1
/Record/Section/4/Information/0/Value/StringWithMarkup/1/Markup/3/Type,string,Subscript
/Record/Section/4/Information/0/Value/StringWithMarkup/1/Markup/4/Start,number,669
/Record/Section/4/Information/0/Value/StringWithMarkup/1/Markup/4/Length,number,1
/Record/Section/4/Information/0/Value/StringWithMarkup/1/Markup/4/Type,string,Subscript
/Record/Section/4/Information/0/Value/StringWithMarkup/2/String,string,"Thorium's most stable isotope, thorium-232, has a half-life of about 14,050,000,000 years. It decays into radium-228 through alpha decay or decays through spontaneous fission."
/Record/Section/4/Information/1/ReferenceNumber,number,6
/Record/Section/4/Information/1/Value/StringWithMarkup/0/String,string,"The principal historic use of thorium has been in the preparation of the Welsbach mantle, used for portable gaslights. These mantles, consisting of thorium oxide with about 1% cerium oxide and other ingredients, glow with a dazzling light when heated in a gas flame. Thorium is an important alloying element in magnesium, imparting high strength and creep resistance at elevated temperatures. Because thorium has a low work-function and high electron emission, it is used to coat tungsten wire used in electronic equipment. The oxide is also used to control the grain size of tungsten used for electric lamps; it is also used for high-temperature laboratory crucibles. Glasses containing thorium oxide have a high refractive index and low dispersion. Consequently, they find application in high quality lenses for cameras and scientific instruments. Thorium oxide has also found use as a catalyst in the conversion of ammonia to nitric acid, in petroleum cracking, and in producing sulfuric acid. Thorium metal is a source of nuclear power. There is probably more energy available for use from thorium in the minerals of the earth's crust than from both uranium and fossil fuels. Any sizable demand from thorium as a nuclear fuel is still several years in the future. Work has been done in developing thorium cycle converter-reactor systems. Several prototypes, including the HTGR (high-temperature gas-cooled reactor) and MSRE (molten salt converter reactor experiment), have operated. While the HTGR reactors are efficient, they are not expected to become important commercially for many years because of certain operating difficulties."
/Record/Section/5/TOCHeading,string,Sources
/Record/Section/5/Description,string,Sources of this element.
/Record/Section/5/Information/0/ReferenceNumber,number,6
/Record/Section/5/Information/0/Value/StringWithMarkup/0/String,string,"Thorium-232 is a primordial nuclide, having existed in its current form for over 4.5 billion years, a half-life is comparable to the age of the Universe and thus predating the formation of the Earth. Thorium was forged in the cores of dying stars through the r-process and scattered across the galaxy by supernovas. Thorium is found in small amounts in most rocks and soils. Soil commonly contains an average of around 6 parts per million (ppm) of thorium. Thorium occurs in several minerals including thorite (ThSiO4), thorianite (ThO2 + UO2) and monazite. Thorianite is a rare mineral and may contain up to about 12% thorium oxide. Monazite contains 2.5% thorium, allanite has 0.1 to 2% thorium and zircon can have up to 0.4% thorium.[66] Thorium-containing minerals occur on all continents. Thorium is now thought to be about three times as abundant as uranium and about as abundant as lead or molybdenum. Thorium is recovered commercially from the mineral monazite, which contains from 3 to 9% ThO2 along with rare-earth minerals."
/Record/Section/5/Information/0/Value/StringWithMarkup/0/Markup/0/Start,number,516
/Record/Section/5/Information/0/Value/StringWithMarkup/0/Markup/0/Length,number,1
/Record/Section/5/Information/0/Value/StringWithMarkup/0/Markup/0/Type,string,Subscript
/Record/Section/5/Information/0/Value/StringWithMarkup/0/Markup/1/Start,number,535
/Record/Section/5/Information/0/Value/StringWithMarkup/0/Markup/1/Length,number,1
/Record/Section/5/Information/0/Value/StringWithMarkup/0/Markup/1/Type,string,Subscript
/Record/Section/5/Information/0/Value/StringWithMarkup/0/Markup/2/Start,number,541
/Record/Section/5/Information/0/Value/StringWithMarkup/0/Markup/2/Length,number,1
/Record/Section/5/Information/0/Value/StringWithMarkup/0/Markup/2/Type,string,Subscript
/Record/Section/5/Information/0/Value/StringWithMarkup/0/Markup/3/Start,number,736
/Record/Section/5/Information/0/Value/StringWithMarkup/0/Markup/3/Length,number,4
/Record/Section/5/Information/0/Value/StringWithMarkup/0/Markup/3/Type,string,Superscript
/Record/Section/5/Information/0/Value/StringWithMarkup/0/Markup/4/Start,number,1001
/Record/Section/5/Information/0/Value/StringWithMarkup/0/Markup/4/Length,number,1
/Record/Section/5/Information/0/Value/StringWithMarkup/0/Markup/4/Type,string,Subscript
/Record/Section/6/TOCHeading,string,Production
/Record/Section/6/Description,string,Production of this element (from raw materials or other compounds containing the element).
/Record/Section/6/Information/0/ReferenceNumber,number,6
/Record/Section/6/Information/0/Name,string,Production
/Record/Section/6/Information/0/Value/StringWithMarkup/0/String,string,"Several methods are available for producing thorium metal; it can be obtained by reducing thorium oxide with calcium, by electrolysis of anhydrous thorium chloride in a fused mixture of sodium and potassium chlorides, by calcium reduction of thorium tetrachloride mixed with anhydrous zinc chloride, and by reduction of thorium tetrachloride with an alkali metal."
/Record/Section/7/TOCHeading,string,Compounds
/Record/Section/7/Description,string,Compound records related to this element.
/Record/Section/7/Information/0/ReferenceNumber,number,8
/Record/Section/7/Information/0/Name,string,Compounds
/Record/Section/7/Information/0/URL,string,https://pubchem.ncbi.nlm.nih.gov/#query=Thorium
/Record/Section/7/Information/0/Value/StringWithMarkup/0/String,string,See more information at the Thorium compound page.
/Record/Section/7/Section/0/TOCHeading,string,Element Forms
/Record/Section/7/Section/0/Description,string,"Other forms of this element, including ions, isotopes, etc."
/Record/Section/7/Section/0/DisplayControls/CreateTable/FromInformationIn,string,ThisSection
/Record/Section/7/Section/0/DisplayControls/CreateTable/NumberOfColumns,number,5
/Record/Section/7/Section/0/DisplayControls/CreateTable/ColumnsFromNamedLists/Name/0,string,CID
/Record/Section/7/Section/0/DisplayControls/CreateTable/ColumnsFromNamedLists/Name/1,string,Name
/Record/Section/7/Section/0/DisplayControls/CreateTable/ColumnsFromNamedLists/Name/2,string,Formula
/Record/Section/7/Section/0/DisplayControls/CreateTable/ColumnsFromNamedLists/Name/3,string,SMILES
/Record/Section/7/Section/0/DisplayControls/CreateTable/ColumnsFromNamedLists/Name/4,string,Molecular Weight
/Record/Section/7/Section/0/DisplayControls/CreateTable/ColumnsFromNamedLists/UseNamesAsColumnHeadings,boolean,true
/Record/Section/7/Section/0/Information/0/ReferenceNumber,number,8
/Record/Section/7/Section/0/Information/0/Name,string,CID
/Record/Section/7/Section/0/Information/0/Value/StringWithMarkup/0/String,string,23960
/Record/Section/7/Section/0/Information/0/Value/StringWithMarkup/0/Markup/0/Start,number,0
/Record/Section/7/Section/0/Information/0/Value/StringWithMarkup/0/Markup/0/Length,number,5
/Record/Section/7/Section/0/Information/0/Value/StringWithMarkup/0/Markup/0/URL,string,https://pubchem.ncbi.nlm.nih.gov/compound/23960
/Record/Section/7/Section/0/Information/0/Value/StringWithMarkup/1/String,string,61723
/Record/Section/7/Section/0/Information/0/Value/StringWithMarkup/1/Markup/0/Start,number,0
/Record/Section/7/Section/0/Information/0/Value/StringWithMarkup/1/Markup/0/Length,number,5
/Record/Section/7/Section/0/Information/0/Value/StringWithMarkup/1/Markup/0/URL,string,https://pubchem.ncbi.nlm.nih.gov/compound/61723
/Record/Section/7/Section/0/Information/0/Value/StringWithMarkup/2/String,string,61724
/Record/Section/7/Section/0/Information/0/Value/StringWithMarkup/2/Markup/0/Start,number,0
/Record/Section/7/Section/0/Information/0/Value/StringWithMarkup/2/Markup/0/Length,number,5
/Record/Section/7/Section/0/Information/0/Value/StringWithMarkup/2/Markup/0/URL,string,https://pubchem.ncbi.nlm.nih.gov/compound/61724
/Record/Section/7/Section/0/Information/0/Value/StringWithMarkup/3/String,string,61806
/Record/Section/7/Section/0/Information/0/Value/StringWithMarkup/3/Markup/0/Start,number,0
/Record/Section/7/Section/0/Information/0/Value/StringWithMarkup/3/Markup/0/Length,number,5
/Record/Section/7/Section/0/Information/0/Value/StringWithMarkup/3/Markup/0/URL,string,https://pubchem.ncbi.nlm.nih.gov/compound/61806
/Record/Section/7/Section/0/Information/0/Value/StringWithMarkup/4/String,string,105150
/Record/Section/7/Section/0/Information/0/Value/StringWithMarkup/4/Markup/0/Start,number,0
/Record/Section/7/Section/0/Information/0/Value/StringWithMarkup/4/Markup/0/Length,number,6
/Record/Section/7/Section/0/Information/0/Value/StringWithMarkup/4/Markup/0/URL,string,https://pubchem.ncbi.nlm.nih.gov/compound/105150
/Record/Section/7/Section/0/Information/0/Value/StringWithMarkup/5/String,string,104875
/Record/Section/7/Section/0/Information/0/Value/StringWithMarkup/5/Markup/0/Start,number,0
/Record/Section/7/Section/0/Information/0/Value/StringWithMarkup/5/Markup/0/Length,number,6
/Record/Section/7/Section/0/Information/0/Value/StringWithMarkup/5/Markup/0/URL,string,https://pubchem.ncbi.nlm.nih.gov/compound/104875
/Record/Section/7/Section/0/Information/0/Value/StringWithMarkup/6/String,string,167301
/Record/Section/7/Section/0/Information/0/Value/StringWithMarkup/6/Markup/0/Start,number,0
/Record/Section/7/Section/0/Information/0/Value/StringWithMarkup/6/Markup/0/Length,number,6
/Record/Section/7/Section/0/Information/0/Value/StringWithMarkup/6/Markup/0/URL,string,https://pubchem.ncbi.nlm.nih.gov/compound/167301
/Record/Section/7/Section/0/Information/0/Value/StringWithMarkup/7/String,string,167312
/Record/Section/7/Section/0/Information/0/Value/StringWithMarkup/7/Markup/0/Start,number,0
/Record/Section/7/Section/0/Information/0/Value/StringWithMarkup/7/Markup/0/Length,number,6
/Record/Section/7/Section/0/Information/0/Value/StringWithMarkup/7/Markup/0/URL,string,https://pubchem.ncbi.nlm.nih.gov/compound/167312
/Record/Section/7/Section/0/Information/0/Value/StringWithMarkup/8/String,string,186183
/Record/Section/7/Section/0/Information/0/Value/StringWithMarkup/8/Markup/0/Start,number,0
/Record/Section/7/Section/0/Information/0/Value/StringWithMarkup/8/Markup/0/Length,number,6
/Record/Section/7/Section/0/Information/0/Value/StringWithMarkup/8/Markup/0/URL,string,https://pubchem.ncbi.nlm.nih.gov/compound/186183
/Record/Section/7/Section/0/Information/0/Value/StringWithMarkup/9/String,string,167210
/Record/Section/7/Section/0/Information/0/Value/StringWithMarkup/9/Markup/0/Start,number,0
/Record/Section/7/Section/0/Information/0/Value/StringWithMarkup/9/Markup/0/Length,number,6
/Record/Section/7/Section/0/Information/0/Value/StringWithMarkup/9/Markup/0/URL,string,https://pubchem.ncbi.nlm.nih.gov/compound/167210
/Record/Section/7/Section/0/Information/0/Value/StringWithMarkup/10/String,string,146033194
/Record/Section/7/Section/0/Information/0/Value/StringWithMarkup/10/Markup/0/Start,number,0
/Record/Section/7/Section/0/Information/0/Value/StringWithMarkup/10/Markup/0/Length,number,9
/Record/Section/7/Section/0/Information/0/Value/StringWithMarkup/10/Markup/0/URL,string,https://pubchem.ncbi.nlm.nih.gov/compound/146033194
/Record/Section/7/Section/0/Information/0/Value/StringWithMarkup/11/String,string,11817119
/Record/Section/7/Section/0/Information/0/Value/StringWithMarkup/11/Markup/0/Start,number,0
/Record/Section/7/Section/0/Information/0/Value/StringWithMarkup/11/Markup/0/Length,number,8
/Record/Section/7/Section/0/Information/0/Value/StringWithMarkup/11/Markup/0/URL,string,https://pubchem.ncbi.nlm.nih.gov/compound/11817119
/Record/Section/7/Section/0/Information/0/Value/StringWithMarkup/12/String,string,21225641
/Record/Section/7/Section/0/Information/0/Value/StringWithMarkup/12/Markup/0/Start,number,0
/Record/Section/7/Section/0/Information/0/Value/StringWithMarkup/12/Markup/0/Length,number,8
/Record/Section/7/Section/0/Information/0/Value/StringWithMarkup/12/Markup/0/URL,string,https://pubchem.ncbi.nlm.nih.gov/compound/21225641
/Record/Section/7/Section/0/Information/0/Value/StringWithMarkup/13/String,string,155491299
/Record/Section/7/Section/0/Information/0/Value/StringWithMarkup/13/Markup/0/Start,number,0
/Record/Section/7/Section/0/Information/0/Value/StringWithMarkup/13/Markup/0/Length,number,9
/Record/Section/7/Section/0/Information/0/Value/StringWithMarkup/13/Markup/0/URL,string,https://pubchem.ncbi.nlm.nih.gov/compound/155491299
/Record/Section/7/Section/0/Information/1/ReferenceNumber,number,8
/Record/Section/7/Section/0/Information/1/Name,string,Name
/Record/Section/7/Section/0/Information/1/Value/StringWithMarkup/0/String,string,thorium
/Record/Section/7/Section/0/Information/1/Value/StringWithMarkup/1/String,string,thorium-230
/Record/Section/7/Section/0/Information/1/Value/StringWithMarkup/2/String,string,thorium-228
/Record/Section/7/Section/0/Information/1/Value/StringWithMarkup/3/String,string,thorium-227
/Record/Section/7/Section/0/Information/1/Value/StringWithMarkup/4/String,string,thorium(4+)
/Record/Section/7/Section/0/Information/1/Value/StringWithMarkup/5/String,string,thorium-234
/Record/Section/7/Section/0/Information/1/Value/StringWithMarkup/6/String,string,thorium-226
/Record/Section/7/Section/0/Information/1/Value/StringWithMarkup/7/String,string,thorium-229
/Record/Section/7/Section/0/Information/1/Value/StringWithMarkup/8/String,string,thorium-238
/Record/Section/7/Section/0/Information/1/Value/StringWithMarkup/9/String,string,thorium-231
/Record/Section/7/Section/0/Information/1/Value/StringWithMarkup/10/String,string,thorium-239
/Record/Section/7/Section/0/Information/1/Value/StringWithMarkup/11/String,string,thorium-232
/Record/Section/7/Section/0/Information/1/Value/StringWithMarkup/12/String,string,thorium(2+)
/Record/Section/7/Section/0/Information/1/Value/StringWithMarkup/13/String,string,thorium-227(4+)
/Record/Section/7/Section/0/Information/2/ReferenceNumber,number,8
/Record/Section/7/Section/0/Information/2/Name,string,Formula
/Record/Section/7/Section/0/Information/2/Value/StringWithMarkup/0/String,string,Th
/Record/Section/7/Section/0/Information/2/Value/StringWithMarkup/1/String,string,Th
/Record/Section/7/Section/0/Information/2/Value/StringWithMarkup/2/String,string,Th
/Record/Section/7/Section/0/Information/2/Value/StringWithMarkup/3/String,string,Th
/Record/Section/7/Section/0/Information/2/Value/StringWithMarkup/4/String,string,Th+4
/Record/Section/7/Section/0/Information/2/Value/StringWithMarkup/5/String,string,Th
/Record/Section/7/Section/0/Information/2/Value/StringWithMarkup/6/String,string,Th
/Record/Section/7/Section/0/Information/2/Value/StringWithMarkup/7/String,string,Th
/Record/Section/7/Section/0/Information/2/Value/StringWithMarkup/8/String,string,Th
/Record/Section/7/Section/0/Information/2/Value/StringWithMarkup/9/String,string,Th
/Record/Section/7/Section/0/Information/2/Value/StringWithMarkup/10/String,string,Th
/Record/Section/7/Section/0/Information/2/Value/StringWithMarkup/11/String,string,Th
/Record/Section/7/Section/0/Information/2/Value/StringWithMarkup/12/String,string,Th+2
/Record/Section/7/Section/0/Information/2/Value/StringWithMarkup/13/String,string,Th+4
/Record/Section/7/Section/0/Information/3/ReferenceNumber,number,8
/Record/Section/7/Section/0/Information/3/Name,string,SMILES
/Record/Section/7/Section/0/Information/3/Value/StringWithMarkup/0/String,string,[Th]
/Record/Section/7/Section/0/Information/3/Value/StringWithMarkup/1/String,string,[230Th]
/Record/Section/7/Section/0/Information/3/Value/StringWithMarkup/2/String,string,[228Th]
/Record/Section/7/Section/0/Information/3/Value/StringWithMarkup/3/String,string,[227Th]
/Record/Section/7/Section/0/Information/3/Value/StringWithMarkup/4/String,string,[Th+4]
/Record/Section/7/Section/0/Information/3/Value/StringWithMarkup/5/String,string,[234Th]
/Record/Section/7/Section/0/Information/3/Value/StringWithMarkup/6/String,string,[226Th]
/Record/Section/7/Section/0/Information/3/Value/StringWithMarkup/7/String,string,[229Th]
/Record/Section/7/Section/0/Information/3/Value/StringWithMarkup/8/String,string,[238Th]
/Record/Section/7/Section/0/Information/3/Value/StringWithMarkup/9/String,string,[231Th]
/Record/Section/7/Section/0/Information/3/Value/StringWithMarkup/10/String,string,[239Th]
/Record/Section/7/Section/0/Information/3/Value/StringWithMarkup/11/String,string,[232Th]
/Record/Section/7/Section/0/Information/3/Value/StringWithMarkup/12/String,string,[Th+2]
/Record/Section/7/Section/0/Information/3/Value/StringWithMarkup/13/String,string,[227Th+4]
/Record/Section/7/Section/0/Information/4/ReferenceNumber,number,8
/Record/Section/7/Section/0/Information/4/Name,string,Molecular Weight
/Record/Section/7/Section/0/Information/4/Value/StringWithMarkup/0/String,string,232.038
/Record/Section/7/Section/0/Information/4/Value/StringWithMarkup/1/String,string,230.03313
/Record/Section/7/Section/0/Information/4/Value/StringWithMarkup/2/String,string,228.02874
/Record/Section/7/Section/0/Information/4/Value/StringWithMarkup/3/String,string,227.02770
/Record/Section/7/Section/0/Information/4/Value/StringWithMarkup/4/String,string,232.038
/Record/Section/7/Section/0/Information/4/Value/StringWithMarkup/5/String,string,234.04360
/Record/Section/7/Section/0/Information/4/Value/StringWithMarkup/6/String,string,226.02490
/Record/Section/7/Section/0/Information/4/Value/StringWithMarkup/7/String,string,229.03176
/Record/Section/7/Section/0/Information/4/Value/StringWithMarkup/8/String,string,238.056
/Record/Section/7/Section/0/Information/4/Value/StringWithMarkup/9/String,string,231.03630
/Record/Section/7/Section/0/Information/4/Value/StringWithMarkup/10/String,string,239.061
/Record/Section/7/Section/0/Information/4/Value/StringWithMarkup/11/String,string,232.03805
/Record/Section/7/Section/0/Information/4/Value/StringWithMarkup/12/String,string,232.038
/Record/Section/7/Section/0/Information/4/Value/StringWithMarkup/13/String,string,227.02770
/Record/Section/8/TOCHeading,string,Isotopes
/Record/Section/8/Description,string,Isotopes are nuclides having the same atomic number but different mass numbers.  This section provides information on the isotopes of this element and their uses in various fields.
/Record/Section/8/URL,string,https://chem.libretexts.org/Courses/Furman_University/CHM101%3A_Chemistry_and_Global_Awareness_(Gordon)/03%3A_Atoms_and_the_Periodic_Table/3.05%3A_Isotopes
/Record/Section/8/Information/0/ReferenceNumber,number,5
/Record/Section/8/Information/0/Name,string,Stable Isotope Count
/Record/Section/8/Information/0/Value/StringWithMarkup/0/String,string,0
/Record/Section/8/Information/1/ReferenceNumber,number,6
/Record/Section/8/Information/1/Name,string,Summary
/Record/Section/8/Information/1/Value/StringWithMarkup/0/String,string,"Twenty-seven thorium radioisotopes have been characterized, with a range in atomic weight from 210 to 236. All are unstable with the most stable being 232Th with a half-life of 14.05 billion years. Thorium-232 represents all but a trace of naturally occurring thorium. It is an alpha emitter and goes through six alpha and four beta decay steps before becoming the stable isotope 208Pb. 232Th is sufficiently radioactive to expose a photographic plate in a few hours. Other isotopes of thorium are short-lived intermediates in the decay chains of higher elements, and only found in trace amounts. The longer-lived of these trace isotopes include: 230Th with a half-life of 75,380 years which is a daughter product of 238U decay; 229Th with a half-life of 7340 years and 228Th with a half-life of 1.92 years. All of the remaining radioactive isotopes have half-lives that are less than thirty days and the majority of these have half-lives less than ten minutes. Much of the internal heat the earth produces has been attributed to thorium and uranium."
/Record/Section/8/Information/1/Value/StringWithMarkup/0/Markup/0/Start,number,151
/Record/Section/8/Information/1/Value/StringWithMarkup/0/Markup/0/Length,number,3
/Record/Section/8/Information/1/Value/StringWithMarkup/0/Markup/0/Type,string,Superscript
/Record/Section/8/Information/1/Value/StringWithMarkup/0/Markup/1/Start,number,380
/Record/Section/8/Information/1/Value/StringWithMarkup/0/Markup/1/Length,number,3
/Record/Section/8/Information/1/Value/StringWithMarkup/0/Markup/1/Type,string,Superscript
/Record/Section/8/Information/1/Value/StringWithMarkup/0/Markup/2/Start,number,387
/Record/Section/8/Information/1/Value/StringWithMarkup/0/Markup/2/Length,number,3
/Record/Section/8/Information/1/Value/StringWithMarkup/0/Markup/2/Type,string,Superscript
/Record/Section/8/Information/1/Value/StringWithMarkup/0/Markup/3/Start,number,647
/Record/Section/8/Information/1/Value/StringWithMarkup/0/Markup/3/Length,number,3
/Record/Section/8/Information/1/Value/StringWithMarkup/0/Markup/3/Type,string,Superscript
/Record/Section/8/Information/1/Value/StringWithMarkup/0/Markup/4/Start,number,717
/Record/Section/8/Information/1/Value/StringWithMarkup/0/Markup/4/Length,number,3
/Record/Section/8/Information/1/Value/StringWithMarkup/0/Markup/4/Type,string,Superscript
/Record/Section/8/Information/1/Value/StringWithMarkup/0/Markup/5/Start,number,729
/Record/Section/8/Information/1/Value/StringWithMarkup/0/Markup/5/Length,number,3
/Record/Section/8/Information/1/Value/StringWithMarkup/0/Markup/5/Type,string,Superscript
/Record/Section/8/Information/1/Value/StringWithMarkup/0/Markup/6/Start,number,770
/Record/Section/8/Information/1/Value/StringWithMarkup/0/Markup/6/Length,number,3
/Record/Section/8/Information/1/Value/StringWithMarkup/0/Markup/6/Type,string,Superscript
/Record/Section/8/Section/0/TOCHeading,string,Isotopes in Earth/Planetary Science
/Record/Section/8/Section/0/Description,string,Information on the use of this element's isotopes in earth/planetary science.
/Record/Section/8/Section/0/Information/0/ReferenceNumber,number,4
/Record/Section/8/Section/0/Information/0/Reference/0,string,"[589]  B. Ghaleb. IOP Conf. Ser. Earth Environ. Sci.5, (2009)."
/Record/Section/8/Section/0/Information/0/Reference/1,string,"[590]  J. K. Cochran, K. O. Buesseler, M. P. Bacon, H. W. Wang, D. J. Hirschberg, L. Ball, J. Andrews, G. Crossin, A. Fleer. Deep-Sea Res. II47, 3451 (2000)."
/Record/Section/8/Section/0/Information/0/ExtendedReference/0/Citation,string,"[589]  B. Ghaleb. IOP Conf. Ser. Earth Environ. Sci.5, (2009)."
/Record/Section/8/Section/0/Information/0/ExtendedReference/1/Citation,string,"[590]  J. K. Cochran, K. O. Buesseler, M. P. Bacon, H. W. Wang, D. J. Hirschberg, L. Ball, J. Andrews, G. Crossin, A. Fleer. Deep-Sea Res. II47, 3451 (2000)."
/Record/Section/8/Section/0/Information/0/Value/StringWithMarkup/0/String,string,"234Th (with a half-life of 24 days) has been used as a tracer for estimating the flux of organic carbon in the ocean (Fig. IUPAC.90.1) [589], [590]. 234Th has been used for estimating the residence time of suspended particulate matter (SPM) in water columns [589]."
/Record/Section/8/Section/0/Information/0/Value/StringWithMarkup/0/Markup/0/Start,number,0
/Record/Section/8/Section/0/Information/0/Value/StringWithMarkup/0/Markup/0/Length,number,3
/Record/Section/8/Section/0/Information/0/Value/StringWithMarkup/0/Markup/0/Type,string,Superscript
/Record/Section/8/Section/0/Information/0/Value/StringWithMarkup/0/Markup/1/Start,number,149
/Record/Section/8/Section/0/Information/0/Value/StringWithMarkup/0/Markup/1/Length,number,3
/Record/Section/8/Section/0/Information/0/Value/StringWithMarkup/0/Markup/1/Type,string,Superscript
/Record/Section/8/Section/0/Information/0/Value/StringWithMarkup/1/String,string,          
/Record/Section/8/Section/0/Information/0/Value/StringWithMarkup/1/Markup/0/Start,number,0
/Record/Section/8/Section/0/Information/0/Value/StringWithMarkup/1/Markup/0/Length,number,1
/Record/Section/8/Section/0/Information/0/Value/StringWithMarkup/1/Markup/0/URL,string,https://pubchem.ncbi.nlm.nih.gov/images/iupac/j_pac-2015-0703_fig_123.jpg
/Record/Section/8/Section/0/Information/0/Value/StringWithMarkup/1/Markup/0/Type,string,Image
/Record/Section/8/Section/0/Information/0/Value/StringWithMarkup/1/Markup/0/Size,string,827x734
/Record/Section/8/Section/0/Information/0/Value/StringWithMarkup/1/Markup/0/Caption,string,"Fig. IUPAC.90.1: Particulate, dissolved and total ²³⁴Th in water column profiles in the Ross Sea, Southern Ocean (modified from [590]). "
/Record/Section/8/Section/1/TOCHeading,string,Isotopes in Geochronology
/Record/Section/8/Section/1/Description,string,Information on the use of this element's isotopes in geochronology.
/Record/Section/8/Section/1/Information/0/ReferenceNumber,number,4
/Record/Section/8/Section/1/Information/0/Reference/0,string,"[292]  M. A. Geyh, H. Schleicher. Absolute Age Determination: Physical and Chemical Dating Methods and Their Application, p. 503, Springer-Verlag, Berlin (1990)."
/Record/Section/8/Section/1/Information/0/Reference/1,string,"[591]  R. R. Parrish, S. R. Noble. Rev. Mineral. Geochem.53, 183 (2003)."
/Record/Section/8/Section/1/Information/0/ExtendedReference/0/Citation,string,"[292]  M. A. Geyh, H. Schleicher. Absolute Age Determination: Physical and Chemical Dating Methods and Their Application, p. 503, Springer-Verlag, Berlin (1990)."
/Record/Section/8/Section/1/Information/0/ExtendedReference/1/Citation,string,"[591]  R. R. Parrish, S. R. Noble. Rev. Mineral. Geochem.53, 183 (2003)."
/Record/Section/8/Section/1/Information/0/Value/StringWithMarkup/0/String,string,"The decay of 232Th (with a half-life of 1.40×1010 years) to 208Pb is used to date rocks based on the accumulation of the stable daughter product 208Pb. The half-lives of the isotopes between the parent radionuclide 232Th and stable endpoint 208Pb all have much shorter half-lives than thorium. Therefore, the amount of 208Pb that accumulates in a sample is determined primarily by the amount of 232Th parent radionuclide present when the mineral was formed and the time that has elapsed since the mineral solidified [591]."
/Record/Section/8/Section/1/Information/0/Value/StringWithMarkup/0/Markup/0/Start,number,13
/Record/Section/8/Section/1/Information/0/Value/StringWithMarkup/0/Markup/0/Length,number,3
/Record/Section/8/Section/1/Information/0/Value/StringWithMarkup/0/Markup/0/Type,string,Superscript
/Record/Section/8/Section/1/Information/0/Value/StringWithMarkup/0/Markup/1/Start,number,47
/Record/Section/8/Section/1/Information/0/Value/StringWithMarkup/0/Markup/1/Length,number,2
/Record/Section/8/Section/1/Information/0/Value/StringWithMarkup/0/Markup/1/Type,string,Superscript
/Record/Section/8/Section/1/Information/0/Value/StringWithMarkup/0/Markup/2/Start,number,60
/Record/Section/8/Section/1/Information/0/Value/StringWithMarkup/0/Markup/2/Length,number,3
/Record/Section/8/Section/1/Information/0/Value/StringWithMarkup/0/Markup/2/Type,string,Superscript
/Record/Section/8/Section/1/Information/0/Value/StringWithMarkup/0/Markup/3/Start,number,145
/Record/Section/8/Section/1/Information/0/Value/StringWithMarkup/0/Markup/3/Length,number,3
/Record/Section/8/Section/1/Information/0/Value/StringWithMarkup/0/Markup/3/Type,string,Superscript
/Record/Section/8/Section/1/Information/0/Value/StringWithMarkup/0/Markup/4/Start,number,215
/Record/Section/8/Section/1/Information/0/Value/StringWithMarkup/0/Markup/4/Length,number,3
/Record/Section/8/Section/1/Information/0/Value/StringWithMarkup/0/Markup/4/Type,string,Superscript
/Record/Section/8/Section/1/Information/0/Value/StringWithMarkup/0/Markup/5/Start,number,241
/Record/Section/8/Section/1/Information/0/Value/StringWithMarkup/0/Markup/5/Length,number,3
/Record/Section/8/Section/1/Information/0/Value/StringWithMarkup/0/Markup/5/Type,string,Superscript
/Record/Section/8/Section/1/Information/0/Value/StringWithMarkup/0/Markup/6/Start,number,319
/Record/Section/8/Section/1/Information/0/Value/StringWithMarkup/0/Markup/6/Length,number,3
/Record/Section/8/Section/1/Information/0/Value/StringWithMarkup/0/Markup/6/Type,string,Superscript
/Record/Section/8/Section/1/Information/0/Value/StringWithMarkup/0/Markup/7/Start,number,395
/Record/Section/8/Section/1/Information/0/Value/StringWithMarkup/0/Markup/7/Length,number,3
/Record/Section/8/Section/1/Information/0/Value/StringWithMarkup/0/Markup/7/Type,string,Superscript
/Record/Section/8/Section/1/Information/0/Value/StringWithMarkup/1/String,string,"Another dating method, the 230Th/ 234U method, is based on the hypothesis that the sample contains uranium, but no 230Th at the time of its formation. Then, the age of the specimen is determined mainly by the amount of 230Th in the specimen. Reliable ages with this method range from several thousand to approximately 350 thousand years [292]."
/Record/Section/8/Section/1/Information/0/Value/StringWithMarkup/1/Markup/0/Start,number,27
/Record/Section/8/Section/1/Information/0/Value/StringWithMarkup/1/Markup/0/Length,number,3
/Record/Section/8/Section/1/Information/0/Value/StringWithMarkup/1/Markup/0/Type,string,Superscript
/Record/Section/8/Section/1/Information/0/Value/StringWithMarkup/1/Markup/1/Start,number,34
/Record/Section/8/Section/1/Information/0/Value/StringWithMarkup/1/Markup/1/Length,number,3
/Record/Section/8/Section/1/Information/0/Value/StringWithMarkup/1/Markup/1/Type,string,Superscript
/Record/Section/8/Section/1/Information/0/Value/StringWithMarkup/1/Markup/2/Start,number,115
/Record/Section/8/Section/1/Information/0/Value/StringWithMarkup/1/Markup/2/Length,number,3
/Record/Section/8/Section/1/Information/0/Value/StringWithMarkup/1/Markup/2/Type,string,Superscript
/Record/Section/8/Section/1/Information/0/Value/StringWithMarkup/1/Markup/3/Start,number,219
/Record/Section/8/Section/1/Information/0/Value/StringWithMarkup/1/Markup/3/Length,number,3
/Record/Section/8/Section/1/Information/0/Value/StringWithMarkup/1/Markup/3/Type,string,Superscript
/Record/Section/8/Section/2/TOCHeading,string,Isotopes in Industry
/Record/Section/8/Section/2/Description,string,Information on the use of this element's isotopes in industry.
/Record/Section/8/Section/2/Information/0/ReferenceNumber,number,4
/Record/Section/8/Section/2/Information/0/Reference/0,string,"[592]  L. von der Wense, B. Seiferle, M. Laatiaoui, J. B. Neumayr, H. J. Maier, H. F. Wirth, C. Mokry, J. Runke, K. Eberhardt, C. E. Düllmann, N. G. Trautmann, P. G. Thirolf. Nature533, 47 (2016)."
/Record/Section/8/Section/2/Information/0/ExtendedReference/0/Citation,string,"[592]  L. von der Wense, B. Seiferle, M. Laatiaoui, J. B. Neumayr, H. J. Maier, H. F. Wirth, C. Mokry, J. Runke, K. Eberhardt, C. E. Düllmann, N. G. Trautmann, P. G. Thirolf. Nature533, 47 (2016)."
/Record/Section/8/Section/2/Information/0/Value/StringWithMarkup/0/String,string,"The most precise time and frequency measurements are performed with optical atomic clocks that use as a frequency standard the optical frequency generated as electrons change energy levels. It has been proposed that a nuclear clock, using a nuclear transition could outperform an electron transition. 229mTh, with a half-life of 13.9 h, has been confirmed as a possible candidate for a nuclear clock [592]. The m in 229mTh indicates a metastable state of the isotope. The further development of a nuclear frequency standard will require more precise determinations of the energy and half-life of the isomer."
/Record/Section/8/Section/2/Information/0/Value/StringWithMarkup/0/Markup/0/Start,number,301
/Record/Section/8/Section/2/Information/0/Value/StringWithMarkup/0/Markup/0/Length,number,4
/Record/Section/8/Section/2/Information/0/Value/StringWithMarkup/0/Markup/0/Type,string,Superscript
/Record/Section/8/Section/2/Information/0/Value/StringWithMarkup/0/Markup/1/Start,number,416
/Record/Section/8/Section/2/Information/0/Value/StringWithMarkup/0/Markup/1/Length,number,4
/Record/Section/8/Section/2/Information/0/Value/StringWithMarkup/0/Markup/1/Type,string,Superscript
/Record/Section/8/Section/3/TOCHeading,string,Isotope Mass and Abundance
/Record/Section/8/Section/3/Description,string,Atomic mass and abundance (composition) information for a given isotope/nuclide. The number in the parenthesis refers to an uncertainty when exist. The unit of atomic weight is the unified atomic mass unit (u) or dalton (Da). 
/Record/Section/8/Section/3/DisplayControls/CreateTable/FromInformationIn,string,ThisSection
/Record/Section/8/Section/3/DisplayControls/CreateTable/NumberOfColumns,number,3
/Record/Section/8/Section/3/DisplayControls/CreateTable/ColumnsFromNamedLists/Name/0,string,Isotope
/Record/Section/8/Section/3/DisplayControls/CreateTable/ColumnsFromNamedLists/Name/1,string,Atomic Mass (uncertainty) [u]
/Record/Section/8/Section/3/DisplayControls/CreateTable/ColumnsFromNamedLists/Name/2,string,Abundance (uncertainty)
/Record/Section/8/Section/3/DisplayControls/CreateTable/ColumnsFromNamedLists/UseNamesAsColumnHeadings,boolean,true
/Record/Section/8/Section/3/Information/0/ReferenceNumber,number,3
/Record/Section/8/Section/3/Information/0/Name,string,Isotope
/Record/Section/8/Section/3/Information/0/Value/StringWithMarkup/0/String,string, 230Th
/Record/Section/8/Section/3/Information/0/Value/StringWithMarkup/0/Markup/0/Start,number,0
/Record/Section/8/Section/3/Information/0/Value/StringWithMarkup/0/Markup/0/Length,number,4
/Record/Section/8/Section/3/Information/0/Value/StringWithMarkup/0/Markup/0/Type,string,Superscript
/Record/Section/8/Section/3/Information/0/Value/StringWithMarkup/1/String,string, 232Th
/Record/Section/8/Section/3/Information/0/Value/StringWithMarkup/1/Markup/0/Start,number,0
/Record/Section/8/Section/3/Information/0/Value/StringWithMarkup/1/Markup/0/Length,number,4
/Record/Section/8/Section/3/Information/0/Value/StringWithMarkup/1/Markup/0/Type,string,Superscript
/Record/Section/8/Section/3/Information/1/ReferenceNumber,number,3
/Record/Section/8/Section/3/Information/1/Name,string,Atomic Mass (uncertainty)
/Record/Section/8/Section/3/Information/1/Value/StringWithMarkup/0/String,string,230.033 132(8)
/Record/Section/8/Section/3/Information/1/Value/StringWithMarkup/1/String,string,232.038 05(1)
/Record/Section/8/Section/3/Information/2/ReferenceNumber,number,3
/Record/Section/8/Section/3/Information/2/Name,string,Abundance (uncertainty)
/Record/Section/8/Section/3/Information/2/Value/StringWithMarkup/0/String,string,0.0002(2)
/Record/Section/8/Section/3/Information/2/Value/StringWithMarkup/1/String,string,0.9998(2)
/Record/Section/8/Section/3/Information/3/ReferenceNumber,number,7
/Record/Section/8/Section/3/Information/3/Name,string,Isotope
/Record/Section/8/Section/3/Information/3/Value/StringWithMarkup/0/String,string,230Th
/Record/Section/8/Section/3/Information/3/Value/StringWithMarkup/0/Markup/0/Start,number,0
/Record/Section/8/Section/3/Information/3/Value/StringWithMarkup/0/Markup/0/Length,number,3
/Record/Section/8/Section/3/Information/3/Value/StringWithMarkup/0/Markup/0/Type,string,Superscript
/Record/Section/8/Section/3/Information/3/Value/StringWithMarkup/1/String,string,232Th
/Record/Section/8/Section/3/Information/3/Value/StringWithMarkup/1/Markup/0/Start,number,0
/Record/Section/8/Section/3/Information/3/Value/StringWithMarkup/1/Markup/0/Length,number,3
/Record/Section/8/Section/3/Information/3/Value/StringWithMarkup/1/Markup/0/Type,string,Superscript
/Record/Section/8/Section/3/Information/4/ReferenceNumber,number,7
/Record/Section/8/Section/3/Information/4/Name,string,Atomic Mass (uncertainty) [u]
/Record/Section/8/Section/3/Information/4/Value/StringWithMarkup/0/String,string,230.0331341(19)
/Record/Section/8/Section/3/Information/4/Value/StringWithMarkup/1/String,string,232.0380558(21)
/Record/Section/8/Section/3/Information/5/ReferenceNumber,number,7
/Record/Section/8/Section/3/Information/5/Name,string,Abundance (uncertainty)
/Record/Section/8/Section/3/Information/5/Value/StringWithMarkup/0/String,string,
/Record/Section/8/Section/3/Information/5/Value/StringWithMarkup/1/String,string,1
/Record/Section/8/Section/4/TOCHeading,string,"Atomic Mass, Half Life, and Decay"
/Record/Section/8/Section/4/Description,string,"Information on the atomic mass, half life, and decay for this element, from the the Atomic Mass Data Center. The number after the ± refers to an uncertainty when exists."
/Record/Section/8/Section/4/URL,string,https://pubchem.ncbi.nlm.nih.gov/docs/atomic-mass/
/Record/Section/8/Section/4/DisplayControls/CreateTable/FromInformationIn,string,ThisSection
/Record/Section/8/Section/4/DisplayControls/CreateTable/NumberOfColumns,number,5
/Record/Section/8/Section/4/DisplayControls/CreateTable/ColumnsFromNamedLists/Name/0,string,Nuclide
/Record/Section/8/Section/4/DisplayControls/CreateTable/ColumnsFromNamedLists/Name/1,string,Atomic Mass and Uncertainty [u]
/Record/Section/8/Section/4/DisplayControls/CreateTable/ColumnsFromNamedLists/Name/2,string,Half Life and Uncertainty
/Record/Section/8/Section/4/DisplayControls/CreateTable/ColumnsFromNamedLists/Name/3,string,Discovery Year
/Record/Section/8/Section/4/DisplayControls/CreateTable/ColumnsFromNamedLists/Name/4,string,"Decay Modes, Intensities and Uncertainties [%]"
/Record/Section/8/Section/4/DisplayControls/CreateTable/ColumnsFromNamedLists/UseNamesAsColumnHeadings,boolean,true
/Record/Section/8/Section/4/Information/0/ReferenceNumber,number,2
/Record/Section/8/Section/4/Information/0/Name,string,Nuclide
/Record/Section/8/Section/4/Information/0/Value/StringWithMarkup/0/String,string,208Th
/Record/Section/8/Section/4/Information/0/Value/StringWithMarkup/0/Markup/0/Start,number,0
/Record/Section/8/Section/4/Information/0/Value/StringWithMarkup/0/Markup/0/Length,number,3
/Record/Section/8/Section/4/Information/0/Value/StringWithMarkup/0/Markup/0/Type,string,Superscript
/Record/Section/8/Section/4/Information/0/Value/StringWithMarkup/1/String,string,209Th
/Record/Section/8/Section/4/Information/0/Value/StringWithMarkup/1/Markup/0/Start,number,0
/Record/Section/8/Section/4/Information/0/Value/StringWithMarkup/1/Markup/0/Length,number,3
/Record/Section/8/Section/4/Information/0/Value/StringWithMarkup/1/Markup/0/Type,string,Superscript
/Record/Section/8/Section/4/Information/0/Value/StringWithMarkup/2/String,string,209Thm
/Record/Section/8/Section/4/Information/0/Value/StringWithMarkup/2/Markup/0/Start,number,0
/Record/Section/8/Section/4/Information/0/Value/StringWithMarkup/2/Markup/0/Length,number,3
/Record/Section/8/Section/4/Information/0/Value/StringWithMarkup/2/Markup/0/Type,string,Superscript
/Record/Section/8/Section/4/Information/0/Value/StringWithMarkup/2/Markup/1/Start,number,5
/Record/Section/8/Section/4/Information/0/Value/StringWithMarkup/2/Markup/1/Length,number,1
/Record/Section/8/Section/4/Information/0/Value/StringWithMarkup/2/Markup/1/Type,string,Superscript
/Record/Section/8/Section/4/Information/0/Value/StringWithMarkup/3/String,string,210Th
/Record/Section/8/Section/4/Information/0/Value/StringWithMarkup/3/Markup/0/Start,number,0
/Record/Section/8/Section/4/Information/0/Value/StringWithMarkup/3/Markup/0/Length,number,3
/Record/Section/8/Section/4/Information/0/Value/StringWithMarkup/3/Markup/0/Type,string,Superscript
/Record/Section/8/Section/4/Information/0/Value/StringWithMarkup/4/String,string,211Th
/Record/Section/8/Section/4/Information/0/Value/StringWithMarkup/4/Markup/0/Start,number,0
/Record/Section/8/Section/4/Information/0/Value/StringWithMarkup/4/Markup/0/Length,number,3
/Record/Section/8/Section/4/Information/0/Value/StringWithMarkup/4/Markup/0/Type,string,Superscript
/Record/Section/8/Section/4/Information/0/Value/StringWithMarkup/5/String,string,212Th
/Record/Section/8/Section/4/Information/0/Value/StringWithMarkup/5/Markup/0/Start,number,0
/Record/Section/8/Section/4/Information/0/Value/StringWithMarkup/5/Markup/0/Length,number,3
/Record/Section/8/Section/4/Information/0/Value/StringWithMarkup/5/Markup/0/Type,string,Superscript
/Record/Section/8/Section/4/Information/0/Value/StringWithMarkup/6/String,string,213Th
/Record/Section/8/Section/4/Information/0/Value/StringWithMarkup/6/Markup/0/Start,number,0
/Record/Section/8/Section/4/Information/0/Value/StringWithMarkup/6/Markup/0/Length,number,3
/Record/Section/8/Section/4/Information/0/Value/StringWithMarkup/6/Markup/0/Type,string,Superscript
/Record/Section/8/Section/4/Information/0/Value/StringWithMarkup/7/String,string,213Thm
/Record/Section/8/Section/4/Information/0/Value/StringWithMarkup/7/Markup/0/Start,number,0
/Record/Section/8/Section/4/Information/0/Value/StringWithMarkup/7/Markup/0/Length,number,3
/Record/Section/8/Section/4/Information/0/Value/StringWithMarkup/7/Markup/0/Type,string,Superscript
/Record/Section/8/Section/4/Information/0/Value/StringWithMarkup/7/Markup/1/Start,number,5
/Record/Section/8/Section/4/Information/0/Value/StringWithMarkup/7/Markup/1/Length,number,1
/Record/Section/8/Section/4/Information/0/Value/StringWithMarkup/7/Markup/1/Type,string,Superscript
/Record/Section/8/Section/4/Information/0/Value/StringWithMarkup/8/String,string,214Th
/Record/Section/8/Section/4/Information/0/Value/StringWithMarkup/8/Markup/0/Start,number,0
/Record/Section/8/Section/4/Information/0/Value/StringWithMarkup/8/Markup/0/Length,number,3
/Record/Section/8/Section/4/Information/0/Value/StringWithMarkup/8/Markup/0/Type,string,Superscript
/Record/Section/8/Section/4/Information/0/Value/StringWithMarkup/9/String,string,214Thm
/Record/Section/8/Section/4/Information/0/Value/StringWithMarkup/9/Markup/0/Start,number,0
/Record/Section/8/Section/4/Information/0/Value/StringWithMarkup/9/Markup/0/Length,number,3
/Record/Section/8/Section/4/Information/0/Value/StringWithMarkup/9/Markup/0/Type,string,Superscript
/Record/Section/8/Section/4/Information/0/Value/StringWithMarkup/9/Markup/1/Start,number,5
/Record/Section/8/Section/4/Information/0/Value/StringWithMarkup/9/Markup/1/Length,number,1
/Record/Section/8/Section/4/Information/0/Value/StringWithMarkup/9/Markup/1/Type,string,Superscript
/Record/Section/8/Section/4/Information/0/Value/StringWithMarkup/10/String,string,215Th
/Record/Section/8/Section/4/Information/0/Value/StringWithMarkup/10/Markup/0/Start,number,0
/Record/Section/8/Section/4/Information/0/Value/StringWithMarkup/10/Markup/0/Length,number,3
/Record/Section/8/Section/4/Information/0/Value/StringWithMarkup/10/Markup/0/Type,string,Superscript
/Record/Section/8/Section/4/Information/0/Value/StringWithMarkup/11/String,string,215Thm
/Record/Section/8/Section/4/Information/0/Value/StringWithMarkup/11/Markup/0/Start,number,0
/Record/Section/8/Section/4/Information/0/Value/StringWithMarkup/11/Markup/0/Length,number,3
/Record/Section/8/Section/4/Information/0/Value/StringWithMarkup/11/Markup/0/Type,string,Superscript
/Record/Section/8/Section/4/Information/0/Value/StringWithMarkup/11/Markup/1/Start,number,5
/Record/Section/8/Section/4/Information/0/Value/StringWithMarkup/11/Markup/1/Length,number,1
/Record/Section/8/Section/4/Information/0/Value/StringWithMarkup/11/Markup/1/Type,string,Superscript
/Record/Section/8/Section/4/Information/0/Value/StringWithMarkup/12/String,string,216Th
/Record/Section/8/Section/4/Information/0/Value/StringWithMarkup/12/Markup/0/Start,number,0
/Record/Section/8/Section/4/Information/0/Value/StringWithMarkup/12/Markup/0/Length,number,3
/Record/Section/8/Section/4/Information/0/Value/StringWithMarkup/12/Markup/0/Type,string,Superscript
/Record/Section/8/Section/4/Information/0/Value/StringWithMarkup/13/String,string,216Thm
/Record/Section/8/Section/4/Information/0/Value/StringWithMarkup/13/Markup/0/Start,number,0
/Record/Section/8/Section/4/Information/0/Value/StringWithMarkup/13/Markup/0/Length,number,3
/Record/Section/8/Section/4/Information/0/Value/StringWithMarkup/13/Markup/0/Type,string,Superscript
/Record/Section/8/Section/4/Information/0/Value/StringWithMarkup/13/Markup/1/Start,number,5
/Record/Section/8/Section/4/Information/0/Value/StringWithMarkup/13/Markup/1/Length,number,1
/Record/Section/8/Section/4/Information/0/Value/StringWithMarkup/13/Markup/1/Type,string,Superscript
/Record/Section/8/Section/4/Information/0/Value/StringWithMarkup/14/String,string,216Thn
/Record/Section/8/Section/4/Information/0/Value/StringWithMarkup/14/Markup/0/Start,number,0
/Record/Section/8/Section/4/Information/0/Value/StringWithMarkup/14/Markup/0/Length,number,3
/Record/Section/8/Section/4/Information/0/Value/StringWithMarkup/14/Markup/0/Type,string,Superscript
/Record/Section/8/Section/4/Information/0/Value/StringWithMarkup/14/Markup/1/Start,number,5
/Record/Section/8/Section/4/Information/0/Value/StringWithMarkup/14/Markup/1/Length,number,1
/Record/Section/8/Section/4/Information/0/Value/StringWithMarkup/14/Markup/1/Type,string,Superscript
/Record/Section/8/Section/4/Information/0/Value/StringWithMarkup/15/String,string,216Thp
/Record/Section/8/Section/4/Information/0/Value/StringWithMarkup/15/Markup/0/Start,number,0
/Record/Section/8/Section/4/Information/0/Value/StringWithMarkup/15/Markup/0/Length,number,3
/Record/Section/8/Section/4/Information/0/Value/StringWithMarkup/15/Markup/0/Type,string,Superscript
/Record/Section/8/Section/4/Information/0/Value/StringWithMarkup/15/Markup/1/Start,number,5
/Record/Section/8/Section/4/Information/0/Value/StringWithMarkup/15/Markup/1/Length,number,1
/Record/Section/8/Section/4/Information/0/Value/StringWithMarkup/15/Markup/1/Type,string,Superscript
/Record/Section/8/Section/4/Information/0/Value/StringWithMarkup/16/String,string,217Th
/Record/Section/8/Section/4/Information/0/Value/StringWithMarkup/16/Markup/0/Start,number,0
/Record/Section/8/Section/4/Information/0/Value/StringWithMarkup/16/Markup/0/Length,number,3
/Record/Section/8/Section/4/Information/0/Value/StringWithMarkup/16/Markup/0/Type,string,Superscript
/Record/Section/8/Section/4/Information/0/Value/StringWithMarkup/17/String,string,217Thm
/Record/Section/8/Section/4/Information/0/Value/StringWithMarkup/17/Markup/0/Start,number,0
/Record/Section/8/Section/4/Information/0/Value/StringWithMarkup/17/Markup/0/Length,number,3
/Record/Section/8/Section/4/Information/0/Value/StringWithMarkup/17/Markup/0/Type,string,Superscript
/Record/Section/8/Section/4/Information/0/Value/StringWithMarkup/17/Markup/1/Start,number,5
/Record/Section/8/Section/4/Information/0/Value/StringWithMarkup/17/Markup/1/Length,number,1
/Record/Section/8/Section/4/Information/0/Value/StringWithMarkup/17/Markup/1/Type,string,Superscript
/Record/Section/8/Section/4/Information/0/Value/StringWithMarkup/18/String,string,217Thn
/Record/Section/8/Section/4/Information/0/Value/StringWithMarkup/18/Markup/0/Start,number,0
/Record/Section/8/Section/4/Information/0/Value/StringWithMarkup/18/Markup/0/Length,number,3
/Record/Section/8/Section/4/Information/0/Value/StringWithMarkup/18/Markup/0/Type,string,Superscript
/Record/Section/8/Section/4/Information/0/Value/StringWithMarkup/18/Markup/1/Start,number,5
/Record/Section/8/Section/4/Information/0/Value/StringWithMarkup/18/Markup/1/Length,number,1
/Record/Section/8/Section/4/Information/0/Value/StringWithMarkup/18/Markup/1/Type,string,Superscript
/Record/Section/8/Section/4/Information/0/Value/StringWithMarkup/19/String,string,218Th
/Record/Section/8/Section/4/Information/0/Value/StringWithMarkup/19/Markup/0/Start,number,0
/Record/Section/8/Section/4/Information/0/Value/StringWithMarkup/19/Markup/0/Length,number,3
/Record/Section/8/Section/4/Information/0/Value/StringWithMarkup/19/Markup/0/Type,string,Superscript
/Record/Section/8/Section/4/Information/0/Value/StringWithMarkup/20/String,string,219Th
/Record/Section/8/Section/4/Information/0/Value/StringWithMarkup/20/Markup/0/Start,number,0
/Record/Section/8/Section/4/Information/0/Value/StringWithMarkup/20/Markup/0/Length,number,3
/Record/Section/8/Section/4/Information/0/Value/StringWithMarkup/20/Markup/0/Type,string,Superscript
/Record/Section/8/Section/4/Information/0/Value/StringWithMarkup/21/String,string,220Th
/Record/Section/8/Section/4/Information/0/Value/StringWithMarkup/21/Markup/0/Start,number,0
/Record/Section/8/Section/4/Information/0/Value/StringWithMarkup/21/Markup/0/Length,number,3
/Record/Section/8/Section/4/Information/0/Value/StringWithMarkup/21/Markup/0/Type,string,Superscript
/Record/Section/8/Section/4/Information/0/Value/StringWithMarkup/22/String,string,221Th
/Record/Section/8/Section/4/Information/0/Value/StringWithMarkup/22/Markup/0/Start,number,0
/Record/Section/8/Section/4/Information/0/Value/StringWithMarkup/22/Markup/0/Length,number,3
/Record/Section/8/Section/4/Information/0/Value/StringWithMarkup/22/Markup/0/Type,string,Superscript
/Record/Section/8/Section/4/Information/0/Value/StringWithMarkup/23/String,string,222Th
/Record/Section/8/Section/4/Information/0/Value/StringWithMarkup/23/Markup/0/Start,number,0
/Record/Section/8/Section/4/Information/0/Value/StringWithMarkup/23/Markup/0/Length,number,3
/Record/Section/8/Section/4/Information/0/Value/StringWithMarkup/23/Markup/0/Type,string,Superscript
/Record/Section/8/Section/4/Information/0/Value/StringWithMarkup/24/String,string,223Th
/Record/Section/8/Section/4/Information/0/Value/StringWithMarkup/24/Markup/0/Start,number,0
/Record/Section/8/Section/4/Information/0/Value/StringWithMarkup/24/Markup/0/Length,number,3
/Record/Section/8/Section/4/Information/0/Value/StringWithMarkup/24/Markup/0/Type,string,Superscript
/Record/Section/8/Section/4/Information/0/Value/StringWithMarkup/25/String,string,224Th
/Record/Section/8/Section/4/Information/0/Value/StringWithMarkup/25/Markup/0/Start,number,0
/Record/Section/8/Section/4/Information/0/Value/StringWithMarkup/25/Markup/0/Length,number,3
/Record/Section/8/Section/4/Information/0/Value/StringWithMarkup/25/Markup/0/Type,string,Superscript
/Record/Section/8/Section/4/Information/0/Value/StringWithMarkup/26/String,string,225Th
/Record/Section/8/Section/4/Information/0/Value/StringWithMarkup/26/Markup/0/Start,number,0
/Record/Section/8/Section/4/Information/0/Value/StringWithMarkup/26/Markup/0/Length,number,3
/Record/Section/8/Section/4/Information/0/Value/StringWithMarkup/26/Markup/0/Type,string,Superscript
/Record/Section/8/Section/4/Information/0/Value/StringWithMarkup/27/String,string,226Th
/Record/Section/8/Section/4/Information/0/Value/StringWithMarkup/27/Markup/0/Start,number,0
/Record/Section/8/Section/4/Information/0/Value/StringWithMarkup/27/Markup/0/Length,number,3
/Record/Section/8/Section/4/Information/0/Value/StringWithMarkup/27/Markup/0/Type,string,Superscript
/Record/Section/8/Section/4/Information/0/Value/StringWithMarkup/28/String,string,227Th
/Record/Section/8/Section/4/Information/0/Value/StringWithMarkup/28/Markup/0/Start,number,0
/Record/Section/8/Section/4/Information/0/Value/StringWithMarkup/28/Markup/0/Length,number,3
/Record/Section/8/Section/4/Information/0/Value/StringWithMarkup/28/Markup/0/Type,string,Superscript
/Record/Section/8/Section/4/Information/0/Value/StringWithMarkup/29/String,string,228Th
/Record/Section/8/Section/4/Information/0/Value/StringWithMarkup/29/Markup/0/Start,number,0
/Record/Section/8/Section/4/Information/0/Value/StringWithMarkup/29/Markup/0/Length,number,3
/Record/Section/8/Section/4/Information/0/Value/StringWithMarkup/29/Markup/0/Type,string,Superscript
/Record/Section/8/Section/4/Information/0/Value/StringWithMarkup/30/String,string,229Th
/Record/Section/8/Section/4/Information/0/Value/StringWithMarkup/30/Markup/0/Start,number,0
/Record/Section/8/Section/4/Information/0/Value/StringWithMarkup/30/Markup/0/Length,number,3
/Record/Section/8/Section/4/Information/0/Value/StringWithMarkup/30/Markup/0/Type,string,Superscript
/Record/Section/8/Section/4/Information/0/Value/StringWithMarkup/31/String,string,229Thm
/Record/Section/8/Section/4/Information/0/Value/StringWithMarkup/31/Markup/0/Start,number,0
/Record/Section/8/Section/4/Information/0/Value/StringWithMarkup/31/Markup/0/Length,number,3
/Record/Section/8/Section/4/Information/0/Value/StringWithMarkup/31/Markup/0/Type,string,Superscript
/Record/Section/8/Section/4/Information/0/Value/StringWithMarkup/31/Markup/1/Start,number,5
/Record/Section/8/Section/4/Information/0/Value/StringWithMarkup/31/Markup/1/Length,number,1
/Record/Section/8/Section/4/Information/0/Value/StringWithMarkup/31/Markup/1/Type,string,Superscript
/Record/Section/8/Section/4/Information/0/Value/StringWithMarkup/32/String,string,230Th
/Record/Section/8/Section/4/Information/0/Value/StringWithMarkup/32/Markup/0/Start,number,0
/Record/Section/8/Section/4/Information/0/Value/StringWithMarkup/32/Markup/0/Length,number,3
/Record/Section/8/Section/4/Information/0/Value/StringWithMarkup/32/Markup/0/Type,string,Superscript
/Record/Section/8/Section/4/Information/0/Value/StringWithMarkup/33/String,string,231Th
/Record/Section/8/Section/4/Information/0/Value/StringWithMarkup/33/Markup/0/Start,number,0
/Record/Section/8/Section/4/Information/0/Value/StringWithMarkup/33/Markup/0/Length,number,3
/Record/Section/8/Section/4/Information/0/Value/StringWithMarkup/33/Markup/0/Type,string,Superscript
/Record/Section/8/Section/4/Information/0/Value/StringWithMarkup/34/String,string,232Th
/Record/Section/8/Section/4/Information/0/Value/StringWithMarkup/34/Markup/0/Start,number,0
/Record/Section/8/Section/4/Information/0/Value/StringWithMarkup/34/Markup/0/Length,number,3
/Record/Section/8/Section/4/Information/0/Value/StringWithMarkup/34/Markup/0/Type,string,Superscript
/Record/Section/8/Section/4/Information/0/Value/StringWithMarkup/35/String,string,233Th
/Record/Section/8/Section/4/Information/0/Value/StringWithMarkup/35/Markup/0/Start,number,0
/Record/Section/8/Section/4/Information/0/Value/StringWithMarkup/35/Markup/0/Length,number,3
/Record/Section/8/Section/4/Information/0/Value/StringWithMarkup/35/Markup/0/Type,string,Superscript
/Record/Section/8/Section/4/Information/0/Value/StringWithMarkup/36/String,string,233Thm
/Record/Section/8/Section/4/Information/0/Value/StringWithMarkup/36/Markup/0/Start,number,0
/Record/Section/8/Section/4/Information/0/Value/StringWithMarkup/36/Markup/0/Length,number,3
/Record/Section/8/Section/4/Information/0/Value/StringWithMarkup/36/Markup/0/Type,string,Superscript
/Record/Section/8/Section/4/Information/0/Value/StringWithMarkup/36/Markup/1/Start,number,5
/Record/Section/8/Section/4/Information/0/Value/StringWithMarkup/36/Markup/1/Length,number,1
/Record/Section/8/Section/4/Information/0/Value/StringWithMarkup/36/Markup/1/Type,string,Superscript
/Record/Section/8/Section/4/Information/0/Value/StringWithMarkup/37/String,string,234Th
/Record/Section/8/Section/4/Information/0/Value/StringWithMarkup/37/Markup/0/Start,number,0
/Record/Section/8/Section/4/Information/0/Value/StringWithMarkup/37/Markup/0/Length,number,3
/Record/Section/8/Section/4/Information/0/Value/StringWithMarkup/37/Markup/0/Type,string,Superscript
/Record/Section/8/Section/4/Information/0/Value/StringWithMarkup/38/String,string,235Th
/Record/Section/8/Section/4/Information/0/Value/StringWithMarkup/38/Markup/0/Start,number,0
/Record/Section/8/Section/4/Information/0/Value/StringWithMarkup/38/Markup/0/Length,number,3
/Record/Section/8/Section/4/Information/0/Value/StringWithMarkup/38/Markup/0/Type,string,Superscript
/Record/Section/8/Section/4/Information/0/Value/StringWithMarkup/39/String,string,236Th
/Record/Section/8/Section/4/Information/0/Value/StringWithMarkup/39/Markup/0/Start,number,0
/Record/Section/8/Section/4/Information/0/Value/StringWithMarkup/39/Markup/0/Length,number,3
/Record/Section/8/Section/4/Information/0/Value/StringWithMarkup/39/Markup/0/Type,string,Superscript
/Record/Section/8/Section/4/Information/0/Value/StringWithMarkup/40/String,string,237Th
/Record/Section/8/Section/4/Information/0/Value/StringWithMarkup/40/Markup/0/Start,number,0
/Record/Section/8/Section/4/Information/0/Value/StringWithMarkup/40/Markup/0/Length,number,3
/Record/Section/8/Section/4/Information/0/Value/StringWithMarkup/40/Markup/0/Type,string,Superscript
/Record/Section/8/Section/4/Information/0/Value/StringWithMarkup/41/String,string,238Th
/Record/Section/8/Section/4/Information/0/Value/StringWithMarkup/41/Markup/0/Start,number,0
/Record/Section/8/Section/4/Information/0/Value/StringWithMarkup/41/Markup/0/Length,number,3
/Record/Section/8/Section/4/Information/0/Value/StringWithMarkup/41/Markup/0/Type,string,Superscript
/Record/Section/8/Section/4/Information/0/Value/StringWithMarkup/42/String,string,239Th
/Record/Section/8/Section/4/Information/0/Value/StringWithMarkup/42/Markup/0/Start,number,0
/Record/Section/8/Section/4/Information/0/Value/StringWithMarkup/42/Markup/0/Length,number,3
/Record/Section/8/Section/4/Information/0/Value/StringWithMarkup/42/Markup/0/Type,string,Superscript
/Record/Section/8/Section/4/Information/1/ReferenceNumber,number,2
/Record/Section/8/Section/4/Information/1/Name,string,Atomic Mass and Uncertainty [u]
/Record/Section/8/Section/4/Information/1/Value/StringWithMarkup/0/String,string,208.017915348 ± 0.000034208
/Record/Section/8/Section/4/Information/1/Value/StringWithMarkup/1/String,string,209.017601 ± 0.000111 [Estimated]
/Record/Section/8/Section/4/Information/1/Value/StringWithMarkup/2/String,string,209.017601 ± 0.000111 [Estimated]
/Record/Section/8/Section/4/Information/1/Value/StringWithMarkup/3/String,string,210.015093515 ± 0.000020299
/Record/Section/8/Section/4/Information/1/Value/StringWithMarkup/4/String,string,211.014896923 ± 0.000092399
/Record/Section/8/Section/4/Information/1/Value/StringWithMarkup/5/String,string,212.013001570 ± 0.000010852
/Record/Section/8/Section/4/Information/1/Value/StringWithMarkup/6/String,string,213.013011470 ± 0.000009895
/Record/Section/8/Section/4/Information/1/Value/StringWithMarkup/7/String,string,213.013011470 ± 0.000009895
/Record/Section/8/Section/4/Information/1/Value/StringWithMarkup/8/String,string,214.011481480 ± 0.000011445
/Record/Section/8/Section/4/Information/1/Value/StringWithMarkup/9/String,string,214.011481480 ± 0.000011445
/Record/Section/8/Section/4/Information/1/Value/StringWithMarkup/10/String,string,215.011724640 ± 0.0000068
/Record/Section/8/Section/4/Information/1/Value/StringWithMarkup/11/String,string,215.011724640 ± 0.0000068
/Record/Section/8/Section/4/Information/1/Value/StringWithMarkup/12/String,string,216.011055933 ± 0.00001192
/Record/Section/8/Section/4/Information/1/Value/StringWithMarkup/13/String,string,216.011055933 ± 0.00001192
/Record/Section/8/Section/4/Information/1/Value/StringWithMarkup/14/String,string,216.011055933 ± 0.00001192
/Record/Section/8/Section/4/Information/1/Value/StringWithMarkup/15/String,string,216.011055933 ± 0.00001192
/Record/Section/8/Section/4/Information/1/Value/StringWithMarkup/16/String,string,217.013103443 ± 0.000011394
/Record/Section/8/Section/4/Information/1/Value/StringWithMarkup/17/String,string,217.013103443 ± 0.000011394
/Record/Section/8/Section/4/Information/1/Value/StringWithMarkup/18/String,string,217.013103443 ± 0.000011394
/Record/Section/8/Section/4/Information/1/Value/StringWithMarkup/19/String,string,218.013276248 ± 0.000011289
/Record/Section/8/Section/4/Information/1/Value/StringWithMarkup/20/String,string,219.015526432 ± 0.000060611
/Record/Section/8/Section/4/Information/1/Value/StringWithMarkup/21/String,string,220.015769866 ± 0.000014693
/Record/Section/8/Section/4/Information/1/Value/StringWithMarkup/22/String,string,221.018185757 ± 0.000008582
/Record/Section/8/Section/4/Information/1/Value/StringWithMarkup/23/String,string,222.018468220 ± 0.000010966
/Record/Section/8/Section/4/Information/1/Value/StringWithMarkup/24/String,string,223.020811083 ± 0.000008527
/Record/Section/8/Section/4/Information/1/Value/StringWithMarkup/25/String,string,224.021466137 ± 0.00001031
/Record/Section/8/Section/4/Information/1/Value/StringWithMarkup/26/String,string,225.023950975 ± 0.000005467
/Record/Section/8/Section/4/Information/1/Value/StringWithMarkup/27/String,string,226.024903699 ± 0.00000481
/Record/Section/8/Section/4/Information/1/Value/StringWithMarkup/28/String,string,227.027702546 ± 0.000002241
/Record/Section/8/Section/4/Information/1/Value/StringWithMarkup/29/String,string,228.028739741 ± 0.000001938
/Record/Section/8/Section/4/Information/1/Value/StringWithMarkup/30/String,string,229.031761357 ± 0.000002581
/Record/Section/8/Section/4/Information/1/Value/StringWithMarkup/31/String,string,229.031761357 ± 0.000002581
/Record/Section/8/Section/4/Information/1/Value/StringWithMarkup/32/String,string,230.033132267 ± 0.000001297
/Record/Section/8/Section/4/Information/1/Value/StringWithMarkup/33/String,string,231.036302764 ± 0.000001306
/Record/Section/8/Section/4/Information/1/Value/StringWithMarkup/34/String,string,232.038053606 ± 0.000001525
/Record/Section/8/Section/4/Information/1/Value/StringWithMarkup/35/String,string,233.041580126 ± 0.000001528
/Record/Section/8/Section/4/Information/1/Value/StringWithMarkup/36/String,string,233.041580126 ± 0.000001528
/Record/Section/8/Section/4/Information/1/Value/StringWithMarkup/37/String,string,234.043599801 ± 0.000002779
/Record/Section/8/Section/4/Information/1/Value/StringWithMarkup/38/String,string,235.047255000 ± 0.000014
/Record/Section/8/Section/4/Information/1/Value/StringWithMarkup/39/String,string,236.049657000 ± 0.000015
/Record/Section/8/Section/4/Information/1/Value/StringWithMarkup/40/String,string,237.053629000 ± 0.000017
/Record/Section/8/Section/4/Information/1/Value/StringWithMarkup/41/String,string,238.056388 ± 0.000304 [Estimated]
/Record/Section/8/Section/4/Information/1/Value/StringWithMarkup/42/String,string,239.060655 ± 0.000429 [Estimated]
/Record/Section/8/Section/4/Information/2/ReferenceNumber,number,2
/Record/Section/8/Section/4/Information/2/Name,string,Half Life and Uncertainty
/Record/Section/8/Section/4/Information/2/Value/StringWithMarkup/0/String,string,2.4 ms ± 1.2
/Record/Section/8/Section/4/Information/2/Value/StringWithMarkup/1/String,string,60 ms [Estimated]
/Record/Section/8/Section/4/Information/2/Value/StringWithMarkup/2/String,string,3.1 ms ± 1.2
/Record/Section/8/Section/4/Information/2/Value/StringWithMarkup/3/String,string,16.0 ms ± 3.6
/Record/Section/8/Section/4/Information/2/Value/StringWithMarkup/4/String,string,48 ms ± 20
/Record/Section/8/Section/4/Information/2/Value/StringWithMarkup/5/String,string,31.7 ms ± 1.3
/Record/Section/8/Section/4/Information/2/Value/StringWithMarkup/6/String,string,144 ms ± 21
/Record/Section/8/Section/4/Information/2/Value/StringWithMarkup/7/String,string,1.4 us ± 0.4
/Record/Section/8/Section/4/Information/2/Value/StringWithMarkup/8/String,string,87 ms ± 10
/Record/Section/8/Section/4/Information/2/Value/StringWithMarkup/9/String,string,1.24 us ± 0.12
/Record/Section/8/Section/4/Information/2/Value/StringWithMarkup/10/String,string,1.35 s ± 0.14
/Record/Section/8/Section/4/Information/2/Value/StringWithMarkup/11/String,string,770 ns ± 60
/Record/Section/8/Section/4/Information/2/Value/StringWithMarkup/12/String,string,26.28 ms ± 0.16
/Record/Section/8/Section/4/Information/2/Value/StringWithMarkup/13/String,string,135.4 us ± 2.9
/Record/Section/8/Section/4/Information/2/Value/StringWithMarkup/14/String,string,580 ns ± 26
/Record/Section/8/Section/4/Information/2/Value/StringWithMarkup/15/String,string,740 ns ± 70
/Record/Section/8/Section/4/Information/2/Value/StringWithMarkup/16/String,string,248 us ± 4
/Record/Section/8/Section/4/Information/2/Value/StringWithMarkup/17/String,string,141 ns ± 50
/Record/Section/8/Section/4/Information/2/Value/StringWithMarkup/18/String,string,71 us ± 14
/Record/Section/8/Section/4/Information/2/Value/StringWithMarkup/19/String,string,122 ns ± 5
/Record/Section/8/Section/4/Information/2/Value/StringWithMarkup/20/String,string,1.023 us ± 0.018
/Record/Section/8/Section/4/Information/2/Value/StringWithMarkup/21/String,string,10.2 us ± 0.3
/Record/Section/8/Section/4/Information/2/Value/StringWithMarkup/22/String,string,1.75 ms ± 0.02
/Record/Section/8/Section/4/Information/2/Value/StringWithMarkup/23/String,string,2.24 ms ± 0.03
/Record/Section/8/Section/4/Information/2/Value/StringWithMarkup/24/String,string,600 ms ± 20
/Record/Section/8/Section/4/Information/2/Value/StringWithMarkup/25/String,string,1.04 s ± 0.02
/Record/Section/8/Section/4/Information/2/Value/StringWithMarkup/26/String,string,8.75 m ± 0.04
/Record/Section/8/Section/4/Information/2/Value/StringWithMarkup/27/String,string,30.70 m ± 0.03
/Record/Section/8/Section/4/Information/2/Value/StringWithMarkup/28/String,string,18.693 d ± 0.004
/Record/Section/8/Section/4/Information/2/Value/StringWithMarkup/29/String,string,1.9125 y ± 0.0007
/Record/Section/8/Section/4/Information/2/Value/StringWithMarkup/30/String,string,7.916 ky ± 0.017
/Record/Section/8/Section/4/Information/2/Value/StringWithMarkup/31/String,string,7 us ± 1
/Record/Section/8/Section/4/Information/2/Value/StringWithMarkup/32/String,string,75.4 ky ± 0.3
/Record/Section/8/Section/4/Information/2/Value/StringWithMarkup/33/String,string,25.52 h ± 0.01
/Record/Section/8/Section/4/Information/2/Value/StringWithMarkup/34/String,string,14.0 Gy ± 0.1
/Record/Section/8/Section/4/Information/2/Value/StringWithMarkup/35/String,string,21.83 m ± 0.04
/Record/Section/8/Section/4/Information/2/Value/StringWithMarkup/36/String,string,2 s [Estimated]
/Record/Section/8/Section/4/Information/2/Value/StringWithMarkup/37/String,string,24.107 d ± 0.024
/Record/Section/8/Section/4/Information/2/Value/StringWithMarkup/38/String,string,7.2 m ± 0.1
/Record/Section/8/Section/4/Information/2/Value/StringWithMarkup/39/String,string,37.3 m ± 1.5
/Record/Section/8/Section/4/Information/2/Value/StringWithMarkup/40/String,string,4.8 m ± 0.5
/Record/Section/8/Section/4/Information/2/Value/StringWithMarkup/41/String,string,9.4 m ± 2.0
/Record/Section/8/Section/4/Information/2/Value/StringWithMarkup/42/String,string,1 m [Estimated]
/Record/Section/8/Section/4/Information/3/ReferenceNumber,number,2
/Record/Section/8/Section/4/Information/3/Name,string,Discovery Year
/Record/Section/8/Section/4/Information/3/Value/StringWithMarkup/0/String,string,2010
/Record/Section/8/Section/4/Information/3/Value/StringWithMarkup/1/String,string,
/Record/Section/8/Section/4/Information/3/Value/StringWithMarkup/2/String,string,1996
/Record/Section/8/Section/4/Information/3/Value/StringWithMarkup/3/String,string,1995
/Record/Section/8/Section/4/Information/3/Value/StringWithMarkup/4/String,string,1995
/Record/Section/8/Section/4/Information/3/Value/StringWithMarkup/5/String,string,1980
/Record/Section/8/Section/4/Information/3/Value/StringWithMarkup/6/String,string,1968
/Record/Section/8/Section/4/Information/3/Value/StringWithMarkup/7/String,string,2007
/Record/Section/8/Section/4/Information/3/Value/StringWithMarkup/8/String,string,1968
/Record/Section/8/Section/4/Information/3/Value/StringWithMarkup/9/String,string,2007
/Record/Section/8/Section/4/Information/3/Value/StringWithMarkup/10/String,string,1968
/Record/Section/8/Section/4/Information/3/Value/StringWithMarkup/11/String,string,2005
/Record/Section/8/Section/4/Information/3/Value/StringWithMarkup/12/String,string,1968
/Record/Section/8/Section/4/Information/3/Value/StringWithMarkup/13/String,string,1983
/Record/Section/8/Section/4/Information/3/Value/StringWithMarkup/14/String,string,1983
/Record/Section/8/Section/4/Information/3/Value/StringWithMarkup/15/String,string,2001
/Record/Section/8/Section/4/Information/3/Value/StringWithMarkup/16/String,string,1968
/Record/Section/8/Section/4/Information/3/Value/StringWithMarkup/17/String,string,1989
/Record/Section/8/Section/4/Information/3/Value/StringWithMarkup/18/String,string,2002
/Record/Section/8/Section/4/Information/3/Value/StringWithMarkup/19/String,string,1973
/Record/Section/8/Section/4/Information/3/Value/StringWithMarkup/20/String,string,1973
/Record/Section/8/Section/4/Information/3/Value/StringWithMarkup/21/String,string,1973
/Record/Section/8/Section/4/Information/3/Value/StringWithMarkup/22/String,string,1970
/Record/Section/8/Section/4/Information/3/Value/StringWithMarkup/23/String,string,1970
/Record/Section/8/Section/4/Information/3/Value/StringWithMarkup/24/String,string,1952
/Record/Section/8/Section/4/Information/3/Value/StringWithMarkup/25/String,string,1949
/Record/Section/8/Section/4/Information/3/Value/StringWithMarkup/26/String,string,1949
/Record/Section/8/Section/4/Information/3/Value/StringWithMarkup/27/String,string,1948
/Record/Section/8/Section/4/Information/3/Value/StringWithMarkup/28/String,string,1906
/Record/Section/8/Section/4/Information/3/Value/StringWithMarkup/29/String,string,1905
/Record/Section/8/Section/4/Information/3/Value/StringWithMarkup/30/String,string,1947
/Record/Section/8/Section/4/Information/3/Value/StringWithMarkup/31/String,string,1994
/Record/Section/8/Section/4/Information/3/Value/StringWithMarkup/32/String,string,1907
/Record/Section/8/Section/4/Information/3/Value/StringWithMarkup/33/String,string,1911
/Record/Section/8/Section/4/Information/3/Value/StringWithMarkup/34/String,string,1898
/Record/Section/8/Section/4/Information/3/Value/StringWithMarkup/35/String,string,1935
/Record/Section/8/Section/4/Information/3/Value/StringWithMarkup/36/String,string,
/Record/Section/8/Section/4/Information/3/Value/StringWithMarkup/37/String,string,1900
/Record/Section/8/Section/4/Information/3/Value/StringWithMarkup/38/String,string,1969
/Record/Section/8/Section/4/Information/3/Value/StringWithMarkup/39/String,string,1973
/Record/Section/8/Section/4/Information/3/Value/StringWithMarkup/40/String,string,1993
/Record/Section/8/Section/4/Information/3/Value/StringWithMarkup/41/String,string,1999
/Record/Section/8/Section/4/Information/3/Value/StringWithMarkup/42/String,string,
/Record/Section/8/Section/4/Information/4/ReferenceNumber,number,2
/Record/Section/8/Section/4/Information/4/Name,string,"Decay Modes, Intensities and Uncertainties [%]"
/Record/Section/8/Section/4/Information/4/Value/StringWithMarkup/0/String,string,α≈100%
/Record/Section/8/Section/4/Information/4/Value/StringWithMarkup/1/String,string,α ?; β+ ?
/Record/Section/8/Section/4/Information/4/Value/StringWithMarkup/1/Markup/0/Start,number,6
/Record/Section/8/Section/4/Information/4/Value/StringWithMarkup/1/Markup/0/Length,number,1
/Record/Section/8/Section/4/Information/4/Value/StringWithMarkup/1/Markup/0/Type,string,Superscript
/Record/Section/8/Section/4/Information/4/Value/StringWithMarkup/2/String,string,α≈100%; β+ ?
/Record/Section/8/Section/4/Information/4/Value/StringWithMarkup/2/Markup/0/Start,number,9
/Record/Section/8/Section/4/Information/4/Value/StringWithMarkup/2/Markup/0/Length,number,1
/Record/Section/8/Section/4/Information/4/Value/StringWithMarkup/2/Markup/0/Type,string,Superscript
/Record/Section/8/Section/4/Information/4/Value/StringWithMarkup/3/String,string,α≈100%; β+ ?
/Record/Section/8/Section/4/Information/4/Value/StringWithMarkup/3/Markup/0/Start,number,9
/Record/Section/8/Section/4/Information/4/Value/StringWithMarkup/3/Markup/0/Length,number,1
/Record/Section/8/Section/4/Information/4/Value/StringWithMarkup/3/Markup/0/Type,string,Superscript
/Record/Section/8/Section/4/Information/4/Value/StringWithMarkup/4/String,string,α≈100%; β+ ?
/Record/Section/8/Section/4/Information/4/Value/StringWithMarkup/4/Markup/0/Start,number,9
/Record/Section/8/Section/4/Information/4/Value/StringWithMarkup/4/Markup/0/Length,number,1
/Record/Section/8/Section/4/Information/4/Value/StringWithMarkup/4/Markup/0/Type,string,Superscript
/Record/Section/8/Section/4/Information/4/Value/StringWithMarkup/5/String,string,α≈100%; β+ ?
/Record/Section/8/Section/4/Information/4/Value/StringWithMarkup/5/Markup/0/Start,number,9
/Record/Section/8/Section/4/Information/4/Value/StringWithMarkup/5/Markup/0/Length,number,1
/Record/Section/8/Section/4/Information/4/Value/StringWithMarkup/5/Markup/0/Type,string,Superscript
/Record/Section/8/Section/4/Information/4/Value/StringWithMarkup/6/String,string,α≈100%; β+ ?
/Record/Section/8/Section/4/Information/4/Value/StringWithMarkup/6/Markup/0/Start,number,9
/Record/Section/8/Section/4/Information/4/Value/StringWithMarkup/6/Markup/0/Length,number,1
/Record/Section/8/Section/4/Information/4/Value/StringWithMarkup/6/Markup/0/Type,string,Superscript
/Record/Section/8/Section/4/Information/4/Value/StringWithMarkup/7/String,string,IT=100%
/Record/Section/8/Section/4/Information/4/Value/StringWithMarkup/8/String,string,α≈100%; β+ ?
/Record/Section/8/Section/4/Information/4/Value/StringWithMarkup/8/Markup/0/Start,number,9
/Record/Section/8/Section/4/Information/4/Value/StringWithMarkup/8/Markup/0/Length,number,1
/Record/Section/8/Section/4/Information/4/Value/StringWithMarkup/8/Markup/0/Type,string,Superscript
/Record/Section/8/Section/4/Information/4/Value/StringWithMarkup/9/String,string,IT=100%
/Record/Section/8/Section/4/Information/4/Value/StringWithMarkup/10/String,string,α=100%
/Record/Section/8/Section/4/Information/4/Value/StringWithMarkup/11/String,string,IT=100%
/Record/Section/8/Section/4/Information/4/Value/StringWithMarkup/12/String,string,α≈100%; β+ ?
/Record/Section/8/Section/4/Information/4/Value/StringWithMarkup/12/Markup/0/Start,number,9
/Record/Section/8/Section/4/Information/4/Value/StringWithMarkup/12/Markup/0/Length,number,1
/Record/Section/8/Section/4/Information/4/Value/StringWithMarkup/12/Markup/0/Type,string,Superscript
/Record/Section/8/Section/4/Information/4/Value/StringWithMarkup/13/String,string,IT=97.2±0.9%; α=2.8±0.9%
/Record/Section/8/Section/4/Information/4/Value/StringWithMarkup/14/String,string,IT=100%
/Record/Section/8/Section/4/Information/4/Value/StringWithMarkup/15/String,string,IT=100%
/Record/Section/8/Section/4/Information/4/Value/StringWithMarkup/16/String,string,α=100%
/Record/Section/8/Section/4/Information/4/Value/StringWithMarkup/17/String,string,IT=100%
/Record/Section/8/Section/4/Information/4/Value/StringWithMarkup/18/String,string,IT=100%
/Record/Section/8/Section/4/Information/4/Value/StringWithMarkup/19/String,string,α=100%
/Record/Section/8/Section/4/Information/4/Value/StringWithMarkup/20/String,string,α=100%; β+ ?
/Record/Section/8/Section/4/Information/4/Value/StringWithMarkup/20/Markup/0/Start,number,9
/Record/Section/8/Section/4/Information/4/Value/StringWithMarkup/20/Markup/0/Length,number,1
/Record/Section/8/Section/4/Information/4/Value/StringWithMarkup/20/Markup/0/Type,string,Superscript
/Record/Section/8/Section/4/Information/4/Value/StringWithMarkup/21/String,string,α=100%; ε ?
/Record/Section/8/Section/4/Information/4/Value/StringWithMarkup/22/String,string,α=100%
/Record/Section/8/Section/4/Information/4/Value/StringWithMarkup/23/String,string,α=100%; ε ?
/Record/Section/8/Section/4/Information/4/Value/StringWithMarkup/24/String,string,α=100%
/Record/Section/8/Section/4/Information/4/Value/StringWithMarkup/25/String,string,α=100%; 2β+ ?
/Record/Section/8/Section/4/Information/4/Value/StringWithMarkup/25/Markup/0/Start,number,10
/Record/Section/8/Section/4/Information/4/Value/StringWithMarkup/25/Markup/0/Length,number,1
/Record/Section/8/Section/4/Information/4/Value/StringWithMarkup/25/Markup/0/Type,string,Superscript
/Record/Section/8/Section/4/Information/4/Value/StringWithMarkup/26/String,string,α≈90%; ε ?
/Record/Section/8/Section/4/Information/4/Value/StringWithMarkup/27/String,string,α=100%; 18O<3.2e-12%
/Record/Section/8/Section/4/Information/4/Value/StringWithMarkup/28/String,string,α=100%
/Record/Section/8/Section/4/Information/4/Value/StringWithMarkup/29/String,string,α=100%; 20O=1.13e-11±2.2%
/Record/Section/8/Section/4/Information/4/Value/StringWithMarkup/30/String,string,α=100%
/Record/Section/8/Section/4/Information/4/Value/StringWithMarkup/31/String,string,IT=100%
/Record/Section/8/Section/4/Information/4/Value/StringWithMarkup/32/String,string,IS=0.02±0.2%; α=100%; SF<4e-12%; 24Ne=5.8e-11±1.3%
/Record/Section/8/Section/4/Information/4/Value/StringWithMarkup/33/String,string,β-=100%
/Record/Section/8/Section/4/Information/4/Value/StringWithMarkup/33/Markup/0/Start,number,1
/Record/Section/8/Section/4/Information/4/Value/StringWithMarkup/33/Markup/0/Length,number,1
/Record/Section/8/Section/4/Information/4/Value/StringWithMarkup/33/Markup/0/Type,string,Superscript
/Record/Section/8/Section/4/Information/4/Value/StringWithMarkup/34/String,string,IS=99.98±0.2%; α=100%; SF=1.1e-9±0.4%; 24Ne+26Ne<2.78e-10%; 2β- ?
/Record/Section/8/Section/4/Information/4/Value/StringWithMarkup/34/Markup/0/Start,number,43
/Record/Section/8/Section/4/Information/4/Value/StringWithMarkup/34/Markup/0/Length,number,1
/Record/Section/8/Section/4/Information/4/Value/StringWithMarkup/34/Markup/0/Type,string,Superscript
/Record/Section/8/Section/4/Information/4/Value/StringWithMarkup/34/Markup/1/Start,number,62
/Record/Section/8/Section/4/Information/4/Value/StringWithMarkup/34/Markup/1/Length,number,1
/Record/Section/8/Section/4/Information/4/Value/StringWithMarkup/34/Markup/1/Type,string,Superscript
/Record/Section/8/Section/4/Information/4/Value/StringWithMarkup/35/String,string,β-=100%
/Record/Section/8/Section/4/Information/4/Value/StringWithMarkup/35/Markup/0/Start,number,1
/Record/Section/8/Section/4/Information/4/Value/StringWithMarkup/35/Markup/0/Length,number,1
/Record/Section/8/Section/4/Information/4/Value/StringWithMarkup/35/Markup/0/Type,string,Superscript
/Record/Section/8/Section/4/Information/4/Value/StringWithMarkup/36/String,string,IT ?; β- ?
/Record/Section/8/Section/4/Information/4/Value/StringWithMarkup/36/Markup/0/Start,number,7
/Record/Section/8/Section/4/Information/4/Value/StringWithMarkup/36/Markup/0/Length,number,1
/Record/Section/8/Section/4/Information/4/Value/StringWithMarkup/36/Markup/0/Type,string,Superscript
/Record/Section/8/Section/4/Information/4/Value/StringWithMarkup/37/String,string,β-=100%; α ?
/Record/Section/8/Section/4/Information/4/Value/StringWithMarkup/37/Markup/0/Start,number,1
/Record/Section/8/Section/4/Information/4/Value/StringWithMarkup/37/Markup/0/Length,number,1
/Record/Section/8/Section/4/Information/4/Value/StringWithMarkup/37/Markup/0/Type,string,Superscript
/Record/Section/8/Section/4/Information/4/Value/StringWithMarkup/38/String,string,β-=100%
/Record/Section/8/Section/4/Information/4/Value/StringWithMarkup/38/Markup/0/Start,number,1
/Record/Section/8/Section/4/Information/4/Value/StringWithMarkup/38/Markup/0/Length,number,1
/Record/Section/8/Section/4/Information/4/Value/StringWithMarkup/38/Markup/0/Type,string,Superscript
/Record/Section/8/Section/4/Information/4/Value/StringWithMarkup/39/String,string,β-=100%
/Record/Section/8/Section/4/Information/4/Value/StringWithMarkup/39/Markup/0/Start,number,1
/Record/Section/8/Section/4/Information/4/Value/StringWithMarkup/39/Markup/0/Length,number,1
/Record/Section/8/Section/4/Information/4/Value/StringWithMarkup/39/Markup/0/Type,string,Superscript
/Record/Section/8/Section/4/Information/4/Value/StringWithMarkup/40/String,string,β-=100%
/Record/Section/8/Section/4/Information/4/Value/StringWithMarkup/40/Markup/0/Start,number,1
/Record/Section/8/Section/4/Information/4/Value/StringWithMarkup/40/Markup/0/Length,number,1
/Record/Section/8/Section/4/Information/4/Value/StringWithMarkup/40/Markup/0/Type,string,Superscript
/Record/Section/8/Section/4/Information/4/Value/StringWithMarkup/41/String,string,β-=100%
/Record/Section/8/Section/4/Information/4/Value/StringWithMarkup/41/Markup/0/Start,number,1
/Record/Section/8/Section/4/Information/4/Value/StringWithMarkup/41/Markup/0/Length,number,1
/Record/Section/8/Section/4/Information/4/Value/StringWithMarkup/41/Markup/0/Type,string,Superscript
/Record/Section/8/Section/4/Information/4/Value/StringWithMarkup/42/String,string,β- ?
/Record/Section/8/Section/4/Information/4/Value/StringWithMarkup/42/Markup/0/Start,number,1
/Record/Section/8/Section/4/Information/4/Value/StringWithMarkup/42/Markup/0/Length,number,1
/Record/Section/8/Section/4/Information/4/Value/StringWithMarkup/42/Markup/0/Type,string,Superscript
/Record/Reference/0/ReferenceNumber,number,1
/Record/Reference/0/SourceName,string,PubChem
/Record/Reference/0/SourceID,string,PubChem
/Record/Reference/0/Description,string,Data deposited in or computed by PubChem
/Record/Reference/0/URL,string,https://pubchem.ncbi.nlm.nih.gov
/Record/Reference/1/ReferenceNumber,number,2
/Record/Reference/1/SourceName,string,"Atomic Mass Data Center (AMDC), International Atomic Energy Agency (IAEA)"
/Record/Reference/1/SourceID,string,e90
/Record/Reference/1/Name,string,Th
/Record/Reference/1/Description,string,The half-life and atomic mass data was provided by the Atomic Mass Data Center at the International Atomic Energy Agency.
/Record/Reference/1/URL,string,https://www-nds.iaea.org/amdc/
/Record/Reference/1/LicenseURL,string,https://www-nds.iaea.org/disclaimer.html
/Record/Reference/1/ANID,number,6590317
/Record/Reference/2/ReferenceNumber,number,3
/Record/Reference/2/SourceName,string,IUPAC Commission on Isotopic Abundances and Atomic Weights (CIAAW)
/Record/Reference/2/SourceID,string,a90
/Record/Reference/2/Name,string,Thorium
/Record/Reference/2/Description,string,Element data are cited from the Atomic weights of the elements (an IUPAC Technical Report). The IUPAC periodic table of elements can be found at https://iupac.org/what-we-do/periodic-table-of-elements/. Additional information can be found within IUPAC publication doi:10.1515/pac-2015-0703 Copyright © 2020 International Union of Pure and Applied Chemistry.
/Record/Reference/2/URL,string,https://www.ciaaw.org/thorium.htm
/Record/Reference/2/LicenseURL,string,http://www.ciaaw.org/bylaws.htm
/Record/Reference/2/ANID,number,2292471
/Record/Reference/3/ReferenceNumber,number,5
/Record/Reference/3/SourceName,string,"Jefferson Lab, U.S. Department of Energy"
/Record/Reference/3/SourceID,string,jlab90
/Record/Reference/3/Name,string,Thorium
/Record/Reference/3/Description,string,"Thomas Jefferson National Accelerator Facility (Jefferson Lab) is one of 17 national laboratories funded by the U.S. Department of Energy. The lab's primary mission is to conduct basic research of the atom's nucleus using the lab's unique particle accelerator, known as the Continuous Electron Beam Accelerator Facility (CEBAF). For more information visit https://www.jlab.org/"
/Record/Reference/3/URL,string,https://education.jlab.org/itselemental/ele090.html
/Record/Reference/3/LicenseNote,string,Please see citation and linking information: https://education.jlab.org/faq/index.html
/Record/Reference/3/LicenseURL,string,https://www.jlab.org/privacy-and-security-notice
/Record/Reference/3/ANID,number,507152
/Record/Reference/4/ReferenceNumber,number,6
/Record/Reference/4/SourceName,string,"Los Alamos National Laboratory, U.S. Department of Energy"
/Record/Reference/4/SourceID,string,lanl90
/Record/Reference/4/Name,string,Thorium
/Record/Reference/4/Description,string,"The periodic table at the LANL (Los Alamos National Laboratory) contains basic element information together with the history, source, properties, use, handling and more. The provenance data may be found from the link under the source name."
/Record/Reference/4/URL,string,https://periodic.lanl.gov/90.shtml
/Record/Reference/4/ANID,number,507270
/Record/Reference/5/ReferenceNumber,number,7
/Record/Reference/5/SourceName,string,NIST Physical Measurement Laboratory
/Record/Reference/5/SourceID,string,e90
/Record/Reference/5/Name,string,Thorium
/Record/Reference/5/Description,string,"The periodic table contains NIST's critically-evaluated data on atomic properties of the elements. The provenance data that include data for atomic spectroscopy, X-ray and gamma ray, radiation dosimetry, nuclear physics, and condensed matter physics may be found from the link under the source name. Ref: https://www.nist.gov/pml/atomic-spectra-database"
/Record/Reference/5/URL,string,https://physics.nist.gov/cgi-bin/Elements/elInfo.pl?element=90
/Record/Reference/5/LicenseURL,string,https://www.nist.gov/pml/database-disclaimer
/Record/Reference/5/ANID,number,2292707
/Record/Reference/6/ReferenceNumber,number,4
/Record/Reference/6/SourceName,string,IUPAC Periodic Table of the Elements and Isotopes (IPTEI)
/Record/Reference/6/SourceID,string,p90
/Record/Reference/6/Description,string,"The information are cited from Pure Appl. Chem. 2018; 90(12): 1833-2092, https://doi.org/10.1515/pac-2015-0703."
/Record/Reference/6/URL,string,https://doi.org/10.1515/pac-2015-0703
/Record/Reference/6/LicenseNote,string,"Copyright (c) 2020 International Union of Pure and Applied Chemistry.

The International Union of Pure and Applied Chemistry (IUPAC) contribution within Pubchem is provided under a CC-BY-NC-ND 4.0 license, unless otherwise stated."
/Record/Reference/6/LicenseURL,string,https://creativecommons.org/licenses/by-nc-nd/4.0/
/Record/Reference/6/ANID,number,13296495
/Record/Reference/7/ReferenceNumber,number,9
/Record/Reference/7/SourceName,string,PubChem Elements
/Record/Reference/7/SourceID,string,ep_90
/Record/Reference/7/Name,string,Thorium
/Record/Reference/7/Description,string,The element property data was retrieved from publications.
/Record/Reference/7/LicenseURL,string,https://www.nlm.nih.gov/copyright.html
/Record/Reference/7/ANID,number,24834216
/Record/Reference/8/ReferenceNumber,number,8
/Record/Reference/8/SourceName,string,PubChem Elements
/Record/Reference/8/SourceID,string,ef_90
/Record/Reference/8/Name,string,Thorium
/Record/Reference/8/Description,string,This section provides all form of data related to element Thorium.
/Record/Reference/8/LicenseURL,string,https://www.nlm.nih.gov/copyright.html
/Record/Reference/8/ANID,number,24834018
