path,type,value
/Record/RecordType,string,AtomicNumber
/Record/RecordNumber,number,95
/Record/RecordTitle,string,Americium
/Record/Section/0/TOCHeading,string,Identifiers
/Record/Section/0/Description,string,"Identifiers for this element, including element name, element symbol, InChI string, and InChIKey."
/Record/Section/0/Section/0/TOCHeading,string,Element Name
/Record/Section/0/Section/0/Description,string,"The formal, standard name for a given element, originating from factors such as common usage and the person or place involved in its discovery. Element, also called chemical element, refers to a species of atom; all varieties of atoms with the same number of protons in the nucleus (but possibly a different number of neutrons) are considered to be the same element."
/Record/Section/0/Section/0/Information/0/ReferenceNumber,number,1
/Record/Section/0/Section/0/Information/0/Name,string,Element Name
/Record/Section/0/Section/0/Information/0/Value/StringWithMarkup/0/String,string,Americium
/Record/Section/0/Section/0/Information/1/ReferenceNumber,number,3
/Record/Section/0/Section/0/Information/1/Name,string,Element Name
/Record/Section/0/Section/0/Information/1/Value/StringWithMarkup/0/String,string,Americium
/Record/Section/0/Section/1/TOCHeading,string,Element Symbol
/Record/Section/0/Section/1/Description,string,"Element symbol, also called atomic symbol, typically consists of one or two letters from the Latin alphabet derived from the element name in one of several languages."
/Record/Section/0/Section/1/Information/0/ReferenceNumber,number,1
/Record/Section/0/Section/1/Information/0/Name,string,Element Symbol
/Record/Section/0/Section/1/Information/0/Value/StringWithMarkup/0/String,string,Am
/Record/Section/0/Section/1/Information/1/ReferenceNumber,number,3
/Record/Section/0/Section/1/Information/1/Name,string,Element Symbol
/Record/Section/0/Section/1/Information/1/Value/StringWithMarkup/0/String,string,Am
/Record/Section/0/Section/2/TOCHeading,string,InChI
/Record/Section/0/Section/2/Description,string,"The International Chemical Identifier (InChI) is a computed, non-proprietary identifier for a chemical structure.  The InChI is an International Union of Pure and Applied Chemistry (IUPAC) standard."
/Record/Section/0/Section/2/URL,string,https://iupac.org/who-we-are/divisions/division-details/inchi/
/Record/Section/0/Section/2/Information/0/ReferenceNumber,number,1
/Record/Section/0/Section/2/Information/0/Name,string,InChI
/Record/Section/0/Section/2/Information/0/Value/StringWithMarkup/0/String,string,InChI=1S/Am
/Record/Section/0/Section/3/TOCHeading,string,InChIKey
/Record/Section/0/Section/3/Description,string,"An InChIKey is a 27-character hashed code derived from an InChI.  The International Chemical Identifier (InChI) is a computed, non-proprietary identifier for a chemical structure.  The InChI is an International Union of Pure and Applied Chemistry (IUPAC) standard."
/Record/Section/0/Section/3/URL,string,https://iupac.org/who-we-are/divisions/division-details/inchi/
/Record/Section/0/Section/3/Information/0/ReferenceNumber,number,1
/Record/Section/0/Section/3/Information/0/Name,string,InChIKey
/Record/Section/0/Section/3/Information/0/Value/StringWithMarkup/0/String,string,LXQXZNRPTYVCNG-UHFFFAOYSA-N
/Record/Section/1/TOCHeading,string,Properties
/Record/Section/1/Description,string,"Characteristics of this element, such as atomic number, atomic mass, density, melting point, boiling point and so on."
/Record/Section/1/Section/0/TOCHeading,string,Atomic Weight
/Record/Section/1/Section/0/Description,string,"Also called relative atomic mass, is the ratio of the average mass of the atom to the unified atomic mass unit, defined as one twelfth of the mass of a carbon-12 atom in its ground state and used to express masses of atomic particles, u=1.660 5402(10) * 10**(-27) kg. The Standard atomic weights refer to recommended values of relative atomic masses of the elements revised biennially by the IUPAC Commission on Atomic Weights and Isotopic Abundances and applicable to elements in any normal sample with a high level of confidence. The number in the parenthesis refers to an uncertainty when exists. The unit of atomic weight is the dalton or unified atomic mass unit (symbol: Da or u)."
/Record/Section/1/Section/0/Information/0/ReferenceNumber,number,5
/Record/Section/1/Section/0/Information/0/Value/StringWithMarkup/0/String,string,243
/Record/Section/1/Section/0/Information/1/ReferenceNumber,number,6
/Record/Section/1/Section/0/Information/1/Value/StringWithMarkup/0/String,string,243
/Record/Section/1/Section/0/Information/2/ReferenceNumber,number,7
/Record/Section/1/Section/0/Information/2/Value/StringWithMarkup/0/String,string,Relative Mass: 241.0568293(19)
/Record/Section/1/Section/1/TOCHeading,string,Electron Configuration
/Record/Section/1/Section/1/Description,string,"The electron configuration refers a distribution of the electrons of an atom or a molecular entity over a set of one-electron wavefunctions (called orbitals), according to the Pauli principle. From one configuration several states with different multiplicities may result."
/Record/Section/1/Section/1/URL,string,https://chem.libretexts.org/Courses/Sacramento_City_College/SCC%3A_Chem_420_-_Organic_Chemistry_I/Text/01%3A_Introduction_and_Review/1.04%3A_Electron_Configurations
/Record/Section/1/Section/1/Information/0/ReferenceNumber,number,6
/Record/Section/1/Section/1/Information/0/Value/StringWithMarkup/0/String,string,[Rn]7s25f7
/Record/Section/1/Section/1/Information/0/Value/StringWithMarkup/0/Markup/0/Start,number,6
/Record/Section/1/Section/1/Information/0/Value/StringWithMarkup/0/Markup/0/Length,number,1
/Record/Section/1/Section/1/Information/0/Value/StringWithMarkup/0/Markup/0/Type,string,Superscript
/Record/Section/1/Section/1/Information/0/Value/StringWithMarkup/0/Markup/1/Start,number,9
/Record/Section/1/Section/1/Information/0/Value/StringWithMarkup/0/Markup/1/Length,number,1
/Record/Section/1/Section/1/Information/0/Value/StringWithMarkup/0/Markup/1/Type,string,Superscript
/Record/Section/1/Section/2/TOCHeading,string,Atomic Radius
/Record/Section/1/Section/2/Description,string,"The atomic radius of a chemical element is a measure of the size of its atom, usually, the distance from the center of the nucleus to the outermost isolated electron.  Because an atom does not have a discrete boundary, there are various non-equivalent definitions of atomic radius, such as Van der Waals radius and covalent radius."
/Record/Section/1/Section/2/Information/0/ReferenceNumber,number,6
/Record/Section/1/Section/2/Information/0/Name,string,Van der Waals Atomic Radius
/Record/Section/1/Section/2/Information/0/Value/StringWithMarkup/0/String,string,244 pm (Van der Waals)
/Record/Section/1/Section/2/Information/1/ReferenceNumber,number,9
/Record/Section/1/Section/2/Information/1/Name,string,Empirical Atomic Radius
/Record/Section/1/Section/2/Information/1/Reference/0,string,"J.C. Slater, J Chem Phys, 1964, 41(10), 3199-3205. DOI:10.1063/1.1725697"
/Record/Section/1/Section/2/Information/1/ExtendedReference/0/Citation,string,"J.C. Slater, J Chem Phys, 1964, 41(10), 3199-3205. DOI:10.1063/1.1725697"
/Record/Section/1/Section/2/Information/1/Value/Number/0,number,175
/Record/Section/1/Section/2/Information/1/Value/Unit,string,pm (Empirical)
/Record/Section/1/Section/2/Information/2/ReferenceNumber,number,9
/Record/Section/1/Section/2/Information/2/Name,string,Covalent Atomic Radius
/Record/Section/1/Section/2/Information/2/Reference/0,string,"B. Cordero, V. Gómez, A.E. Platero-Prats, M. Revés, J. Echeverría, E. Cremades, F. Barragán, S. Alvarez, Dalton Trans. 2008, 21, 2832-2838. DOI:10.1039/b801115j PMID:18478144."
/Record/Section/1/Section/2/Information/2/ExtendedReference/0/Citation,string,"B. Cordero, V. Gómez, A.E. Platero-Prats, M. Revés, J. Echeverría, E. Cremades, F. Barragán, S. Alvarez, Dalton Trans. 2008, 21, 2832-2838. DOI:10.1039/b801115j PMID:18478144."
/Record/Section/1/Section/2/Information/2/Value/StringWithMarkup/0/String,string,180(6) pm (Covalent)
/Record/Section/1/Section/3/TOCHeading,string,Oxidation States
/Record/Section/1/Section/3/Description,string,"The oxidation state(s) that this element commonly has in a compound.  The oxidation state of an atom is defined as the hypothetical charge that would be held by that atom if all of its bonds to other atoms were completely ionic in nature. For example, the oxidation state of carbon in CO2 would be +4 since the hypothetical charge held by the carbon atom if both of the carbon-oxygen double bonds were completely ionic would be equal to +4 (each oxygen atom would hold a charge of -2 since oxygen is more electronegative than carbon)."
/Record/Section/1/Section/3/URL,string,https://chem.libretexts.org/Bookshelves/General_Chemistry/Map%3A_Chemistry_-_The_Central_Science_(Brown_et_al.)/20%3A_Electrochemistry/20.01%3A_Oxidation_States_and_Redox_Reactions
/Record/Section/1/Section/3/Information/0/ReferenceNumber,number,5
/Record/Section/1/Section/3/Information/0/Value/StringWithMarkup/0/String,string,"+6, +5, +4, +3"
/Record/Section/1/Section/3/Information/1/ReferenceNumber,number,6
/Record/Section/1/Section/3/Information/1/Value/StringWithMarkup/0/String,string,"8, 7, 6, 5, 4, 3, 2"
/Record/Section/1/Section/4/TOCHeading,string,Ground Level
/Record/Section/1/Section/4/Description,string,Also called ground-state level. The ground state electron configuration is the arrangement of electrons around the nucleus of an atom with lower energy levels.
/Record/Section/1/Section/4/Information/0/ReferenceNumber,number,7
/Record/Section/1/Section/4/Information/0/Value/StringWithMarkup/0/String,string,8S°7/2
/Record/Section/1/Section/4/Information/0/Value/StringWithMarkup/0/Markup/0/Start,number,0
/Record/Section/1/Section/4/Information/0/Value/StringWithMarkup/0/Markup/0/Length,number,1
/Record/Section/1/Section/4/Information/0/Value/StringWithMarkup/0/Markup/0/Type,string,Superscript
/Record/Section/1/Section/4/Information/0/Value/StringWithMarkup/0/Markup/1/Start,number,3
/Record/Section/1/Section/4/Information/0/Value/StringWithMarkup/0/Markup/1/Length,number,3
/Record/Section/1/Section/4/Information/0/Value/StringWithMarkup/0/Markup/1/Type,string,Subscript
/Record/Section/1/Section/5/TOCHeading,string,Ionization Energy
/Record/Section/1/Section/5/Description,string,"Ionization energy, also called ionization potential, is the amount of energy required to remove an electron from an isolated atom or molecule."
/Record/Section/1/Section/5/URL,string,https://www.britannica.com/science/ionization-energy
/Record/Section/1/Section/5/Information/0/ReferenceNumber,number,5
/Record/Section/1/Section/5/Information/0/Value/StringWithMarkup/0/String,string,5.993 eV
/Record/Section/1/Section/5/Information/1/ReferenceNumber,number,7
/Record/Section/1/Section/5/Information/1/Reference/0,string,"Determination of the First Ionization Potential of Actinide Elements by Resonance Ionization Mass Spectroscopy, S. Köhler, R. Deißenberger, K. Eberhardt, N. Erdmann, G. Herrmann, G. Huber, J. V. Kratz, M. Nunnemann, G. Passler, P. M. Rao, J. Riegel, N. Trautmann, and K. Wendt, Spectrochim. Acta, Part B 52, 717–726 (1997) DOI:10.1016/S0584-8547(96)01670-9"
/Record/Section/1/Section/5/Information/1/ExtendedReference/0/Citation,string,"Determination of the First Ionization Potential of Actinide Elements by Resonance Ionization Mass Spectroscopy, S. Köhler, R. Deißenberger, K. Eberhardt, N. Erdmann, G. Herrmann, G. Huber, J. V. Kratz, M. Nunnemann, G. Passler, P. M. Rao, J. Riegel, N. Trautmann, and K. Wendt, Spectrochim. Acta, Part B 52, 717–726 (1997) DOI:10.1016/S0584-8547(96)01670-9"
/Record/Section/1/Section/5/Information/1/Value/StringWithMarkup/0/String,string,5.97381 ± 0.00025 eV
/Record/Section/1/Section/6/TOCHeading,string,Electronegativity
/Record/Section/1/Section/6/Description,string,Electronegativity is a measure of the tendency of an atom to attract a bonding pair of electrons.
/Record/Section/1/Section/6/URL,string,https://chem.libretexts.org/Bookshelves/Physical_and_Theoretical_Chemistry_Textbook_Maps/Supplemental_Modules_(Physical_and_Theoretical_Chemistry)/Physical_Properties_of_Matter/Atomic_and_Molecular_Properties/Electronegativity
/Record/Section/1/Section/6/Information/0/ReferenceNumber,number,9
/Record/Section/1/Section/6/Information/0/Name,string,Pauling Scale Electronegativity
/Record/Section/1/Section/6/Information/0/Reference/0,string,"A.L. Allred, J. Inorg. Nucl. Chem., 1961, 17(3-4), 215-221. DOI:10.1016/0022-1902(61)80142-5"
/Record/Section/1/Section/6/Information/0/ExtendedReference/0/Citation,string,"A.L. Allred, J. Inorg. Nucl. Chem., 1961, 17(3-4), 215-221. DOI:10.1016/0022-1902(61)80142-5"
/Record/Section/1/Section/6/Information/0/Value/Number/0,number,1.3
/Record/Section/1/Section/6/Information/0/Value/Unit,string,(Pauling Scale)
/Record/Section/1/Section/7/TOCHeading,string,Atomic Spectra
/Record/Section/1/Section/7/Description,string,The spectrum of the electromagnetic radiation emitted or absorbed by an electron during transitions between different energy levels within an atom.
/Record/Section/1/Section/7/Information/0/ReferenceNumber,number,7
/Record/Section/1/Section/7/Information/0/URL,string,https://physics.nist.gov/cgi-bin/ASD/lines_hold.pl?el=Am
/Record/Section/1/Section/7/Information/0/Value/StringWithMarkup/0/String,string,Lines Holdings
/Record/Section/1/Section/7/Information/1/ReferenceNumber,number,7
/Record/Section/1/Section/7/Information/1/URL,string,https://physics.nist.gov/cgi-bin/ASD/levels_hold.pl?el=Am
/Record/Section/1/Section/7/Information/1/Value/StringWithMarkup/0/String,string,Levels Holdings
/Record/Section/1/Section/8/TOCHeading,string,Physical Description
/Record/Section/1/Section/8/Description,string,"The appearance or features of this element, including color, odor, state, taste and more in general."
/Record/Section/1/Section/8/Information/0/ReferenceNumber,number,5
/Record/Section/1/Section/8/Information/0/Value/StringWithMarkup/0/String,string,Solid
/Record/Section/1/Section/9/TOCHeading,string,Element Classification
/Record/Section/1/Section/9/Description,string,"Classification according to the element's chemical and physical properties, and location within the periodic table."
/Record/Section/1/Section/9/Information/0/ReferenceNumber,number,5
/Record/Section/1/Section/9/Information/0/Value/StringWithMarkup/0/String,string,Metal
/Record/Section/1/Section/10/TOCHeading,string,Element Period Number
/Record/Section/1/Section/10/Description,string,The element period number refers to a horizontal row of the periodic table. The periodic table has 7 periods.
/Record/Section/1/Section/10/Information/0/ReferenceNumber,number,5
/Record/Section/1/Section/10/Information/0/Value/StringWithMarkup/0/String,string,7
/Record/Section/1/Section/11/TOCHeading,string,Element Group Number
/Record/Section/1/Section/11/Description,string,Element group refers to a set of chemical elements in the same vertical column of the periodic table
/Record/Section/1/Section/11/Information/0/ReferenceNumber,number,5
/Record/Section/1/Section/11/Information/0/Value/StringWithMarkup/0/String,string,- Actinide
/Record/Section/1/Section/12/TOCHeading,string,Density
/Record/Section/1/Section/12/Description,string,This section provides information on the density of an element. It is the mass of a unit volume of the element and commonly expressed in units of kg/m3 or g/cm3.
/Record/Section/1/Section/12/URL,string,https://chem.libretexts.org/Bookshelves/Introductory_Chemistry/Map%3A_Fundamentals_of_General_Organic_and_Biological_Chemistry_(McMurry_et_al.)/01%3A_Matter_and_Measurements/1.12%3A_Density_and_Specific_Gravity
/Record/Section/1/Section/12/Information/0/ReferenceNumber,number,5
/Record/Section/1/Section/12/Information/0/Value/StringWithMarkup/0/String,string,13.69 grams per cubic centimeter
/Record/Section/1/Section/13/TOCHeading,string,Melting Point
/Record/Section/1/Section/13/Description,string,"This section provides the melting point and/or freezing point. The melting point is the temperature at which a substance changes state from solid to liquid at atmospheric pressure. When considered as the temperature of the reverse change (from liquid to solid), it is referred to as the freezing point."
/Record/Section/1/Section/13/URL,string,https://chem.libretexts.org/Bookshelves/Organic_Chemistry/Organic_Chemistry_Lab_Techniques_(Nichols)/06%3A_Miscellaneous_Techniques/6.01%3A_Melting_Point
/Record/Section/1/Section/13/Information/0/ReferenceNumber,number,5
/Record/Section/1/Section/13/Information/0/Value/StringWithMarkup/0/String,string,1449 K (1176°C or 2149°F)
/Record/Section/1/Section/13/Information/1/ReferenceNumber,number,6
/Record/Section/1/Section/13/Information/1/Value/StringWithMarkup/0/String,string,1176°C
/Record/Section/1/Section/14/TOCHeading,string,Boiling Point
/Record/Section/1/Section/14/Description,string,The temperature at which this element changes state from liquid to gas at a given atmospheric pressure.
/Record/Section/1/Section/14/URL,string,https://chem.libretexts.org/Bookshelves/Organic_Chemistry/Organic_Chemistry_Lab_Techniques_(Nichols)/06%3A_Miscellaneous_Techniques/6.02%3A_Boiling_Point
/Record/Section/1/Section/14/Information/0/ReferenceNumber,number,5
/Record/Section/1/Section/14/Information/0/Value/StringWithMarkup/0/String,string,2284 K (2011°C or 3652°F)
/Record/Section/1/Section/14/Information/1/ReferenceNumber,number,6
/Record/Section/1/Section/14/Information/1/Value/StringWithMarkup/0/String,string,2607°C
/Record/Section/1/Section/15/TOCHeading,string,Estimated Crustal Abundance
/Record/Section/1/Section/15/Description,string,The estimated element abundance in the earth's crust.
/Record/Section/1/Section/15/Information/0/ReferenceNumber,number,5
/Record/Section/1/Section/15/Information/0/Value/StringWithMarkup/0/String,string,Not Applicable
/Record/Section/1/Section/16/TOCHeading,string,Estimated Oceanic Abundance
/Record/Section/1/Section/16/Description,string,The estimated element abundance in the earth's oceans.
/Record/Section/1/Section/16/Information/0/ReferenceNumber,number,5
/Record/Section/1/Section/16/Information/0/Value/StringWithMarkup/0/String,string,Not Applicable
/Record/Section/2/TOCHeading,string,History
/Record/Section/2/Description,string,The history of the discovery and use of this element.
/Record/Section/2/Information/0/ReferenceNumber,number,5
/Record/Section/2/Information/0/Value/StringWithMarkup/0/String,string,"Americium was discovered in 1944 by the American scientists Glenn T. Seaborg, Ralph A. James, Leon O. Morgan and Albert Ghiorso. They produced americium by bombarding plutonium-239, an isotope of plutonium, with high energy neutrons. This formed plutonium-240, which was itself bombarded with neutrons. The plutonium-240 changed into plutonium-241, which then decayed into americium-241 through beta decay. This work was carried out at the University of Chicago's Metallurgical Laboratory, now known as Argonne National Laboratory. Americium's most stable isotope, americium-243, has a half-life of about 7,370 years. It decays into neptunium-239 through alpha decay."
/Record/Section/2/Information/1/ReferenceNumber,number,6
/Record/Section/2/Information/1/Value/StringWithMarkup/0/String,string,"Americium was the fourth synthetic transuranic element to be discovered and was named after the continent of North America by analogy to its lighter lanthanide homologue, europium, which was named after Europe, its continent of discovery. Americium was made by Glenn Seaborg, Ralph James, Leon Morgan, and Albert Ghiorso late in 1944 at the wartime metallurgical laboratory at the University of Chicago. It was made as the result of successive neutron capture reactions by plutonium isotopes in a nuclear reactor. The product element was quite difficult to separate based on its anticipated properties, which were incorrect as it turned out. Unlike the lighter previously discovered transuranium elements placed in the main block of the periodic table, americium behaved chemically like the lanthanide series of elements. It exhibited, for example, the trivalent state as the most stable in aqueous solutions. This behavior and the similar behavior of the newly discovered element, curium, prompted Glenn Seaborg to boldly and radically revise the periodic table and create the actinide series of elements."
/Record/Section/2/Information/1/Value/StringWithMarkup/0/Markup/0/Start,number,737
/Record/Section/2/Information/1/Value/StringWithMarkup/0/Markup/0/Length,number,14
/Record/Section/2/Information/1/Value/StringWithMarkup/0/Markup/0/URL,string,https://pubchem.ncbi.nlm.nih.gov/ptable
/Record/Section/2/Information/1/Value/StringWithMarkup/0/Markup/1/Start,number,1048
/Record/Section/2/Information/1/Value/StringWithMarkup/0/Markup/1/Length,number,14
/Record/Section/2/Information/1/Value/StringWithMarkup/0/Markup/1/URL,string,https://pubchem.ncbi.nlm.nih.gov/ptable
/Record/Section/2/Information/1/Value/StringWithMarkup/1/String,string,"The first americium isotope identified was that of 241Am, which has an alpha decay half-life of 432.2 years to daughter neptunium-237. The initial discovery was classified as secret as part of the Manhattan Project during World War II, but the discovery was later declassified. Seaborg announced the discovery of elements 95, americium 96, and curium on the U.S. children’s radio show,""The Quiz Kids"" five days before his planned presentation at an American Chemical Society meeting in November 1945. His announcement resulted when one of the young listeners asked whether any new transuranium element beside plutonium and neptunium had been discovered."
/Record/Section/2/Information/1/Value/StringWithMarkup/1/Markup/0/Start,number,51
/Record/Section/2/Information/1/Value/StringWithMarkup/1/Markup/0/Length,number,3
/Record/Section/2/Information/1/Value/StringWithMarkup/1/Markup/0/Type,string,Superscript
/Record/Section/3/TOCHeading,string,Description
/Record/Section/3/Description,string,"A short description of this element, provided by authoritative sources."
/Record/Section/3/Information/0/ReferenceNumber,number,4
/Record/Section/3/Information/0/Value/StringWithMarkup/0/String,string,"Americium does not occur naturally in the Earth’s crust. In 1944, it was first synthesized by Glenn T. Seaborg and his team at the University of California Laboratory in Berkeley via multiple neutron capture reaction on 239Pu to produce 241Am : 239Pu (n, γ) 240Pu, 240Pu (n, γ) 241Pu, and 241Pu→ 241Am+β −."
/Record/Section/3/Information/0/Value/StringWithMarkup/0/Markup/0/Start,number,220
/Record/Section/3/Information/0/Value/StringWithMarkup/0/Markup/0/Length,number,3
/Record/Section/3/Information/0/Value/StringWithMarkup/0/Markup/0/Type,string,Superscript
/Record/Section/3/Information/0/Value/StringWithMarkup/0/Markup/1/Start,number,237
/Record/Section/3/Information/0/Value/StringWithMarkup/0/Markup/1/Length,number,3
/Record/Section/3/Information/0/Value/StringWithMarkup/0/Markup/1/Type,string,Superscript
/Record/Section/3/Information/0/Value/StringWithMarkup/0/Markup/2/Start,number,245
/Record/Section/3/Information/0/Value/StringWithMarkup/0/Markup/2/Length,number,3
/Record/Section/3/Information/0/Value/StringWithMarkup/0/Markup/2/Type,string,Superscript
/Record/Section/3/Information/0/Value/StringWithMarkup/0/Markup/3/Start,number,258
/Record/Section/3/Information/0/Value/StringWithMarkup/0/Markup/3/Length,number,3
/Record/Section/3/Information/0/Value/StringWithMarkup/0/Markup/3/Type,string,Superscript
/Record/Section/3/Information/0/Value/StringWithMarkup/0/Markup/4/Start,number,265
/Record/Section/3/Information/0/Value/StringWithMarkup/0/Markup/4/Length,number,3
/Record/Section/3/Information/0/Value/StringWithMarkup/0/Markup/4/Type,string,Superscript
/Record/Section/3/Information/0/Value/StringWithMarkup/0/Markup/5/Start,number,278
/Record/Section/3/Information/0/Value/StringWithMarkup/0/Markup/5/Length,number,3
/Record/Section/3/Information/0/Value/StringWithMarkup/0/Markup/5/Type,string,Superscript
/Record/Section/3/Information/0/Value/StringWithMarkup/0/Markup/6/Start,number,289
/Record/Section/3/Information/0/Value/StringWithMarkup/0/Markup/6/Length,number,3
/Record/Section/3/Information/0/Value/StringWithMarkup/0/Markup/6/Type,string,Superscript
/Record/Section/3/Information/0/Value/StringWithMarkup/0/Markup/7/Start,number,296
/Record/Section/3/Information/0/Value/StringWithMarkup/0/Markup/7/Length,number,3
/Record/Section/3/Information/0/Value/StringWithMarkup/0/Markup/7/Type,string,Superscript
/Record/Section/3/Information/0/Value/StringWithMarkup/0/Markup/8/Start,number,304
/Record/Section/3/Information/0/Value/StringWithMarkup/0/Markup/8/Length,number,1
/Record/Section/3/Information/0/Value/StringWithMarkup/0/Markup/8/Type,string,Superscript
/Record/Section/3/Information/1/ReferenceNumber,number,6
/Record/Section/3/Information/1/Value/StringWithMarkup/0/String,string,"The initial americium samples weighed a few micrograms; they were barely visible and were identified by their radioactivity. The first substantial amounts of metallic americium were not prepared until 1951 via reduction of americium(III) fluoride with barium metal in high vacuum at 1100 °C, producing up to 200 milligrams. The luster of freshly prepared americium metal is white and more silvery than plutonium or neptunium prepared in the same manner. It appears to be more malleable than uranium or neptunium and tarnishes slowly in dry air at room temperature. In solution, oxidation states III, IV, V, and VI are known and there is an unsubstantiated claim of the existence of Am(VII). Am(IV) is unstable in acidic media but in strongly basic carbonate solutions Am(IV) is stable. In fact, in carbonate solutions, americium has been shown to be the second element after plutonium to have in coexistence all four oxidation states simultaneously. There are numerous compounds of americium. Its oxides have the most practical applications."
/Record/Section/4/TOCHeading,string,Uses
/Record/Section/4/Description,string,Uses of this element in industry and other fields.
/Record/Section/4/Information/0/ReferenceNumber,number,5
/Record/Section/4/Information/0/Value/StringWithMarkup/0/String,string,"Americium can be produced in kilogram quantities and has a few practical uses. It is used in smoke detectors and can be used as a portable source of gamma rays. Americium-241, with a half-life of 432.2 years, is used in these products because it is easier to produce relatively pure samples of this isotope."
/Record/Section/4/Information/1/ReferenceNumber,number,6
/Record/Section/4/Information/1/Value/StringWithMarkup/0/String,string,"There are many commercial applications for americium isotopes. Americium-241 has been used as a portable source of both gamma rays and alpha particles for a number of medical and industrial uses. The 60-keV gamma ray emissions from 241Am in such sources can be used for indirect analysis of materials in radiography and X-ray fluorescence spectroscopy, as well as for quality control in fixed nuclear density gauges and nuclear densometers. For example, americium has been employed to gauge glass thickness to help create flat glass. Americium-241 is also suitable for calibration of gamma-ray spectrometers in the low-energy range, since its spectrum consists of nearly a single gamma peak. Americium-241 is also used as the ionization source in commercial smoke detectors. Several unusual applications, such as a nuclear battery or fuel for space ships with nuclear propulsion, have been proposed for the isotope 242mAm, but they are as yet hindered by the scarcity and high price of this isomer."
/Record/Section/4/Information/1/Value/StringWithMarkup/0/Markup/0/Start,number,232
/Record/Section/4/Information/1/Value/StringWithMarkup/0/Markup/0/Length,number,3
/Record/Section/4/Information/1/Value/StringWithMarkup/0/Markup/0/Type,string,Superscript
/Record/Section/4/Information/1/Value/StringWithMarkup/0/Markup/1/Start,number,915
/Record/Section/4/Information/1/Value/StringWithMarkup/0/Markup/1/Length,number,4
/Record/Section/4/Information/1/Value/StringWithMarkup/0/Markup/1/Type,string,Superscript
/Record/Section/5/TOCHeading,string,Compounds
/Record/Section/5/Description,string,Compound records related to this element.
/Record/Section/5/Information/0/ReferenceNumber,number,8
/Record/Section/5/Information/0/Name,string,Compounds
/Record/Section/5/Information/0/URL,string,https://pubchem.ncbi.nlm.nih.gov/#query=Americium
/Record/Section/5/Information/0/Value/StringWithMarkup/0/String,string,See more information at the Americium compound page.
/Record/Section/5/Section/0/TOCHeading,string,Element Forms
/Record/Section/5/Section/0/Description,string,"Other forms of this element, including ions, isotopes, etc."
/Record/Section/5/Section/0/DisplayControls/CreateTable/FromInformationIn,string,ThisSection
/Record/Section/5/Section/0/DisplayControls/CreateTable/NumberOfColumns,number,5
/Record/Section/5/Section/0/DisplayControls/CreateTable/ColumnsFromNamedLists/Name/0,string,CID
/Record/Section/5/Section/0/DisplayControls/CreateTable/ColumnsFromNamedLists/Name/1,string,Name
/Record/Section/5/Section/0/DisplayControls/CreateTable/ColumnsFromNamedLists/Name/2,string,Formula
/Record/Section/5/Section/0/DisplayControls/CreateTable/ColumnsFromNamedLists/Name/3,string,SMILES
/Record/Section/5/Section/0/DisplayControls/CreateTable/ColumnsFromNamedLists/Name/4,string,Molecular Weight
/Record/Section/5/Section/0/DisplayControls/CreateTable/ColumnsFromNamedLists/UseNamesAsColumnHeadings,boolean,true
/Record/Section/5/Section/0/Information/0/ReferenceNumber,number,8
/Record/Section/5/Section/0/Information/0/Name,string,CID
/Record/Section/5/Section/0/Information/0/Value/StringWithMarkup/0/String,string,23966
/Record/Section/5/Section/0/Information/0/Value/StringWithMarkup/0/Markup/0/Start,number,0
/Record/Section/5/Section/0/Information/0/Value/StringWithMarkup/0/Markup/0/Length,number,5
/Record/Section/5/Section/0/Information/0/Value/StringWithMarkup/0/Markup/0/URL,string,https://pubchem.ncbi.nlm.nih.gov/compound/23966
/Record/Section/5/Section/0/Information/0/Value/StringWithMarkup/1/String,string,104726
/Record/Section/5/Section/0/Information/0/Value/StringWithMarkup/1/Markup/0/Start,number,0
/Record/Section/5/Section/0/Information/0/Value/StringWithMarkup/1/Markup/0/Length,number,6
/Record/Section/5/Section/0/Information/0/Value/StringWithMarkup/1/Markup/0/URL,string,https://pubchem.ncbi.nlm.nih.gov/compound/104726
/Record/Section/5/Section/0/Information/0/Value/StringWithMarkup/2/String,string,105139
/Record/Section/5/Section/0/Information/0/Value/StringWithMarkup/2/Markup/0/Start,number,0
/Record/Section/5/Section/0/Information/0/Value/StringWithMarkup/2/Markup/0/Length,number,6
/Record/Section/5/Section/0/Information/0/Value/StringWithMarkup/2/Markup/0/URL,string,https://pubchem.ncbi.nlm.nih.gov/compound/105139
/Record/Section/5/Section/0/Information/0/Value/StringWithMarkup/3/String,string,166958
/Record/Section/5/Section/0/Information/0/Value/StringWithMarkup/3/Markup/0/Start,number,0
/Record/Section/5/Section/0/Information/0/Value/StringWithMarkup/3/Markup/0/Length,number,6
/Record/Section/5/Section/0/Information/0/Value/StringWithMarkup/3/Markup/0/URL,string,https://pubchem.ncbi.nlm.nih.gov/compound/166958
/Record/Section/5/Section/0/Information/0/Value/StringWithMarkup/4/String,string,167241
/Record/Section/5/Section/0/Information/0/Value/StringWithMarkup/4/Markup/0/Start,number,0
/Record/Section/5/Section/0/Information/0/Value/StringWithMarkup/4/Markup/0/Length,number,6
/Record/Section/5/Section/0/Information/0/Value/StringWithMarkup/4/Markup/0/URL,string,https://pubchem.ncbi.nlm.nih.gov/compound/167241
/Record/Section/5/Section/0/Information/0/Value/StringWithMarkup/5/String,string,167380
/Record/Section/5/Section/0/Information/0/Value/StringWithMarkup/5/Markup/0/Start,number,0
/Record/Section/5/Section/0/Information/0/Value/StringWithMarkup/5/Markup/0/Length,number,6
/Record/Section/5/Section/0/Information/0/Value/StringWithMarkup/5/Markup/0/URL,string,https://pubchem.ncbi.nlm.nih.gov/compound/167380
/Record/Section/5/Section/0/Information/0/Value/StringWithMarkup/6/String,string,167425
/Record/Section/5/Section/0/Information/0/Value/StringWithMarkup/6/Markup/0/Start,number,0
/Record/Section/5/Section/0/Information/0/Value/StringWithMarkup/6/Markup/0/Length,number,6
/Record/Section/5/Section/0/Information/0/Value/StringWithMarkup/6/Markup/0/URL,string,https://pubchem.ncbi.nlm.nih.gov/compound/167425
/Record/Section/5/Section/0/Information/0/Value/StringWithMarkup/7/String,string,167537
/Record/Section/5/Section/0/Information/0/Value/StringWithMarkup/7/Markup/0/Start,number,0
/Record/Section/5/Section/0/Information/0/Value/StringWithMarkup/7/Markup/0/Length,number,6
/Record/Section/5/Section/0/Information/0/Value/StringWithMarkup/7/Markup/0/URL,string,https://pubchem.ncbi.nlm.nih.gov/compound/167537
/Record/Section/5/Section/0/Information/0/Value/StringWithMarkup/8/String,string,167554
/Record/Section/5/Section/0/Information/0/Value/StringWithMarkup/8/Markup/0/Start,number,0
/Record/Section/5/Section/0/Information/0/Value/StringWithMarkup/8/Markup/0/Length,number,6
/Record/Section/5/Section/0/Information/0/Value/StringWithMarkup/8/Markup/0/URL,string,https://pubchem.ncbi.nlm.nih.gov/compound/167554
/Record/Section/5/Section/0/Information/0/Value/StringWithMarkup/9/String,string,167699
/Record/Section/5/Section/0/Information/0/Value/StringWithMarkup/9/Markup/0/Start,number,0
/Record/Section/5/Section/0/Information/0/Value/StringWithMarkup/9/Markup/0/Length,number,6
/Record/Section/5/Section/0/Information/0/Value/StringWithMarkup/9/Markup/0/URL,string,https://pubchem.ncbi.nlm.nih.gov/compound/167699
/Record/Section/5/Section/0/Information/0/Value/StringWithMarkup/10/String,string,169044
/Record/Section/5/Section/0/Information/0/Value/StringWithMarkup/10/Markup/0/Start,number,0
/Record/Section/5/Section/0/Information/0/Value/StringWithMarkup/10/Markup/0/Length,number,6
/Record/Section/5/Section/0/Information/0/Value/StringWithMarkup/10/Markup/0/URL,string,https://pubchem.ncbi.nlm.nih.gov/compound/169044
/Record/Section/5/Section/0/Information/0/Value/StringWithMarkup/11/String,string,186130
/Record/Section/5/Section/0/Information/0/Value/StringWithMarkup/11/Markup/0/Start,number,0
/Record/Section/5/Section/0/Information/0/Value/StringWithMarkup/11/Markup/0/Length,number,6
/Record/Section/5/Section/0/Information/0/Value/StringWithMarkup/11/Markup/0/URL,string,https://pubchem.ncbi.nlm.nih.gov/compound/186130
/Record/Section/5/Section/0/Information/1/ReferenceNumber,number,8
/Record/Section/5/Section/0/Information/1/Name,string,Name
/Record/Section/5/Section/0/Information/1/Value/StringWithMarkup/0/String,string,americium
/Record/Section/5/Section/0/Information/1/Value/StringWithMarkup/1/String,string,americium-241
/Record/Section/5/Section/0/Information/1/Value/StringWithMarkup/2/String,string,americium-243
/Record/Section/5/Section/0/Information/1/Value/StringWithMarkup/3/String,string,americium-242
/Record/Section/5/Section/0/Information/1/Value/StringWithMarkup/4/String,string,americium-240
/Record/Section/5/Section/0/Information/1/Value/StringWithMarkup/5/String,string,americium-244
/Record/Section/5/Section/0/Information/1/Value/StringWithMarkup/6/String,string,americium-246
/Record/Section/5/Section/0/Information/1/Value/StringWithMarkup/7/String,string,americium-245
/Record/Section/5/Section/0/Information/1/Value/StringWithMarkup/8/String,string,americium-239
/Record/Section/5/Section/0/Information/1/Value/StringWithMarkup/9/String,string,americium-238
/Record/Section/5/Section/0/Information/1/Value/StringWithMarkup/10/String,string,americium-237
/Record/Section/5/Section/0/Information/1/Value/StringWithMarkup/11/String,string,americium-248
/Record/Section/5/Section/0/Information/2/ReferenceNumber,number,8
/Record/Section/5/Section/0/Information/2/Name,string,Formula
/Record/Section/5/Section/0/Information/2/Value/StringWithMarkup/0/String,string,Am
/Record/Section/5/Section/0/Information/2/Value/StringWithMarkup/1/String,string,Am
/Record/Section/5/Section/0/Information/2/Value/StringWithMarkup/2/String,string,Am
/Record/Section/5/Section/0/Information/2/Value/StringWithMarkup/3/String,string,Am
/Record/Section/5/Section/0/Information/2/Value/StringWithMarkup/4/String,string,Am
/Record/Section/5/Section/0/Information/2/Value/StringWithMarkup/5/String,string,Am
/Record/Section/5/Section/0/Information/2/Value/StringWithMarkup/6/String,string,Am
/Record/Section/5/Section/0/Information/2/Value/StringWithMarkup/7/String,string,Am
/Record/Section/5/Section/0/Information/2/Value/StringWithMarkup/8/String,string,Am
/Record/Section/5/Section/0/Information/2/Value/StringWithMarkup/9/String,string,Am
/Record/Section/5/Section/0/Information/2/Value/StringWithMarkup/10/String,string,Am
/Record/Section/5/Section/0/Information/2/Value/StringWithMarkup/11/String,string,Am
/Record/Section/5/Section/0/Information/3/ReferenceNumber,number,8
/Record/Section/5/Section/0/Information/3/Name,string,SMILES
/Record/Section/5/Section/0/Information/3/Value/StringWithMarkup/0/String,string,[Am]
/Record/Section/5/Section/0/Information/3/Value/StringWithMarkup/1/String,string,[241Am]
/Record/Section/5/Section/0/Information/3/Value/StringWithMarkup/2/String,string,[243Am]
/Record/Section/5/Section/0/Information/3/Value/StringWithMarkup/3/String,string,[242Am]
/Record/Section/5/Section/0/Information/3/Value/StringWithMarkup/4/String,string,[240Am]
/Record/Section/5/Section/0/Information/3/Value/StringWithMarkup/5/String,string,[244Am]
/Record/Section/5/Section/0/Information/3/Value/StringWithMarkup/6/String,string,[246Am]
/Record/Section/5/Section/0/Information/3/Value/StringWithMarkup/7/String,string,[245Am]
/Record/Section/5/Section/0/Information/3/Value/StringWithMarkup/8/String,string,[239Am]
/Record/Section/5/Section/0/Information/3/Value/StringWithMarkup/9/String,string,[238Am]
/Record/Section/5/Section/0/Information/3/Value/StringWithMarkup/10/String,string,[237Am]
/Record/Section/5/Section/0/Information/3/Value/StringWithMarkup/11/String,string,[248Am]
/Record/Section/5/Section/0/Information/4/ReferenceNumber,number,8
/Record/Section/5/Section/0/Information/4/Name,string,Molecular Weight
/Record/Section/5/Section/0/Information/4/Value/StringWithMarkup/0/String,string,243.061380
/Record/Section/5/Section/0/Information/4/Value/StringWithMarkup/1/String,string,241.05683
/Record/Section/5/Section/0/Information/4/Value/StringWithMarkup/2/String,string,243.06138
/Record/Section/5/Section/0/Information/4/Value/StringWithMarkup/3/String,string,242.05955
/Record/Section/5/Section/0/Information/4/Value/StringWithMarkup/4/String,string,240.0553
/Record/Section/5/Section/0/Information/4/Value/StringWithMarkup/5/String,string,244.06428
/Record/Section/5/Section/0/Information/4/Value/StringWithMarkup/6/String,string,246.0698
/Record/Section/5/Section/0/Information/4/Value/StringWithMarkup/7/String,string,245.06645
/Record/Section/5/Section/0/Information/4/Value/StringWithMarkup/8/String,string,239.05302
/Record/Section/5/Section/0/Information/4/Value/StringWithMarkup/9/String,string,238.0520
/Record/Section/5/Section/0/Information/4/Value/StringWithMarkup/10/String,string,237.0500
/Record/Section/5/Section/0/Information/4/Value/StringWithMarkup/11/String,string,248.076
/Record/Section/6/TOCHeading,string,Isotopes
/Record/Section/6/Description,string,Isotopes are nuclides having the same atomic number but different mass numbers.  This section provides information on the isotopes of this element and their uses in various fields.
/Record/Section/6/URL,string,https://chem.libretexts.org/Courses/Furman_University/CHM101%3A_Chemistry_and_Global_Awareness_(Gordon)/03%3A_Atoms_and_the_Periodic_Table/3.05%3A_Isotopes
/Record/Section/6/Information/0/ReferenceNumber,number,5
/Record/Section/6/Information/0/Name,string,Stable Isotope Count
/Record/Section/6/Information/0/Value/StringWithMarkup/0/String,string,0
/Record/Section/6/Information/1/ReferenceNumber,number,6
/Record/Section/6/Information/1/Name,string,Summary
/Record/Section/6/Information/1/Value/StringWithMarkup/0/String,string,"About 19 isotopes and 8 nuclear isomers are known for americium. There are two long-lived alpha-emitters, 241Am and 243Am with half-lives of 432.2 and 7,370 years, respectively, and the nuclear isomer 242Am has a half-life of 141 years. The half-lives of other isotopes and isomers range from 0.64 microseconds for 245Am to 50.8 hours for 240Am. As with most other actinides, the isotopes of americium with odd number of neutrons have relatively high rate of nuclear fission and low critical mass. High purity kilogram quantities are now available for the longer lived isotopes, 241Am and 243Am."
/Record/Section/6/Information/1/Value/StringWithMarkup/0/Markup/0/Start,number,106
/Record/Section/6/Information/1/Value/StringWithMarkup/0/Markup/0/Length,number,3
/Record/Section/6/Information/1/Value/StringWithMarkup/0/Markup/0/Type,string,Superscript
/Record/Section/6/Information/1/Value/StringWithMarkup/0/Markup/1/Start,number,116
/Record/Section/6/Information/1/Value/StringWithMarkup/0/Markup/1/Length,number,3
/Record/Section/6/Information/1/Value/StringWithMarkup/0/Markup/1/Type,string,Superscript
/Record/Section/6/Information/1/Value/StringWithMarkup/0/Markup/2/Start,number,201
/Record/Section/6/Information/1/Value/StringWithMarkup/0/Markup/2/Length,number,3
/Record/Section/6/Information/1/Value/StringWithMarkup/0/Markup/2/Type,string,Superscript
/Record/Section/6/Information/1/Value/StringWithMarkup/0/Markup/3/Start,number,315
/Record/Section/6/Information/1/Value/StringWithMarkup/0/Markup/3/Length,number,3
/Record/Section/6/Information/1/Value/StringWithMarkup/0/Markup/3/Type,string,Superscript
/Record/Section/6/Information/1/Value/StringWithMarkup/0/Markup/4/Start,number,339
/Record/Section/6/Information/1/Value/StringWithMarkup/0/Markup/4/Length,number,3
/Record/Section/6/Information/1/Value/StringWithMarkup/0/Markup/4/Type,string,Superscript
/Record/Section/6/Information/1/Value/StringWithMarkup/0/Markup/5/Start,number,579
/Record/Section/6/Information/1/Value/StringWithMarkup/0/Markup/5/Length,number,3
/Record/Section/6/Information/1/Value/StringWithMarkup/0/Markup/5/Type,string,Superscript
/Record/Section/6/Information/1/Value/StringWithMarkup/0/Markup/6/Start,number,589
/Record/Section/6/Information/1/Value/StringWithMarkup/0/Markup/6/Length,number,3
/Record/Section/6/Information/1/Value/StringWithMarkup/0/Markup/6/Type,string,Superscript
/Record/Section/6/Section/0/TOCHeading,string,Isotopes in Industry
/Record/Section/6/Section/0/Description,string,Information on the use of this element's isotopes in industry.
/Record/Section/6/Section/0/Information/0/ReferenceNumber,number,4
/Record/Section/6/Section/0/Information/0/Reference/0,string,"[75]  J. Peterson, M. McDonell, L. Haroun, F. Monette, R. D. Hildebrand, A. Taboas. Radiological and Chemical Fact Sheets to Support Health Risk Analyses for Contaminated Areas, Prepared by Argonne National Laboratory Environmental Science Division in collaboration with U.S. Department of Energy, Richland Operations Office and Chicago Operations Office (2014), Feb. 22; http://www.remm.nlm.gov/ANL_ContaminantFactSheets_All_070418.pdf."
/Record/Section/6/Section/0/Information/0/Reference/1,string,"[614]  Institute of Physics. Episode 509: Radioactive Background and Detectors, Institute of Physics (2014), Feb. 25; http://tap.iop.org/atoms/radioactivity/509/page_47071.html."
/Record/Section/6/Section/0/Information/0/Reference/2,string,"[615]  US Environmental Protection Agency. Americium in Smoke Detectors, US Environmental Protection Agency (2017), April 8; https://www3.epa.gov/radtown/docs/americium-smoke-detectors.pdf."
/Record/Section/6/Section/0/Information/0/Reference/3,string,"[616]  J. E. Strain, G. W. Leddicotte. The Preparation, Properties, and Uses of Americium-241, Alpha-, Gamma-, and Deutron Sources, ORNL-3335, p. 68. Oak Ridge National Laboratory (1962)."
/Record/Section/6/Section/0/Information/0/ExtendedReference/0/Citation,string,"[75]  J. Peterson, M. McDonell, L. Haroun, F. Monette, R. D. Hildebrand, A. Taboas. Radiological and Chemical Fact Sheets to Support Health Risk Analyses for Contaminated Areas, Prepared by Argonne National Laboratory Environmental Science Division in collaboration with U.S. Department of Energy, Richland Operations Office and Chicago Operations Office (2014), Feb. 22; http://www.remm.nlm.gov/ANL_ContaminantFactSheets_All_070418.pdf."
/Record/Section/6/Section/0/Information/0/ExtendedReference/1/Citation,string,"[614]  Institute of Physics. Episode 509: Radioactive Background and Detectors, Institute of Physics (2014), Feb. 25; http://tap.iop.org/atoms/radioactivity/509/page_47071.html."
/Record/Section/6/Section/0/Information/0/ExtendedReference/2/Citation,string,"[615]  US Environmental Protection Agency. Americium in Smoke Detectors, US Environmental Protection Agency (2017), April 8; https://www3.epa.gov/radtown/docs/americium-smoke-detectors.pdf."
/Record/Section/6/Section/0/Information/0/ExtendedReference/3/Citation,string,"[616]  J. E. Strain, G. W. Leddicotte. The Preparation, Properties, and Uses of Americium-241, Alpha-, Gamma-, and Deutron Sources, ORNL-3335, p. 68. Oak Ridge National Laboratory (1962)."
/Record/Section/6/Section/0/Information/0/Value/StringWithMarkup/0/String,string,"241Am (with a half-life of 433 days) is used in smoke detectors as an ionization source to detect smoke (Fig. IUPAC.95.1). A small piece of 241Am oxide is housed inside ionizing smoke detectors. The americium compound emits alpha particles that strike air molecules in their path, causing them to ionize. The ions carry a current from one plate in the detector to a second plate. Current flows continuously until smoke disrupts the current between the two plates. The alarm sounds when the current is disrupted by smoke [75], [614], [615]."
/Record/Section/6/Section/0/Information/0/Value/StringWithMarkup/0/Markup/0/Start,number,0
/Record/Section/6/Section/0/Information/0/Value/StringWithMarkup/0/Markup/0/Length,number,3
/Record/Section/6/Section/0/Information/0/Value/StringWithMarkup/0/Markup/0/Type,string,Superscript
/Record/Section/6/Section/0/Information/0/Value/StringWithMarkup/0/Markup/1/Start,number,140
/Record/Section/6/Section/0/Information/0/Value/StringWithMarkup/0/Markup/1/Length,number,3
/Record/Section/6/Section/0/Information/0/Value/StringWithMarkup/0/Markup/1/Type,string,Superscript
/Record/Section/6/Section/0/Information/0/Value/StringWithMarkup/1/String,string,"241Am is used for the control and measurement of industrial material thickness and product quality. In manufacturing, for example, a small piece of 241Am is placed above a conveyer belt and a Geiger counter (used to count alpha particles) is placed below the conveyor belt. A specific quantity of radiation is expected to be measured by the Geiger counter. If the product being manufactured (i.e. glass) is thicker than expected, less radiation will be measured, and the product will be rejected [75]. The gamma radiation of 241Am is also used in a variety of gauges. Thickness gauges, fluid-density gauges, aircraft fuel gauges, and distance-sensing devices use the density-measuring capabilities of the emitting gamma rays and radiation detector to function."
/Record/Section/6/Section/0/Information/0/Value/StringWithMarkup/1/Markup/0/Start,number,0
/Record/Section/6/Section/0/Information/0/Value/StringWithMarkup/1/Markup/0/Length,number,3
/Record/Section/6/Section/0/Information/0/Value/StringWithMarkup/1/Markup/0/Type,string,Superscript
/Record/Section/6/Section/0/Information/0/Value/StringWithMarkup/1/Markup/1/Start,number,148
/Record/Section/6/Section/0/Information/0/Value/StringWithMarkup/1/Markup/1/Length,number,3
/Record/Section/6/Section/0/Information/0/Value/StringWithMarkup/1/Markup/1/Type,string,Superscript
/Record/Section/6/Section/0/Information/0/Value/StringWithMarkup/1/Markup/2/Start,number,525
/Record/Section/6/Section/0/Information/0/Value/StringWithMarkup/1/Markup/2/Length,number,3
/Record/Section/6/Section/0/Information/0/Value/StringWithMarkup/1/Markup/2/Type,string,Superscript
/Record/Section/6/Section/0/Information/0/Value/StringWithMarkup/2/String,string,"When 241Am is mixed with beryllium (241AmBe), it emits neutrons at a high rate. This high rate of neutron generation is useful in oil-well operations to monitor the rate of oil production, and it can also be used in well logging to log the porosity (fraction of void volume to total volume of a material) of the geologic units along the sides of a borehole. Gamma rays from 241Am are also used as portable X-ray machines to determine where new wells should be drilled. When a small pellet of 241Am is placed in a sealed titanium capsule, it can serve as a portable source for gamma radiography, which is more penetrating than X-rays, to test various materials for defects, such as invisible cracks or faulty welds in pipelines [75], [614], [616]."
/Record/Section/6/Section/0/Information/0/Value/StringWithMarkup/2/Markup/0/Start,number,5
/Record/Section/6/Section/0/Information/0/Value/StringWithMarkup/2/Markup/0/Length,number,3
/Record/Section/6/Section/0/Information/0/Value/StringWithMarkup/2/Markup/0/Type,string,Superscript
/Record/Section/6/Section/0/Information/0/Value/StringWithMarkup/2/Markup/1/Start,number,36
/Record/Section/6/Section/0/Information/0/Value/StringWithMarkup/2/Markup/1/Length,number,3
/Record/Section/6/Section/0/Information/0/Value/StringWithMarkup/2/Markup/1/Type,string,Superscript
/Record/Section/6/Section/0/Information/0/Value/StringWithMarkup/2/Markup/2/Start,number,374
/Record/Section/6/Section/0/Information/0/Value/StringWithMarkup/2/Markup/2/Length,number,3
/Record/Section/6/Section/0/Information/0/Value/StringWithMarkup/2/Markup/2/Type,string,Superscript
/Record/Section/6/Section/0/Information/0/Value/StringWithMarkup/2/Markup/3/Start,number,492
/Record/Section/6/Section/0/Information/0/Value/StringWithMarkup/2/Markup/3/Length,number,3
/Record/Section/6/Section/0/Information/0/Value/StringWithMarkup/2/Markup/3/Type,string,Superscript
/Record/Section/6/Section/0/Information/0/Value/StringWithMarkup/3/String,string,          
/Record/Section/6/Section/0/Information/0/Value/StringWithMarkup/3/Markup/0/Start,number,0
/Record/Section/6/Section/0/Information/0/Value/StringWithMarkup/3/Markup/0/Length,number,1
/Record/Section/6/Section/0/Information/0/Value/StringWithMarkup/3/Markup/0/URL,string,https://pubchem.ncbi.nlm.nih.gov/images/iupac/j_pac-2015-0703_fig_130.jpg
/Record/Section/6/Section/0/Information/0/Value/StringWithMarkup/3/Markup/0/Type,string,Image
/Record/Section/6/Section/0/Information/0/Value/StringWithMarkup/3/Markup/0/Size,string,931x747
/Record/Section/6/Section/0/Information/0/Value/StringWithMarkup/3/Markup/0/Caption,string,"Fig. IUPAC.95.1: In a smoke-free chamber, the ionized air molecules create a current between the two metal plates having a voltage difference. Current flows continuously until smoke disrupts the current, at which time the alarm sounds. (Diagram Source: US Environmental Protection Agency) [615]. "
/Record/Section/6/Section/1/TOCHeading,string,Isotopes in Medicine
/Record/Section/6/Section/1/Description,string,Information on the use of this element's isotopes in medicine.
/Record/Section/6/Section/1/Information/0/ReferenceNumber,number,4
/Record/Section/6/Section/1/Information/0/Reference/0,string,"[617]  US Environmental Protection Agency. EPA Facts About Americium-241, US Environmental Protection Agency (2017), April 8; https://semspub.epa.gov/work/HQ/176296.pdf."
/Record/Section/6/Section/1/Information/0/ExtendedReference/0/Citation,string,"[617]  US Environmental Protection Agency. EPA Facts About Americium-241, US Environmental Protection Agency (2017), April 8; https://semspub.epa.gov/work/HQ/176296.pdf."
/Record/Section/6/Section/1/Information/0/Value/StringWithMarkup/0/String,string,"Gamma-ray emissions from 241Am have been used as a radiation source for medical diagnostic tests. In particular, 241Am has helped to provide accurate diagnoses of thyroid function, but this use of americium is now obsolete [617]."
/Record/Section/6/Section/1/Information/0/Value/StringWithMarkup/0/Markup/0/Start,number,25
/Record/Section/6/Section/1/Information/0/Value/StringWithMarkup/0/Markup/0/Length,number,3
/Record/Section/6/Section/1/Information/0/Value/StringWithMarkup/0/Markup/0/Type,string,Superscript
/Record/Section/6/Section/1/Information/0/Value/StringWithMarkup/0/Markup/1/Start,number,113
/Record/Section/6/Section/1/Information/0/Value/StringWithMarkup/0/Markup/1/Length,number,3
/Record/Section/6/Section/1/Information/0/Value/StringWithMarkup/0/Markup/1/Type,string,Superscript
/Record/Section/6/Section/2/TOCHeading,string,Isotope Mass and Abundance
/Record/Section/6/Section/2/Description,string,Atomic mass and abundance (composition) information for a given isotope/nuclide. The number in the parenthesis refers to an uncertainty when exist. The unit of atomic weight is the unified atomic mass unit (u) or dalton (Da). 
/Record/Section/6/Section/2/DisplayControls/CreateTable/FromInformationIn,string,ThisSection
/Record/Section/6/Section/2/DisplayControls/CreateTable/NumberOfColumns,number,3
/Record/Section/6/Section/2/DisplayControls/CreateTable/ColumnsFromNamedLists/Name/0,string,Isotope
/Record/Section/6/Section/2/DisplayControls/CreateTable/ColumnsFromNamedLists/Name/1,string,Atomic Mass (uncertainty) [u]
/Record/Section/6/Section/2/DisplayControls/CreateTable/ColumnsFromNamedLists/Name/2,string,Abundance (uncertainty)
/Record/Section/6/Section/2/DisplayControls/CreateTable/ColumnsFromNamedLists/UseNamesAsColumnHeadings,boolean,true
/Record/Section/6/Section/2/Information/0/ReferenceNumber,number,7
/Record/Section/6/Section/2/Information/0/Name,string,Isotope
/Record/Section/6/Section/2/Information/0/Value/StringWithMarkup/0/String,string,241Am
/Record/Section/6/Section/2/Information/0/Value/StringWithMarkup/0/Markup/0/Start,number,0
/Record/Section/6/Section/2/Information/0/Value/StringWithMarkup/0/Markup/0/Length,number,3
/Record/Section/6/Section/2/Information/0/Value/StringWithMarkup/0/Markup/0/Type,string,Superscript
/Record/Section/6/Section/2/Information/0/Value/StringWithMarkup/1/String,string,243Am
/Record/Section/6/Section/2/Information/0/Value/StringWithMarkup/1/Markup/0/Start,number,0
/Record/Section/6/Section/2/Information/0/Value/StringWithMarkup/1/Markup/0/Length,number,3
/Record/Section/6/Section/2/Information/0/Value/StringWithMarkup/1/Markup/0/Type,string,Superscript
/Record/Section/6/Section/2/Information/1/ReferenceNumber,number,7
/Record/Section/6/Section/2/Information/1/Name,string,Atomic Mass (uncertainty) [u]
/Record/Section/6/Section/2/Information/1/Value/StringWithMarkup/0/String,string,241.0568293(19)
/Record/Section/6/Section/2/Information/1/Value/StringWithMarkup/1/String,string,243.0613813(24)
/Record/Section/6/Section/2/Information/2/ReferenceNumber,number,7
/Record/Section/6/Section/2/Information/2/Name,string,Abundance (uncertainty)
/Record/Section/6/Section/2/Information/2/Value/StringWithMarkup/0/String,string,
/Record/Section/6/Section/2/Information/2/Value/StringWithMarkup/1/String,string,
/Record/Section/6/Section/3/TOCHeading,string,"Atomic Mass, Half Life, and Decay"
/Record/Section/6/Section/3/Description,string,"Information on the atomic mass, half life, and decay for this element, from the the Atomic Mass Data Center. The number after the ± refers to an uncertainty when exists."
/Record/Section/6/Section/3/URL,string,https://pubchem.ncbi.nlm.nih.gov/docs/atomic-mass/
/Record/Section/6/Section/3/DisplayControls/CreateTable/FromInformationIn,string,ThisSection
/Record/Section/6/Section/3/DisplayControls/CreateTable/NumberOfColumns,number,5
/Record/Section/6/Section/3/DisplayControls/CreateTable/ColumnsFromNamedLists/Name/0,string,Nuclide
/Record/Section/6/Section/3/DisplayControls/CreateTable/ColumnsFromNamedLists/Name/1,string,Atomic Mass and Uncertainty [u]
/Record/Section/6/Section/3/DisplayControls/CreateTable/ColumnsFromNamedLists/Name/2,string,Half Life and Uncertainty
/Record/Section/6/Section/3/DisplayControls/CreateTable/ColumnsFromNamedLists/Name/3,string,Discovery Year
/Record/Section/6/Section/3/DisplayControls/CreateTable/ColumnsFromNamedLists/Name/4,string,"Decay Modes, Intensities and Uncertainties [%]"
/Record/Section/6/Section/3/DisplayControls/CreateTable/ColumnsFromNamedLists/UseNamesAsColumnHeadings,boolean,true
/Record/Section/6/Section/3/Information/0/ReferenceNumber,number,2
/Record/Section/6/Section/3/Information/0/Name,string,Nuclide
/Record/Section/6/Section/3/Information/0/Value/StringWithMarkup/0/String,string,223Am
/Record/Section/6/Section/3/Information/0/Value/StringWithMarkup/0/Markup/0/Start,number,0
/Record/Section/6/Section/3/Information/0/Value/StringWithMarkup/0/Markup/0/Length,number,3
/Record/Section/6/Section/3/Information/0/Value/StringWithMarkup/0/Markup/0/Type,string,Superscript
/Record/Section/6/Section/3/Information/0/Value/StringWithMarkup/1/String,string,224Am
/Record/Section/6/Section/3/Information/0/Value/StringWithMarkup/1/Markup/0/Start,number,0
/Record/Section/6/Section/3/Information/0/Value/StringWithMarkup/1/Markup/0/Length,number,3
/Record/Section/6/Section/3/Information/0/Value/StringWithMarkup/1/Markup/0/Type,string,Superscript
/Record/Section/6/Section/3/Information/0/Value/StringWithMarkup/2/String,string,225Am
/Record/Section/6/Section/3/Information/0/Value/StringWithMarkup/2/Markup/0/Start,number,0
/Record/Section/6/Section/3/Information/0/Value/StringWithMarkup/2/Markup/0/Length,number,3
/Record/Section/6/Section/3/Information/0/Value/StringWithMarkup/2/Markup/0/Type,string,Superscript
/Record/Section/6/Section/3/Information/0/Value/StringWithMarkup/3/String,string,226Am
/Record/Section/6/Section/3/Information/0/Value/StringWithMarkup/3/Markup/0/Start,number,0
/Record/Section/6/Section/3/Information/0/Value/StringWithMarkup/3/Markup/0/Length,number,3
/Record/Section/6/Section/3/Information/0/Value/StringWithMarkup/3/Markup/0/Type,string,Superscript
/Record/Section/6/Section/3/Information/0/Value/StringWithMarkup/4/String,string,227Am
/Record/Section/6/Section/3/Information/0/Value/StringWithMarkup/4/Markup/0/Start,number,0
/Record/Section/6/Section/3/Information/0/Value/StringWithMarkup/4/Markup/0/Length,number,3
/Record/Section/6/Section/3/Information/0/Value/StringWithMarkup/4/Markup/0/Type,string,Superscript
/Record/Section/6/Section/3/Information/0/Value/StringWithMarkup/5/String,string,228Am
/Record/Section/6/Section/3/Information/0/Value/StringWithMarkup/5/Markup/0/Start,number,0
/Record/Section/6/Section/3/Information/0/Value/StringWithMarkup/5/Markup/0/Length,number,3
/Record/Section/6/Section/3/Information/0/Value/StringWithMarkup/5/Markup/0/Type,string,Superscript
/Record/Section/6/Section/3/Information/0/Value/StringWithMarkup/6/String,string,229Am
/Record/Section/6/Section/3/Information/0/Value/StringWithMarkup/6/Markup/0/Start,number,0
/Record/Section/6/Section/3/Information/0/Value/StringWithMarkup/6/Markup/0/Length,number,3
/Record/Section/6/Section/3/Information/0/Value/StringWithMarkup/6/Markup/0/Type,string,Superscript
/Record/Section/6/Section/3/Information/0/Value/StringWithMarkup/7/String,string,230Am
/Record/Section/6/Section/3/Information/0/Value/StringWithMarkup/7/Markup/0/Start,number,0
/Record/Section/6/Section/3/Information/0/Value/StringWithMarkup/7/Markup/0/Length,number,3
/Record/Section/6/Section/3/Information/0/Value/StringWithMarkup/7/Markup/0/Type,string,Superscript
/Record/Section/6/Section/3/Information/0/Value/StringWithMarkup/8/String,string,231Am
/Record/Section/6/Section/3/Information/0/Value/StringWithMarkup/8/Markup/0/Start,number,0
/Record/Section/6/Section/3/Information/0/Value/StringWithMarkup/8/Markup/0/Length,number,3
/Record/Section/6/Section/3/Information/0/Value/StringWithMarkup/8/Markup/0/Type,string,Superscript
/Record/Section/6/Section/3/Information/0/Value/StringWithMarkup/9/String,string,232Am
/Record/Section/6/Section/3/Information/0/Value/StringWithMarkup/9/Markup/0/Start,number,0
/Record/Section/6/Section/3/Information/0/Value/StringWithMarkup/9/Markup/0/Length,number,3
/Record/Section/6/Section/3/Information/0/Value/StringWithMarkup/9/Markup/0/Type,string,Superscript
/Record/Section/6/Section/3/Information/0/Value/StringWithMarkup/10/String,string,233Am
/Record/Section/6/Section/3/Information/0/Value/StringWithMarkup/10/Markup/0/Start,number,0
/Record/Section/6/Section/3/Information/0/Value/StringWithMarkup/10/Markup/0/Length,number,3
/Record/Section/6/Section/3/Information/0/Value/StringWithMarkup/10/Markup/0/Type,string,Superscript
/Record/Section/6/Section/3/Information/0/Value/StringWithMarkup/11/String,string,234Am
/Record/Section/6/Section/3/Information/0/Value/StringWithMarkup/11/Markup/0/Start,number,0
/Record/Section/6/Section/3/Information/0/Value/StringWithMarkup/11/Markup/0/Length,number,3
/Record/Section/6/Section/3/Information/0/Value/StringWithMarkup/11/Markup/0/Type,string,Superscript
/Record/Section/6/Section/3/Information/0/Value/StringWithMarkup/12/String,string,235Am
/Record/Section/6/Section/3/Information/0/Value/StringWithMarkup/12/Markup/0/Start,number,0
/Record/Section/6/Section/3/Information/0/Value/StringWithMarkup/12/Markup/0/Length,number,3
/Record/Section/6/Section/3/Information/0/Value/StringWithMarkup/12/Markup/0/Type,string,Superscript
/Record/Section/6/Section/3/Information/0/Value/StringWithMarkup/13/String,string,236Am
/Record/Section/6/Section/3/Information/0/Value/StringWithMarkup/13/Markup/0/Start,number,0
/Record/Section/6/Section/3/Information/0/Value/StringWithMarkup/13/Markup/0/Length,number,3
/Record/Section/6/Section/3/Information/0/Value/StringWithMarkup/13/Markup/0/Type,string,Superscript
/Record/Section/6/Section/3/Information/0/Value/StringWithMarkup/14/String,string,236Amm
/Record/Section/6/Section/3/Information/0/Value/StringWithMarkup/14/Markup/0/Start,number,0
/Record/Section/6/Section/3/Information/0/Value/StringWithMarkup/14/Markup/0/Length,number,3
/Record/Section/6/Section/3/Information/0/Value/StringWithMarkup/14/Markup/0/Type,string,Superscript
/Record/Section/6/Section/3/Information/0/Value/StringWithMarkup/14/Markup/1/Start,number,5
/Record/Section/6/Section/3/Information/0/Value/StringWithMarkup/14/Markup/1/Length,number,1
/Record/Section/6/Section/3/Information/0/Value/StringWithMarkup/14/Markup/1/Type,string,Superscript
/Record/Section/6/Section/3/Information/0/Value/StringWithMarkup/15/String,string,237Am
/Record/Section/6/Section/3/Information/0/Value/StringWithMarkup/15/Markup/0/Start,number,0
/Record/Section/6/Section/3/Information/0/Value/StringWithMarkup/15/Markup/0/Length,number,3
/Record/Section/6/Section/3/Information/0/Value/StringWithMarkup/15/Markup/0/Type,string,Superscript
/Record/Section/6/Section/3/Information/0/Value/StringWithMarkup/16/String,string,238Am
/Record/Section/6/Section/3/Information/0/Value/StringWithMarkup/16/Markup/0/Start,number,0
/Record/Section/6/Section/3/Information/0/Value/StringWithMarkup/16/Markup/0/Length,number,3
/Record/Section/6/Section/3/Information/0/Value/StringWithMarkup/16/Markup/0/Type,string,Superscript
/Record/Section/6/Section/3/Information/0/Value/StringWithMarkup/17/String,string,238Amm
/Record/Section/6/Section/3/Information/0/Value/StringWithMarkup/17/Markup/0/Start,number,0
/Record/Section/6/Section/3/Information/0/Value/StringWithMarkup/17/Markup/0/Length,number,3
/Record/Section/6/Section/3/Information/0/Value/StringWithMarkup/17/Markup/0/Type,string,Superscript
/Record/Section/6/Section/3/Information/0/Value/StringWithMarkup/17/Markup/1/Start,number,5
/Record/Section/6/Section/3/Information/0/Value/StringWithMarkup/17/Markup/1/Length,number,1
/Record/Section/6/Section/3/Information/0/Value/StringWithMarkup/17/Markup/1/Type,string,Superscript
/Record/Section/6/Section/3/Information/0/Value/StringWithMarkup/18/String,string,239Am
/Record/Section/6/Section/3/Information/0/Value/StringWithMarkup/18/Markup/0/Start,number,0
/Record/Section/6/Section/3/Information/0/Value/StringWithMarkup/18/Markup/0/Length,number,3
/Record/Section/6/Section/3/Information/0/Value/StringWithMarkup/18/Markup/0/Type,string,Superscript
/Record/Section/6/Section/3/Information/0/Value/StringWithMarkup/19/String,string,239Amm
/Record/Section/6/Section/3/Information/0/Value/StringWithMarkup/19/Markup/0/Start,number,0
/Record/Section/6/Section/3/Information/0/Value/StringWithMarkup/19/Markup/0/Length,number,3
/Record/Section/6/Section/3/Information/0/Value/StringWithMarkup/19/Markup/0/Type,string,Superscript
/Record/Section/6/Section/3/Information/0/Value/StringWithMarkup/19/Markup/1/Start,number,5
/Record/Section/6/Section/3/Information/0/Value/StringWithMarkup/19/Markup/1/Length,number,1
/Record/Section/6/Section/3/Information/0/Value/StringWithMarkup/19/Markup/1/Type,string,Superscript
/Record/Section/6/Section/3/Information/0/Value/StringWithMarkup/20/String,string,240Am
/Record/Section/6/Section/3/Information/0/Value/StringWithMarkup/20/Markup/0/Start,number,0
/Record/Section/6/Section/3/Information/0/Value/StringWithMarkup/20/Markup/0/Length,number,3
/Record/Section/6/Section/3/Information/0/Value/StringWithMarkup/20/Markup/0/Type,string,Superscript
/Record/Section/6/Section/3/Information/0/Value/StringWithMarkup/21/String,string,240Amm
/Record/Section/6/Section/3/Information/0/Value/StringWithMarkup/21/Markup/0/Start,number,0
/Record/Section/6/Section/3/Information/0/Value/StringWithMarkup/21/Markup/0/Length,number,3
/Record/Section/6/Section/3/Information/0/Value/StringWithMarkup/21/Markup/0/Type,string,Superscript
/Record/Section/6/Section/3/Information/0/Value/StringWithMarkup/21/Markup/1/Start,number,5
/Record/Section/6/Section/3/Information/0/Value/StringWithMarkup/21/Markup/1/Length,number,1
/Record/Section/6/Section/3/Information/0/Value/StringWithMarkup/21/Markup/1/Type,string,Superscript
/Record/Section/6/Section/3/Information/0/Value/StringWithMarkup/22/String,string,241Am
/Record/Section/6/Section/3/Information/0/Value/StringWithMarkup/22/Markup/0/Start,number,0
/Record/Section/6/Section/3/Information/0/Value/StringWithMarkup/22/Markup/0/Length,number,3
/Record/Section/6/Section/3/Information/0/Value/StringWithMarkup/22/Markup/0/Type,string,Superscript
/Record/Section/6/Section/3/Information/0/Value/StringWithMarkup/23/String,string,241Amm
/Record/Section/6/Section/3/Information/0/Value/StringWithMarkup/23/Markup/0/Start,number,0
/Record/Section/6/Section/3/Information/0/Value/StringWithMarkup/23/Markup/0/Length,number,3
/Record/Section/6/Section/3/Information/0/Value/StringWithMarkup/23/Markup/0/Type,string,Superscript
/Record/Section/6/Section/3/Information/0/Value/StringWithMarkup/23/Markup/1/Start,number,5
/Record/Section/6/Section/3/Information/0/Value/StringWithMarkup/23/Markup/1/Length,number,1
/Record/Section/6/Section/3/Information/0/Value/StringWithMarkup/23/Markup/1/Type,string,Superscript
/Record/Section/6/Section/3/Information/0/Value/StringWithMarkup/24/String,string,242Am
/Record/Section/6/Section/3/Information/0/Value/StringWithMarkup/24/Markup/0/Start,number,0
/Record/Section/6/Section/3/Information/0/Value/StringWithMarkup/24/Markup/0/Length,number,3
/Record/Section/6/Section/3/Information/0/Value/StringWithMarkup/24/Markup/0/Type,string,Superscript
/Record/Section/6/Section/3/Information/0/Value/StringWithMarkup/25/String,string,242Amm
/Record/Section/6/Section/3/Information/0/Value/StringWithMarkup/25/Markup/0/Start,number,0
/Record/Section/6/Section/3/Information/0/Value/StringWithMarkup/25/Markup/0/Length,number,3
/Record/Section/6/Section/3/Information/0/Value/StringWithMarkup/25/Markup/0/Type,string,Superscript
/Record/Section/6/Section/3/Information/0/Value/StringWithMarkup/25/Markup/1/Start,number,5
/Record/Section/6/Section/3/Information/0/Value/StringWithMarkup/25/Markup/1/Length,number,1
/Record/Section/6/Section/3/Information/0/Value/StringWithMarkup/25/Markup/1/Type,string,Superscript
/Record/Section/6/Section/3/Information/0/Value/StringWithMarkup/26/String,string,242Amn
/Record/Section/6/Section/3/Information/0/Value/StringWithMarkup/26/Markup/0/Start,number,0
/Record/Section/6/Section/3/Information/0/Value/StringWithMarkup/26/Markup/0/Length,number,3
/Record/Section/6/Section/3/Information/0/Value/StringWithMarkup/26/Markup/0/Type,string,Superscript
/Record/Section/6/Section/3/Information/0/Value/StringWithMarkup/26/Markup/1/Start,number,5
/Record/Section/6/Section/3/Information/0/Value/StringWithMarkup/26/Markup/1/Length,number,1
/Record/Section/6/Section/3/Information/0/Value/StringWithMarkup/26/Markup/1/Type,string,Superscript
/Record/Section/6/Section/3/Information/0/Value/StringWithMarkup/27/String,string,243Am
/Record/Section/6/Section/3/Information/0/Value/StringWithMarkup/27/Markup/0/Start,number,0
/Record/Section/6/Section/3/Information/0/Value/StringWithMarkup/27/Markup/0/Length,number,3
/Record/Section/6/Section/3/Information/0/Value/StringWithMarkup/27/Markup/0/Type,string,Superscript
/Record/Section/6/Section/3/Information/0/Value/StringWithMarkup/28/String,string,243Amm
/Record/Section/6/Section/3/Information/0/Value/StringWithMarkup/28/Markup/0/Start,number,0
/Record/Section/6/Section/3/Information/0/Value/StringWithMarkup/28/Markup/0/Length,number,3
/Record/Section/6/Section/3/Information/0/Value/StringWithMarkup/28/Markup/0/Type,string,Superscript
/Record/Section/6/Section/3/Information/0/Value/StringWithMarkup/28/Markup/1/Start,number,5
/Record/Section/6/Section/3/Information/0/Value/StringWithMarkup/28/Markup/1/Length,number,1
/Record/Section/6/Section/3/Information/0/Value/StringWithMarkup/28/Markup/1/Type,string,Superscript
/Record/Section/6/Section/3/Information/0/Value/StringWithMarkup/29/String,string,244Am
/Record/Section/6/Section/3/Information/0/Value/StringWithMarkup/29/Markup/0/Start,number,0
/Record/Section/6/Section/3/Information/0/Value/StringWithMarkup/29/Markup/0/Length,number,3
/Record/Section/6/Section/3/Information/0/Value/StringWithMarkup/29/Markup/0/Type,string,Superscript
/Record/Section/6/Section/3/Information/0/Value/StringWithMarkup/30/String,string,244Amm
/Record/Section/6/Section/3/Information/0/Value/StringWithMarkup/30/Markup/0/Start,number,0
/Record/Section/6/Section/3/Information/0/Value/StringWithMarkup/30/Markup/0/Length,number,3
/Record/Section/6/Section/3/Information/0/Value/StringWithMarkup/30/Markup/0/Type,string,Superscript
/Record/Section/6/Section/3/Information/0/Value/StringWithMarkup/30/Markup/1/Start,number,5
/Record/Section/6/Section/3/Information/0/Value/StringWithMarkup/30/Markup/1/Length,number,1
/Record/Section/6/Section/3/Information/0/Value/StringWithMarkup/30/Markup/1/Type,string,Superscript
/Record/Section/6/Section/3/Information/0/Value/StringWithMarkup/31/String,string,244Amn
/Record/Section/6/Section/3/Information/0/Value/StringWithMarkup/31/Markup/0/Start,number,0
/Record/Section/6/Section/3/Information/0/Value/StringWithMarkup/31/Markup/0/Length,number,3
/Record/Section/6/Section/3/Information/0/Value/StringWithMarkup/31/Markup/0/Type,string,Superscript
/Record/Section/6/Section/3/Information/0/Value/StringWithMarkup/31/Markup/1/Start,number,5
/Record/Section/6/Section/3/Information/0/Value/StringWithMarkup/31/Markup/1/Length,number,1
/Record/Section/6/Section/3/Information/0/Value/StringWithMarkup/31/Markup/1/Type,string,Superscript
/Record/Section/6/Section/3/Information/0/Value/StringWithMarkup/32/String,string,244Amp
/Record/Section/6/Section/3/Information/0/Value/StringWithMarkup/32/Markup/0/Start,number,0
/Record/Section/6/Section/3/Information/0/Value/StringWithMarkup/32/Markup/0/Length,number,3
/Record/Section/6/Section/3/Information/0/Value/StringWithMarkup/32/Markup/0/Type,string,Superscript
/Record/Section/6/Section/3/Information/0/Value/StringWithMarkup/32/Markup/1/Start,number,5
/Record/Section/6/Section/3/Information/0/Value/StringWithMarkup/32/Markup/1/Length,number,1
/Record/Section/6/Section/3/Information/0/Value/StringWithMarkup/32/Markup/1/Type,string,Superscript
/Record/Section/6/Section/3/Information/0/Value/StringWithMarkup/33/String,string,245Am
/Record/Section/6/Section/3/Information/0/Value/StringWithMarkup/33/Markup/0/Start,number,0
/Record/Section/6/Section/3/Information/0/Value/StringWithMarkup/33/Markup/0/Length,number,3
/Record/Section/6/Section/3/Information/0/Value/StringWithMarkup/33/Markup/0/Type,string,Superscript
/Record/Section/6/Section/3/Information/0/Value/StringWithMarkup/34/String,string,245Amm
/Record/Section/6/Section/3/Information/0/Value/StringWithMarkup/34/Markup/0/Start,number,0
/Record/Section/6/Section/3/Information/0/Value/StringWithMarkup/34/Markup/0/Length,number,3
/Record/Section/6/Section/3/Information/0/Value/StringWithMarkup/34/Markup/0/Type,string,Superscript
/Record/Section/6/Section/3/Information/0/Value/StringWithMarkup/34/Markup/1/Start,number,5
/Record/Section/6/Section/3/Information/0/Value/StringWithMarkup/34/Markup/1/Length,number,1
/Record/Section/6/Section/3/Information/0/Value/StringWithMarkup/34/Markup/1/Type,string,Superscript
/Record/Section/6/Section/3/Information/0/Value/StringWithMarkup/35/String,string,246Am
/Record/Section/6/Section/3/Information/0/Value/StringWithMarkup/35/Markup/0/Start,number,0
/Record/Section/6/Section/3/Information/0/Value/StringWithMarkup/35/Markup/0/Length,number,3
/Record/Section/6/Section/3/Information/0/Value/StringWithMarkup/35/Markup/0/Type,string,Superscript
/Record/Section/6/Section/3/Information/0/Value/StringWithMarkup/36/String,string,246Amm
/Record/Section/6/Section/3/Information/0/Value/StringWithMarkup/36/Markup/0/Start,number,0
/Record/Section/6/Section/3/Information/0/Value/StringWithMarkup/36/Markup/0/Length,number,3
/Record/Section/6/Section/3/Information/0/Value/StringWithMarkup/36/Markup/0/Type,string,Superscript
/Record/Section/6/Section/3/Information/0/Value/StringWithMarkup/36/Markup/1/Start,number,5
/Record/Section/6/Section/3/Information/0/Value/StringWithMarkup/36/Markup/1/Length,number,1
/Record/Section/6/Section/3/Information/0/Value/StringWithMarkup/36/Markup/1/Type,string,Superscript
/Record/Section/6/Section/3/Information/0/Value/StringWithMarkup/37/String,string,246Amn
/Record/Section/6/Section/3/Information/0/Value/StringWithMarkup/37/Markup/0/Start,number,0
/Record/Section/6/Section/3/Information/0/Value/StringWithMarkup/37/Markup/0/Length,number,3
/Record/Section/6/Section/3/Information/0/Value/StringWithMarkup/37/Markup/0/Type,string,Superscript
/Record/Section/6/Section/3/Information/0/Value/StringWithMarkup/37/Markup/1/Start,number,5
/Record/Section/6/Section/3/Information/0/Value/StringWithMarkup/37/Markup/1/Length,number,1
/Record/Section/6/Section/3/Information/0/Value/StringWithMarkup/37/Markup/1/Type,string,Superscript
/Record/Section/6/Section/3/Information/0/Value/StringWithMarkup/38/String,string,247Am
/Record/Section/6/Section/3/Information/0/Value/StringWithMarkup/38/Markup/0/Start,number,0
/Record/Section/6/Section/3/Information/0/Value/StringWithMarkup/38/Markup/0/Length,number,3
/Record/Section/6/Section/3/Information/0/Value/StringWithMarkup/38/Markup/0/Type,string,Superscript
/Record/Section/6/Section/3/Information/0/Value/StringWithMarkup/39/String,string,248Am
/Record/Section/6/Section/3/Information/0/Value/StringWithMarkup/39/Markup/0/Start,number,0
/Record/Section/6/Section/3/Information/0/Value/StringWithMarkup/39/Markup/0/Length,number,3
/Record/Section/6/Section/3/Information/0/Value/StringWithMarkup/39/Markup/0/Type,string,Superscript
/Record/Section/6/Section/3/Information/0/Value/StringWithMarkup/40/String,string,249Am
/Record/Section/6/Section/3/Information/0/Value/StringWithMarkup/40/Markup/0/Start,number,0
/Record/Section/6/Section/3/Information/0/Value/StringWithMarkup/40/Markup/0/Length,number,3
/Record/Section/6/Section/3/Information/0/Value/StringWithMarkup/40/Markup/0/Type,string,Superscript
/Record/Section/6/Section/3/Information/1/ReferenceNumber,number,2
/Record/Section/6/Section/3/Information/1/Name,string,Atomic Mass and Uncertainty [u]
/Record/Section/6/Section/3/Information/1/Value/StringWithMarkup/0/String,string,223.045840 ± 0.000322 [Estimated]
/Record/Section/6/Section/3/Information/1/Value/StringWithMarkup/1/String,string,224.046442 ± 0.000429 [Estimated]
/Record/Section/6/Section/3/Information/1/Value/StringWithMarkup/2/String,string,225.045508 ± 0.000429 [Estimated]
/Record/Section/6/Section/3/Information/1/Value/StringWithMarkup/3/String,string,226.046130 ± 0.000322 [Estimated]
/Record/Section/6/Section/3/Information/1/Value/StringWithMarkup/4/String,string,227.045282 ± 0.000215 [Estimated]
/Record/Section/6/Section/3/Information/1/Value/StringWithMarkup/5/String,string,228.046001 ± 0.000215 [Estimated]
/Record/Section/6/Section/3/Information/1/Value/StringWithMarkup/6/String,string,229.045282534 ± 0.000114169
/Record/Section/6/Section/3/Information/1/Value/StringWithMarkup/7/String,string,230.046025 ± 0.000153 [Estimated]
/Record/Section/6/Section/3/Information/1/Value/StringWithMarkup/8/String,string,231.045529 ± 0.000322 [Estimated]
/Record/Section/6/Section/3/Information/1/Value/StringWithMarkup/9/String,string,232.046613 ± 0.000322 [Estimated]
/Record/Section/6/Section/3/Information/1/Value/StringWithMarkup/10/String,string,233.046468 ± 0.000123 [Estimated]
/Record/Section/6/Section/3/Information/1/Value/StringWithMarkup/11/String,string,234.047731 ± 0.000172 [Estimated]
/Record/Section/6/Section/3/Information/1/Value/StringWithMarkup/12/String,string,235.047906478 ± 0.000056661
/Record/Section/6/Section/3/Information/1/Value/StringWithMarkup/13/String,string,236.049427 ± 0.000127 [Estimated]
/Record/Section/6/Section/3/Information/1/Value/StringWithMarkup/14/String,string,236.049427 ± 0.000127 [Estimated]
/Record/Section/6/Section/3/Information/1/Value/StringWithMarkup/15/String,string,237.049995 ± 0.000064 [Estimated]
/Record/Section/6/Section/3/Information/1/Value/StringWithMarkup/16/String,string,238.051982531 ± 0.000063243
/Record/Section/6/Section/3/Information/1/Value/StringWithMarkup/17/String,string,238.051982531 ± 0.000063243
/Record/Section/6/Section/3/Information/1/Value/StringWithMarkup/18/String,string,239.053022729 ± 0.000002127
/Record/Section/6/Section/3/Information/1/Value/StringWithMarkup/19/String,string,239.053022729 ± 0.000002127
/Record/Section/6/Section/3/Information/1/Value/StringWithMarkup/20/String,string,240.055298374 ± 0.000014849
/Record/Section/6/Section/3/Information/1/Value/StringWithMarkup/21/String,string,240.055298374 ± 0.000014849
/Record/Section/6/Section/3/Information/1/Value/StringWithMarkup/22/String,string,241.056827343 ± 0.000001195
/Record/Section/6/Section/3/Information/1/Value/StringWithMarkup/23/String,string,241.056827343 ± 0.000001195
/Record/Section/6/Section/3/Information/1/Value/StringWithMarkup/24/String,string,242.059547358 ± 0.000001199
/Record/Section/6/Section/3/Information/1/Value/StringWithMarkup/25/String,string,242.059547358 ± 0.000001199
/Record/Section/6/Section/3/Information/1/Value/StringWithMarkup/26/String,string,242.059547358 ± 0.000001199
/Record/Section/6/Section/3/Information/1/Value/StringWithMarkup/27/String,string,243.061379889 ± 0.00000149
/Record/Section/6/Section/3/Information/1/Value/StringWithMarkup/28/String,string,243.061379889 ± 0.00000149
/Record/Section/6/Section/3/Information/1/Value/StringWithMarkup/29/String,string,244.064282892 ± 0.0000016
/Record/Section/6/Section/3/Information/1/Value/StringWithMarkup/30/String,string,244.064282892 ± 0.0000016
/Record/Section/6/Section/3/Information/1/Value/StringWithMarkup/31/String,string,244.064282892 ± 0.0000016
/Record/Section/6/Section/3/Information/1/Value/StringWithMarkup/32/String,string,244.064282892 ± 0.0000016
/Record/Section/6/Section/3/Information/1/Value/StringWithMarkup/33/String,string,245.066452827 ± 0.000002024
/Record/Section/6/Section/3/Information/1/Value/StringWithMarkup/34/String,string,245.066452827 ± 0.000002024
/Record/Section/6/Section/3/Information/1/Value/StringWithMarkup/35/String,string,246.069774 ± 0.000019 [Estimated]
/Record/Section/6/Section/3/Information/1/Value/StringWithMarkup/36/String,string,246.069774 ± 0.000019 [Estimated]
/Record/Section/6/Section/3/Information/1/Value/StringWithMarkup/37/String,string,246.069774 ± 0.000019 [Estimated]
/Record/Section/6/Section/3/Information/1/Value/StringWithMarkup/38/String,string,247.072092 ± 0.000107 [Estimated]
/Record/Section/6/Section/3/Information/1/Value/StringWithMarkup/39/String,string,248.075752 ± 0.000215 [Estimated]
/Record/Section/6/Section/3/Information/1/Value/StringWithMarkup/40/String,string,249.078480 ± 0.00032 [Estimated]
/Record/Section/6/Section/3/Information/2/ReferenceNumber,number,2
/Record/Section/6/Section/3/Information/2/Name,string,Half Life and Uncertainty
/Record/Section/6/Section/3/Information/2/Value/StringWithMarkup/0/String,string,10 ms ± 9
/Record/Section/6/Section/3/Information/2/Value/StringWithMarkup/1/String,string,1 ms [Estimated]
/Record/Section/6/Section/3/Information/2/Value/StringWithMarkup/2/String,string,100 us [Estimated]
/Record/Section/6/Section/3/Information/2/Value/StringWithMarkup/3/String,string,100 us [Estimated]
/Record/Section/6/Section/3/Information/2/Value/StringWithMarkup/4/String,string,20 ms [Estimated]
/Record/Section/6/Section/3/Information/2/Value/StringWithMarkup/5/String,string,100 ms [Estimated]
/Record/Section/6/Section/3/Information/2/Value/StringWithMarkup/6/String,string,1.8 s ± 1.5
/Record/Section/6/Section/3/Information/2/Value/StringWithMarkup/7/String,string,40 s ± 9
/Record/Section/6/Section/3/Information/2/Value/StringWithMarkup/8/String,string,1 m [Estimated]
/Record/Section/6/Section/3/Information/2/Value/StringWithMarkup/9/String,string,1.31 m ± 0.04
/Record/Section/6/Section/3/Information/2/Value/StringWithMarkup/10/String,string,3.2 m ± 0.8
/Record/Section/6/Section/3/Information/2/Value/StringWithMarkup/11/String,string,2.32 m ± 0.08
/Record/Section/6/Section/3/Information/2/Value/StringWithMarkup/12/String,string,10.3 m ± 0.6
/Record/Section/6/Section/3/Information/2/Value/StringWithMarkup/13/String,string,3.6 m ± 0.1
/Record/Section/6/Section/3/Information/2/Value/StringWithMarkup/14/String,string,2.9 m ± 0.2
/Record/Section/6/Section/3/Information/2/Value/StringWithMarkup/15/String,string,73.6 m ± 0.8
/Record/Section/6/Section/3/Information/2/Value/StringWithMarkup/16/String,string,98 m ± 3
/Record/Section/6/Section/3/Information/2/Value/StringWithMarkup/17/String,string,35 us ± 18
/Record/Section/6/Section/3/Information/2/Value/StringWithMarkup/18/String,string,11.9 h ± 0.1
/Record/Section/6/Section/3/Information/2/Value/StringWithMarkup/19/String,string,163 ns ± 12
/Record/Section/6/Section/3/Information/2/Value/StringWithMarkup/20/String,string,50.8 h ± 0.3
/Record/Section/6/Section/3/Information/2/Value/StringWithMarkup/21/String,string,940 us ± 40
/Record/Section/6/Section/3/Information/2/Value/StringWithMarkup/22/String,string,432.6 y ± 0.6
/Record/Section/6/Section/3/Information/2/Value/StringWithMarkup/23/String,string,1.2 us ± 0.3
/Record/Section/6/Section/3/Information/2/Value/StringWithMarkup/24/String,string,16.02 h ± 0.02
/Record/Section/6/Section/3/Information/2/Value/StringWithMarkup/25/String,string,141 y ± 2
/Record/Section/6/Section/3/Information/2/Value/StringWithMarkup/26/String,string,14.0 ms ± 1.0
/Record/Section/6/Section/3/Information/2/Value/StringWithMarkup/27/String,string,7.350 ky ± 0.009
/Record/Section/6/Section/3/Information/2/Value/StringWithMarkup/28/String,string,5.5 us ± 0.5
/Record/Section/6/Section/3/Information/2/Value/StringWithMarkup/29/String,string,10.01 h ± 0.03
/Record/Section/6/Section/3/Information/2/Value/StringWithMarkup/30/String,string,26.13 m ± 0.43
/Record/Section/6/Section/3/Information/2/Value/StringWithMarkup/31/String,string,900 us ± 150
/Record/Section/6/Section/3/Information/2/Value/StringWithMarkup/32/String,string,~6.5 us
/Record/Section/6/Section/3/Information/2/Value/StringWithMarkup/33/String,string,2.05 h ± 0.01
/Record/Section/6/Section/3/Information/2/Value/StringWithMarkup/34/String,string,640 ns ± 60
/Record/Section/6/Section/3/Information/2/Value/StringWithMarkup/35/String,string,39 m ± 3
/Record/Section/6/Section/3/Information/2/Value/StringWithMarkup/36/String,string,25.0 m ± 0.2
/Record/Section/6/Section/3/Information/2/Value/StringWithMarkup/37/String,string,73 us ± 10
/Record/Section/6/Section/3/Information/2/Value/StringWithMarkup/38/String,string,23.0 m ± 1.3
/Record/Section/6/Section/3/Information/2/Value/StringWithMarkup/39/String,string,3 m [Estimated]
/Record/Section/6/Section/3/Information/2/Value/StringWithMarkup/40/String,string,3 m [Estimated]
/Record/Section/6/Section/3/Information/3/ReferenceNumber,number,2
/Record/Section/6/Section/3/Information/3/Name,string,Discovery Year
/Record/Section/6/Section/3/Information/3/Value/StringWithMarkup/0/String,string,2015
/Record/Section/6/Section/3/Information/3/Value/StringWithMarkup/1/String,string,
/Record/Section/6/Section/3/Information/3/Value/StringWithMarkup/2/String,string,
/Record/Section/6/Section/3/Information/3/Value/StringWithMarkup/3/String,string,
/Record/Section/6/Section/3/Information/3/Value/StringWithMarkup/4/String,string,
/Record/Section/6/Section/3/Information/3/Value/StringWithMarkup/5/String,string,
/Record/Section/6/Section/3/Information/3/Value/StringWithMarkup/6/String,string,2015
/Record/Section/6/Section/3/Information/3/Value/StringWithMarkup/7/String,string,2003
/Record/Section/6/Section/3/Information/3/Value/StringWithMarkup/8/String,string,
/Record/Section/6/Section/3/Information/3/Value/StringWithMarkup/9/String,string,1967
/Record/Section/6/Section/3/Information/3/Value/StringWithMarkup/10/String,string,2000
/Record/Section/6/Section/3/Information/3/Value/StringWithMarkup/11/String,string,1967
/Record/Section/6/Section/3/Information/3/Value/StringWithMarkup/12/String,string,1996
/Record/Section/6/Section/3/Information/3/Value/StringWithMarkup/13/String,string,1998
/Record/Section/6/Section/3/Information/3/Value/StringWithMarkup/14/String,string,2004
/Record/Section/6/Section/3/Information/3/Value/StringWithMarkup/15/String,string,1970
/Record/Section/6/Section/3/Information/3/Value/StringWithMarkup/16/String,string,1950
/Record/Section/6/Section/3/Information/3/Value/StringWithMarkup/17/String,string,1967
/Record/Section/6/Section/3/Information/3/Value/StringWithMarkup/18/String,string,1949
/Record/Section/6/Section/3/Information/3/Value/StringWithMarkup/19/String,string,1969
/Record/Section/6/Section/3/Information/3/Value/StringWithMarkup/20/String,string,1949
/Record/Section/6/Section/3/Information/3/Value/StringWithMarkup/21/String,string,1967
/Record/Section/6/Section/3/Information/3/Value/StringWithMarkup/22/String,string,1949
/Record/Section/6/Section/3/Information/3/Value/StringWithMarkup/23/String,string,1969
/Record/Section/6/Section/3/Information/3/Value/StringWithMarkup/24/String,string,1949
/Record/Section/6/Section/3/Information/3/Value/StringWithMarkup/25/String,string,1950
/Record/Section/6/Section/3/Information/3/Value/StringWithMarkup/26/String,string,1962
/Record/Section/6/Section/3/Information/3/Value/StringWithMarkup/27/String,string,1950
/Record/Section/6/Section/3/Information/3/Value/StringWithMarkup/28/String,string,1970
/Record/Section/6/Section/3/Information/3/Value/StringWithMarkup/29/String,string,1950
/Record/Section/6/Section/3/Information/3/Value/StringWithMarkup/30/String,string,1950
/Record/Section/6/Section/3/Information/3/Value/StringWithMarkup/31/String,string,1967
/Record/Section/6/Section/3/Information/3/Value/StringWithMarkup/32/String,string,1969
/Record/Section/6/Section/3/Information/3/Value/StringWithMarkup/33/String,string,1955
/Record/Section/6/Section/3/Information/3/Value/StringWithMarkup/34/String,string,1972
/Record/Section/6/Section/3/Information/3/Value/StringWithMarkup/35/String,string,1955
/Record/Section/6/Section/3/Information/3/Value/StringWithMarkup/36/String,string,1955
/Record/Section/6/Section/3/Information/3/Value/StringWithMarkup/37/String,string,1972
/Record/Section/6/Section/3/Information/3/Value/StringWithMarkup/38/String,string,1967
/Record/Section/6/Section/3/Information/3/Value/StringWithMarkup/39/String,string,
/Record/Section/6/Section/3/Information/3/Value/StringWithMarkup/40/String,string,
/Record/Section/6/Section/3/Information/4/ReferenceNumber,number,2
/Record/Section/6/Section/3/Information/4/Name,string,"Decay Modes, Intensities and Uncertainties [%]"
/Record/Section/6/Section/3/Information/4/Value/StringWithMarkup/0/String,string,α≈100%; β+ ?
/Record/Section/6/Section/3/Information/4/Value/StringWithMarkup/0/Markup/0/Start,number,9
/Record/Section/6/Section/3/Information/4/Value/StringWithMarkup/0/Markup/0/Length,number,1
/Record/Section/6/Section/3/Information/4/Value/StringWithMarkup/0/Markup/0/Type,string,Superscript
/Record/Section/6/Section/3/Information/4/Value/StringWithMarkup/1/String,string,α ?; SF ?
/Record/Section/6/Section/3/Information/4/Value/StringWithMarkup/2/String,string,α ?; SF ?
/Record/Section/6/Section/3/Information/4/Value/StringWithMarkup/3/String,string,α ?; SF ?
/Record/Section/6/Section/3/Information/4/Value/StringWithMarkup/4/String,string,α ?; SF ?
/Record/Section/6/Section/3/Information/4/Value/StringWithMarkup/5/String,string,α ?; SF ?
/Record/Section/6/Section/3/Information/4/Value/StringWithMarkup/6/String,string,α≈100%; β+ ?
/Record/Section/6/Section/3/Information/4/Value/StringWithMarkup/6/Markup/0/Start,number,9
/Record/Section/6/Section/3/Information/4/Value/StringWithMarkup/6/Markup/0/Length,number,1
/Record/Section/6/Section/3/Information/4/Value/StringWithMarkup/6/Markup/0/Type,string,Superscript
/Record/Section/6/Section/3/Information/4/Value/StringWithMarkup/7/String,string,β+≈100%; β+SF>30%
/Record/Section/6/Section/3/Information/4/Value/StringWithMarkup/7/Markup/0/Start,number,1
/Record/Section/6/Section/3/Information/4/Value/StringWithMarkup/7/Markup/0/Length,number,1
/Record/Section/6/Section/3/Information/4/Value/StringWithMarkup/7/Markup/0/Type,string,Superscript
/Record/Section/6/Section/3/Information/4/Value/StringWithMarkup/7/Markup/1/Start,number,10
/Record/Section/6/Section/3/Information/4/Value/StringWithMarkup/7/Markup/1/Length,number,1
/Record/Section/6/Section/3/Information/4/Value/StringWithMarkup/7/Markup/1/Type,string,Superscript
/Record/Section/6/Section/3/Information/4/Value/StringWithMarkup/8/String,string,β+ ?; α ?
/Record/Section/6/Section/3/Information/4/Value/StringWithMarkup/8/Markup/0/Start,number,1
/Record/Section/6/Section/3/Information/4/Value/StringWithMarkup/8/Markup/0/Length,number,1
/Record/Section/6/Section/3/Information/4/Value/StringWithMarkup/8/Markup/0/Type,string,Superscript
/Record/Section/6/Section/3/Information/4/Value/StringWithMarkup/9/String,string,β+≈97%; α ?; β+SF=0.069±1%
/Record/Section/6/Section/3/Information/4/Value/StringWithMarkup/9/Markup/0/Start,number,1
/Record/Section/6/Section/3/Information/4/Value/StringWithMarkup/9/Markup/0/Length,number,1
/Record/Section/6/Section/3/Information/4/Value/StringWithMarkup/9/Markup/0/Type,string,Superscript
/Record/Section/6/Section/3/Information/4/Value/StringWithMarkup/9/Markup/1/Start,number,14
/Record/Section/6/Section/3/Information/4/Value/StringWithMarkup/9/Markup/1/Length,number,1
/Record/Section/6/Section/3/Information/4/Value/StringWithMarkup/9/Markup/1/Type,string,Superscript
/Record/Section/6/Section/3/Information/4/Value/StringWithMarkup/10/String,string,β+ ?; α=4.5±0.9%
/Record/Section/6/Section/3/Information/4/Value/StringWithMarkup/10/Markup/0/Start,number,1
/Record/Section/6/Section/3/Information/4/Value/StringWithMarkup/10/Markup/0/Length,number,1
/Record/Section/6/Section/3/Information/4/Value/StringWithMarkup/10/Markup/0/Type,string,Superscript
/Record/Section/6/Section/3/Information/4/Value/StringWithMarkup/11/String,string,β+≈100%; α=0.039±1.2%; β+SF=0.0066±1.8%
/Record/Section/6/Section/3/Information/4/Value/StringWithMarkup/11/Markup/0/Start,number,1
/Record/Section/6/Section/3/Information/4/Value/StringWithMarkup/11/Markup/0/Length,number,1
/Record/Section/6/Section/3/Information/4/Value/StringWithMarkup/11/Markup/0/Type,string,Superscript
/Record/Section/6/Section/3/Information/4/Value/StringWithMarkup/11/Markup/1/Start,number,24
/Record/Section/6/Section/3/Information/4/Value/StringWithMarkup/11/Markup/1/Length,number,1
/Record/Section/6/Section/3/Information/4/Value/StringWithMarkup/11/Markup/1/Type,string,Superscript
/Record/Section/6/Section/3/Information/4/Value/StringWithMarkup/12/String,string,β+=99.60±0.5%; α=0.40±0.5%
/Record/Section/6/Section/3/Information/4/Value/StringWithMarkup/12/Markup/0/Start,number,1
/Record/Section/6/Section/3/Information/4/Value/StringWithMarkup/12/Markup/0/Length,number,1
/Record/Section/6/Section/3/Information/4/Value/StringWithMarkup/12/Markup/0/Type,string,Superscript
/Record/Section/6/Section/3/Information/4/Value/StringWithMarkup/13/String,string,β+≈100%; α=4.0e-3±0.1%
/Record/Section/6/Section/3/Information/4/Value/StringWithMarkup/13/Markup/0/Start,number,1
/Record/Section/6/Section/3/Information/4/Value/StringWithMarkup/13/Markup/0/Length,number,1
/Record/Section/6/Section/3/Information/4/Value/StringWithMarkup/13/Markup/0/Type,string,Superscript
/Record/Section/6/Section/3/Information/4/Value/StringWithMarkup/14/String,string,β+≈100%; α ?
/Record/Section/6/Section/3/Information/4/Value/StringWithMarkup/14/Markup/0/Start,number,1
/Record/Section/6/Section/3/Information/4/Value/StringWithMarkup/14/Markup/0/Length,number,1
/Record/Section/6/Section/3/Information/4/Value/StringWithMarkup/14/Markup/0/Type,string,Superscript
/Record/Section/6/Section/3/Information/4/Value/StringWithMarkup/15/String,string,β+=99.975±0.3%; α=0.025±0.3%
/Record/Section/6/Section/3/Information/4/Value/StringWithMarkup/15/Markup/0/Start,number,1
/Record/Section/6/Section/3/Information/4/Value/StringWithMarkup/15/Markup/0/Length,number,1
/Record/Section/6/Section/3/Information/4/Value/StringWithMarkup/15/Markup/0/Type,string,Superscript
/Record/Section/6/Section/3/Information/4/Value/StringWithMarkup/16/String,string,β+=100%; α=1.0e-4±0.4%
/Record/Section/6/Section/3/Information/4/Value/StringWithMarkup/16/Markup/0/Start,number,1
/Record/Section/6/Section/3/Information/4/Value/StringWithMarkup/16/Markup/0/Length,number,1
/Record/Section/6/Section/3/Information/4/Value/StringWithMarkup/16/Markup/0/Type,string,Superscript
/Record/Section/6/Section/3/Information/4/Value/StringWithMarkup/17/String,string,SF≈100%; IT ?
/Record/Section/6/Section/3/Information/4/Value/StringWithMarkup/18/String,string,ε=99.990±0.1%; α=0.010±0.1%
/Record/Section/6/Section/3/Information/4/Value/StringWithMarkup/19/String,string,SF≈100%; IT ?
/Record/Section/6/Section/3/Information/4/Value/StringWithMarkup/20/String,string,β+=100%; α≈1.9e-4±0.7%
/Record/Section/6/Section/3/Information/4/Value/StringWithMarkup/20/Markup/0/Start,number,1
/Record/Section/6/Section/3/Information/4/Value/StringWithMarkup/20/Markup/0/Length,number,1
/Record/Section/6/Section/3/Information/4/Value/StringWithMarkup/20/Markup/0/Type,string,Superscript
/Record/Section/6/Section/3/Information/4/Value/StringWithMarkup/21/String,string,SF≈100%; IT ?
/Record/Section/6/Section/3/Information/4/Value/StringWithMarkup/22/String,string,α=100%; SF=3.6e-10±0.9%
/Record/Section/6/Section/3/Information/4/Value/StringWithMarkup/23/String,string,SF=100%
/Record/Section/6/Section/3/Information/4/Value/StringWithMarkup/24/String,string,β-=82.7±0.3%; ε=17.3±0.3%
/Record/Section/6/Section/3/Information/4/Value/StringWithMarkup/24/Markup/0/Start,number,1
/Record/Section/6/Section/3/Information/4/Value/StringWithMarkup/24/Markup/0/Length,number,1
/Record/Section/6/Section/3/Information/4/Value/StringWithMarkup/24/Markup/0/Type,string,Superscript
/Record/Section/6/Section/3/Information/4/Value/StringWithMarkup/25/String,string,IT=99.55±0.2%; α=0.45±0.2%; SF<4.7e-9%
/Record/Section/6/Section/3/Information/4/Value/StringWithMarkup/26/String,string,SF≈100%; IT=?
/Record/Section/6/Section/3/Information/4/Value/StringWithMarkup/27/String,string,α=100%; SF=3.7e-9±0.9%
/Record/Section/6/Section/3/Information/4/Value/StringWithMarkup/28/String,string,SF≈100%; IT ?
/Record/Section/6/Section/3/Information/4/Value/StringWithMarkup/29/String,string,β-=100%
/Record/Section/6/Section/3/Information/4/Value/StringWithMarkup/29/Markup/0/Start,number,1
/Record/Section/6/Section/3/Information/4/Value/StringWithMarkup/29/Markup/0/Length,number,1
/Record/Section/6/Section/3/Information/4/Value/StringWithMarkup/29/Markup/0/Type,string,Superscript
/Record/Section/6/Section/3/Information/4/Value/StringWithMarkup/30/String,string,β-=99.9636±1.3%; ε=0.0364±1.3%
/Record/Section/6/Section/3/Information/4/Value/StringWithMarkup/30/Markup/0/Start,number,1
/Record/Section/6/Section/3/Information/4/Value/StringWithMarkup/30/Markup/0/Length,number,1
/Record/Section/6/Section/3/Information/4/Value/StringWithMarkup/30/Markup/0/Type,string,Superscript
/Record/Section/6/Section/3/Information/4/Value/StringWithMarkup/31/String,string,SF≈100%; IT ?
/Record/Section/6/Section/3/Information/4/Value/StringWithMarkup/32/String,string,SF≈100%; IT ?
/Record/Section/6/Section/3/Information/4/Value/StringWithMarkup/33/String,string,β-=100%
/Record/Section/6/Section/3/Information/4/Value/StringWithMarkup/33/Markup/0/Start,number,1
/Record/Section/6/Section/3/Information/4/Value/StringWithMarkup/33/Markup/0/Length,number,1
/Record/Section/6/Section/3/Information/4/Value/StringWithMarkup/33/Markup/0/Type,string,Superscript
/Record/Section/6/Section/3/Information/4/Value/StringWithMarkup/34/String,string,SF≈100%; IT ?
/Record/Section/6/Section/3/Information/4/Value/StringWithMarkup/35/String,string,β-=100%
/Record/Section/6/Section/3/Information/4/Value/StringWithMarkup/35/Markup/0/Start,number,1
/Record/Section/6/Section/3/Information/4/Value/StringWithMarkup/35/Markup/0/Length,number,1
/Record/Section/6/Section/3/Information/4/Value/StringWithMarkup/35/Markup/0/Type,string,Superscript
/Record/Section/6/Section/3/Information/4/Value/StringWithMarkup/36/String,string,β-≈100%; IT ?
/Record/Section/6/Section/3/Information/4/Value/StringWithMarkup/36/Markup/0/Start,number,1
/Record/Section/6/Section/3/Information/4/Value/StringWithMarkup/36/Markup/0/Length,number,1
/Record/Section/6/Section/3/Information/4/Value/StringWithMarkup/36/Markup/0/Type,string,Superscript
/Record/Section/6/Section/3/Information/4/Value/StringWithMarkup/37/String,string,SF≈100%; IT ?
/Record/Section/6/Section/3/Information/4/Value/StringWithMarkup/38/String,string,β-=100%
/Record/Section/6/Section/3/Information/4/Value/StringWithMarkup/38/Markup/0/Start,number,1
/Record/Section/6/Section/3/Information/4/Value/StringWithMarkup/38/Markup/0/Length,number,1
/Record/Section/6/Section/3/Information/4/Value/StringWithMarkup/38/Markup/0/Type,string,Superscript
/Record/Section/6/Section/3/Information/4/Value/StringWithMarkup/39/String,string,β- ?
/Record/Section/6/Section/3/Information/4/Value/StringWithMarkup/39/Markup/0/Start,number,1
/Record/Section/6/Section/3/Information/4/Value/StringWithMarkup/39/Markup/0/Length,number,1
/Record/Section/6/Section/3/Information/4/Value/StringWithMarkup/39/Markup/0/Type,string,Superscript
/Record/Section/6/Section/3/Information/4/Value/StringWithMarkup/40/String,string,β- ?
/Record/Section/6/Section/3/Information/4/Value/StringWithMarkup/40/Markup/0/Start,number,1
/Record/Section/6/Section/3/Information/4/Value/StringWithMarkup/40/Markup/0/Length,number,1
/Record/Section/6/Section/3/Information/4/Value/StringWithMarkup/40/Markup/0/Type,string,Superscript
/Record/Reference/0/ReferenceNumber,number,1
/Record/Reference/0/SourceName,string,PubChem
/Record/Reference/0/SourceID,string,PubChem
/Record/Reference/0/Description,string,Data deposited in or computed by PubChem
/Record/Reference/0/URL,string,https://pubchem.ncbi.nlm.nih.gov
/Record/Reference/1/ReferenceNumber,number,2
/Record/Reference/1/SourceName,string,"Atomic Mass Data Center (AMDC), International Atomic Energy Agency (IAEA)"
/Record/Reference/1/SourceID,string,e95
/Record/Reference/1/Name,string,Am
/Record/Reference/1/Description,string,The half-life and atomic mass data was provided by the Atomic Mass Data Center at the International Atomic Energy Agency.
/Record/Reference/1/URL,string,https://www-nds.iaea.org/amdc/
/Record/Reference/1/LicenseURL,string,https://www-nds.iaea.org/disclaimer.html
/Record/Reference/1/ANID,number,6590322
/Record/Reference/2/ReferenceNumber,number,3
/Record/Reference/2/SourceName,string,IUPAC Commission on Isotopic Abundances and Atomic Weights (CIAAW)
/Record/Reference/2/SourceID,string,a95
/Record/Reference/2/Name,string,Americium
/Record/Reference/2/Description,string,Element data are cited from the Atomic weights of the elements (an IUPAC Technical Report). The IUPAC periodic table of elements can be found at https://iupac.org/what-we-do/periodic-table-of-elements/. Additional information can be found within IUPAC publication doi:10.1515/pac-2015-0703 Copyright © 2020 International Union of Pure and Applied Chemistry.
/Record/Reference/2/URL,string,https://www.ciaaw.org/
/Record/Reference/2/LicenseURL,string,http://www.ciaaw.org/bylaws.htm
/Record/Reference/2/ANID,number,2292476
/Record/Reference/3/ReferenceNumber,number,4
/Record/Reference/3/SourceName,string,IUPAC Periodic Table of the Elements and Isotopes (IPTEI)
/Record/Reference/3/SourceID,string,p95
/Record/Reference/3/Description,string,"The information are cited from Pure Appl. Chem. 2018; 90(12): 1833-2092, https://doi.org/10.1515/pac-2015-0703."
/Record/Reference/3/URL,string,https://doi.org/10.1515/pac-2015-0703
/Record/Reference/3/LicenseNote,string,"Copyright (c) 2020 International Union of Pure and Applied Chemistry.

The International Union of Pure and Applied Chemistry (IUPAC) contribution within Pubchem is provided under a CC-BY-NC-ND 4.0 license, unless otherwise stated."
/Record/Reference/3/LicenseURL,string,https://creativecommons.org/licenses/by-nc-nd/4.0/
/Record/Reference/3/ANID,number,13296500
/Record/Reference/4/ReferenceNumber,number,6
/Record/Reference/4/SourceName,string,"Los Alamos National Laboratory, U.S. Department of Energy"
/Record/Reference/4/SourceID,string,lanl95
/Record/Reference/4/Name,string,Americium
/Record/Reference/4/Description,string,"The periodic table at the LANL (Los Alamos National Laboratory) contains basic element information together with the history, source, properties, use, handling and more. The provenance data may be found from the link under the source name."
/Record/Reference/4/URL,string,https://periodic.lanl.gov/95.shtml
/Record/Reference/4/ANID,number,507275
/Record/Reference/5/ReferenceNumber,number,5
/Record/Reference/5/SourceName,string,"Jefferson Lab, U.S. Department of Energy"
/Record/Reference/5/SourceID,string,jlab95
/Record/Reference/5/Name,string,Americium
/Record/Reference/5/Description,string,"Thomas Jefferson National Accelerator Facility (Jefferson Lab) is one of 17 national laboratories funded by the U.S. Department of Energy. The lab's primary mission is to conduct basic research of the atom's nucleus using the lab's unique particle accelerator, known as the Continuous Electron Beam Accelerator Facility (CEBAF). For more information visit https://www.jlab.org/"
/Record/Reference/5/URL,string,https://education.jlab.org/itselemental/ele095.html
/Record/Reference/5/LicenseNote,string,Please see citation and linking information: https://education.jlab.org/faq/index.html
/Record/Reference/5/LicenseURL,string,https://www.jlab.org/privacy-and-security-notice
/Record/Reference/5/ANID,number,507157
/Record/Reference/6/ReferenceNumber,number,7
/Record/Reference/6/SourceName,string,NIST Physical Measurement Laboratory
/Record/Reference/6/SourceID,string,e95
/Record/Reference/6/Name,string,Americium
/Record/Reference/6/Description,string,"The periodic table contains NIST's critically-evaluated data on atomic properties of the elements. The provenance data that include data for atomic spectroscopy, X-ray and gamma ray, radiation dosimetry, nuclear physics, and condensed matter physics may be found from the link under the source name. Ref: https://www.nist.gov/pml/atomic-spectra-database"
/Record/Reference/6/URL,string,https://physics.nist.gov/cgi-bin/Elements/elInfo.pl?element=95
/Record/Reference/6/LicenseURL,string,https://www.nist.gov/pml/database-disclaimer
/Record/Reference/6/ANID,number,2292712
/Record/Reference/7/ReferenceNumber,number,9
/Record/Reference/7/SourceName,string,PubChem Elements
/Record/Reference/7/SourceID,string,ep_95
/Record/Reference/7/Name,string,Americium
/Record/Reference/7/Description,string,The element property data was retrieved from publications.
/Record/Reference/7/LicenseURL,string,https://www.nlm.nih.gov/copyright.html
/Record/Reference/7/ANID,number,24834226
/Record/Reference/8/ReferenceNumber,number,8
/Record/Reference/8/SourceName,string,PubChem Elements
/Record/Reference/8/SourceID,string,ef_95
/Record/Reference/8/Name,string,Americium
/Record/Reference/8/Description,string,This section provides all form of data related to element Americium.
/Record/Reference/8/LicenseURL,string,https://www.nlm.nih.gov/copyright.html
/Record/Reference/8/ANID,number,24834023
