path,type,value
/Record/RecordType,string,AtomicNumber
/Record/RecordNumber,number,85
/Record/RecordTitle,string,Astatine
/Record/Section/0/TOCHeading,string,Identifiers
/Record/Section/0/Description,string,"Identifiers for this element, including element name, element symbol, InChI string, and InChIKey."
/Record/Section/0/Section/0/TOCHeading,string,Element Name
/Record/Section/0/Section/0/Description,string,"The formal, standard name for a given element, originating from factors such as common usage and the person or place involved in its discovery. Element, also called chemical element, refers to a species of atom; all varieties of atoms with the same number of protons in the nucleus (but possibly a different number of neutrons) are considered to be the same element."
/Record/Section/0/Section/0/Information/0/ReferenceNumber,number,1
/Record/Section/0/Section/0/Information/0/Name,string,Element Name
/Record/Section/0/Section/0/Information/0/Value/StringWithMarkup/0/String,string,Astatine
/Record/Section/0/Section/0/Information/1/ReferenceNumber,number,3
/Record/Section/0/Section/0/Information/1/Name,string,Element Name
/Record/Section/0/Section/0/Information/1/Value/StringWithMarkup/0/String,string,Astatine
/Record/Section/0/Section/1/TOCHeading,string,Element Symbol
/Record/Section/0/Section/1/Description,string,"Element symbol, also called atomic symbol, typically consists of one or two letters from the Latin alphabet derived from the element name in one of several languages."
/Record/Section/0/Section/1/Information/0/ReferenceNumber,number,1
/Record/Section/0/Section/1/Information/0/Name,string,Element Symbol
/Record/Section/0/Section/1/Information/0/Value/StringWithMarkup/0/String,string,At
/Record/Section/0/Section/1/Information/1/ReferenceNumber,number,3
/Record/Section/0/Section/1/Information/1/Name,string,Element Symbol
/Record/Section/0/Section/1/Information/1/Value/StringWithMarkup/0/String,string,At
/Record/Section/0/Section/2/TOCHeading,string,InChI
/Record/Section/0/Section/2/Description,string,"The International Chemical Identifier (InChI) is a computed, non-proprietary identifier for a chemical structure.  The InChI is an International Union of Pure and Applied Chemistry (IUPAC) standard."
/Record/Section/0/Section/2/URL,string,https://iupac.org/who-we-are/divisions/division-details/inchi/
/Record/Section/0/Section/2/Information/0/ReferenceNumber,number,1
/Record/Section/0/Section/2/Information/0/Name,string,InChI
/Record/Section/0/Section/2/Information/0/Value/StringWithMarkup/0/String,string,InChI=1S/At
/Record/Section/0/Section/3/TOCHeading,string,InChIKey
/Record/Section/0/Section/3/Description,string,"An InChIKey is a 27-character hashed code derived from an InChI.  The International Chemical Identifier (InChI) is a computed, non-proprietary identifier for a chemical structure.  The InChI is an International Union of Pure and Applied Chemistry (IUPAC) standard."
/Record/Section/0/Section/3/URL,string,https://iupac.org/who-we-are/divisions/division-details/inchi/
/Record/Section/0/Section/3/Information/0/ReferenceNumber,number,1
/Record/Section/0/Section/3/Information/0/Name,string,InChIKey
/Record/Section/0/Section/3/Information/0/Value/StringWithMarkup/0/String,string,RYXHOMYVWAEKHL-UHFFFAOYSA-N
/Record/Section/1/TOCHeading,string,Properties
/Record/Section/1/Description,string,"Characteristics of this element, such as atomic number, atomic mass, density, melting point, boiling point and so on."
/Record/Section/1/Section/0/TOCHeading,string,Atomic Weight
/Record/Section/1/Section/0/Description,string,"Also called relative atomic mass, is the ratio of the average mass of the atom to the unified atomic mass unit, defined as one twelfth of the mass of a carbon-12 atom in its ground state and used to express masses of atomic particles, u=1.660 5402(10) * 10**(-27) kg. The Standard atomic weights refer to recommended values of relative atomic masses of the elements revised biennially by the IUPAC Commission on Atomic Weights and Isotopic Abundances and applicable to elements in any normal sample with a high level of confidence. The number in the parenthesis refers to an uncertainty when exists. The unit of atomic weight is the dalton or unified atomic mass unit (symbol: Da or u)."
/Record/Section/1/Section/0/Information/0/ReferenceNumber,number,5
/Record/Section/1/Section/0/Information/0/Value/StringWithMarkup/0/String,string,210
/Record/Section/1/Section/0/Information/1/ReferenceNumber,number,6
/Record/Section/1/Section/0/Information/1/Value/StringWithMarkup/0/String,string,210
/Record/Section/1/Section/0/Information/2/ReferenceNumber,number,7
/Record/Section/1/Section/0/Information/2/Value/StringWithMarkup/0/String,string,[210]
/Record/Section/1/Section/1/TOCHeading,string,Electron Configuration
/Record/Section/1/Section/1/Description,string,"The electron configuration refers a distribution of the electrons of an atom or a molecular entity over a set of one-electron wavefunctions (called orbitals), according to the Pauli principle. From one configuration several states with different multiplicities may result."
/Record/Section/1/Section/1/URL,string,https://chem.libretexts.org/Courses/Sacramento_City_College/SCC%3A_Chem_420_-_Organic_Chemistry_I/Text/01%3A_Introduction_and_Review/1.04%3A_Electron_Configurations
/Record/Section/1/Section/1/Information/0/ReferenceNumber,number,6
/Record/Section/1/Section/1/Information/0/Value/StringWithMarkup/0/String,string,[Xe]6s24f145d106p5
/Record/Section/1/Section/1/Information/0/Value/StringWithMarkup/0/Markup/0/Start,number,6
/Record/Section/1/Section/1/Information/0/Value/StringWithMarkup/0/Markup/0/Length,number,1
/Record/Section/1/Section/1/Information/0/Value/StringWithMarkup/0/Markup/0/Type,string,Superscript
/Record/Section/1/Section/1/Information/0/Value/StringWithMarkup/0/Markup/1/Start,number,9
/Record/Section/1/Section/1/Information/0/Value/StringWithMarkup/0/Markup/1/Length,number,2
/Record/Section/1/Section/1/Information/0/Value/StringWithMarkup/0/Markup/1/Type,string,Superscript
/Record/Section/1/Section/1/Information/0/Value/StringWithMarkup/0/Markup/2/Start,number,13
/Record/Section/1/Section/1/Information/0/Value/StringWithMarkup/0/Markup/2/Length,number,2
/Record/Section/1/Section/1/Information/0/Value/StringWithMarkup/0/Markup/2/Type,string,Superscript
/Record/Section/1/Section/1/Information/0/Value/StringWithMarkup/0/Markup/3/Start,number,17
/Record/Section/1/Section/1/Information/0/Value/StringWithMarkup/0/Markup/3/Length,number,1
/Record/Section/1/Section/1/Information/0/Value/StringWithMarkup/0/Markup/3/Type,string,Superscript
/Record/Section/1/Section/2/TOCHeading,string,Atomic Radius
/Record/Section/1/Section/2/Description,string,"The atomic radius of a chemical element is a measure of the size of its atom, usually, the distance from the center of the nucleus to the outermost isolated electron.  Because an atom does not have a discrete boundary, there are various non-equivalent definitions of atomic radius, such as Van der Waals radius and covalent radius."
/Record/Section/1/Section/2/Information/0/ReferenceNumber,number,6
/Record/Section/1/Section/2/Information/0/Name,string,Van der Waals Atomic Radius
/Record/Section/1/Section/2/Information/0/Value/StringWithMarkup/0/String,string,202 pm (Van der Waals)
/Record/Section/1/Section/2/Information/1/ReferenceNumber,number,9
/Record/Section/1/Section/2/Information/1/Name,string,Covalent Atomic Radius
/Record/Section/1/Section/2/Information/1/Reference/0,string,"B. Cordero, V. Gómez, A.E. Platero-Prats, M. Revés, J. Echeverría, E. Cremades, F. Barragán, S. Alvarez, Dalton Trans. 2008, 21, 2832-2838. DOI:10.1039/b801115j PMID:18478144."
/Record/Section/1/Section/2/Information/1/ExtendedReference/0/Citation,string,"B. Cordero, V. Gómez, A.E. Platero-Prats, M. Revés, J. Echeverría, E. Cremades, F. Barragán, S. Alvarez, Dalton Trans. 2008, 21, 2832-2838. DOI:10.1039/b801115j PMID:18478144."
/Record/Section/1/Section/2/Information/1/Value/StringWithMarkup/0/String,string,150 pm (Covalent)
/Record/Section/1/Section/3/TOCHeading,string,Oxidation States
/Record/Section/1/Section/3/Description,string,"The oxidation state(s) that this element commonly has in a compound.  The oxidation state of an atom is defined as the hypothetical charge that would be held by that atom if all of its bonds to other atoms were completely ionic in nature. For example, the oxidation state of carbon in CO2 would be +4 since the hypothetical charge held by the carbon atom if both of the carbon-oxygen double bonds were completely ionic would be equal to +4 (each oxygen atom would hold a charge of -2 since oxygen is more electronegative than carbon)."
/Record/Section/1/Section/3/URL,string,https://chem.libretexts.org/Bookshelves/General_Chemistry/Map%3A_Chemistry_-_The_Central_Science_(Brown_et_al.)/20%3A_Electrochemistry/20.01%3A_Oxidation_States_and_Redox_Reactions
/Record/Section/1/Section/3/Information/0/ReferenceNumber,number,6
/Record/Section/1/Section/3/Information/0/Value/StringWithMarkup/0/String,string,"7, 5, 3, 1, -1"
/Record/Section/1/Section/4/TOCHeading,string,Ground Level
/Record/Section/1/Section/4/Description,string,Also called ground-state level. The ground state electron configuration is the arrangement of electrons around the nucleus of an atom with lower energy levels.
/Record/Section/1/Section/4/Information/0/ReferenceNumber,number,7
/Record/Section/1/Section/4/Information/0/Value/StringWithMarkup/0/String,string,2P°3/2
/Record/Section/1/Section/4/Information/0/Value/StringWithMarkup/0/Markup/0/Start,number,0
/Record/Section/1/Section/4/Information/0/Value/StringWithMarkup/0/Markup/0/Length,number,1
/Record/Section/1/Section/4/Information/0/Value/StringWithMarkup/0/Markup/0/Type,string,Superscript
/Record/Section/1/Section/4/Information/0/Value/StringWithMarkup/0/Markup/1/Start,number,3
/Record/Section/1/Section/4/Information/0/Value/StringWithMarkup/0/Markup/1/Length,number,3
/Record/Section/1/Section/4/Information/0/Value/StringWithMarkup/0/Markup/1/Type,string,Subscript
/Record/Section/1/Section/5/TOCHeading,string,Ionization Energy
/Record/Section/1/Section/5/Description,string,"Ionization energy, also called ionization potential, is the amount of energy required to remove an electron from an isolated atom or molecule."
/Record/Section/1/Section/5/URL,string,https://www.britannica.com/science/ionization-energy
/Record/Section/1/Section/5/Information/0/ReferenceNumber,number,5
/Record/Section/1/Section/5/Information/0/Value/StringWithMarkup/0/String,string,9.5 eV
/Record/Section/1/Section/5/Information/1/ReferenceNumber,number,7
/Record/Section/1/Section/5/Information/1/Reference/0,string,"Measurement of the First Ionization Potential of Astatine by Laser Ionization Spectroscopy, S. Rothe, A. N. Andreyev, S. Antalic, A. Borschevsky, L. Capponi, T. E. Cocolios, H. De Witte, E. Eliav, D. V. Fedorov, V. N. Fedosseev, D. A. Fink, S. Fritzsche, L. Ghys, M. Huyse, M. Imai, U. Kaldor, Yu. Kudryavtsev, U. Köster, J. F. W. Lane, J. Lassen, V. Liberati, K. M. Lynch, B. A. Marsh, K. Nishio, D. Pauwels, V. Pershina, L. Popescu, T. J. Procter, D. Radulov, S. Raeder, M. M. Rajabali, E. Rapisarda, R. E. Rossel, K. Sandhu, M. D. Seliverstov, A. M. Sjödin, P. Van den Bergh, P. Van Duppen, M. Venhart, Y. Wakabayashi, and K. D. A. Wendt, Nature Comm. 4, 1835 (2013) DOI:10.1038/ncomms2819"
/Record/Section/1/Section/5/Information/1/ExtendedReference/0/Citation,string,"Measurement of the First Ionization Potential of Astatine by Laser Ionization Spectroscopy, S. Rothe, A. N. Andreyev, S. Antalic, A. Borschevsky, L. Capponi, T. E. Cocolios, H. De Witte, E. Eliav, D. V. Fedorov, V. N. Fedosseev, D. A. Fink, S. Fritzsche, L. Ghys, M. Huyse, M. Imai, U. Kaldor, Yu. Kudryavtsev, U. Köster, J. F. W. Lane, J. Lassen, V. Liberati, K. M. Lynch, B. A. Marsh, K. Nishio, D. Pauwels, V. Pershina, L. Popescu, T. J. Procter, D. Radulov, S. Raeder, M. M. Rajabali, E. Rapisarda, R. E. Rossel, K. Sandhu, M. D. Seliverstov, A. M. Sjödin, P. Van den Bergh, P. Van Duppen, M. Venhart, Y. Wakabayashi, and K. D. A. Wendt, Nature Comm. 4, 1835 (2013) DOI:10.1038/ncomms2819"
/Record/Section/1/Section/5/Information/1/Value/StringWithMarkup/0/String,string,9.31751 ± 0.00008 eV
/Record/Section/1/Section/6/TOCHeading,string,Electronegativity
/Record/Section/1/Section/6/Description,string,Electronegativity is a measure of the tendency of an atom to attract a bonding pair of electrons.
/Record/Section/1/Section/6/URL,string,https://chem.libretexts.org/Bookshelves/Physical_and_Theoretical_Chemistry_Textbook_Maps/Supplemental_Modules_(Physical_and_Theoretical_Chemistry)/Physical_Properties_of_Matter/Atomic_and_Molecular_Properties/Electronegativity
/Record/Section/1/Section/6/Information/0/ReferenceNumber,number,9
/Record/Section/1/Section/6/Information/0/Name,string,Pauling Scale Electronegativity
/Record/Section/1/Section/6/Information/0/Reference/0,string,"A.L. Allred, J. Inorg. Nucl. Chem., 1961, 17(3-4), 215-221. DOI:10.1016/0022-1902(61)80142-5"
/Record/Section/1/Section/6/Information/0/ExtendedReference/0/Citation,string,"A.L. Allred, J. Inorg. Nucl. Chem., 1961, 17(3-4), 215-221. DOI:10.1016/0022-1902(61)80142-5"
/Record/Section/1/Section/6/Information/0/Value/Number/0,number,2.2
/Record/Section/1/Section/6/Information/0/Value/Unit,string,(Pauling Scale)
/Record/Section/1/Section/6/Information/1/ReferenceNumber,number,9
/Record/Section/1/Section/6/Information/1/Name,string,Allen Scale Electronegativity
/Record/Section/1/Section/6/Information/1/Reference/0,string,"L.C. Allen, J. Am. Chem. Soc., 1989, 111, 9003. DOI:10.1021/ja00207a003"
/Record/Section/1/Section/6/Information/1/Reference/1,string,"J.B. Mann, T.L. Meek and L.C. Allen, J. Am. Chem. Soc., 2000, 122, 2780. DOI:10.1021/ja992866e"
/Record/Section/1/Section/6/Information/1/Reference/2,string,"J.B. Mann, T.L. Meek, E.T. Knight, J.F. Capitani and L.C Allen, J. Am. Chem. Soc., 2000, 122, 5132. DOI:10.1021/ja9928677"
/Record/Section/1/Section/6/Information/1/ExtendedReference/0/Citation,string,"L.C. Allen, J. Am. Chem. Soc., 1989, 111, 9003. DOI:10.1021/ja00207a003"
/Record/Section/1/Section/6/Information/1/ExtendedReference/1/Citation,string,"J.B. Mann, T.L. Meek and L.C. Allen, J. Am. Chem. Soc., 2000, 122, 2780. DOI:10.1021/ja992866e"
/Record/Section/1/Section/6/Information/1/ExtendedReference/2/Citation,string,"J.B. Mann, T.L. Meek, E.T. Knight, J.F. Capitani and L.C Allen, J. Am. Chem. Soc., 2000, 122, 5132. DOI:10.1021/ja9928677"
/Record/Section/1/Section/6/Information/1/Value/Number/0,number,2.39
/Record/Section/1/Section/6/Information/1/Value/Unit,string,(Allen Scale)
/Record/Section/1/Section/7/TOCHeading,string,Electron Affinity
/Record/Section/1/Section/7/Description,string,"Electron affinity refers to the energy released when an additional electron is attached to a neutral atom to form a singly charged negative ion.  Alternatively, it can also be defined as the energy required to detach an electron from the singly charged negative ion."
/Record/Section/1/Section/7/URL,string,https://chem.libretexts.org/Bookshelves/Physical_and_Theoretical_Chemistry_Textbook_Maps/Supplemental_Modules_(Physical_and_Theoretical_Chemistry)/Physical_Properties_of_Matter/Atomic_and_Molecular_Properties/Electron_Affinity
/Record/Section/1/Section/7/Information/0/ReferenceNumber,number,9
/Record/Section/1/Section/7/Information/0/Reference/0,string,"R.T Myers, J. Chem. Edu., 1990, 67(4), 307. DOI:10.1021/ed067p307"
/Record/Section/1/Section/7/Information/0/ExtendedReference/0/Citation,string,"R.T Myers, J. Chem. Edu., 1990, 67(4), 307. DOI:10.1021/ed067p307"
/Record/Section/1/Section/7/Information/0/Value/Number/0,number,2.8
/Record/Section/1/Section/7/Information/0/Value/Unit,string,eV
/Record/Section/1/Section/7/Information/1/ReferenceNumber,number,9
/Record/Section/1/Section/7/Information/1/Reference/0,string,"R.J. Zollweg, J. Chem. Phys., 1969, 50, 4251. DOI:10.1063/1.1670890"
/Record/Section/1/Section/7/Information/1/ExtendedReference/0/Citation,string,"R.J. Zollweg, J. Chem. Phys., 1969, 50, 4251. DOI:10.1063/1.1670890"
/Record/Section/1/Section/7/Information/1/Value/Number/0,number,2.8
/Record/Section/1/Section/7/Information/1/Value/Unit,string,eV
/Record/Section/1/Section/8/TOCHeading,string,Atomic Spectra
/Record/Section/1/Section/8/Description,string,The spectrum of the electromagnetic radiation emitted or absorbed by an electron during transitions between different energy levels within an atom.
/Record/Section/1/Section/8/Information/0/ReferenceNumber,number,7
/Record/Section/1/Section/8/Information/0/URL,string,https://physics.nist.gov/cgi-bin/ASD/lines_hold.pl?el=At
/Record/Section/1/Section/8/Information/0/Value/StringWithMarkup/0/String,string,Lines Holdings
/Record/Section/1/Section/8/Information/1/ReferenceNumber,number,7
/Record/Section/1/Section/8/Information/1/URL,string,https://physics.nist.gov/cgi-bin/ASD/levels_hold.pl?el=At
/Record/Section/1/Section/8/Information/1/Value/StringWithMarkup/0/String,string,Levels Holdings
/Record/Section/1/Section/9/TOCHeading,string,Physical Description
/Record/Section/1/Section/9/Description,string,"The appearance or features of this element, including color, odor, state, taste and more in general."
/Record/Section/1/Section/9/Information/0/ReferenceNumber,number,5
/Record/Section/1/Section/9/Information/0/Value/StringWithMarkup/0/String,string,Solid
/Record/Section/1/Section/10/TOCHeading,string,Element Classification
/Record/Section/1/Section/10/Description,string,"Classification according to the element's chemical and physical properties, and location within the periodic table."
/Record/Section/1/Section/10/Information/0/ReferenceNumber,number,5
/Record/Section/1/Section/10/Information/0/Value/StringWithMarkup/0/String,string,Semi-metal
/Record/Section/1/Section/11/TOCHeading,string,Element Period Number
/Record/Section/1/Section/11/Description,string,The element period number refers to a horizontal row of the periodic table. The periodic table has 7 periods.
/Record/Section/1/Section/11/Information/0/ReferenceNumber,number,5
/Record/Section/1/Section/11/Information/0/Value/StringWithMarkup/0/String,string,6
/Record/Section/1/Section/12/TOCHeading,string,Element Group Number
/Record/Section/1/Section/12/Description,string,Element group refers to a set of chemical elements in the same vertical column of the periodic table
/Record/Section/1/Section/12/Information/0/ReferenceNumber,number,5
/Record/Section/1/Section/12/Information/0/Value/StringWithMarkup/0/String,string,17 - Halogen
/Record/Section/1/Section/13/TOCHeading,string,Density
/Record/Section/1/Section/13/Description,string,This section provides information on the density of an element. It is the mass of a unit volume of the element and commonly expressed in units of kg/m3 or g/cm3.
/Record/Section/1/Section/13/URL,string,https://chem.libretexts.org/Bookshelves/Introductory_Chemistry/Map%3A_Fundamentals_of_General_Organic_and_Biological_Chemistry_(McMurry_et_al.)/01%3A_Matter_and_Measurements/1.12%3A_Density_and_Specific_Gravity
/Record/Section/1/Section/13/Information/0/ReferenceNumber,number,5
/Record/Section/1/Section/13/Information/0/Value/StringWithMarkup/0/String,string,about 7 grams per cubic centimeter
/Record/Section/1/Section/14/TOCHeading,string,Melting Point
/Record/Section/1/Section/14/Description,string,"This section provides the melting point and/or freezing point. The melting point is the temperature at which a substance changes state from solid to liquid at atmospheric pressure. When considered as the temperature of the reverse change (from liquid to solid), it is referred to as the freezing point."
/Record/Section/1/Section/14/URL,string,https://chem.libretexts.org/Bookshelves/Organic_Chemistry/Organic_Chemistry_Lab_Techniques_(Nichols)/06%3A_Miscellaneous_Techniques/6.01%3A_Melting_Point
/Record/Section/1/Section/14/Information/0/ReferenceNumber,number,5
/Record/Section/1/Section/14/Information/0/Value/StringWithMarkup/0/String,string,575 K (302°C or 576°F)
/Record/Section/1/Section/14/Information/1/ReferenceNumber,number,6
/Record/Section/1/Section/14/Information/1/Value/StringWithMarkup/0/String,string,302°C
/Record/Section/1/Section/15/TOCHeading,string,Boiling Point
/Record/Section/1/Section/15/Description,string,The temperature at which this element changes state from liquid to gas at a given atmospheric pressure.
/Record/Section/1/Section/15/URL,string,https://chem.libretexts.org/Bookshelves/Organic_Chemistry/Organic_Chemistry_Lab_Techniques_(Nichols)/06%3A_Miscellaneous_Techniques/6.02%3A_Boiling_Point
/Record/Section/1/Section/15/Information/0/ReferenceNumber,number,6
/Record/Section/1/Section/15/Information/0/Value/StringWithMarkup/0/String,string,337°C
/Record/Section/1/Section/16/TOCHeading,string,Estimated Crustal Abundance
/Record/Section/1/Section/16/Description,string,The estimated element abundance in the earth's crust.
/Record/Section/1/Section/16/Information/0/ReferenceNumber,number,5
/Record/Section/1/Section/16/Information/0/Value/StringWithMarkup/0/String,string,Not Applicable
/Record/Section/1/Section/17/TOCHeading,string,Estimated Oceanic Abundance
/Record/Section/1/Section/17/Description,string,The estimated element abundance in the earth's oceans.
/Record/Section/1/Section/17/Information/0/ReferenceNumber,number,5
/Record/Section/1/Section/17/Information/0/Value/StringWithMarkup/0/String,string,Not Applicable
/Record/Section/2/TOCHeading,string,History
/Record/Section/2/Description,string,The history of the discovery and use of this element.
/Record/Section/2/Information/0/ReferenceNumber,number,5
/Record/Section/2/Information/0/Value/StringWithMarkup/0/String,string,"Astatine was produced by Dale R. Carson, K.R. MacKenzie and Emilio Segrè by bombarding an isotope of bismuth, bismuth-209, with alpha particles that had been accelerated in a device called a cyclotron. This created astatine-211 and two free neutrons. This work was conducted at the University of California in 1940. Small amounts of astatine exist in nature as a result of the decay of uranium and thorium, although the total amount of astatine in the earth's crust at any particular time is less than 30 grams. Due to its scarcity, astatine is produced when it is needed. A total of 0.05 micrograms (0.00000005 grams) of astatine have been produced to date."
/Record/Section/2/Information/0/Value/StringWithMarkup/1/String,string,"Astatine's most stable isotope, astatine-210, has a half-life of 8.1 hours. It decays into bismuth-206 through alpha decay or into polonium-210 through electron capture."
/Record/Section/2/Information/1/ReferenceNumber,number,6
/Record/Section/2/Information/1/Value/StringWithMarkup/0/String,string,"From the Greek astatos meaning unstable. Synthesized in 1940 by D.R. Corson, K.R. MacKenzie, and E. Segre at the University of California by bombarding bismuth with alpha particles. The longest-lived isotopes, with naturally occurring uranium and thorium isotopes, and traces of 217At are equilibrium with 233U and 239Np resulting from integration of thorium and uranium with naturally produced neutrons. The total amount of astatine present in the earth's crust, however, is less than 1 oz."
/Record/Section/2/Information/1/Value/StringWithMarkup/0/Markup/0/Start,number,279
/Record/Section/2/Information/1/Value/StringWithMarkup/0/Markup/0/Length,number,3
/Record/Section/2/Information/1/Value/StringWithMarkup/0/Markup/0/Type,string,Superscript
/Record/Section/2/Information/1/Value/StringWithMarkup/0/Markup/1/Start,number,306
/Record/Section/2/Information/1/Value/StringWithMarkup/0/Markup/1/Length,number,3
/Record/Section/2/Information/1/Value/StringWithMarkup/0/Markup/1/Type,string,Superscript
/Record/Section/2/Information/1/Value/StringWithMarkup/0/Markup/2/Start,number,315
/Record/Section/2/Information/1/Value/StringWithMarkup/0/Markup/2/Length,number,3
/Record/Section/2/Information/1/Value/StringWithMarkup/0/Markup/2/Type,string,Superscript
/Record/Section/3/TOCHeading,string,Description
/Record/Section/3/Description,string,"A short description of this element, provided by authoritative sources."
/Record/Section/3/Information/0/ReferenceNumber,number,6
/Record/Section/3/Information/0/Value/StringWithMarkup/0/String,string,"The ""time of flight"" mass spectrometer has been used to confirm that this highly radioactive halogen behaves chemically very much like other halogens, particularly iodine. Astatine is said to be more metallic than iodine, and, like iodine, it probably accumulates in the thyroid gland. Workers at the Brookhaven National Laboratory have recently used reactive scattering in crossed molecular beams to identify and measure elementary reactions involving astatine."
/Record/Section/4/TOCHeading,string,Uses
/Record/Section/4/Description,string,Uses of this element in industry and other fields.
/Record/Section/4/Information/0/ReferenceNumber,number,5
/Record/Section/4/Information/0/Value/StringWithMarkup/0/String,string,"Due to the small amounts produced and its short half-life, there are currently no uses for astatine outside of basic scientific research."
/Record/Section/5/TOCHeading,string,Production
/Record/Section/5/Description,string,Production of this element (from raw materials or other compounds containing the element).
/Record/Section/5/Information/0/ReferenceNumber,number,6
/Record/Section/5/Information/0/Value/StringWithMarkup/0/String,string,"Astatine can be produced by bombarding bismuth with energetic alpha particles to obtain the relatively long-lived 209-211At, which can be distilled from the target by heating in air."
/Record/Section/5/Information/0/Value/StringWithMarkup/0/Markup/0/Start,number,114
/Record/Section/5/Information/0/Value/StringWithMarkup/0/Markup/0/Length,number,7
/Record/Section/5/Information/0/Value/StringWithMarkup/0/Markup/0/Type,string,Superscript
/Record/Section/6/TOCHeading,string,Compounds
/Record/Section/6/Description,string,Compound records related to this element.
/Record/Section/6/Information/0/ReferenceNumber,number,8
/Record/Section/6/Information/0/Name,string,Compounds
/Record/Section/6/Information/0/URL,string,https://pubchem.ncbi.nlm.nih.gov/#query=Astatine
/Record/Section/6/Information/0/Value/StringWithMarkup/0/String,string,See more information at the Astatine compound page.
/Record/Section/6/Section/0/TOCHeading,string,Element Forms
/Record/Section/6/Section/0/Description,string,"Other forms of this element, including ions, isotopes, etc."
/Record/Section/6/Section/0/DisplayControls/CreateTable/FromInformationIn,string,ThisSection
/Record/Section/6/Section/0/DisplayControls/CreateTable/NumberOfColumns,number,5
/Record/Section/6/Section/0/DisplayControls/CreateTable/ColumnsFromNamedLists/Name/0,string,CID
/Record/Section/6/Section/0/DisplayControls/CreateTable/ColumnsFromNamedLists/Name/1,string,Name
/Record/Section/6/Section/0/DisplayControls/CreateTable/ColumnsFromNamedLists/Name/2,string,Formula
/Record/Section/6/Section/0/DisplayControls/CreateTable/ColumnsFromNamedLists/Name/3,string,SMILES
/Record/Section/6/Section/0/DisplayControls/CreateTable/ColumnsFromNamedLists/Name/4,string,Molecular Weight
/Record/Section/6/Section/0/DisplayControls/CreateTable/ColumnsFromNamedLists/UseNamesAsColumnHeadings,boolean,true
/Record/Section/6/Section/0/Information/0/ReferenceNumber,number,8
/Record/Section/6/Section/0/Information/0/Name,string,CID
/Record/Section/6/Section/0/Information/0/Value/StringWithMarkup/0/String,string,6337078
/Record/Section/6/Section/0/Information/0/Value/StringWithMarkup/0/Markup/0/Start,number,0
/Record/Section/6/Section/0/Information/0/Value/StringWithMarkup/0/Markup/0/Length,number,7
/Record/Section/6/Section/0/Information/0/Value/StringWithMarkup/0/Markup/0/URL,string,https://pubchem.ncbi.nlm.nih.gov/compound/6337078
/Record/Section/6/Section/0/Information/0/Value/StringWithMarkup/1/String,string,5460479
/Record/Section/6/Section/0/Information/0/Value/StringWithMarkup/1/Markup/0/Start,number,0
/Record/Section/6/Section/0/Information/0/Value/StringWithMarkup/1/Markup/0/Length,number,7
/Record/Section/6/Section/0/Information/0/Value/StringWithMarkup/1/Markup/0/URL,string,https://pubchem.ncbi.nlm.nih.gov/compound/5460479
/Record/Section/6/Section/0/Information/0/Value/StringWithMarkup/2/String,string,10443324
/Record/Section/6/Section/0/Information/0/Value/StringWithMarkup/2/Markup/0/Start,number,0
/Record/Section/6/Section/0/Information/0/Value/StringWithMarkup/2/Markup/0/Length,number,8
/Record/Section/6/Section/0/Information/0/Value/StringWithMarkup/2/Markup/0/URL,string,https://pubchem.ncbi.nlm.nih.gov/compound/10443324
/Record/Section/6/Section/0/Information/0/Value/StringWithMarkup/3/String,string,6337689
/Record/Section/6/Section/0/Information/0/Value/StringWithMarkup/3/Markup/0/Start,number,0
/Record/Section/6/Section/0/Information/0/Value/StringWithMarkup/3/Markup/0/Length,number,7
/Record/Section/6/Section/0/Information/0/Value/StringWithMarkup/3/Markup/0/URL,string,https://pubchem.ncbi.nlm.nih.gov/compound/6337689
/Record/Section/6/Section/0/Information/0/Value/StringWithMarkup/4/String,string,44154948
/Record/Section/6/Section/0/Information/0/Value/StringWithMarkup/4/Markup/0/Start,number,0
/Record/Section/6/Section/0/Information/0/Value/StringWithMarkup/4/Markup/0/Length,number,8
/Record/Section/6/Section/0/Information/0/Value/StringWithMarkup/4/Markup/0/URL,string,https://pubchem.ncbi.nlm.nih.gov/compound/44154948
/Record/Section/6/Section/0/Information/0/Value/StringWithMarkup/5/String,string,11458475
/Record/Section/6/Section/0/Information/0/Value/StringWithMarkup/5/Markup/0/Start,number,0
/Record/Section/6/Section/0/Information/0/Value/StringWithMarkup/5/Markup/0/Length,number,8
/Record/Section/6/Section/0/Information/0/Value/StringWithMarkup/5/Markup/0/URL,string,https://pubchem.ncbi.nlm.nih.gov/compound/11458475
/Record/Section/6/Section/0/Information/1/ReferenceNumber,number,8
/Record/Section/6/Section/0/Information/1/Name,string,Name
/Record/Section/6/Section/0/Information/1/Value/StringWithMarkup/0/String,string,astatine-211
/Record/Section/6/Section/0/Information/1/Value/StringWithMarkup/1/String,string,astatine
/Record/Section/6/Section/0/Information/1/Value/StringWithMarkup/2/String,string,astatine-217
/Record/Section/6/Section/0/Information/1/Value/StringWithMarkup/3/String,string,astatine-207
/Record/Section/6/Section/0/Information/1/Value/StringWithMarkup/4/String,string,astatine-218
/Record/Section/6/Section/0/Information/1/Value/StringWithMarkup/5/String,string,astatine-210
/Record/Section/6/Section/0/Information/2/ReferenceNumber,number,8
/Record/Section/6/Section/0/Information/2/Name,string,Formula
/Record/Section/6/Section/0/Information/2/Value/StringWithMarkup/0/String,string,At
/Record/Section/6/Section/0/Information/2/Value/StringWithMarkup/1/String,string,At
/Record/Section/6/Section/0/Information/2/Value/StringWithMarkup/2/String,string,At
/Record/Section/6/Section/0/Information/2/Value/StringWithMarkup/3/String,string,At
/Record/Section/6/Section/0/Information/2/Value/StringWithMarkup/4/String,string,At
/Record/Section/6/Section/0/Information/2/Value/StringWithMarkup/5/String,string,At
/Record/Section/6/Section/0/Information/3/ReferenceNumber,number,8
/Record/Section/6/Section/0/Information/3/Name,string,SMILES
/Record/Section/6/Section/0/Information/3/Value/StringWithMarkup/0/String,string,[211At]
/Record/Section/6/Section/0/Information/3/Value/StringWithMarkup/1/String,string,[At]
/Record/Section/6/Section/0/Information/3/Value/StringWithMarkup/2/String,string,[217At]
/Record/Section/6/Section/0/Information/3/Value/StringWithMarkup/3/String,string,[207At]
/Record/Section/6/Section/0/Information/3/Value/StringWithMarkup/4/String,string,[218At]
/Record/Section/6/Section/0/Information/3/Value/StringWithMarkup/5/String,string,[210At]
/Record/Section/6/Section/0/Information/4/ReferenceNumber,number,8
/Record/Section/6/Section/0/Information/4/Name,string,Molecular Weight
/Record/Section/6/Section/0/Information/4/Value/StringWithMarkup/0/String,string,210.98750
/Record/Section/6/Section/0/Information/4/Value/StringWithMarkup/1/String,string,209.98715
/Record/Section/6/Section/0/Information/4/Value/StringWithMarkup/2/String,string,217.00472
/Record/Section/6/Section/0/Information/4/Value/StringWithMarkup/3/String,string,206.9858
/Record/Section/6/Section/0/Information/4/Value/StringWithMarkup/4/String,string,218.0087
/Record/Section/6/Section/0/Information/4/Value/StringWithMarkup/5/String,string,209.98715
/Record/Section/7/TOCHeading,string,Isotopes
/Record/Section/7/Description,string,Isotopes are nuclides having the same atomic number but different mass numbers.  This section provides information on the isotopes of this element and their uses in various fields.
/Record/Section/7/URL,string,https://chem.libretexts.org/Courses/Furman_University/CHM101%3A_Chemistry_and_Global_Awareness_(Gordon)/03%3A_Atoms_and_the_Periodic_Table/3.05%3A_Isotopes
/Record/Section/7/Information/0/ReferenceNumber,number,5
/Record/Section/7/Information/0/Name,string,Stable Isotope Count
/Record/Section/7/Information/0/Value/StringWithMarkup/0/String,string,0
/Record/Section/7/Section/0/TOCHeading,string,Isotopes in Medicine
/Record/Section/7/Section/0/Description,string,Information on the use of this element's isotopes in medicine.
/Record/Section/7/Section/0/Information/0/ReferenceNumber,number,4
/Record/Section/7/Section/0/Information/0/Reference/0,string,"[565]  L. M. Cobb, A. Harrison, N. E. Dudley, T. E. F. Carr, J. A. Humphreys. Radiother. Oncol.13, 203 (1988)."
/Record/Section/7/Section/0/Information/0/Reference/1,string,"[566]  J. T. Gullon. “The preparation of metallocarborane and iodinated carborane amino acid analogues for molecular imaging and therapy”, S. dissertation, Dept. of Chemistry, McMaster University, Hamilton, Ontario, Canada (2010). http://hdl.handle.net/11375/9362."
/Record/Section/7/Section/0/Information/0/Reference/2,string,"[567]  National Cancer Institute, National Institutes of Health. Thyroid And Parathyroid Gland Anatomy (2012). https://visualsonline.cancer.gov/details.cfm?imageid=9268."
/Record/Section/7/Section/0/Information/0/ExtendedReference/0/Citation,string,"[565]  L. M. Cobb, A. Harrison, N. E. Dudley, T. E. F. Carr, J. A. Humphreys. Radiother. Oncol.13, 203 (1988)."
/Record/Section/7/Section/0/Information/0/ExtendedReference/1/Citation,string,"[566]  J. T. Gullon. “The preparation of metallocarborane and iodinated carborane amino acid analogues for molecular imaging and therapy”, S. dissertation, Dept. of Chemistry, McMaster University, Hamilton, Ontario, Canada (2010). http://hdl.handle.net/11375/9362."
/Record/Section/7/Section/0/Information/0/ExtendedReference/2/Citation,string,"[567]  National Cancer Institute, National Institutes of Health. Thyroid And Parathyroid Gland Anatomy (2012). https://visualsonline.cancer.gov/details.cfm?imageid=9268."
/Record/Section/7/Section/0/Information/0/Value/StringWithMarkup/0/String,string,"211At (with a half-life of 7.2 h) is known to accumulate in the thyroid and occasionally is the preferred treatment for hyperthyroidism and thyroid cancer because the particles emitted from 211At provide more energy than radiolabeled iodine, the other treatment method (Fig. IUPAC.85.1). However, astatine has shown a tendency to induce tumors, so its use is limited [565]. The 211At-labeled di-carborane (cluster of boron, carbon, and hydrogen atoms) ligand known as the Venus Flytrap Cluster (VFC) has been used as a robust pharmaceutical in radiotherapy treatment [566]."
/Record/Section/7/Section/0/Information/0/Value/StringWithMarkup/0/Markup/0/Start,number,0
/Record/Section/7/Section/0/Information/0/Value/StringWithMarkup/0/Markup/0/Length,number,3
/Record/Section/7/Section/0/Information/0/Value/StringWithMarkup/0/Markup/0/Type,string,Superscript
/Record/Section/7/Section/0/Information/0/Value/StringWithMarkup/0/Markup/1/Start,number,190
/Record/Section/7/Section/0/Information/0/Value/StringWithMarkup/0/Markup/1/Length,number,3
/Record/Section/7/Section/0/Information/0/Value/StringWithMarkup/0/Markup/1/Type,string,Superscript
/Record/Section/7/Section/0/Information/0/Value/StringWithMarkup/0/Markup/2/Start,number,378
/Record/Section/7/Section/0/Information/0/Value/StringWithMarkup/0/Markup/2/Length,number,3
/Record/Section/7/Section/0/Information/0/Value/StringWithMarkup/0/Markup/2/Type,string,Superscript
/Record/Section/7/Section/0/Information/0/Value/StringWithMarkup/1/String,string,          
/Record/Section/7/Section/0/Information/0/Value/StringWithMarkup/1/Markup/0/Start,number,0
/Record/Section/7/Section/0/Information/0/Value/StringWithMarkup/1/Markup/0/Length,number,1
/Record/Section/7/Section/0/Information/0/Value/StringWithMarkup/1/Markup/0/URL,string,https://pubchem.ncbi.nlm.nih.gov/images/iupac/j_pac-2015-0703_fig_117.jpg
/Record/Section/7/Section/0/Information/0/Value/StringWithMarkup/1/Markup/0/Type,string,Image
/Record/Section/7/Section/0/Information/0/Value/StringWithMarkup/1/Markup/0/Size,string,1393x1225
/Record/Section/7/Section/0/Information/0/Value/StringWithMarkup/1/Markup/0/Caption,string,"Fig. IUPAC.85.1: ²¹¹At treats hyperthyroidism and thyroid cancer. (Image Source: © 2012 Terese Winslow LLC, U.S. Govt. has specified rights) [567]. "
/Record/Section/7/Section/1/TOCHeading,string,Isotope Mass and Abundance
/Record/Section/7/Section/1/Description,string,Atomic mass and abundance (composition) information for a given isotope/nuclide. The number in the parenthesis refers to an uncertainty when exist. The unit of atomic weight is the unified atomic mass unit (u) or dalton (Da). 
/Record/Section/7/Section/1/DisplayControls/CreateTable/FromInformationIn,string,ThisSection
/Record/Section/7/Section/1/DisplayControls/CreateTable/NumberOfColumns,number,3
/Record/Section/7/Section/1/DisplayControls/CreateTable/ColumnsFromNamedLists/Name/0,string,Isotope
/Record/Section/7/Section/1/DisplayControls/CreateTable/ColumnsFromNamedLists/Name/1,string,Atomic Mass (uncertainty) [u]
/Record/Section/7/Section/1/DisplayControls/CreateTable/ColumnsFromNamedLists/Name/2,string,Abundance (uncertainty)
/Record/Section/7/Section/1/DisplayControls/CreateTable/ColumnsFromNamedLists/UseNamesAsColumnHeadings,boolean,true
/Record/Section/7/Section/1/Information/0/ReferenceNumber,number,7
/Record/Section/7/Section/1/Information/0/Name,string,Isotope
/Record/Section/7/Section/1/Information/0/Value/StringWithMarkup/0/String,string,210At
/Record/Section/7/Section/1/Information/0/Value/StringWithMarkup/0/Markup/0/Start,number,0
/Record/Section/7/Section/1/Information/0/Value/StringWithMarkup/0/Markup/0/Length,number,3
/Record/Section/7/Section/1/Information/0/Value/StringWithMarkup/0/Markup/0/Type,string,Superscript
/Record/Section/7/Section/1/Information/0/Value/StringWithMarkup/1/String,string,211At
/Record/Section/7/Section/1/Information/0/Value/StringWithMarkup/1/Markup/0/Start,number,0
/Record/Section/7/Section/1/Information/0/Value/StringWithMarkup/1/Markup/0/Length,number,3
/Record/Section/7/Section/1/Information/0/Value/StringWithMarkup/1/Markup/0/Type,string,Superscript
/Record/Section/7/Section/1/Information/1/ReferenceNumber,number,7
/Record/Section/7/Section/1/Information/1/Name,string,Atomic Mass (uncertainty) [u]
/Record/Section/7/Section/1/Information/1/Value/StringWithMarkup/0/String,string,209.9871479(83)
/Record/Section/7/Section/1/Information/1/Value/StringWithMarkup/1/String,string,210.9874966(30)
/Record/Section/7/Section/1/Information/2/ReferenceNumber,number,7
/Record/Section/7/Section/1/Information/2/Name,string,Abundance (uncertainty)
/Record/Section/7/Section/1/Information/2/Value/StringWithMarkup/0/String,string,
/Record/Section/7/Section/1/Information/2/Value/StringWithMarkup/1/String,string,
/Record/Section/7/Section/2/TOCHeading,string,"Atomic Mass, Half Life, and Decay"
/Record/Section/7/Section/2/Description,string,"Information on the atomic mass, half life, and decay for this element, from the the Atomic Mass Data Center. The number after the ± refers to an uncertainty when exists."
/Record/Section/7/Section/2/URL,string,https://pubchem.ncbi.nlm.nih.gov/docs/atomic-mass/
/Record/Section/7/Section/2/DisplayControls/CreateTable/FromInformationIn,string,ThisSection
/Record/Section/7/Section/2/DisplayControls/CreateTable/NumberOfColumns,number,5
/Record/Section/7/Section/2/DisplayControls/CreateTable/ColumnsFromNamedLists/Name/0,string,Nuclide
/Record/Section/7/Section/2/DisplayControls/CreateTable/ColumnsFromNamedLists/Name/1,string,Atomic Mass and Uncertainty [u]
/Record/Section/7/Section/2/DisplayControls/CreateTable/ColumnsFromNamedLists/Name/2,string,Half Life and Uncertainty
/Record/Section/7/Section/2/DisplayControls/CreateTable/ColumnsFromNamedLists/Name/3,string,Discovery Year
/Record/Section/7/Section/2/DisplayControls/CreateTable/ColumnsFromNamedLists/Name/4,string,"Decay Modes, Intensities and Uncertainties [%]"
/Record/Section/7/Section/2/DisplayControls/CreateTable/ColumnsFromNamedLists/UseNamesAsColumnHeadings,boolean,true
/Record/Section/7/Section/2/Information/0/ReferenceNumber,number,2
/Record/Section/7/Section/2/Information/0/Name,string,Nuclide
/Record/Section/7/Section/2/Information/0/Value/StringWithMarkup/0/String,string,191At
/Record/Section/7/Section/2/Information/0/Value/StringWithMarkup/0/Markup/0/Start,number,0
/Record/Section/7/Section/2/Information/0/Value/StringWithMarkup/0/Markup/0/Length,number,3
/Record/Section/7/Section/2/Information/0/Value/StringWithMarkup/0/Markup/0/Type,string,Superscript
/Record/Section/7/Section/2/Information/0/Value/StringWithMarkup/1/String,string,191Atm
/Record/Section/7/Section/2/Information/0/Value/StringWithMarkup/1/Markup/0/Start,number,0
/Record/Section/7/Section/2/Information/0/Value/StringWithMarkup/1/Markup/0/Length,number,3
/Record/Section/7/Section/2/Information/0/Value/StringWithMarkup/1/Markup/0/Type,string,Superscript
/Record/Section/7/Section/2/Information/0/Value/StringWithMarkup/1/Markup/1/Start,number,5
/Record/Section/7/Section/2/Information/0/Value/StringWithMarkup/1/Markup/1/Length,number,1
/Record/Section/7/Section/2/Information/0/Value/StringWithMarkup/1/Markup/1/Type,string,Superscript
/Record/Section/7/Section/2/Information/0/Value/StringWithMarkup/2/String,string,192At
/Record/Section/7/Section/2/Information/0/Value/StringWithMarkup/2/Markup/0/Start,number,0
/Record/Section/7/Section/2/Information/0/Value/StringWithMarkup/2/Markup/0/Length,number,3
/Record/Section/7/Section/2/Information/0/Value/StringWithMarkup/2/Markup/0/Type,string,Superscript
/Record/Section/7/Section/2/Information/0/Value/StringWithMarkup/3/String,string,192Atm
/Record/Section/7/Section/2/Information/0/Value/StringWithMarkup/3/Markup/0/Start,number,0
/Record/Section/7/Section/2/Information/0/Value/StringWithMarkup/3/Markup/0/Length,number,3
/Record/Section/7/Section/2/Information/0/Value/StringWithMarkup/3/Markup/0/Type,string,Superscript
/Record/Section/7/Section/2/Information/0/Value/StringWithMarkup/3/Markup/1/Start,number,5
/Record/Section/7/Section/2/Information/0/Value/StringWithMarkup/3/Markup/1/Length,number,1
/Record/Section/7/Section/2/Information/0/Value/StringWithMarkup/3/Markup/1/Type,string,Superscript
/Record/Section/7/Section/2/Information/0/Value/StringWithMarkup/4/String,string,193At
/Record/Section/7/Section/2/Information/0/Value/StringWithMarkup/4/Markup/0/Start,number,0
/Record/Section/7/Section/2/Information/0/Value/StringWithMarkup/4/Markup/0/Length,number,3
/Record/Section/7/Section/2/Information/0/Value/StringWithMarkup/4/Markup/0/Type,string,Superscript
/Record/Section/7/Section/2/Information/0/Value/StringWithMarkup/5/String,string,193Atm
/Record/Section/7/Section/2/Information/0/Value/StringWithMarkup/5/Markup/0/Start,number,0
/Record/Section/7/Section/2/Information/0/Value/StringWithMarkup/5/Markup/0/Length,number,3
/Record/Section/7/Section/2/Information/0/Value/StringWithMarkup/5/Markup/0/Type,string,Superscript
/Record/Section/7/Section/2/Information/0/Value/StringWithMarkup/5/Markup/1/Start,number,5
/Record/Section/7/Section/2/Information/0/Value/StringWithMarkup/5/Markup/1/Length,number,1
/Record/Section/7/Section/2/Information/0/Value/StringWithMarkup/5/Markup/1/Type,string,Superscript
/Record/Section/7/Section/2/Information/0/Value/StringWithMarkup/6/String,string,193Atn
/Record/Section/7/Section/2/Information/0/Value/StringWithMarkup/6/Markup/0/Start,number,0
/Record/Section/7/Section/2/Information/0/Value/StringWithMarkup/6/Markup/0/Length,number,3
/Record/Section/7/Section/2/Information/0/Value/StringWithMarkup/6/Markup/0/Type,string,Superscript
/Record/Section/7/Section/2/Information/0/Value/StringWithMarkup/6/Markup/1/Start,number,5
/Record/Section/7/Section/2/Information/0/Value/StringWithMarkup/6/Markup/1/Length,number,1
/Record/Section/7/Section/2/Information/0/Value/StringWithMarkup/6/Markup/1/Type,string,Superscript
/Record/Section/7/Section/2/Information/0/Value/StringWithMarkup/7/String,string,194At
/Record/Section/7/Section/2/Information/0/Value/StringWithMarkup/7/Markup/0/Start,number,0
/Record/Section/7/Section/2/Information/0/Value/StringWithMarkup/7/Markup/0/Length,number,3
/Record/Section/7/Section/2/Information/0/Value/StringWithMarkup/7/Markup/0/Type,string,Superscript
/Record/Section/7/Section/2/Information/0/Value/StringWithMarkup/8/String,string,194Atm
/Record/Section/7/Section/2/Information/0/Value/StringWithMarkup/8/Markup/0/Start,number,0
/Record/Section/7/Section/2/Information/0/Value/StringWithMarkup/8/Markup/0/Length,number,3
/Record/Section/7/Section/2/Information/0/Value/StringWithMarkup/8/Markup/0/Type,string,Superscript
/Record/Section/7/Section/2/Information/0/Value/StringWithMarkup/8/Markup/1/Start,number,5
/Record/Section/7/Section/2/Information/0/Value/StringWithMarkup/8/Markup/1/Length,number,1
/Record/Section/7/Section/2/Information/0/Value/StringWithMarkup/8/Markup/1/Type,string,Superscript
/Record/Section/7/Section/2/Information/0/Value/StringWithMarkup/9/String,string,195At
/Record/Section/7/Section/2/Information/0/Value/StringWithMarkup/9/Markup/0/Start,number,0
/Record/Section/7/Section/2/Information/0/Value/StringWithMarkup/9/Markup/0/Length,number,3
/Record/Section/7/Section/2/Information/0/Value/StringWithMarkup/9/Markup/0/Type,string,Superscript
/Record/Section/7/Section/2/Information/0/Value/StringWithMarkup/10/String,string,195Atm
/Record/Section/7/Section/2/Information/0/Value/StringWithMarkup/10/Markup/0/Start,number,0
/Record/Section/7/Section/2/Information/0/Value/StringWithMarkup/10/Markup/0/Length,number,3
/Record/Section/7/Section/2/Information/0/Value/StringWithMarkup/10/Markup/0/Type,string,Superscript
/Record/Section/7/Section/2/Information/0/Value/StringWithMarkup/10/Markup/1/Start,number,5
/Record/Section/7/Section/2/Information/0/Value/StringWithMarkup/10/Markup/1/Length,number,1
/Record/Section/7/Section/2/Information/0/Value/StringWithMarkup/10/Markup/1/Type,string,Superscript
/Record/Section/7/Section/2/Information/0/Value/StringWithMarkup/11/String,string,195Atp
/Record/Section/7/Section/2/Information/0/Value/StringWithMarkup/11/Markup/0/Start,number,0
/Record/Section/7/Section/2/Information/0/Value/StringWithMarkup/11/Markup/0/Length,number,3
/Record/Section/7/Section/2/Information/0/Value/StringWithMarkup/11/Markup/0/Type,string,Superscript
/Record/Section/7/Section/2/Information/0/Value/StringWithMarkup/11/Markup/1/Start,number,5
/Record/Section/7/Section/2/Information/0/Value/StringWithMarkup/11/Markup/1/Length,number,1
/Record/Section/7/Section/2/Information/0/Value/StringWithMarkup/11/Markup/1/Type,string,Superscript
/Record/Section/7/Section/2/Information/0/Value/StringWithMarkup/12/String,string,196At
/Record/Section/7/Section/2/Information/0/Value/StringWithMarkup/12/Markup/0/Start,number,0
/Record/Section/7/Section/2/Information/0/Value/StringWithMarkup/12/Markup/0/Length,number,3
/Record/Section/7/Section/2/Information/0/Value/StringWithMarkup/12/Markup/0/Type,string,Superscript
/Record/Section/7/Section/2/Information/0/Value/StringWithMarkup/13/String,string,196Atm
/Record/Section/7/Section/2/Information/0/Value/StringWithMarkup/13/Markup/0/Start,number,0
/Record/Section/7/Section/2/Information/0/Value/StringWithMarkup/13/Markup/0/Length,number,3
/Record/Section/7/Section/2/Information/0/Value/StringWithMarkup/13/Markup/0/Type,string,Superscript
/Record/Section/7/Section/2/Information/0/Value/StringWithMarkup/13/Markup/1/Start,number,5
/Record/Section/7/Section/2/Information/0/Value/StringWithMarkup/13/Markup/1/Length,number,1
/Record/Section/7/Section/2/Information/0/Value/StringWithMarkup/13/Markup/1/Type,string,Superscript
/Record/Section/7/Section/2/Information/0/Value/StringWithMarkup/14/String,string,196Atn
/Record/Section/7/Section/2/Information/0/Value/StringWithMarkup/14/Markup/0/Start,number,0
/Record/Section/7/Section/2/Information/0/Value/StringWithMarkup/14/Markup/0/Length,number,3
/Record/Section/7/Section/2/Information/0/Value/StringWithMarkup/14/Markup/0/Type,string,Superscript
/Record/Section/7/Section/2/Information/0/Value/StringWithMarkup/14/Markup/1/Start,number,5
/Record/Section/7/Section/2/Information/0/Value/StringWithMarkup/14/Markup/1/Length,number,1
/Record/Section/7/Section/2/Information/0/Value/StringWithMarkup/14/Markup/1/Type,string,Superscript
/Record/Section/7/Section/2/Information/0/Value/StringWithMarkup/15/String,string,197At
/Record/Section/7/Section/2/Information/0/Value/StringWithMarkup/15/Markup/0/Start,number,0
/Record/Section/7/Section/2/Information/0/Value/StringWithMarkup/15/Markup/0/Length,number,3
/Record/Section/7/Section/2/Information/0/Value/StringWithMarkup/15/Markup/0/Type,string,Superscript
/Record/Section/7/Section/2/Information/0/Value/StringWithMarkup/16/String,string,197Atm
/Record/Section/7/Section/2/Information/0/Value/StringWithMarkup/16/Markup/0/Start,number,0
/Record/Section/7/Section/2/Information/0/Value/StringWithMarkup/16/Markup/0/Length,number,3
/Record/Section/7/Section/2/Information/0/Value/StringWithMarkup/16/Markup/0/Type,string,Superscript
/Record/Section/7/Section/2/Information/0/Value/StringWithMarkup/16/Markup/1/Start,number,5
/Record/Section/7/Section/2/Information/0/Value/StringWithMarkup/16/Markup/1/Length,number,1
/Record/Section/7/Section/2/Information/0/Value/StringWithMarkup/16/Markup/1/Type,string,Superscript
/Record/Section/7/Section/2/Information/0/Value/StringWithMarkup/17/String,string,197Atn
/Record/Section/7/Section/2/Information/0/Value/StringWithMarkup/17/Markup/0/Start,number,0
/Record/Section/7/Section/2/Information/0/Value/StringWithMarkup/17/Markup/0/Length,number,3
/Record/Section/7/Section/2/Information/0/Value/StringWithMarkup/17/Markup/0/Type,string,Superscript
/Record/Section/7/Section/2/Information/0/Value/StringWithMarkup/17/Markup/1/Start,number,5
/Record/Section/7/Section/2/Information/0/Value/StringWithMarkup/17/Markup/1/Length,number,1
/Record/Section/7/Section/2/Information/0/Value/StringWithMarkup/17/Markup/1/Type,string,Superscript
/Record/Section/7/Section/2/Information/0/Value/StringWithMarkup/18/String,string,198At
/Record/Section/7/Section/2/Information/0/Value/StringWithMarkup/18/Markup/0/Start,number,0
/Record/Section/7/Section/2/Information/0/Value/StringWithMarkup/18/Markup/0/Length,number,3
/Record/Section/7/Section/2/Information/0/Value/StringWithMarkup/18/Markup/0/Type,string,Superscript
/Record/Section/7/Section/2/Information/0/Value/StringWithMarkup/19/String,string,198Atm
/Record/Section/7/Section/2/Information/0/Value/StringWithMarkup/19/Markup/0/Start,number,0
/Record/Section/7/Section/2/Information/0/Value/StringWithMarkup/19/Markup/0/Length,number,3
/Record/Section/7/Section/2/Information/0/Value/StringWithMarkup/19/Markup/0/Type,string,Superscript
/Record/Section/7/Section/2/Information/0/Value/StringWithMarkup/19/Markup/1/Start,number,5
/Record/Section/7/Section/2/Information/0/Value/StringWithMarkup/19/Markup/1/Length,number,1
/Record/Section/7/Section/2/Information/0/Value/StringWithMarkup/19/Markup/1/Type,string,Superscript
/Record/Section/7/Section/2/Information/0/Value/StringWithMarkup/20/String,string,199At
/Record/Section/7/Section/2/Information/0/Value/StringWithMarkup/20/Markup/0/Start,number,0
/Record/Section/7/Section/2/Information/0/Value/StringWithMarkup/20/Markup/0/Length,number,3
/Record/Section/7/Section/2/Information/0/Value/StringWithMarkup/20/Markup/0/Type,string,Superscript
/Record/Section/7/Section/2/Information/0/Value/StringWithMarkup/21/String,string,199Atm
/Record/Section/7/Section/2/Information/0/Value/StringWithMarkup/21/Markup/0/Start,number,0
/Record/Section/7/Section/2/Information/0/Value/StringWithMarkup/21/Markup/0/Length,number,3
/Record/Section/7/Section/2/Information/0/Value/StringWithMarkup/21/Markup/0/Type,string,Superscript
/Record/Section/7/Section/2/Information/0/Value/StringWithMarkup/21/Markup/1/Start,number,5
/Record/Section/7/Section/2/Information/0/Value/StringWithMarkup/21/Markup/1/Length,number,1
/Record/Section/7/Section/2/Information/0/Value/StringWithMarkup/21/Markup/1/Type,string,Superscript
/Record/Section/7/Section/2/Information/0/Value/StringWithMarkup/22/String,string,199Atn
/Record/Section/7/Section/2/Information/0/Value/StringWithMarkup/22/Markup/0/Start,number,0
/Record/Section/7/Section/2/Information/0/Value/StringWithMarkup/22/Markup/0/Length,number,3
/Record/Section/7/Section/2/Information/0/Value/StringWithMarkup/22/Markup/0/Type,string,Superscript
/Record/Section/7/Section/2/Information/0/Value/StringWithMarkup/22/Markup/1/Start,number,5
/Record/Section/7/Section/2/Information/0/Value/StringWithMarkup/22/Markup/1/Length,number,1
/Record/Section/7/Section/2/Information/0/Value/StringWithMarkup/22/Markup/1/Type,string,Superscript
/Record/Section/7/Section/2/Information/0/Value/StringWithMarkup/23/String,string,199Atp
/Record/Section/7/Section/2/Information/0/Value/StringWithMarkup/23/Markup/0/Start,number,0
/Record/Section/7/Section/2/Information/0/Value/StringWithMarkup/23/Markup/0/Length,number,3
/Record/Section/7/Section/2/Information/0/Value/StringWithMarkup/23/Markup/0/Type,string,Superscript
/Record/Section/7/Section/2/Information/0/Value/StringWithMarkup/23/Markup/1/Start,number,5
/Record/Section/7/Section/2/Information/0/Value/StringWithMarkup/23/Markup/1/Length,number,1
/Record/Section/7/Section/2/Information/0/Value/StringWithMarkup/23/Markup/1/Type,string,Superscript
/Record/Section/7/Section/2/Information/0/Value/StringWithMarkup/24/String,string,200At
/Record/Section/7/Section/2/Information/0/Value/StringWithMarkup/24/Markup/0/Start,number,0
/Record/Section/7/Section/2/Information/0/Value/StringWithMarkup/24/Markup/0/Length,number,3
/Record/Section/7/Section/2/Information/0/Value/StringWithMarkup/24/Markup/0/Type,string,Superscript
/Record/Section/7/Section/2/Information/0/Value/StringWithMarkup/25/String,string,200Atm
/Record/Section/7/Section/2/Information/0/Value/StringWithMarkup/25/Markup/0/Start,number,0
/Record/Section/7/Section/2/Information/0/Value/StringWithMarkup/25/Markup/0/Length,number,3
/Record/Section/7/Section/2/Information/0/Value/StringWithMarkup/25/Markup/0/Type,string,Superscript
/Record/Section/7/Section/2/Information/0/Value/StringWithMarkup/25/Markup/1/Start,number,5
/Record/Section/7/Section/2/Information/0/Value/StringWithMarkup/25/Markup/1/Length,number,1
/Record/Section/7/Section/2/Information/0/Value/StringWithMarkup/25/Markup/1/Type,string,Superscript
/Record/Section/7/Section/2/Information/0/Value/StringWithMarkup/26/String,string,200Atn
/Record/Section/7/Section/2/Information/0/Value/StringWithMarkup/26/Markup/0/Start,number,0
/Record/Section/7/Section/2/Information/0/Value/StringWithMarkup/26/Markup/0/Length,number,3
/Record/Section/7/Section/2/Information/0/Value/StringWithMarkup/26/Markup/0/Type,string,Superscript
/Record/Section/7/Section/2/Information/0/Value/StringWithMarkup/26/Markup/1/Start,number,5
/Record/Section/7/Section/2/Information/0/Value/StringWithMarkup/26/Markup/1/Length,number,1
/Record/Section/7/Section/2/Information/0/Value/StringWithMarkup/26/Markup/1/Type,string,Superscript
/Record/Section/7/Section/2/Information/0/Value/StringWithMarkup/27/String,string,201At
/Record/Section/7/Section/2/Information/0/Value/StringWithMarkup/27/Markup/0/Start,number,0
/Record/Section/7/Section/2/Information/0/Value/StringWithMarkup/27/Markup/0/Length,number,3
/Record/Section/7/Section/2/Information/0/Value/StringWithMarkup/27/Markup/0/Type,string,Superscript
/Record/Section/7/Section/2/Information/0/Value/StringWithMarkup/28/String,string,201Atm
/Record/Section/7/Section/2/Information/0/Value/StringWithMarkup/28/Markup/0/Start,number,0
/Record/Section/7/Section/2/Information/0/Value/StringWithMarkup/28/Markup/0/Length,number,3
/Record/Section/7/Section/2/Information/0/Value/StringWithMarkup/28/Markup/0/Type,string,Superscript
/Record/Section/7/Section/2/Information/0/Value/StringWithMarkup/28/Markup/1/Start,number,5
/Record/Section/7/Section/2/Information/0/Value/StringWithMarkup/28/Markup/1/Length,number,1
/Record/Section/7/Section/2/Information/0/Value/StringWithMarkup/28/Markup/1/Type,string,Superscript
/Record/Section/7/Section/2/Information/0/Value/StringWithMarkup/29/String,string,201Atn
/Record/Section/7/Section/2/Information/0/Value/StringWithMarkup/29/Markup/0/Start,number,0
/Record/Section/7/Section/2/Information/0/Value/StringWithMarkup/29/Markup/0/Length,number,3
/Record/Section/7/Section/2/Information/0/Value/StringWithMarkup/29/Markup/0/Type,string,Superscript
/Record/Section/7/Section/2/Information/0/Value/StringWithMarkup/29/Markup/1/Start,number,5
/Record/Section/7/Section/2/Information/0/Value/StringWithMarkup/29/Markup/1/Length,number,1
/Record/Section/7/Section/2/Information/0/Value/StringWithMarkup/29/Markup/1/Type,string,Superscript
/Record/Section/7/Section/2/Information/0/Value/StringWithMarkup/30/String,string,202At
/Record/Section/7/Section/2/Information/0/Value/StringWithMarkup/30/Markup/0/Start,number,0
/Record/Section/7/Section/2/Information/0/Value/StringWithMarkup/30/Markup/0/Length,number,3
/Record/Section/7/Section/2/Information/0/Value/StringWithMarkup/30/Markup/0/Type,string,Superscript
/Record/Section/7/Section/2/Information/0/Value/StringWithMarkup/31/String,string,202Atm
/Record/Section/7/Section/2/Information/0/Value/StringWithMarkup/31/Markup/0/Start,number,0
/Record/Section/7/Section/2/Information/0/Value/StringWithMarkup/31/Markup/0/Length,number,3
/Record/Section/7/Section/2/Information/0/Value/StringWithMarkup/31/Markup/0/Type,string,Superscript
/Record/Section/7/Section/2/Information/0/Value/StringWithMarkup/31/Markup/1/Start,number,5
/Record/Section/7/Section/2/Information/0/Value/StringWithMarkup/31/Markup/1/Length,number,1
/Record/Section/7/Section/2/Information/0/Value/StringWithMarkup/31/Markup/1/Type,string,Superscript
/Record/Section/7/Section/2/Information/0/Value/StringWithMarkup/32/String,string,202Atn
/Record/Section/7/Section/2/Information/0/Value/StringWithMarkup/32/Markup/0/Start,number,0
/Record/Section/7/Section/2/Information/0/Value/StringWithMarkup/32/Markup/0/Length,number,3
/Record/Section/7/Section/2/Information/0/Value/StringWithMarkup/32/Markup/0/Type,string,Superscript
/Record/Section/7/Section/2/Information/0/Value/StringWithMarkup/32/Markup/1/Start,number,5
/Record/Section/7/Section/2/Information/0/Value/StringWithMarkup/32/Markup/1/Length,number,1
/Record/Section/7/Section/2/Information/0/Value/StringWithMarkup/32/Markup/1/Type,string,Superscript
/Record/Section/7/Section/2/Information/0/Value/StringWithMarkup/33/String,string,203At
/Record/Section/7/Section/2/Information/0/Value/StringWithMarkup/33/Markup/0/Start,number,0
/Record/Section/7/Section/2/Information/0/Value/StringWithMarkup/33/Markup/0/Length,number,3
/Record/Section/7/Section/2/Information/0/Value/StringWithMarkup/33/Markup/0/Type,string,Superscript
/Record/Section/7/Section/2/Information/0/Value/StringWithMarkup/34/String,string,203Atm
/Record/Section/7/Section/2/Information/0/Value/StringWithMarkup/34/Markup/0/Start,number,0
/Record/Section/7/Section/2/Information/0/Value/StringWithMarkup/34/Markup/0/Length,number,3
/Record/Section/7/Section/2/Information/0/Value/StringWithMarkup/34/Markup/0/Type,string,Superscript
/Record/Section/7/Section/2/Information/0/Value/StringWithMarkup/34/Markup/1/Start,number,5
/Record/Section/7/Section/2/Information/0/Value/StringWithMarkup/34/Markup/1/Length,number,1
/Record/Section/7/Section/2/Information/0/Value/StringWithMarkup/34/Markup/1/Type,string,Superscript
/Record/Section/7/Section/2/Information/0/Value/StringWithMarkup/35/String,string,203Atn
/Record/Section/7/Section/2/Information/0/Value/StringWithMarkup/35/Markup/0/Start,number,0
/Record/Section/7/Section/2/Information/0/Value/StringWithMarkup/35/Markup/0/Length,number,3
/Record/Section/7/Section/2/Information/0/Value/StringWithMarkup/35/Markup/0/Type,string,Superscript
/Record/Section/7/Section/2/Information/0/Value/StringWithMarkup/35/Markup/1/Start,number,5
/Record/Section/7/Section/2/Information/0/Value/StringWithMarkup/35/Markup/1/Length,number,1
/Record/Section/7/Section/2/Information/0/Value/StringWithMarkup/35/Markup/1/Type,string,Superscript
/Record/Section/7/Section/2/Information/0/Value/StringWithMarkup/36/String,string,204At
/Record/Section/7/Section/2/Information/0/Value/StringWithMarkup/36/Markup/0/Start,number,0
/Record/Section/7/Section/2/Information/0/Value/StringWithMarkup/36/Markup/0/Length,number,3
/Record/Section/7/Section/2/Information/0/Value/StringWithMarkup/36/Markup/0/Type,string,Superscript
/Record/Section/7/Section/2/Information/0/Value/StringWithMarkup/37/String,string,204Atm
/Record/Section/7/Section/2/Information/0/Value/StringWithMarkup/37/Markup/0/Start,number,0
/Record/Section/7/Section/2/Information/0/Value/StringWithMarkup/37/Markup/0/Length,number,3
/Record/Section/7/Section/2/Information/0/Value/StringWithMarkup/37/Markup/0/Type,string,Superscript
/Record/Section/7/Section/2/Information/0/Value/StringWithMarkup/37/Markup/1/Start,number,5
/Record/Section/7/Section/2/Information/0/Value/StringWithMarkup/37/Markup/1/Length,number,1
/Record/Section/7/Section/2/Information/0/Value/StringWithMarkup/37/Markup/1/Type,string,Superscript
/Record/Section/7/Section/2/Information/0/Value/StringWithMarkup/38/String,string,205At
/Record/Section/7/Section/2/Information/0/Value/StringWithMarkup/38/Markup/0/Start,number,0
/Record/Section/7/Section/2/Information/0/Value/StringWithMarkup/38/Markup/0/Length,number,3
/Record/Section/7/Section/2/Information/0/Value/StringWithMarkup/38/Markup/0/Type,string,Superscript
/Record/Section/7/Section/2/Information/0/Value/StringWithMarkup/39/String,string,205Atm
/Record/Section/7/Section/2/Information/0/Value/StringWithMarkup/39/Markup/0/Start,number,0
/Record/Section/7/Section/2/Information/0/Value/StringWithMarkup/39/Markup/0/Length,number,3
/Record/Section/7/Section/2/Information/0/Value/StringWithMarkup/39/Markup/0/Type,string,Superscript
/Record/Section/7/Section/2/Information/0/Value/StringWithMarkup/39/Markup/1/Start,number,5
/Record/Section/7/Section/2/Information/0/Value/StringWithMarkup/39/Markup/1/Length,number,1
/Record/Section/7/Section/2/Information/0/Value/StringWithMarkup/39/Markup/1/Type,string,Superscript
/Record/Section/7/Section/2/Information/0/Value/StringWithMarkup/40/String,string,206At
/Record/Section/7/Section/2/Information/0/Value/StringWithMarkup/40/Markup/0/Start,number,0
/Record/Section/7/Section/2/Information/0/Value/StringWithMarkup/40/Markup/0/Length,number,3
/Record/Section/7/Section/2/Information/0/Value/StringWithMarkup/40/Markup/0/Type,string,Superscript
/Record/Section/7/Section/2/Information/0/Value/StringWithMarkup/41/String,string,206Atm
/Record/Section/7/Section/2/Information/0/Value/StringWithMarkup/41/Markup/0/Start,number,0
/Record/Section/7/Section/2/Information/0/Value/StringWithMarkup/41/Markup/0/Length,number,3
/Record/Section/7/Section/2/Information/0/Value/StringWithMarkup/41/Markup/0/Type,string,Superscript
/Record/Section/7/Section/2/Information/0/Value/StringWithMarkup/41/Markup/1/Start,number,5
/Record/Section/7/Section/2/Information/0/Value/StringWithMarkup/41/Markup/1/Length,number,1
/Record/Section/7/Section/2/Information/0/Value/StringWithMarkup/41/Markup/1/Type,string,Superscript
/Record/Section/7/Section/2/Information/0/Value/StringWithMarkup/42/String,string,207At
/Record/Section/7/Section/2/Information/0/Value/StringWithMarkup/42/Markup/0/Start,number,0
/Record/Section/7/Section/2/Information/0/Value/StringWithMarkup/42/Markup/0/Length,number,3
/Record/Section/7/Section/2/Information/0/Value/StringWithMarkup/42/Markup/0/Type,string,Superscript
/Record/Section/7/Section/2/Information/0/Value/StringWithMarkup/43/String,string,207Atm
/Record/Section/7/Section/2/Information/0/Value/StringWithMarkup/43/Markup/0/Start,number,0
/Record/Section/7/Section/2/Information/0/Value/StringWithMarkup/43/Markup/0/Length,number,3
/Record/Section/7/Section/2/Information/0/Value/StringWithMarkup/43/Markup/0/Type,string,Superscript
/Record/Section/7/Section/2/Information/0/Value/StringWithMarkup/43/Markup/1/Start,number,5
/Record/Section/7/Section/2/Information/0/Value/StringWithMarkup/43/Markup/1/Length,number,1
/Record/Section/7/Section/2/Information/0/Value/StringWithMarkup/43/Markup/1/Type,string,Superscript
/Record/Section/7/Section/2/Information/0/Value/StringWithMarkup/44/String,string,208At
/Record/Section/7/Section/2/Information/0/Value/StringWithMarkup/44/Markup/0/Start,number,0
/Record/Section/7/Section/2/Information/0/Value/StringWithMarkup/44/Markup/0/Length,number,3
/Record/Section/7/Section/2/Information/0/Value/StringWithMarkup/44/Markup/0/Type,string,Superscript
/Record/Section/7/Section/2/Information/0/Value/StringWithMarkup/45/String,string,208Atm
/Record/Section/7/Section/2/Information/0/Value/StringWithMarkup/45/Markup/0/Start,number,0
/Record/Section/7/Section/2/Information/0/Value/StringWithMarkup/45/Markup/0/Length,number,3
/Record/Section/7/Section/2/Information/0/Value/StringWithMarkup/45/Markup/0/Type,string,Superscript
/Record/Section/7/Section/2/Information/0/Value/StringWithMarkup/45/Markup/1/Start,number,5
/Record/Section/7/Section/2/Information/0/Value/StringWithMarkup/45/Markup/1/Length,number,1
/Record/Section/7/Section/2/Information/0/Value/StringWithMarkup/45/Markup/1/Type,string,Superscript
/Record/Section/7/Section/2/Information/0/Value/StringWithMarkup/46/String,string,209At
/Record/Section/7/Section/2/Information/0/Value/StringWithMarkup/46/Markup/0/Start,number,0
/Record/Section/7/Section/2/Information/0/Value/StringWithMarkup/46/Markup/0/Length,number,3
/Record/Section/7/Section/2/Information/0/Value/StringWithMarkup/46/Markup/0/Type,string,Superscript
/Record/Section/7/Section/2/Information/0/Value/StringWithMarkup/47/String,string,209Atm
/Record/Section/7/Section/2/Information/0/Value/StringWithMarkup/47/Markup/0/Start,number,0
/Record/Section/7/Section/2/Information/0/Value/StringWithMarkup/47/Markup/0/Length,number,3
/Record/Section/7/Section/2/Information/0/Value/StringWithMarkup/47/Markup/0/Type,string,Superscript
/Record/Section/7/Section/2/Information/0/Value/StringWithMarkup/47/Markup/1/Start,number,5
/Record/Section/7/Section/2/Information/0/Value/StringWithMarkup/47/Markup/1/Length,number,1
/Record/Section/7/Section/2/Information/0/Value/StringWithMarkup/47/Markup/1/Type,string,Superscript
/Record/Section/7/Section/2/Information/0/Value/StringWithMarkup/48/String,string,210At
/Record/Section/7/Section/2/Information/0/Value/StringWithMarkup/48/Markup/0/Start,number,0
/Record/Section/7/Section/2/Information/0/Value/StringWithMarkup/48/Markup/0/Length,number,3
/Record/Section/7/Section/2/Information/0/Value/StringWithMarkup/48/Markup/0/Type,string,Superscript
/Record/Section/7/Section/2/Information/0/Value/StringWithMarkup/49/String,string,210Atm
/Record/Section/7/Section/2/Information/0/Value/StringWithMarkup/49/Markup/0/Start,number,0
/Record/Section/7/Section/2/Information/0/Value/StringWithMarkup/49/Markup/0/Length,number,3
/Record/Section/7/Section/2/Information/0/Value/StringWithMarkup/49/Markup/0/Type,string,Superscript
/Record/Section/7/Section/2/Information/0/Value/StringWithMarkup/49/Markup/1/Start,number,5
/Record/Section/7/Section/2/Information/0/Value/StringWithMarkup/49/Markup/1/Length,number,1
/Record/Section/7/Section/2/Information/0/Value/StringWithMarkup/49/Markup/1/Type,string,Superscript
/Record/Section/7/Section/2/Information/0/Value/StringWithMarkup/50/String,string,210Atn
/Record/Section/7/Section/2/Information/0/Value/StringWithMarkup/50/Markup/0/Start,number,0
/Record/Section/7/Section/2/Information/0/Value/StringWithMarkup/50/Markup/0/Length,number,3
/Record/Section/7/Section/2/Information/0/Value/StringWithMarkup/50/Markup/0/Type,string,Superscript
/Record/Section/7/Section/2/Information/0/Value/StringWithMarkup/50/Markup/1/Start,number,5
/Record/Section/7/Section/2/Information/0/Value/StringWithMarkup/50/Markup/1/Length,number,1
/Record/Section/7/Section/2/Information/0/Value/StringWithMarkup/50/Markup/1/Type,string,Superscript
/Record/Section/7/Section/2/Information/0/Value/StringWithMarkup/51/String,string,211At
/Record/Section/7/Section/2/Information/0/Value/StringWithMarkup/51/Markup/0/Start,number,0
/Record/Section/7/Section/2/Information/0/Value/StringWithMarkup/51/Markup/0/Length,number,3
/Record/Section/7/Section/2/Information/0/Value/StringWithMarkup/51/Markup/0/Type,string,Superscript
/Record/Section/7/Section/2/Information/0/Value/StringWithMarkup/52/String,string,211Atm
/Record/Section/7/Section/2/Information/0/Value/StringWithMarkup/52/Markup/0/Start,number,0
/Record/Section/7/Section/2/Information/0/Value/StringWithMarkup/52/Markup/0/Length,number,3
/Record/Section/7/Section/2/Information/0/Value/StringWithMarkup/52/Markup/0/Type,string,Superscript
/Record/Section/7/Section/2/Information/0/Value/StringWithMarkup/52/Markup/1/Start,number,5
/Record/Section/7/Section/2/Information/0/Value/StringWithMarkup/52/Markup/1/Length,number,1
/Record/Section/7/Section/2/Information/0/Value/StringWithMarkup/52/Markup/1/Type,string,Superscript
/Record/Section/7/Section/2/Information/0/Value/StringWithMarkup/53/String,string,212At
/Record/Section/7/Section/2/Information/0/Value/StringWithMarkup/53/Markup/0/Start,number,0
/Record/Section/7/Section/2/Information/0/Value/StringWithMarkup/53/Markup/0/Length,number,3
/Record/Section/7/Section/2/Information/0/Value/StringWithMarkup/53/Markup/0/Type,string,Superscript
/Record/Section/7/Section/2/Information/0/Value/StringWithMarkup/54/String,string,212Atm
/Record/Section/7/Section/2/Information/0/Value/StringWithMarkup/54/Markup/0/Start,number,0
/Record/Section/7/Section/2/Information/0/Value/StringWithMarkup/54/Markup/0/Length,number,3
/Record/Section/7/Section/2/Information/0/Value/StringWithMarkup/54/Markup/0/Type,string,Superscript
/Record/Section/7/Section/2/Information/0/Value/StringWithMarkup/54/Markup/1/Start,number,5
/Record/Section/7/Section/2/Information/0/Value/StringWithMarkup/54/Markup/1/Length,number,1
/Record/Section/7/Section/2/Information/0/Value/StringWithMarkup/54/Markup/1/Type,string,Superscript
/Record/Section/7/Section/2/Information/0/Value/StringWithMarkup/55/String,string,212Atn
/Record/Section/7/Section/2/Information/0/Value/StringWithMarkup/55/Markup/0/Start,number,0
/Record/Section/7/Section/2/Information/0/Value/StringWithMarkup/55/Markup/0/Length,number,3
/Record/Section/7/Section/2/Information/0/Value/StringWithMarkup/55/Markup/0/Type,string,Superscript
/Record/Section/7/Section/2/Information/0/Value/StringWithMarkup/55/Markup/1/Start,number,5
/Record/Section/7/Section/2/Information/0/Value/StringWithMarkup/55/Markup/1/Length,number,1
/Record/Section/7/Section/2/Information/0/Value/StringWithMarkup/55/Markup/1/Type,string,Superscript
/Record/Section/7/Section/2/Information/0/Value/StringWithMarkup/56/String,string,213At
/Record/Section/7/Section/2/Information/0/Value/StringWithMarkup/56/Markup/0/Start,number,0
/Record/Section/7/Section/2/Information/0/Value/StringWithMarkup/56/Markup/0/Length,number,3
/Record/Section/7/Section/2/Information/0/Value/StringWithMarkup/56/Markup/0/Type,string,Superscript
/Record/Section/7/Section/2/Information/0/Value/StringWithMarkup/57/String,string,213Atm
/Record/Section/7/Section/2/Information/0/Value/StringWithMarkup/57/Markup/0/Start,number,0
/Record/Section/7/Section/2/Information/0/Value/StringWithMarkup/57/Markup/0/Length,number,3
/Record/Section/7/Section/2/Information/0/Value/StringWithMarkup/57/Markup/0/Type,string,Superscript
/Record/Section/7/Section/2/Information/0/Value/StringWithMarkup/57/Markup/1/Start,number,5
/Record/Section/7/Section/2/Information/0/Value/StringWithMarkup/57/Markup/1/Length,number,1
/Record/Section/7/Section/2/Information/0/Value/StringWithMarkup/57/Markup/1/Type,string,Superscript
/Record/Section/7/Section/2/Information/0/Value/StringWithMarkup/58/String,string,213Atn
/Record/Section/7/Section/2/Information/0/Value/StringWithMarkup/58/Markup/0/Start,number,0
/Record/Section/7/Section/2/Information/0/Value/StringWithMarkup/58/Markup/0/Length,number,3
/Record/Section/7/Section/2/Information/0/Value/StringWithMarkup/58/Markup/0/Type,string,Superscript
/Record/Section/7/Section/2/Information/0/Value/StringWithMarkup/58/Markup/1/Start,number,5
/Record/Section/7/Section/2/Information/0/Value/StringWithMarkup/58/Markup/1/Length,number,1
/Record/Section/7/Section/2/Information/0/Value/StringWithMarkup/58/Markup/1/Type,string,Superscript
/Record/Section/7/Section/2/Information/0/Value/StringWithMarkup/59/String,string,214At
/Record/Section/7/Section/2/Information/0/Value/StringWithMarkup/59/Markup/0/Start,number,0
/Record/Section/7/Section/2/Information/0/Value/StringWithMarkup/59/Markup/0/Length,number,3
/Record/Section/7/Section/2/Information/0/Value/StringWithMarkup/59/Markup/0/Type,string,Superscript
/Record/Section/7/Section/2/Information/0/Value/StringWithMarkup/60/String,string,214Atm
/Record/Section/7/Section/2/Information/0/Value/StringWithMarkup/60/Markup/0/Start,number,0
/Record/Section/7/Section/2/Information/0/Value/StringWithMarkup/60/Markup/0/Length,number,3
/Record/Section/7/Section/2/Information/0/Value/StringWithMarkup/60/Markup/0/Type,string,Superscript
/Record/Section/7/Section/2/Information/0/Value/StringWithMarkup/60/Markup/1/Start,number,5
/Record/Section/7/Section/2/Information/0/Value/StringWithMarkup/60/Markup/1/Length,number,1
/Record/Section/7/Section/2/Information/0/Value/StringWithMarkup/60/Markup/1/Type,string,Superscript
/Record/Section/7/Section/2/Information/0/Value/StringWithMarkup/61/String,string,214Atn
/Record/Section/7/Section/2/Information/0/Value/StringWithMarkup/61/Markup/0/Start,number,0
/Record/Section/7/Section/2/Information/0/Value/StringWithMarkup/61/Markup/0/Length,number,3
/Record/Section/7/Section/2/Information/0/Value/StringWithMarkup/61/Markup/0/Type,string,Superscript
/Record/Section/7/Section/2/Information/0/Value/StringWithMarkup/61/Markup/1/Start,number,5
/Record/Section/7/Section/2/Information/0/Value/StringWithMarkup/61/Markup/1/Length,number,1
/Record/Section/7/Section/2/Information/0/Value/StringWithMarkup/61/Markup/1/Type,string,Superscript
/Record/Section/7/Section/2/Information/0/Value/StringWithMarkup/62/String,string,215At
/Record/Section/7/Section/2/Information/0/Value/StringWithMarkup/62/Markup/0/Start,number,0
/Record/Section/7/Section/2/Information/0/Value/StringWithMarkup/62/Markup/0/Length,number,3
/Record/Section/7/Section/2/Information/0/Value/StringWithMarkup/62/Markup/0/Type,string,Superscript
/Record/Section/7/Section/2/Information/0/Value/StringWithMarkup/63/String,string,216At
/Record/Section/7/Section/2/Information/0/Value/StringWithMarkup/63/Markup/0/Start,number,0
/Record/Section/7/Section/2/Information/0/Value/StringWithMarkup/63/Markup/0/Length,number,3
/Record/Section/7/Section/2/Information/0/Value/StringWithMarkup/63/Markup/0/Type,string,Superscript
/Record/Section/7/Section/2/Information/0/Value/StringWithMarkup/64/String,string,216Atm
/Record/Section/7/Section/2/Information/0/Value/StringWithMarkup/64/Markup/0/Start,number,0
/Record/Section/7/Section/2/Information/0/Value/StringWithMarkup/64/Markup/0/Length,number,3
/Record/Section/7/Section/2/Information/0/Value/StringWithMarkup/64/Markup/0/Type,string,Superscript
/Record/Section/7/Section/2/Information/0/Value/StringWithMarkup/64/Markup/1/Start,number,5
/Record/Section/7/Section/2/Information/0/Value/StringWithMarkup/64/Markup/1/Length,number,1
/Record/Section/7/Section/2/Information/0/Value/StringWithMarkup/64/Markup/1/Type,string,Superscript
/Record/Section/7/Section/2/Information/0/Value/StringWithMarkup/65/String,string,217At
/Record/Section/7/Section/2/Information/0/Value/StringWithMarkup/65/Markup/0/Start,number,0
/Record/Section/7/Section/2/Information/0/Value/StringWithMarkup/65/Markup/0/Length,number,3
/Record/Section/7/Section/2/Information/0/Value/StringWithMarkup/65/Markup/0/Type,string,Superscript
/Record/Section/7/Section/2/Information/0/Value/StringWithMarkup/66/String,string,218At
/Record/Section/7/Section/2/Information/0/Value/StringWithMarkup/66/Markup/0/Start,number,0
/Record/Section/7/Section/2/Information/0/Value/StringWithMarkup/66/Markup/0/Length,number,3
/Record/Section/7/Section/2/Information/0/Value/StringWithMarkup/66/Markup/0/Type,string,Superscript
/Record/Section/7/Section/2/Information/0/Value/StringWithMarkup/67/String,string,219At
/Record/Section/7/Section/2/Information/0/Value/StringWithMarkup/67/Markup/0/Start,number,0
/Record/Section/7/Section/2/Information/0/Value/StringWithMarkup/67/Markup/0/Length,number,3
/Record/Section/7/Section/2/Information/0/Value/StringWithMarkup/67/Markup/0/Type,string,Superscript
/Record/Section/7/Section/2/Information/0/Value/StringWithMarkup/68/String,string,220At
/Record/Section/7/Section/2/Information/0/Value/StringWithMarkup/68/Markup/0/Start,number,0
/Record/Section/7/Section/2/Information/0/Value/StringWithMarkup/68/Markup/0/Length,number,3
/Record/Section/7/Section/2/Information/0/Value/StringWithMarkup/68/Markup/0/Type,string,Superscript
/Record/Section/7/Section/2/Information/0/Value/StringWithMarkup/69/String,string,221At
/Record/Section/7/Section/2/Information/0/Value/StringWithMarkup/69/Markup/0/Start,number,0
/Record/Section/7/Section/2/Information/0/Value/StringWithMarkup/69/Markup/0/Length,number,3
/Record/Section/7/Section/2/Information/0/Value/StringWithMarkup/69/Markup/0/Type,string,Superscript
/Record/Section/7/Section/2/Information/0/Value/StringWithMarkup/70/String,string,222At
/Record/Section/7/Section/2/Information/0/Value/StringWithMarkup/70/Markup/0/Start,number,0
/Record/Section/7/Section/2/Information/0/Value/StringWithMarkup/70/Markup/0/Length,number,3
/Record/Section/7/Section/2/Information/0/Value/StringWithMarkup/70/Markup/0/Type,string,Superscript
/Record/Section/7/Section/2/Information/0/Value/StringWithMarkup/71/String,string,223At
/Record/Section/7/Section/2/Information/0/Value/StringWithMarkup/71/Markup/0/Start,number,0
/Record/Section/7/Section/2/Information/0/Value/StringWithMarkup/71/Markup/0/Length,number,3
/Record/Section/7/Section/2/Information/0/Value/StringWithMarkup/71/Markup/0/Type,string,Superscript
/Record/Section/7/Section/2/Information/0/Value/StringWithMarkup/72/String,string,224At
/Record/Section/7/Section/2/Information/0/Value/StringWithMarkup/72/Markup/0/Start,number,0
/Record/Section/7/Section/2/Information/0/Value/StringWithMarkup/72/Markup/0/Length,number,3
/Record/Section/7/Section/2/Information/0/Value/StringWithMarkup/72/Markup/0/Type,string,Superscript
/Record/Section/7/Section/2/Information/0/Value/StringWithMarkup/73/String,string,225At
/Record/Section/7/Section/2/Information/0/Value/StringWithMarkup/73/Markup/0/Start,number,0
/Record/Section/7/Section/2/Information/0/Value/StringWithMarkup/73/Markup/0/Length,number,3
/Record/Section/7/Section/2/Information/0/Value/StringWithMarkup/73/Markup/0/Type,string,Superscript
/Record/Section/7/Section/2/Information/0/Value/StringWithMarkup/74/String,string,226At
/Record/Section/7/Section/2/Information/0/Value/StringWithMarkup/74/Markup/0/Start,number,0
/Record/Section/7/Section/2/Information/0/Value/StringWithMarkup/74/Markup/0/Length,number,3
/Record/Section/7/Section/2/Information/0/Value/StringWithMarkup/74/Markup/0/Type,string,Superscript
/Record/Section/7/Section/2/Information/0/Value/StringWithMarkup/75/String,string,227At
/Record/Section/7/Section/2/Information/0/Value/StringWithMarkup/75/Markup/0/Start,number,0
/Record/Section/7/Section/2/Information/0/Value/StringWithMarkup/75/Markup/0/Length,number,3
/Record/Section/7/Section/2/Information/0/Value/StringWithMarkup/75/Markup/0/Type,string,Superscript
/Record/Section/7/Section/2/Information/0/Value/StringWithMarkup/76/String,string,228At
/Record/Section/7/Section/2/Information/0/Value/StringWithMarkup/76/Markup/0/Start,number,0
/Record/Section/7/Section/2/Information/0/Value/StringWithMarkup/76/Markup/0/Length,number,3
/Record/Section/7/Section/2/Information/0/Value/StringWithMarkup/76/Markup/0/Type,string,Superscript
/Record/Section/7/Section/2/Information/0/Value/StringWithMarkup/77/String,string,229At
/Record/Section/7/Section/2/Information/0/Value/StringWithMarkup/77/Markup/0/Start,number,0
/Record/Section/7/Section/2/Information/0/Value/StringWithMarkup/77/Markup/0/Length,number,3
/Record/Section/7/Section/2/Information/0/Value/StringWithMarkup/77/Markup/0/Type,string,Superscript
/Record/Section/7/Section/2/Information/1/ReferenceNumber,number,2
/Record/Section/7/Section/2/Information/1/Name,string,Atomic Mass and Uncertainty [u]
/Record/Section/7/Section/2/Information/1/Value/StringWithMarkup/0/String,string,191.004148081 ± 0.000017287
/Record/Section/7/Section/2/Information/1/Value/StringWithMarkup/1/String,string,191.004148081 ± 0.000017287
/Record/Section/7/Section/2/Information/1/Value/StringWithMarkup/2/String,string,192.003140912 ± 0.000029922
/Record/Section/7/Section/2/Information/1/Value/StringWithMarkup/3/String,string,192.003140912 ± 0.000029922
/Record/Section/7/Section/2/Information/1/Value/StringWithMarkup/4/String,string,192.999927725 ± 0.000023222
/Record/Section/7/Section/2/Information/1/Value/StringWithMarkup/5/String,string,192.999927725 ± 0.000023222
/Record/Section/7/Section/2/Information/1/Value/StringWithMarkup/6/String,string,192.999927725 ± 0.000023222
/Record/Section/7/Section/2/Information/1/Value/StringWithMarkup/7/String,string,193.999230816 ± 0.00002523
/Record/Section/7/Section/2/Information/1/Value/StringWithMarkup/8/String,string,193.999230816 ± 0.00002523
/Record/Section/7/Section/2/Information/1/Value/StringWithMarkup/9/String,string,194.996274480 ± 0.000010276
/Record/Section/7/Section/2/Information/1/Value/StringWithMarkup/10/String,string,194.996274480 ± 0.000010276
/Record/Section/7/Section/2/Information/1/Value/StringWithMarkup/11/String,string,194.996274480 ± 0.000010276
/Record/Section/7/Section/2/Information/1/Value/StringWithMarkup/12/String,string,195.995799034 ± 0.000032458
/Record/Section/7/Section/2/Information/1/Value/StringWithMarkup/13/String,string,195.995799034 ± 0.000032458
/Record/Section/7/Section/2/Information/1/Value/StringWithMarkup/14/String,string,195.995799034 ± 0.000032458
/Record/Section/7/Section/2/Information/1/Value/StringWithMarkup/15/String,string,196.993177353 ± 0.00000857
/Record/Section/7/Section/2/Information/1/Value/StringWithMarkup/16/String,string,196.993177353 ± 0.00000857
/Record/Section/7/Section/2/Information/1/Value/StringWithMarkup/17/String,string,196.993177353 ± 0.00000857
/Record/Section/7/Section/2/Information/1/Value/StringWithMarkup/18/String,string,197.992797864 ± 0.000005265
/Record/Section/7/Section/2/Information/1/Value/StringWithMarkup/19/String,string,197.992797864 ± 0.000005265
/Record/Section/7/Section/2/Information/1/Value/StringWithMarkup/20/String,string,198.990527715 ± 0.00000578
/Record/Section/7/Section/2/Information/1/Value/StringWithMarkup/21/String,string,198.990527715 ± 0.00000578
/Record/Section/7/Section/2/Information/1/Value/StringWithMarkup/22/String,string,198.990527715 ± 0.00000578
/Record/Section/7/Section/2/Information/1/Value/StringWithMarkup/23/String,string,198.990527715 ± 0.00000578
/Record/Section/7/Section/2/Information/1/Value/StringWithMarkup/24/String,string,199.990351099 ± 0.000026264
/Record/Section/7/Section/2/Information/1/Value/StringWithMarkup/25/String,string,199.990351099 ± 0.000026264
/Record/Section/7/Section/2/Information/1/Value/StringWithMarkup/26/String,string,199.990351099 ± 0.000026264
/Record/Section/7/Section/2/Information/1/Value/StringWithMarkup/27/String,string,200.988417058 ± 0.000008786
/Record/Section/7/Section/2/Information/1/Value/StringWithMarkup/28/String,string,200.988417058 ± 0.000008786
/Record/Section/7/Section/2/Information/1/Value/StringWithMarkup/29/String,string,200.988417058 ± 0.000008786
/Record/Section/7/Section/2/Information/1/Value/StringWithMarkup/30/String,string,201.988625686 ± 0.000029631
/Record/Section/7/Section/2/Information/1/Value/StringWithMarkup/31/String,string,201.988625686 ± 0.000029631
/Record/Section/7/Section/2/Information/1/Value/StringWithMarkup/32/String,string,201.988625686 ± 0.000029631
/Record/Section/7/Section/2/Information/1/Value/StringWithMarkup/33/String,string,202.986942904 ± 0.000011404
/Record/Section/7/Section/2/Information/1/Value/StringWithMarkup/34/String,string,202.986942904 ± 0.000011404
/Record/Section/7/Section/2/Information/1/Value/StringWithMarkup/35/String,string,202.986942904 ± 0.000011404
/Record/Section/7/Section/2/Information/1/Value/StringWithMarkup/36/String,string,203.987251393 ± 0.000024335
/Record/Section/7/Section/2/Information/1/Value/StringWithMarkup/37/String,string,203.987251393 ± 0.000024335
/Record/Section/7/Section/2/Information/1/Value/StringWithMarkup/38/String,string,204.986060546 ± 0.000012941
/Record/Section/7/Section/2/Information/1/Value/StringWithMarkup/39/String,string,204.986060546 ± 0.000012941
/Record/Section/7/Section/2/Information/1/Value/StringWithMarkup/40/String,string,205.986645768 ± 0.000014523
/Record/Section/7/Section/2/Information/1/Value/StringWithMarkup/41/String,string,205.986645768 ± 0.000014523
/Record/Section/7/Section/2/Information/1/Value/StringWithMarkup/42/String,string,206.985799715 ± 0.000013318
/Record/Section/7/Section/2/Information/1/Value/StringWithMarkup/43/String,string,206.985799715 ± 0.000013318
/Record/Section/7/Section/2/Information/1/Value/StringWithMarkup/44/String,string,207.986613011 ± 0.000009577
/Record/Section/7/Section/2/Information/1/Value/StringWithMarkup/45/String,string,207.986613011 ± 0.000009577
/Record/Section/7/Section/2/Information/1/Value/StringWithMarkup/46/String,string,208.986168701 ± 0.000005094
/Record/Section/7/Section/2/Information/1/Value/StringWithMarkup/47/String,string,208.986168701 ± 0.000005094
/Record/Section/7/Section/2/Information/1/Value/StringWithMarkup/48/String,string,209.987147423 ± 0.000008261
/Record/Section/7/Section/2/Information/1/Value/StringWithMarkup/49/String,string,209.987147423 ± 0.000008261
/Record/Section/7/Section/2/Information/1/Value/StringWithMarkup/50/String,string,209.987147423 ± 0.000008261
/Record/Section/7/Section/2/Information/1/Value/StringWithMarkup/51/String,string,210.987496226 ± 0.000002929
/Record/Section/7/Section/2/Information/1/Value/StringWithMarkup/52/String,string,210.987496226 ± 0.000002929
/Record/Section/7/Section/2/Information/1/Value/StringWithMarkup/53/String,string,211.990737301 ± 0.000002559
/Record/Section/7/Section/2/Information/1/Value/StringWithMarkup/54/String,string,211.990737301 ± 0.000002559
/Record/Section/7/Section/2/Information/1/Value/StringWithMarkup/55/String,string,211.990737301 ± 0.000002559
/Record/Section/7/Section/2/Information/1/Value/StringWithMarkup/56/String,string,212.992936593 ± 0.000005258
/Record/Section/7/Section/2/Information/1/Value/StringWithMarkup/57/String,string,212.992936593 ± 0.000005258
/Record/Section/7/Section/2/Information/1/Value/StringWithMarkup/58/String,string,212.992936593 ± 0.000005258
/Record/Section/7/Section/2/Information/1/Value/StringWithMarkup/59/String,string,213.996372331 ± 0.000004274
/Record/Section/7/Section/2/Information/1/Value/StringWithMarkup/60/String,string,213.996372331 ± 0.000004274
/Record/Section/7/Section/2/Information/1/Value/StringWithMarkup/61/String,string,213.996372331 ± 0.000004274
/Record/Section/7/Section/2/Information/1/Value/StringWithMarkup/62/String,string,214.998651002 ± 0.000007116
/Record/Section/7/Section/2/Information/1/Value/StringWithMarkup/63/String,string,216.002422643 ± 0.000003837
/Record/Section/7/Section/2/Information/1/Value/StringWithMarkup/64/String,string,216.002422643 ± 0.000003837
/Record/Section/7/Section/2/Information/1/Value/StringWithMarkup/65/String,string,217.004717794 ± 0.000005368
/Record/Section/7/Section/2/Information/1/Value/StringWithMarkup/66/String,string,218.008695941 ± 0.000012349
/Record/Section/7/Section/2/Information/1/Value/StringWithMarkup/67/String,string,219.011160587 ± 0.000003474
/Record/Section/7/Section/2/Information/1/Value/StringWithMarkup/68/String,string,220.015433000 ± 0.000015
/Record/Section/7/Section/2/Information/1/Value/StringWithMarkup/69/String,string,221.018017000 ± 0.000015
/Record/Section/7/Section/2/Information/1/Value/StringWithMarkup/70/String,string,222.022494000 ± 0.000017
/Record/Section/7/Section/2/Information/1/Value/StringWithMarkup/71/String,string,223.025151000 ± 0.000015
/Record/Section/7/Section/2/Information/1/Value/StringWithMarkup/72/String,string,224.029749000 ± 0.000024
/Record/Section/7/Section/2/Information/1/Value/StringWithMarkup/73/String,string,225.032528 ± 0.000322 [Estimated]
/Record/Section/7/Section/2/Information/1/Value/StringWithMarkup/74/String,string,226.037209 ± 0.000322 [Estimated]
/Record/Section/7/Section/2/Information/1/Value/StringWithMarkup/75/String,string,227.040183 ± 0.000322 [Estimated]
/Record/Section/7/Section/2/Information/1/Value/StringWithMarkup/76/String,string,228.044960 ± 0.000429 [Estimated]
/Record/Section/7/Section/2/Information/1/Value/StringWithMarkup/77/String,string,229.048191 ± 0.000429 [Estimated]
/Record/Section/7/Section/2/Information/2/ReferenceNumber,number,2
/Record/Section/7/Section/2/Information/2/Name,string,Half Life and Uncertainty
/Record/Section/7/Section/2/Information/2/Value/StringWithMarkup/0/String,string,2.1 ms ± 0.8
/Record/Section/7/Section/2/Information/2/Value/StringWithMarkup/1/String,string,2.2 ms ± 0.4
/Record/Section/7/Section/2/Information/2/Value/StringWithMarkup/2/String,string,11.5 ms ± 0.6
/Record/Section/7/Section/2/Information/2/Value/StringWithMarkup/3/String,string,88 ms ± 6
/Record/Section/7/Section/2/Information/2/Value/StringWithMarkup/4/String,string,29 ms ± 5
/Record/Section/7/Section/2/Information/2/Value/StringWithMarkup/5/String,string,21 ms ± 5
/Record/Section/7/Section/2/Information/2/Value/StringWithMarkup/6/String,string,28 ms ± 4
/Record/Section/7/Section/2/Information/2/Value/StringWithMarkup/7/String,string,286 ms ± 7
/Record/Section/7/Section/2/Information/2/Value/StringWithMarkup/8/String,string,323 ms ± 7
/Record/Section/7/Section/2/Information/2/Value/StringWithMarkup/9/String,string,290 ms ± 20
/Record/Section/7/Section/2/Information/2/Value/StringWithMarkup/10/String,string,143 ms ± 3
/Record/Section/7/Section/2/Information/2/Value/StringWithMarkup/11/String,string,Not-specified
/Record/Section/7/Section/2/Information/2/Value/StringWithMarkup/12/String,string,377 ms ± 4
/Record/Section/7/Section/2/Information/2/Value/StringWithMarkup/13/String,string,20 ms [Estimated]
/Record/Section/7/Section/2/Information/2/Value/StringWithMarkup/14/String,string,11 us ± 2
/Record/Section/7/Section/2/Information/2/Value/StringWithMarkup/15/String,string,388.2 ms ± 5.6
/Record/Section/7/Section/2/Information/2/Value/StringWithMarkup/16/String,string,2.0 s ± 0.2
/Record/Section/7/Section/2/Information/2/Value/StringWithMarkup/17/String,string,1.3 us ± 0.2
/Record/Section/7/Section/2/Information/2/Value/StringWithMarkup/18/String,string,4.47 s ± 0.05
/Record/Section/7/Section/2/Information/2/Value/StringWithMarkup/19/String,string,1.23 s ± 0.05
/Record/Section/7/Section/2/Information/2/Value/StringWithMarkup/20/String,string,7.02 s ± 0.12
/Record/Section/7/Section/2/Information/2/Value/StringWithMarkup/21/String,string,273 ms ± 9
/Record/Section/7/Section/2/Information/2/Value/StringWithMarkup/22/String,string,70 ns ± 20
/Record/Section/7/Section/2/Information/2/Value/StringWithMarkup/23/String,string,800 ns ± 50
/Record/Section/7/Section/2/Information/2/Value/StringWithMarkup/24/String,string,43.2 s ± 0.9
/Record/Section/7/Section/2/Information/2/Value/StringWithMarkup/25/String,string,47 s ± 1
/Record/Section/7/Section/2/Information/2/Value/StringWithMarkup/26/String,string,8.0 s ± 2.1
/Record/Section/7/Section/2/Information/2/Value/StringWithMarkup/27/String,string,85.2 s ± 1.6
/Record/Section/7/Section/2/Information/2/Value/StringWithMarkup/28/String,string,45 ms ± 3
/Record/Section/7/Section/2/Information/2/Value/StringWithMarkup/29/String,string,3.39 us ± 0.09
/Record/Section/7/Section/2/Information/2/Value/StringWithMarkup/30/String,string,184 s ± 1
/Record/Section/7/Section/2/Information/2/Value/StringWithMarkup/31/String,string,182 s ± 2
/Record/Section/7/Section/2/Information/2/Value/StringWithMarkup/32/String,string,460 ms ± 50
/Record/Section/7/Section/2/Information/2/Value/StringWithMarkup/33/String,string,7.4 m ± 0.2
/Record/Section/7/Section/2/Information/2/Value/StringWithMarkup/34/String,string,3.5 ms ± 0.6
/Record/Section/7/Section/2/Information/2/Value/StringWithMarkup/35/String,string,9.77 us ± 0.21
/Record/Section/7/Section/2/Information/2/Value/StringWithMarkup/36/String,string,9.12 m ± 0.11
/Record/Section/7/Section/2/Information/2/Value/StringWithMarkup/37/String,string,108 ms ± 10
/Record/Section/7/Section/2/Information/2/Value/StringWithMarkup/38/String,string,26.9 m ± 0.8
/Record/Section/7/Section/2/Information/2/Value/StringWithMarkup/39/String,string,7.76 us ± 0.14
/Record/Section/7/Section/2/Information/2/Value/StringWithMarkup/40/String,string,30.6 m ± 0.8
/Record/Section/7/Section/2/Information/2/Value/StringWithMarkup/41/String,string,813 ns ± 21
/Record/Section/7/Section/2/Information/2/Value/StringWithMarkup/42/String,string,1.81 h ± 0.03
/Record/Section/7/Section/2/Information/2/Value/StringWithMarkup/43/String,string,108 ns ± 2
/Record/Section/7/Section/2/Information/2/Value/StringWithMarkup/44/String,string,1.63 h ± 0.03
/Record/Section/7/Section/2/Information/2/Value/StringWithMarkup/45/String,string,1.5 us ± 0.2
/Record/Section/7/Section/2/Information/2/Value/StringWithMarkup/46/String,string,5.42 h ± 0.05
/Record/Section/7/Section/2/Information/2/Value/StringWithMarkup/47/String,string,916 ns ± 10
/Record/Section/7/Section/2/Information/2/Value/StringWithMarkup/48/String,string,8.1 h ± 0.4
/Record/Section/7/Section/2/Information/2/Value/StringWithMarkup/49/String,string,482 ns ± 6
/Record/Section/7/Section/2/Information/2/Value/StringWithMarkup/50/String,string,5.66 us ± 0.07
/Record/Section/7/Section/2/Information/2/Value/StringWithMarkup/51/String,string,7.214 h ± 0.007
/Record/Section/7/Section/2/Information/2/Value/StringWithMarkup/52/String,string,4.23 us ± 0.07
/Record/Section/7/Section/2/Information/2/Value/StringWithMarkup/53/String,string,314 ms ± 3
/Record/Section/7/Section/2/Information/2/Value/StringWithMarkup/54/String,string,119 ms ± 3
/Record/Section/7/Section/2/Information/2/Value/StringWithMarkup/55/String,string,152 us ± 5
/Record/Section/7/Section/2/Information/2/Value/StringWithMarkup/56/String,string,125 ns ± 6
/Record/Section/7/Section/2/Information/2/Value/StringWithMarkup/57/String,string,110 ns ± 17
/Record/Section/7/Section/2/Information/2/Value/StringWithMarkup/58/String,string,45 us ± 4
/Record/Section/7/Section/2/Information/2/Value/StringWithMarkup/59/String,string,558 ns ± 10
/Record/Section/7/Section/2/Information/2/Value/StringWithMarkup/60/String,string,265 ns ± 30
/Record/Section/7/Section/2/Information/2/Value/StringWithMarkup/61/String,string,760 ns ± 15
/Record/Section/7/Section/2/Information/2/Value/StringWithMarkup/62/String,string,37 us ± 3
/Record/Section/7/Section/2/Information/2/Value/StringWithMarkup/63/String,string,300 us ± 30
/Record/Section/7/Section/2/Information/2/Value/StringWithMarkup/64/String,string,100 us [Estimated]
/Record/Section/7/Section/2/Information/2/Value/StringWithMarkup/65/String,string,32.6 ms ± 0.3
/Record/Section/7/Section/2/Information/2/Value/StringWithMarkup/66/String,string,1.28 s ± 0.06
/Record/Section/7/Section/2/Information/2/Value/StringWithMarkup/67/String,string,56 s ± 3
/Record/Section/7/Section/2/Information/2/Value/StringWithMarkup/68/String,string,3.71 m ± 0.04
/Record/Section/7/Section/2/Information/2/Value/StringWithMarkup/69/String,string,2.3 m ± 0.2
/Record/Section/7/Section/2/Information/2/Value/StringWithMarkup/70/String,string,54 s ± 10
/Record/Section/7/Section/2/Information/2/Value/StringWithMarkup/71/String,string,50 s ± 7
/Record/Section/7/Section/2/Information/2/Value/StringWithMarkup/72/String,string,2.5 m ± 1.5
/Record/Section/7/Section/2/Information/2/Value/StringWithMarkup/73/String,string,3 s >300ns [Estimated]
/Record/Section/7/Section/2/Information/2/Value/StringWithMarkup/74/String,string,7 m >300ns [Estimated]
/Record/Section/7/Section/2/Information/2/Value/StringWithMarkup/75/String,string,5 s >300ns [Estimated]
/Record/Section/7/Section/2/Information/2/Value/StringWithMarkup/76/String,string,1 m >300ns [Estimated]
/Record/Section/7/Section/2/Information/2/Value/StringWithMarkup/77/String,string,1 s >300ns [Estimated]
/Record/Section/7/Section/2/Information/3/ReferenceNumber,number,2
/Record/Section/7/Section/2/Information/3/Name,string,Discovery Year
/Record/Section/7/Section/2/Information/3/Value/StringWithMarkup/0/String,string,2003
/Record/Section/7/Section/2/Information/3/Value/StringWithMarkup/1/String,string,2003
/Record/Section/7/Section/2/Information/3/Value/StringWithMarkup/2/String,string,2006
/Record/Section/7/Section/2/Information/3/Value/StringWithMarkup/3/String,string,2006
/Record/Section/7/Section/2/Information/3/Value/StringWithMarkup/4/String,string,2003
/Record/Section/7/Section/2/Information/3/Value/StringWithMarkup/5/String,string,1995
/Record/Section/7/Section/2/Information/3/Value/StringWithMarkup/6/String,string,2003
/Record/Section/7/Section/2/Information/3/Value/StringWithMarkup/7/String,string,2009
/Record/Section/7/Section/2/Information/3/Value/StringWithMarkup/8/String,string,1984
/Record/Section/7/Section/2/Information/3/Value/StringWithMarkup/9/String,string,1999
/Record/Section/7/Section/2/Information/3/Value/StringWithMarkup/10/String,string,1995
/Record/Section/7/Section/2/Information/3/Value/StringWithMarkup/11/String,string,
/Record/Section/7/Section/2/Information/3/Value/StringWithMarkup/12/String,string,1967
/Record/Section/7/Section/2/Information/3/Value/StringWithMarkup/13/String,string,1996
/Record/Section/7/Section/2/Information/3/Value/StringWithMarkup/14/String,string,2000
/Record/Section/7/Section/2/Information/3/Value/StringWithMarkup/15/String,string,1967
/Record/Section/7/Section/2/Information/3/Value/StringWithMarkup/16/String,string,1985
/Record/Section/7/Section/2/Information/3/Value/StringWithMarkup/17/String,string,1999
/Record/Section/7/Section/2/Information/3/Value/StringWithMarkup/18/String,string,1967
/Record/Section/7/Section/2/Information/3/Value/StringWithMarkup/19/String,string,1967
/Record/Section/7/Section/2/Information/3/Value/StringWithMarkup/20/String,string,1967
/Record/Section/7/Section/2/Information/3/Value/StringWithMarkup/21/String,string,2013
/Record/Section/7/Section/2/Information/3/Value/StringWithMarkup/22/String,string,2000
/Record/Section/7/Section/2/Information/3/Value/StringWithMarkup/23/String,string,2010
/Record/Section/7/Section/2/Information/3/Value/StringWithMarkup/24/String,string,1963
/Record/Section/7/Section/2/Information/3/Value/StringWithMarkup/25/String,string,1967
/Record/Section/7/Section/2/Information/3/Value/StringWithMarkup/26/String,string,1967
/Record/Section/7/Section/2/Information/3/Value/StringWithMarkup/27/String,string,1963
/Record/Section/7/Section/2/Information/3/Value/StringWithMarkup/28/String,string,2015
/Record/Section/7/Section/2/Information/3/Value/StringWithMarkup/29/String,string,2015
/Record/Section/7/Section/2/Information/3/Value/StringWithMarkup/30/String,string,1961
/Record/Section/7/Section/2/Information/3/Value/StringWithMarkup/31/String,string,1992
/Record/Section/7/Section/2/Information/3/Value/StringWithMarkup/32/String,string,1992
/Record/Section/7/Section/2/Information/3/Value/StringWithMarkup/33/String,string,1951
/Record/Section/7/Section/2/Information/3/Value/StringWithMarkup/34/String,string,2017
/Record/Section/7/Section/2/Information/3/Value/StringWithMarkup/35/String,string,2018
/Record/Section/7/Section/2/Information/3/Value/StringWithMarkup/36/String,string,1961
/Record/Section/7/Section/2/Information/3/Value/StringWithMarkup/37/String,string,1969
/Record/Section/7/Section/2/Information/3/Value/StringWithMarkup/38/String,string,1951
/Record/Section/7/Section/2/Information/3/Value/StringWithMarkup/39/String,string,1982
/Record/Section/7/Section/2/Information/3/Value/StringWithMarkup/40/String,string,1961
/Record/Section/7/Section/2/Information/3/Value/StringWithMarkup/41/String,string,1999
/Record/Section/7/Section/2/Information/3/Value/StringWithMarkup/42/String,string,1951
/Record/Section/7/Section/2/Information/3/Value/StringWithMarkup/43/String,string,1981
/Record/Section/7/Section/2/Information/3/Value/StringWithMarkup/44/String,string,1950
/Record/Section/7/Section/2/Information/3/Value/StringWithMarkup/45/String,string,1991
/Record/Section/7/Section/2/Information/3/Value/StringWithMarkup/46/String,string,1951
/Record/Section/7/Section/2/Information/3/Value/StringWithMarkup/47/String,string,1975
/Record/Section/7/Section/2/Information/3/Value/StringWithMarkup/48/String,string,1949
/Record/Section/7/Section/2/Information/3/Value/StringWithMarkup/49/String,string,1970
/Record/Section/7/Section/2/Information/3/Value/StringWithMarkup/50/String,string,1975
/Record/Section/7/Section/2/Information/3/Value/StringWithMarkup/51/String,string,1940
/Record/Section/7/Section/2/Information/3/Value/StringWithMarkup/52/String,string,1971
/Record/Section/7/Section/2/Information/3/Value/StringWithMarkup/53/String,string,1954
/Record/Section/7/Section/2/Information/3/Value/StringWithMarkup/54/String,string,1970
/Record/Section/7/Section/2/Information/3/Value/StringWithMarkup/55/String,string,1998
/Record/Section/7/Section/2/Information/3/Value/StringWithMarkup/56/String,string,1968
/Record/Section/7/Section/2/Information/3/Value/StringWithMarkup/57/String,string,1980
/Record/Section/7/Section/2/Information/3/Value/StringWithMarkup/58/String,string,2003
/Record/Section/7/Section/2/Information/3/Value/StringWithMarkup/59/String,string,1949
/Record/Section/7/Section/2/Information/3/Value/StringWithMarkup/60/String,string,1982
/Record/Section/7/Section/2/Information/3/Value/StringWithMarkup/61/String,string,1982
/Record/Section/7/Section/2/Information/3/Value/StringWithMarkup/62/String,string,1944
/Record/Section/7/Section/2/Information/3/Value/StringWithMarkup/63/String,string,1948
/Record/Section/7/Section/2/Information/3/Value/StringWithMarkup/64/String,string,1971
/Record/Section/7/Section/2/Information/3/Value/StringWithMarkup/65/String,string,1947
/Record/Section/7/Section/2/Information/3/Value/StringWithMarkup/66/String,string,1943
/Record/Section/7/Section/2/Information/3/Value/StringWithMarkup/67/String,string,1953
/Record/Section/7/Section/2/Information/3/Value/StringWithMarkup/68/String,string,1989
/Record/Section/7/Section/2/Information/3/Value/StringWithMarkup/69/String,string,1989
/Record/Section/7/Section/2/Information/3/Value/StringWithMarkup/70/String,string,1989
/Record/Section/7/Section/2/Information/3/Value/StringWithMarkup/71/String,string,1989
/Record/Section/7/Section/2/Information/3/Value/StringWithMarkup/72/String,string,2010
/Record/Section/7/Section/2/Information/3/Value/StringWithMarkup/73/String,string,2010
/Record/Section/7/Section/2/Information/3/Value/StringWithMarkup/74/String,string,2010
/Record/Section/7/Section/2/Information/3/Value/StringWithMarkup/75/String,string,2010
/Record/Section/7/Section/2/Information/3/Value/StringWithMarkup/76/String,string,2010
/Record/Section/7/Section/2/Information/3/Value/StringWithMarkup/77/String,string,2010
/Record/Section/7/Section/2/Information/4/ReferenceNumber,number,2
/Record/Section/7/Section/2/Information/4/Name,string,"Decay Modes, Intensities and Uncertainties [%]"
/Record/Section/7/Section/2/Information/4/Value/StringWithMarkup/0/String,string,α≈100%; β+ ?
/Record/Section/7/Section/2/Information/4/Value/StringWithMarkup/0/Markup/0/Start,number,9
/Record/Section/7/Section/2/Information/4/Value/StringWithMarkup/0/Markup/0/Length,number,1
/Record/Section/7/Section/2/Information/4/Value/StringWithMarkup/0/Markup/0/Type,string,Superscript
/Record/Section/7/Section/2/Information/4/Value/StringWithMarkup/1/String,string,α≈100%; β+ ?
/Record/Section/7/Section/2/Information/4/Value/StringWithMarkup/1/Markup/0/Start,number,9
/Record/Section/7/Section/2/Information/4/Value/StringWithMarkup/1/Markup/0/Length,number,1
/Record/Section/7/Section/2/Information/4/Value/StringWithMarkup/1/Markup/0/Type,string,Superscript
/Record/Section/7/Section/2/Information/4/Value/StringWithMarkup/2/String,string,α=100%; β+ ?; β+SF<0.51%
/Record/Section/7/Section/2/Information/4/Value/StringWithMarkup/2/Markup/0/Start,number,9
/Record/Section/7/Section/2/Information/4/Value/StringWithMarkup/2/Markup/0/Length,number,1
/Record/Section/7/Section/2/Information/4/Value/StringWithMarkup/2/Markup/0/Type,string,Superscript
/Record/Section/7/Section/2/Information/4/Value/StringWithMarkup/2/Markup/1/Start,number,15
/Record/Section/7/Section/2/Information/4/Value/StringWithMarkup/2/Markup/1/Length,number,1
/Record/Section/7/Section/2/Information/4/Value/StringWithMarkup/2/Markup/1/Type,string,Superscript
/Record/Section/7/Section/2/Information/4/Value/StringWithMarkup/3/String,string,α=100%; β+ ?; β+SF<0.51%
/Record/Section/7/Section/2/Information/4/Value/StringWithMarkup/3/Markup/0/Start,number,9
/Record/Section/7/Section/2/Information/4/Value/StringWithMarkup/3/Markup/0/Length,number,1
/Record/Section/7/Section/2/Information/4/Value/StringWithMarkup/3/Markup/0/Type,string,Superscript
/Record/Section/7/Section/2/Information/4/Value/StringWithMarkup/3/Markup/1/Start,number,15
/Record/Section/7/Section/2/Information/4/Value/StringWithMarkup/3/Markup/1/Length,number,1
/Record/Section/7/Section/2/Information/4/Value/StringWithMarkup/3/Markup/1/Type,string,Superscript
/Record/Section/7/Section/2/Information/4/Value/StringWithMarkup/4/String,string,α≈100%
/Record/Section/7/Section/2/Information/4/Value/StringWithMarkup/5/String,string,α≈100%
/Record/Section/7/Section/2/Information/4/Value/StringWithMarkup/6/String,string,IT=76±1%; α=24±1%
/Record/Section/7/Section/2/Information/4/Value/StringWithMarkup/7/String,string,α≈100%; β+=8.3%[Estimated]; β+SF=0.032%[Estimated]
/Record/Section/7/Section/2/Information/4/Value/StringWithMarkup/7/Markup/0/Start,number,9
/Record/Section/7/Section/2/Information/4/Value/StringWithMarkup/7/Markup/0/Length,number,1
/Record/Section/7/Section/2/Information/4/Value/StringWithMarkup/7/Markup/0/Type,string,Superscript
/Record/Section/7/Section/2/Information/4/Value/StringWithMarkup/7/Markup/1/Start,number,29
/Record/Section/7/Section/2/Information/4/Value/StringWithMarkup/7/Markup/1/Length,number,1
/Record/Section/7/Section/2/Information/4/Value/StringWithMarkup/7/Markup/1/Type,string,Superscript
/Record/Section/7/Section/2/Information/4/Value/StringWithMarkup/8/String,string,α≈100%; β+=8.3%[Estimated]; β+SF=0.032%[Estimated]
/Record/Section/7/Section/2/Information/4/Value/StringWithMarkup/8/Markup/0/Start,number,9
/Record/Section/7/Section/2/Information/4/Value/StringWithMarkup/8/Markup/0/Length,number,1
/Record/Section/7/Section/2/Information/4/Value/StringWithMarkup/8/Markup/0/Type,string,Superscript
/Record/Section/7/Section/2/Information/4/Value/StringWithMarkup/8/Markup/1/Start,number,29
/Record/Section/7/Section/2/Information/4/Value/StringWithMarkup/8/Markup/1/Length,number,1
/Record/Section/7/Section/2/Information/4/Value/StringWithMarkup/8/Markup/1/Type,string,Superscript
/Record/Section/7/Section/2/Information/4/Value/StringWithMarkup/9/String,string,α≈100%; β+ ?
/Record/Section/7/Section/2/Information/4/Value/StringWithMarkup/9/Markup/0/Start,number,9
/Record/Section/7/Section/2/Information/4/Value/StringWithMarkup/9/Markup/0/Length,number,1
/Record/Section/7/Section/2/Information/4/Value/StringWithMarkup/9/Markup/0/Type,string,Superscript
/Record/Section/7/Section/2/Information/4/Value/StringWithMarkup/10/String,string,α=88±0.4%; IT=12±0.4%; β+ ?
/Record/Section/7/Section/2/Information/4/Value/StringWithMarkup/10/Markup/0/Start,number,24
/Record/Section/7/Section/2/Information/4/Value/StringWithMarkup/10/Markup/0/Length,number,1
/Record/Section/7/Section/2/Information/4/Value/StringWithMarkup/10/Markup/0/Type,string,Superscript
/Record/Section/7/Section/2/Information/4/Value/StringWithMarkup/11/String,string,IT ?
/Record/Section/7/Section/2/Information/4/Value/StringWithMarkup/12/String,string,α=97.5±0.3%; β+ ?; β+SF=0.009±0.1%
/Record/Section/7/Section/2/Information/4/Value/StringWithMarkup/12/Markup/0/Start,number,14
/Record/Section/7/Section/2/Information/4/Value/StringWithMarkup/12/Markup/0/Length,number,1
/Record/Section/7/Section/2/Information/4/Value/StringWithMarkup/12/Markup/0/Type,string,Superscript
/Record/Section/7/Section/2/Information/4/Value/StringWithMarkup/12/Markup/1/Start,number,20
/Record/Section/7/Section/2/Information/4/Value/StringWithMarkup/12/Markup/1/Length,number,1
/Record/Section/7/Section/2/Information/4/Value/StringWithMarkup/12/Markup/1/Type,string,Superscript
/Record/Section/7/Section/2/Information/4/Value/StringWithMarkup/13/String,string,α≈100%
/Record/Section/7/Section/2/Information/4/Value/StringWithMarkup/14/String,string,IT=100%
/Record/Section/7/Section/2/Information/4/Value/StringWithMarkup/15/String,string,α=96.1±1.2%; β+=3.9±1.2%
/Record/Section/7/Section/2/Information/4/Value/StringWithMarkup/15/Markup/0/Start,number,14
/Record/Section/7/Section/2/Information/4/Value/StringWithMarkup/15/Markup/0/Length,number,1
/Record/Section/7/Section/2/Information/4/Value/StringWithMarkup/15/Markup/0/Type,string,Superscript
/Record/Section/7/Section/2/Information/4/Value/StringWithMarkup/16/String,string,α≈100%; β+ ?; IT<0.004%; β+ ?
/Record/Section/7/Section/2/Information/4/Value/StringWithMarkup/16/Markup/0/Start,number,9
/Record/Section/7/Section/2/Information/4/Value/StringWithMarkup/16/Markup/0/Length,number,1
/Record/Section/7/Section/2/Information/4/Value/StringWithMarkup/16/Markup/0/Type,string,Superscript
/Record/Section/7/Section/2/Information/4/Value/StringWithMarkup/16/Markup/1/Start,number,26
/Record/Section/7/Section/2/Information/4/Value/StringWithMarkup/16/Markup/1/Length,number,1
/Record/Section/7/Section/2/Information/4/Value/StringWithMarkup/16/Markup/1/Type,string,Superscript
/Record/Section/7/Section/2/Information/4/Value/StringWithMarkup/17/String,string,IT=100%
/Record/Section/7/Section/2/Information/4/Value/StringWithMarkup/18/String,string,α≈97.0±1.7%; β+ ?
/Record/Section/7/Section/2/Information/4/Value/StringWithMarkup/18/Markup/0/Start,number,14
/Record/Section/7/Section/2/Information/4/Value/StringWithMarkup/18/Markup/0/Length,number,1
/Record/Section/7/Section/2/Information/4/Value/StringWithMarkup/18/Markup/0/Type,string,Superscript
/Record/Section/7/Section/2/Information/4/Value/StringWithMarkup/19/String,string,α=93±0.4%; β+ ?
/Record/Section/7/Section/2/Information/4/Value/StringWithMarkup/19/Markup/0/Start,number,12
/Record/Section/7/Section/2/Information/4/Value/StringWithMarkup/19/Markup/0/Length,number,1
/Record/Section/7/Section/2/Information/4/Value/StringWithMarkup/19/Markup/0/Type,string,Superscript
/Record/Section/7/Section/2/Information/4/Value/StringWithMarkup/20/String,string,α=89±0.6%; β+ ?
/Record/Section/7/Section/2/Information/4/Value/StringWithMarkup/20/Markup/0/Start,number,12
/Record/Section/7/Section/2/Information/4/Value/StringWithMarkup/20/Markup/0/Length,number,1
/Record/Section/7/Section/2/Information/4/Value/StringWithMarkup/20/Markup/0/Type,string,Superscript
/Record/Section/7/Section/2/Information/4/Value/StringWithMarkup/21/String,string,IT≈99%; α≈1%
/Record/Section/7/Section/2/Information/4/Value/StringWithMarkup/22/String,string,IT=100%
/Record/Section/7/Section/2/Information/4/Value/StringWithMarkup/23/String,string,IT=100%
/Record/Section/7/Section/2/Information/4/Value/StringWithMarkup/24/String,string,α=52±0.3%; β+=48±0.3%
/Record/Section/7/Section/2/Information/4/Value/StringWithMarkup/24/Markup/0/Start,number,12
/Record/Section/7/Section/2/Information/4/Value/StringWithMarkup/24/Markup/0/Length,number,1
/Record/Section/7/Section/2/Information/4/Value/StringWithMarkup/24/Markup/0/Type,string,Superscript
/Record/Section/7/Section/2/Information/4/Value/StringWithMarkup/25/String,string,α=43±0.7%; β+=57±0.7%; IT ?
/Record/Section/7/Section/2/Information/4/Value/StringWithMarkup/25/Markup/0/Start,number,12
/Record/Section/7/Section/2/Information/4/Value/StringWithMarkup/25/Markup/0/Length,number,1
/Record/Section/7/Section/2/Information/4/Value/StringWithMarkup/25/Markup/0/Type,string,Superscript
/Record/Section/7/Section/2/Information/4/Value/StringWithMarkup/26/String,string,IT ?; α≈10.5±0.3%; β+ ?
/Record/Section/7/Section/2/Information/4/Value/StringWithMarkup/26/Markup/0/Start,number,20
/Record/Section/7/Section/2/Information/4/Value/StringWithMarkup/26/Markup/0/Length,number,1
/Record/Section/7/Section/2/Information/4/Value/StringWithMarkup/26/Markup/0/Type,string,Superscript
/Record/Section/7/Section/2/Information/4/Value/StringWithMarkup/27/String,string,α=71±0.7%; β+=29±0.7%
/Record/Section/7/Section/2/Information/4/Value/StringWithMarkup/27/Markup/0/Start,number,12
/Record/Section/7/Section/2/Information/4/Value/StringWithMarkup/27/Markup/0/Length,number,1
/Record/Section/7/Section/2/Information/4/Value/StringWithMarkup/27/Markup/0/Type,string,Superscript
/Record/Section/7/Section/2/Information/4/Value/StringWithMarkup/28/String,string,IT=100%
/Record/Section/7/Section/2/Information/4/Value/StringWithMarkup/29/String,string,IT=100%
/Record/Section/7/Section/2/Information/4/Value/StringWithMarkup/30/String,string,β+=88±0.7%; α=12±0.7%
/Record/Section/7/Section/2/Information/4/Value/StringWithMarkup/30/Markup/0/Start,number,1
/Record/Section/7/Section/2/Information/4/Value/StringWithMarkup/30/Markup/0/Length,number,1
/Record/Section/7/Section/2/Information/4/Value/StringWithMarkup/30/Markup/0/Type,string,Superscript
/Record/Section/7/Section/2/Information/4/Value/StringWithMarkup/31/String,string,β+=91.5±1.5%; α=8.5±1.5%; IT ?
/Record/Section/7/Section/2/Information/4/Value/StringWithMarkup/31/Markup/0/Start,number,1
/Record/Section/7/Section/2/Information/4/Value/StringWithMarkup/31/Markup/0/Length,number,1
/Record/Section/7/Section/2/Information/4/Value/StringWithMarkup/31/Markup/0/Type,string,Superscript
/Record/Section/7/Section/2/Information/4/Value/StringWithMarkup/32/String,string,IT=99.904±1.1%; α=0.096±1.1%; β+ ?
/Record/Section/7/Section/2/Information/4/Value/StringWithMarkup/32/Markup/0/Start,number,31
/Record/Section/7/Section/2/Information/4/Value/StringWithMarkup/32/Markup/0/Length,number,1
/Record/Section/7/Section/2/Information/4/Value/StringWithMarkup/32/Markup/0/Type,string,Superscript
/Record/Section/7/Section/2/Information/4/Value/StringWithMarkup/33/String,string,β+=69±0.3%; α=31±0.3%
/Record/Section/7/Section/2/Information/4/Value/StringWithMarkup/33/Markup/0/Start,number,1
/Record/Section/7/Section/2/Information/4/Value/StringWithMarkup/33/Markup/0/Length,number,1
/Record/Section/7/Section/2/Information/4/Value/StringWithMarkup/33/Markup/0/Type,string,Superscript
/Record/Section/7/Section/2/Information/4/Value/StringWithMarkup/34/String,string,IT=100%
/Record/Section/7/Section/2/Information/4/Value/StringWithMarkup/35/String,string,IT=100%
/Record/Section/7/Section/2/Information/4/Value/StringWithMarkup/36/String,string,β+=96.2±0.2%; α=3.8±0.2%
/Record/Section/7/Section/2/Information/4/Value/StringWithMarkup/36/Markup/0/Start,number,1
/Record/Section/7/Section/2/Information/4/Value/StringWithMarkup/36/Markup/0/Length,number,1
/Record/Section/7/Section/2/Information/4/Value/StringWithMarkup/36/Markup/0/Type,string,Superscript
/Record/Section/7/Section/2/Information/4/Value/StringWithMarkup/37/String,string,IT=100%
/Record/Section/7/Section/2/Information/4/Value/StringWithMarkup/38/String,string,β+=90±0.2%; α=10±0.2%
/Record/Section/7/Section/2/Information/4/Value/StringWithMarkup/38/Markup/0/Start,number,1
/Record/Section/7/Section/2/Information/4/Value/StringWithMarkup/38/Markup/0/Length,number,1
/Record/Section/7/Section/2/Information/4/Value/StringWithMarkup/38/Markup/0/Type,string,Superscript
/Record/Section/7/Section/2/Information/4/Value/StringWithMarkup/39/String,string,IT=100%
/Record/Section/7/Section/2/Information/4/Value/StringWithMarkup/40/String,string,β+=99.10±0.8%; α=0.90±0.8%
/Record/Section/7/Section/2/Information/4/Value/StringWithMarkup/40/Markup/0/Start,number,1
/Record/Section/7/Section/2/Information/4/Value/StringWithMarkup/40/Markup/0/Length,number,1
/Record/Section/7/Section/2/Information/4/Value/StringWithMarkup/40/Markup/0/Type,string,Superscript
/Record/Section/7/Section/2/Information/4/Value/StringWithMarkup/41/String,string,IT=100%
/Record/Section/7/Section/2/Information/4/Value/StringWithMarkup/42/String,string,β+≈90%; α≈10%
/Record/Section/7/Section/2/Information/4/Value/StringWithMarkup/42/Markup/0/Start,number,1
/Record/Section/7/Section/2/Information/4/Value/StringWithMarkup/42/Markup/0/Length,number,1
/Record/Section/7/Section/2/Information/4/Value/StringWithMarkup/42/Markup/0/Type,string,Superscript
/Record/Section/7/Section/2/Information/4/Value/StringWithMarkup/43/String,string,IT=100%
/Record/Section/7/Section/2/Information/4/Value/StringWithMarkup/44/String,string,β+=99.45±0.6%; α=0.55±0.6%
/Record/Section/7/Section/2/Information/4/Value/StringWithMarkup/44/Markup/0/Start,number,1
/Record/Section/7/Section/2/Information/4/Value/StringWithMarkup/44/Markup/0/Length,number,1
/Record/Section/7/Section/2/Information/4/Value/StringWithMarkup/44/Markup/0/Type,string,Superscript
/Record/Section/7/Section/2/Information/4/Value/StringWithMarkup/45/String,string,IT=100%
/Record/Section/7/Section/2/Information/4/Value/StringWithMarkup/46/String,string,β+=96.1±0.4%; α=3.9±0.4%
/Record/Section/7/Section/2/Information/4/Value/StringWithMarkup/46/Markup/0/Start,number,1
/Record/Section/7/Section/2/Information/4/Value/StringWithMarkup/46/Markup/0/Length,number,1
/Record/Section/7/Section/2/Information/4/Value/StringWithMarkup/46/Markup/0/Type,string,Superscript
/Record/Section/7/Section/2/Information/4/Value/StringWithMarkup/47/String,string,IT=100%
/Record/Section/7/Section/2/Information/4/Value/StringWithMarkup/48/String,string,β+=99.825±2%; α=0.175±2%
/Record/Section/7/Section/2/Information/4/Value/StringWithMarkup/48/Markup/0/Start,number,1
/Record/Section/7/Section/2/Information/4/Value/StringWithMarkup/48/Markup/0/Length,number,1
/Record/Section/7/Section/2/Information/4/Value/StringWithMarkup/48/Markup/0/Type,string,Superscript
/Record/Section/7/Section/2/Information/4/Value/StringWithMarkup/49/String,string,IT=100%
/Record/Section/7/Section/2/Information/4/Value/StringWithMarkup/50/String,string,IT=100%
/Record/Section/7/Section/2/Information/4/Value/StringWithMarkup/51/String,string,ε=58.20±0.8%; α=41.80±0.8%
/Record/Section/7/Section/2/Information/4/Value/StringWithMarkup/52/String,string,IT=100%
/Record/Section/7/Section/2/Information/4/Value/StringWithMarkup/53/String,string,α≈100%; β+ ?; β- ?
/Record/Section/7/Section/2/Information/4/Value/StringWithMarkup/53/Markup/0/Start,number,9
/Record/Section/7/Section/2/Information/4/Value/StringWithMarkup/53/Markup/0/Length,number,1
/Record/Section/7/Section/2/Information/4/Value/StringWithMarkup/53/Markup/0/Type,string,Superscript
/Record/Section/7/Section/2/Information/4/Value/StringWithMarkup/53/Markup/1/Start,number,15
/Record/Section/7/Section/2/Information/4/Value/StringWithMarkup/53/Markup/1/Length,number,1
/Record/Section/7/Section/2/Information/4/Value/StringWithMarkup/53/Markup/1/Type,string,Superscript
/Record/Section/7/Section/2/Information/4/Value/StringWithMarkup/54/String,string,α≈100%; IT ?
/Record/Section/7/Section/2/Information/4/Value/StringWithMarkup/55/String,string,IT=100%
/Record/Section/7/Section/2/Information/4/Value/StringWithMarkup/56/String,string,α=100%
/Record/Section/7/Section/2/Information/4/Value/StringWithMarkup/57/String,string,IT=100%
/Record/Section/7/Section/2/Information/4/Value/StringWithMarkup/58/String,string,IT=100%
/Record/Section/7/Section/2/Information/4/Value/StringWithMarkup/59/String,string,α=100%
/Record/Section/7/Section/2/Information/4/Value/StringWithMarkup/60/String,string,α≈100%; IT ?
/Record/Section/7/Section/2/Information/4/Value/StringWithMarkup/61/String,string,α≈100%; IT ?
/Record/Section/7/Section/2/Information/4/Value/StringWithMarkup/62/String,string,α=100%
/Record/Section/7/Section/2/Information/4/Value/StringWithMarkup/63/String,string,α≈100%; β- ?; ε ?
/Record/Section/7/Section/2/Information/4/Value/StringWithMarkup/63/Markup/0/Start,number,9
/Record/Section/7/Section/2/Information/4/Value/StringWithMarkup/63/Markup/0/Length,number,1
/Record/Section/7/Section/2/Information/4/Value/StringWithMarkup/63/Markup/0/Type,string,Superscript
/Record/Section/7/Section/2/Information/4/Value/StringWithMarkup/64/String,string,α=100%
/Record/Section/7/Section/2/Information/4/Value/StringWithMarkup/65/String,string,α=99.992±0.2%; β-=0.008±0.2%
/Record/Section/7/Section/2/Information/4/Value/StringWithMarkup/65/Markup/0/Start,number,16
/Record/Section/7/Section/2/Information/4/Value/StringWithMarkup/65/Markup/0/Length,number,1
/Record/Section/7/Section/2/Information/4/Value/StringWithMarkup/65/Markup/0/Type,string,Superscript
/Record/Section/7/Section/2/Information/4/Value/StringWithMarkup/66/String,string,α≈100%; β- ?
/Record/Section/7/Section/2/Information/4/Value/StringWithMarkup/66/Markup/0/Start,number,9
/Record/Section/7/Section/2/Information/4/Value/StringWithMarkup/66/Markup/0/Length,number,1
/Record/Section/7/Section/2/Information/4/Value/StringWithMarkup/66/Markup/0/Type,string,Superscript
/Record/Section/7/Section/2/Information/4/Value/StringWithMarkup/67/String,string,α=93.6±1%; β-=6.4±1%
/Record/Section/7/Section/2/Information/4/Value/StringWithMarkup/67/Markup/0/Start,number,12
/Record/Section/7/Section/2/Information/4/Value/StringWithMarkup/67/Markup/0/Length,number,1
/Record/Section/7/Section/2/Information/4/Value/StringWithMarkup/67/Markup/0/Type,string,Superscript
/Record/Section/7/Section/2/Information/4/Value/StringWithMarkup/68/String,string,β-=92±0.2%; α=8±0.2%
/Record/Section/7/Section/2/Information/4/Value/StringWithMarkup/68/Markup/0/Start,number,1
/Record/Section/7/Section/2/Information/4/Value/StringWithMarkup/68/Markup/0/Length,number,1
/Record/Section/7/Section/2/Information/4/Value/StringWithMarkup/68/Markup/0/Type,string,Superscript
/Record/Section/7/Section/2/Information/4/Value/StringWithMarkup/69/String,string,β-=100%
/Record/Section/7/Section/2/Information/4/Value/StringWithMarkup/69/Markup/0/Start,number,1
/Record/Section/7/Section/2/Information/4/Value/StringWithMarkup/69/Markup/0/Length,number,1
/Record/Section/7/Section/2/Information/4/Value/StringWithMarkup/69/Markup/0/Type,string,Superscript
/Record/Section/7/Section/2/Information/4/Value/StringWithMarkup/70/String,string,β-=100%
/Record/Section/7/Section/2/Information/4/Value/StringWithMarkup/70/Markup/0/Start,number,1
/Record/Section/7/Section/2/Information/4/Value/StringWithMarkup/70/Markup/0/Length,number,1
/Record/Section/7/Section/2/Information/4/Value/StringWithMarkup/70/Markup/0/Type,string,Superscript
/Record/Section/7/Section/2/Information/4/Value/StringWithMarkup/71/String,string,β-≈100%; α ?
/Record/Section/7/Section/2/Information/4/Value/StringWithMarkup/71/Markup/0/Start,number,1
/Record/Section/7/Section/2/Information/4/Value/StringWithMarkup/71/Markup/0/Length,number,1
/Record/Section/7/Section/2/Information/4/Value/StringWithMarkup/71/Markup/0/Type,string,Superscript
/Record/Section/7/Section/2/Information/4/Value/StringWithMarkup/72/String,string,β-=100%
/Record/Section/7/Section/2/Information/4/Value/StringWithMarkup/72/Markup/0/Start,number,1
/Record/Section/7/Section/2/Information/4/Value/StringWithMarkup/72/Markup/0/Length,number,1
/Record/Section/7/Section/2/Information/4/Value/StringWithMarkup/72/Markup/0/Type,string,Superscript
/Record/Section/7/Section/2/Information/4/Value/StringWithMarkup/73/String,string,β- ?; β-n ?
/Record/Section/7/Section/2/Information/4/Value/StringWithMarkup/73/Markup/0/Start,number,1
/Record/Section/7/Section/2/Information/4/Value/StringWithMarkup/73/Markup/0/Length,number,1
/Record/Section/7/Section/2/Information/4/Value/StringWithMarkup/73/Markup/0/Type,string,Superscript
/Record/Section/7/Section/2/Information/4/Value/StringWithMarkup/73/Markup/1/Start,number,7
/Record/Section/7/Section/2/Information/4/Value/StringWithMarkup/73/Markup/1/Length,number,1
/Record/Section/7/Section/2/Information/4/Value/StringWithMarkup/73/Markup/1/Type,string,Superscript
/Record/Section/7/Section/2/Information/4/Value/StringWithMarkup/74/String,string,β- ?; β-n ?
/Record/Section/7/Section/2/Information/4/Value/StringWithMarkup/74/Markup/0/Start,number,1
/Record/Section/7/Section/2/Information/4/Value/StringWithMarkup/74/Markup/0/Length,number,1
/Record/Section/7/Section/2/Information/4/Value/StringWithMarkup/74/Markup/0/Type,string,Superscript
/Record/Section/7/Section/2/Information/4/Value/StringWithMarkup/74/Markup/1/Start,number,7
/Record/Section/7/Section/2/Information/4/Value/StringWithMarkup/74/Markup/1/Length,number,1
/Record/Section/7/Section/2/Information/4/Value/StringWithMarkup/74/Markup/1/Type,string,Superscript
/Record/Section/7/Section/2/Information/4/Value/StringWithMarkup/75/String,string,β- ?; β-n ?
/Record/Section/7/Section/2/Information/4/Value/StringWithMarkup/75/Markup/0/Start,number,1
/Record/Section/7/Section/2/Information/4/Value/StringWithMarkup/75/Markup/0/Length,number,1
/Record/Section/7/Section/2/Information/4/Value/StringWithMarkup/75/Markup/0/Type,string,Superscript
/Record/Section/7/Section/2/Information/4/Value/StringWithMarkup/75/Markup/1/Start,number,7
/Record/Section/7/Section/2/Information/4/Value/StringWithMarkup/75/Markup/1/Length,number,1
/Record/Section/7/Section/2/Information/4/Value/StringWithMarkup/75/Markup/1/Type,string,Superscript
/Record/Section/7/Section/2/Information/4/Value/StringWithMarkup/76/String,string,β- ?; β-n ?
/Record/Section/7/Section/2/Information/4/Value/StringWithMarkup/76/Markup/0/Start,number,1
/Record/Section/7/Section/2/Information/4/Value/StringWithMarkup/76/Markup/0/Length,number,1
/Record/Section/7/Section/2/Information/4/Value/StringWithMarkup/76/Markup/0/Type,string,Superscript
/Record/Section/7/Section/2/Information/4/Value/StringWithMarkup/76/Markup/1/Start,number,7
/Record/Section/7/Section/2/Information/4/Value/StringWithMarkup/76/Markup/1/Length,number,1
/Record/Section/7/Section/2/Information/4/Value/StringWithMarkup/76/Markup/1/Type,string,Superscript
/Record/Section/7/Section/2/Information/4/Value/StringWithMarkup/77/String,string,β- ?; β-n ?
/Record/Section/7/Section/2/Information/4/Value/StringWithMarkup/77/Markup/0/Start,number,1
/Record/Section/7/Section/2/Information/4/Value/StringWithMarkup/77/Markup/0/Length,number,1
/Record/Section/7/Section/2/Information/4/Value/StringWithMarkup/77/Markup/0/Type,string,Superscript
/Record/Section/7/Section/2/Information/4/Value/StringWithMarkup/77/Markup/1/Start,number,7
/Record/Section/7/Section/2/Information/4/Value/StringWithMarkup/77/Markup/1/Length,number,1
/Record/Section/7/Section/2/Information/4/Value/StringWithMarkup/77/Markup/1/Type,string,Superscript
/Record/Reference/0/ReferenceNumber,number,1
/Record/Reference/0/SourceName,string,PubChem
/Record/Reference/0/SourceID,string,PubChem
/Record/Reference/0/Description,string,Data deposited in or computed by PubChem
/Record/Reference/0/URL,string,https://pubchem.ncbi.nlm.nih.gov
/Record/Reference/1/ReferenceNumber,number,2
/Record/Reference/1/SourceName,string,"Atomic Mass Data Center (AMDC), International Atomic Energy Agency (IAEA)"
/Record/Reference/1/SourceID,string,e85
/Record/Reference/1/Name,string,At
/Record/Reference/1/Description,string,The half-life and atomic mass data was provided by the Atomic Mass Data Center at the International Atomic Energy Agency.
/Record/Reference/1/URL,string,https://www-nds.iaea.org/amdc/
/Record/Reference/1/LicenseURL,string,https://www-nds.iaea.org/disclaimer.html
/Record/Reference/1/ANID,number,6590312
/Record/Reference/2/ReferenceNumber,number,3
/Record/Reference/2/SourceName,string,IUPAC Commission on Isotopic Abundances and Atomic Weights (CIAAW)
/Record/Reference/2/SourceID,string,a85
/Record/Reference/2/Name,string,Astatine
/Record/Reference/2/Description,string,Element data are cited from the Atomic weights of the elements (an IUPAC Technical Report). The IUPAC periodic table of elements can be found at https://iupac.org/what-we-do/periodic-table-of-elements/. Additional information can be found within IUPAC publication doi:10.1515/pac-2015-0703 Copyright © 2020 International Union of Pure and Applied Chemistry.
/Record/Reference/2/URL,string,https://www.ciaaw.org/
/Record/Reference/2/LicenseURL,string,http://www.ciaaw.org/bylaws.htm
/Record/Reference/2/ANID,number,2292466
/Record/Reference/3/ReferenceNumber,number,4
/Record/Reference/3/SourceName,string,IUPAC Periodic Table of the Elements and Isotopes (IPTEI)
/Record/Reference/3/SourceID,string,p85
/Record/Reference/3/Description,string,"The information are cited from Pure Appl. Chem. 2018; 90(12): 1833-2092, https://doi.org/10.1515/pac-2015-0703."
/Record/Reference/3/URL,string,https://doi.org/10.1515/pac-2015-0703
/Record/Reference/3/LicenseNote,string,"Copyright (c) 2020 International Union of Pure and Applied Chemistry.

The International Union of Pure and Applied Chemistry (IUPAC) contribution within Pubchem is provided under a CC-BY-NC-ND 4.0 license, unless otherwise stated."
/Record/Reference/3/LicenseURL,string,https://creativecommons.org/licenses/by-nc-nd/4.0/
/Record/Reference/3/ANID,number,13296490
/Record/Reference/4/ReferenceNumber,number,5
/Record/Reference/4/SourceName,string,"Jefferson Lab, U.S. Department of Energy"
/Record/Reference/4/SourceID,string,jlab85
/Record/Reference/4/Name,string,Astatine
/Record/Reference/4/Description,string,"Thomas Jefferson National Accelerator Facility (Jefferson Lab) is one of 17 national laboratories funded by the U.S. Department of Energy. The lab's primary mission is to conduct basic research of the atom's nucleus using the lab's unique particle accelerator, known as the Continuous Electron Beam Accelerator Facility (CEBAF). For more information visit https://www.jlab.org/"
/Record/Reference/4/URL,string,https://education.jlab.org/itselemental/ele085.html
/Record/Reference/4/LicenseNote,string,Please see citation and linking information: https://education.jlab.org/faq/index.html
/Record/Reference/4/LicenseURL,string,https://www.jlab.org/privacy-and-security-notice
/Record/Reference/4/ANID,number,507147
/Record/Reference/5/ReferenceNumber,number,6
/Record/Reference/5/SourceName,string,"Los Alamos National Laboratory, U.S. Department of Energy"
/Record/Reference/5/SourceID,string,lanl85
/Record/Reference/5/Name,string,Astatine
/Record/Reference/5/Description,string,"The periodic table at the LANL (Los Alamos National Laboratory) contains basic element information together with the history, source, properties, use, handling and more. The provenance data may be found from the link under the source name."
/Record/Reference/5/URL,string,https://periodic.lanl.gov/85.shtml
/Record/Reference/5/ANID,number,507265
/Record/Reference/6/ReferenceNumber,number,7
/Record/Reference/6/SourceName,string,NIST Physical Measurement Laboratory
/Record/Reference/6/SourceID,string,e85
/Record/Reference/6/Name,string,Astatine
/Record/Reference/6/Description,string,"The periodic table contains NIST's critically-evaluated data on atomic properties of the elements. The provenance data that include data for atomic spectroscopy, X-ray and gamma ray, radiation dosimetry, nuclear physics, and condensed matter physics may be found from the link under the source name. Ref: https://www.nist.gov/pml/atomic-spectra-database"
/Record/Reference/6/URL,string,https://physics.nist.gov/cgi-bin/Elements/elInfo.pl?element=85
/Record/Reference/6/LicenseURL,string,https://www.nist.gov/pml/database-disclaimer
/Record/Reference/6/ANID,number,2292702
/Record/Reference/7/ReferenceNumber,number,9
/Record/Reference/7/SourceName,string,PubChem Elements
/Record/Reference/7/SourceID,string,ep_85
/Record/Reference/7/Name,string,Astatine
/Record/Reference/7/Description,string,The element property data was retrieved from publications.
/Record/Reference/7/LicenseURL,string,https://www.nlm.nih.gov/copyright.html
/Record/Reference/7/ANID,number,24834206
/Record/Reference/8/ReferenceNumber,number,8
/Record/Reference/8/SourceName,string,PubChem Elements
/Record/Reference/8/SourceID,string,ef_85
/Record/Reference/8/Name,string,Astatine
/Record/Reference/8/Description,string,This section provides all form of data related to element Astatine.
/Record/Reference/8/LicenseURL,string,https://www.nlm.nih.gov/copyright.html
/Record/Reference/8/ANID,number,24834013
