path,type,value
/Record/RecordType,string,AtomicNumber
/Record/RecordNumber,number,22
/Record/RecordTitle,string,Titanium
/Record/Section/0/TOCHeading,string,Identifiers
/Record/Section/0/Description,string,"Identifiers for this element, including element name, element symbol, InChI string, and InChIKey."
/Record/Section/0/Section/0/TOCHeading,string,Element Name
/Record/Section/0/Section/0/Description,string,"The formal, standard name for a given element, originating from factors such as common usage and the person or place involved in its discovery. Element, also called chemical element, refers to a species of atom; all varieties of atoms with the same number of protons in the nucleus (but possibly a different number of neutrons) are considered to be the same element."
/Record/Section/0/Section/0/Information/0/ReferenceNumber,number,1
/Record/Section/0/Section/0/Information/0/Name,string,Element Name
/Record/Section/0/Section/0/Information/0/Value/StringWithMarkup/0/String,string,Titanium
/Record/Section/0/Section/0/Information/1/ReferenceNumber,number,3
/Record/Section/0/Section/0/Information/1/Name,string,Element Name
/Record/Section/0/Section/0/Information/1/Value/StringWithMarkup/0/String,string,Titanium
/Record/Section/0/Section/1/TOCHeading,string,Element Symbol
/Record/Section/0/Section/1/Description,string,"Element symbol, also called atomic symbol, typically consists of one or two letters from the Latin alphabet derived from the element name in one of several languages."
/Record/Section/0/Section/1/Information/0/ReferenceNumber,number,1
/Record/Section/0/Section/1/Information/0/Name,string,Element Symbol
/Record/Section/0/Section/1/Information/0/Value/StringWithMarkup/0/String,string,Ti
/Record/Section/0/Section/1/Information/1/ReferenceNumber,number,3
/Record/Section/0/Section/1/Information/1/Name,string,Element Symbol
/Record/Section/0/Section/1/Information/1/Value/StringWithMarkup/0/String,string,Ti
/Record/Section/0/Section/2/TOCHeading,string,InChI
/Record/Section/0/Section/2/Description,string,"The International Chemical Identifier (InChI) is a computed, non-proprietary identifier for a chemical structure.  The InChI is an International Union of Pure and Applied Chemistry (IUPAC) standard."
/Record/Section/0/Section/2/URL,string,https://iupac.org/who-we-are/divisions/division-details/inchi/
/Record/Section/0/Section/2/Information/0/ReferenceNumber,number,1
/Record/Section/0/Section/2/Information/0/Name,string,InChI
/Record/Section/0/Section/2/Information/0/Value/StringWithMarkup/0/String,string,InChI=1S/Ti
/Record/Section/0/Section/3/TOCHeading,string,InChIKey
/Record/Section/0/Section/3/Description,string,"An InChIKey is a 27-character hashed code derived from an InChI.  The International Chemical Identifier (InChI) is a computed, non-proprietary identifier for a chemical structure.  The InChI is an International Union of Pure and Applied Chemistry (IUPAC) standard."
/Record/Section/0/Section/3/URL,string,https://iupac.org/who-we-are/divisions/division-details/inchi/
/Record/Section/0/Section/3/Information/0/ReferenceNumber,number,1
/Record/Section/0/Section/3/Information/0/Name,string,InChIKey
/Record/Section/0/Section/3/Information/0/Value/StringWithMarkup/0/String,string,RTAQQCXQSZGOHL-UHFFFAOYSA-N
/Record/Section/1/TOCHeading,string,Properties
/Record/Section/1/Description,string,"Characteristics of this element, such as atomic number, atomic mass, density, melting point, boiling point and so on."
/Record/Section/1/Section/0/TOCHeading,string,Atomic Weight
/Record/Section/1/Section/0/Description,string,"Also called relative atomic mass, is the ratio of the average mass of the atom to the unified atomic mass unit, defined as one twelfth of the mass of a carbon-12 atom in its ground state and used to express masses of atomic particles, u=1.660 5402(10) * 10**(-27) kg. The Standard atomic weights refer to recommended values of relative atomic masses of the elements revised biennially by the IUPAC Commission on Atomic Weights and Isotopic Abundances and applicable to elements in any normal sample with a high level of confidence. The number in the parenthesis refers to an uncertainty when exists. The unit of atomic weight is the dalton or unified atomic mass unit (symbol: Da or u)."
/Record/Section/1/Section/0/Information/0/ReferenceNumber,number,3
/Record/Section/1/Section/0/Information/0/Name,string,Atomic Weight
/Record/Section/1/Section/0/Information/0/Value/StringWithMarkup/0/String,string,47.867(1)
/Record/Section/1/Section/0/Information/1/ReferenceNumber,number,5
/Record/Section/1/Section/0/Information/1/Value/StringWithMarkup/0/String,string,47.867
/Record/Section/1/Section/0/Information/2/ReferenceNumber,number,6
/Record/Section/1/Section/0/Information/2/Value/StringWithMarkup/0/String,string,47.88
/Record/Section/1/Section/0/Information/3/ReferenceNumber,number,7
/Record/Section/1/Section/0/Information/3/Value/StringWithMarkup/0/String,string,47.867(1)
/Record/Section/1/Section/1/TOCHeading,string,Electron Configuration
/Record/Section/1/Section/1/Description,string,"The electron configuration refers a distribution of the electrons of an atom or a molecular entity over a set of one-electron wavefunctions (called orbitals), according to the Pauli principle. From one configuration several states with different multiplicities may result."
/Record/Section/1/Section/1/URL,string,https://chem.libretexts.org/Courses/Sacramento_City_College/SCC%3A_Chem_420_-_Organic_Chemistry_I/Text/01%3A_Introduction_and_Review/1.04%3A_Electron_Configurations
/Record/Section/1/Section/1/Information/0/ReferenceNumber,number,6
/Record/Section/1/Section/1/Information/0/Value/StringWithMarkup/0/String,string,[Ar]4s23d2
/Record/Section/1/Section/1/Information/0/Value/StringWithMarkup/0/Markup/0/Start,number,6
/Record/Section/1/Section/1/Information/0/Value/StringWithMarkup/0/Markup/0/Length,number,1
/Record/Section/1/Section/1/Information/0/Value/StringWithMarkup/0/Markup/0/Type,string,Superscript
/Record/Section/1/Section/1/Information/0/Value/StringWithMarkup/0/Markup/1/Start,number,9
/Record/Section/1/Section/1/Information/0/Value/StringWithMarkup/0/Markup/1/Length,number,1
/Record/Section/1/Section/1/Information/0/Value/StringWithMarkup/0/Markup/1/Type,string,Superscript
/Record/Section/1/Section/2/TOCHeading,string,Atomic Radius
/Record/Section/1/Section/2/Description,string,"The atomic radius of a chemical element is a measure of the size of its atom, usually, the distance from the center of the nucleus to the outermost isolated electron.  Because an atom does not have a discrete boundary, there are various non-equivalent definitions of atomic radius, such as Van der Waals radius and covalent radius."
/Record/Section/1/Section/2/Information/0/ReferenceNumber,number,6
/Record/Section/1/Section/2/Information/0/Name,string,Van der Waals Atomic Radius
/Record/Section/1/Section/2/Information/0/Value/StringWithMarkup/0/String,string,187 pm (Van der Waals)
/Record/Section/1/Section/2/Information/1/ReferenceNumber,number,9
/Record/Section/1/Section/2/Information/1/Name,string,Empirical Atomic Radius
/Record/Section/1/Section/2/Information/1/Reference/0,string,"J.C. Slater, J Chem Phys, 1964, 41(10), 3199-3205. DOI:10.1063/1.1725697"
/Record/Section/1/Section/2/Information/1/ExtendedReference/0/Citation,string,"J.C. Slater, J Chem Phys, 1964, 41(10), 3199-3205. DOI:10.1063/1.1725697"
/Record/Section/1/Section/2/Information/1/Value/Number/0,number,140
/Record/Section/1/Section/2/Information/1/Value/Unit,string,pm (Empirical)
/Record/Section/1/Section/2/Information/2/ReferenceNumber,number,9
/Record/Section/1/Section/2/Information/2/Name,string,Covalent Atomic Radius
/Record/Section/1/Section/2/Information/2/Reference/0,string,"B. Cordero, V. Gómez, A.E. Platero-Prats, M. Revés, J. Echeverría, E. Cremades, F. Barragán, S. Alvarez, Dalton Trans. 2008, 21, 2832-2838. DOI:10.1039/b801115j PMID:18478144."
/Record/Section/1/Section/2/Information/2/ExtendedReference/0/Citation,string,"B. Cordero, V. Gómez, A.E. Platero-Prats, M. Revés, J. Echeverría, E. Cremades, F. Barragán, S. Alvarez, Dalton Trans. 2008, 21, 2832-2838. DOI:10.1039/b801115j PMID:18478144."
/Record/Section/1/Section/2/Information/2/Value/StringWithMarkup/0/String,string,160(8) pm (Covalent)
/Record/Section/1/Section/3/TOCHeading,string,Oxidation States
/Record/Section/1/Section/3/Description,string,"The oxidation state(s) that this element commonly has in a compound.  The oxidation state of an atom is defined as the hypothetical charge that would be held by that atom if all of its bonds to other atoms were completely ionic in nature. For example, the oxidation state of carbon in CO2 would be +4 since the hypothetical charge held by the carbon atom if both of the carbon-oxygen double bonds were completely ionic would be equal to +4 (each oxygen atom would hold a charge of -2 since oxygen is more electronegative than carbon)."
/Record/Section/1/Section/3/URL,string,https://chem.libretexts.org/Bookshelves/General_Chemistry/Map%3A_Chemistry_-_The_Central_Science_(Brown_et_al.)/20%3A_Electrochemistry/20.01%3A_Oxidation_States_and_Redox_Reactions
/Record/Section/1/Section/3/Information/0/ReferenceNumber,number,5
/Record/Section/1/Section/3/Information/0/Value/StringWithMarkup/0/String,string,"+4, +3, +2"
/Record/Section/1/Section/3/Information/1/ReferenceNumber,number,6
/Record/Section/1/Section/3/Information/1/Value/StringWithMarkup/0/String,string,"4, 3, 2, 1, -1, -2 ​(an amphoteric oxide)"
/Record/Section/1/Section/4/TOCHeading,string,Ground Level
/Record/Section/1/Section/4/Description,string,Also called ground-state level. The ground state electron configuration is the arrangement of electrons around the nucleus of an atom with lower energy levels.
/Record/Section/1/Section/4/Information/0/ReferenceNumber,number,7
/Record/Section/1/Section/4/Information/0/Value/StringWithMarkup/0/String,string,3F2
/Record/Section/1/Section/4/Information/0/Value/StringWithMarkup/0/Markup/0/Start,number,0
/Record/Section/1/Section/4/Information/0/Value/StringWithMarkup/0/Markup/0/Length,number,1
/Record/Section/1/Section/4/Information/0/Value/StringWithMarkup/0/Markup/0/Type,string,Superscript
/Record/Section/1/Section/4/Information/0/Value/StringWithMarkup/0/Markup/1/Start,number,2
/Record/Section/1/Section/4/Information/0/Value/StringWithMarkup/0/Markup/1/Length,number,1
/Record/Section/1/Section/4/Information/0/Value/StringWithMarkup/0/Markup/1/Type,string,Subscript
/Record/Section/1/Section/5/TOCHeading,string,Ionization Energy
/Record/Section/1/Section/5/Description,string,"Ionization energy, also called ionization potential, is the amount of energy required to remove an electron from an isolated atom or molecule."
/Record/Section/1/Section/5/URL,string,https://www.britannica.com/science/ionization-energy
/Record/Section/1/Section/5/Information/0/ReferenceNumber,number,5
/Record/Section/1/Section/5/Information/0/Value/StringWithMarkup/0/String,string,6.828 eV
/Record/Section/1/Section/5/Information/1/ReferenceNumber,number,7
/Record/Section/1/Section/5/Information/1/Reference/0,string,"Two-Color Resonance Ionization Spectroscopy of Highly Excited Titanium Atoms, L. Matsuoka and S. Hasegawa, J. Opt. Soc. Am. B 24, 2562–2579 (2007) DOI:10.1364/JOSAB.24.002562"
/Record/Section/1/Section/5/Information/1/ExtendedReference/0/Citation,string,"Two-Color Resonance Ionization Spectroscopy of Highly Excited Titanium Atoms, L. Matsuoka and S. Hasegawa, J. Opt. Soc. Am. B 24, 2562–2579 (2007) DOI:10.1364/JOSAB.24.002562"
/Record/Section/1/Section/5/Information/1/Value/StringWithMarkup/0/String,string,6.828120 ± 0.000012 eV
/Record/Section/1/Section/6/TOCHeading,string,Electronegativity
/Record/Section/1/Section/6/Description,string,Electronegativity is a measure of the tendency of an atom to attract a bonding pair of electrons.
/Record/Section/1/Section/6/URL,string,https://chem.libretexts.org/Bookshelves/Physical_and_Theoretical_Chemistry_Textbook_Maps/Supplemental_Modules_(Physical_and_Theoretical_Chemistry)/Physical_Properties_of_Matter/Atomic_and_Molecular_Properties/Electronegativity
/Record/Section/1/Section/6/Information/0/ReferenceNumber,number,9
/Record/Section/1/Section/6/Information/0/Name,string,Pauling Scale Electronegativity
/Record/Section/1/Section/6/Information/0/Reference/0,string,"A.L. Allred, J. Inorg. Nucl. Chem., 1961, 17(3-4), 215-221. DOI:10.1016/0022-1902(61)80142-5"
/Record/Section/1/Section/6/Information/0/ExtendedReference/0/Citation,string,"A.L. Allred, J. Inorg. Nucl. Chem., 1961, 17(3-4), 215-221. DOI:10.1016/0022-1902(61)80142-5"
/Record/Section/1/Section/6/Information/0/Value/Number/0,number,1.54
/Record/Section/1/Section/6/Information/0/Value/Unit,string,(Pauling Scale)
/Record/Section/1/Section/6/Information/1/ReferenceNumber,number,9
/Record/Section/1/Section/6/Information/1/Name,string,Allen Scale Electronegativity
/Record/Section/1/Section/6/Information/1/Reference/0,string,"L.C. Allen, J. Am. Chem. Soc., 1989, 111, 9003. DOI:10.1021/ja00207a003"
/Record/Section/1/Section/6/Information/1/Reference/1,string,"J.B. Mann, T.L. Meek and L.C. Allen, J. Am. Chem. Soc., 2000, 122, 2780. DOI:10.1021/ja992866e"
/Record/Section/1/Section/6/Information/1/Reference/2,string,"J.B. Mann, T.L. Meek, E.T. Knight, J.F. Capitani and L.C Allen, J. Am. Chem. Soc., 2000, 122, 5132. DOI:10.1021/ja9928677"
/Record/Section/1/Section/6/Information/1/ExtendedReference/0/Citation,string,"L.C. Allen, J. Am. Chem. Soc., 1989, 111, 9003. DOI:10.1021/ja00207a003"
/Record/Section/1/Section/6/Information/1/ExtendedReference/1/Citation,string,"J.B. Mann, T.L. Meek and L.C. Allen, J. Am. Chem. Soc., 2000, 122, 2780. DOI:10.1021/ja992866e"
/Record/Section/1/Section/6/Information/1/ExtendedReference/2/Citation,string,"J.B. Mann, T.L. Meek, E.T. Knight, J.F. Capitani and L.C Allen, J. Am. Chem. Soc., 2000, 122, 5132. DOI:10.1021/ja9928677"
/Record/Section/1/Section/6/Information/1/Value/Number/0,number,1.38
/Record/Section/1/Section/6/Information/1/Value/Unit,string,(Allen Scale)
/Record/Section/1/Section/7/TOCHeading,string,Electron Affinity
/Record/Section/1/Section/7/Description,string,"Electron affinity refers to the energy released when an additional electron is attached to a neutral atom to form a singly charged negative ion.  Alternatively, it can also be defined as the energy required to detach an electron from the singly charged negative ion."
/Record/Section/1/Section/7/URL,string,https://chem.libretexts.org/Bookshelves/Physical_and_Theoretical_Chemistry_Textbook_Maps/Supplemental_Modules_(Physical_and_Theoretical_Chemistry)/Physical_Properties_of_Matter/Atomic_and_Molecular_Properties/Electron_Affinity
/Record/Section/1/Section/7/Information/0/ReferenceNumber,number,9
/Record/Section/1/Section/7/Information/0/Reference/0,string,"R.T Myers, J. Chem. Edu., 1990, 67(4), 307. DOI:10.1021/ed067p307"
/Record/Section/1/Section/7/Information/0/ExtendedReference/0/Citation,string,"R.T Myers, J. Chem. Edu., 1990, 67(4), 307. DOI:10.1021/ed067p307"
/Record/Section/1/Section/7/Information/0/Value/Number/0,number,0.079
/Record/Section/1/Section/7/Information/0/Value/Unit,string,eV
/Record/Section/1/Section/7/Information/1/ReferenceNumber,number,9
/Record/Section/1/Section/7/Information/1/Reference/0,string,"R.J. Zollweg, J. Chem. Phys., 1969, 50, 4251. DOI:10.1063/1.1670890"
/Record/Section/1/Section/7/Information/1/ExtendedReference/0/Citation,string,"R.J. Zollweg, J. Chem. Phys., 1969, 50, 4251. DOI:10.1063/1.1670890"
/Record/Section/1/Section/7/Information/1/Value/Number/0,number,-0.02
/Record/Section/1/Section/7/Information/1/Value/Unit,string,eV
/Record/Section/1/Section/8/TOCHeading,string,Atomic Spectra
/Record/Section/1/Section/8/Description,string,The spectrum of the electromagnetic radiation emitted or absorbed by an electron during transitions between different energy levels within an atom.
/Record/Section/1/Section/8/Information/0/ReferenceNumber,number,7
/Record/Section/1/Section/8/Information/0/URL,string,https://physics.nist.gov/cgi-bin/ASD/lines_hold.pl?el=Ti
/Record/Section/1/Section/8/Information/0/Value/StringWithMarkup/0/String,string,Lines Holdings
/Record/Section/1/Section/8/Information/1/ReferenceNumber,number,7
/Record/Section/1/Section/8/Information/1/URL,string,https://physics.nist.gov/cgi-bin/ASD/levels_hold.pl?el=Ti
/Record/Section/1/Section/8/Information/1/Value/StringWithMarkup/0/String,string,Levels Holdings
/Record/Section/1/Section/9/TOCHeading,string,Physical Description
/Record/Section/1/Section/9/Description,string,"The appearance or features of this element, including color, odor, state, taste and more in general."
/Record/Section/1/Section/9/Information/0/ReferenceNumber,number,5
/Record/Section/1/Section/9/Information/0/Value/StringWithMarkup/0/String,string,Solid
/Record/Section/1/Section/10/TOCHeading,string,Element Classification
/Record/Section/1/Section/10/Description,string,"Classification according to the element's chemical and physical properties, and location within the periodic table."
/Record/Section/1/Section/10/Information/0/ReferenceNumber,number,5
/Record/Section/1/Section/10/Information/0/Value/StringWithMarkup/0/String,string,Metal
/Record/Section/1/Section/11/TOCHeading,string,Element Period Number
/Record/Section/1/Section/11/Description,string,The element period number refers to a horizontal row of the periodic table. The periodic table has 7 periods.
/Record/Section/1/Section/11/Information/0/ReferenceNumber,number,5
/Record/Section/1/Section/11/Information/0/Value/StringWithMarkup/0/String,string,4
/Record/Section/1/Section/12/TOCHeading,string,Element Group Number
/Record/Section/1/Section/12/Description,string,Element group refers to a set of chemical elements in the same vertical column of the periodic table
/Record/Section/1/Section/12/Information/0/ReferenceNumber,number,5
/Record/Section/1/Section/12/Information/0/Value/StringWithMarkup/0/String,string,4
/Record/Section/1/Section/13/TOCHeading,string,Density
/Record/Section/1/Section/13/Description,string,This section provides information on the density of an element. It is the mass of a unit volume of the element and commonly expressed in units of kg/m3 or g/cm3.
/Record/Section/1/Section/13/URL,string,https://chem.libretexts.org/Bookshelves/Introductory_Chemistry/Map%3A_Fundamentals_of_General_Organic_and_Biological_Chemistry_(McMurry_et_al.)/01%3A_Matter_and_Measurements/1.12%3A_Density_and_Specific_Gravity
/Record/Section/1/Section/13/Information/0/ReferenceNumber,number,5
/Record/Section/1/Section/13/Information/0/Value/StringWithMarkup/0/String,string,4.5 grams per cubic centimeter
/Record/Section/1/Section/14/TOCHeading,string,Melting Point
/Record/Section/1/Section/14/Description,string,"This section provides the melting point and/or freezing point. The melting point is the temperature at which a substance changes state from solid to liquid at atmospheric pressure. When considered as the temperature of the reverse change (from liquid to solid), it is referred to as the freezing point."
/Record/Section/1/Section/14/URL,string,https://chem.libretexts.org/Bookshelves/Organic_Chemistry/Organic_Chemistry_Lab_Techniques_(Nichols)/06%3A_Miscellaneous_Techniques/6.01%3A_Melting_Point
/Record/Section/1/Section/14/Information/0/ReferenceNumber,number,5
/Record/Section/1/Section/14/Information/0/Value/StringWithMarkup/0/String,string,1941 K (1668°C or 3034°F)
/Record/Section/1/Section/14/Information/1/ReferenceNumber,number,6
/Record/Section/1/Section/14/Information/1/Value/StringWithMarkup/0/String,string,1668°C
/Record/Section/1/Section/15/TOCHeading,string,Boiling Point
/Record/Section/1/Section/15/Description,string,The temperature at which this element changes state from liquid to gas at a given atmospheric pressure.
/Record/Section/1/Section/15/URL,string,https://chem.libretexts.org/Bookshelves/Organic_Chemistry/Organic_Chemistry_Lab_Techniques_(Nichols)/06%3A_Miscellaneous_Techniques/6.02%3A_Boiling_Point
/Record/Section/1/Section/15/Information/0/ReferenceNumber,number,5
/Record/Section/1/Section/15/Information/0/Value/StringWithMarkup/0/String,string,3560 K (3287°C or 5949°F)
/Record/Section/1/Section/15/Information/1/ReferenceNumber,number,6
/Record/Section/1/Section/15/Information/1/Value/StringWithMarkup/0/String,string,3287°C
/Record/Section/1/Section/16/TOCHeading,string,Estimated Crustal Abundance
/Record/Section/1/Section/16/Description,string,The estimated element abundance in the earth's crust.
/Record/Section/1/Section/16/Information/0/ReferenceNumber,number,5
/Record/Section/1/Section/16/Information/0/Value/StringWithMarkup/0/String,string,5.65×103 milligrams per kilogram
/Record/Section/1/Section/16/Information/0/Value/StringWithMarkup/0/Markup/0/Start,number,7
/Record/Section/1/Section/16/Information/0/Value/StringWithMarkup/0/Markup/0/Length,number,1
/Record/Section/1/Section/16/Information/0/Value/StringWithMarkup/0/Markup/0/Type,string,Superscript
/Record/Section/1/Section/17/TOCHeading,string,Estimated Oceanic Abundance
/Record/Section/1/Section/17/Description,string,The estimated element abundance in the earth's oceans.
/Record/Section/1/Section/17/Information/0/ReferenceNumber,number,5
/Record/Section/1/Section/17/Information/0/Value/StringWithMarkup/0/String,string,1×10-3 milligrams per liter
/Record/Section/1/Section/17/Information/0/Value/StringWithMarkup/0/Markup/0/Start,number,4
/Record/Section/1/Section/17/Information/0/Value/StringWithMarkup/0/Markup/0/Length,number,2
/Record/Section/1/Section/17/Information/0/Value/StringWithMarkup/0/Markup/0/Type,string,Superscript
/Record/Section/2/TOCHeading,string,History
/Record/Section/2/Description,string,The history of the discovery and use of this element.
/Record/Section/2/Information/0/ReferenceNumber,number,3
/Record/Section/2/Information/0/Name,string,History
/Record/Section/2/Information/0/Value/StringWithMarkup/0/String,string,"The name derives from the Latin titans, who were the mythological ""first sons of the earth"". It was originally discovered by the English clergyman William Gregor in the mineral ilmenite (FeTiO3) in 1791. He called this mineral menachanite and the element menachin, for the Menachan parish where it was found. It was rediscovered in 1795 by the German chemist Martin Heinrich Klaproth, who called it titanium because it had no characteristic properties to use as a name. Titanium metal was first isolated by the Swedish chemists Sven Otto Pettersson and Lars Fredrik Nilson."
/Record/Section/2/Information/0/Value/StringWithMarkup/0/Markup/0/Start,number,32
/Record/Section/2/Information/0/Value/StringWithMarkup/0/Markup/0/Length,number,6
/Record/Section/2/Information/0/Value/StringWithMarkup/0/Markup/0/Type,string,Italics
/Record/Section/2/Information/0/Value/StringWithMarkup/0/Markup/1/Start,number,192
/Record/Section/2/Information/0/Value/StringWithMarkup/0/Markup/1/Length,number,1
/Record/Section/2/Information/0/Value/StringWithMarkup/0/Markup/1/Type,string,Subscript
/Record/Section/2/Information/1/ReferenceNumber,number,5
/Record/Section/2/Information/1/Value/StringWithMarkup/0/String,string,"Titanium was discovered in 1791 by the Reverend William Gregor, an English pastor. Pure titanium was first produced by Matthew A. Hunter, an American metallurgist, in 1910. Titanium is the ninth most abundant element in the earth's crust and is primarily found in the minerals rutile (TiO2), ilmenite (FeTiO3) and sphene (CaTiSiO5). Titanium makes up about 0.57% of the earth's crust."
/Record/Section/2/Information/1/Value/StringWithMarkup/0/Markup/0/Start,number,288
/Record/Section/2/Information/1/Value/StringWithMarkup/0/Markup/0/Length,number,1
/Record/Section/2/Information/1/Value/StringWithMarkup/0/Markup/0/Type,string,Subscript
/Record/Section/2/Information/1/Value/StringWithMarkup/0/Markup/1/Start,number,307
/Record/Section/2/Information/1/Value/StringWithMarkup/0/Markup/1/Length,number,1
/Record/Section/2/Information/1/Value/StringWithMarkup/0/Markup/1/Type,string,Subscript
/Record/Section/2/Information/1/Value/StringWithMarkup/0/Markup/2/Start,number,329
/Record/Section/2/Information/1/Value/StringWithMarkup/0/Markup/2/Length,number,1
/Record/Section/2/Information/1/Value/StringWithMarkup/0/Markup/2/Type,string,Subscript
/Record/Section/2/Information/2/ReferenceNumber,number,6
/Record/Section/2/Information/2/Value/StringWithMarkup/0/String,string,"From the Latin titans, the first sons of the Earth, Greek mythology."
/Record/Section/2/Information/2/Value/StringWithMarkup/1/String,string,"Discovered by Gregor in 1791; named by Klaproth in 1795. Impure titanium was prepared by Nilson and Pettersson in 1887; however, the pure metal (99.9%) was not made until 1910 when Hunter heated TiCl4 with sodium in a steel bomb."
/Record/Section/2/Information/2/Value/StringWithMarkup/1/Markup/0/Start,number,199
/Record/Section/2/Information/2/Value/StringWithMarkup/1/Markup/0/Length,number,1
/Record/Section/2/Information/2/Value/StringWithMarkup/1/Markup/0/Type,string,Subscript
/Record/Section/2/Section/0/TOCHeading,string,Historical Atomic Weights
/Record/Section/2/Section/0/Description,string,This section provides the historical atomic weights. The atomic weight shown in brackets means the value range while others shown with uncertainty in parenthesis.
/Record/Section/2/Section/0/DisplayControls/CreateTable/FromInformationIn,string,ThisSection
/Record/Section/2/Section/0/DisplayControls/CreateTable/NumberOfColumns,number,3
/Record/Section/2/Section/0/DisplayControls/CreateTable/ColumnsFromNamedLists/Name/0,string,Year
/Record/Section/2/Section/0/DisplayControls/CreateTable/ColumnsFromNamedLists/Name/1,string,Atomic Weight (uncertainty) [u]
/Record/Section/2/Section/0/DisplayControls/CreateTable/ColumnsFromNamedLists/Name/2,string,Reference
/Record/Section/2/Section/0/DisplayControls/CreateTable/ColumnsFromNamedLists/UseNamesAsColumnHeadings,boolean,true
/Record/Section/2/Section/0/Information/0/ReferenceNumber,number,3
/Record/Section/2/Section/0/Information/0/Name,string,Year
/Record/Section/2/Section/0/Information/0/Value/StringWithMarkup/0/String,string,1993
/Record/Section/2/Section/0/Information/0/Value/StringWithMarkup/1/String,string,1979
/Record/Section/2/Section/0/Information/0/Value/StringWithMarkup/2/String,string,1969
/Record/Section/2/Section/0/Information/0/Value/StringWithMarkup/3/String,string,1931
/Record/Section/2/Section/0/Information/0/Value/StringWithMarkup/4/String,string,1902
/Record/Section/2/Section/0/Information/1/ReferenceNumber,number,3
/Record/Section/2/Section/0/Information/1/Name,string,Atomic Weight (uncertainty)
/Record/Section/2/Section/0/Information/1/Value/StringWithMarkup/0/String,string,47.867(1)
/Record/Section/2/Section/0/Information/1/Value/StringWithMarkup/1/String,string,47.88(3)
/Record/Section/2/Section/0/Information/1/Value/StringWithMarkup/2/String,string,47.90(3)
/Record/Section/2/Section/0/Information/1/Value/StringWithMarkup/3/String,string,47.90
/Record/Section/2/Section/0/Information/1/Value/StringWithMarkup/4/String,string,48.1
/Record/Section/2/Section/0/Information/2/ReferenceNumber,number,3
/Record/Section/2/Section/0/Information/2/Name,string,Reference
/Record/Section/2/Section/0/Information/2/Value/StringWithMarkup/0/String,string,doi:10.1351/pac199466122423
/Record/Section/2/Section/0/Information/2/Value/StringWithMarkup/0/Markup/0/Start,number,0
/Record/Section/2/Section/0/Information/2/Value/StringWithMarkup/0/Markup/0/Length,number,27
/Record/Section/2/Section/0/Information/2/Value/StringWithMarkup/0/Markup/0/URL,string,https://doi.org/10.1351/pac199466122423
/Record/Section/2/Section/0/Information/2/Value/StringWithMarkup/1/String,string,doi:10.1351/pac198052102349
/Record/Section/2/Section/0/Information/2/Value/StringWithMarkup/1/Markup/0/Start,number,0
/Record/Section/2/Section/0/Information/2/Value/StringWithMarkup/1/Markup/0/Length,number,27
/Record/Section/2/Section/0/Information/2/Value/StringWithMarkup/1/Markup/0/URL,string,https://doi.org/10.1351/pac198052102349
/Record/Section/2/Section/0/Information/2/Value/StringWithMarkup/2/String,string,doi:10.1351/pac197021010091
/Record/Section/2/Section/0/Information/2/Value/StringWithMarkup/2/Markup/0/Start,number,0
/Record/Section/2/Section/0/Information/2/Value/StringWithMarkup/2/Markup/0/Length,number,27
/Record/Section/2/Section/0/Information/2/Value/StringWithMarkup/2/Markup/0/URL,string,https://doi.org/10.1351/pac197021010091
/Record/Section/2/Section/0/Information/2/Value/StringWithMarkup/3/String,string,doi:10.1039/JR9310001617
/Record/Section/2/Section/0/Information/2/Value/StringWithMarkup/3/Markup/0/Start,number,0
/Record/Section/2/Section/0/Information/2/Value/StringWithMarkup/3/Markup/0/Length,number,24
/Record/Section/2/Section/0/Information/2/Value/StringWithMarkup/3/Markup/0/URL,string,https://doi.org/10.1039/JR9310001617
/Record/Section/2/Section/0/Information/2/Value/StringWithMarkup/4/String,string,doi:10.1007/BF01370337
/Record/Section/2/Section/0/Information/2/Value/StringWithMarkup/4/Markup/0/Start,number,0
/Record/Section/2/Section/0/Information/2/Value/StringWithMarkup/4/Markup/0/Length,number,22
/Record/Section/2/Section/0/Information/2/Value/StringWithMarkup/4/Markup/0/URL,string,https://doi.org/10.1007/BF01370337
/Record/Section/2/Section/1/TOCHeading,string,Historical Isotopic Abundances
/Record/Section/2/Section/1/Description,string,This section provides the historical isotopic abundance information. The abundance value shown in brackets means the value range while others shown with uncertainty in parenthesis.
/Record/Section/2/Section/1/DisplayControls/CreateTable/FromInformationIn,string,ThisSection
/Record/Section/2/Section/1/DisplayControls/CreateTable/NumberOfColumns,number,4
/Record/Section/2/Section/1/DisplayControls/CreateTable/ColumnsFromNamedLists/Name/0,string,Year
/Record/Section/2/Section/1/DisplayControls/CreateTable/ColumnsFromNamedLists/Name/1,string,Isotope
/Record/Section/2/Section/1/DisplayControls/CreateTable/ColumnsFromNamedLists/Name/2,string,Abundance (uncertainty)
/Record/Section/2/Section/1/DisplayControls/CreateTable/ColumnsFromNamedLists/Name/3,string,Reference
/Record/Section/2/Section/1/DisplayControls/CreateTable/ColumnsFromNamedLists/UseNamesAsColumnHeadings,boolean,true
/Record/Section/2/Section/1/Information/0/ReferenceNumber,number,3
/Record/Section/2/Section/1/Information/0/Name,string,Year
/Record/Section/2/Section/1/Information/0/Value/StringWithMarkup/0/String,string,1997
/Record/Section/2/Section/1/Information/0/Value/StringWithMarkup/1/String,string,1997
/Record/Section/2/Section/1/Information/0/Value/StringWithMarkup/2/String,string,1997
/Record/Section/2/Section/1/Information/0/Value/StringWithMarkup/3/String,string,1997
/Record/Section/2/Section/1/Information/0/Value/StringWithMarkup/4/String,string,1997
/Record/Section/2/Section/1/Information/0/Value/StringWithMarkup/5/String,string,1981
/Record/Section/2/Section/1/Information/0/Value/StringWithMarkup/6/String,string,1981
/Record/Section/2/Section/1/Information/0/Value/StringWithMarkup/7/String,string,1981
/Record/Section/2/Section/1/Information/0/Value/StringWithMarkup/8/String,string,1981
/Record/Section/2/Section/1/Information/0/Value/StringWithMarkup/9/String,string,1981
/Record/Section/2/Section/1/Information/0/Value/StringWithMarkup/10/String,string,1979
/Record/Section/2/Section/1/Information/0/Value/StringWithMarkup/11/String,string,1979
/Record/Section/2/Section/1/Information/0/Value/StringWithMarkup/12/String,string,1979
/Record/Section/2/Section/1/Information/0/Value/StringWithMarkup/13/String,string,1979
/Record/Section/2/Section/1/Information/0/Value/StringWithMarkup/14/String,string,1979
/Record/Section/2/Section/1/Information/0/Value/StringWithMarkup/15/String,string,1975
/Record/Section/2/Section/1/Information/0/Value/StringWithMarkup/16/String,string,1975
/Record/Section/2/Section/1/Information/0/Value/StringWithMarkup/17/String,string,1975
/Record/Section/2/Section/1/Information/0/Value/StringWithMarkup/18/String,string,1975
/Record/Section/2/Section/1/Information/0/Value/StringWithMarkup/19/String,string,1975
/Record/Section/2/Section/1/Information/1/ReferenceNumber,number,3
/Record/Section/2/Section/1/Information/1/Name,string,Isotope
/Record/Section/2/Section/1/Information/1/Value/StringWithMarkup/0/String,string,46Ti
/Record/Section/2/Section/1/Information/1/Value/StringWithMarkup/0/Markup/0/Start,number,0
/Record/Section/2/Section/1/Information/1/Value/StringWithMarkup/0/Markup/0/Length,number,2
/Record/Section/2/Section/1/Information/1/Value/StringWithMarkup/0/Markup/0/Type,string,Superscript
/Record/Section/2/Section/1/Information/1/Value/StringWithMarkup/1/String,string,47Ti
/Record/Section/2/Section/1/Information/1/Value/StringWithMarkup/1/Markup/0/Start,number,0
/Record/Section/2/Section/1/Information/1/Value/StringWithMarkup/1/Markup/0/Length,number,2
/Record/Section/2/Section/1/Information/1/Value/StringWithMarkup/1/Markup/0/Type,string,Superscript
/Record/Section/2/Section/1/Information/1/Value/StringWithMarkup/2/String,string,48Ti
/Record/Section/2/Section/1/Information/1/Value/StringWithMarkup/2/Markup/0/Start,number,0
/Record/Section/2/Section/1/Information/1/Value/StringWithMarkup/2/Markup/0/Length,number,2
/Record/Section/2/Section/1/Information/1/Value/StringWithMarkup/2/Markup/0/Type,string,Superscript
/Record/Section/2/Section/1/Information/1/Value/StringWithMarkup/3/String,string,49Ti
/Record/Section/2/Section/1/Information/1/Value/StringWithMarkup/3/Markup/0/Start,number,0
/Record/Section/2/Section/1/Information/1/Value/StringWithMarkup/3/Markup/0/Length,number,2
/Record/Section/2/Section/1/Information/1/Value/StringWithMarkup/3/Markup/0/Type,string,Superscript
/Record/Section/2/Section/1/Information/1/Value/StringWithMarkup/4/String,string,50Ti
/Record/Section/2/Section/1/Information/1/Value/StringWithMarkup/4/Markup/0/Start,number,0
/Record/Section/2/Section/1/Information/1/Value/StringWithMarkup/4/Markup/0/Length,number,2
/Record/Section/2/Section/1/Information/1/Value/StringWithMarkup/4/Markup/0/Type,string,Superscript
/Record/Section/2/Section/1/Information/1/Value/StringWithMarkup/5/String,string,46Ti
/Record/Section/2/Section/1/Information/1/Value/StringWithMarkup/5/Markup/0/Start,number,0
/Record/Section/2/Section/1/Information/1/Value/StringWithMarkup/5/Markup/0/Length,number,2
/Record/Section/2/Section/1/Information/1/Value/StringWithMarkup/5/Markup/0/Type,string,Superscript
/Record/Section/2/Section/1/Information/1/Value/StringWithMarkup/6/String,string,47Ti
/Record/Section/2/Section/1/Information/1/Value/StringWithMarkup/6/Markup/0/Start,number,0
/Record/Section/2/Section/1/Information/1/Value/StringWithMarkup/6/Markup/0/Length,number,2
/Record/Section/2/Section/1/Information/1/Value/StringWithMarkup/6/Markup/0/Type,string,Superscript
/Record/Section/2/Section/1/Information/1/Value/StringWithMarkup/7/String,string,48Ti
/Record/Section/2/Section/1/Information/1/Value/StringWithMarkup/7/Markup/0/Start,number,0
/Record/Section/2/Section/1/Information/1/Value/StringWithMarkup/7/Markup/0/Length,number,2
/Record/Section/2/Section/1/Information/1/Value/StringWithMarkup/7/Markup/0/Type,string,Superscript
/Record/Section/2/Section/1/Information/1/Value/StringWithMarkup/8/String,string,49Ti
/Record/Section/2/Section/1/Information/1/Value/StringWithMarkup/8/Markup/0/Start,number,0
/Record/Section/2/Section/1/Information/1/Value/StringWithMarkup/8/Markup/0/Length,number,2
/Record/Section/2/Section/1/Information/1/Value/StringWithMarkup/8/Markup/0/Type,string,Superscript
/Record/Section/2/Section/1/Information/1/Value/StringWithMarkup/9/String,string,50Ti
/Record/Section/2/Section/1/Information/1/Value/StringWithMarkup/9/Markup/0/Start,number,0
/Record/Section/2/Section/1/Information/1/Value/StringWithMarkup/9/Markup/0/Length,number,2
/Record/Section/2/Section/1/Information/1/Value/StringWithMarkup/9/Markup/0/Type,string,Superscript
/Record/Section/2/Section/1/Information/1/Value/StringWithMarkup/10/String,string,46Ti
/Record/Section/2/Section/1/Information/1/Value/StringWithMarkup/10/Markup/0/Start,number,0
/Record/Section/2/Section/1/Information/1/Value/StringWithMarkup/10/Markup/0/Length,number,2
/Record/Section/2/Section/1/Information/1/Value/StringWithMarkup/10/Markup/0/Type,string,Superscript
/Record/Section/2/Section/1/Information/1/Value/StringWithMarkup/11/String,string,47Ti
/Record/Section/2/Section/1/Information/1/Value/StringWithMarkup/11/Markup/0/Start,number,0
/Record/Section/2/Section/1/Information/1/Value/StringWithMarkup/11/Markup/0/Length,number,2
/Record/Section/2/Section/1/Information/1/Value/StringWithMarkup/11/Markup/0/Type,string,Superscript
/Record/Section/2/Section/1/Information/1/Value/StringWithMarkup/12/String,string,48Ti
/Record/Section/2/Section/1/Information/1/Value/StringWithMarkup/12/Markup/0/Start,number,0
/Record/Section/2/Section/1/Information/1/Value/StringWithMarkup/12/Markup/0/Length,number,2
/Record/Section/2/Section/1/Information/1/Value/StringWithMarkup/12/Markup/0/Type,string,Superscript
/Record/Section/2/Section/1/Information/1/Value/StringWithMarkup/13/String,string,49Ti
/Record/Section/2/Section/1/Information/1/Value/StringWithMarkup/13/Markup/0/Start,number,0
/Record/Section/2/Section/1/Information/1/Value/StringWithMarkup/13/Markup/0/Length,number,2
/Record/Section/2/Section/1/Information/1/Value/StringWithMarkup/13/Markup/0/Type,string,Superscript
/Record/Section/2/Section/1/Information/1/Value/StringWithMarkup/14/String,string,50Ti
/Record/Section/2/Section/1/Information/1/Value/StringWithMarkup/14/Markup/0/Start,number,0
/Record/Section/2/Section/1/Information/1/Value/StringWithMarkup/14/Markup/0/Length,number,2
/Record/Section/2/Section/1/Information/1/Value/StringWithMarkup/14/Markup/0/Type,string,Superscript
/Record/Section/2/Section/1/Information/1/Value/StringWithMarkup/15/String,string,46Ti
/Record/Section/2/Section/1/Information/1/Value/StringWithMarkup/15/Markup/0/Start,number,0
/Record/Section/2/Section/1/Information/1/Value/StringWithMarkup/15/Markup/0/Length,number,2
/Record/Section/2/Section/1/Information/1/Value/StringWithMarkup/15/Markup/0/Type,string,Superscript
/Record/Section/2/Section/1/Information/1/Value/StringWithMarkup/16/String,string,47Ti
/Record/Section/2/Section/1/Information/1/Value/StringWithMarkup/16/Markup/0/Start,number,0
/Record/Section/2/Section/1/Information/1/Value/StringWithMarkup/16/Markup/0/Length,number,2
/Record/Section/2/Section/1/Information/1/Value/StringWithMarkup/16/Markup/0/Type,string,Superscript
/Record/Section/2/Section/1/Information/1/Value/StringWithMarkup/17/String,string,48Ti
/Record/Section/2/Section/1/Information/1/Value/StringWithMarkup/17/Markup/0/Start,number,0
/Record/Section/2/Section/1/Information/1/Value/StringWithMarkup/17/Markup/0/Length,number,2
/Record/Section/2/Section/1/Information/1/Value/StringWithMarkup/17/Markup/0/Type,string,Superscript
/Record/Section/2/Section/1/Information/1/Value/StringWithMarkup/18/String,string,49Ti
/Record/Section/2/Section/1/Information/1/Value/StringWithMarkup/18/Markup/0/Start,number,0
/Record/Section/2/Section/1/Information/1/Value/StringWithMarkup/18/Markup/0/Length,number,2
/Record/Section/2/Section/1/Information/1/Value/StringWithMarkup/18/Markup/0/Type,string,Superscript
/Record/Section/2/Section/1/Information/1/Value/StringWithMarkup/19/String,string,50Ti
/Record/Section/2/Section/1/Information/1/Value/StringWithMarkup/19/Markup/0/Start,number,0
/Record/Section/2/Section/1/Information/1/Value/StringWithMarkup/19/Markup/0/Length,number,2
/Record/Section/2/Section/1/Information/1/Value/StringWithMarkup/19/Markup/0/Type,string,Superscript
/Record/Section/2/Section/1/Information/2/ReferenceNumber,number,3
/Record/Section/2/Section/1/Information/2/Name,string,Abundance (uncertainty)
/Record/Section/2/Section/1/Information/2/Value/StringWithMarkup/0/String,string,0.0825(3)
/Record/Section/2/Section/1/Information/2/Value/StringWithMarkup/1/String,string,0.0744(2)
/Record/Section/2/Section/1/Information/2/Value/StringWithMarkup/2/String,string,0.7372(3)
/Record/Section/2/Section/1/Information/2/Value/StringWithMarkup/3/String,string,0.0541(2)
/Record/Section/2/Section/1/Information/2/Value/StringWithMarkup/4/String,string,0.0518(2)
/Record/Section/2/Section/1/Information/2/Value/StringWithMarkup/5/String,string,0.080(1)
/Record/Section/2/Section/1/Information/2/Value/StringWithMarkup/6/String,string,0.073(1)
/Record/Section/2/Section/1/Information/2/Value/StringWithMarkup/7/String,string,0.738(1)
/Record/Section/2/Section/1/Information/2/Value/StringWithMarkup/8/String,string,0.055(1)
/Record/Section/2/Section/1/Information/2/Value/StringWithMarkup/9/String,string,0.054(1)
/Record/Section/2/Section/1/Information/2/Value/StringWithMarkup/10/String,string,0.082(5)
/Record/Section/2/Section/1/Information/2/Value/StringWithMarkup/11/String,string,0.074(3)
/Record/Section/2/Section/1/Information/2/Value/StringWithMarkup/12/String,string,0.738(5)
/Record/Section/2/Section/1/Information/2/Value/StringWithMarkup/13/String,string,0.054(2)
/Record/Section/2/Section/1/Information/2/Value/StringWithMarkup/14/String,string,0.052(3)
/Record/Section/2/Section/1/Information/2/Value/StringWithMarkup/15/String,string,0.08
/Record/Section/2/Section/1/Information/2/Value/StringWithMarkup/16/String,string,0.075
/Record/Section/2/Section/1/Information/2/Value/StringWithMarkup/17/String,string,0.737
/Record/Section/2/Section/1/Information/2/Value/StringWithMarkup/18/String,string,0.055
/Record/Section/2/Section/1/Information/2/Value/StringWithMarkup/19/String,string,0.053
/Record/Section/2/Section/1/Information/3/ReferenceNumber,number,3
/Record/Section/2/Section/1/Information/3/Name,string,Reference
/Record/Section/2/Section/1/Information/3/Value/StringWithMarkup/0/String,string,doi:10.1351/pac199870010217
/Record/Section/2/Section/1/Information/3/Value/StringWithMarkup/0/Markup/0/Start,number,0
/Record/Section/2/Section/1/Information/3/Value/StringWithMarkup/0/Markup/0/Length,number,27
/Record/Section/2/Section/1/Information/3/Value/StringWithMarkup/0/Markup/0/URL,string,https://doi.org/10.1351/pac199870010217
/Record/Section/2/Section/1/Information/3/Value/StringWithMarkup/1/String,string,doi:10.1351/pac199870010217
/Record/Section/2/Section/1/Information/3/Value/StringWithMarkup/1/Markup/0/Start,number,0
/Record/Section/2/Section/1/Information/3/Value/StringWithMarkup/1/Markup/0/Length,number,27
/Record/Section/2/Section/1/Information/3/Value/StringWithMarkup/1/Markup/0/URL,string,https://doi.org/10.1351/pac199870010217
/Record/Section/2/Section/1/Information/3/Value/StringWithMarkup/2/String,string,doi:10.1351/pac199870010217
/Record/Section/2/Section/1/Information/3/Value/StringWithMarkup/2/Markup/0/Start,number,0
/Record/Section/2/Section/1/Information/3/Value/StringWithMarkup/2/Markup/0/Length,number,27
/Record/Section/2/Section/1/Information/3/Value/StringWithMarkup/2/Markup/0/URL,string,https://doi.org/10.1351/pac199870010217
/Record/Section/2/Section/1/Information/3/Value/StringWithMarkup/3/String,string,doi:10.1351/pac199870010217
/Record/Section/2/Section/1/Information/3/Value/StringWithMarkup/3/Markup/0/Start,number,0
/Record/Section/2/Section/1/Information/3/Value/StringWithMarkup/3/Markup/0/Length,number,27
/Record/Section/2/Section/1/Information/3/Value/StringWithMarkup/3/Markup/0/URL,string,https://doi.org/10.1351/pac199870010217
/Record/Section/2/Section/1/Information/3/Value/StringWithMarkup/4/String,string,doi:10.1351/pac199870010217
/Record/Section/2/Section/1/Information/3/Value/StringWithMarkup/4/Markup/0/Start,number,0
/Record/Section/2/Section/1/Information/3/Value/StringWithMarkup/4/Markup/0/Length,number,27
/Record/Section/2/Section/1/Information/3/Value/StringWithMarkup/4/Markup/0/URL,string,https://doi.org/10.1351/pac199870010217
/Record/Section/2/Section/1/Information/3/Value/StringWithMarkup/5/String,string,doi:10.1351/pac198355071119
/Record/Section/2/Section/1/Information/3/Value/StringWithMarkup/5/Markup/0/Start,number,0
/Record/Section/2/Section/1/Information/3/Value/StringWithMarkup/5/Markup/0/Length,number,27
/Record/Section/2/Section/1/Information/3/Value/StringWithMarkup/5/Markup/0/URL,string,https://doi.org/10.1351/pac198355071119
/Record/Section/2/Section/1/Information/3/Value/StringWithMarkup/6/String,string,doi:10.1351/pac198355071119
/Record/Section/2/Section/1/Information/3/Value/StringWithMarkup/6/Markup/0/Start,number,0
/Record/Section/2/Section/1/Information/3/Value/StringWithMarkup/6/Markup/0/Length,number,27
/Record/Section/2/Section/1/Information/3/Value/StringWithMarkup/6/Markup/0/URL,string,https://doi.org/10.1351/pac198355071119
/Record/Section/2/Section/1/Information/3/Value/StringWithMarkup/7/String,string,doi:10.1351/pac198355071119
/Record/Section/2/Section/1/Information/3/Value/StringWithMarkup/7/Markup/0/Start,number,0
/Record/Section/2/Section/1/Information/3/Value/StringWithMarkup/7/Markup/0/Length,number,27
/Record/Section/2/Section/1/Information/3/Value/StringWithMarkup/7/Markup/0/URL,string,https://doi.org/10.1351/pac198355071119
/Record/Section/2/Section/1/Information/3/Value/StringWithMarkup/8/String,string,doi:10.1351/pac198355071119
/Record/Section/2/Section/1/Information/3/Value/StringWithMarkup/8/Markup/0/Start,number,0
/Record/Section/2/Section/1/Information/3/Value/StringWithMarkup/8/Markup/0/Length,number,27
/Record/Section/2/Section/1/Information/3/Value/StringWithMarkup/8/Markup/0/URL,string,https://doi.org/10.1351/pac198355071119
/Record/Section/2/Section/1/Information/3/Value/StringWithMarkup/9/String,string,doi:10.1351/pac198355071119
/Record/Section/2/Section/1/Information/3/Value/StringWithMarkup/9/Markup/0/Start,number,0
/Record/Section/2/Section/1/Information/3/Value/StringWithMarkup/9/Markup/0/Length,number,27
/Record/Section/2/Section/1/Information/3/Value/StringWithMarkup/9/Markup/0/URL,string,https://doi.org/10.1351/pac198355071119
/Record/Section/2/Section/1/Information/3/Value/StringWithMarkup/10/String,string,doi:10.1351/pac198052102349
/Record/Section/2/Section/1/Information/3/Value/StringWithMarkup/10/Markup/0/Start,number,0
/Record/Section/2/Section/1/Information/3/Value/StringWithMarkup/10/Markup/0/Length,number,27
/Record/Section/2/Section/1/Information/3/Value/StringWithMarkup/10/Markup/0/URL,string,https://doi.org/10.1351/pac198052102349
/Record/Section/2/Section/1/Information/3/Value/StringWithMarkup/11/String,string,doi:10.1351/pac198052102349
/Record/Section/2/Section/1/Information/3/Value/StringWithMarkup/11/Markup/0/Start,number,0
/Record/Section/2/Section/1/Information/3/Value/StringWithMarkup/11/Markup/0/Length,number,27
/Record/Section/2/Section/1/Information/3/Value/StringWithMarkup/11/Markup/0/URL,string,https://doi.org/10.1351/pac198052102349
/Record/Section/2/Section/1/Information/3/Value/StringWithMarkup/12/String,string,doi:10.1351/pac198052102349
/Record/Section/2/Section/1/Information/3/Value/StringWithMarkup/12/Markup/0/Start,number,0
/Record/Section/2/Section/1/Information/3/Value/StringWithMarkup/12/Markup/0/Length,number,27
/Record/Section/2/Section/1/Information/3/Value/StringWithMarkup/12/Markup/0/URL,string,https://doi.org/10.1351/pac198052102349
/Record/Section/2/Section/1/Information/3/Value/StringWithMarkup/13/String,string,doi:10.1351/pac198052102349
/Record/Section/2/Section/1/Information/3/Value/StringWithMarkup/13/Markup/0/Start,number,0
/Record/Section/2/Section/1/Information/3/Value/StringWithMarkup/13/Markup/0/Length,number,27
/Record/Section/2/Section/1/Information/3/Value/StringWithMarkup/13/Markup/0/URL,string,https://doi.org/10.1351/pac198052102349
/Record/Section/2/Section/1/Information/3/Value/StringWithMarkup/14/String,string,doi:10.1351/pac198052102349
/Record/Section/2/Section/1/Information/3/Value/StringWithMarkup/14/Markup/0/Start,number,0
/Record/Section/2/Section/1/Information/3/Value/StringWithMarkup/14/Markup/0/Length,number,27
/Record/Section/2/Section/1/Information/3/Value/StringWithMarkup/14/Markup/0/URL,string,https://doi.org/10.1351/pac198052102349
/Record/Section/2/Section/1/Information/3/Value/StringWithMarkup/15/String,string,doi:10.1351/pac197647010075
/Record/Section/2/Section/1/Information/3/Value/StringWithMarkup/15/Markup/0/Start,number,0
/Record/Section/2/Section/1/Information/3/Value/StringWithMarkup/15/Markup/0/Length,number,27
/Record/Section/2/Section/1/Information/3/Value/StringWithMarkup/15/Markup/0/URL,string,https://doi.org/10.1351/pac197647010075
/Record/Section/2/Section/1/Information/3/Value/StringWithMarkup/16/String,string,doi:10.1351/pac197647010075
/Record/Section/2/Section/1/Information/3/Value/StringWithMarkup/16/Markup/0/Start,number,0
/Record/Section/2/Section/1/Information/3/Value/StringWithMarkup/16/Markup/0/Length,number,27
/Record/Section/2/Section/1/Information/3/Value/StringWithMarkup/16/Markup/0/URL,string,https://doi.org/10.1351/pac197647010075
/Record/Section/2/Section/1/Information/3/Value/StringWithMarkup/17/String,string,doi:10.1351/pac197647010075
/Record/Section/2/Section/1/Information/3/Value/StringWithMarkup/17/Markup/0/Start,number,0
/Record/Section/2/Section/1/Information/3/Value/StringWithMarkup/17/Markup/0/Length,number,27
/Record/Section/2/Section/1/Information/3/Value/StringWithMarkup/17/Markup/0/URL,string,https://doi.org/10.1351/pac197647010075
/Record/Section/2/Section/1/Information/3/Value/StringWithMarkup/18/String,string,doi:10.1351/pac197647010075
/Record/Section/2/Section/1/Information/3/Value/StringWithMarkup/18/Markup/0/Start,number,0
/Record/Section/2/Section/1/Information/3/Value/StringWithMarkup/18/Markup/0/Length,number,27
/Record/Section/2/Section/1/Information/3/Value/StringWithMarkup/18/Markup/0/URL,string,https://doi.org/10.1351/pac197647010075
/Record/Section/2/Section/1/Information/3/Value/StringWithMarkup/19/String,string,doi:10.1351/pac197647010075
/Record/Section/2/Section/1/Information/3/Value/StringWithMarkup/19/Markup/0/Start,number,0
/Record/Section/2/Section/1/Information/3/Value/StringWithMarkup/19/Markup/0/Length,number,27
/Record/Section/2/Section/1/Information/3/Value/StringWithMarkup/19/Markup/0/URL,string,https://doi.org/10.1351/pac197647010075
/Record/Section/3/TOCHeading,string,Description
/Record/Section/3/Description,string,"A short description of this element, provided by authoritative sources."
/Record/Section/3/Information/0/ReferenceNumber,number,6
/Record/Section/3/Information/0/Value/StringWithMarkup/0/String,string,"Titanium, when pure, is a lustrous, white metal. It has a low density, good strength, is easily fabricated, and has excellent corrosion resistance. It is ductile only when it is free of oxygen. The metal, which burns in air, is the only element that burns in nitrogen."
/Record/Section/3/Information/0/Value/StringWithMarkup/1/String,string,"Titanium is resistant to dilute sulfuric and hydrochloric acid, most organic acids, most chlorine gas, and chloride solutions."
/Record/Section/3/Information/0/Value/StringWithMarkup/2/String,string,"Natural titanium is reported to become very radioactive after bombardment with deuterons. The emitted radiations are mostly positrons and hard gamma rays. The metal is dimorphic. The hexagonal alpha form changes to the cubic beta form very slowly at about 880°C. The metal combines with oxygen at red heat, and with chlorine at 550°C."
/Record/Section/3/Information/0/Value/StringWithMarkup/3/String,string,"Titanium metal is considered to be physiologically inert. When pure, titanium dioxide is relatively clear and has an extremely high index of refraction with an optical dispersion higher than diamond."
/Record/Section/4/TOCHeading,string,Uses
/Record/Section/4/Description,string,Uses of this element in industry and other fields.
/Record/Section/4/Information/0/ReferenceNumber,number,5
/Record/Section/4/Information/0/Value/StringWithMarkup/0/String,string,"Titanium is a strong, light metal. It is as strong as steel and twice as strong as aluminum, but is 45% lighter than steel and only 60% heavier than aluminum. Titanium is not easily corroded by sea water and is used in propeller shafts, rigging and other parts of boats that are exposed to sea water. Titanium and titanium alloys are used in airplanes, missiles and rockets where strength, low weight and resistance to high temperatures are important. Since titanium does not react within the human body, it is used to create artificial hips, pins for setting bones and for other biological implants. Unfortunately, the high cost of titanium has limited its widespread use."
/Record/Section/4/Information/0/Value/StringWithMarkup/1/String,string,"Titanium oxide (TiO2) is used as a pigment to create white paint and accounts for the largest use of the element. Pure titanium oxide is relatively clear and is used to create titania, an artificial gemstone. Titanium tetrachloride (TiCl4), another titanium compound, has been used to make smoke screens."
/Record/Section/4/Information/0/Value/StringWithMarkup/1/Markup/0/Start,number,19
/Record/Section/4/Information/0/Value/StringWithMarkup/1/Markup/0/Length,number,1
/Record/Section/4/Information/0/Value/StringWithMarkup/1/Markup/0/Type,string,Subscript
/Record/Section/4/Information/0/Value/StringWithMarkup/1/Markup/1/Start,number,237
/Record/Section/4/Information/0/Value/StringWithMarkup/1/Markup/1/Length,number,1
/Record/Section/4/Information/0/Value/StringWithMarkup/1/Markup/1/Type,string,Subscript
/Record/Section/4/Information/0/Value/StringWithMarkup/2/String,string,A final bit of titanium trivia  titanium is one of the few elements that will burn in an atmosphere of pure nitrogen.
/Record/Section/4/Information/1/ReferenceNumber,number,6
/Record/Section/4/Information/1/Value/StringWithMarkup/0/String,string,"Titanium is important as an alloying agent with aluminum, molybdenum, manganese, iron, and other metals. Alloys of titanium are principally used for aircraft and missiles where lightweight strength and ability to withstand extremes of temperature are important."
/Record/Section/4/Information/1/Value/StringWithMarkup/1/String,string,"Titanium is as strong as steel, but 45% lighter. It is 60% heavier than aluminum, but twice as strong."
/Record/Section/4/Information/1/Value/StringWithMarkup/2/String,string,"Titanium has potential use in desalination plants for converting sea water into fresh water. The metal has excellent resistance to sea water and is used for propeller shafts, rigging, and other parts of ships exposed to salt water. A titanium anode coated with platinum has been used to provide cathodic protection from corrosion by salt water."
/Record/Section/4/Information/1/Value/StringWithMarkup/3/String,string,"It is produced artificially for use as a gemstone, but it is relatively soft. Star sapphires and rubies exhibit their asterism as a result of the presence of TiO2."
/Record/Section/4/Information/1/Value/StringWithMarkup/3/Markup/0/Start,number,161
/Record/Section/4/Information/1/Value/StringWithMarkup/3/Markup/0/Length,number,1
/Record/Section/4/Information/1/Value/StringWithMarkup/3/Markup/0/Type,string,Subscript
/Record/Section/4/Information/1/Value/StringWithMarkup/4/String,string,"Titanium dioxide is extensively used for both house paint and artist's paint, because it is permanent and has good covering power. Titanium oxide pigment accounts for the largest use of the element. Titanium paint is an excellent reflector of infrared, and is extensively used in solar observatories where heat causes poor viewing conditions."
/Record/Section/4/Information/1/Value/StringWithMarkup/5/String,string,Titanium tetrachloride is used to iridize glass. This compound fumes strongly in air and has been used to produce smoke screens.
/Record/Section/5/TOCHeading,string,Sources
/Record/Section/5/Description,string,Sources of this element.
/Record/Section/5/Information/0/ReferenceNumber,number,6
/Record/Section/5/Information/0/Value/StringWithMarkup/0/String,string,Titanium is present in meteorites and the sun. Rocks obtained during the Apollo 17 lunar mission showed presence of 12.1% TiO2; rocks obtained during earlier Apollo missions show lower percentages.
/Record/Section/5/Information/0/Value/StringWithMarkup/0/Markup/0/Start,number,125
/Record/Section/5/Information/0/Value/StringWithMarkup/0/Markup/0/Length,number,1
/Record/Section/5/Information/0/Value/StringWithMarkup/0/Markup/0/Type,string,Subscript
/Record/Section/5/Information/0/Value/StringWithMarkup/1/String,string,Titanium oxide bands are prominent in the spectra of M-type stars. The element is the ninth most abundant in the crust of the earth. Titanium is almost always present in igneous rocks and in the sediments derived from them.
/Record/Section/5/Information/0/Value/StringWithMarkup/2/String,string,"It occurs in the minerals rutile, ilmenite, and sphene, and is present in titanates and in many iron ores. Titanium is present in ash of coal, in plants, and in human body."
/Record/Section/5/Information/0/Value/StringWithMarkup/3/String,string,"The metal was a laboratory curiosity until Kroll, in 1946, showed that titanium could be produced commercially by reducing titanium tetrachloride with magnesium. This method is still largely used for producing the metal. The metal can be purified by decomposing the iodide."
/Record/Section/6/TOCHeading,string,Compounds
/Record/Section/6/Description,string,Compound records related to this element.
/Record/Section/6/Information/0/ReferenceNumber,number,8
/Record/Section/6/Information/0/Name,string,Compounds
/Record/Section/6/Information/0/URL,string,https://pubchem.ncbi.nlm.nih.gov/#query=Titanium
/Record/Section/6/Information/0/Value/StringWithMarkup/0/String,string,See more information at the Titanium compound page.
/Record/Section/6/Section/0/TOCHeading,string,Element Forms
/Record/Section/6/Section/0/Description,string,"Other forms of this element, including ions, isotopes, etc."
/Record/Section/6/Section/0/DisplayControls/CreateTable/FromInformationIn,string,ThisSection
/Record/Section/6/Section/0/DisplayControls/CreateTable/NumberOfColumns,number,5
/Record/Section/6/Section/0/DisplayControls/CreateTable/ColumnsFromNamedLists/Name/0,string,CID
/Record/Section/6/Section/0/DisplayControls/CreateTable/ColumnsFromNamedLists/Name/1,string,Name
/Record/Section/6/Section/0/DisplayControls/CreateTable/ColumnsFromNamedLists/Name/2,string,Formula
/Record/Section/6/Section/0/DisplayControls/CreateTable/ColumnsFromNamedLists/Name/3,string,SMILES
/Record/Section/6/Section/0/DisplayControls/CreateTable/ColumnsFromNamedLists/Name/4,string,Molecular Weight
/Record/Section/6/Section/0/DisplayControls/CreateTable/ColumnsFromNamedLists/UseNamesAsColumnHeadings,boolean,true
/Record/Section/6/Section/0/Information/0/ReferenceNumber,number,8
/Record/Section/6/Section/0/Information/0/Name,string,CID
/Record/Section/6/Section/0/Information/0/Value/StringWithMarkup/0/String,string,23963
/Record/Section/6/Section/0/Information/0/Value/StringWithMarkup/0/Markup/0/Start,number,0
/Record/Section/6/Section/0/Information/0/Value/StringWithMarkup/0/Markup/0/Length,number,5
/Record/Section/6/Section/0/Information/0/Value/StringWithMarkup/0/Markup/0/URL,string,https://pubchem.ncbi.nlm.nih.gov/compound/23963
/Record/Section/6/Section/0/Information/0/Value/StringWithMarkup/1/String,string,114942
/Record/Section/6/Section/0/Information/0/Value/StringWithMarkup/1/Markup/0/Start,number,0
/Record/Section/6/Section/0/Information/0/Value/StringWithMarkup/1/Markup/0/Length,number,6
/Record/Section/6/Section/0/Information/0/Value/StringWithMarkup/1/Markup/0/URL,string,https://pubchem.ncbi.nlm.nih.gov/compound/114942
/Record/Section/6/Section/0/Information/0/Value/StringWithMarkup/2/String,string,167092
/Record/Section/6/Section/0/Information/0/Value/StringWithMarkup/2/Markup/0/Start,number,0
/Record/Section/6/Section/0/Information/0/Value/StringWithMarkup/2/Markup/0/Length,number,6
/Record/Section/6/Section/0/Information/0/Value/StringWithMarkup/2/Markup/0/URL,string,https://pubchem.ncbi.nlm.nih.gov/compound/167092
/Record/Section/6/Section/0/Information/0/Value/StringWithMarkup/3/String,string,167358
/Record/Section/6/Section/0/Information/0/Value/StringWithMarkup/3/Markup/0/Start,number,0
/Record/Section/6/Section/0/Information/0/Value/StringWithMarkup/3/Markup/0/Length,number,6
/Record/Section/6/Section/0/Information/0/Value/StringWithMarkup/3/Markup/0/URL,string,https://pubchem.ncbi.nlm.nih.gov/compound/167358
/Record/Section/6/Section/0/Information/0/Value/StringWithMarkup/4/String,string,177711
/Record/Section/6/Section/0/Information/0/Value/StringWithMarkup/4/Markup/0/Start,number,0
/Record/Section/6/Section/0/Information/0/Value/StringWithMarkup/4/Markup/0/Length,number,6
/Record/Section/6/Section/0/Information/0/Value/StringWithMarkup/4/Markup/0/URL,string,https://pubchem.ncbi.nlm.nih.gov/compound/177711
/Record/Section/6/Section/0/Information/0/Value/StringWithMarkup/5/String,string,5153393
/Record/Section/6/Section/0/Information/0/Value/StringWithMarkup/5/Markup/0/Start,number,0
/Record/Section/6/Section/0/Information/0/Value/StringWithMarkup/5/Markup/0/Length,number,7
/Record/Section/6/Section/0/Information/0/Value/StringWithMarkup/5/Markup/0/URL,string,https://pubchem.ncbi.nlm.nih.gov/compound/5153393
/Record/Section/6/Section/0/Information/0/Value/StringWithMarkup/6/String,string,25087162
/Record/Section/6/Section/0/Information/0/Value/StringWithMarkup/6/Markup/0/Start,number,0
/Record/Section/6/Section/0/Information/0/Value/StringWithMarkup/6/Markup/0/Length,number,8
/Record/Section/6/Section/0/Information/0/Value/StringWithMarkup/6/Markup/0/URL,string,https://pubchem.ncbi.nlm.nih.gov/compound/25087162
/Record/Section/6/Section/0/Information/0/Value/StringWithMarkup/7/String,string,25087187
/Record/Section/6/Section/0/Information/0/Value/StringWithMarkup/7/Markup/0/Start,number,0
/Record/Section/6/Section/0/Information/0/Value/StringWithMarkup/7/Markup/0/Length,number,8
/Record/Section/6/Section/0/Information/0/Value/StringWithMarkup/7/Markup/0/URL,string,https://pubchem.ncbi.nlm.nih.gov/compound/25087187
/Record/Section/6/Section/0/Information/0/Value/StringWithMarkup/8/String,string,10129886
/Record/Section/6/Section/0/Information/0/Value/StringWithMarkup/8/Markup/0/Start,number,0
/Record/Section/6/Section/0/Information/0/Value/StringWithMarkup/8/Markup/0/Length,number,8
/Record/Section/6/Section/0/Information/0/Value/StringWithMarkup/8/Markup/0/URL,string,https://pubchem.ncbi.nlm.nih.gov/compound/10129886
/Record/Section/6/Section/0/Information/0/Value/StringWithMarkup/9/String,string,131708402
/Record/Section/6/Section/0/Information/0/Value/StringWithMarkup/9/Markup/0/Start,number,0
/Record/Section/6/Section/0/Information/0/Value/StringWithMarkup/9/Markup/0/Length,number,9
/Record/Section/6/Section/0/Information/0/Value/StringWithMarkup/9/Markup/0/URL,string,https://pubchem.ncbi.nlm.nih.gov/compound/131708402
/Record/Section/6/Section/0/Information/0/Value/StringWithMarkup/10/String,string,131708403
/Record/Section/6/Section/0/Information/0/Value/StringWithMarkup/10/Markup/0/Start,number,0
/Record/Section/6/Section/0/Information/0/Value/StringWithMarkup/10/Markup/0/Length,number,9
/Record/Section/6/Section/0/Information/0/Value/StringWithMarkup/10/Markup/0/URL,string,https://pubchem.ncbi.nlm.nih.gov/compound/131708403
/Record/Section/6/Section/0/Information/0/Value/StringWithMarkup/11/String,string,131708404
/Record/Section/6/Section/0/Information/0/Value/StringWithMarkup/11/Markup/0/Start,number,0
/Record/Section/6/Section/0/Information/0/Value/StringWithMarkup/11/Markup/0/Length,number,9
/Record/Section/6/Section/0/Information/0/Value/StringWithMarkup/11/Markup/0/URL,string,https://pubchem.ncbi.nlm.nih.gov/compound/131708404
/Record/Section/6/Section/0/Information/0/Value/StringWithMarkup/12/String,string,131708405
/Record/Section/6/Section/0/Information/0/Value/StringWithMarkup/12/Markup/0/Start,number,0
/Record/Section/6/Section/0/Information/0/Value/StringWithMarkup/12/Markup/0/Length,number,9
/Record/Section/6/Section/0/Information/0/Value/StringWithMarkup/12/Markup/0/URL,string,https://pubchem.ncbi.nlm.nih.gov/compound/131708405
/Record/Section/6/Section/0/Information/1/ReferenceNumber,number,8
/Record/Section/6/Section/0/Information/1/Name,string,Name
/Record/Section/6/Section/0/Information/1/Value/StringWithMarkup/0/String,string,titanium
/Record/Section/6/Section/0/Information/1/Value/StringWithMarkup/1/String,string,titanium(4+)
/Record/Section/6/Section/0/Information/1/Value/StringWithMarkup/2/String,string,titanium-45
/Record/Section/6/Section/0/Information/1/Value/StringWithMarkup/3/String,string,titanium-44
/Record/Section/6/Section/0/Information/1/Value/StringWithMarkup/4/String,string,titanium(2+)
/Record/Section/6/Section/0/Information/1/Value/StringWithMarkup/5/String,string,titanium(3+)
/Record/Section/6/Section/0/Information/1/Value/StringWithMarkup/6/String,string,titanium-47
/Record/Section/6/Section/0/Information/1/Value/StringWithMarkup/7/String,string,titanium-51
/Record/Section/6/Section/0/Information/1/Value/StringWithMarkup/8/String,string,titanium-52
/Record/Section/6/Section/0/Information/1/Value/StringWithMarkup/9/String,string,titanium-46
/Record/Section/6/Section/0/Information/1/Value/StringWithMarkup/10/String,string,titanium-48
/Record/Section/6/Section/0/Information/1/Value/StringWithMarkup/11/String,string,titanium-49
/Record/Section/6/Section/0/Information/1/Value/StringWithMarkup/12/String,string,titanium-50
/Record/Section/6/Section/0/Information/2/ReferenceNumber,number,8
/Record/Section/6/Section/0/Information/2/Name,string,Formula
/Record/Section/6/Section/0/Information/2/Value/StringWithMarkup/0/String,string,Ti
/Record/Section/6/Section/0/Information/2/Value/StringWithMarkup/1/String,string,Ti+4
/Record/Section/6/Section/0/Information/2/Value/StringWithMarkup/2/String,string,Ti
/Record/Section/6/Section/0/Information/2/Value/StringWithMarkup/3/String,string,Ti
/Record/Section/6/Section/0/Information/2/Value/StringWithMarkup/4/String,string,Ti+2
/Record/Section/6/Section/0/Information/2/Value/StringWithMarkup/5/String,string,Ti+3
/Record/Section/6/Section/0/Information/2/Value/StringWithMarkup/6/String,string,Ti
/Record/Section/6/Section/0/Information/2/Value/StringWithMarkup/7/String,string,Ti
/Record/Section/6/Section/0/Information/2/Value/StringWithMarkup/8/String,string,Ti
/Record/Section/6/Section/0/Information/2/Value/StringWithMarkup/9/String,string,Ti
/Record/Section/6/Section/0/Information/2/Value/StringWithMarkup/10/String,string,Ti
/Record/Section/6/Section/0/Information/2/Value/StringWithMarkup/11/String,string,Ti
/Record/Section/6/Section/0/Information/2/Value/StringWithMarkup/12/String,string,Ti
/Record/Section/6/Section/0/Information/3/ReferenceNumber,number,8
/Record/Section/6/Section/0/Information/3/Name,string,SMILES
/Record/Section/6/Section/0/Information/3/Value/StringWithMarkup/0/String,string,[Ti]
/Record/Section/6/Section/0/Information/3/Value/StringWithMarkup/1/String,string,[Ti+4]
/Record/Section/6/Section/0/Information/3/Value/StringWithMarkup/2/String,string,[45Ti]
/Record/Section/6/Section/0/Information/3/Value/StringWithMarkup/3/String,string,[44Ti]
/Record/Section/6/Section/0/Information/3/Value/StringWithMarkup/4/String,string,[Ti+2]
/Record/Section/6/Section/0/Information/3/Value/StringWithMarkup/5/String,string,[Ti+3]
/Record/Section/6/Section/0/Information/3/Value/StringWithMarkup/6/String,string,[47Ti]
/Record/Section/6/Section/0/Information/3/Value/StringWithMarkup/7/String,string,[51Ti]
/Record/Section/6/Section/0/Information/3/Value/StringWithMarkup/8/String,string,[52Ti]
/Record/Section/6/Section/0/Information/3/Value/StringWithMarkup/9/String,string,[46Ti]
/Record/Section/6/Section/0/Information/3/Value/StringWithMarkup/10/String,string,[48Ti]
/Record/Section/6/Section/0/Information/3/Value/StringWithMarkup/11/String,string,[49Ti]
/Record/Section/6/Section/0/Information/3/Value/StringWithMarkup/12/String,string,[50Ti]
/Record/Section/6/Section/0/Information/4/ReferenceNumber,number,8
/Record/Section/6/Section/0/Information/4/Name,string,Molecular Weight
/Record/Section/6/Section/0/Information/4/Value/StringWithMarkup/0/String,string,47.867
/Record/Section/6/Section/0/Information/4/Value/StringWithMarkup/1/String,string,47.867
/Record/Section/6/Section/0/Information/4/Value/StringWithMarkup/2/String,string,44.958121
/Record/Section/6/Section/0/Information/4/Value/StringWithMarkup/3/String,string,43.959690
/Record/Section/6/Section/0/Information/4/Value/StringWithMarkup/4/String,string,47.867
/Record/Section/6/Section/0/Information/4/Value/StringWithMarkup/5/String,string,47.867
/Record/Section/6/Section/0/Information/4/Value/StringWithMarkup/6/String,string,46.9517575
/Record/Section/6/Section/0/Information/4/Value/StringWithMarkup/7/String,string,50.946609
/Record/Section/6/Section/0/Information/4/Value/StringWithMarkup/8/String,string,51.94688
/Record/Section/6/Section/0/Information/4/Value/StringWithMarkup/9/String,string,45.9526264
/Record/Section/6/Section/0/Information/4/Value/StringWithMarkup/10/String,string,47.9479407
/Record/Section/6/Section/0/Information/4/Value/StringWithMarkup/11/String,string,48.9478644
/Record/Section/6/Section/0/Information/4/Value/StringWithMarkup/12/String,string,49.9447856
/Record/Section/7/TOCHeading,string,Isotopes
/Record/Section/7/Description,string,Isotopes are nuclides having the same atomic number but different mass numbers.  This section provides information on the isotopes of this element and their uses in various fields.
/Record/Section/7/URL,string,https://chem.libretexts.org/Courses/Furman_University/CHM101%3A_Chemistry_and_Global_Awareness_(Gordon)/03%3A_Atoms_and_the_Periodic_Table/3.05%3A_Isotopes
/Record/Section/7/Information/0/ReferenceNumber,number,5
/Record/Section/7/Information/0/Name,string,Stable Isotope Count
/Record/Section/7/Information/0/Value/StringWithMarkup/0/String,string,5
/Record/Section/7/Information/1/ReferenceNumber,number,6
/Record/Section/7/Information/1/Name,string,Summary
/Record/Section/7/Information/1/Value/StringWithMarkup/0/String,string,Natural titanium consists of five isotopes with atomic masses from 46 to 50. All are stable. Eight other unstable isotopes are known.
/Record/Section/7/Section/0/TOCHeading,string,Isotopes in Earth/Planetary Science
/Record/Section/7/Section/0/Description,string,Information on the use of this element's isotopes in earth/planetary science.
/Record/Section/7/Section/0/Information/0/ReferenceNumber,number,4
/Record/Section/7/Section/0/Information/0/Reference/0,string,"[197]  I. Leya, M. Schönbächler, U. Krähenbühl, A. N. Halliday. Astrophys. J.702, 1118 (2009)."
/Record/Section/7/Section/0/Information/0/Reference/1,string,"[198]  R. Courtland. Titanium Reveals Explosive Origins of the Solar System, New Scientist (2014), Feb. 25; http://www.newscientist.com/article/dn16969-titanium-reveals-explosive-origins-of-the-solar-system.html."
/Record/Section/7/Section/0/Information/0/Reference/2,string,"[199]  J. Zhang, N. Dauphas, A. M. Davis, A. Pourmand. J. Anal. At. Spectrom.26, 2197 (2011)."
/Record/Section/7/Section/0/Information/0/Reference/3,string,"[200]  M. Shima, N. Torigoye. Int. J. Mass Spectrom. Ion Processes123, 29 (1993)."
/Record/Section/7/Section/0/Information/0/ExtendedReference/0/Citation,string,"[197]  I. Leya, M. Schönbächler, U. Krähenbühl, A. N. Halliday. Astrophys. J.702, 1118 (2009)."
/Record/Section/7/Section/0/Information/0/ExtendedReference/1/Citation,string,"[198]  R. Courtland. Titanium Reveals Explosive Origins of the Solar System, New Scientist (2014), Feb. 25; http://www.newscientist.com/article/dn16969-titanium-reveals-explosive-origins-of-the-solar-system.html."
/Record/Section/7/Section/0/Information/0/ExtendedReference/2/Citation,string,"[199]  J. Zhang, N. Dauphas, A. M. Davis, A. Pourmand. J. Anal. At. Spectrom.26, 2197 (2011)."
/Record/Section/7/Section/0/Information/0/ExtendedReference/3/Citation,string,"[200]  M. Shima, N. Torigoye. Int. J. Mass Spectrom. Ion Processes123, 29 (1993)."
/Record/Section/7/Section/0/Information/0/Value/StringWithMarkup/0/String,string,"The isotope-amount ratio n(50Ti)/n(46Ti) is used to study the early history of the Solar System. The value of the ratio can help determine whether the Solar System was created from a well-homogenized source [197], [198]. For example, variations in titanium isotopic compositions of various groups of meteorites can be observed (Fig. IUPAC.22.1) [199]."
/Record/Section/7/Section/0/Information/0/Value/StringWithMarkup/0/Markup/0/Start,number,27
/Record/Section/7/Section/0/Information/0/Value/StringWithMarkup/0/Markup/0/Length,number,2
/Record/Section/7/Section/0/Information/0/Value/StringWithMarkup/0/Markup/0/Type,string,Superscript
/Record/Section/7/Section/0/Information/0/Value/StringWithMarkup/0/Markup/1/Start,number,35
/Record/Section/7/Section/0/Information/0/Value/StringWithMarkup/0/Markup/1/Length,number,2
/Record/Section/7/Section/0/Information/0/Value/StringWithMarkup/0/Markup/1/Type,string,Superscript
/Record/Section/7/Section/0/Information/0/Value/StringWithMarkup/1/String,string,          
/Record/Section/7/Section/0/Information/0/Value/StringWithMarkup/1/Markup/0/Start,number,0
/Record/Section/7/Section/0/Information/0/Value/StringWithMarkup/1/Markup/0/Length,number,1
/Record/Section/7/Section/0/Information/0/Value/StringWithMarkup/1/Markup/0/URL,string,https://pubchem.ncbi.nlm.nih.gov/images/iupac/j_pac-2015-0703_fig_038.jpg
/Record/Section/7/Section/0/Information/0/Value/StringWithMarkup/1/Markup/0/Type,string,Image
/Record/Section/7/Section/0/Information/0/Value/StringWithMarkup/1/Markup/0/Size,string,827x777
/Record/Section/7/Section/0/Information/0/Value/StringWithMarkup/1/Markup/0/Caption,string,"Fig. IUPAC.22.1: Cross plot of the isotope-amount ratio n(⁵⁰Ti)/n(⁴⁷Ti) and the isotope-amount ratio n(⁴⁶Ti)/n(⁴⁷Ti) of selected groups of meteorites (modified from [199]), assuming measured n(⁵⁰Ti)/n(⁴⁷Ti) and n(⁴⁶Ti)/n(⁴⁷Ti) isotope-amount ratios of 0.697 19 and 1.109 18, respectively [200]. Normal titanium isotopic compositions were observed in standards, but ⁴⁶Ti and ⁵⁰Ti isotope anomalies were resolved among different meteorite groups. "
/Record/Section/7/Section/1/TOCHeading,string,Isotopes in Industry
/Record/Section/7/Section/1/Description,string,Information on the use of this element's isotopes in industry.
/Record/Section/7/Section/1/Information/0/ReferenceNumber,number,4
/Record/Section/7/Section/1/Information/0/Reference/0,string,"[201]  D. C. Gerlach, C. J. Gesh, D. E. Hurley, M. R. Mitchell, G. H. Meriwether, B. D. Reid. Final Report on Isotope Ratio Techniques for Light Water Reactors, PNNL-18573. U.S. Department of Energy (2009)."
/Record/Section/7/Section/1/Information/0/ExtendedReference/0/Citation,string,"[201]  D. C. Gerlach, C. J. Gesh, D. E. Hurley, M. R. Mitchell, G. H. Meriwether, B. D. Reid. Final Report on Isotope Ratio Techniques for Light Water Reactors, PNNL-18573. U.S. Department of Energy (2009)."
/Record/Section/7/Section/1/Information/0/Value/StringWithMarkup/0/String,string,The isotope-amount ratio n(48Ti)/n(49Ti) has been used in Isotope Ratio Method (IRM) analysis (initial titanium ratio/final titanium ratio) to estimate the energy production of nuclear reactors. This ratio can also be used to confirm that a reactor is being used for non-proliferation purposes (purposes other than to assist in the formation of nuclear weapon grade materials) [201].
/Record/Section/7/Section/1/Information/0/Value/StringWithMarkup/0/Markup/0/Start,number,27
/Record/Section/7/Section/1/Information/0/Value/StringWithMarkup/0/Markup/0/Length,number,2
/Record/Section/7/Section/1/Information/0/Value/StringWithMarkup/0/Markup/0/Type,string,Superscript
/Record/Section/7/Section/1/Information/0/Value/StringWithMarkup/0/Markup/1/Start,number,35
/Record/Section/7/Section/1/Information/0/Value/StringWithMarkup/0/Markup/1/Length,number,2
/Record/Section/7/Section/1/Information/0/Value/StringWithMarkup/0/Markup/1/Type,string,Superscript
/Record/Section/7/Section/2/TOCHeading,string,Isotope Mass and Abundance
/Record/Section/7/Section/2/Description,string,Atomic mass and abundance (composition) information for a given isotope/nuclide. The number in the parenthesis refers to an uncertainty when exist. The unit of atomic weight is the unified atomic mass unit (u) or dalton (Da). 
/Record/Section/7/Section/2/DisplayControls/CreateTable/FromInformationIn,string,ThisSection
/Record/Section/7/Section/2/DisplayControls/CreateTable/NumberOfColumns,number,3
/Record/Section/7/Section/2/DisplayControls/CreateTable/ColumnsFromNamedLists/Name/0,string,Isotope
/Record/Section/7/Section/2/DisplayControls/CreateTable/ColumnsFromNamedLists/Name/1,string,Atomic Mass (uncertainty) [u]
/Record/Section/7/Section/2/DisplayControls/CreateTable/ColumnsFromNamedLists/Name/2,string,Abundance (uncertainty)
/Record/Section/7/Section/2/DisplayControls/CreateTable/ColumnsFromNamedLists/UseNamesAsColumnHeadings,boolean,true
/Record/Section/7/Section/2/Information/0/ReferenceNumber,number,3
/Record/Section/7/Section/2/Information/0/Name,string,Isotope
/Record/Section/7/Section/2/Information/0/Value/StringWithMarkup/0/String,string, 46Ti
/Record/Section/7/Section/2/Information/0/Value/StringWithMarkup/0/Markup/0/Start,number,0
/Record/Section/7/Section/2/Information/0/Value/StringWithMarkup/0/Markup/0/Length,number,3
/Record/Section/7/Section/2/Information/0/Value/StringWithMarkup/0/Markup/0/Type,string,Superscript
/Record/Section/7/Section/2/Information/0/Value/StringWithMarkup/1/String,string, 47Ti
/Record/Section/7/Section/2/Information/0/Value/StringWithMarkup/1/Markup/0/Start,number,0
/Record/Section/7/Section/2/Information/0/Value/StringWithMarkup/1/Markup/0/Length,number,3
/Record/Section/7/Section/2/Information/0/Value/StringWithMarkup/1/Markup/0/Type,string,Superscript
/Record/Section/7/Section/2/Information/0/Value/StringWithMarkup/2/String,string, 48Ti
/Record/Section/7/Section/2/Information/0/Value/StringWithMarkup/2/Markup/0/Start,number,0
/Record/Section/7/Section/2/Information/0/Value/StringWithMarkup/2/Markup/0/Length,number,3
/Record/Section/7/Section/2/Information/0/Value/StringWithMarkup/2/Markup/0/Type,string,Superscript
/Record/Section/7/Section/2/Information/0/Value/StringWithMarkup/3/String,string, 49Ti
/Record/Section/7/Section/2/Information/0/Value/StringWithMarkup/3/Markup/0/Start,number,0
/Record/Section/7/Section/2/Information/0/Value/StringWithMarkup/3/Markup/0/Length,number,3
/Record/Section/7/Section/2/Information/0/Value/StringWithMarkup/3/Markup/0/Type,string,Superscript
/Record/Section/7/Section/2/Information/0/Value/StringWithMarkup/4/String,string, 50Ti
/Record/Section/7/Section/2/Information/0/Value/StringWithMarkup/4/Markup/0/Start,number,0
/Record/Section/7/Section/2/Information/0/Value/StringWithMarkup/4/Markup/0/Length,number,3
/Record/Section/7/Section/2/Information/0/Value/StringWithMarkup/4/Markup/0/Type,string,Superscript
/Record/Section/7/Section/2/Information/1/ReferenceNumber,number,3
/Record/Section/7/Section/2/Information/1/Name,string,Atomic Mass (uncertainty)
/Record/Section/7/Section/2/Information/1/Value/StringWithMarkup/0/String,string,45.952 627(1)
/Record/Section/7/Section/2/Information/1/Value/StringWithMarkup/1/String,string,46.951 7577(8)
/Record/Section/7/Section/2/Information/1/Value/StringWithMarkup/2/String,string,47.947 9409(8)
/Record/Section/7/Section/2/Information/1/Value/StringWithMarkup/3/String,string,48.947 8646(8)
/Record/Section/7/Section/2/Information/1/Value/StringWithMarkup/4/String,string,49.944 7858(8)
/Record/Section/7/Section/2/Information/2/ReferenceNumber,number,3
/Record/Section/7/Section/2/Information/2/Name,string,Abundance (uncertainty)
/Record/Section/7/Section/2/Information/2/Value/StringWithMarkup/0/String,string,0.0825(3)
/Record/Section/7/Section/2/Information/2/Value/StringWithMarkup/1/String,string,0.0744(2)
/Record/Section/7/Section/2/Information/2/Value/StringWithMarkup/2/String,string,0.7372(3)
/Record/Section/7/Section/2/Information/2/Value/StringWithMarkup/3/String,string,0.0541(2)
/Record/Section/7/Section/2/Information/2/Value/StringWithMarkup/4/String,string,0.0518(2)
/Record/Section/7/Section/2/Information/3/ReferenceNumber,number,7
/Record/Section/7/Section/2/Information/3/Name,string,Isotope
/Record/Section/7/Section/2/Information/3/Value/StringWithMarkup/0/String,string,46Ti
/Record/Section/7/Section/2/Information/3/Value/StringWithMarkup/0/Markup/0/Start,number,0
/Record/Section/7/Section/2/Information/3/Value/StringWithMarkup/0/Markup/0/Length,number,2
/Record/Section/7/Section/2/Information/3/Value/StringWithMarkup/0/Markup/0/Type,string,Superscript
/Record/Section/7/Section/2/Information/3/Value/StringWithMarkup/1/String,string,47Ti
/Record/Section/7/Section/2/Information/3/Value/StringWithMarkup/1/Markup/0/Start,number,0
/Record/Section/7/Section/2/Information/3/Value/StringWithMarkup/1/Markup/0/Length,number,2
/Record/Section/7/Section/2/Information/3/Value/StringWithMarkup/1/Markup/0/Type,string,Superscript
/Record/Section/7/Section/2/Information/3/Value/StringWithMarkup/2/String,string,48Ti
/Record/Section/7/Section/2/Information/3/Value/StringWithMarkup/2/Markup/0/Start,number,0
/Record/Section/7/Section/2/Information/3/Value/StringWithMarkup/2/Markup/0/Length,number,2
/Record/Section/7/Section/2/Information/3/Value/StringWithMarkup/2/Markup/0/Type,string,Superscript
/Record/Section/7/Section/2/Information/3/Value/StringWithMarkup/3/String,string,49Ti
/Record/Section/7/Section/2/Information/3/Value/StringWithMarkup/3/Markup/0/Start,number,0
/Record/Section/7/Section/2/Information/3/Value/StringWithMarkup/3/Markup/0/Length,number,2
/Record/Section/7/Section/2/Information/3/Value/StringWithMarkup/3/Markup/0/Type,string,Superscript
/Record/Section/7/Section/2/Information/3/Value/StringWithMarkup/4/String,string,50Ti
/Record/Section/7/Section/2/Information/3/Value/StringWithMarkup/4/Markup/0/Start,number,0
/Record/Section/7/Section/2/Information/3/Value/StringWithMarkup/4/Markup/0/Length,number,2
/Record/Section/7/Section/2/Information/3/Value/StringWithMarkup/4/Markup/0/Type,string,Superscript
/Record/Section/7/Section/2/Information/4/ReferenceNumber,number,7
/Record/Section/7/Section/2/Information/4/Name,string,Atomic Mass (uncertainty) [u]
/Record/Section/7/Section/2/Information/4/Value/StringWithMarkup/0/String,string,45.95262772(35)
/Record/Section/7/Section/2/Information/4/Value/StringWithMarkup/1/String,string,46.95175879(38)
/Record/Section/7/Section/2/Information/4/Value/StringWithMarkup/2/String,string,47.94794198(38)
/Record/Section/7/Section/2/Information/4/Value/StringWithMarkup/3/String,string,48.94786568(39)
/Record/Section/7/Section/2/Information/4/Value/StringWithMarkup/4/String,string,49.94478689(39)
/Record/Section/7/Section/2/Information/5/ReferenceNumber,number,7
/Record/Section/7/Section/2/Information/5/Name,string,Abundance (uncertainty)
/Record/Section/7/Section/2/Information/5/Value/StringWithMarkup/0/String,string,0.0825(3)
/Record/Section/7/Section/2/Information/5/Value/StringWithMarkup/1/String,string,0.0744(2)
/Record/Section/7/Section/2/Information/5/Value/StringWithMarkup/2/String,string,0.7372(3)
/Record/Section/7/Section/2/Information/5/Value/StringWithMarkup/3/String,string,0.0541(2)
/Record/Section/7/Section/2/Information/5/Value/StringWithMarkup/4/String,string,0.0518(2)
/Record/Section/7/Section/3/TOCHeading,string,"Atomic Mass, Half Life, and Decay"
/Record/Section/7/Section/3/Description,string,"Information on the atomic mass, half life, and decay for this element, from the the Atomic Mass Data Center. The number after the ± refers to an uncertainty when exists."
/Record/Section/7/Section/3/URL,string,https://pubchem.ncbi.nlm.nih.gov/docs/atomic-mass/
/Record/Section/7/Section/3/DisplayControls/CreateTable/FromInformationIn,string,ThisSection
/Record/Section/7/Section/3/DisplayControls/CreateTable/NumberOfColumns,number,5
/Record/Section/7/Section/3/DisplayControls/CreateTable/ColumnsFromNamedLists/Name/0,string,Nuclide
/Record/Section/7/Section/3/DisplayControls/CreateTable/ColumnsFromNamedLists/Name/1,string,Atomic Mass and Uncertainty [u]
/Record/Section/7/Section/3/DisplayControls/CreateTable/ColumnsFromNamedLists/Name/2,string,Half Life and Uncertainty
/Record/Section/7/Section/3/DisplayControls/CreateTable/ColumnsFromNamedLists/Name/3,string,Discovery Year
/Record/Section/7/Section/3/DisplayControls/CreateTable/ColumnsFromNamedLists/Name/4,string,"Decay Modes, Intensities and Uncertainties [%]"
/Record/Section/7/Section/3/DisplayControls/CreateTable/ColumnsFromNamedLists/UseNamesAsColumnHeadings,boolean,true
/Record/Section/7/Section/3/Information/0/ReferenceNumber,number,2
/Record/Section/7/Section/3/Information/0/Name,string,Nuclide
/Record/Section/7/Section/3/Information/0/Value/StringWithMarkup/0/String,string,37Ti
/Record/Section/7/Section/3/Information/0/Value/StringWithMarkup/0/Markup/0/Start,number,0
/Record/Section/7/Section/3/Information/0/Value/StringWithMarkup/0/Markup/0/Length,number,2
/Record/Section/7/Section/3/Information/0/Value/StringWithMarkup/0/Markup/0/Type,string,Superscript
/Record/Section/7/Section/3/Information/0/Value/StringWithMarkup/1/String,string,38Ti
/Record/Section/7/Section/3/Information/0/Value/StringWithMarkup/1/Markup/0/Start,number,0
/Record/Section/7/Section/3/Information/0/Value/StringWithMarkup/1/Markup/0/Length,number,2
/Record/Section/7/Section/3/Information/0/Value/StringWithMarkup/1/Markup/0/Type,string,Superscript
/Record/Section/7/Section/3/Information/0/Value/StringWithMarkup/2/String,string,39Ti
/Record/Section/7/Section/3/Information/0/Value/StringWithMarkup/2/Markup/0/Start,number,0
/Record/Section/7/Section/3/Information/0/Value/StringWithMarkup/2/Markup/0/Length,number,2
/Record/Section/7/Section/3/Information/0/Value/StringWithMarkup/2/Markup/0/Type,string,Superscript
/Record/Section/7/Section/3/Information/0/Value/StringWithMarkup/3/String,string,40Ti
/Record/Section/7/Section/3/Information/0/Value/StringWithMarkup/3/Markup/0/Start,number,0
/Record/Section/7/Section/3/Information/0/Value/StringWithMarkup/3/Markup/0/Length,number,2
/Record/Section/7/Section/3/Information/0/Value/StringWithMarkup/3/Markup/0/Type,string,Superscript
/Record/Section/7/Section/3/Information/0/Value/StringWithMarkup/4/String,string,41Ti
/Record/Section/7/Section/3/Information/0/Value/StringWithMarkup/4/Markup/0/Start,number,0
/Record/Section/7/Section/3/Information/0/Value/StringWithMarkup/4/Markup/0/Length,number,2
/Record/Section/7/Section/3/Information/0/Value/StringWithMarkup/4/Markup/0/Type,string,Superscript
/Record/Section/7/Section/3/Information/0/Value/StringWithMarkup/5/String,string,42Ti
/Record/Section/7/Section/3/Information/0/Value/StringWithMarkup/5/Markup/0/Start,number,0
/Record/Section/7/Section/3/Information/0/Value/StringWithMarkup/5/Markup/0/Length,number,2
/Record/Section/7/Section/3/Information/0/Value/StringWithMarkup/5/Markup/0/Type,string,Superscript
/Record/Section/7/Section/3/Information/0/Value/StringWithMarkup/6/String,string,43Ti
/Record/Section/7/Section/3/Information/0/Value/StringWithMarkup/6/Markup/0/Start,number,0
/Record/Section/7/Section/3/Information/0/Value/StringWithMarkup/6/Markup/0/Length,number,2
/Record/Section/7/Section/3/Information/0/Value/StringWithMarkup/6/Markup/0/Type,string,Superscript
/Record/Section/7/Section/3/Information/0/Value/StringWithMarkup/7/String,string,43Tim
/Record/Section/7/Section/3/Information/0/Value/StringWithMarkup/7/Markup/0/Start,number,0
/Record/Section/7/Section/3/Information/0/Value/StringWithMarkup/7/Markup/0/Length,number,2
/Record/Section/7/Section/3/Information/0/Value/StringWithMarkup/7/Markup/0/Type,string,Superscript
/Record/Section/7/Section/3/Information/0/Value/StringWithMarkup/7/Markup/1/Start,number,4
/Record/Section/7/Section/3/Information/0/Value/StringWithMarkup/7/Markup/1/Length,number,1
/Record/Section/7/Section/3/Information/0/Value/StringWithMarkup/7/Markup/1/Type,string,Superscript
/Record/Section/7/Section/3/Information/0/Value/StringWithMarkup/8/String,string,43Tin
/Record/Section/7/Section/3/Information/0/Value/StringWithMarkup/8/Markup/0/Start,number,0
/Record/Section/7/Section/3/Information/0/Value/StringWithMarkup/8/Markup/0/Length,number,2
/Record/Section/7/Section/3/Information/0/Value/StringWithMarkup/8/Markup/0/Type,string,Superscript
/Record/Section/7/Section/3/Information/0/Value/StringWithMarkup/8/Markup/1/Start,number,4
/Record/Section/7/Section/3/Information/0/Value/StringWithMarkup/8/Markup/1/Length,number,1
/Record/Section/7/Section/3/Information/0/Value/StringWithMarkup/8/Markup/1/Type,string,Superscript
/Record/Section/7/Section/3/Information/0/Value/StringWithMarkup/9/String,string,44Ti
/Record/Section/7/Section/3/Information/0/Value/StringWithMarkup/9/Markup/0/Start,number,0
/Record/Section/7/Section/3/Information/0/Value/StringWithMarkup/9/Markup/0/Length,number,2
/Record/Section/7/Section/3/Information/0/Value/StringWithMarkup/9/Markup/0/Type,string,Superscript
/Record/Section/7/Section/3/Information/0/Value/StringWithMarkup/10/String,string,45Ti
/Record/Section/7/Section/3/Information/0/Value/StringWithMarkup/10/Markup/0/Start,number,0
/Record/Section/7/Section/3/Information/0/Value/StringWithMarkup/10/Markup/0/Length,number,2
/Record/Section/7/Section/3/Information/0/Value/StringWithMarkup/10/Markup/0/Type,string,Superscript
/Record/Section/7/Section/3/Information/0/Value/StringWithMarkup/11/String,string,45Tim
/Record/Section/7/Section/3/Information/0/Value/StringWithMarkup/11/Markup/0/Start,number,0
/Record/Section/7/Section/3/Information/0/Value/StringWithMarkup/11/Markup/0/Length,number,2
/Record/Section/7/Section/3/Information/0/Value/StringWithMarkup/11/Markup/0/Type,string,Superscript
/Record/Section/7/Section/3/Information/0/Value/StringWithMarkup/11/Markup/1/Start,number,4
/Record/Section/7/Section/3/Information/0/Value/StringWithMarkup/11/Markup/1/Length,number,1
/Record/Section/7/Section/3/Information/0/Value/StringWithMarkup/11/Markup/1/Type,string,Superscript
/Record/Section/7/Section/3/Information/0/Value/StringWithMarkup/12/String,string,46Ti
/Record/Section/7/Section/3/Information/0/Value/StringWithMarkup/12/Markup/0/Start,number,0
/Record/Section/7/Section/3/Information/0/Value/StringWithMarkup/12/Markup/0/Length,number,2
/Record/Section/7/Section/3/Information/0/Value/StringWithMarkup/12/Markup/0/Type,string,Superscript
/Record/Section/7/Section/3/Information/0/Value/StringWithMarkup/13/String,string,47Ti
/Record/Section/7/Section/3/Information/0/Value/StringWithMarkup/13/Markup/0/Start,number,0
/Record/Section/7/Section/3/Information/0/Value/StringWithMarkup/13/Markup/0/Length,number,2
/Record/Section/7/Section/3/Information/0/Value/StringWithMarkup/13/Markup/0/Type,string,Superscript
/Record/Section/7/Section/3/Information/0/Value/StringWithMarkup/14/String,string,48Ti
/Record/Section/7/Section/3/Information/0/Value/StringWithMarkup/14/Markup/0/Start,number,0
/Record/Section/7/Section/3/Information/0/Value/StringWithMarkup/14/Markup/0/Length,number,2
/Record/Section/7/Section/3/Information/0/Value/StringWithMarkup/14/Markup/0/Type,string,Superscript
/Record/Section/7/Section/3/Information/0/Value/StringWithMarkup/15/String,string,49Ti
/Record/Section/7/Section/3/Information/0/Value/StringWithMarkup/15/Markup/0/Start,number,0
/Record/Section/7/Section/3/Information/0/Value/StringWithMarkup/15/Markup/0/Length,number,2
/Record/Section/7/Section/3/Information/0/Value/StringWithMarkup/15/Markup/0/Type,string,Superscript
/Record/Section/7/Section/3/Information/0/Value/StringWithMarkup/16/String,string,50Ti
/Record/Section/7/Section/3/Information/0/Value/StringWithMarkup/16/Markup/0/Start,number,0
/Record/Section/7/Section/3/Information/0/Value/StringWithMarkup/16/Markup/0/Length,number,2
/Record/Section/7/Section/3/Information/0/Value/StringWithMarkup/16/Markup/0/Type,string,Superscript
/Record/Section/7/Section/3/Information/0/Value/StringWithMarkup/17/String,string,51Ti
/Record/Section/7/Section/3/Information/0/Value/StringWithMarkup/17/Markup/0/Start,number,0
/Record/Section/7/Section/3/Information/0/Value/StringWithMarkup/17/Markup/0/Length,number,2
/Record/Section/7/Section/3/Information/0/Value/StringWithMarkup/17/Markup/0/Type,string,Superscript
/Record/Section/7/Section/3/Information/0/Value/StringWithMarkup/18/String,string,52Ti
/Record/Section/7/Section/3/Information/0/Value/StringWithMarkup/18/Markup/0/Start,number,0
/Record/Section/7/Section/3/Information/0/Value/StringWithMarkup/18/Markup/0/Length,number,2
/Record/Section/7/Section/3/Information/0/Value/StringWithMarkup/18/Markup/0/Type,string,Superscript
/Record/Section/7/Section/3/Information/0/Value/StringWithMarkup/19/String,string,53Ti
/Record/Section/7/Section/3/Information/0/Value/StringWithMarkup/19/Markup/0/Start,number,0
/Record/Section/7/Section/3/Information/0/Value/StringWithMarkup/19/Markup/0/Length,number,2
/Record/Section/7/Section/3/Information/0/Value/StringWithMarkup/19/Markup/0/Type,string,Superscript
/Record/Section/7/Section/3/Information/0/Value/StringWithMarkup/20/String,string,54Ti
/Record/Section/7/Section/3/Information/0/Value/StringWithMarkup/20/Markup/0/Start,number,0
/Record/Section/7/Section/3/Information/0/Value/StringWithMarkup/20/Markup/0/Length,number,2
/Record/Section/7/Section/3/Information/0/Value/StringWithMarkup/20/Markup/0/Type,string,Superscript
/Record/Section/7/Section/3/Information/0/Value/StringWithMarkup/21/String,string,55Ti
/Record/Section/7/Section/3/Information/0/Value/StringWithMarkup/21/Markup/0/Start,number,0
/Record/Section/7/Section/3/Information/0/Value/StringWithMarkup/21/Markup/0/Length,number,2
/Record/Section/7/Section/3/Information/0/Value/StringWithMarkup/21/Markup/0/Type,string,Superscript
/Record/Section/7/Section/3/Information/0/Value/StringWithMarkup/22/String,string,56Ti
/Record/Section/7/Section/3/Information/0/Value/StringWithMarkup/22/Markup/0/Start,number,0
/Record/Section/7/Section/3/Information/0/Value/StringWithMarkup/22/Markup/0/Length,number,2
/Record/Section/7/Section/3/Information/0/Value/StringWithMarkup/22/Markup/0/Type,string,Superscript
/Record/Section/7/Section/3/Information/0/Value/StringWithMarkup/23/String,string,57Ti
/Record/Section/7/Section/3/Information/0/Value/StringWithMarkup/23/Markup/0/Start,number,0
/Record/Section/7/Section/3/Information/0/Value/StringWithMarkup/23/Markup/0/Length,number,2
/Record/Section/7/Section/3/Information/0/Value/StringWithMarkup/23/Markup/0/Type,string,Superscript
/Record/Section/7/Section/3/Information/0/Value/StringWithMarkup/24/String,string,58Ti
/Record/Section/7/Section/3/Information/0/Value/StringWithMarkup/24/Markup/0/Start,number,0
/Record/Section/7/Section/3/Information/0/Value/StringWithMarkup/24/Markup/0/Length,number,2
/Record/Section/7/Section/3/Information/0/Value/StringWithMarkup/24/Markup/0/Type,string,Superscript
/Record/Section/7/Section/3/Information/0/Value/StringWithMarkup/25/String,string,59Ti
/Record/Section/7/Section/3/Information/0/Value/StringWithMarkup/25/Markup/0/Start,number,0
/Record/Section/7/Section/3/Information/0/Value/StringWithMarkup/25/Markup/0/Length,number,2
/Record/Section/7/Section/3/Information/0/Value/StringWithMarkup/25/Markup/0/Type,string,Superscript
/Record/Section/7/Section/3/Information/0/Value/StringWithMarkup/26/String,string,59Tim
/Record/Section/7/Section/3/Information/0/Value/StringWithMarkup/26/Markup/0/Start,number,0
/Record/Section/7/Section/3/Information/0/Value/StringWithMarkup/26/Markup/0/Length,number,2
/Record/Section/7/Section/3/Information/0/Value/StringWithMarkup/26/Markup/0/Type,string,Superscript
/Record/Section/7/Section/3/Information/0/Value/StringWithMarkup/26/Markup/1/Start,number,4
/Record/Section/7/Section/3/Information/0/Value/StringWithMarkup/26/Markup/1/Length,number,1
/Record/Section/7/Section/3/Information/0/Value/StringWithMarkup/26/Markup/1/Type,string,Superscript
/Record/Section/7/Section/3/Information/0/Value/StringWithMarkup/27/String,string,60Ti
/Record/Section/7/Section/3/Information/0/Value/StringWithMarkup/27/Markup/0/Start,number,0
/Record/Section/7/Section/3/Information/0/Value/StringWithMarkup/27/Markup/0/Length,number,2
/Record/Section/7/Section/3/Information/0/Value/StringWithMarkup/27/Markup/0/Type,string,Superscript
/Record/Section/7/Section/3/Information/0/Value/StringWithMarkup/28/String,string,61Ti
/Record/Section/7/Section/3/Information/0/Value/StringWithMarkup/28/Markup/0/Start,number,0
/Record/Section/7/Section/3/Information/0/Value/StringWithMarkup/28/Markup/0/Length,number,2
/Record/Section/7/Section/3/Information/0/Value/StringWithMarkup/28/Markup/0/Type,string,Superscript
/Record/Section/7/Section/3/Information/0/Value/StringWithMarkup/29/String,string,61Tim
/Record/Section/7/Section/3/Information/0/Value/StringWithMarkup/29/Markup/0/Start,number,0
/Record/Section/7/Section/3/Information/0/Value/StringWithMarkup/29/Markup/0/Length,number,2
/Record/Section/7/Section/3/Information/0/Value/StringWithMarkup/29/Markup/0/Type,string,Superscript
/Record/Section/7/Section/3/Information/0/Value/StringWithMarkup/29/Markup/1/Start,number,4
/Record/Section/7/Section/3/Information/0/Value/StringWithMarkup/29/Markup/1/Length,number,1
/Record/Section/7/Section/3/Information/0/Value/StringWithMarkup/29/Markup/1/Type,string,Superscript
/Record/Section/7/Section/3/Information/0/Value/StringWithMarkup/30/String,string,61Tin
/Record/Section/7/Section/3/Information/0/Value/StringWithMarkup/30/Markup/0/Start,number,0
/Record/Section/7/Section/3/Information/0/Value/StringWithMarkup/30/Markup/0/Length,number,2
/Record/Section/7/Section/3/Information/0/Value/StringWithMarkup/30/Markup/0/Type,string,Superscript
/Record/Section/7/Section/3/Information/0/Value/StringWithMarkup/30/Markup/1/Start,number,4
/Record/Section/7/Section/3/Information/0/Value/StringWithMarkup/30/Markup/1/Length,number,1
/Record/Section/7/Section/3/Information/0/Value/StringWithMarkup/30/Markup/1/Type,string,Superscript
/Record/Section/7/Section/3/Information/0/Value/StringWithMarkup/31/String,string,62Ti
/Record/Section/7/Section/3/Information/0/Value/StringWithMarkup/31/Markup/0/Start,number,0
/Record/Section/7/Section/3/Information/0/Value/StringWithMarkup/31/Markup/0/Length,number,2
/Record/Section/7/Section/3/Information/0/Value/StringWithMarkup/31/Markup/0/Type,string,Superscript
/Record/Section/7/Section/3/Information/0/Value/StringWithMarkup/32/String,string,63Ti
/Record/Section/7/Section/3/Information/0/Value/StringWithMarkup/32/Markup/0/Start,number,0
/Record/Section/7/Section/3/Information/0/Value/StringWithMarkup/32/Markup/0/Length,number,2
/Record/Section/7/Section/3/Information/0/Value/StringWithMarkup/32/Markup/0/Type,string,Superscript
/Record/Section/7/Section/3/Information/0/Value/StringWithMarkup/33/String,string,64Ti
/Record/Section/7/Section/3/Information/0/Value/StringWithMarkup/33/Markup/0/Start,number,0
/Record/Section/7/Section/3/Information/0/Value/StringWithMarkup/33/Markup/0/Length,number,2
/Record/Section/7/Section/3/Information/0/Value/StringWithMarkup/33/Markup/0/Type,string,Superscript
/Record/Section/7/Section/3/Information/0/Value/StringWithMarkup/34/String,string,65Ti
/Record/Section/7/Section/3/Information/0/Value/StringWithMarkup/34/Markup/0/Start,number,0
/Record/Section/7/Section/3/Information/0/Value/StringWithMarkup/34/Markup/0/Length,number,2
/Record/Section/7/Section/3/Information/0/Value/StringWithMarkup/34/Markup/0/Type,string,Superscript
/Record/Section/7/Section/3/Information/1/ReferenceNumber,number,2
/Record/Section/7/Section/3/Information/1/Name,string,Atomic Mass and Uncertainty [u]
/Record/Section/7/Section/3/Information/1/Value/StringWithMarkup/0/String,string,37.027021 ± 0.000429 [Estimated]
/Record/Section/7/Section/3/Information/1/Value/StringWithMarkup/1/String,string,38.012206 ± 0.000322 [Estimated]
/Record/Section/7/Section/3/Information/1/Value/StringWithMarkup/2/String,string,39.002684 ± 0.000215 [Estimated]
/Record/Section/7/Section/3/Information/1/Value/StringWithMarkup/3/String,string,39.990345146 ± 0.000073262
/Record/Section/7/Section/3/Information/1/Value/StringWithMarkup/4/String,string,40.983148000 ± 0.00003
/Record/Section/7/Section/3/Information/1/Value/StringWithMarkup/5/String,string,41.973049369 ± 0.000000289
/Record/Section/7/Section/3/Information/1/Value/StringWithMarkup/6/String,string,42.968528420 ± 0.000006139
/Record/Section/7/Section/3/Information/1/Value/StringWithMarkup/7/String,string,42.968528420 ± 0.000006139
/Record/Section/7/Section/3/Information/1/Value/StringWithMarkup/8/String,string,42.968528420 ± 0.000006139
/Record/Section/7/Section/3/Information/1/Value/StringWithMarkup/9/String,string,43.959689936 ± 0.000000751
/Record/Section/7/Section/3/Information/1/Value/StringWithMarkup/10/String,string,44.958120758 ± 0.000000897
/Record/Section/7/Section/3/Information/1/Value/StringWithMarkup/11/String,string,44.958120758 ± 0.000000897
/Record/Section/7/Section/3/Information/1/Value/StringWithMarkup/12/String,string,45.952626356 ± 0.000000097
/Record/Section/7/Section/3/Information/1/Value/StringWithMarkup/13/String,string,46.951757491 ± 0.000000085
/Record/Section/7/Section/3/Information/1/Value/StringWithMarkup/14/String,string,47.947940677 ± 0.000000079
/Record/Section/7/Section/3/Information/1/Value/StringWithMarkup/15/String,string,48.947864391 ± 0.000000084
/Record/Section/7/Section/3/Information/1/Value/StringWithMarkup/16/String,string,49.944785622 ± 0.000000088
/Record/Section/7/Section/3/Information/1/Value/StringWithMarkup/17/String,string,50.946609468 ± 0.000000519
/Record/Section/7/Section/3/Information/1/Value/StringWithMarkup/18/String,string,51.946883509 ± 0.000002948
/Record/Section/7/Section/3/Information/1/Value/StringWithMarkup/19/String,string,52.949670714 ± 0.0000031
/Record/Section/7/Section/3/Information/1/Value/StringWithMarkup/20/String,string,53.950892000 ± 0.000017
/Record/Section/7/Section/3/Information/1/Value/StringWithMarkup/21/String,string,54.955091000 ± 0.000031
/Record/Section/7/Section/3/Information/1/Value/StringWithMarkup/22/String,string,55.957677675 ± 0.000107569
/Record/Section/7/Section/3/Information/1/Value/StringWithMarkup/23/String,string,56.963068098 ± 0.00022102
/Record/Section/7/Section/3/Information/1/Value/StringWithMarkup/24/String,string,57.966808519 ± 0.000196823
/Record/Section/7/Section/3/Information/1/Value/StringWithMarkup/25/String,string,58.972217 ± 0.000322 [Estimated]
/Record/Section/7/Section/3/Information/1/Value/StringWithMarkup/26/String,string,58.972217 ± 0.000322 [Estimated]
/Record/Section/7/Section/3/Information/1/Value/StringWithMarkup/27/String,string,59.976275000 ± 0.000258
/Record/Section/7/Section/3/Information/1/Value/StringWithMarkup/28/String,string,60.982426 ± 0.000322 [Estimated]
/Record/Section/7/Section/3/Information/1/Value/StringWithMarkup/29/String,string,60.982426 ± 0.000322 [Estimated]
/Record/Section/7/Section/3/Information/1/Value/StringWithMarkup/30/String,string,60.982426 ± 0.000322 [Estimated]
/Record/Section/7/Section/3/Information/1/Value/StringWithMarkup/31/String,string,61.986903 ± 0.000429 [Estimated]
/Record/Section/7/Section/3/Information/1/Value/StringWithMarkup/32/String,string,62.993709 ± 0.000537 [Estimated]
/Record/Section/7/Section/3/Information/1/Value/StringWithMarkup/33/String,string,63.998411 ± 0.000644 [Estimated]
/Record/Section/7/Section/3/Information/1/Value/StringWithMarkup/34/String,string,65.005593 ± 0.000751 [Estimated]
/Record/Section/7/Section/3/Information/2/ReferenceNumber,number,2
/Record/Section/7/Section/3/Information/2/Name,string,Half Life and Uncertainty
/Record/Section/7/Section/3/Information/2/Value/StringWithMarkup/0/String,string,Not-specified
/Record/Section/7/Section/3/Information/2/Value/StringWithMarkup/1/String,string,Not-specified <120ns
/Record/Section/7/Section/3/Information/2/Value/StringWithMarkup/2/String,string,28.5 ms ± 0.9
/Record/Section/7/Section/3/Information/2/Value/StringWithMarkup/3/String,string,52.4 ms ± 0.3
/Record/Section/7/Section/3/Information/2/Value/StringWithMarkup/4/String,string,81.9 ms ± 0.5
/Record/Section/7/Section/3/Information/2/Value/StringWithMarkup/5/String,string,208.3 ms ± 0.4
/Record/Section/7/Section/3/Information/2/Value/StringWithMarkup/6/String,string,509 ms ± 5
/Record/Section/7/Section/3/Information/2/Value/StringWithMarkup/7/String,string,11.9 us ± 0.3
/Record/Section/7/Section/3/Information/2/Value/StringWithMarkup/8/String,string,556 ns ± 6
/Record/Section/7/Section/3/Information/2/Value/StringWithMarkup/9/String,string,59.1 y ± 0.3
/Record/Section/7/Section/3/Information/2/Value/StringWithMarkup/10/String,string,184.8 m ± 0.5
/Record/Section/7/Section/3/Information/2/Value/StringWithMarkup/11/String,string,3.0 us ± 0.2
/Record/Section/7/Section/3/Information/2/Value/StringWithMarkup/12/String,string,Stable
/Record/Section/7/Section/3/Information/2/Value/StringWithMarkup/13/String,string,Stable
/Record/Section/7/Section/3/Information/2/Value/StringWithMarkup/14/String,string,Stable
/Record/Section/7/Section/3/Information/2/Value/StringWithMarkup/15/String,string,Stable
/Record/Section/7/Section/3/Information/2/Value/StringWithMarkup/16/String,string,Stable
/Record/Section/7/Section/3/Information/2/Value/StringWithMarkup/17/String,string,5.76 m ± 0.01
/Record/Section/7/Section/3/Information/2/Value/StringWithMarkup/18/String,string,1.7 m ± 0.1
/Record/Section/7/Section/3/Information/2/Value/StringWithMarkup/19/String,string,32.7 s ± 0.9
/Record/Section/7/Section/3/Information/2/Value/StringWithMarkup/20/String,string,2.1 s ± 1.0
/Record/Section/7/Section/3/Information/2/Value/StringWithMarkup/21/String,string,1.3 s ± 0.1
/Record/Section/7/Section/3/Information/2/Value/StringWithMarkup/22/String,string,200 ms ± 5
/Record/Section/7/Section/3/Information/2/Value/StringWithMarkup/23/String,string,95 ms ± 8
/Record/Section/7/Section/3/Information/2/Value/StringWithMarkup/24/String,string,55 ms ± 6
/Record/Section/7/Section/3/Information/2/Value/StringWithMarkup/25/String,string,28.5 ms ± 1.9
/Record/Section/7/Section/3/Information/2/Value/StringWithMarkup/26/String,string,615 ns ± 11
/Record/Section/7/Section/3/Information/2/Value/StringWithMarkup/27/String,string,22.2 ms ± 1.6
/Record/Section/7/Section/3/Information/2/Value/StringWithMarkup/28/String,string,15 ms ± 4
/Record/Section/7/Section/3/Information/2/Value/StringWithMarkup/29/String,string,200 ns ± 28
/Record/Section/7/Section/3/Information/2/Value/StringWithMarkup/30/String,string,354 ns ± 69
/Record/Section/7/Section/3/Information/2/Value/StringWithMarkup/31/String,string,9 ms >620ns [Estimated]
/Record/Section/7/Section/3/Information/2/Value/StringWithMarkup/32/String,string,10 ms >620ns [Estimated]
/Record/Section/7/Section/3/Information/2/Value/StringWithMarkup/33/String,string,5 ms >620ns [Estimated]
/Record/Section/7/Section/3/Information/2/Value/StringWithMarkup/34/String,string,1 ms [Estimated]
/Record/Section/7/Section/3/Information/3/ReferenceNumber,number,2
/Record/Section/7/Section/3/Information/3/Name,string,Discovery Year
/Record/Section/7/Section/3/Information/3/Value/StringWithMarkup/0/String,string,
/Record/Section/7/Section/3/Information/3/Value/StringWithMarkup/1/String,string,
/Record/Section/7/Section/3/Information/3/Value/StringWithMarkup/2/String,string,1990
/Record/Section/7/Section/3/Information/3/Value/StringWithMarkup/3/String,string,1982
/Record/Section/7/Section/3/Information/3/Value/StringWithMarkup/4/String,string,1964
/Record/Section/7/Section/3/Information/3/Value/StringWithMarkup/5/String,string,1964
/Record/Section/7/Section/3/Information/3/Value/StringWithMarkup/6/String,string,1948
/Record/Section/7/Section/3/Information/3/Value/StringWithMarkup/7/String,string,1978
/Record/Section/7/Section/3/Information/3/Value/StringWithMarkup/8/String,string,1978
/Record/Section/7/Section/3/Information/3/Value/StringWithMarkup/9/String,string,1954
/Record/Section/7/Section/3/Information/3/Value/StringWithMarkup/10/String,string,1941
/Record/Section/7/Section/3/Information/3/Value/StringWithMarkup/11/String,string,2006
/Record/Section/7/Section/3/Information/3/Value/StringWithMarkup/12/String,string,1934
/Record/Section/7/Section/3/Information/3/Value/StringWithMarkup/13/String,string,1934
/Record/Section/7/Section/3/Information/3/Value/StringWithMarkup/14/String,string,1923
/Record/Section/7/Section/3/Information/3/Value/StringWithMarkup/15/String,string,1934
/Record/Section/7/Section/3/Information/3/Value/StringWithMarkup/16/String,string,1934
/Record/Section/7/Section/3/Information/3/Value/StringWithMarkup/17/String,string,1947
/Record/Section/7/Section/3/Information/3/Value/StringWithMarkup/18/String,string,1966
/Record/Section/7/Section/3/Information/3/Value/StringWithMarkup/19/String,string,1977
/Record/Section/7/Section/3/Information/3/Value/StringWithMarkup/20/String,string,1980
/Record/Section/7/Section/3/Information/3/Value/StringWithMarkup/21/String,string,1980
/Record/Section/7/Section/3/Information/3/Value/StringWithMarkup/22/String,string,1980
/Record/Section/7/Section/3/Information/3/Value/StringWithMarkup/23/String,string,1985
/Record/Section/7/Section/3/Information/3/Value/StringWithMarkup/24/String,string,1992
/Record/Section/7/Section/3/Information/3/Value/StringWithMarkup/25/String,string,1997
/Record/Section/7/Section/3/Information/3/Value/StringWithMarkup/26/String,string,2012
/Record/Section/7/Section/3/Information/3/Value/StringWithMarkup/27/String,string,1997
/Record/Section/7/Section/3/Information/3/Value/StringWithMarkup/28/String,string,1997
/Record/Section/7/Section/3/Information/3/Value/StringWithMarkup/29/String,string,2019
/Record/Section/7/Section/3/Information/3/Value/StringWithMarkup/30/String,string,2019
/Record/Section/7/Section/3/Information/3/Value/StringWithMarkup/31/String,string,2009
/Record/Section/7/Section/3/Information/3/Value/StringWithMarkup/32/String,string,2009
/Record/Section/7/Section/3/Information/3/Value/StringWithMarkup/33/String,string,2013
/Record/Section/7/Section/3/Information/3/Value/StringWithMarkup/34/String,string,
/Record/Section/7/Section/3/Information/4/ReferenceNumber,number,2
/Record/Section/7/Section/3/Information/4/Name,string,"Decay Modes, Intensities and Uncertainties [%]"
/Record/Section/7/Section/3/Information/4/Value/StringWithMarkup/0/String,string,p ?
/Record/Section/7/Section/3/Information/4/Value/StringWithMarkup/1/String,string,2p ?
/Record/Section/7/Section/3/Information/4/Value/StringWithMarkup/2/String,string,β+=100%; β+p=93.7±2.8%; β+2p=?
/Record/Section/7/Section/3/Information/4/Value/StringWithMarkup/2/Markup/0/Start,number,1
/Record/Section/7/Section/3/Information/4/Value/StringWithMarkup/2/Markup/0/Length,number,1
/Record/Section/7/Section/3/Information/4/Value/StringWithMarkup/2/Markup/0/Type,string,Superscript
/Record/Section/7/Section/3/Information/4/Value/StringWithMarkup/2/Markup/1/Start,number,10
/Record/Section/7/Section/3/Information/4/Value/StringWithMarkup/2/Markup/1/Length,number,1
/Record/Section/7/Section/3/Information/4/Value/StringWithMarkup/2/Markup/1/Type,string,Superscript
/Record/Section/7/Section/3/Information/4/Value/StringWithMarkup/2/Markup/2/Start,number,25
/Record/Section/7/Section/3/Information/4/Value/StringWithMarkup/2/Markup/2/Length,number,1
/Record/Section/7/Section/3/Information/4/Value/StringWithMarkup/2/Markup/2/Type,string,Superscript
/Record/Section/7/Section/3/Information/4/Value/StringWithMarkup/3/String,string,β+=100%; β+p=95.8±1.3%
/Record/Section/7/Section/3/Information/4/Value/StringWithMarkup/3/Markup/0/Start,number,1
/Record/Section/7/Section/3/Information/4/Value/StringWithMarkup/3/Markup/0/Length,number,1
/Record/Section/7/Section/3/Information/4/Value/StringWithMarkup/3/Markup/0/Type,string,Superscript
/Record/Section/7/Section/3/Information/4/Value/StringWithMarkup/3/Markup/1/Start,number,10
/Record/Section/7/Section/3/Information/4/Value/StringWithMarkup/3/Markup/1/Length,number,1
/Record/Section/7/Section/3/Information/4/Value/StringWithMarkup/3/Markup/1/Type,string,Superscript
/Record/Section/7/Section/3/Information/4/Value/StringWithMarkup/4/String,string,β+=100%; β+p=91.1±0.6%
/Record/Section/7/Section/3/Information/4/Value/StringWithMarkup/4/Markup/0/Start,number,1
/Record/Section/7/Section/3/Information/4/Value/StringWithMarkup/4/Markup/0/Length,number,1
/Record/Section/7/Section/3/Information/4/Value/StringWithMarkup/4/Markup/0/Type,string,Superscript
/Record/Section/7/Section/3/Information/4/Value/StringWithMarkup/4/Markup/1/Start,number,10
/Record/Section/7/Section/3/Information/4/Value/StringWithMarkup/4/Markup/1/Length,number,1
/Record/Section/7/Section/3/Information/4/Value/StringWithMarkup/4/Markup/1/Type,string,Superscript
/Record/Section/7/Section/3/Information/4/Value/StringWithMarkup/5/String,string,β+=100%
/Record/Section/7/Section/3/Information/4/Value/StringWithMarkup/5/Markup/0/Start,number,1
/Record/Section/7/Section/3/Information/4/Value/StringWithMarkup/5/Markup/0/Length,number,1
/Record/Section/7/Section/3/Information/4/Value/StringWithMarkup/5/Markup/0/Type,string,Superscript
/Record/Section/7/Section/3/Information/4/Value/StringWithMarkup/6/String,string,β+=100%; β+p ?
/Record/Section/7/Section/3/Information/4/Value/StringWithMarkup/6/Markup/0/Start,number,1
/Record/Section/7/Section/3/Information/4/Value/StringWithMarkup/6/Markup/0/Length,number,1
/Record/Section/7/Section/3/Information/4/Value/StringWithMarkup/6/Markup/0/Type,string,Superscript
/Record/Section/7/Section/3/Information/4/Value/StringWithMarkup/6/Markup/1/Start,number,10
/Record/Section/7/Section/3/Information/4/Value/StringWithMarkup/6/Markup/1/Length,number,1
/Record/Section/7/Section/3/Information/4/Value/StringWithMarkup/6/Markup/1/Type,string,Superscript
/Record/Section/7/Section/3/Information/4/Value/StringWithMarkup/7/String,string,IT=100%
/Record/Section/7/Section/3/Information/4/Value/StringWithMarkup/8/String,string,IT=100%
/Record/Section/7/Section/3/Information/4/Value/StringWithMarkup/9/String,string,ε=100%
/Record/Section/7/Section/3/Information/4/Value/StringWithMarkup/10/String,string,β+=100%
/Record/Section/7/Section/3/Information/4/Value/StringWithMarkup/10/Markup/0/Start,number,1
/Record/Section/7/Section/3/Information/4/Value/StringWithMarkup/10/Markup/0/Length,number,1
/Record/Section/7/Section/3/Information/4/Value/StringWithMarkup/10/Markup/0/Type,string,Superscript
/Record/Section/7/Section/3/Information/4/Value/StringWithMarkup/11/String,string,IT=100%
/Record/Section/7/Section/3/Information/4/Value/StringWithMarkup/12/String,string,IS=8.25±0.3%
/Record/Section/7/Section/3/Information/4/Value/StringWithMarkup/13/String,string,IS=7.44±0.2%
/Record/Section/7/Section/3/Information/4/Value/StringWithMarkup/14/String,string,IS=73.72±0.3%
/Record/Section/7/Section/3/Information/4/Value/StringWithMarkup/15/String,string,IS=5.41±0.2%
/Record/Section/7/Section/3/Information/4/Value/StringWithMarkup/16/String,string,IS=5.18±0.2%
/Record/Section/7/Section/3/Information/4/Value/StringWithMarkup/17/String,string,β-=100%
/Record/Section/7/Section/3/Information/4/Value/StringWithMarkup/17/Markup/0/Start,number,1
/Record/Section/7/Section/3/Information/4/Value/StringWithMarkup/17/Markup/0/Length,number,1
/Record/Section/7/Section/3/Information/4/Value/StringWithMarkup/17/Markup/0/Type,string,Superscript
/Record/Section/7/Section/3/Information/4/Value/StringWithMarkup/18/String,string,β-=100%
/Record/Section/7/Section/3/Information/4/Value/StringWithMarkup/18/Markup/0/Start,number,1
/Record/Section/7/Section/3/Information/4/Value/StringWithMarkup/18/Markup/0/Length,number,1
/Record/Section/7/Section/3/Information/4/Value/StringWithMarkup/18/Markup/0/Type,string,Superscript
/Record/Section/7/Section/3/Information/4/Value/StringWithMarkup/19/String,string,β-=100%
/Record/Section/7/Section/3/Information/4/Value/StringWithMarkup/19/Markup/0/Start,number,1
/Record/Section/7/Section/3/Information/4/Value/StringWithMarkup/19/Markup/0/Length,number,1
/Record/Section/7/Section/3/Information/4/Value/StringWithMarkup/19/Markup/0/Type,string,Superscript
/Record/Section/7/Section/3/Information/4/Value/StringWithMarkup/20/String,string,β-=100%
/Record/Section/7/Section/3/Information/4/Value/StringWithMarkup/20/Markup/0/Start,number,1
/Record/Section/7/Section/3/Information/4/Value/StringWithMarkup/20/Markup/0/Length,number,1
/Record/Section/7/Section/3/Information/4/Value/StringWithMarkup/20/Markup/0/Type,string,Superscript
/Record/Section/7/Section/3/Information/4/Value/StringWithMarkup/21/String,string,β-=100%; β-n ?
/Record/Section/7/Section/3/Information/4/Value/StringWithMarkup/21/Markup/0/Start,number,1
/Record/Section/7/Section/3/Information/4/Value/StringWithMarkup/21/Markup/0/Length,number,1
/Record/Section/7/Section/3/Information/4/Value/StringWithMarkup/21/Markup/0/Type,string,Superscript
/Record/Section/7/Section/3/Information/4/Value/StringWithMarkup/21/Markup/1/Start,number,10
/Record/Section/7/Section/3/Information/4/Value/StringWithMarkup/21/Markup/1/Length,number,1
/Record/Section/7/Section/3/Information/4/Value/StringWithMarkup/21/Markup/1/Type,string,Superscript
/Record/Section/7/Section/3/Information/4/Value/StringWithMarkup/22/String,string,β-=100%; β-n ?
/Record/Section/7/Section/3/Information/4/Value/StringWithMarkup/22/Markup/0/Start,number,1
/Record/Section/7/Section/3/Information/4/Value/StringWithMarkup/22/Markup/0/Length,number,1
/Record/Section/7/Section/3/Information/4/Value/StringWithMarkup/22/Markup/0/Type,string,Superscript
/Record/Section/7/Section/3/Information/4/Value/StringWithMarkup/22/Markup/1/Start,number,10
/Record/Section/7/Section/3/Information/4/Value/StringWithMarkup/22/Markup/1/Length,number,1
/Record/Section/7/Section/3/Information/4/Value/StringWithMarkup/22/Markup/1/Type,string,Superscript
/Record/Section/7/Section/3/Information/4/Value/StringWithMarkup/23/String,string,β-=100%; β-n ?
/Record/Section/7/Section/3/Information/4/Value/StringWithMarkup/23/Markup/0/Start,number,1
/Record/Section/7/Section/3/Information/4/Value/StringWithMarkup/23/Markup/0/Length,number,1
/Record/Section/7/Section/3/Information/4/Value/StringWithMarkup/23/Markup/0/Type,string,Superscript
/Record/Section/7/Section/3/Information/4/Value/StringWithMarkup/23/Markup/1/Start,number,10
/Record/Section/7/Section/3/Information/4/Value/StringWithMarkup/23/Markup/1/Length,number,1
/Record/Section/7/Section/3/Information/4/Value/StringWithMarkup/23/Markup/1/Type,string,Superscript
/Record/Section/7/Section/3/Information/4/Value/StringWithMarkup/24/String,string,β-=100%; β-n ?
/Record/Section/7/Section/3/Information/4/Value/StringWithMarkup/24/Markup/0/Start,number,1
/Record/Section/7/Section/3/Information/4/Value/StringWithMarkup/24/Markup/0/Length,number,1
/Record/Section/7/Section/3/Information/4/Value/StringWithMarkup/24/Markup/0/Type,string,Superscript
/Record/Section/7/Section/3/Information/4/Value/StringWithMarkup/24/Markup/1/Start,number,10
/Record/Section/7/Section/3/Information/4/Value/StringWithMarkup/24/Markup/1/Length,number,1
/Record/Section/7/Section/3/Information/4/Value/StringWithMarkup/24/Markup/1/Type,string,Superscript
/Record/Section/7/Section/3/Information/4/Value/StringWithMarkup/25/String,string,β-=100%; β-n ?; β-2n ?
/Record/Section/7/Section/3/Information/4/Value/StringWithMarkup/25/Markup/0/Start,number,1
/Record/Section/7/Section/3/Information/4/Value/StringWithMarkup/25/Markup/0/Length,number,1
/Record/Section/7/Section/3/Information/4/Value/StringWithMarkup/25/Markup/0/Type,string,Superscript
/Record/Section/7/Section/3/Information/4/Value/StringWithMarkup/25/Markup/1/Start,number,10
/Record/Section/7/Section/3/Information/4/Value/StringWithMarkup/25/Markup/1/Length,number,1
/Record/Section/7/Section/3/Information/4/Value/StringWithMarkup/25/Markup/1/Type,string,Superscript
/Record/Section/7/Section/3/Information/4/Value/StringWithMarkup/25/Markup/2/Start,number,17
/Record/Section/7/Section/3/Information/4/Value/StringWithMarkup/25/Markup/2/Length,number,1
/Record/Section/7/Section/3/Information/4/Value/StringWithMarkup/25/Markup/2/Type,string,Superscript
/Record/Section/7/Section/3/Information/4/Value/StringWithMarkup/26/String,string,IT=100%
/Record/Section/7/Section/3/Information/4/Value/StringWithMarkup/27/String,string,β-=100%; β-n ?; β-2n ?
/Record/Section/7/Section/3/Information/4/Value/StringWithMarkup/27/Markup/0/Start,number,1
/Record/Section/7/Section/3/Information/4/Value/StringWithMarkup/27/Markup/0/Length,number,1
/Record/Section/7/Section/3/Information/4/Value/StringWithMarkup/27/Markup/0/Type,string,Superscript
/Record/Section/7/Section/3/Information/4/Value/StringWithMarkup/27/Markup/1/Start,number,10
/Record/Section/7/Section/3/Information/4/Value/StringWithMarkup/27/Markup/1/Length,number,1
/Record/Section/7/Section/3/Information/4/Value/StringWithMarkup/27/Markup/1/Type,string,Superscript
/Record/Section/7/Section/3/Information/4/Value/StringWithMarkup/27/Markup/2/Start,number,17
/Record/Section/7/Section/3/Information/4/Value/StringWithMarkup/27/Markup/2/Length,number,1
/Record/Section/7/Section/3/Information/4/Value/StringWithMarkup/27/Markup/2/Type,string,Superscript
/Record/Section/7/Section/3/Information/4/Value/StringWithMarkup/28/String,string,β-=100%; β-n ?; β-2n ?
/Record/Section/7/Section/3/Information/4/Value/StringWithMarkup/28/Markup/0/Start,number,1
/Record/Section/7/Section/3/Information/4/Value/StringWithMarkup/28/Markup/0/Length,number,1
/Record/Section/7/Section/3/Information/4/Value/StringWithMarkup/28/Markup/0/Type,string,Superscript
/Record/Section/7/Section/3/Information/4/Value/StringWithMarkup/28/Markup/1/Start,number,10
/Record/Section/7/Section/3/Information/4/Value/StringWithMarkup/28/Markup/1/Length,number,1
/Record/Section/7/Section/3/Information/4/Value/StringWithMarkup/28/Markup/1/Type,string,Superscript
/Record/Section/7/Section/3/Information/4/Value/StringWithMarkup/28/Markup/2/Start,number,17
/Record/Section/7/Section/3/Information/4/Value/StringWithMarkup/28/Markup/2/Length,number,1
/Record/Section/7/Section/3/Information/4/Value/StringWithMarkup/28/Markup/2/Type,string,Superscript
/Record/Section/7/Section/3/Information/4/Value/StringWithMarkup/29/String,string,IT=100%
/Record/Section/7/Section/3/Information/4/Value/StringWithMarkup/30/String,string,IT=100%
/Record/Section/7/Section/3/Information/4/Value/StringWithMarkup/31/String,string,β- ?; β-n ?; β-2n ?
/Record/Section/7/Section/3/Information/4/Value/StringWithMarkup/31/Markup/0/Start,number,1
/Record/Section/7/Section/3/Information/4/Value/StringWithMarkup/31/Markup/0/Length,number,1
/Record/Section/7/Section/3/Information/4/Value/StringWithMarkup/31/Markup/0/Type,string,Superscript
/Record/Section/7/Section/3/Information/4/Value/StringWithMarkup/31/Markup/1/Start,number,7
/Record/Section/7/Section/3/Information/4/Value/StringWithMarkup/31/Markup/1/Length,number,1
/Record/Section/7/Section/3/Information/4/Value/StringWithMarkup/31/Markup/1/Type,string,Superscript
/Record/Section/7/Section/3/Information/4/Value/StringWithMarkup/31/Markup/2/Start,number,14
/Record/Section/7/Section/3/Information/4/Value/StringWithMarkup/31/Markup/2/Length,number,1
/Record/Section/7/Section/3/Information/4/Value/StringWithMarkup/31/Markup/2/Type,string,Superscript
/Record/Section/7/Section/3/Information/4/Value/StringWithMarkup/32/String,string,β- ?; β-n ?; β-2n ?
/Record/Section/7/Section/3/Information/4/Value/StringWithMarkup/32/Markup/0/Start,number,1
/Record/Section/7/Section/3/Information/4/Value/StringWithMarkup/32/Markup/0/Length,number,1
/Record/Section/7/Section/3/Information/4/Value/StringWithMarkup/32/Markup/0/Type,string,Superscript
/Record/Section/7/Section/3/Information/4/Value/StringWithMarkup/32/Markup/1/Start,number,7
/Record/Section/7/Section/3/Information/4/Value/StringWithMarkup/32/Markup/1/Length,number,1
/Record/Section/7/Section/3/Information/4/Value/StringWithMarkup/32/Markup/1/Type,string,Superscript
/Record/Section/7/Section/3/Information/4/Value/StringWithMarkup/32/Markup/2/Start,number,14
/Record/Section/7/Section/3/Information/4/Value/StringWithMarkup/32/Markup/2/Length,number,1
/Record/Section/7/Section/3/Information/4/Value/StringWithMarkup/32/Markup/2/Type,string,Superscript
/Record/Section/7/Section/3/Information/4/Value/StringWithMarkup/33/String,string,β- ?; β-n ?; β-2n ?
/Record/Section/7/Section/3/Information/4/Value/StringWithMarkup/33/Markup/0/Start,number,1
/Record/Section/7/Section/3/Information/4/Value/StringWithMarkup/33/Markup/0/Length,number,1
/Record/Section/7/Section/3/Information/4/Value/StringWithMarkup/33/Markup/0/Type,string,Superscript
/Record/Section/7/Section/3/Information/4/Value/StringWithMarkup/33/Markup/1/Start,number,7
/Record/Section/7/Section/3/Information/4/Value/StringWithMarkup/33/Markup/1/Length,number,1
/Record/Section/7/Section/3/Information/4/Value/StringWithMarkup/33/Markup/1/Type,string,Superscript
/Record/Section/7/Section/3/Information/4/Value/StringWithMarkup/33/Markup/2/Start,number,14
/Record/Section/7/Section/3/Information/4/Value/StringWithMarkup/33/Markup/2/Length,number,1
/Record/Section/7/Section/3/Information/4/Value/StringWithMarkup/33/Markup/2/Type,string,Superscript
/Record/Section/7/Section/3/Information/4/Value/StringWithMarkup/34/String,string,β- ?; β-n ?; β-2n ?
/Record/Section/7/Section/3/Information/4/Value/StringWithMarkup/34/Markup/0/Start,number,1
/Record/Section/7/Section/3/Information/4/Value/StringWithMarkup/34/Markup/0/Length,number,1
/Record/Section/7/Section/3/Information/4/Value/StringWithMarkup/34/Markup/0/Type,string,Superscript
/Record/Section/7/Section/3/Information/4/Value/StringWithMarkup/34/Markup/1/Start,number,7
/Record/Section/7/Section/3/Information/4/Value/StringWithMarkup/34/Markup/1/Length,number,1
/Record/Section/7/Section/3/Information/4/Value/StringWithMarkup/34/Markup/1/Type,string,Superscript
/Record/Section/7/Section/3/Information/4/Value/StringWithMarkup/34/Markup/2/Start,number,14
/Record/Section/7/Section/3/Information/4/Value/StringWithMarkup/34/Markup/2/Length,number,1
/Record/Section/7/Section/3/Information/4/Value/StringWithMarkup/34/Markup/2/Type,string,Superscript
/Record/Reference/0/ReferenceNumber,number,1
/Record/Reference/0/SourceName,string,PubChem
/Record/Reference/0/SourceID,string,PubChem
/Record/Reference/0/Description,string,Data deposited in or computed by PubChem
/Record/Reference/0/URL,string,https://pubchem.ncbi.nlm.nih.gov
/Record/Reference/1/ReferenceNumber,number,2
/Record/Reference/1/SourceName,string,"Atomic Mass Data Center (AMDC), International Atomic Energy Agency (IAEA)"
/Record/Reference/1/SourceID,string,e22
/Record/Reference/1/Name,string,Ti
/Record/Reference/1/Description,string,The half-life and atomic mass data was provided by the Atomic Mass Data Center at the International Atomic Energy Agency.
/Record/Reference/1/URL,string,https://www-nds.iaea.org/amdc/
/Record/Reference/1/LicenseURL,string,https://www-nds.iaea.org/disclaimer.html
/Record/Reference/1/ANID,number,6590249
/Record/Reference/2/ReferenceNumber,number,3
/Record/Reference/2/SourceName,string,IUPAC Commission on Isotopic Abundances and Atomic Weights (CIAAW)
/Record/Reference/2/SourceID,string,a22
/Record/Reference/2/Name,string,Titanium
/Record/Reference/2/Description,string,Element data are cited from the Atomic weights of the elements (an IUPAC Technical Report). The IUPAC periodic table of elements can be found at https://iupac.org/what-we-do/periodic-table-of-elements/. Additional information can be found within IUPAC publication doi:10.1515/pac-2015-0703 Copyright © 2020 International Union of Pure and Applied Chemistry.
/Record/Reference/2/URL,string,https://www.ciaaw.org/titanium.htm
/Record/Reference/2/LicenseURL,string,http://www.ciaaw.org/bylaws.htm
/Record/Reference/2/ANID,number,2292403
/Record/Reference/3/ReferenceNumber,number,5
/Record/Reference/3/SourceName,string,"Jefferson Lab, U.S. Department of Energy"
/Record/Reference/3/SourceID,string,jlab22
/Record/Reference/3/Name,string,Titanium
/Record/Reference/3/Description,string,"Thomas Jefferson National Accelerator Facility (Jefferson Lab) is one of 17 national laboratories funded by the U.S. Department of Energy. The lab's primary mission is to conduct basic research of the atom's nucleus using the lab's unique particle accelerator, known as the Continuous Electron Beam Accelerator Facility (CEBAF). For more information visit https://www.jlab.org/"
/Record/Reference/3/URL,string,https://education.jlab.org/itselemental/ele022.html
/Record/Reference/3/LicenseNote,string,Please see citation and linking information: https://education.jlab.org/faq/index.html
/Record/Reference/3/LicenseURL,string,https://www.jlab.org/privacy-and-security-notice
/Record/Reference/3/ANID,number,507084
/Record/Reference/4/ReferenceNumber,number,6
/Record/Reference/4/SourceName,string,"Los Alamos National Laboratory, U.S. Department of Energy"
/Record/Reference/4/SourceID,string,lanl22
/Record/Reference/4/Name,string,Titanium
/Record/Reference/4/Description,string,"The periodic table at the LANL (Los Alamos National Laboratory) contains basic element information together with the history, source, properties, use, handling and more. The provenance data may be found from the link under the source name."
/Record/Reference/4/URL,string,https://periodic.lanl.gov/22.shtml
/Record/Reference/4/ANID,number,507202
/Record/Reference/5/ReferenceNumber,number,7
/Record/Reference/5/SourceName,string,NIST Physical Measurement Laboratory
/Record/Reference/5/SourceID,string,e22
/Record/Reference/5/Name,string,Titanium
/Record/Reference/5/Description,string,"The periodic table contains NIST's critically-evaluated data on atomic properties of the elements. The provenance data that include data for atomic spectroscopy, X-ray and gamma ray, radiation dosimetry, nuclear physics, and condensed matter physics may be found from the link under the source name. Ref: https://www.nist.gov/pml/atomic-spectra-database"
/Record/Reference/5/URL,string,https://physics.nist.gov/cgi-bin/Elements/elInfo.pl?element=22
/Record/Reference/5/LicenseURL,string,https://www.nist.gov/pml/database-disclaimer
/Record/Reference/5/ANID,number,2292639
/Record/Reference/6/ReferenceNumber,number,4
/Record/Reference/6/SourceName,string,IUPAC Periodic Table of the Elements and Isotopes (IPTEI)
/Record/Reference/6/SourceID,string,p22
/Record/Reference/6/Description,string,"The information are cited from Pure Appl. Chem. 2018; 90(12): 1833-2092, https://doi.org/10.1515/pac-2015-0703."
/Record/Reference/6/URL,string,https://doi.org/10.1515/pac-2015-0703
/Record/Reference/6/LicenseNote,string,"Copyright (c) 2020 International Union of Pure and Applied Chemistry.

The International Union of Pure and Applied Chemistry (IUPAC) contribution within Pubchem is provided under a CC-BY-NC-ND 4.0 license, unless otherwise stated."
/Record/Reference/6/LicenseURL,string,https://creativecommons.org/licenses/by-nc-nd/4.0/
/Record/Reference/6/ANID,number,13296427
/Record/Reference/7/ReferenceNumber,number,9
/Record/Reference/7/SourceName,string,PubChem Elements
/Record/Reference/7/SourceID,string,ep_22
/Record/Reference/7/Name,string,Titanium
/Record/Reference/7/Description,string,The element property data was retrieved from publications.
/Record/Reference/7/LicenseURL,string,https://www.nlm.nih.gov/copyright.html
/Record/Reference/7/ANID,number,24834080
/Record/Reference/8/ReferenceNumber,number,8
/Record/Reference/8/SourceName,string,PubChem Elements
/Record/Reference/8/SourceID,string,ef_22
/Record/Reference/8/Name,string,Titanium
/Record/Reference/8/Description,string,This section provides all form of data related to element Titanium.
/Record/Reference/8/LicenseURL,string,https://www.nlm.nih.gov/copyright.html
/Record/Reference/8/ANID,number,24833950
