path,type,value
/Record/RecordType,string,AtomicNumber
/Record/RecordNumber,number,47
/Record/RecordTitle,string,Silver
/Record/Section/0/TOCHeading,string,Identifiers
/Record/Section/0/Description,string,"Identifiers for this element, including element name, element symbol, InChI string, and InChIKey."
/Record/Section/0/Section/0/TOCHeading,string,Element Name
/Record/Section/0/Section/0/Description,string,"The formal, standard name for a given element, originating from factors such as common usage and the person or place involved in its discovery. Element, also called chemical element, refers to a species of atom; all varieties of atoms with the same number of protons in the nucleus (but possibly a different number of neutrons) are considered to be the same element."
/Record/Section/0/Section/0/Information/0/ReferenceNumber,number,1
/Record/Section/0/Section/0/Information/0/Name,string,Element Name
/Record/Section/0/Section/0/Information/0/Value/StringWithMarkup/0/String,string,Silver
/Record/Section/0/Section/0/Information/1/ReferenceNumber,number,3
/Record/Section/0/Section/0/Information/1/Name,string,Element Name
/Record/Section/0/Section/0/Information/1/Value/StringWithMarkup/0/String,string,Silver
/Record/Section/0/Section/1/TOCHeading,string,Element Symbol
/Record/Section/0/Section/1/Description,string,"Element symbol, also called atomic symbol, typically consists of one or two letters from the Latin alphabet derived from the element name in one of several languages."
/Record/Section/0/Section/1/Information/0/ReferenceNumber,number,1
/Record/Section/0/Section/1/Information/0/Name,string,Element Symbol
/Record/Section/0/Section/1/Information/0/Value/StringWithMarkup/0/String,string,Ag
/Record/Section/0/Section/1/Information/1/ReferenceNumber,number,3
/Record/Section/0/Section/1/Information/1/Name,string,Element Symbol
/Record/Section/0/Section/1/Information/1/Value/StringWithMarkup/0/String,string,Ag
/Record/Section/0/Section/2/TOCHeading,string,InChI
/Record/Section/0/Section/2/Description,string,"The International Chemical Identifier (InChI) is a computed, non-proprietary identifier for a chemical structure.  The InChI is an International Union of Pure and Applied Chemistry (IUPAC) standard."
/Record/Section/0/Section/2/URL,string,https://iupac.org/who-we-are/divisions/division-details/inchi/
/Record/Section/0/Section/2/Information/0/ReferenceNumber,number,1
/Record/Section/0/Section/2/Information/0/Name,string,InChI
/Record/Section/0/Section/2/Information/0/Value/StringWithMarkup/0/String,string,InChI=1S/Ag
/Record/Section/0/Section/3/TOCHeading,string,InChIKey
/Record/Section/0/Section/3/Description,string,"An InChIKey is a 27-character hashed code derived from an InChI.  The International Chemical Identifier (InChI) is a computed, non-proprietary identifier for a chemical structure.  The InChI is an International Union of Pure and Applied Chemistry (IUPAC) standard."
/Record/Section/0/Section/3/URL,string,https://iupac.org/who-we-are/divisions/division-details/inchi/
/Record/Section/0/Section/3/Information/0/ReferenceNumber,number,1
/Record/Section/0/Section/3/Information/0/Name,string,InChIKey
/Record/Section/0/Section/3/Information/0/Value/StringWithMarkup/0/String,string,BQCADISMDOOEFD-UHFFFAOYSA-N
/Record/Section/1/TOCHeading,string,Properties
/Record/Section/1/Description,string,"Characteristics of this element, such as atomic number, atomic mass, density, melting point, boiling point and so on."
/Record/Section/1/Section/0/TOCHeading,string,Atomic Weight
/Record/Section/1/Section/0/Description,string,"Also called relative atomic mass, is the ratio of the average mass of the atom to the unified atomic mass unit, defined as one twelfth of the mass of a carbon-12 atom in its ground state and used to express masses of atomic particles, u=1.660 5402(10) * 10**(-27) kg. The Standard atomic weights refer to recommended values of relative atomic masses of the elements revised biennially by the IUPAC Commission on Atomic Weights and Isotopic Abundances and applicable to elements in any normal sample with a high level of confidence. The number in the parenthesis refers to an uncertainty when exists. The unit of atomic weight is the dalton or unified atomic mass unit (symbol: Da or u)."
/Record/Section/1/Section/0/Information/0/ReferenceNumber,number,3
/Record/Section/1/Section/0/Information/0/Name,string,Atomic Weight
/Record/Section/1/Section/0/Information/0/Value/StringWithMarkup/0/String,string,107.8682(2)
/Record/Section/1/Section/0/Information/1/ReferenceNumber,number,5
/Record/Section/1/Section/0/Information/1/Value/StringWithMarkup/0/String,string,107.8682
/Record/Section/1/Section/0/Information/2/ReferenceNumber,number,6
/Record/Section/1/Section/0/Information/2/Value/StringWithMarkup/0/String,string,107.9
/Record/Section/1/Section/0/Information/3/ReferenceNumber,number,7
/Record/Section/1/Section/0/Information/3/Value/StringWithMarkup/0/String,string,107.8682(2)
/Record/Section/1/Section/1/TOCHeading,string,Electron Configuration
/Record/Section/1/Section/1/Description,string,"The electron configuration refers a distribution of the electrons of an atom or a molecular entity over a set of one-electron wavefunctions (called orbitals), according to the Pauli principle. From one configuration several states with different multiplicities may result."
/Record/Section/1/Section/1/URL,string,https://chem.libretexts.org/Courses/Sacramento_City_College/SCC%3A_Chem_420_-_Organic_Chemistry_I/Text/01%3A_Introduction_and_Review/1.04%3A_Electron_Configurations
/Record/Section/1/Section/1/Information/0/ReferenceNumber,number,6
/Record/Section/1/Section/1/Information/0/Value/StringWithMarkup/0/String,string,[Kr]5s14d10
/Record/Section/1/Section/1/Information/0/Value/StringWithMarkup/0/Markup/0/Start,number,6
/Record/Section/1/Section/1/Information/0/Value/StringWithMarkup/0/Markup/0/Length,number,1
/Record/Section/1/Section/1/Information/0/Value/StringWithMarkup/0/Markup/0/Type,string,Superscript
/Record/Section/1/Section/1/Information/0/Value/StringWithMarkup/0/Markup/1/Start,number,9
/Record/Section/1/Section/1/Information/0/Value/StringWithMarkup/0/Markup/1/Length,number,2
/Record/Section/1/Section/1/Information/0/Value/StringWithMarkup/0/Markup/1/Type,string,Superscript
/Record/Section/1/Section/2/TOCHeading,string,Atomic Radius
/Record/Section/1/Section/2/Description,string,"The atomic radius of a chemical element is a measure of the size of its atom, usually, the distance from the center of the nucleus to the outermost isolated electron.  Because an atom does not have a discrete boundary, there are various non-equivalent definitions of atomic radius, such as Van der Waals radius and covalent radius."
/Record/Section/1/Section/2/Information/0/ReferenceNumber,number,6
/Record/Section/1/Section/2/Information/0/Name,string,Van der Waals Atomic Radius
/Record/Section/1/Section/2/Information/0/Value/StringWithMarkup/0/String,string,172 pm (Van der Waals)
/Record/Section/1/Section/2/Information/1/ReferenceNumber,number,9
/Record/Section/1/Section/2/Information/1/Name,string,Empirical Atomic Radius
/Record/Section/1/Section/2/Information/1/Reference/0,string,"J.C. Slater, J Chem Phys, 1964, 41(10), 3199-3205. DOI:10.1063/1.1725697"
/Record/Section/1/Section/2/Information/1/ExtendedReference/0/Citation,string,"J.C. Slater, J Chem Phys, 1964, 41(10), 3199-3205. DOI:10.1063/1.1725697"
/Record/Section/1/Section/2/Information/1/Value/Number/0,number,160
/Record/Section/1/Section/2/Information/1/Value/Unit,string,pm (Empirical)
/Record/Section/1/Section/2/Information/2/ReferenceNumber,number,9
/Record/Section/1/Section/2/Information/2/Name,string,Covalent Atomic Radius
/Record/Section/1/Section/2/Information/2/Reference/0,string,"B. Cordero, V. Gómez, A.E. Platero-Prats, M. Revés, J. Echeverría, E. Cremades, F. Barragán, S. Alvarez, Dalton Trans. 2008, 21, 2832-2838. DOI:10.1039/b801115j PMID:18478144."
/Record/Section/1/Section/2/Information/2/ExtendedReference/0/Citation,string,"B. Cordero, V. Gómez, A.E. Platero-Prats, M. Revés, J. Echeverría, E. Cremades, F. Barragán, S. Alvarez, Dalton Trans. 2008, 21, 2832-2838. DOI:10.1039/b801115j PMID:18478144."
/Record/Section/1/Section/2/Information/2/Value/StringWithMarkup/0/String,string,145(5) pm (Covalent)
/Record/Section/1/Section/3/TOCHeading,string,Oxidation States
/Record/Section/1/Section/3/Description,string,"The oxidation state(s) that this element commonly has in a compound.  The oxidation state of an atom is defined as the hypothetical charge that would be held by that atom if all of its bonds to other atoms were completely ionic in nature. For example, the oxidation state of carbon in CO2 would be +4 since the hypothetical charge held by the carbon atom if both of the carbon-oxygen double bonds were completely ionic would be equal to +4 (each oxygen atom would hold a charge of -2 since oxygen is more electronegative than carbon)."
/Record/Section/1/Section/3/URL,string,https://chem.libretexts.org/Bookshelves/General_Chemistry/Map%3A_Chemistry_-_The_Central_Science_(Brown_et_al.)/20%3A_Electrochemistry/20.01%3A_Oxidation_States_and_Redox_Reactions
/Record/Section/1/Section/3/Information/0/ReferenceNumber,number,5
/Record/Section/1/Section/3/Information/0/Value/StringWithMarkup/0/String,string,+1
/Record/Section/1/Section/3/Information/1/ReferenceNumber,number,6
/Record/Section/1/Section/3/Information/1/Value/StringWithMarkup/0/String,string,"-2, -1, 1, 2, 3 ​(an amphoteric oxide)"
/Record/Section/1/Section/4/TOCHeading,string,Ground Level
/Record/Section/1/Section/4/Description,string,Also called ground-state level. The ground state electron configuration is the arrangement of electrons around the nucleus of an atom with lower energy levels.
/Record/Section/1/Section/4/Information/0/ReferenceNumber,number,7
/Record/Section/1/Section/4/Information/0/Value/StringWithMarkup/0/String,string,2S1/2
/Record/Section/1/Section/4/Information/0/Value/StringWithMarkup/0/Markup/0/Start,number,0
/Record/Section/1/Section/4/Information/0/Value/StringWithMarkup/0/Markup/0/Length,number,1
/Record/Section/1/Section/4/Information/0/Value/StringWithMarkup/0/Markup/0/Type,string,Superscript
/Record/Section/1/Section/4/Information/0/Value/StringWithMarkup/0/Markup/1/Start,number,2
/Record/Section/1/Section/4/Information/0/Value/StringWithMarkup/0/Markup/1/Length,number,3
/Record/Section/1/Section/4/Information/0/Value/StringWithMarkup/0/Markup/1/Type,string,Subscript
/Record/Section/1/Section/5/TOCHeading,string,Ionization Energy
/Record/Section/1/Section/5/Description,string,"Ionization energy, also called ionization potential, is the amount of energy required to remove an electron from an isolated atom or molecule."
/Record/Section/1/Section/5/URL,string,https://www.britannica.com/science/ionization-energy
/Record/Section/1/Section/5/Information/0/ReferenceNumber,number,5
/Record/Section/1/Section/5/Information/0/Value/StringWithMarkup/0/String,string,7.576 eV
/Record/Section/1/Section/5/Information/1/ReferenceNumber,number,7
/Record/Section/1/Section/5/Information/1/Reference/0,string,"Reassessment of the First Ionization Potentials of Copper, Silver, and Gold, H.-P. Loock, L. M. Beaty, and B. Simard, Phys. Rev. A 59, 873–875 (1999) DOI:10.1103/PhysRevA.59.873"
/Record/Section/1/Section/5/Information/1/ExtendedReference/0/Citation,string,"Reassessment of the First Ionization Potentials of Copper, Silver, and Gold, H.-P. Loock, L. M. Beaty, and B. Simard, Phys. Rev. A 59, 873–875 (1999) DOI:10.1103/PhysRevA.59.873"
/Record/Section/1/Section/5/Information/1/Value/StringWithMarkup/0/String,string,7.576234 ± 0.000025 eV
/Record/Section/1/Section/6/TOCHeading,string,Electronegativity
/Record/Section/1/Section/6/Description,string,Electronegativity is a measure of the tendency of an atom to attract a bonding pair of electrons.
/Record/Section/1/Section/6/URL,string,https://chem.libretexts.org/Bookshelves/Physical_and_Theoretical_Chemistry_Textbook_Maps/Supplemental_Modules_(Physical_and_Theoretical_Chemistry)/Physical_Properties_of_Matter/Atomic_and_Molecular_Properties/Electronegativity
/Record/Section/1/Section/6/Information/0/ReferenceNumber,number,9
/Record/Section/1/Section/6/Information/0/Name,string,Pauling Scale Electronegativity
/Record/Section/1/Section/6/Information/0/Reference/0,string,"A.L. Allred, J. Inorg. Nucl. Chem., 1961, 17(3-4), 215-221. DOI:10.1016/0022-1902(61)80142-5"
/Record/Section/1/Section/6/Information/0/ExtendedReference/0/Citation,string,"A.L. Allred, J. Inorg. Nucl. Chem., 1961, 17(3-4), 215-221. DOI:10.1016/0022-1902(61)80142-5"
/Record/Section/1/Section/6/Information/0/Value/Number/0,number,1.93
/Record/Section/1/Section/6/Information/0/Value/Unit,string,(Pauling Scale)
/Record/Section/1/Section/6/Information/1/ReferenceNumber,number,9
/Record/Section/1/Section/6/Information/1/Name,string,Allen Scale Electronegativity
/Record/Section/1/Section/6/Information/1/Reference/0,string,"L.C. Allen, J. Am. Chem. Soc., 1989, 111, 9003. DOI:10.1021/ja00207a003"
/Record/Section/1/Section/6/Information/1/Reference/1,string,"J.B. Mann, T.L. Meek and L.C. Allen, J. Am. Chem. Soc., 2000, 122, 2780. DOI:10.1021/ja992866e"
/Record/Section/1/Section/6/Information/1/Reference/2,string,"J.B. Mann, T.L. Meek, E.T. Knight, J.F. Capitani and L.C Allen, J. Am. Chem. Soc., 2000, 122, 5132. DOI:10.1021/ja9928677"
/Record/Section/1/Section/6/Information/1/ExtendedReference/0/Citation,string,"L.C. Allen, J. Am. Chem. Soc., 1989, 111, 9003. DOI:10.1021/ja00207a003"
/Record/Section/1/Section/6/Information/1/ExtendedReference/1/Citation,string,"J.B. Mann, T.L. Meek and L.C. Allen, J. Am. Chem. Soc., 2000, 122, 2780. DOI:10.1021/ja992866e"
/Record/Section/1/Section/6/Information/1/ExtendedReference/2/Citation,string,"J.B. Mann, T.L. Meek, E.T. Knight, J.F. Capitani and L.C Allen, J. Am. Chem. Soc., 2000, 122, 5132. DOI:10.1021/ja9928677"
/Record/Section/1/Section/6/Information/1/Value/Number/0,number,1.87
/Record/Section/1/Section/6/Information/1/Value/Unit,string,(Allen Scale)
/Record/Section/1/Section/7/TOCHeading,string,Electron Affinity
/Record/Section/1/Section/7/Description,string,"Electron affinity refers to the energy released when an additional electron is attached to a neutral atom to form a singly charged negative ion.  Alternatively, it can also be defined as the energy required to detach an electron from the singly charged negative ion."
/Record/Section/1/Section/7/URL,string,https://chem.libretexts.org/Bookshelves/Physical_and_Theoretical_Chemistry_Textbook_Maps/Supplemental_Modules_(Physical_and_Theoretical_Chemistry)/Physical_Properties_of_Matter/Atomic_and_Molecular_Properties/Electron_Affinity
/Record/Section/1/Section/7/Information/0/ReferenceNumber,number,9
/Record/Section/1/Section/7/Information/0/Reference/0,string,"R.T Myers, J. Chem. Edu., 1990, 67(4), 307. DOI:10.1021/ed067p307"
/Record/Section/1/Section/7/Information/0/ExtendedReference/0/Citation,string,"R.T Myers, J. Chem. Edu., 1990, 67(4), 307. DOI:10.1021/ed067p307"
/Record/Section/1/Section/7/Information/0/Value/Number/0,number,1.302
/Record/Section/1/Section/7/Information/0/Value/Unit,string,eV
/Record/Section/1/Section/7/Information/1/ReferenceNumber,number,9
/Record/Section/1/Section/7/Information/1/Reference/0,string,"R.J. Zollweg, J. Chem. Phys., 1969, 50, 4251. DOI:10.1063/1.1670890"
/Record/Section/1/Section/7/Information/1/ExtendedReference/0/Citation,string,"R.J. Zollweg, J. Chem. Phys., 1969, 50, 4251. DOI:10.1063/1.1670890"
/Record/Section/1/Section/7/Information/1/Value/Number/0,number,2
/Record/Section/1/Section/7/Information/1/Value/Unit,string,eV
/Record/Section/1/Section/8/TOCHeading,string,Atomic Spectra
/Record/Section/1/Section/8/Description,string,The spectrum of the electromagnetic radiation emitted or absorbed by an electron during transitions between different energy levels within an atom.
/Record/Section/1/Section/8/Information/0/ReferenceNumber,number,7
/Record/Section/1/Section/8/Information/0/URL,string,https://physics.nist.gov/cgi-bin/ASD/lines_hold.pl?el=Ag
/Record/Section/1/Section/8/Information/0/Value/StringWithMarkup/0/String,string,Lines Holdings
/Record/Section/1/Section/8/Information/1/ReferenceNumber,number,7
/Record/Section/1/Section/8/Information/1/URL,string,https://physics.nist.gov/cgi-bin/ASD/levels_hold.pl?el=Ag
/Record/Section/1/Section/8/Information/1/Value/StringWithMarkup/0/String,string,Levels Holdings
/Record/Section/1/Section/9/TOCHeading,string,Physical Description
/Record/Section/1/Section/9/Description,string,"The appearance or features of this element, including color, odor, state, taste and more in general."
/Record/Section/1/Section/9/Information/0/ReferenceNumber,number,5
/Record/Section/1/Section/9/Information/0/Value/StringWithMarkup/0/String,string,Solid
/Record/Section/1/Section/10/TOCHeading,string,Element Classification
/Record/Section/1/Section/10/Description,string,"Classification according to the element's chemical and physical properties, and location within the periodic table."
/Record/Section/1/Section/10/Information/0/ReferenceNumber,number,5
/Record/Section/1/Section/10/Information/0/Value/StringWithMarkup/0/String,string,Metal
/Record/Section/1/Section/11/TOCHeading,string,Element Period Number
/Record/Section/1/Section/11/Description,string,The element period number refers to a horizontal row of the periodic table. The periodic table has 7 periods.
/Record/Section/1/Section/11/Information/0/ReferenceNumber,number,5
/Record/Section/1/Section/11/Information/0/Value/StringWithMarkup/0/String,string,5
/Record/Section/1/Section/12/TOCHeading,string,Element Group Number
/Record/Section/1/Section/12/Description,string,Element group refers to a set of chemical elements in the same vertical column of the periodic table
/Record/Section/1/Section/12/Information/0/ReferenceNumber,number,5
/Record/Section/1/Section/12/Information/0/Value/StringWithMarkup/0/String,string,11
/Record/Section/1/Section/13/TOCHeading,string,Density
/Record/Section/1/Section/13/Description,string,This section provides information on the density of an element. It is the mass of a unit volume of the element and commonly expressed in units of kg/m3 or g/cm3.
/Record/Section/1/Section/13/URL,string,https://chem.libretexts.org/Bookshelves/Introductory_Chemistry/Map%3A_Fundamentals_of_General_Organic_and_Biological_Chemistry_(McMurry_et_al.)/01%3A_Matter_and_Measurements/1.12%3A_Density_and_Specific_Gravity
/Record/Section/1/Section/13/Information/0/ReferenceNumber,number,5
/Record/Section/1/Section/13/Information/0/Value/StringWithMarkup/0/String,string,10.501 grams per cubic centimeter
/Record/Section/1/Section/14/TOCHeading,string,Melting Point
/Record/Section/1/Section/14/Description,string,"This section provides the melting point and/or freezing point. The melting point is the temperature at which a substance changes state from solid to liquid at atmospheric pressure. When considered as the temperature of the reverse change (from liquid to solid), it is referred to as the freezing point."
/Record/Section/1/Section/14/URL,string,https://chem.libretexts.org/Bookshelves/Organic_Chemistry/Organic_Chemistry_Lab_Techniques_(Nichols)/06%3A_Miscellaneous_Techniques/6.01%3A_Melting_Point
/Record/Section/1/Section/14/Information/0/ReferenceNumber,number,5
/Record/Section/1/Section/14/Information/0/Value/StringWithMarkup/0/String,string,1234.93 K (961.78°C or 1763.20°F)
/Record/Section/1/Section/14/Information/1/ReferenceNumber,number,6
/Record/Section/1/Section/14/Information/1/Value/StringWithMarkup/0/String,string,961.78°C
/Record/Section/1/Section/15/TOCHeading,string,Boiling Point
/Record/Section/1/Section/15/Description,string,The temperature at which this element changes state from liquid to gas at a given atmospheric pressure.
/Record/Section/1/Section/15/URL,string,https://chem.libretexts.org/Bookshelves/Organic_Chemistry/Organic_Chemistry_Lab_Techniques_(Nichols)/06%3A_Miscellaneous_Techniques/6.02%3A_Boiling_Point
/Record/Section/1/Section/15/Information/0/ReferenceNumber,number,5
/Record/Section/1/Section/15/Information/0/Value/StringWithMarkup/0/String,string,2435 K (2162°C or 3924°F)
/Record/Section/1/Section/15/Information/1/ReferenceNumber,number,6
/Record/Section/1/Section/15/Information/1/Value/StringWithMarkup/0/String,string,2162°C
/Record/Section/1/Section/16/TOCHeading,string,Estimated Crustal Abundance
/Record/Section/1/Section/16/Description,string,The estimated element abundance in the earth's crust.
/Record/Section/1/Section/16/Information/0/ReferenceNumber,number,5
/Record/Section/1/Section/16/Information/0/Value/StringWithMarkup/0/String,string,7.5×10-2 milligrams per kilogram
/Record/Section/1/Section/16/Information/0/Value/StringWithMarkup/0/Markup/0/Start,number,6
/Record/Section/1/Section/16/Information/0/Value/StringWithMarkup/0/Markup/0/Length,number,2
/Record/Section/1/Section/16/Information/0/Value/StringWithMarkup/0/Markup/0/Type,string,Superscript
/Record/Section/1/Section/17/TOCHeading,string,Estimated Oceanic Abundance
/Record/Section/1/Section/17/Description,string,The estimated element abundance in the earth's oceans.
/Record/Section/1/Section/17/Information/0/ReferenceNumber,number,5
/Record/Section/1/Section/17/Information/0/Value/StringWithMarkup/0/String,string,4×10-5 milligrams per liter
/Record/Section/1/Section/17/Information/0/Value/StringWithMarkup/0/Markup/0/Start,number,4
/Record/Section/1/Section/17/Information/0/Value/StringWithMarkup/0/Markup/0/Length,number,2
/Record/Section/1/Section/17/Information/0/Value/StringWithMarkup/0/Markup/0/Type,string,Superscript
/Record/Section/2/TOCHeading,string,History
/Record/Section/2/Description,string,The history of the discovery and use of this element.
/Record/Section/2/Information/0/ReferenceNumber,number,3
/Record/Section/2/Information/0/Name,string,History
/Record/Section/2/Information/0/Value/StringWithMarkup/0/String,string,"The name derives from the Anglo-Saxon seofor and siolfur, which is of unknown origin. The symbol Ag derives from the Latin argentum and Sanskrit argunas from ""bright"". Silver was known in prehistoric times."
/Record/Section/2/Information/0/Value/StringWithMarkup/0/Markup/0/Start,number,38
/Record/Section/2/Information/0/Value/StringWithMarkup/0/Markup/0/Length,number,6
/Record/Section/2/Information/0/Value/StringWithMarkup/0/Markup/0/Type,string,Italics
/Record/Section/2/Information/0/Value/StringWithMarkup/0/Markup/1/Start,number,49
/Record/Section/2/Information/0/Value/StringWithMarkup/0/Markup/1/Length,number,7
/Record/Section/2/Information/0/Value/StringWithMarkup/0/Markup/1/Type,string,Italics
/Record/Section/2/Information/0/Value/StringWithMarkup/0/Markup/2/Start,number,123
/Record/Section/2/Information/0/Value/StringWithMarkup/0/Markup/2/Length,number,8
/Record/Section/2/Information/0/Value/StringWithMarkup/0/Markup/2/Type,string,Italics
/Record/Section/2/Information/0/Value/StringWithMarkup/0/Markup/3/Start,number,145
/Record/Section/2/Information/0/Value/StringWithMarkup/0/Markup/3/Length,number,7
/Record/Section/2/Information/0/Value/StringWithMarkup/0/Markup/3/Type,string,Italics
/Record/Section/2/Information/1/ReferenceNumber,number,5
/Record/Section/2/Information/1/Value/StringWithMarkup/0/String,string,"Archaeological evidence suggests that people have been using silver for at least 5000 years. Silver can be obtained from pure deposits, from silver ores such as argentite (Ag2S) and horn silver (AgCl), and in conjunction with deposits of ores containing lead, gold or copper."
/Record/Section/2/Information/1/Value/StringWithMarkup/0/Markup/0/Start,number,174
/Record/Section/2/Information/1/Value/StringWithMarkup/0/Markup/0/Length,number,1
/Record/Section/2/Information/1/Value/StringWithMarkup/0/Markup/0/Type,string,Subscript
/Record/Section/2/Information/2/ReferenceNumber,number,6
/Record/Section/2/Information/2/Value/StringWithMarkup/0/String,string,The Latin word for silver is argentum. Silver has been known since ancient times. It is mentioned in Genesis. Slag dumps in Asia Minor and on islands in the Aegean Sea indicate that man learned to separate silver from lead as early as 3000 B.C.
/Record/Section/2/Section/0/TOCHeading,string,Historical Atomic Weights
/Record/Section/2/Section/0/Description,string,This section provides the historical atomic weights. The atomic weight shown in brackets means the value range while others shown with uncertainty in parenthesis.
/Record/Section/2/Section/0/DisplayControls/CreateTable/FromInformationIn,string,ThisSection
/Record/Section/2/Section/0/DisplayControls/CreateTable/NumberOfColumns,number,3
/Record/Section/2/Section/0/DisplayControls/CreateTable/ColumnsFromNamedLists/Name/0,string,Year
/Record/Section/2/Section/0/DisplayControls/CreateTable/ColumnsFromNamedLists/Name/1,string,Atomic Weight (uncertainty) [u]
/Record/Section/2/Section/0/DisplayControls/CreateTable/ColumnsFromNamedLists/Name/2,string,Reference
/Record/Section/2/Section/0/DisplayControls/CreateTable/ColumnsFromNamedLists/UseNamesAsColumnHeadings,boolean,true
/Record/Section/2/Section/0/Information/0/ReferenceNumber,number,3
/Record/Section/2/Section/0/Information/0/Name,string,Year
/Record/Section/2/Section/0/Information/0/Value/StringWithMarkup/0/String,string,1985
/Record/Section/2/Section/0/Information/0/Value/StringWithMarkup/1/String,string,1981
/Record/Section/2/Section/0/Information/0/Value/StringWithMarkup/2/String,string,1965
/Record/Section/2/Section/0/Information/0/Value/StringWithMarkup/3/String,string,1961
/Record/Section/2/Section/0/Information/0/Value/StringWithMarkup/4/String,string,1925
/Record/Section/2/Section/0/Information/0/Value/StringWithMarkup/5/String,string,1909
/Record/Section/2/Section/0/Information/0/Value/StringWithMarkup/6/String,string,1902
/Record/Section/2/Section/0/Information/1/ReferenceNumber,number,3
/Record/Section/2/Section/0/Information/1/Name,string,Atomic Weight (uncertainty)
/Record/Section/2/Section/0/Information/1/Value/StringWithMarkup/0/String,string,107.8682(2)
/Record/Section/2/Section/0/Information/1/Value/StringWithMarkup/1/String,string,107.8682(3)
/Record/Section/2/Section/0/Information/1/Value/StringWithMarkup/2/String,string,107.868(1)
/Record/Section/2/Section/0/Information/1/Value/StringWithMarkup/3/String,string,107.870(3)
/Record/Section/2/Section/0/Information/1/Value/StringWithMarkup/4/String,string,107.880
/Record/Section/2/Section/0/Information/1/Value/StringWithMarkup/5/String,string,107.88
/Record/Section/2/Section/0/Information/1/Value/StringWithMarkup/6/String,string,107.93
/Record/Section/2/Section/0/Information/2/ReferenceNumber,number,3
/Record/Section/2/Section/0/Information/2/Name,string,Reference
/Record/Section/2/Section/0/Information/2/Value/StringWithMarkup/0/String,string,doi:10.1351/pac198658121677
/Record/Section/2/Section/0/Information/2/Value/StringWithMarkup/0/Markup/0/Start,number,0
/Record/Section/2/Section/0/Information/2/Value/StringWithMarkup/0/Markup/0/Length,number,27
/Record/Section/2/Section/0/Information/2/Value/StringWithMarkup/0/Markup/0/URL,string,https://doi.org/10.1351/pac198658121677
/Record/Section/2/Section/0/Information/2/Value/StringWithMarkup/1/String,string,doi:10.1351/pac198355071101
/Record/Section/2/Section/0/Information/2/Value/StringWithMarkup/1/Markup/0/Start,number,0
/Record/Section/2/Section/0/Information/2/Value/StringWithMarkup/1/Markup/0/Length,number,27
/Record/Section/2/Section/0/Information/2/Value/StringWithMarkup/1/Markup/0/URL,string,https://doi.org/10.1351/pac198355071101
/Record/Section/2/Section/0/Information/2/Value/StringWithMarkup/2/String,string,doi:10.1351/pac196918040569
/Record/Section/2/Section/0/Information/2/Value/StringWithMarkup/2/Markup/0/Start,number,0
/Record/Section/2/Section/0/Information/2/Value/StringWithMarkup/2/Markup/0/Length,number,27
/Record/Section/2/Section/0/Information/2/Value/StringWithMarkup/2/Markup/0/URL,string,https://doi.org/10.1351/pac196918040569
/Record/Section/2/Section/0/Information/2/Value/StringWithMarkup/3/String,string,doi:10.1021/ja00881a001
/Record/Section/2/Section/0/Information/2/Value/StringWithMarkup/3/Markup/0/Start,number,0
/Record/Section/2/Section/0/Information/2/Value/StringWithMarkup/3/Markup/0/Length,number,23
/Record/Section/2/Section/0/Information/2/Value/StringWithMarkup/3/Markup/0/URL,string,https://doi.org/10.1021/ja00881a001
/Record/Section/2/Section/0/Information/2/Value/StringWithMarkup/4/String,string,doi:10.1039/CT9252700913
/Record/Section/2/Section/0/Information/2/Value/StringWithMarkup/4/Markup/0/Start,number,0
/Record/Section/2/Section/0/Information/2/Value/StringWithMarkup/4/Markup/0/Length,number,24
/Record/Section/2/Section/0/Information/2/Value/StringWithMarkup/4/Markup/0/URL,string,https://doi.org/10.1039/CT9252700913
/Record/Section/2/Section/0/Information/2/Value/StringWithMarkup/5/String,string,doi:10.1021/ja01931a001
/Record/Section/2/Section/0/Information/2/Value/StringWithMarkup/5/Markup/0/Start,number,0
/Record/Section/2/Section/0/Information/2/Value/StringWithMarkup/5/Markup/0/Length,number,23
/Record/Section/2/Section/0/Information/2/Value/StringWithMarkup/5/Markup/0/URL,string,https://doi.org/10.1021/ja01931a001
/Record/Section/2/Section/0/Information/2/Value/StringWithMarkup/6/String,string,doi:10.1007/BF01370337
/Record/Section/2/Section/0/Information/2/Value/StringWithMarkup/6/Markup/0/Start,number,0
/Record/Section/2/Section/0/Information/2/Value/StringWithMarkup/6/Markup/0/Length,number,22
/Record/Section/2/Section/0/Information/2/Value/StringWithMarkup/6/Markup/0/URL,string,https://doi.org/10.1007/BF01370337
/Record/Section/2/Section/1/TOCHeading,string,Historical Isotopic Abundances
/Record/Section/2/Section/1/Description,string,This section provides the historical isotopic abundance information. The abundance value shown in brackets means the value range while others shown with uncertainty in parenthesis.
/Record/Section/2/Section/1/DisplayControls/CreateTable/FromInformationIn,string,ThisSection
/Record/Section/2/Section/1/DisplayControls/CreateTable/NumberOfColumns,number,4
/Record/Section/2/Section/1/DisplayControls/CreateTable/ColumnsFromNamedLists/Name/0,string,Year
/Record/Section/2/Section/1/DisplayControls/CreateTable/ColumnsFromNamedLists/Name/1,string,Isotope
/Record/Section/2/Section/1/DisplayControls/CreateTable/ColumnsFromNamedLists/Name/2,string,Abundance (uncertainty)
/Record/Section/2/Section/1/DisplayControls/CreateTable/ColumnsFromNamedLists/Name/3,string,Reference
/Record/Section/2/Section/1/DisplayControls/CreateTable/ColumnsFromNamedLists/UseNamesAsColumnHeadings,boolean,true
/Record/Section/2/Section/1/Information/0/ReferenceNumber,number,3
/Record/Section/2/Section/1/Information/0/Name,string,Year
/Record/Section/2/Section/1/Information/0/Value/StringWithMarkup/0/String,string,1997
/Record/Section/2/Section/1/Information/0/Value/StringWithMarkup/1/String,string,1997
/Record/Section/2/Section/1/Information/0/Value/StringWithMarkup/2/String,string,1989
/Record/Section/2/Section/1/Information/0/Value/StringWithMarkup/3/String,string,1989
/Record/Section/2/Section/1/Information/0/Value/StringWithMarkup/4/String,string,1975
/Record/Section/2/Section/1/Information/0/Value/StringWithMarkup/5/String,string,1975
/Record/Section/2/Section/1/Information/1/ReferenceNumber,number,3
/Record/Section/2/Section/1/Information/1/Name,string,Isotope
/Record/Section/2/Section/1/Information/1/Value/StringWithMarkup/0/String,string,107Ag
/Record/Section/2/Section/1/Information/1/Value/StringWithMarkup/0/Markup/0/Start,number,0
/Record/Section/2/Section/1/Information/1/Value/StringWithMarkup/0/Markup/0/Length,number,3
/Record/Section/2/Section/1/Information/1/Value/StringWithMarkup/0/Markup/0/Type,string,Superscript
/Record/Section/2/Section/1/Information/1/Value/StringWithMarkup/1/String,string,109Ag
/Record/Section/2/Section/1/Information/1/Value/StringWithMarkup/1/Markup/0/Start,number,0
/Record/Section/2/Section/1/Information/1/Value/StringWithMarkup/1/Markup/0/Length,number,3
/Record/Section/2/Section/1/Information/1/Value/StringWithMarkup/1/Markup/0/Type,string,Superscript
/Record/Section/2/Section/1/Information/1/Value/StringWithMarkup/2/String,string,107Ag
/Record/Section/2/Section/1/Information/1/Value/StringWithMarkup/2/Markup/0/Start,number,0
/Record/Section/2/Section/1/Information/1/Value/StringWithMarkup/2/Markup/0/Length,number,3
/Record/Section/2/Section/1/Information/1/Value/StringWithMarkup/2/Markup/0/Type,string,Superscript
/Record/Section/2/Section/1/Information/1/Value/StringWithMarkup/3/String,string,109Ag
/Record/Section/2/Section/1/Information/1/Value/StringWithMarkup/3/Markup/0/Start,number,0
/Record/Section/2/Section/1/Information/1/Value/StringWithMarkup/3/Markup/0/Length,number,3
/Record/Section/2/Section/1/Information/1/Value/StringWithMarkup/3/Markup/0/Type,string,Superscript
/Record/Section/2/Section/1/Information/1/Value/StringWithMarkup/4/String,string,107Ag
/Record/Section/2/Section/1/Information/1/Value/StringWithMarkup/4/Markup/0/Start,number,0
/Record/Section/2/Section/1/Information/1/Value/StringWithMarkup/4/Markup/0/Length,number,3
/Record/Section/2/Section/1/Information/1/Value/StringWithMarkup/4/Markup/0/Type,string,Superscript
/Record/Section/2/Section/1/Information/1/Value/StringWithMarkup/5/String,string,109Ag
/Record/Section/2/Section/1/Information/1/Value/StringWithMarkup/5/Markup/0/Start,number,0
/Record/Section/2/Section/1/Information/1/Value/StringWithMarkup/5/Markup/0/Length,number,3
/Record/Section/2/Section/1/Information/1/Value/StringWithMarkup/5/Markup/0/Type,string,Superscript
/Record/Section/2/Section/1/Information/2/ReferenceNumber,number,3
/Record/Section/2/Section/1/Information/2/Name,string,Abundance (uncertainty)
/Record/Section/2/Section/1/Information/2/Value/StringWithMarkup/0/String,string,0.518 39(8)
/Record/Section/2/Section/1/Information/2/Value/StringWithMarkup/1/String,string,0.481 61(8)
/Record/Section/2/Section/1/Information/2/Value/StringWithMarkup/2/String,string,0.518 39(7)
/Record/Section/2/Section/1/Information/2/Value/StringWithMarkup/3/String,string,0.481 61(7)
/Record/Section/2/Section/1/Information/2/Value/StringWithMarkup/4/String,string,0.5183
/Record/Section/2/Section/1/Information/2/Value/StringWithMarkup/5/String,string,0.4817
/Record/Section/2/Section/1/Information/3/ReferenceNumber,number,3
/Record/Section/2/Section/1/Information/3/Name,string,Reference
/Record/Section/2/Section/1/Information/3/Value/StringWithMarkup/0/String,string,doi:10.1351/pac199870010217
/Record/Section/2/Section/1/Information/3/Value/StringWithMarkup/0/Markup/0/Start,number,0
/Record/Section/2/Section/1/Information/3/Value/StringWithMarkup/0/Markup/0/Length,number,27
/Record/Section/2/Section/1/Information/3/Value/StringWithMarkup/0/Markup/0/URL,string,https://doi.org/10.1351/pac199870010217
/Record/Section/2/Section/1/Information/3/Value/StringWithMarkup/1/String,string,doi:10.1351/pac199870010217
/Record/Section/2/Section/1/Information/3/Value/StringWithMarkup/1/Markup/0/Start,number,0
/Record/Section/2/Section/1/Information/3/Value/StringWithMarkup/1/Markup/0/Length,number,27
/Record/Section/2/Section/1/Information/3/Value/StringWithMarkup/1/Markup/0/URL,string,https://doi.org/10.1351/pac199870010217
/Record/Section/2/Section/1/Information/3/Value/StringWithMarkup/2/String,string,doi:10.1351/pac199163070991
/Record/Section/2/Section/1/Information/3/Value/StringWithMarkup/2/Markup/0/Start,number,0
/Record/Section/2/Section/1/Information/3/Value/StringWithMarkup/2/Markup/0/Length,number,27
/Record/Section/2/Section/1/Information/3/Value/StringWithMarkup/2/Markup/0/URL,string,https://doi.org/10.1351/pac199163070991
/Record/Section/2/Section/1/Information/3/Value/StringWithMarkup/3/String,string,doi:10.1351/pac199163070991
/Record/Section/2/Section/1/Information/3/Value/StringWithMarkup/3/Markup/0/Start,number,0
/Record/Section/2/Section/1/Information/3/Value/StringWithMarkup/3/Markup/0/Length,number,27
/Record/Section/2/Section/1/Information/3/Value/StringWithMarkup/3/Markup/0/URL,string,https://doi.org/10.1351/pac199163070991
/Record/Section/2/Section/1/Information/3/Value/StringWithMarkup/4/String,string,doi:10.1351/pac197647010075
/Record/Section/2/Section/1/Information/3/Value/StringWithMarkup/4/Markup/0/Start,number,0
/Record/Section/2/Section/1/Information/3/Value/StringWithMarkup/4/Markup/0/Length,number,27
/Record/Section/2/Section/1/Information/3/Value/StringWithMarkup/4/Markup/0/URL,string,https://doi.org/10.1351/pac197647010075
/Record/Section/2/Section/1/Information/3/Value/StringWithMarkup/5/String,string,doi:10.1351/pac197647010075
/Record/Section/2/Section/1/Information/3/Value/StringWithMarkup/5/Markup/0/Start,number,0
/Record/Section/2/Section/1/Information/3/Value/StringWithMarkup/5/Markup/0/Length,number,27
/Record/Section/2/Section/1/Information/3/Value/StringWithMarkup/5/Markup/0/URL,string,https://doi.org/10.1351/pac197647010075
/Record/Section/3/TOCHeading,string,Description
/Record/Section/3/Description,string,"A short description of this element, provided by authoritative sources."
/Record/Section/3/Information/0/ReferenceNumber,number,6
/Record/Section/3/Information/0/Value/StringWithMarkup/0/String,string,"Pure silver has a brilliant white metallic luster. It is a little harder than gold and is very ductile and malleable, being exceeded only by gold and perhaps palladium. Pure silver has the highest electrical and thermal conductivity of all metals, and possesses the lowest contact resistance. It is stable in pure air and water, but tarnishes when exposed to ozone, hydrogen sulfide, or air containing sulfur. The alloys of silver are important."
/Record/Section/4/TOCHeading,string,Uses
/Record/Section/4/Description,string,Uses of this element in industry and other fields.
/Record/Section/4/Information/0/ReferenceNumber,number,5
/Record/Section/4/Information/0/Value/StringWithMarkup/0/String,string,"Silver and silver compounds have many uses. Pure silver is the best conductor of heat and electricity of all known metals, so it is sometimes used in making solder, electrical contacts and printed circuit boards. Silver is also the best reflector of visible light known, but silver mirrors must be given a protective coating to prevent them from tarnishing. Silver has also been used to create coins, although today other metals are typically used in its place. Sterling silver, an alloy containing 92.5% silver, is used to make silverware, jewelry and other decorative items. High capacity batteries can be made with silver and zinc and silver and cadmium. Silver nitrate (AgNO3) is light sensitive and is used to make photographic films and papers. Silver iodide (AgI) is used to seed clouds to produce rain."
/Record/Section/4/Information/0/Value/StringWithMarkup/0/Markup/0/Start,number,678
/Record/Section/4/Information/0/Value/StringWithMarkup/0/Markup/0/Length,number,1
/Record/Section/4/Information/0/Value/StringWithMarkup/0/Markup/0/Type,string,Subscript
/Record/Section/4/Information/1/ReferenceNumber,number,6
/Record/Section/4/Information/1/Value/StringWithMarkup/0/String,string,"Sterling silver is used for jewelry, silverware, etc. where appearance is paramount. This alloy contains 92.5% silver, the remainder being copper or some other metal. Silver is of the utmost importance in photography, about 30% of the U.S. industrial consumption going into this application. It is used for dental alloys. Silver is used in making solder and brazing alloys, electrical contacts, and high capacity silver-zinc and silver-cadmium batteries. Silver paints are used for making printed circuits. It is used in mirror production and may be deposited on glass or metals by chemical deposition, electrode position, or by evaporation. When freshly deposited, it is the best reflector of visible light known, but is rapidly tarnished and loses much of its reflectance. It is a poor reflector of ultraviolet. Silver fulminate, a powerful explosive, is sometimes formed during the silvering process. Silver iodide is used in seeding clouds to produce rain. Silver chloride has interesting optical properties as it can be made transparent; it also is a cement for glass. Silver nitrate, or lunar caustic, the most important silver compound, is used extensively in photography. Silver for centuries has been used traditionally for coinage by many countries of the world. In recent times, however, consumption of silver has greatly exceeded the output."
/Record/Section/5/TOCHeading,string,Sources
/Record/Section/5/Description,string,Sources of this element.
/Record/Section/5/Information/0/ReferenceNumber,number,6
/Record/Section/5/Information/0/Value/StringWithMarkup/0/String,string,"Silver occurs natively and in ores such as argentite (Ag2S) and horn silver (AgCl); lead, lead-zinc, copper, gold, and copper-nickel ores are principal sources. Mexico, Canada, Peru, and the U.S. are the principal silver producers in the western hemisphere."
/Record/Section/5/Information/0/Value/StringWithMarkup/0/Markup/0/Start,number,56
/Record/Section/5/Information/0/Value/StringWithMarkup/0/Markup/0/Length,number,1
/Record/Section/5/Information/0/Value/StringWithMarkup/0/Markup/0/Type,string,Subscript
/Record/Section/6/TOCHeading,string,Production
/Record/Section/6/Description,string,Production of this element (from raw materials or other compounds containing the element).
/Record/Section/6/Information/0/ReferenceNumber,number,6
/Record/Section/6/Information/0/Value/StringWithMarkup/0/String,string,Silver is also recovered during electrolytic refining of copper. Commercial fine silver contains at least 99.9% silver. Purities of 99.999+% are available commercially.
/Record/Section/7/TOCHeading,string,Compounds
/Record/Section/7/Description,string,Compound records related to this element.
/Record/Section/7/Information/0/ReferenceNumber,number,8
/Record/Section/7/Information/0/Name,string,Compounds
/Record/Section/7/Information/0/URL,string,https://pubchem.ncbi.nlm.nih.gov/#query=Silver
/Record/Section/7/Information/0/Value/StringWithMarkup/0/String,string,See more information at the Silver compound page.
/Record/Section/7/Section/0/TOCHeading,string,Element Forms
/Record/Section/7/Section/0/Description,string,"Other forms of this element, including ions, isotopes, etc."
/Record/Section/7/Section/0/DisplayControls/CreateTable/FromInformationIn,string,ThisSection
/Record/Section/7/Section/0/DisplayControls/CreateTable/NumberOfColumns,number,5
/Record/Section/7/Section/0/DisplayControls/CreateTable/ColumnsFromNamedLists/Name/0,string,CID
/Record/Section/7/Section/0/DisplayControls/CreateTable/ColumnsFromNamedLists/Name/1,string,Name
/Record/Section/7/Section/0/DisplayControls/CreateTable/ColumnsFromNamedLists/Name/2,string,Formula
/Record/Section/7/Section/0/DisplayControls/CreateTable/ColumnsFromNamedLists/Name/3,string,SMILES
/Record/Section/7/Section/0/DisplayControls/CreateTable/ColumnsFromNamedLists/Name/4,string,Molecular Weight
/Record/Section/7/Section/0/DisplayControls/CreateTable/ColumnsFromNamedLists/UseNamesAsColumnHeadings,boolean,true
/Record/Section/7/Section/0/Information/0/ReferenceNumber,number,8
/Record/Section/7/Section/0/Information/0/Name,string,CID
/Record/Section/7/Section/0/Information/0/Value/StringWithMarkup/0/String,string,23954
/Record/Section/7/Section/0/Information/0/Value/StringWithMarkup/0/Markup/0/Start,number,0
/Record/Section/7/Section/0/Information/0/Value/StringWithMarkup/0/Markup/0/Length,number,5
/Record/Section/7/Section/0/Information/0/Value/StringWithMarkup/0/Markup/0/URL,string,https://pubchem.ncbi.nlm.nih.gov/compound/23954
/Record/Section/7/Section/0/Information/0/Value/StringWithMarkup/1/String,string,104755
/Record/Section/7/Section/0/Information/0/Value/StringWithMarkup/1/Markup/0/Start,number,0
/Record/Section/7/Section/0/Information/0/Value/StringWithMarkup/1/Markup/0/Length,number,6
/Record/Section/7/Section/0/Information/0/Value/StringWithMarkup/1/Markup/0/URL,string,https://pubchem.ncbi.nlm.nih.gov/compound/104755
/Record/Section/7/Section/0/Information/0/Value/StringWithMarkup/2/String,string,104828
/Record/Section/7/Section/0/Information/0/Value/StringWithMarkup/2/Markup/0/Start,number,0
/Record/Section/7/Section/0/Information/0/Value/StringWithMarkup/2/Markup/0/Length,number,6
/Record/Section/7/Section/0/Information/0/Value/StringWithMarkup/2/Markup/0/URL,string,https://pubchem.ncbi.nlm.nih.gov/compound/104828
/Record/Section/7/Section/0/Information/0/Value/StringWithMarkup/3/String,string,161148
/Record/Section/7/Section/0/Information/0/Value/StringWithMarkup/3/Markup/0/Start,number,0
/Record/Section/7/Section/0/Information/0/Value/StringWithMarkup/3/Markup/0/Length,number,6
/Record/Section/7/Section/0/Information/0/Value/StringWithMarkup/3/Markup/0/URL,string,https://pubchem.ncbi.nlm.nih.gov/compound/161148
/Record/Section/7/Section/0/Information/0/Value/StringWithMarkup/4/String,string,167088
/Record/Section/7/Section/0/Information/0/Value/StringWithMarkup/4/Markup/0/Start,number,0
/Record/Section/7/Section/0/Information/0/Value/StringWithMarkup/4/Markup/0/Length,number,6
/Record/Section/7/Section/0/Information/0/Value/StringWithMarkup/4/Markup/0/URL,string,https://pubchem.ncbi.nlm.nih.gov/compound/167088
/Record/Section/7/Section/0/Information/0/Value/StringWithMarkup/5/String,string,167204
/Record/Section/7/Section/0/Information/0/Value/StringWithMarkup/5/Markup/0/Start,number,0
/Record/Section/7/Section/0/Information/0/Value/StringWithMarkup/5/Markup/0/Length,number,6
/Record/Section/7/Section/0/Information/0/Value/StringWithMarkup/5/Markup/0/URL,string,https://pubchem.ncbi.nlm.nih.gov/compound/167204
/Record/Section/7/Section/0/Information/0/Value/StringWithMarkup/6/String,string,177527
/Record/Section/7/Section/0/Information/0/Value/StringWithMarkup/6/Markup/0/Start,number,0
/Record/Section/7/Section/0/Information/0/Value/StringWithMarkup/6/Markup/0/Length,number,6
/Record/Section/7/Section/0/Information/0/Value/StringWithMarkup/6/Markup/0/URL,string,https://pubchem.ncbi.nlm.nih.gov/compound/177527
/Record/Section/7/Section/0/Information/0/Value/StringWithMarkup/7/String,string,177563
/Record/Section/7/Section/0/Information/0/Value/StringWithMarkup/7/Markup/0/Start,number,0
/Record/Section/7/Section/0/Information/0/Value/StringWithMarkup/7/Markup/0/Length,number,6
/Record/Section/7/Section/0/Information/0/Value/StringWithMarkup/7/Markup/0/URL,string,https://pubchem.ncbi.nlm.nih.gov/compound/177563
/Record/Section/7/Section/0/Information/0/Value/StringWithMarkup/8/String,string,178186
/Record/Section/7/Section/0/Information/0/Value/StringWithMarkup/8/Markup/0/Start,number,0
/Record/Section/7/Section/0/Information/0/Value/StringWithMarkup/8/Markup/0/Length,number,6
/Record/Section/7/Section/0/Information/0/Value/StringWithMarkup/8/Markup/0/URL,string,https://pubchem.ncbi.nlm.nih.gov/compound/178186
/Record/Section/7/Section/0/Information/0/Value/StringWithMarkup/9/String,string,178190
/Record/Section/7/Section/0/Information/0/Value/StringWithMarkup/9/Markup/0/Start,number,0
/Record/Section/7/Section/0/Information/0/Value/StringWithMarkup/9/Markup/0/Length,number,6
/Record/Section/7/Section/0/Information/0/Value/StringWithMarkup/9/Markup/0/URL,string,https://pubchem.ncbi.nlm.nih.gov/compound/178190
/Record/Section/7/Section/0/Information/0/Value/StringWithMarkup/10/String,string,181324
/Record/Section/7/Section/0/Information/0/Value/StringWithMarkup/10/Markup/0/Start,number,0
/Record/Section/7/Section/0/Information/0/Value/StringWithMarkup/10/Markup/0/Length,number,6
/Record/Section/7/Section/0/Information/0/Value/StringWithMarkup/10/Markup/0/URL,string,https://pubchem.ncbi.nlm.nih.gov/compound/181324
/Record/Section/7/Section/0/Information/0/Value/StringWithMarkup/11/String,string,167414
/Record/Section/7/Section/0/Information/0/Value/StringWithMarkup/11/Markup/0/Start,number,0
/Record/Section/7/Section/0/Information/0/Value/StringWithMarkup/11/Markup/0/Length,number,6
/Record/Section/7/Section/0/Information/0/Value/StringWithMarkup/11/Markup/0/URL,string,https://pubchem.ncbi.nlm.nih.gov/compound/167414
/Record/Section/7/Section/0/Information/0/Value/StringWithMarkup/12/String,string,177478
/Record/Section/7/Section/0/Information/0/Value/StringWithMarkup/12/Markup/0/Start,number,0
/Record/Section/7/Section/0/Information/0/Value/StringWithMarkup/12/Markup/0/Length,number,6
/Record/Section/7/Section/0/Information/0/Value/StringWithMarkup/12/Markup/0/URL,string,https://pubchem.ncbi.nlm.nih.gov/compound/177478
/Record/Section/7/Section/0/Information/0/Value/StringWithMarkup/13/String,string,178189
/Record/Section/7/Section/0/Information/0/Value/StringWithMarkup/13/Markup/0/Start,number,0
/Record/Section/7/Section/0/Information/0/Value/StringWithMarkup/13/Markup/0/Length,number,6
/Record/Section/7/Section/0/Information/0/Value/StringWithMarkup/13/Markup/0/URL,string,https://pubchem.ncbi.nlm.nih.gov/compound/178189
/Record/Section/7/Section/0/Information/0/Value/StringWithMarkup/14/String,string,3082060
/Record/Section/7/Section/0/Information/0/Value/StringWithMarkup/14/Markup/0/Start,number,0
/Record/Section/7/Section/0/Information/0/Value/StringWithMarkup/14/Markup/0/Length,number,7
/Record/Section/7/Section/0/Information/0/Value/StringWithMarkup/14/Markup/0/URL,string,https://pubchem.ncbi.nlm.nih.gov/compound/3082060
/Record/Section/7/Section/0/Information/0/Value/StringWithMarkup/15/String,string,10290765
/Record/Section/7/Section/0/Information/0/Value/StringWithMarkup/15/Markup/0/Start,number,0
/Record/Section/7/Section/0/Information/0/Value/StringWithMarkup/15/Markup/0/Length,number,8
/Record/Section/7/Section/0/Information/0/Value/StringWithMarkup/15/Markup/0/URL,string,https://pubchem.ncbi.nlm.nih.gov/compound/10290765
/Record/Section/7/Section/0/Information/1/ReferenceNumber,number,8
/Record/Section/7/Section/0/Information/1/Name,string,Name
/Record/Section/7/Section/0/Information/1/Value/StringWithMarkup/0/String,string,silver
/Record/Section/7/Section/0/Information/1/Value/StringWithMarkup/1/String,string,silver(1+)
/Record/Section/7/Section/0/Information/1/Value/StringWithMarkup/2/String,string,silver-110
/Record/Section/7/Section/0/Information/1/Value/StringWithMarkup/3/String,string,silver-111
/Record/Section/7/Section/0/Information/1/Value/StringWithMarkup/4/String,string,silver-108
/Record/Section/7/Section/0/Information/1/Value/StringWithMarkup/5/String,string,silver-105
/Record/Section/7/Section/0/Information/1/Value/StringWithMarkup/6/String,string,silver-103
/Record/Section/7/Section/0/Information/1/Value/StringWithMarkup/7/String,string,silver-104
/Record/Section/7/Section/0/Information/1/Value/StringWithMarkup/8/String,string,silver-112
/Record/Section/7/Section/0/Information/1/Value/StringWithMarkup/9/String,string,silver-109
/Record/Section/7/Section/0/Information/1/Value/StringWithMarkup/10/String,string,silver-110(1+)
/Record/Section/7/Section/0/Information/1/Value/StringWithMarkup/11/String,string,silver-115
/Record/Section/7/Section/0/Information/1/Value/StringWithMarkup/12/String,string,silver-102
/Record/Section/7/Section/0/Information/1/Value/StringWithMarkup/13/String,string,silver-106
/Record/Section/7/Section/0/Information/1/Value/StringWithMarkup/14/String,string,silver-107
/Record/Section/7/Section/0/Information/1/Value/StringWithMarkup/15/String,string,silver-113
/Record/Section/7/Section/0/Information/2/ReferenceNumber,number,8
/Record/Section/7/Section/0/Information/2/Name,string,Formula
/Record/Section/7/Section/0/Information/2/Value/StringWithMarkup/0/String,string,Ag
/Record/Section/7/Section/0/Information/2/Value/StringWithMarkup/1/String,string,Ag+
/Record/Section/7/Section/0/Information/2/Value/StringWithMarkup/2/String,string,Ag
/Record/Section/7/Section/0/Information/2/Value/StringWithMarkup/3/String,string,Ag
/Record/Section/7/Section/0/Information/2/Value/StringWithMarkup/4/String,string,Ag
/Record/Section/7/Section/0/Information/2/Value/StringWithMarkup/5/String,string,Ag
/Record/Section/7/Section/0/Information/2/Value/StringWithMarkup/6/String,string,Ag
/Record/Section/7/Section/0/Information/2/Value/StringWithMarkup/7/String,string,Ag
/Record/Section/7/Section/0/Information/2/Value/StringWithMarkup/8/String,string,Ag
/Record/Section/7/Section/0/Information/2/Value/StringWithMarkup/9/String,string,Ag
/Record/Section/7/Section/0/Information/2/Value/StringWithMarkup/10/String,string,Ag+
/Record/Section/7/Section/0/Information/2/Value/StringWithMarkup/11/String,string,Ag
/Record/Section/7/Section/0/Information/2/Value/StringWithMarkup/12/String,string,Ag
/Record/Section/7/Section/0/Information/2/Value/StringWithMarkup/13/String,string,Ag
/Record/Section/7/Section/0/Information/2/Value/StringWithMarkup/14/String,string,Ag
/Record/Section/7/Section/0/Information/2/Value/StringWithMarkup/15/String,string,Ag
/Record/Section/7/Section/0/Information/3/ReferenceNumber,number,8
/Record/Section/7/Section/0/Information/3/Name,string,SMILES
/Record/Section/7/Section/0/Information/3/Value/StringWithMarkup/0/String,string,[Ag]
/Record/Section/7/Section/0/Information/3/Value/StringWithMarkup/1/String,string,[Ag+]
/Record/Section/7/Section/0/Information/3/Value/StringWithMarkup/2/String,string,[110Ag]
/Record/Section/7/Section/0/Information/3/Value/StringWithMarkup/3/String,string,[111Ag]
/Record/Section/7/Section/0/Information/3/Value/StringWithMarkup/4/String,string,[108Ag]
/Record/Section/7/Section/0/Information/3/Value/StringWithMarkup/5/String,string,[105Ag]
/Record/Section/7/Section/0/Information/3/Value/StringWithMarkup/6/String,string,[103Ag]
/Record/Section/7/Section/0/Information/3/Value/StringWithMarkup/7/String,string,[104Ag]
/Record/Section/7/Section/0/Information/3/Value/StringWithMarkup/8/String,string,[112Ag]
/Record/Section/7/Section/0/Information/3/Value/StringWithMarkup/9/String,string,[109Ag]
/Record/Section/7/Section/0/Information/3/Value/StringWithMarkup/10/String,string,[110Ag+]
/Record/Section/7/Section/0/Information/3/Value/StringWithMarkup/11/String,string,[115Ag]
/Record/Section/7/Section/0/Information/3/Value/StringWithMarkup/12/String,string,[102Ag]
/Record/Section/7/Section/0/Information/3/Value/StringWithMarkup/13/String,string,[106Ag]
/Record/Section/7/Section/0/Information/3/Value/StringWithMarkup/14/String,string,[107Ag]
/Record/Section/7/Section/0/Information/3/Value/StringWithMarkup/15/String,string,[113Ag]
/Record/Section/7/Section/0/Information/4/ReferenceNumber,number,8
/Record/Section/7/Section/0/Information/4/Name,string,Molecular Weight
/Record/Section/7/Section/0/Information/4/Value/StringWithMarkup/0/String,string,107.868
/Record/Section/7/Section/0/Information/4/Value/StringWithMarkup/1/String,string,107.868
/Record/Section/7/Section/0/Information/4/Value/StringWithMarkup/2/String,string,109.90611
/Record/Section/7/Section/0/Information/4/Value/StringWithMarkup/3/String,string,110.90530
/Record/Section/7/Section/0/Information/4/Value/StringWithMarkup/4/String,string,107.90595
/Record/Section/7/Section/0/Information/4/Value/StringWithMarkup/5/String,string,104.90653
/Record/Section/7/Section/0/Information/4/Value/StringWithMarkup/6/String,string,102.90896
/Record/Section/7/Section/0/Information/4/Value/StringWithMarkup/7/String,string,103.90862
/Record/Section/7/Section/0/Information/4/Value/StringWithMarkup/8/String,string,111.90705
/Record/Section/7/Section/0/Information/4/Value/StringWithMarkup/9/String,string,108.90476
/Record/Section/7/Section/0/Information/4/Value/StringWithMarkup/10/String,string,109.90611
/Record/Section/7/Section/0/Information/4/Value/StringWithMarkup/11/String,string,114.9088
/Record/Section/7/Section/0/Information/4/Value/StringWithMarkup/12/String,string,101.91170
/Record/Section/7/Section/0/Information/4/Value/StringWithMarkup/13/String,string,105.90666
/Record/Section/7/Section/0/Information/4/Value/StringWithMarkup/14/String,string,106.90509
/Record/Section/7/Section/0/Information/4/Value/StringWithMarkup/15/String,string,112.9066
/Record/Section/8/TOCHeading,string,Handling and Storage
/Record/Section/8/Description,string,This section provides guidance on the safe handling practices and storage conditions for this element.
/Record/Section/8/Information/0/ReferenceNumber,number,6
/Record/Section/8/Information/0/Value/StringWithMarkup/0/String,string,"While silver itself is not considered to be toxic, most of its salts are poisonous. Exposure to silver (metal and soluble compounds, as Ag) in air should not exceed 0.01 mg/m3, (8-hour time-weighted average - 40 hour week). Silver compounds can be absorbed in the circulatory system and reduced silver deposited in the various tissues of the body. A condition, known as argyria, results with a grayish pigmentation of the skin and mucous membranes. Silver has germicidal effects and kills many lower organisms effectively without harm to higher animals."
/Record/Section/8/Information/0/Value/StringWithMarkup/0/Markup/0/Start,number,174
/Record/Section/8/Information/0/Value/StringWithMarkup/0/Markup/0/Length,number,1
/Record/Section/8/Information/0/Value/StringWithMarkup/0/Markup/0/Type,string,Superscript
/Record/Section/9/TOCHeading,string,Isotopes
/Record/Section/9/Description,string,Isotopes are nuclides having the same atomic number but different mass numbers.  This section provides information on the isotopes of this element and their uses in various fields.
/Record/Section/9/URL,string,https://chem.libretexts.org/Courses/Furman_University/CHM101%3A_Chemistry_and_Global_Awareness_(Gordon)/03%3A_Atoms_and_the_Periodic_Table/3.05%3A_Isotopes
/Record/Section/9/Information/0/ReferenceNumber,number,5
/Record/Section/9/Information/0/Name,string,Stable Isotope Count
/Record/Section/9/Information/0/Value/StringWithMarkup/0/String,string,2
/Record/Section/9/Section/0/TOCHeading,string,Isotopes in Earth/Planetary Science
/Record/Section/9/Section/0/Description,string,Information on the use of this element's isotopes in earth/planetary science.
/Record/Section/9/Section/0/Information/0/ReferenceNumber,number,4
/Record/Section/9/Section/0/Information/0/Reference/0,string,"[351]  Y. Luo, E. Dabek-Zlotorzynska, V. Celo, D. C. Muir, L. Yang. Anal. Chem.82, 3922 (2010)."
/Record/Section/9/Section/0/Information/0/Reference/1,string,"[352]  A. V. Chugaev, I. V. Chernyshev. Geochim. Cosmochim. Acta Suppl.73, A225 (2009)."
/Record/Section/9/Section/0/Information/0/ExtendedReference/0/Citation,string,"[351]  Y. Luo, E. Dabek-Zlotorzynska, V. Celo, D. C. Muir, L. Yang. Anal. Chem.82, 3922 (2010)."
/Record/Section/9/Section/0/Information/0/ExtendedReference/1/Citation,string,"[352]  A. V. Chugaev, I. V. Chernyshev. Geochim. Cosmochim. Acta Suppl.73, A225 (2009)."
/Record/Section/9/Section/0/Information/0/Value/StringWithMarkup/0/String,string,"The measurement of relative amounts of 107Ag and 109Ag is used to study the processes responsible for the isotopic fractionation of silver isotopes in ore deposits, which depends on the specific minerals and environmental conditions. This is currently an area of active research and it is thought that the relative amounts of the isotopes of silver are altered during the formation of the ore [351], [352]."
/Record/Section/9/Section/0/Information/0/Value/StringWithMarkup/0/Markup/0/Start,number,39
/Record/Section/9/Section/0/Information/0/Value/StringWithMarkup/0/Markup/0/Length,number,3
/Record/Section/9/Section/0/Information/0/Value/StringWithMarkup/0/Markup/0/Type,string,Superscript
/Record/Section/9/Section/0/Information/0/Value/StringWithMarkup/0/Markup/1/Start,number,49
/Record/Section/9/Section/0/Information/0/Value/StringWithMarkup/0/Markup/1/Length,number,3
/Record/Section/9/Section/0/Information/0/Value/StringWithMarkup/0/Markup/1/Type,string,Superscript
/Record/Section/9/Section/1/TOCHeading,string,Isotopes in Forensic Science and Anthropology
/Record/Section/9/Section/1/Description,string,Information on the use of this element's isotopes in forensic science and anthropology.
/Record/Section/9/Section/1/Information/0/ReferenceNumber,number,4
/Record/Section/9/Section/1/Information/0/Reference/0,string,"[237]  A. M. Desaulty, P. Telouk, E. Albalat, F. Albarede. Proc. Natl. Acad. Sci.108, 9002 (2011)."
/Record/Section/9/Section/1/Information/0/ExtendedReference/0/Citation,string,"[237]  A. M. Desaulty, P. Telouk, E. Albalat, F. Albarede. Proc. Natl. Acad. Sci.108, 9002 (2011)."
/Record/Section/9/Section/1/Information/0/Value/StringWithMarkup/0/String,string,"Silver isotope-amount ratiosn(107Ag)/n(109Ag) along with isotope-amount ratios of copper n(65Cu)/n(63Cu), and isotope-amount ratios of lead (n(206Pb)/n(204Pb), n(207Pb)/n(204Pb) and n(208Pb)/n(204Pb)) have been used to determine origins of European coins and information on the flow of goods in the world market over time (Fig. IUPAC.47.1). Metals from Peru and Mexico and those from European mining have distinct isotopic signatures that enable the origin of the metal to be determined by examining the isotopic compositions of silver, copper, and lead in the coins. Abundant silver sources, mined in Mexico and Peru in the 16 th century, were used to mint coins, but they were not a major influence in the European coin market until the 18 th century (Fig. IUPAC.47.1) [237]."
/Record/Section/9/Section/1/Information/0/Value/StringWithMarkup/0/Markup/0/Start,number,30
/Record/Section/9/Section/1/Information/0/Value/StringWithMarkup/0/Markup/0/Length,number,3
/Record/Section/9/Section/1/Information/0/Value/StringWithMarkup/0/Markup/0/Type,string,Superscript
/Record/Section/9/Section/1/Information/0/Value/StringWithMarkup/0/Markup/1/Start,number,39
/Record/Section/9/Section/1/Information/0/Value/StringWithMarkup/0/Markup/1/Length,number,3
/Record/Section/9/Section/1/Information/0/Value/StringWithMarkup/0/Markup/1/Type,string,Superscript
/Record/Section/9/Section/1/Information/0/Value/StringWithMarkup/0/Markup/2/Start,number,91
/Record/Section/9/Section/1/Information/0/Value/StringWithMarkup/0/Markup/2/Length,number,2
/Record/Section/9/Section/1/Information/0/Value/StringWithMarkup/0/Markup/2/Type,string,Superscript
/Record/Section/9/Section/1/Information/0/Value/StringWithMarkup/0/Markup/3/Start,number,99
/Record/Section/9/Section/1/Information/0/Value/StringWithMarkup/0/Markup/3/Length,number,2
/Record/Section/9/Section/1/Information/0/Value/StringWithMarkup/0/Markup/3/Type,string,Superscript
/Record/Section/9/Section/1/Information/0/Value/StringWithMarkup/0/Markup/4/Start,number,143
/Record/Section/9/Section/1/Information/0/Value/StringWithMarkup/0/Markup/4/Length,number,3
/Record/Section/9/Section/1/Information/0/Value/StringWithMarkup/0/Markup/4/Type,string,Superscript
/Record/Section/9/Section/1/Information/0/Value/StringWithMarkup/0/Markup/5/Start,number,152
/Record/Section/9/Section/1/Information/0/Value/StringWithMarkup/0/Markup/5/Length,number,3
/Record/Section/9/Section/1/Information/0/Value/StringWithMarkup/0/Markup/5/Type,string,Superscript
/Record/Section/9/Section/1/Information/0/Value/StringWithMarkup/0/Markup/6/Start,number,162
/Record/Section/9/Section/1/Information/0/Value/StringWithMarkup/0/Markup/6/Length,number,3
/Record/Section/9/Section/1/Information/0/Value/StringWithMarkup/0/Markup/6/Type,string,Superscript
/Record/Section/9/Section/1/Information/0/Value/StringWithMarkup/0/Markup/7/Start,number,171
/Record/Section/9/Section/1/Information/0/Value/StringWithMarkup/0/Markup/7/Length,number,3
/Record/Section/9/Section/1/Information/0/Value/StringWithMarkup/0/Markup/7/Type,string,Superscript
/Record/Section/9/Section/1/Information/0/Value/StringWithMarkup/0/Markup/8/Start,number,184
/Record/Section/9/Section/1/Information/0/Value/StringWithMarkup/0/Markup/8/Length,number,3
/Record/Section/9/Section/1/Information/0/Value/StringWithMarkup/0/Markup/8/Type,string,Superscript
/Record/Section/9/Section/1/Information/0/Value/StringWithMarkup/0/Markup/9/Start,number,193
/Record/Section/9/Section/1/Information/0/Value/StringWithMarkup/0/Markup/9/Length,number,3
/Record/Section/9/Section/1/Information/0/Value/StringWithMarkup/0/Markup/9/Type,string,Superscript
/Record/Section/9/Section/1/Information/0/Value/StringWithMarkup/0/Markup/10/Start,number,628
/Record/Section/9/Section/1/Information/0/Value/StringWithMarkup/0/Markup/10/Length,number,2
/Record/Section/9/Section/1/Information/0/Value/StringWithMarkup/0/Markup/10/Type,string,Superscript
/Record/Section/9/Section/1/Information/0/Value/StringWithMarkup/0/Markup/11/Start,number,742
/Record/Section/9/Section/1/Information/0/Value/StringWithMarkup/0/Markup/11/Length,number,2
/Record/Section/9/Section/1/Information/0/Value/StringWithMarkup/0/Markup/11/Type,string,Superscript
/Record/Section/9/Section/1/Information/0/Value/StringWithMarkup/1/String,string,          
/Record/Section/9/Section/1/Information/0/Value/StringWithMarkup/1/Markup/0/Start,number,0
/Record/Section/9/Section/1/Information/0/Value/StringWithMarkup/1/Markup/0/Length,number,1
/Record/Section/9/Section/1/Information/0/Value/StringWithMarkup/1/Markup/0/URL,string,https://pubchem.ncbi.nlm.nih.gov/images/iupac/j_pac-2015-0703_fig_070.jpg
/Record/Section/9/Section/1/Information/0/Value/StringWithMarkup/1/Markup/0/Type,string,Image
/Record/Section/9/Section/1/Information/0/Value/StringWithMarkup/1/Markup/0/Size,string,705x975
/Record/Section/9/Section/1/Information/0/Value/StringWithMarkup/1/Markup/0/Caption,string,"Fig. IUPAC.47.1: Cross plot of lead model age and n(¹⁰⁹Ag)/n(¹⁰⁷Ag) isotope-amount ratio of selected coins (modified from [237]) assuming a n(¹⁰⁹Ag)/n(¹⁰⁷Ag) value of 0.929 04 for the isotopic reference material SRM 981a silver nitrate [237]. The isotopic signatures of the silver, copper, and lead in the metals used to make Spanish coins have been used to trace (see tracer) the origin of the metals to help determine the flow of metal in the global market during the 16 thcentury. The Mexico coins show little variation in the silver mole fraction, although the observed range of isotopic variation is about 30 times the analytical uncertainty. The antique coins have two groups, the oldest on the right and the younger on the left. They are statistically different at the 99-percent confidence level. The Catholic Kings coins are distinct from the rest of the medieval coins. "
/Record/Section/9/Section/2/TOCHeading,string,Isotopes in Geochronology
/Record/Section/9/Section/2/Description,string,Information on the use of this element's isotopes in geochronology.
/Record/Section/9/Section/2/Information/0/ReferenceNumber,number,4
/Record/Section/9/Section/2/Information/0/Reference/0,string,"[344]  W. R. Kelly, G. J. Wasserburg. Geophys. Res. Lett.5 1079 (1978)."
/Record/Section/9/Section/2/Information/0/Reference/1,string,"[345]  G. J. Wasserburg, D. A. Papanastassiou. Some Short-Lived Nuclides in the Early Solar-System – A Connection with the Placental ISM, in Essays in Nuclear Astrophysics, C. A. Barnes, D. D. Clayton, and D. N. Schramm. Cambridge University Press, Cambridge, UK (1982)."
/Record/Section/9/Section/2/Information/0/Reference/2,string,"[346]  J. H. Chen, G. J. Wasserburg. Live 107Pd in the Early Solar System and Implications on Planetary Evolution, in Earth Processes: Reading the Isotopic Code, Geophysical Monograph 95, A. Basu and S. Hart. Amer. Geophys. U., Washington (1996)."
/Record/Section/9/Section/2/Information/0/Reference/3,string,"[347]  J. H. Chen, G. J. Wasserburg. Geochim. Cosmochim. Acta54, 1729 (1990)."
/Record/Section/9/Section/2/Information/0/Reference/4,string,"[348]  A. P. Dicken. Radiogenic Isotope Geology, Cambridge University Press, New York (1995)."
/Record/Section/9/Section/2/Information/0/Reference/5,string,"[353]  G. J. Wasserburg. “Short-lived nuclei in the early solar-system”, in Protostars and Planets, D. C. Black, M. S. Matthews (Eds.), Univ. Arizona Press, Tucson, Arizona, USA (1985)."
/Record/Section/9/Section/2/Information/0/ExtendedReference/0/Citation,string,"[344]  W. R. Kelly, G. J. Wasserburg. Geophys. Res. Lett.5 1079 (1978)."
/Record/Section/9/Section/2/Information/0/ExtendedReference/1/Citation,string,"[345]  G. J. Wasserburg, D. A. Papanastassiou. Some Short-Lived Nuclides in the Early Solar-System – A Connection with the Placental ISM, in Essays in Nuclear Astrophysics, C. A. Barnes, D. D. Clayton, and D. N. Schramm. Cambridge University Press, Cambridge, UK (1982)."
/Record/Section/9/Section/2/Information/0/ExtendedReference/2/Citation,string,"[346]  J. H. Chen, G. J. Wasserburg. Live 107Pd in the Early Solar System and Implications on Planetary Evolution, in Earth Processes: Reading the Isotopic Code, Geophysical Monograph 95, A. Basu and S. Hart. Amer. Geophys. U., Washington (1996)."
/Record/Section/9/Section/2/Information/0/ExtendedReference/3/Citation,string,"[347]  J. H. Chen, G. J. Wasserburg. Geochim. Cosmochim. Acta54, 1729 (1990)."
/Record/Section/9/Section/2/Information/0/ExtendedReference/4/Citation,string,"[348]  A. P. Dicken. Radiogenic Isotope Geology, Cambridge University Press, New York (1995)."
/Record/Section/9/Section/2/Information/0/ExtendedReference/5/Citation,string,"[353]  G. J. Wasserburg. “Short-lived nuclei in the early solar-system”, in Protostars and Planets, D. C. Black, M. S. Matthews (Eds.), Univ. Arizona Press, Tucson, Arizona, USA (1985)."
/Record/Section/9/Section/2/Information/0/Value/StringWithMarkup/0/String,string,"The amount ratio n(107Pd)/n(107Ag) is used in geochronology to date major events in the Solar System [344], [345], [346], [347], [348], [353]. Although 107Ag is naturally occurring, it is also the daughter product by beta decay of 107Pd. If both excess 107Ag and 107Pd are present in a sample of extraterrestrial origin, then the material would have formed sometime after 107Pd decayed (i.e. sometime after the 6.5-million-year half-life of 107Pd). The n(107Pd)/n(107Ag) amount ratio can be measured to help determine when the 107Pd decay process began and determine how much time has elapsed since the material was formed."
/Record/Section/9/Section/2/Information/0/Value/StringWithMarkup/0/Markup/0/Start,number,19
/Record/Section/9/Section/2/Information/0/Value/StringWithMarkup/0/Markup/0/Length,number,3
/Record/Section/9/Section/2/Information/0/Value/StringWithMarkup/0/Markup/0/Type,string,Superscript
/Record/Section/9/Section/2/Information/0/Value/StringWithMarkup/0/Markup/1/Start,number,28
/Record/Section/9/Section/2/Information/0/Value/StringWithMarkup/0/Markup/1/Length,number,3
/Record/Section/9/Section/2/Information/0/Value/StringWithMarkup/0/Markup/1/Type,string,Superscript
/Record/Section/9/Section/2/Information/0/Value/StringWithMarkup/0/Markup/2/Start,number,152
/Record/Section/9/Section/2/Information/0/Value/StringWithMarkup/0/Markup/2/Length,number,3
/Record/Section/9/Section/2/Information/0/Value/StringWithMarkup/0/Markup/2/Type,string,Superscript
/Record/Section/9/Section/2/Information/0/Value/StringWithMarkup/0/Markup/3/Start,number,231
/Record/Section/9/Section/2/Information/0/Value/StringWithMarkup/0/Markup/3/Length,number,3
/Record/Section/9/Section/2/Information/0/Value/StringWithMarkup/0/Markup/3/Type,string,Superscript
/Record/Section/9/Section/2/Information/0/Value/StringWithMarkup/0/Markup/4/Start,number,253
/Record/Section/9/Section/2/Information/0/Value/StringWithMarkup/0/Markup/4/Length,number,3
/Record/Section/9/Section/2/Information/0/Value/StringWithMarkup/0/Markup/4/Type,string,Superscript
/Record/Section/9/Section/2/Information/0/Value/StringWithMarkup/0/Markup/5/Start,number,263
/Record/Section/9/Section/2/Information/0/Value/StringWithMarkup/0/Markup/5/Length,number,3
/Record/Section/9/Section/2/Information/0/Value/StringWithMarkup/0/Markup/5/Type,string,Superscript
/Record/Section/9/Section/2/Information/0/Value/StringWithMarkup/0/Markup/6/Start,number,372
/Record/Section/9/Section/2/Information/0/Value/StringWithMarkup/0/Markup/6/Length,number,3
/Record/Section/9/Section/2/Information/0/Value/StringWithMarkup/0/Markup/6/Type,string,Superscript
/Record/Section/9/Section/2/Information/0/Value/StringWithMarkup/0/Markup/7/Start,number,441
/Record/Section/9/Section/2/Information/0/Value/StringWithMarkup/0/Markup/7/Length,number,3
/Record/Section/9/Section/2/Information/0/Value/StringWithMarkup/0/Markup/7/Type,string,Superscript
/Record/Section/9/Section/2/Information/0/Value/StringWithMarkup/0/Markup/8/Start,number,455
/Record/Section/9/Section/2/Information/0/Value/StringWithMarkup/0/Markup/8/Length,number,3
/Record/Section/9/Section/2/Information/0/Value/StringWithMarkup/0/Markup/8/Type,string,Superscript
/Record/Section/9/Section/2/Information/0/Value/StringWithMarkup/0/Markup/9/Start,number,464
/Record/Section/9/Section/2/Information/0/Value/StringWithMarkup/0/Markup/9/Length,number,3
/Record/Section/9/Section/2/Information/0/Value/StringWithMarkup/0/Markup/9/Type,string,Superscript
/Record/Section/9/Section/2/Information/0/Value/StringWithMarkup/0/Markup/10/Start,number,527
/Record/Section/9/Section/2/Information/0/Value/StringWithMarkup/0/Markup/10/Length,number,3
/Record/Section/9/Section/2/Information/0/Value/StringWithMarkup/0/Markup/10/Type,string,Superscript
/Record/Section/9/Section/3/TOCHeading,string,Isotopes in Industry
/Record/Section/9/Section/3/Description,string,Information on the use of this element's isotopes in industry.
/Record/Section/9/Section/3/Information/0/ReferenceNumber,number,4
/Record/Section/9/Section/3/Information/0/Reference/0,string,"[349]  M. Hussain, S. Sudar, M. N. Aslam, H. A. Shah, R. Ahmad, A. A. Malik, S. M. Qaim. Appl. Radiat. Isot.67, 1842 (2009)."
/Record/Section/9/Section/3/Information/0/Reference/1,string,"[354]  F. G. Perey. Phys. Rev. Lett.131, 745 (1963)."
/Record/Section/9/Section/3/Information/0/ExtendedReference/0/Citation,string,"[349]  M. Hussain, S. Sudar, M. N. Aslam, H. A. Shah, R. Ahmad, A. A. Malik, S. M. Qaim. Appl. Radiat. Isot.67, 1842 (2009)."
/Record/Section/9/Section/3/Information/0/ExtendedReference/1/Citation,string,"[354]  F. G. Perey. Phys. Rev. Lett.131, 745 (1963)."
/Record/Section/9/Section/3/Information/0/Value/StringWithMarkup/0/String,string,"107Ag is being studied as a possible target for cyclotron production of 103Pd (with a half-life of 17 days) via the 107Ag (p, α n) 103Pd reaction. 103Pd releases X-rays and Auger electrons at the rate of about 80 X-rays and 186 Auger electrons per 100 decays of 103Pd, which makes this isotope an ideal candidate for internal radiotherapy for the treatment of cancers. The production of this isotope in a no-carrier form (not formed in another solution) is important for its medical uses. By using neutrons, photons, and charged particles to force reactions with isotopes of a higher mass number than 103, 103Pd will occur in a fraction of those reactions. The most common methods of 103Pd production use targets of rhodium or other isotopes of palladium. However, 107Ag has also been studied as a feasible option [349], [354]. 109Ag is used to produce the gamma reference source 110mAg to help calibrate gamma detectors [349], [354]."
/Record/Section/9/Section/3/Information/0/Value/StringWithMarkup/0/Markup/0/Start,number,0
/Record/Section/9/Section/3/Information/0/Value/StringWithMarkup/0/Markup/0/Length,number,3
/Record/Section/9/Section/3/Information/0/Value/StringWithMarkup/0/Markup/0/Type,string,Superscript
/Record/Section/9/Section/3/Information/0/Value/StringWithMarkup/0/Markup/1/Start,number,72
/Record/Section/9/Section/3/Information/0/Value/StringWithMarkup/0/Markup/1/Length,number,3
/Record/Section/9/Section/3/Information/0/Value/StringWithMarkup/0/Markup/1/Type,string,Superscript
/Record/Section/9/Section/3/Information/0/Value/StringWithMarkup/0/Markup/2/Start,number,116
/Record/Section/9/Section/3/Information/0/Value/StringWithMarkup/0/Markup/2/Length,number,3
/Record/Section/9/Section/3/Information/0/Value/StringWithMarkup/0/Markup/2/Type,string,Superscript
/Record/Section/9/Section/3/Information/0/Value/StringWithMarkup/0/Markup/3/Start,number,131
/Record/Section/9/Section/3/Information/0/Value/StringWithMarkup/0/Markup/3/Length,number,3
/Record/Section/9/Section/3/Information/0/Value/StringWithMarkup/0/Markup/3/Type,string,Superscript
/Record/Section/9/Section/3/Information/0/Value/StringWithMarkup/0/Markup/4/Start,number,147
/Record/Section/9/Section/3/Information/0/Value/StringWithMarkup/0/Markup/4/Length,number,3
/Record/Section/9/Section/3/Information/0/Value/StringWithMarkup/0/Markup/4/Type,string,Superscript
/Record/Section/9/Section/3/Information/0/Value/StringWithMarkup/0/Markup/5/Start,number,262
/Record/Section/9/Section/3/Information/0/Value/StringWithMarkup/0/Markup/5/Length,number,3
/Record/Section/9/Section/3/Information/0/Value/StringWithMarkup/0/Markup/5/Type,string,Superscript
/Record/Section/9/Section/3/Information/0/Value/StringWithMarkup/0/Markup/6/Start,number,606
/Record/Section/9/Section/3/Information/0/Value/StringWithMarkup/0/Markup/6/Length,number,3
/Record/Section/9/Section/3/Information/0/Value/StringWithMarkup/0/Markup/6/Type,string,Superscript
/Record/Section/9/Section/3/Information/0/Value/StringWithMarkup/0/Markup/7/Start,number,684
/Record/Section/9/Section/3/Information/0/Value/StringWithMarkup/0/Markup/7/Length,number,3
/Record/Section/9/Section/3/Information/0/Value/StringWithMarkup/0/Markup/7/Type,string,Superscript
/Record/Section/9/Section/3/Information/0/Value/StringWithMarkup/0/Markup/8/Start,number,765
/Record/Section/9/Section/3/Information/0/Value/StringWithMarkup/0/Markup/8/Length,number,3
/Record/Section/9/Section/3/Information/0/Value/StringWithMarkup/0/Markup/8/Type,string,Superscript
/Record/Section/9/Section/3/Information/0/Value/StringWithMarkup/0/Markup/9/Start,number,828
/Record/Section/9/Section/3/Information/0/Value/StringWithMarkup/0/Markup/9/Length,number,3
/Record/Section/9/Section/3/Information/0/Value/StringWithMarkup/0/Markup/9/Type,string,Superscript
/Record/Section/9/Section/3/Information/0/Value/StringWithMarkup/0/Markup/10/Start,number,880
/Record/Section/9/Section/3/Information/0/Value/StringWithMarkup/0/Markup/10/Length,number,4
/Record/Section/9/Section/3/Information/0/Value/StringWithMarkup/0/Markup/10/Type,string,Superscript
/Record/Section/9/Section/4/TOCHeading,string,Isotope Mass and Abundance
/Record/Section/9/Section/4/Description,string,Atomic mass and abundance (composition) information for a given isotope/nuclide. The number in the parenthesis refers to an uncertainty when exist. The unit of atomic weight is the unified atomic mass unit (u) or dalton (Da). 
/Record/Section/9/Section/4/DisplayControls/CreateTable/FromInformationIn,string,ThisSection
/Record/Section/9/Section/4/DisplayControls/CreateTable/NumberOfColumns,number,3
/Record/Section/9/Section/4/DisplayControls/CreateTable/ColumnsFromNamedLists/Name/0,string,Isotope
/Record/Section/9/Section/4/DisplayControls/CreateTable/ColumnsFromNamedLists/Name/1,string,Atomic Mass (uncertainty) [u]
/Record/Section/9/Section/4/DisplayControls/CreateTable/ColumnsFromNamedLists/Name/2,string,Abundance (uncertainty)
/Record/Section/9/Section/4/DisplayControls/CreateTable/ColumnsFromNamedLists/UseNamesAsColumnHeadings,boolean,true
/Record/Section/9/Section/4/Information/0/ReferenceNumber,number,3
/Record/Section/9/Section/4/Information/0/Name,string,Isotope
/Record/Section/9/Section/4/Information/0/Value/StringWithMarkup/0/String,string, 107Ag
/Record/Section/9/Section/4/Information/0/Value/StringWithMarkup/0/Markup/0/Start,number,0
/Record/Section/9/Section/4/Information/0/Value/StringWithMarkup/0/Markup/0/Length,number,4
/Record/Section/9/Section/4/Information/0/Value/StringWithMarkup/0/Markup/0/Type,string,Superscript
/Record/Section/9/Section/4/Information/0/Value/StringWithMarkup/1/String,string, 109Ag
/Record/Section/9/Section/4/Information/0/Value/StringWithMarkup/1/Markup/0/Start,number,0
/Record/Section/9/Section/4/Information/0/Value/StringWithMarkup/1/Markup/0/Length,number,4
/Record/Section/9/Section/4/Information/0/Value/StringWithMarkup/1/Markup/0/Type,string,Superscript
/Record/Section/9/Section/4/Information/1/ReferenceNumber,number,3
/Record/Section/9/Section/4/Information/1/Name,string,Atomic Mass (uncertainty)
/Record/Section/9/Section/4/Information/1/Value/StringWithMarkup/0/String,string,106.905 09(2)
/Record/Section/9/Section/4/Information/1/Value/StringWithMarkup/1/String,string,108.904 756(9)
/Record/Section/9/Section/4/Information/2/ReferenceNumber,number,3
/Record/Section/9/Section/4/Information/2/Name,string,Abundance (uncertainty)
/Record/Section/9/Section/4/Information/2/Value/StringWithMarkup/0/String,string,0.518 39(8)
/Record/Section/9/Section/4/Information/2/Value/StringWithMarkup/1/String,string,0.481 61(8)
/Record/Section/9/Section/4/Information/3/ReferenceNumber,number,7
/Record/Section/9/Section/4/Information/3/Name,string,Isotope
/Record/Section/9/Section/4/Information/3/Value/StringWithMarkup/0/String,string,107Ag
/Record/Section/9/Section/4/Information/3/Value/StringWithMarkup/0/Markup/0/Start,number,0
/Record/Section/9/Section/4/Information/3/Value/StringWithMarkup/0/Markup/0/Length,number,3
/Record/Section/9/Section/4/Information/3/Value/StringWithMarkup/0/Markup/0/Type,string,Superscript
/Record/Section/9/Section/4/Information/3/Value/StringWithMarkup/1/String,string,109Ag
/Record/Section/9/Section/4/Information/3/Value/StringWithMarkup/1/Markup/0/Start,number,0
/Record/Section/9/Section/4/Information/3/Value/StringWithMarkup/1/Markup/0/Length,number,3
/Record/Section/9/Section/4/Information/3/Value/StringWithMarkup/1/Markup/0/Type,string,Superscript
/Record/Section/9/Section/4/Information/4/ReferenceNumber,number,7
/Record/Section/9/Section/4/Information/4/Name,string,Atomic Mass (uncertainty) [u]
/Record/Section/9/Section/4/Information/4/Value/StringWithMarkup/0/String,string,106.9050916(26)
/Record/Section/9/Section/4/Information/4/Value/StringWithMarkup/1/String,string,108.9047553(14)
/Record/Section/9/Section/4/Information/5/ReferenceNumber,number,7
/Record/Section/9/Section/4/Information/5/Name,string,Abundance (uncertainty)
/Record/Section/9/Section/4/Information/5/Value/StringWithMarkup/0/String,string,0.51839(8)
/Record/Section/9/Section/4/Information/5/Value/StringWithMarkup/1/String,string,0.48161(8)
/Record/Section/9/Section/5/TOCHeading,string,"Atomic Mass, Half Life, and Decay"
/Record/Section/9/Section/5/Description,string,"Information on the atomic mass, half life, and decay for this element, from the the Atomic Mass Data Center. The number after the ± refers to an uncertainty when exists."
/Record/Section/9/Section/5/URL,string,https://pubchem.ncbi.nlm.nih.gov/docs/atomic-mass/
/Record/Section/9/Section/5/DisplayControls/CreateTable/FromInformationIn,string,ThisSection
/Record/Section/9/Section/5/DisplayControls/CreateTable/NumberOfColumns,number,5
/Record/Section/9/Section/5/DisplayControls/CreateTable/ColumnsFromNamedLists/Name/0,string,Nuclide
/Record/Section/9/Section/5/DisplayControls/CreateTable/ColumnsFromNamedLists/Name/1,string,Atomic Mass and Uncertainty [u]
/Record/Section/9/Section/5/DisplayControls/CreateTable/ColumnsFromNamedLists/Name/2,string,Half Life and Uncertainty
/Record/Section/9/Section/5/DisplayControls/CreateTable/ColumnsFromNamedLists/Name/3,string,Discovery Year
/Record/Section/9/Section/5/DisplayControls/CreateTable/ColumnsFromNamedLists/Name/4,string,"Decay Modes, Intensities and Uncertainties [%]"
/Record/Section/9/Section/5/DisplayControls/CreateTable/ColumnsFromNamedLists/UseNamesAsColumnHeadings,boolean,true
/Record/Section/9/Section/5/Information/0/ReferenceNumber,number,2
/Record/Section/9/Section/5/Information/0/Name,string,Nuclide
/Record/Section/9/Section/5/Information/0/Value/StringWithMarkup/0/String,string,92Ag
/Record/Section/9/Section/5/Information/0/Value/StringWithMarkup/0/Markup/0/Start,number,0
/Record/Section/9/Section/5/Information/0/Value/StringWithMarkup/0/Markup/0/Length,number,2
/Record/Section/9/Section/5/Information/0/Value/StringWithMarkup/0/Markup/0/Type,string,Superscript
/Record/Section/9/Section/5/Information/0/Value/StringWithMarkup/1/String,string,93Ag
/Record/Section/9/Section/5/Information/0/Value/StringWithMarkup/1/Markup/0/Start,number,0
/Record/Section/9/Section/5/Information/0/Value/StringWithMarkup/1/Markup/0/Length,number,2
/Record/Section/9/Section/5/Information/0/Value/StringWithMarkup/1/Markup/0/Type,string,Superscript
/Record/Section/9/Section/5/Information/0/Value/StringWithMarkup/2/String,string,94Ag
/Record/Section/9/Section/5/Information/0/Value/StringWithMarkup/2/Markup/0/Start,number,0
/Record/Section/9/Section/5/Information/0/Value/StringWithMarkup/2/Markup/0/Length,number,2
/Record/Section/9/Section/5/Information/0/Value/StringWithMarkup/2/Markup/0/Type,string,Superscript
/Record/Section/9/Section/5/Information/0/Value/StringWithMarkup/3/String,string,94Agm
/Record/Section/9/Section/5/Information/0/Value/StringWithMarkup/3/Markup/0/Start,number,0
/Record/Section/9/Section/5/Information/0/Value/StringWithMarkup/3/Markup/0/Length,number,2
/Record/Section/9/Section/5/Information/0/Value/StringWithMarkup/3/Markup/0/Type,string,Superscript
/Record/Section/9/Section/5/Information/0/Value/StringWithMarkup/3/Markup/1/Start,number,4
/Record/Section/9/Section/5/Information/0/Value/StringWithMarkup/3/Markup/1/Length,number,1
/Record/Section/9/Section/5/Information/0/Value/StringWithMarkup/3/Markup/1/Type,string,Superscript
/Record/Section/9/Section/5/Information/0/Value/StringWithMarkup/4/String,string,94Agn
/Record/Section/9/Section/5/Information/0/Value/StringWithMarkup/4/Markup/0/Start,number,0
/Record/Section/9/Section/5/Information/0/Value/StringWithMarkup/4/Markup/0/Length,number,2
/Record/Section/9/Section/5/Information/0/Value/StringWithMarkup/4/Markup/0/Type,string,Superscript
/Record/Section/9/Section/5/Information/0/Value/StringWithMarkup/4/Markup/1/Start,number,4
/Record/Section/9/Section/5/Information/0/Value/StringWithMarkup/4/Markup/1/Length,number,1
/Record/Section/9/Section/5/Information/0/Value/StringWithMarkup/4/Markup/1/Type,string,Superscript
/Record/Section/9/Section/5/Information/0/Value/StringWithMarkup/5/String,string,95Ag
/Record/Section/9/Section/5/Information/0/Value/StringWithMarkup/5/Markup/0/Start,number,0
/Record/Section/9/Section/5/Information/0/Value/StringWithMarkup/5/Markup/0/Length,number,2
/Record/Section/9/Section/5/Information/0/Value/StringWithMarkup/5/Markup/0/Type,string,Superscript
/Record/Section/9/Section/5/Information/0/Value/StringWithMarkup/6/String,string,95Agm
/Record/Section/9/Section/5/Information/0/Value/StringWithMarkup/6/Markup/0/Start,number,0
/Record/Section/9/Section/5/Information/0/Value/StringWithMarkup/6/Markup/0/Length,number,2
/Record/Section/9/Section/5/Information/0/Value/StringWithMarkup/6/Markup/0/Type,string,Superscript
/Record/Section/9/Section/5/Information/0/Value/StringWithMarkup/6/Markup/1/Start,number,4
/Record/Section/9/Section/5/Information/0/Value/StringWithMarkup/6/Markup/1/Length,number,1
/Record/Section/9/Section/5/Information/0/Value/StringWithMarkup/6/Markup/1/Type,string,Superscript
/Record/Section/9/Section/5/Information/0/Value/StringWithMarkup/7/String,string,95Agn
/Record/Section/9/Section/5/Information/0/Value/StringWithMarkup/7/Markup/0/Start,number,0
/Record/Section/9/Section/5/Information/0/Value/StringWithMarkup/7/Markup/0/Length,number,2
/Record/Section/9/Section/5/Information/0/Value/StringWithMarkup/7/Markup/0/Type,string,Superscript
/Record/Section/9/Section/5/Information/0/Value/StringWithMarkup/7/Markup/1/Start,number,4
/Record/Section/9/Section/5/Information/0/Value/StringWithMarkup/7/Markup/1/Length,number,1
/Record/Section/9/Section/5/Information/0/Value/StringWithMarkup/7/Markup/1/Type,string,Superscript
/Record/Section/9/Section/5/Information/0/Value/StringWithMarkup/8/String,string,95Agp
/Record/Section/9/Section/5/Information/0/Value/StringWithMarkup/8/Markup/0/Start,number,0
/Record/Section/9/Section/5/Information/0/Value/StringWithMarkup/8/Markup/0/Length,number,2
/Record/Section/9/Section/5/Information/0/Value/StringWithMarkup/8/Markup/0/Type,string,Superscript
/Record/Section/9/Section/5/Information/0/Value/StringWithMarkup/8/Markup/1/Start,number,4
/Record/Section/9/Section/5/Information/0/Value/StringWithMarkup/8/Markup/1/Length,number,1
/Record/Section/9/Section/5/Information/0/Value/StringWithMarkup/8/Markup/1/Type,string,Superscript
/Record/Section/9/Section/5/Information/0/Value/StringWithMarkup/9/String,string,96Ag
/Record/Section/9/Section/5/Information/0/Value/StringWithMarkup/9/Markup/0/Start,number,0
/Record/Section/9/Section/5/Information/0/Value/StringWithMarkup/9/Markup/0/Length,number,2
/Record/Section/9/Section/5/Information/0/Value/StringWithMarkup/9/Markup/0/Type,string,Superscript
/Record/Section/9/Section/5/Information/0/Value/StringWithMarkup/10/String,string,96Agm
/Record/Section/9/Section/5/Information/0/Value/StringWithMarkup/10/Markup/0/Start,number,0
/Record/Section/9/Section/5/Information/0/Value/StringWithMarkup/10/Markup/0/Length,number,2
/Record/Section/9/Section/5/Information/0/Value/StringWithMarkup/10/Markup/0/Type,string,Superscript
/Record/Section/9/Section/5/Information/0/Value/StringWithMarkup/10/Markup/1/Start,number,4
/Record/Section/9/Section/5/Information/0/Value/StringWithMarkup/10/Markup/1/Length,number,1
/Record/Section/9/Section/5/Information/0/Value/StringWithMarkup/10/Markup/1/Type,string,Superscript
/Record/Section/9/Section/5/Information/0/Value/StringWithMarkup/11/String,string,96Agn
/Record/Section/9/Section/5/Information/0/Value/StringWithMarkup/11/Markup/0/Start,number,0
/Record/Section/9/Section/5/Information/0/Value/StringWithMarkup/11/Markup/0/Length,number,2
/Record/Section/9/Section/5/Information/0/Value/StringWithMarkup/11/Markup/0/Type,string,Superscript
/Record/Section/9/Section/5/Information/0/Value/StringWithMarkup/11/Markup/1/Start,number,4
/Record/Section/9/Section/5/Information/0/Value/StringWithMarkup/11/Markup/1/Length,number,1
/Record/Section/9/Section/5/Information/0/Value/StringWithMarkup/11/Markup/1/Type,string,Superscript
/Record/Section/9/Section/5/Information/0/Value/StringWithMarkup/12/String,string,96Agp
/Record/Section/9/Section/5/Information/0/Value/StringWithMarkup/12/Markup/0/Start,number,0
/Record/Section/9/Section/5/Information/0/Value/StringWithMarkup/12/Markup/0/Length,number,2
/Record/Section/9/Section/5/Information/0/Value/StringWithMarkup/12/Markup/0/Type,string,Superscript
/Record/Section/9/Section/5/Information/0/Value/StringWithMarkup/12/Markup/1/Start,number,4
/Record/Section/9/Section/5/Information/0/Value/StringWithMarkup/12/Markup/1/Length,number,1
/Record/Section/9/Section/5/Information/0/Value/StringWithMarkup/12/Markup/1/Type,string,Superscript
/Record/Section/9/Section/5/Information/0/Value/StringWithMarkup/13/String,string,96Agq
/Record/Section/9/Section/5/Information/0/Value/StringWithMarkup/13/Markup/0/Start,number,0
/Record/Section/9/Section/5/Information/0/Value/StringWithMarkup/13/Markup/0/Length,number,2
/Record/Section/9/Section/5/Information/0/Value/StringWithMarkup/13/Markup/0/Type,string,Superscript
/Record/Section/9/Section/5/Information/0/Value/StringWithMarkup/13/Markup/1/Start,number,4
/Record/Section/9/Section/5/Information/0/Value/StringWithMarkup/13/Markup/1/Length,number,1
/Record/Section/9/Section/5/Information/0/Value/StringWithMarkup/13/Markup/1/Type,string,Superscript
/Record/Section/9/Section/5/Information/0/Value/StringWithMarkup/14/String,string,97Ag
/Record/Section/9/Section/5/Information/0/Value/StringWithMarkup/14/Markup/0/Start,number,0
/Record/Section/9/Section/5/Information/0/Value/StringWithMarkup/14/Markup/0/Length,number,2
/Record/Section/9/Section/5/Information/0/Value/StringWithMarkup/14/Markup/0/Type,string,Superscript
/Record/Section/9/Section/5/Information/0/Value/StringWithMarkup/15/String,string,97Agm
/Record/Section/9/Section/5/Information/0/Value/StringWithMarkup/15/Markup/0/Start,number,0
/Record/Section/9/Section/5/Information/0/Value/StringWithMarkup/15/Markup/0/Length,number,2
/Record/Section/9/Section/5/Information/0/Value/StringWithMarkup/15/Markup/0/Type,string,Superscript
/Record/Section/9/Section/5/Information/0/Value/StringWithMarkup/15/Markup/1/Start,number,4
/Record/Section/9/Section/5/Information/0/Value/StringWithMarkup/15/Markup/1/Length,number,1
/Record/Section/9/Section/5/Information/0/Value/StringWithMarkup/15/Markup/1/Type,string,Superscript
/Record/Section/9/Section/5/Information/0/Value/StringWithMarkup/16/String,string,98Ag
/Record/Section/9/Section/5/Information/0/Value/StringWithMarkup/16/Markup/0/Start,number,0
/Record/Section/9/Section/5/Information/0/Value/StringWithMarkup/16/Markup/0/Length,number,2
/Record/Section/9/Section/5/Information/0/Value/StringWithMarkup/16/Markup/0/Type,string,Superscript
/Record/Section/9/Section/5/Information/0/Value/StringWithMarkup/17/String,string,98Agm
/Record/Section/9/Section/5/Information/0/Value/StringWithMarkup/17/Markup/0/Start,number,0
/Record/Section/9/Section/5/Information/0/Value/StringWithMarkup/17/Markup/0/Length,number,2
/Record/Section/9/Section/5/Information/0/Value/StringWithMarkup/17/Markup/0/Type,string,Superscript
/Record/Section/9/Section/5/Information/0/Value/StringWithMarkup/17/Markup/1/Start,number,4
/Record/Section/9/Section/5/Information/0/Value/StringWithMarkup/17/Markup/1/Length,number,1
/Record/Section/9/Section/5/Information/0/Value/StringWithMarkup/17/Markup/1/Type,string,Superscript
/Record/Section/9/Section/5/Information/0/Value/StringWithMarkup/18/String,string,99Ag
/Record/Section/9/Section/5/Information/0/Value/StringWithMarkup/18/Markup/0/Start,number,0
/Record/Section/9/Section/5/Information/0/Value/StringWithMarkup/18/Markup/0/Length,number,2
/Record/Section/9/Section/5/Information/0/Value/StringWithMarkup/18/Markup/0/Type,string,Superscript
/Record/Section/9/Section/5/Information/0/Value/StringWithMarkup/19/String,string,99Agm
/Record/Section/9/Section/5/Information/0/Value/StringWithMarkup/19/Markup/0/Start,number,0
/Record/Section/9/Section/5/Information/0/Value/StringWithMarkup/19/Markup/0/Length,number,2
/Record/Section/9/Section/5/Information/0/Value/StringWithMarkup/19/Markup/0/Type,string,Superscript
/Record/Section/9/Section/5/Information/0/Value/StringWithMarkup/19/Markup/1/Start,number,4
/Record/Section/9/Section/5/Information/0/Value/StringWithMarkup/19/Markup/1/Length,number,1
/Record/Section/9/Section/5/Information/0/Value/StringWithMarkup/19/Markup/1/Type,string,Superscript
/Record/Section/9/Section/5/Information/0/Value/StringWithMarkup/20/String,string,100Ag
/Record/Section/9/Section/5/Information/0/Value/StringWithMarkup/20/Markup/0/Start,number,0
/Record/Section/9/Section/5/Information/0/Value/StringWithMarkup/20/Markup/0/Length,number,3
/Record/Section/9/Section/5/Information/0/Value/StringWithMarkup/20/Markup/0/Type,string,Superscript
/Record/Section/9/Section/5/Information/0/Value/StringWithMarkup/21/String,string,100Agm
/Record/Section/9/Section/5/Information/0/Value/StringWithMarkup/21/Markup/0/Start,number,0
/Record/Section/9/Section/5/Information/0/Value/StringWithMarkup/21/Markup/0/Length,number,3
/Record/Section/9/Section/5/Information/0/Value/StringWithMarkup/21/Markup/0/Type,string,Superscript
/Record/Section/9/Section/5/Information/0/Value/StringWithMarkup/21/Markup/1/Start,number,5
/Record/Section/9/Section/5/Information/0/Value/StringWithMarkup/21/Markup/1/Length,number,1
/Record/Section/9/Section/5/Information/0/Value/StringWithMarkup/21/Markup/1/Type,string,Superscript
/Record/Section/9/Section/5/Information/0/Value/StringWithMarkup/22/String,string,101Ag
/Record/Section/9/Section/5/Information/0/Value/StringWithMarkup/22/Markup/0/Start,number,0
/Record/Section/9/Section/5/Information/0/Value/StringWithMarkup/22/Markup/0/Length,number,3
/Record/Section/9/Section/5/Information/0/Value/StringWithMarkup/22/Markup/0/Type,string,Superscript
/Record/Section/9/Section/5/Information/0/Value/StringWithMarkup/23/String,string,101Agm
/Record/Section/9/Section/5/Information/0/Value/StringWithMarkup/23/Markup/0/Start,number,0
/Record/Section/9/Section/5/Information/0/Value/StringWithMarkup/23/Markup/0/Length,number,3
/Record/Section/9/Section/5/Information/0/Value/StringWithMarkup/23/Markup/0/Type,string,Superscript
/Record/Section/9/Section/5/Information/0/Value/StringWithMarkup/23/Markup/1/Start,number,5
/Record/Section/9/Section/5/Information/0/Value/StringWithMarkup/23/Markup/1/Length,number,1
/Record/Section/9/Section/5/Information/0/Value/StringWithMarkup/23/Markup/1/Type,string,Superscript
/Record/Section/9/Section/5/Information/0/Value/StringWithMarkup/24/String,string,102Ag
/Record/Section/9/Section/5/Information/0/Value/StringWithMarkup/24/Markup/0/Start,number,0
/Record/Section/9/Section/5/Information/0/Value/StringWithMarkup/24/Markup/0/Length,number,3
/Record/Section/9/Section/5/Information/0/Value/StringWithMarkup/24/Markup/0/Type,string,Superscript
/Record/Section/9/Section/5/Information/0/Value/StringWithMarkup/25/String,string,102Agm
/Record/Section/9/Section/5/Information/0/Value/StringWithMarkup/25/Markup/0/Start,number,0
/Record/Section/9/Section/5/Information/0/Value/StringWithMarkup/25/Markup/0/Length,number,3
/Record/Section/9/Section/5/Information/0/Value/StringWithMarkup/25/Markup/0/Type,string,Superscript
/Record/Section/9/Section/5/Information/0/Value/StringWithMarkup/25/Markup/1/Start,number,5
/Record/Section/9/Section/5/Information/0/Value/StringWithMarkup/25/Markup/1/Length,number,1
/Record/Section/9/Section/5/Information/0/Value/StringWithMarkup/25/Markup/1/Type,string,Superscript
/Record/Section/9/Section/5/Information/0/Value/StringWithMarkup/26/String,string,103Ag
/Record/Section/9/Section/5/Information/0/Value/StringWithMarkup/26/Markup/0/Start,number,0
/Record/Section/9/Section/5/Information/0/Value/StringWithMarkup/26/Markup/0/Length,number,3
/Record/Section/9/Section/5/Information/0/Value/StringWithMarkup/26/Markup/0/Type,string,Superscript
/Record/Section/9/Section/5/Information/0/Value/StringWithMarkup/27/String,string,103Agm
/Record/Section/9/Section/5/Information/0/Value/StringWithMarkup/27/Markup/0/Start,number,0
/Record/Section/9/Section/5/Information/0/Value/StringWithMarkup/27/Markup/0/Length,number,3
/Record/Section/9/Section/5/Information/0/Value/StringWithMarkup/27/Markup/0/Type,string,Superscript
/Record/Section/9/Section/5/Information/0/Value/StringWithMarkup/27/Markup/1/Start,number,5
/Record/Section/9/Section/5/Information/0/Value/StringWithMarkup/27/Markup/1/Length,number,1
/Record/Section/9/Section/5/Information/0/Value/StringWithMarkup/27/Markup/1/Type,string,Superscript
/Record/Section/9/Section/5/Information/0/Value/StringWithMarkup/28/String,string,104Ag
/Record/Section/9/Section/5/Information/0/Value/StringWithMarkup/28/Markup/0/Start,number,0
/Record/Section/9/Section/5/Information/0/Value/StringWithMarkup/28/Markup/0/Length,number,3
/Record/Section/9/Section/5/Information/0/Value/StringWithMarkup/28/Markup/0/Type,string,Superscript
/Record/Section/9/Section/5/Information/0/Value/StringWithMarkup/29/String,string,104Agm
/Record/Section/9/Section/5/Information/0/Value/StringWithMarkup/29/Markup/0/Start,number,0
/Record/Section/9/Section/5/Information/0/Value/StringWithMarkup/29/Markup/0/Length,number,3
/Record/Section/9/Section/5/Information/0/Value/StringWithMarkup/29/Markup/0/Type,string,Superscript
/Record/Section/9/Section/5/Information/0/Value/StringWithMarkup/29/Markup/1/Start,number,5
/Record/Section/9/Section/5/Information/0/Value/StringWithMarkup/29/Markup/1/Length,number,1
/Record/Section/9/Section/5/Information/0/Value/StringWithMarkup/29/Markup/1/Type,string,Superscript
/Record/Section/9/Section/5/Information/0/Value/StringWithMarkup/30/String,string,105Ag
/Record/Section/9/Section/5/Information/0/Value/StringWithMarkup/30/Markup/0/Start,number,0
/Record/Section/9/Section/5/Information/0/Value/StringWithMarkup/30/Markup/0/Length,number,3
/Record/Section/9/Section/5/Information/0/Value/StringWithMarkup/30/Markup/0/Type,string,Superscript
/Record/Section/9/Section/5/Information/0/Value/StringWithMarkup/31/String,string,105Agm
/Record/Section/9/Section/5/Information/0/Value/StringWithMarkup/31/Markup/0/Start,number,0
/Record/Section/9/Section/5/Information/0/Value/StringWithMarkup/31/Markup/0/Length,number,3
/Record/Section/9/Section/5/Information/0/Value/StringWithMarkup/31/Markup/0/Type,string,Superscript
/Record/Section/9/Section/5/Information/0/Value/StringWithMarkup/31/Markup/1/Start,number,5
/Record/Section/9/Section/5/Information/0/Value/StringWithMarkup/31/Markup/1/Length,number,1
/Record/Section/9/Section/5/Information/0/Value/StringWithMarkup/31/Markup/1/Type,string,Superscript
/Record/Section/9/Section/5/Information/0/Value/StringWithMarkup/32/String,string,106Ag
/Record/Section/9/Section/5/Information/0/Value/StringWithMarkup/32/Markup/0/Start,number,0
/Record/Section/9/Section/5/Information/0/Value/StringWithMarkup/32/Markup/0/Length,number,3
/Record/Section/9/Section/5/Information/0/Value/StringWithMarkup/32/Markup/0/Type,string,Superscript
/Record/Section/9/Section/5/Information/0/Value/StringWithMarkup/33/String,string,106Agm
/Record/Section/9/Section/5/Information/0/Value/StringWithMarkup/33/Markup/0/Start,number,0
/Record/Section/9/Section/5/Information/0/Value/StringWithMarkup/33/Markup/0/Length,number,3
/Record/Section/9/Section/5/Information/0/Value/StringWithMarkup/33/Markup/0/Type,string,Superscript
/Record/Section/9/Section/5/Information/0/Value/StringWithMarkup/33/Markup/1/Start,number,5
/Record/Section/9/Section/5/Information/0/Value/StringWithMarkup/33/Markup/1/Length,number,1
/Record/Section/9/Section/5/Information/0/Value/StringWithMarkup/33/Markup/1/Type,string,Superscript
/Record/Section/9/Section/5/Information/0/Value/StringWithMarkup/34/String,string,107Ag
/Record/Section/9/Section/5/Information/0/Value/StringWithMarkup/34/Markup/0/Start,number,0
/Record/Section/9/Section/5/Information/0/Value/StringWithMarkup/34/Markup/0/Length,number,3
/Record/Section/9/Section/5/Information/0/Value/StringWithMarkup/34/Markup/0/Type,string,Superscript
/Record/Section/9/Section/5/Information/0/Value/StringWithMarkup/35/String,string,107Agm
/Record/Section/9/Section/5/Information/0/Value/StringWithMarkup/35/Markup/0/Start,number,0
/Record/Section/9/Section/5/Information/0/Value/StringWithMarkup/35/Markup/0/Length,number,3
/Record/Section/9/Section/5/Information/0/Value/StringWithMarkup/35/Markup/0/Type,string,Superscript
/Record/Section/9/Section/5/Information/0/Value/StringWithMarkup/35/Markup/1/Start,number,5
/Record/Section/9/Section/5/Information/0/Value/StringWithMarkup/35/Markup/1/Length,number,1
/Record/Section/9/Section/5/Information/0/Value/StringWithMarkup/35/Markup/1/Type,string,Superscript
/Record/Section/9/Section/5/Information/0/Value/StringWithMarkup/36/String,string,108Ag
/Record/Section/9/Section/5/Information/0/Value/StringWithMarkup/36/Markup/0/Start,number,0
/Record/Section/9/Section/5/Information/0/Value/StringWithMarkup/36/Markup/0/Length,number,3
/Record/Section/9/Section/5/Information/0/Value/StringWithMarkup/36/Markup/0/Type,string,Superscript
/Record/Section/9/Section/5/Information/0/Value/StringWithMarkup/37/String,string,108Agm
/Record/Section/9/Section/5/Information/0/Value/StringWithMarkup/37/Markup/0/Start,number,0
/Record/Section/9/Section/5/Information/0/Value/StringWithMarkup/37/Markup/0/Length,number,3
/Record/Section/9/Section/5/Information/0/Value/StringWithMarkup/37/Markup/0/Type,string,Superscript
/Record/Section/9/Section/5/Information/0/Value/StringWithMarkup/37/Markup/1/Start,number,5
/Record/Section/9/Section/5/Information/0/Value/StringWithMarkup/37/Markup/1/Length,number,1
/Record/Section/9/Section/5/Information/0/Value/StringWithMarkup/37/Markup/1/Type,string,Superscript
/Record/Section/9/Section/5/Information/0/Value/StringWithMarkup/38/String,string,109Ag
/Record/Section/9/Section/5/Information/0/Value/StringWithMarkup/38/Markup/0/Start,number,0
/Record/Section/9/Section/5/Information/0/Value/StringWithMarkup/38/Markup/0/Length,number,3
/Record/Section/9/Section/5/Information/0/Value/StringWithMarkup/38/Markup/0/Type,string,Superscript
/Record/Section/9/Section/5/Information/0/Value/StringWithMarkup/39/String,string,109Agm
/Record/Section/9/Section/5/Information/0/Value/StringWithMarkup/39/Markup/0/Start,number,0
/Record/Section/9/Section/5/Information/0/Value/StringWithMarkup/39/Markup/0/Length,number,3
/Record/Section/9/Section/5/Information/0/Value/StringWithMarkup/39/Markup/0/Type,string,Superscript
/Record/Section/9/Section/5/Information/0/Value/StringWithMarkup/39/Markup/1/Start,number,5
/Record/Section/9/Section/5/Information/0/Value/StringWithMarkup/39/Markup/1/Length,number,1
/Record/Section/9/Section/5/Information/0/Value/StringWithMarkup/39/Markup/1/Type,string,Superscript
/Record/Section/9/Section/5/Information/0/Value/StringWithMarkup/40/String,string,110Ag
/Record/Section/9/Section/5/Information/0/Value/StringWithMarkup/40/Markup/0/Start,number,0
/Record/Section/9/Section/5/Information/0/Value/StringWithMarkup/40/Markup/0/Length,number,3
/Record/Section/9/Section/5/Information/0/Value/StringWithMarkup/40/Markup/0/Type,string,Superscript
/Record/Section/9/Section/5/Information/0/Value/StringWithMarkup/41/String,string,110Agm
/Record/Section/9/Section/5/Information/0/Value/StringWithMarkup/41/Markup/0/Start,number,0
/Record/Section/9/Section/5/Information/0/Value/StringWithMarkup/41/Markup/0/Length,number,3
/Record/Section/9/Section/5/Information/0/Value/StringWithMarkup/41/Markup/0/Type,string,Superscript
/Record/Section/9/Section/5/Information/0/Value/StringWithMarkup/41/Markup/1/Start,number,5
/Record/Section/9/Section/5/Information/0/Value/StringWithMarkup/41/Markup/1/Length,number,1
/Record/Section/9/Section/5/Information/0/Value/StringWithMarkup/41/Markup/1/Type,string,Superscript
/Record/Section/9/Section/5/Information/0/Value/StringWithMarkup/42/String,string,110Agn
/Record/Section/9/Section/5/Information/0/Value/StringWithMarkup/42/Markup/0/Start,number,0
/Record/Section/9/Section/5/Information/0/Value/StringWithMarkup/42/Markup/0/Length,number,3
/Record/Section/9/Section/5/Information/0/Value/StringWithMarkup/42/Markup/0/Type,string,Superscript
/Record/Section/9/Section/5/Information/0/Value/StringWithMarkup/42/Markup/1/Start,number,5
/Record/Section/9/Section/5/Information/0/Value/StringWithMarkup/42/Markup/1/Length,number,1
/Record/Section/9/Section/5/Information/0/Value/StringWithMarkup/42/Markup/1/Type,string,Superscript
/Record/Section/9/Section/5/Information/0/Value/StringWithMarkup/43/String,string,111Ag
/Record/Section/9/Section/5/Information/0/Value/StringWithMarkup/43/Markup/0/Start,number,0
/Record/Section/9/Section/5/Information/0/Value/StringWithMarkup/43/Markup/0/Length,number,3
/Record/Section/9/Section/5/Information/0/Value/StringWithMarkup/43/Markup/0/Type,string,Superscript
/Record/Section/9/Section/5/Information/0/Value/StringWithMarkup/44/String,string,111Agm
/Record/Section/9/Section/5/Information/0/Value/StringWithMarkup/44/Markup/0/Start,number,0
/Record/Section/9/Section/5/Information/0/Value/StringWithMarkup/44/Markup/0/Length,number,3
/Record/Section/9/Section/5/Information/0/Value/StringWithMarkup/44/Markup/0/Type,string,Superscript
/Record/Section/9/Section/5/Information/0/Value/StringWithMarkup/44/Markup/1/Start,number,5
/Record/Section/9/Section/5/Information/0/Value/StringWithMarkup/44/Markup/1/Length,number,1
/Record/Section/9/Section/5/Information/0/Value/StringWithMarkup/44/Markup/1/Type,string,Superscript
/Record/Section/9/Section/5/Information/0/Value/StringWithMarkup/45/String,string,112Ag
/Record/Section/9/Section/5/Information/0/Value/StringWithMarkup/45/Markup/0/Start,number,0
/Record/Section/9/Section/5/Information/0/Value/StringWithMarkup/45/Markup/0/Length,number,3
/Record/Section/9/Section/5/Information/0/Value/StringWithMarkup/45/Markup/0/Type,string,Superscript
/Record/Section/9/Section/5/Information/0/Value/StringWithMarkup/46/String,string,113Ag
/Record/Section/9/Section/5/Information/0/Value/StringWithMarkup/46/Markup/0/Start,number,0
/Record/Section/9/Section/5/Information/0/Value/StringWithMarkup/46/Markup/0/Length,number,3
/Record/Section/9/Section/5/Information/0/Value/StringWithMarkup/46/Markup/0/Type,string,Superscript
/Record/Section/9/Section/5/Information/0/Value/StringWithMarkup/47/String,string,113Agm
/Record/Section/9/Section/5/Information/0/Value/StringWithMarkup/47/Markup/0/Start,number,0
/Record/Section/9/Section/5/Information/0/Value/StringWithMarkup/47/Markup/0/Length,number,3
/Record/Section/9/Section/5/Information/0/Value/StringWithMarkup/47/Markup/0/Type,string,Superscript
/Record/Section/9/Section/5/Information/0/Value/StringWithMarkup/47/Markup/1/Start,number,5
/Record/Section/9/Section/5/Information/0/Value/StringWithMarkup/47/Markup/1/Length,number,1
/Record/Section/9/Section/5/Information/0/Value/StringWithMarkup/47/Markup/1/Type,string,Superscript
/Record/Section/9/Section/5/Information/0/Value/StringWithMarkup/48/String,string,114Ag
/Record/Section/9/Section/5/Information/0/Value/StringWithMarkup/48/Markup/0/Start,number,0
/Record/Section/9/Section/5/Information/0/Value/StringWithMarkup/48/Markup/0/Length,number,3
/Record/Section/9/Section/5/Information/0/Value/StringWithMarkup/48/Markup/0/Type,string,Superscript
/Record/Section/9/Section/5/Information/0/Value/StringWithMarkup/49/String,string,114Agm
/Record/Section/9/Section/5/Information/0/Value/StringWithMarkup/49/Markup/0/Start,number,0
/Record/Section/9/Section/5/Information/0/Value/StringWithMarkup/49/Markup/0/Length,number,3
/Record/Section/9/Section/5/Information/0/Value/StringWithMarkup/49/Markup/0/Type,string,Superscript
/Record/Section/9/Section/5/Information/0/Value/StringWithMarkup/49/Markup/1/Start,number,5
/Record/Section/9/Section/5/Information/0/Value/StringWithMarkup/49/Markup/1/Length,number,1
/Record/Section/9/Section/5/Information/0/Value/StringWithMarkup/49/Markup/1/Type,string,Superscript
/Record/Section/9/Section/5/Information/0/Value/StringWithMarkup/50/String,string,115Ag
/Record/Section/9/Section/5/Information/0/Value/StringWithMarkup/50/Markup/0/Start,number,0
/Record/Section/9/Section/5/Information/0/Value/StringWithMarkup/50/Markup/0/Length,number,3
/Record/Section/9/Section/5/Information/0/Value/StringWithMarkup/50/Markup/0/Type,string,Superscript
/Record/Section/9/Section/5/Information/0/Value/StringWithMarkup/51/String,string,115Agm
/Record/Section/9/Section/5/Information/0/Value/StringWithMarkup/51/Markup/0/Start,number,0
/Record/Section/9/Section/5/Information/0/Value/StringWithMarkup/51/Markup/0/Length,number,3
/Record/Section/9/Section/5/Information/0/Value/StringWithMarkup/51/Markup/0/Type,string,Superscript
/Record/Section/9/Section/5/Information/0/Value/StringWithMarkup/51/Markup/1/Start,number,5
/Record/Section/9/Section/5/Information/0/Value/StringWithMarkup/51/Markup/1/Length,number,1
/Record/Section/9/Section/5/Information/0/Value/StringWithMarkup/51/Markup/1/Type,string,Superscript
/Record/Section/9/Section/5/Information/0/Value/StringWithMarkup/52/String,string,116Ag
/Record/Section/9/Section/5/Information/0/Value/StringWithMarkup/52/Markup/0/Start,number,0
/Record/Section/9/Section/5/Information/0/Value/StringWithMarkup/52/Markup/0/Length,number,3
/Record/Section/9/Section/5/Information/0/Value/StringWithMarkup/52/Markup/0/Type,string,Superscript
/Record/Section/9/Section/5/Information/0/Value/StringWithMarkup/53/String,string,116Agm
/Record/Section/9/Section/5/Information/0/Value/StringWithMarkup/53/Markup/0/Start,number,0
/Record/Section/9/Section/5/Information/0/Value/StringWithMarkup/53/Markup/0/Length,number,3
/Record/Section/9/Section/5/Information/0/Value/StringWithMarkup/53/Markup/0/Type,string,Superscript
/Record/Section/9/Section/5/Information/0/Value/StringWithMarkup/53/Markup/1/Start,number,5
/Record/Section/9/Section/5/Information/0/Value/StringWithMarkup/53/Markup/1/Length,number,1
/Record/Section/9/Section/5/Information/0/Value/StringWithMarkup/53/Markup/1/Type,string,Superscript
/Record/Section/9/Section/5/Information/0/Value/StringWithMarkup/54/String,string,116Agn
/Record/Section/9/Section/5/Information/0/Value/StringWithMarkup/54/Markup/0/Start,number,0
/Record/Section/9/Section/5/Information/0/Value/StringWithMarkup/54/Markup/0/Length,number,3
/Record/Section/9/Section/5/Information/0/Value/StringWithMarkup/54/Markup/0/Type,string,Superscript
/Record/Section/9/Section/5/Information/0/Value/StringWithMarkup/54/Markup/1/Start,number,5
/Record/Section/9/Section/5/Information/0/Value/StringWithMarkup/54/Markup/1/Length,number,1
/Record/Section/9/Section/5/Information/0/Value/StringWithMarkup/54/Markup/1/Type,string,Superscript
/Record/Section/9/Section/5/Information/0/Value/StringWithMarkup/55/String,string,117Ag
/Record/Section/9/Section/5/Information/0/Value/StringWithMarkup/55/Markup/0/Start,number,0
/Record/Section/9/Section/5/Information/0/Value/StringWithMarkup/55/Markup/0/Length,number,3
/Record/Section/9/Section/5/Information/0/Value/StringWithMarkup/55/Markup/0/Type,string,Superscript
/Record/Section/9/Section/5/Information/0/Value/StringWithMarkup/56/String,string,117Agm
/Record/Section/9/Section/5/Information/0/Value/StringWithMarkup/56/Markup/0/Start,number,0
/Record/Section/9/Section/5/Information/0/Value/StringWithMarkup/56/Markup/0/Length,number,3
/Record/Section/9/Section/5/Information/0/Value/StringWithMarkup/56/Markup/0/Type,string,Superscript
/Record/Section/9/Section/5/Information/0/Value/StringWithMarkup/56/Markup/1/Start,number,5
/Record/Section/9/Section/5/Information/0/Value/StringWithMarkup/56/Markup/1/Length,number,1
/Record/Section/9/Section/5/Information/0/Value/StringWithMarkup/56/Markup/1/Type,string,Superscript
/Record/Section/9/Section/5/Information/0/Value/StringWithMarkup/57/String,string,118Ag
/Record/Section/9/Section/5/Information/0/Value/StringWithMarkup/57/Markup/0/Start,number,0
/Record/Section/9/Section/5/Information/0/Value/StringWithMarkup/57/Markup/0/Length,number,3
/Record/Section/9/Section/5/Information/0/Value/StringWithMarkup/57/Markup/0/Type,string,Superscript
/Record/Section/9/Section/5/Information/0/Value/StringWithMarkup/58/String,string,118Agm
/Record/Section/9/Section/5/Information/0/Value/StringWithMarkup/58/Markup/0/Start,number,0
/Record/Section/9/Section/5/Information/0/Value/StringWithMarkup/58/Markup/0/Length,number,3
/Record/Section/9/Section/5/Information/0/Value/StringWithMarkup/58/Markup/0/Type,string,Superscript
/Record/Section/9/Section/5/Information/0/Value/StringWithMarkup/58/Markup/1/Start,number,5
/Record/Section/9/Section/5/Information/0/Value/StringWithMarkup/58/Markup/1/Length,number,1
/Record/Section/9/Section/5/Information/0/Value/StringWithMarkup/58/Markup/1/Type,string,Superscript
/Record/Section/9/Section/5/Information/0/Value/StringWithMarkup/59/String,string,118Agn
/Record/Section/9/Section/5/Information/0/Value/StringWithMarkup/59/Markup/0/Start,number,0
/Record/Section/9/Section/5/Information/0/Value/StringWithMarkup/59/Markup/0/Length,number,3
/Record/Section/9/Section/5/Information/0/Value/StringWithMarkup/59/Markup/0/Type,string,Superscript
/Record/Section/9/Section/5/Information/0/Value/StringWithMarkup/59/Markup/1/Start,number,5
/Record/Section/9/Section/5/Information/0/Value/StringWithMarkup/59/Markup/1/Length,number,1
/Record/Section/9/Section/5/Information/0/Value/StringWithMarkup/59/Markup/1/Type,string,Superscript
/Record/Section/9/Section/5/Information/0/Value/StringWithMarkup/60/String,string,118Agp
/Record/Section/9/Section/5/Information/0/Value/StringWithMarkup/60/Markup/0/Start,number,0
/Record/Section/9/Section/5/Information/0/Value/StringWithMarkup/60/Markup/0/Length,number,3
/Record/Section/9/Section/5/Information/0/Value/StringWithMarkup/60/Markup/0/Type,string,Superscript
/Record/Section/9/Section/5/Information/0/Value/StringWithMarkup/60/Markup/1/Start,number,5
/Record/Section/9/Section/5/Information/0/Value/StringWithMarkup/60/Markup/1/Length,number,1
/Record/Section/9/Section/5/Information/0/Value/StringWithMarkup/60/Markup/1/Type,string,Superscript
/Record/Section/9/Section/5/Information/0/Value/StringWithMarkup/61/String,string,119Ag
/Record/Section/9/Section/5/Information/0/Value/StringWithMarkup/61/Markup/0/Start,number,0
/Record/Section/9/Section/5/Information/0/Value/StringWithMarkup/61/Markup/0/Length,number,3
/Record/Section/9/Section/5/Information/0/Value/StringWithMarkup/61/Markup/0/Type,string,Superscript
/Record/Section/9/Section/5/Information/0/Value/StringWithMarkup/62/String,string,119Agm
/Record/Section/9/Section/5/Information/0/Value/StringWithMarkup/62/Markup/0/Start,number,0
/Record/Section/9/Section/5/Information/0/Value/StringWithMarkup/62/Markup/0/Length,number,3
/Record/Section/9/Section/5/Information/0/Value/StringWithMarkup/62/Markup/0/Type,string,Superscript
/Record/Section/9/Section/5/Information/0/Value/StringWithMarkup/62/Markup/1/Start,number,5
/Record/Section/9/Section/5/Information/0/Value/StringWithMarkup/62/Markup/1/Length,number,1
/Record/Section/9/Section/5/Information/0/Value/StringWithMarkup/62/Markup/1/Type,string,Superscript
/Record/Section/9/Section/5/Information/0/Value/StringWithMarkup/63/String,string,120Ag
/Record/Section/9/Section/5/Information/0/Value/StringWithMarkup/63/Markup/0/Start,number,0
/Record/Section/9/Section/5/Information/0/Value/StringWithMarkup/63/Markup/0/Length,number,3
/Record/Section/9/Section/5/Information/0/Value/StringWithMarkup/63/Markup/0/Type,string,Superscript
/Record/Section/9/Section/5/Information/0/Value/StringWithMarkup/64/String,string,120Agm
/Record/Section/9/Section/5/Information/0/Value/StringWithMarkup/64/Markup/0/Start,number,0
/Record/Section/9/Section/5/Information/0/Value/StringWithMarkup/64/Markup/0/Length,number,3
/Record/Section/9/Section/5/Information/0/Value/StringWithMarkup/64/Markup/0/Type,string,Superscript
/Record/Section/9/Section/5/Information/0/Value/StringWithMarkup/64/Markup/1/Start,number,5
/Record/Section/9/Section/5/Information/0/Value/StringWithMarkup/64/Markup/1/Length,number,1
/Record/Section/9/Section/5/Information/0/Value/StringWithMarkup/64/Markup/1/Type,string,Superscript
/Record/Section/9/Section/5/Information/0/Value/StringWithMarkup/65/String,string,120Agn
/Record/Section/9/Section/5/Information/0/Value/StringWithMarkup/65/Markup/0/Start,number,0
/Record/Section/9/Section/5/Information/0/Value/StringWithMarkup/65/Markup/0/Length,number,3
/Record/Section/9/Section/5/Information/0/Value/StringWithMarkup/65/Markup/0/Type,string,Superscript
/Record/Section/9/Section/5/Information/0/Value/StringWithMarkup/65/Markup/1/Start,number,5
/Record/Section/9/Section/5/Information/0/Value/StringWithMarkup/65/Markup/1/Length,number,1
/Record/Section/9/Section/5/Information/0/Value/StringWithMarkup/65/Markup/1/Type,string,Superscript
/Record/Section/9/Section/5/Information/0/Value/StringWithMarkup/66/String,string,121Ag
/Record/Section/9/Section/5/Information/0/Value/StringWithMarkup/66/Markup/0/Start,number,0
/Record/Section/9/Section/5/Information/0/Value/StringWithMarkup/66/Markup/0/Length,number,3
/Record/Section/9/Section/5/Information/0/Value/StringWithMarkup/66/Markup/0/Type,string,Superscript
/Record/Section/9/Section/5/Information/0/Value/StringWithMarkup/67/String,string,121Agm
/Record/Section/9/Section/5/Information/0/Value/StringWithMarkup/67/Markup/0/Start,number,0
/Record/Section/9/Section/5/Information/0/Value/StringWithMarkup/67/Markup/0/Length,number,3
/Record/Section/9/Section/5/Information/0/Value/StringWithMarkup/67/Markup/0/Type,string,Superscript
/Record/Section/9/Section/5/Information/0/Value/StringWithMarkup/67/Markup/1/Start,number,5
/Record/Section/9/Section/5/Information/0/Value/StringWithMarkup/67/Markup/1/Length,number,1
/Record/Section/9/Section/5/Information/0/Value/StringWithMarkup/67/Markup/1/Type,string,Superscript
/Record/Section/9/Section/5/Information/0/Value/StringWithMarkup/68/String,string,122Ag
/Record/Section/9/Section/5/Information/0/Value/StringWithMarkup/68/Markup/0/Start,number,0
/Record/Section/9/Section/5/Information/0/Value/StringWithMarkup/68/Markup/0/Length,number,3
/Record/Section/9/Section/5/Information/0/Value/StringWithMarkup/68/Markup/0/Type,string,Superscript
/Record/Section/9/Section/5/Information/0/Value/StringWithMarkup/69/String,string,122Agm
/Record/Section/9/Section/5/Information/0/Value/StringWithMarkup/69/Markup/0/Start,number,0
/Record/Section/9/Section/5/Information/0/Value/StringWithMarkup/69/Markup/0/Length,number,3
/Record/Section/9/Section/5/Information/0/Value/StringWithMarkup/69/Markup/0/Type,string,Superscript
/Record/Section/9/Section/5/Information/0/Value/StringWithMarkup/69/Markup/1/Start,number,5
/Record/Section/9/Section/5/Information/0/Value/StringWithMarkup/69/Markup/1/Length,number,1
/Record/Section/9/Section/5/Information/0/Value/StringWithMarkup/69/Markup/1/Type,string,Superscript
/Record/Section/9/Section/5/Information/0/Value/StringWithMarkup/70/String,string,122Agn
/Record/Section/9/Section/5/Information/0/Value/StringWithMarkup/70/Markup/0/Start,number,0
/Record/Section/9/Section/5/Information/0/Value/StringWithMarkup/70/Markup/0/Length,number,3
/Record/Section/9/Section/5/Information/0/Value/StringWithMarkup/70/Markup/0/Type,string,Superscript
/Record/Section/9/Section/5/Information/0/Value/StringWithMarkup/70/Markup/1/Start,number,5
/Record/Section/9/Section/5/Information/0/Value/StringWithMarkup/70/Markup/1/Length,number,1
/Record/Section/9/Section/5/Information/0/Value/StringWithMarkup/70/Markup/1/Type,string,Superscript
/Record/Section/9/Section/5/Information/0/Value/StringWithMarkup/71/String,string,122Agp
/Record/Section/9/Section/5/Information/0/Value/StringWithMarkup/71/Markup/0/Start,number,0
/Record/Section/9/Section/5/Information/0/Value/StringWithMarkup/71/Markup/0/Length,number,3
/Record/Section/9/Section/5/Information/0/Value/StringWithMarkup/71/Markup/0/Type,string,Superscript
/Record/Section/9/Section/5/Information/0/Value/StringWithMarkup/71/Markup/1/Start,number,5
/Record/Section/9/Section/5/Information/0/Value/StringWithMarkup/71/Markup/1/Length,number,1
/Record/Section/9/Section/5/Information/0/Value/StringWithMarkup/71/Markup/1/Type,string,Superscript
/Record/Section/9/Section/5/Information/0/Value/StringWithMarkup/72/String,string,123Ag
/Record/Section/9/Section/5/Information/0/Value/StringWithMarkup/72/Markup/0/Start,number,0
/Record/Section/9/Section/5/Information/0/Value/StringWithMarkup/72/Markup/0/Length,number,3
/Record/Section/9/Section/5/Information/0/Value/StringWithMarkup/72/Markup/0/Type,string,Superscript
/Record/Section/9/Section/5/Information/0/Value/StringWithMarkup/73/String,string,123Agm
/Record/Section/9/Section/5/Information/0/Value/StringWithMarkup/73/Markup/0/Start,number,0
/Record/Section/9/Section/5/Information/0/Value/StringWithMarkup/73/Markup/0/Length,number,3
/Record/Section/9/Section/5/Information/0/Value/StringWithMarkup/73/Markup/0/Type,string,Superscript
/Record/Section/9/Section/5/Information/0/Value/StringWithMarkup/73/Markup/1/Start,number,5
/Record/Section/9/Section/5/Information/0/Value/StringWithMarkup/73/Markup/1/Length,number,1
/Record/Section/9/Section/5/Information/0/Value/StringWithMarkup/73/Markup/1/Type,string,Superscript
/Record/Section/9/Section/5/Information/0/Value/StringWithMarkup/74/String,string,123Agn
/Record/Section/9/Section/5/Information/0/Value/StringWithMarkup/74/Markup/0/Start,number,0
/Record/Section/9/Section/5/Information/0/Value/StringWithMarkup/74/Markup/0/Length,number,3
/Record/Section/9/Section/5/Information/0/Value/StringWithMarkup/74/Markup/0/Type,string,Superscript
/Record/Section/9/Section/5/Information/0/Value/StringWithMarkup/74/Markup/1/Start,number,5
/Record/Section/9/Section/5/Information/0/Value/StringWithMarkup/74/Markup/1/Length,number,1
/Record/Section/9/Section/5/Information/0/Value/StringWithMarkup/74/Markup/1/Type,string,Superscript
/Record/Section/9/Section/5/Information/0/Value/StringWithMarkup/75/String,string,123Agp
/Record/Section/9/Section/5/Information/0/Value/StringWithMarkup/75/Markup/0/Start,number,0
/Record/Section/9/Section/5/Information/0/Value/StringWithMarkup/75/Markup/0/Length,number,3
/Record/Section/9/Section/5/Information/0/Value/StringWithMarkup/75/Markup/0/Type,string,Superscript
/Record/Section/9/Section/5/Information/0/Value/StringWithMarkup/75/Markup/1/Start,number,5
/Record/Section/9/Section/5/Information/0/Value/StringWithMarkup/75/Markup/1/Length,number,1
/Record/Section/9/Section/5/Information/0/Value/StringWithMarkup/75/Markup/1/Type,string,Superscript
/Record/Section/9/Section/5/Information/0/Value/StringWithMarkup/76/String,string,124Ag
/Record/Section/9/Section/5/Information/0/Value/StringWithMarkup/76/Markup/0/Start,number,0
/Record/Section/9/Section/5/Information/0/Value/StringWithMarkup/76/Markup/0/Length,number,3
/Record/Section/9/Section/5/Information/0/Value/StringWithMarkup/76/Markup/0/Type,string,Superscript
/Record/Section/9/Section/5/Information/0/Value/StringWithMarkup/77/String,string,124Agm
/Record/Section/9/Section/5/Information/0/Value/StringWithMarkup/77/Markup/0/Start,number,0
/Record/Section/9/Section/5/Information/0/Value/StringWithMarkup/77/Markup/0/Length,number,3
/Record/Section/9/Section/5/Information/0/Value/StringWithMarkup/77/Markup/0/Type,string,Superscript
/Record/Section/9/Section/5/Information/0/Value/StringWithMarkup/77/Markup/1/Start,number,5
/Record/Section/9/Section/5/Information/0/Value/StringWithMarkup/77/Markup/1/Length,number,1
/Record/Section/9/Section/5/Information/0/Value/StringWithMarkup/77/Markup/1/Type,string,Superscript
/Record/Section/9/Section/5/Information/0/Value/StringWithMarkup/78/String,string,124Agn
/Record/Section/9/Section/5/Information/0/Value/StringWithMarkup/78/Markup/0/Start,number,0
/Record/Section/9/Section/5/Information/0/Value/StringWithMarkup/78/Markup/0/Length,number,3
/Record/Section/9/Section/5/Information/0/Value/StringWithMarkup/78/Markup/0/Type,string,Superscript
/Record/Section/9/Section/5/Information/0/Value/StringWithMarkup/78/Markup/1/Start,number,5
/Record/Section/9/Section/5/Information/0/Value/StringWithMarkup/78/Markup/1/Length,number,1
/Record/Section/9/Section/5/Information/0/Value/StringWithMarkup/78/Markup/1/Type,string,Superscript
/Record/Section/9/Section/5/Information/0/Value/StringWithMarkup/79/String,string,124Agp
/Record/Section/9/Section/5/Information/0/Value/StringWithMarkup/79/Markup/0/Start,number,0
/Record/Section/9/Section/5/Information/0/Value/StringWithMarkup/79/Markup/0/Length,number,3
/Record/Section/9/Section/5/Information/0/Value/StringWithMarkup/79/Markup/0/Type,string,Superscript
/Record/Section/9/Section/5/Information/0/Value/StringWithMarkup/79/Markup/1/Start,number,5
/Record/Section/9/Section/5/Information/0/Value/StringWithMarkup/79/Markup/1/Length,number,1
/Record/Section/9/Section/5/Information/0/Value/StringWithMarkup/79/Markup/1/Type,string,Superscript
/Record/Section/9/Section/5/Information/0/Value/StringWithMarkup/80/String,string,125Ag
/Record/Section/9/Section/5/Information/0/Value/StringWithMarkup/80/Markup/0/Start,number,0
/Record/Section/9/Section/5/Information/0/Value/StringWithMarkup/80/Markup/0/Length,number,3
/Record/Section/9/Section/5/Information/0/Value/StringWithMarkup/80/Markup/0/Type,string,Superscript
/Record/Section/9/Section/5/Information/0/Value/StringWithMarkup/81/String,string,125Agm
/Record/Section/9/Section/5/Information/0/Value/StringWithMarkup/81/Markup/0/Start,number,0
/Record/Section/9/Section/5/Information/0/Value/StringWithMarkup/81/Markup/0/Length,number,3
/Record/Section/9/Section/5/Information/0/Value/StringWithMarkup/81/Markup/0/Type,string,Superscript
/Record/Section/9/Section/5/Information/0/Value/StringWithMarkup/81/Markup/1/Start,number,5
/Record/Section/9/Section/5/Information/0/Value/StringWithMarkup/81/Markup/1/Length,number,1
/Record/Section/9/Section/5/Information/0/Value/StringWithMarkup/81/Markup/1/Type,string,Superscript
/Record/Section/9/Section/5/Information/0/Value/StringWithMarkup/82/String,string,125Agn
/Record/Section/9/Section/5/Information/0/Value/StringWithMarkup/82/Markup/0/Start,number,0
/Record/Section/9/Section/5/Information/0/Value/StringWithMarkup/82/Markup/0/Length,number,3
/Record/Section/9/Section/5/Information/0/Value/StringWithMarkup/82/Markup/0/Type,string,Superscript
/Record/Section/9/Section/5/Information/0/Value/StringWithMarkup/82/Markup/1/Start,number,5
/Record/Section/9/Section/5/Information/0/Value/StringWithMarkup/82/Markup/1/Length,number,1
/Record/Section/9/Section/5/Information/0/Value/StringWithMarkup/82/Markup/1/Type,string,Superscript
/Record/Section/9/Section/5/Information/0/Value/StringWithMarkup/83/String,string,126Ag
/Record/Section/9/Section/5/Information/0/Value/StringWithMarkup/83/Markup/0/Start,number,0
/Record/Section/9/Section/5/Information/0/Value/StringWithMarkup/83/Markup/0/Length,number,3
/Record/Section/9/Section/5/Information/0/Value/StringWithMarkup/83/Markup/0/Type,string,Superscript
/Record/Section/9/Section/5/Information/0/Value/StringWithMarkup/84/String,string,126Agm
/Record/Section/9/Section/5/Information/0/Value/StringWithMarkup/84/Markup/0/Start,number,0
/Record/Section/9/Section/5/Information/0/Value/StringWithMarkup/84/Markup/0/Length,number,3
/Record/Section/9/Section/5/Information/0/Value/StringWithMarkup/84/Markup/0/Type,string,Superscript
/Record/Section/9/Section/5/Information/0/Value/StringWithMarkup/84/Markup/1/Start,number,5
/Record/Section/9/Section/5/Information/0/Value/StringWithMarkup/84/Markup/1/Length,number,1
/Record/Section/9/Section/5/Information/0/Value/StringWithMarkup/84/Markup/1/Type,string,Superscript
/Record/Section/9/Section/5/Information/0/Value/StringWithMarkup/85/String,string,126Agn
/Record/Section/9/Section/5/Information/0/Value/StringWithMarkup/85/Markup/0/Start,number,0
/Record/Section/9/Section/5/Information/0/Value/StringWithMarkup/85/Markup/0/Length,number,3
/Record/Section/9/Section/5/Information/0/Value/StringWithMarkup/85/Markup/0/Type,string,Superscript
/Record/Section/9/Section/5/Information/0/Value/StringWithMarkup/85/Markup/1/Start,number,5
/Record/Section/9/Section/5/Information/0/Value/StringWithMarkup/85/Markup/1/Length,number,1
/Record/Section/9/Section/5/Information/0/Value/StringWithMarkup/85/Markup/1/Type,string,Superscript
/Record/Section/9/Section/5/Information/0/Value/StringWithMarkup/86/String,string,127Ag
/Record/Section/9/Section/5/Information/0/Value/StringWithMarkup/86/Markup/0/Start,number,0
/Record/Section/9/Section/5/Information/0/Value/StringWithMarkup/86/Markup/0/Length,number,3
/Record/Section/9/Section/5/Information/0/Value/StringWithMarkup/86/Markup/0/Type,string,Superscript
/Record/Section/9/Section/5/Information/0/Value/StringWithMarkup/87/String,string,127Agm
/Record/Section/9/Section/5/Information/0/Value/StringWithMarkup/87/Markup/0/Start,number,0
/Record/Section/9/Section/5/Information/0/Value/StringWithMarkup/87/Markup/0/Length,number,3
/Record/Section/9/Section/5/Information/0/Value/StringWithMarkup/87/Markup/0/Type,string,Superscript
/Record/Section/9/Section/5/Information/0/Value/StringWithMarkup/87/Markup/1/Start,number,5
/Record/Section/9/Section/5/Information/0/Value/StringWithMarkup/87/Markup/1/Length,number,1
/Record/Section/9/Section/5/Information/0/Value/StringWithMarkup/87/Markup/1/Type,string,Superscript
/Record/Section/9/Section/5/Information/0/Value/StringWithMarkup/88/String,string,127Agn
/Record/Section/9/Section/5/Information/0/Value/StringWithMarkup/88/Markup/0/Start,number,0
/Record/Section/9/Section/5/Information/0/Value/StringWithMarkup/88/Markup/0/Length,number,3
/Record/Section/9/Section/5/Information/0/Value/StringWithMarkup/88/Markup/0/Type,string,Superscript
/Record/Section/9/Section/5/Information/0/Value/StringWithMarkup/88/Markup/1/Start,number,5
/Record/Section/9/Section/5/Information/0/Value/StringWithMarkup/88/Markup/1/Length,number,1
/Record/Section/9/Section/5/Information/0/Value/StringWithMarkup/88/Markup/1/Type,string,Superscript
/Record/Section/9/Section/5/Information/0/Value/StringWithMarkup/89/String,string,128Ag
/Record/Section/9/Section/5/Information/0/Value/StringWithMarkup/89/Markup/0/Start,number,0
/Record/Section/9/Section/5/Information/0/Value/StringWithMarkup/89/Markup/0/Length,number,3
/Record/Section/9/Section/5/Information/0/Value/StringWithMarkup/89/Markup/0/Type,string,Superscript
/Record/Section/9/Section/5/Information/0/Value/StringWithMarkup/90/String,string,129Ag
/Record/Section/9/Section/5/Information/0/Value/StringWithMarkup/90/Markup/0/Start,number,0
/Record/Section/9/Section/5/Information/0/Value/StringWithMarkup/90/Markup/0/Length,number,3
/Record/Section/9/Section/5/Information/0/Value/StringWithMarkup/90/Markup/0/Type,string,Superscript
/Record/Section/9/Section/5/Information/0/Value/StringWithMarkup/91/String,string,129Agm
/Record/Section/9/Section/5/Information/0/Value/StringWithMarkup/91/Markup/0/Start,number,0
/Record/Section/9/Section/5/Information/0/Value/StringWithMarkup/91/Markup/0/Length,number,3
/Record/Section/9/Section/5/Information/0/Value/StringWithMarkup/91/Markup/0/Type,string,Superscript
/Record/Section/9/Section/5/Information/0/Value/StringWithMarkup/91/Markup/1/Start,number,5
/Record/Section/9/Section/5/Information/0/Value/StringWithMarkup/91/Markup/1/Length,number,1
/Record/Section/9/Section/5/Information/0/Value/StringWithMarkup/91/Markup/1/Type,string,Superscript
/Record/Section/9/Section/5/Information/0/Value/StringWithMarkup/92/String,string,130Ag
/Record/Section/9/Section/5/Information/0/Value/StringWithMarkup/92/Markup/0/Start,number,0
/Record/Section/9/Section/5/Information/0/Value/StringWithMarkup/92/Markup/0/Length,number,3
/Record/Section/9/Section/5/Information/0/Value/StringWithMarkup/92/Markup/0/Type,string,Superscript
/Record/Section/9/Section/5/Information/0/Value/StringWithMarkup/93/String,string,131Ag
/Record/Section/9/Section/5/Information/0/Value/StringWithMarkup/93/Markup/0/Start,number,0
/Record/Section/9/Section/5/Information/0/Value/StringWithMarkup/93/Markup/0/Length,number,3
/Record/Section/9/Section/5/Information/0/Value/StringWithMarkup/93/Markup/0/Type,string,Superscript
/Record/Section/9/Section/5/Information/0/Value/StringWithMarkup/94/String,string,132Ag
/Record/Section/9/Section/5/Information/0/Value/StringWithMarkup/94/Markup/0/Start,number,0
/Record/Section/9/Section/5/Information/0/Value/StringWithMarkup/94/Markup/0/Length,number,3
/Record/Section/9/Section/5/Information/0/Value/StringWithMarkup/94/Markup/0/Type,string,Superscript
/Record/Section/9/Section/5/Information/0/Value/StringWithMarkup/95/String,string,133Ag
/Record/Section/9/Section/5/Information/0/Value/StringWithMarkup/95/Markup/0/Start,number,0
/Record/Section/9/Section/5/Information/0/Value/StringWithMarkup/95/Markup/0/Length,number,3
/Record/Section/9/Section/5/Information/0/Value/StringWithMarkup/95/Markup/0/Type,string,Superscript
/Record/Section/9/Section/5/Information/1/ReferenceNumber,number,2
/Record/Section/9/Section/5/Information/1/Name,string,Atomic Mass and Uncertainty [u]
/Record/Section/9/Section/5/Information/1/Value/StringWithMarkup/0/String,string,91.959710 ± 0.000429 [Estimated]
/Record/Section/9/Section/5/Information/1/Value/StringWithMarkup/1/String,string,92.950188 ± 0.00043 [Estimated]
/Record/Section/9/Section/5/Information/1/Value/StringWithMarkup/2/String,string,93.943744 ± 0.000429 [Estimated]
/Record/Section/9/Section/5/Information/1/Value/StringWithMarkup/3/String,string,93.943744 ± 0.000429 [Estimated]
/Record/Section/9/Section/5/Information/1/Value/StringWithMarkup/4/String,string,93.943744 ± 0.000429 [Estimated]
/Record/Section/9/Section/5/Information/1/Value/StringWithMarkup/5/String,string,94.935688 ± 0.000429 [Estimated]
/Record/Section/9/Section/5/Information/1/Value/StringWithMarkup/6/String,string,94.935688 ± 0.000429 [Estimated]
/Record/Section/9/Section/5/Information/1/Value/StringWithMarkup/7/String,string,94.935688 ± 0.000429 [Estimated]
/Record/Section/9/Section/5/Information/1/Value/StringWithMarkup/8/String,string,94.935688 ± 0.000429 [Estimated]
/Record/Section/9/Section/5/Information/1/Value/StringWithMarkup/9/String,string,95.930743903 ± 0.000096708
/Record/Section/9/Section/5/Information/1/Value/StringWithMarkup/10/String,string,95.930743903 ± 0.000096708
/Record/Section/9/Section/5/Information/1/Value/StringWithMarkup/11/String,string,95.930743903 ± 0.000096708
/Record/Section/9/Section/5/Information/1/Value/StringWithMarkup/12/String,string,95.930743903 ± 0.000096708
/Record/Section/9/Section/5/Information/1/Value/StringWithMarkup/13/String,string,95.930743903 ± 0.000096708
/Record/Section/9/Section/5/Information/1/Value/StringWithMarkup/14/String,string,96.923881400 ± 0.0000129
/Record/Section/9/Section/5/Information/1/Value/StringWithMarkup/15/String,string,96.923881400 ± 0.0000129
/Record/Section/9/Section/5/Information/1/Value/StringWithMarkup/16/String,string,97.921559970 ± 0.000035327
/Record/Section/9/Section/5/Information/1/Value/StringWithMarkup/17/String,string,97.921559970 ± 0.000035327
/Record/Section/9/Section/5/Information/1/Value/StringWithMarkup/18/String,string,98.917645766 ± 0.000006725
/Record/Section/9/Section/5/Information/1/Value/StringWithMarkup/19/String,string,98.917645766 ± 0.000006725
/Record/Section/9/Section/5/Information/1/Value/StringWithMarkup/20/String,string,99.916115443 ± 0.000005367
/Record/Section/9/Section/5/Information/1/Value/StringWithMarkup/21/String,string,99.916115443 ± 0.000005367
/Record/Section/9/Section/5/Information/1/Value/StringWithMarkup/22/String,string,100.912683951 ± 0.000005193
/Record/Section/9/Section/5/Information/1/Value/StringWithMarkup/23/String,string,100.912683951 ± 0.000005193
/Record/Section/9/Section/5/Information/1/Value/StringWithMarkup/24/String,string,101.911704538 ± 0.000008771
/Record/Section/9/Section/5/Information/1/Value/StringWithMarkup/25/String,string,101.911704538 ± 0.000008771
/Record/Section/9/Section/5/Information/1/Value/StringWithMarkup/26/String,string,102.908960558 ± 0.0000044
/Record/Section/9/Section/5/Information/1/Value/StringWithMarkup/27/String,string,102.908960558 ± 0.0000044
/Record/Section/9/Section/5/Information/1/Value/StringWithMarkup/28/String,string,103.908623715 ± 0.000004527
/Record/Section/9/Section/5/Information/1/Value/StringWithMarkup/29/String,string,103.908623715 ± 0.000004527
/Record/Section/9/Section/5/Information/1/Value/StringWithMarkup/30/String,string,104.906525604 ± 0.000004877
/Record/Section/9/Section/5/Information/1/Value/StringWithMarkup/31/String,string,104.906525604 ± 0.000004877
/Record/Section/9/Section/5/Information/1/Value/StringWithMarkup/32/String,string,105.906663499 ± 0.000003237
/Record/Section/9/Section/5/Information/1/Value/StringWithMarkup/33/String,string,105.906663499 ± 0.000003237
/Record/Section/9/Section/5/Information/1/Value/StringWithMarkup/34/String,string,106.905091509 ± 0.000002556
/Record/Section/9/Section/5/Information/1/Value/StringWithMarkup/35/String,string,106.905091509 ± 0.000002556
/Record/Section/9/Section/5/Information/1/Value/StringWithMarkup/36/String,string,107.905950245 ± 0.000002563
/Record/Section/9/Section/5/Information/1/Value/StringWithMarkup/37/String,string,107.905950245 ± 0.000002563
/Record/Section/9/Section/5/Information/1/Value/StringWithMarkup/38/String,string,108.904755778 ± 0.000001381
/Record/Section/9/Section/5/Information/1/Value/StringWithMarkup/39/String,string,108.904755778 ± 0.000001381
/Record/Section/9/Section/5/Information/1/Value/StringWithMarkup/40/String,string,109.906110724 ± 0.00000138
/Record/Section/9/Section/5/Information/1/Value/StringWithMarkup/41/String,string,109.906110724 ± 0.00000138
/Record/Section/9/Section/5/Information/1/Value/StringWithMarkup/42/String,string,109.906110724 ± 0.00000138
/Record/Section/9/Section/5/Information/1/Value/StringWithMarkup/43/String,string,110.905296827 ± 0.000001565
/Record/Section/9/Section/5/Information/1/Value/StringWithMarkup/44/String,string,110.905296827 ± 0.000001565
/Record/Section/9/Section/5/Information/1/Value/StringWithMarkup/45/String,string,111.907048548 ± 0.0000026
/Record/Section/9/Section/5/Information/1/Value/StringWithMarkup/46/String,string,112.906572865 ± 0.000017866
/Record/Section/9/Section/5/Information/1/Value/StringWithMarkup/47/String,string,112.906572865 ± 0.000017866
/Record/Section/9/Section/5/Information/1/Value/StringWithMarkup/48/String,string,113.908823029 ± 0.0000049
/Record/Section/9/Section/5/Information/1/Value/StringWithMarkup/49/String,string,113.908823029 ± 0.0000049
/Record/Section/9/Section/5/Information/1/Value/StringWithMarkup/50/String,string,114.908767445 ± 0.000019611
/Record/Section/9/Section/5/Information/1/Value/StringWithMarkup/51/String,string,114.908767445 ± 0.000019611
/Record/Section/9/Section/5/Information/1/Value/StringWithMarkup/52/String,string,115.911386809 ± 0.0000035
/Record/Section/9/Section/5/Information/1/Value/StringWithMarkup/53/String,string,115.911386809 ± 0.0000035
/Record/Section/9/Section/5/Information/1/Value/StringWithMarkup/54/String,string,115.911386809 ± 0.0000035
/Record/Section/9/Section/5/Information/1/Value/StringWithMarkup/55/String,string,116.911774086 ± 0.00001457
/Record/Section/9/Section/5/Information/1/Value/StringWithMarkup/56/String,string,116.911774086 ± 0.00001457
/Record/Section/9/Section/5/Information/1/Value/StringWithMarkup/57/String,string,117.914595484 ± 0.0000027
/Record/Section/9/Section/5/Information/1/Value/StringWithMarkup/58/String,string,117.914595484 ± 0.0000027
/Record/Section/9/Section/5/Information/1/Value/StringWithMarkup/59/String,string,117.914595484 ± 0.0000027
/Record/Section/9/Section/5/Information/1/Value/StringWithMarkup/60/String,string,117.914595484 ± 0.0000027
/Record/Section/9/Section/5/Information/1/Value/StringWithMarkup/61/String,string,118.915570309 ± 0.000015783
/Record/Section/9/Section/5/Information/1/Value/StringWithMarkup/62/String,string,118.915570309 ± 0.000015783
/Record/Section/9/Section/5/Information/1/Value/StringWithMarkup/63/String,string,119.918784765 ± 0.0000048
/Record/Section/9/Section/5/Information/1/Value/StringWithMarkup/64/String,string,119.918784765 ± 0.0000048
/Record/Section/9/Section/5/Information/1/Value/StringWithMarkup/65/String,string,119.918784765 ± 0.0000048
/Record/Section/9/Section/5/Information/1/Value/StringWithMarkup/66/String,string,120.920125279 ± 0.000013
/Record/Section/9/Section/5/Information/1/Value/StringWithMarkup/67/String,string,120.920125279 ± 0.000013
/Record/Section/9/Section/5/Information/1/Value/StringWithMarkup/68/String,string,121.923664446 ± 0.000041
/Record/Section/9/Section/5/Information/1/Value/StringWithMarkup/69/String,string,121.923664446 ± 0.000041
/Record/Section/9/Section/5/Information/1/Value/StringWithMarkup/70/String,string,121.923664446 ± 0.000041
/Record/Section/9/Section/5/Information/1/Value/StringWithMarkup/71/String,string,121.923664446 ± 0.000041
/Record/Section/9/Section/5/Information/1/Value/StringWithMarkup/72/String,string,122.925315060 ± 0.000035
/Record/Section/9/Section/5/Information/1/Value/StringWithMarkup/73/String,string,122.925315060 ± 0.000035
/Record/Section/9/Section/5/Information/1/Value/StringWithMarkup/74/String,string,122.925315060 ± 0.000035
/Record/Section/9/Section/5/Information/1/Value/StringWithMarkup/75/String,string,122.925315060 ± 0.000035
/Record/Section/9/Section/5/Information/1/Value/StringWithMarkup/76/String,string,123.928899227 ± 0.00027
/Record/Section/9/Section/5/Information/1/Value/StringWithMarkup/77/String,string,123.928899227 ± 0.00027
/Record/Section/9/Section/5/Information/1/Value/StringWithMarkup/78/String,string,123.928899227 ± 0.00027
/Record/Section/9/Section/5/Information/1/Value/StringWithMarkup/79/String,string,123.928899227 ± 0.00027
/Record/Section/9/Section/5/Information/1/Value/StringWithMarkup/80/String,string,124.930735000 ± 0.000465
/Record/Section/9/Section/5/Information/1/Value/StringWithMarkup/81/String,string,124.930735000 ± 0.000465
/Record/Section/9/Section/5/Information/1/Value/StringWithMarkup/82/String,string,124.930735000 ± 0.000465
/Record/Section/9/Section/5/Information/1/Value/StringWithMarkup/83/String,string,125.934814 ± 0.000215 [Estimated]
/Record/Section/9/Section/5/Information/1/Value/StringWithMarkup/84/String,string,125.934814 ± 0.000215 [Estimated]
/Record/Section/9/Section/5/Information/1/Value/StringWithMarkup/85/String,string,125.934814 ± 0.000215 [Estimated]
/Record/Section/9/Section/5/Information/1/Value/StringWithMarkup/86/String,string,126.937037 ± 0.000215 [Estimated]
/Record/Section/9/Section/5/Information/1/Value/StringWithMarkup/87/String,string,126.937037 ± 0.000215 [Estimated]
/Record/Section/9/Section/5/Information/1/Value/StringWithMarkup/88/String,string,126.937037 ± 0.000215 [Estimated]
/Record/Section/9/Section/5/Information/1/Value/StringWithMarkup/89/String,string,127.941266 ± 0.000322 [Estimated]
/Record/Section/9/Section/5/Information/1/Value/StringWithMarkup/90/String,string,128.944315 ± 0.000429 [Estimated]
/Record/Section/9/Section/5/Information/1/Value/StringWithMarkup/91/String,string,128.944315 ± 0.000429 [Estimated]
/Record/Section/9/Section/5/Information/1/Value/StringWithMarkup/92/String,string,129.950727 ± 0.000455 [Estimated]
/Record/Section/9/Section/5/Information/1/Value/StringWithMarkup/93/String,string,130.956253 ± 0.000537 [Estimated]
/Record/Section/9/Section/5/Information/1/Value/StringWithMarkup/94/String,string,131.963070 ± 0.000537 [Estimated]
/Record/Section/9/Section/5/Information/1/Value/StringWithMarkup/95/String,string,132.968781 ± 0.000537 [Estimated]
/Record/Section/9/Section/5/Information/2/ReferenceNumber,number,2
/Record/Section/9/Section/5/Information/2/Name,string,Half Life and Uncertainty
/Record/Section/9/Section/5/Information/2/Value/StringWithMarkup/0/String,string,1 ms >400ns [Estimated]
/Record/Section/9/Section/5/Information/2/Value/StringWithMarkup/1/String,string,228 ns ± 16
/Record/Section/9/Section/5/Information/2/Value/StringWithMarkup/2/String,string,27 ms ± 2
/Record/Section/9/Section/5/Information/2/Value/StringWithMarkup/3/String,string,470 ms ± 10
/Record/Section/9/Section/5/Information/2/Value/StringWithMarkup/4/String,string,400 ms ± 40
/Record/Section/9/Section/5/Information/2/Value/StringWithMarkup/5/String,string,1.78 s ± 0.06
/Record/Section/9/Section/5/Information/2/Value/StringWithMarkup/6/String,string,<500 ms
/Record/Section/9/Section/5/Information/2/Value/StringWithMarkup/7/String,string,<16 ms
/Record/Section/9/Section/5/Information/2/Value/StringWithMarkup/8/String,string,<40 ms
/Record/Section/9/Section/5/Information/2/Value/StringWithMarkup/9/String,string,4.45 s ± 0.03
/Record/Section/9/Section/5/Information/2/Value/StringWithMarkup/10/String,string,6.9 s ± 0.5
/Record/Section/9/Section/5/Information/2/Value/StringWithMarkup/11/String,string,103.2 us ± 4.5
/Record/Section/9/Section/5/Information/2/Value/StringWithMarkup/12/String,string,1.561 us ± 0.016
/Record/Section/9/Section/5/Information/2/Value/StringWithMarkup/13/String,string,132 ns ± 17
/Record/Section/9/Section/5/Information/2/Value/StringWithMarkup/14/String,string,25.5 s ± 0.3
/Record/Section/9/Section/5/Information/2/Value/StringWithMarkup/15/String,string,100 ms [Estimated]
/Record/Section/9/Section/5/Information/2/Value/StringWithMarkup/16/String,string,47.5 s ± 0.3
/Record/Section/9/Section/5/Information/2/Value/StringWithMarkup/17/String,string,161 ns ± 7
/Record/Section/9/Section/5/Information/2/Value/StringWithMarkup/18/String,string,2.07 m ± 0.05
/Record/Section/9/Section/5/Information/2/Value/StringWithMarkup/19/String,string,10.5 s ± 0.5
/Record/Section/9/Section/5/Information/2/Value/StringWithMarkup/20/String,string,2.01 m ± 0.09
/Record/Section/9/Section/5/Information/2/Value/StringWithMarkup/21/String,string,2.24 m ± 0.13
/Record/Section/9/Section/5/Information/2/Value/StringWithMarkup/22/String,string,11.1 m ± 0.3
/Record/Section/9/Section/5/Information/2/Value/StringWithMarkup/23/String,string,3.10 s ± 0.10
/Record/Section/9/Section/5/Information/2/Value/StringWithMarkup/24/String,string,12.9 m ± 0.3
/Record/Section/9/Section/5/Information/2/Value/StringWithMarkup/25/String,string,7.7 m ± 0.5
/Record/Section/9/Section/5/Information/2/Value/StringWithMarkup/26/String,string,65.7 m ± 0.7
/Record/Section/9/Section/5/Information/2/Value/StringWithMarkup/27/String,string,5.7 s ± 0.3
/Record/Section/9/Section/5/Information/2/Value/StringWithMarkup/28/String,string,69.2 m ± 1.0
/Record/Section/9/Section/5/Information/2/Value/StringWithMarkup/29/String,string,33.5 m ± 2.0
/Record/Section/9/Section/5/Information/2/Value/StringWithMarkup/30/String,string,41.29 d ± 0.07
/Record/Section/9/Section/5/Information/2/Value/StringWithMarkup/31/String,string,7.23 m ± 0.16
/Record/Section/9/Section/5/Information/2/Value/StringWithMarkup/32/String,string,23.96 m ± 0.04
/Record/Section/9/Section/5/Information/2/Value/StringWithMarkup/33/String,string,8.28 d ± 0.02
/Record/Section/9/Section/5/Information/2/Value/StringWithMarkup/34/String,string,Stable
/Record/Section/9/Section/5/Information/2/Value/StringWithMarkup/35/String,string,44.3 s ± 0.2
/Record/Section/9/Section/5/Information/2/Value/StringWithMarkup/36/String,string,2.382 m ± 0.011
/Record/Section/9/Section/5/Information/2/Value/StringWithMarkup/37/String,string,439 y ± 9
/Record/Section/9/Section/5/Information/2/Value/StringWithMarkup/38/String,string,Stable
/Record/Section/9/Section/5/Information/2/Value/StringWithMarkup/39/String,string,39.79 s ± 0.21
/Record/Section/9/Section/5/Information/2/Value/StringWithMarkup/40/String,string,24.56 s ± 0.11
/Record/Section/9/Section/5/Information/2/Value/StringWithMarkup/41/String,string,660 ns ± 40
/Record/Section/9/Section/5/Information/2/Value/StringWithMarkup/42/String,string,249.863 d ± 0.024
/Record/Section/9/Section/5/Information/2/Value/StringWithMarkup/43/String,string,7.433 d ± 0.010
/Record/Section/9/Section/5/Information/2/Value/StringWithMarkup/44/String,string,64.8 s ± 0.8
/Record/Section/9/Section/5/Information/2/Value/StringWithMarkup/45/String,string,3.130 h ± 0.008
/Record/Section/9/Section/5/Information/2/Value/StringWithMarkup/46/String,string,5.37 h ± 0.05
/Record/Section/9/Section/5/Information/2/Value/StringWithMarkup/47/String,string,68.7 s ± 1.6
/Record/Section/9/Section/5/Information/2/Value/StringWithMarkup/48/String,string,4.6 s ± 0.1
/Record/Section/9/Section/5/Information/2/Value/StringWithMarkup/49/String,string,1.50 ms ± 0.05
/Record/Section/9/Section/5/Information/2/Value/StringWithMarkup/50/String,string,20.0 m ± 0.5
/Record/Section/9/Section/5/Information/2/Value/StringWithMarkup/51/String,string,18.0 s ± 0.7
/Record/Section/9/Section/5/Information/2/Value/StringWithMarkup/52/String,string,3.83 m ± 0.08
/Record/Section/9/Section/5/Information/2/Value/StringWithMarkup/53/String,string,20 s ± 1
/Record/Section/9/Section/5/Information/2/Value/StringWithMarkup/54/String,string,9.3 s ± 0.3
/Record/Section/9/Section/5/Information/2/Value/StringWithMarkup/55/String,string,73.6 s ± 1.4
/Record/Section/9/Section/5/Information/2/Value/StringWithMarkup/56/String,string,5.34 s ± 0.05
/Record/Section/9/Section/5/Information/2/Value/StringWithMarkup/57/String,string,3.76 s ± 0.15
/Record/Section/9/Section/5/Information/2/Value/StringWithMarkup/58/String,string,~0.1 us
/Record/Section/9/Section/5/Information/2/Value/StringWithMarkup/59/String,string,2.0 s ± 0.2
/Record/Section/9/Section/5/Information/2/Value/StringWithMarkup/60/String,string,~0.1 us
/Record/Section/9/Section/5/Information/2/Value/StringWithMarkup/61/String,string,6.0 s ± 0.5
/Record/Section/9/Section/5/Information/2/Value/StringWithMarkup/62/String,string,2.1 s ± 0.1
/Record/Section/9/Section/5/Information/2/Value/StringWithMarkup/63/String,string,1.52 s ± 0.07
/Record/Section/9/Section/5/Information/2/Value/StringWithMarkup/64/String,string,940 ms ± 100
/Record/Section/9/Section/5/Information/2/Value/StringWithMarkup/65/String,string,384 ms ± 22
/Record/Section/9/Section/5/Information/2/Value/StringWithMarkup/66/String,string,777 ms ± 10
/Record/Section/9/Section/5/Information/2/Value/StringWithMarkup/67/String,string,200 ms [Estimated]
/Record/Section/9/Section/5/Information/2/Value/StringWithMarkup/68/String,string,529 ms ± 13
/Record/Section/9/Section/5/Information/2/Value/StringWithMarkup/69/String,string,550 ms ± 50
/Record/Section/9/Section/5/Information/2/Value/StringWithMarkup/70/String,string,200 ms ± 50
/Record/Section/9/Section/5/Information/2/Value/StringWithMarkup/71/String,string,6.3 us ± 1.0
/Record/Section/9/Section/5/Information/2/Value/StringWithMarkup/72/String,string,294 ms ± 5
/Record/Section/9/Section/5/Information/2/Value/StringWithMarkup/73/String,string,100 ms [Estimated]
/Record/Section/9/Section/5/Information/2/Value/StringWithMarkup/74/String,string,202 ns ± 20
/Record/Section/9/Section/5/Information/2/Value/StringWithMarkup/75/String,string,393 ns ± 16
/Record/Section/9/Section/5/Information/2/Value/StringWithMarkup/76/String,string,177.9 ms ± 2.6
/Record/Section/9/Section/5/Information/2/Value/StringWithMarkup/77/String,string,144 ms ± 20
/Record/Section/9/Section/5/Information/2/Value/StringWithMarkup/78/String,string,140 ns ± 50
/Record/Section/9/Section/5/Information/2/Value/StringWithMarkup/79/String,string,1.48 us ± 0.15
/Record/Section/9/Section/5/Information/2/Value/StringWithMarkup/80/String,string,160 ms ± 5
/Record/Section/9/Section/5/Information/2/Value/StringWithMarkup/81/String,string,50 ms [Estimated]
/Record/Section/9/Section/5/Information/2/Value/StringWithMarkup/82/String,string,491 ns ± 20
/Record/Section/9/Section/5/Information/2/Value/StringWithMarkup/83/String,string,52 ms ± 10
/Record/Section/9/Section/5/Information/2/Value/StringWithMarkup/84/String,string,108.4 ms ± 2.4
/Record/Section/9/Section/5/Information/2/Value/StringWithMarkup/85/String,string,27 us ± 6
/Record/Section/9/Section/5/Information/2/Value/StringWithMarkup/86/String,string,89 ms ± 2
/Record/Section/9/Section/5/Information/2/Value/StringWithMarkup/87/String,string,20 ms [Estimated]
/Record/Section/9/Section/5/Information/2/Value/StringWithMarkup/88/String,string,67.5 ms ± 0.9
/Record/Section/9/Section/5/Information/2/Value/StringWithMarkup/89/String,string,60 ms ± 3
/Record/Section/9/Section/5/Information/2/Value/StringWithMarkup/90/String,string,49.9 ms ± 3.5
/Record/Section/9/Section/5/Information/2/Value/StringWithMarkup/91/String,string,10 ms [Estimated]
/Record/Section/9/Section/5/Information/2/Value/StringWithMarkup/92/String,string,40.6 ms ± 4.5
/Record/Section/9/Section/5/Information/2/Value/StringWithMarkup/93/String,string,35 ms ± 8
/Record/Section/9/Section/5/Information/2/Value/StringWithMarkup/94/String,string,30 ms ± 14
/Record/Section/9/Section/5/Information/2/Value/StringWithMarkup/95/String,string,Not-specified
/Record/Section/9/Section/5/Information/3/ReferenceNumber,number,2
/Record/Section/9/Section/5/Information/3/Name,string,Discovery Year
/Record/Section/9/Section/5/Information/3/Value/StringWithMarkup/0/String,string,2016
/Record/Section/9/Section/5/Information/3/Value/StringWithMarkup/1/String,string,1994
/Record/Section/9/Section/5/Information/3/Value/StringWithMarkup/2/String,string,1994
/Record/Section/9/Section/5/Information/3/Value/StringWithMarkup/3/String,string,1994
/Record/Section/9/Section/5/Information/3/Value/StringWithMarkup/4/String,string,2002
/Record/Section/9/Section/5/Information/3/Value/StringWithMarkup/5/String,string,1994
/Record/Section/9/Section/5/Information/3/Value/StringWithMarkup/6/String,string,2003
/Record/Section/9/Section/5/Information/3/Value/StringWithMarkup/7/String,string,2003
/Record/Section/9/Section/5/Information/3/Value/StringWithMarkup/8/String,string,2003
/Record/Section/9/Section/5/Information/3/Value/StringWithMarkup/9/String,string,1982
/Record/Section/9/Section/5/Information/3/Value/StringWithMarkup/10/String,string,2003
/Record/Section/9/Section/5/Information/3/Value/StringWithMarkup/11/String,string,2011
/Record/Section/9/Section/5/Information/3/Value/StringWithMarkup/12/String,string,2011
/Record/Section/9/Section/5/Information/3/Value/StringWithMarkup/13/String,string,2011
/Record/Section/9/Section/5/Information/3/Value/StringWithMarkup/14/String,string,1978
/Record/Section/9/Section/5/Information/3/Value/StringWithMarkup/15/String,string,2019
/Record/Section/9/Section/5/Information/3/Value/StringWithMarkup/16/String,string,1978
/Record/Section/9/Section/5/Information/3/Value/StringWithMarkup/17/String,string,1998
/Record/Section/9/Section/5/Information/3/Value/StringWithMarkup/18/String,string,1967
/Record/Section/9/Section/5/Information/3/Value/StringWithMarkup/19/String,string,1978
/Record/Section/9/Section/5/Information/3/Value/StringWithMarkup/20/String,string,1970
/Record/Section/9/Section/5/Information/3/Value/StringWithMarkup/21/String,string,1980
/Record/Section/9/Section/5/Information/3/Value/StringWithMarkup/22/String,string,1966
/Record/Section/9/Section/5/Information/3/Value/StringWithMarkup/23/String,string,1975
/Record/Section/9/Section/5/Information/3/Value/StringWithMarkup/24/String,string,1960
/Record/Section/9/Section/5/Information/3/Value/StringWithMarkup/25/String,string,1967
/Record/Section/9/Section/5/Information/3/Value/StringWithMarkup/26/String,string,1954
/Record/Section/9/Section/5/Information/3/Value/StringWithMarkup/27/String,string,1962
/Record/Section/9/Section/5/Information/3/Value/StringWithMarkup/28/String,string,1955
/Record/Section/9/Section/5/Information/3/Value/StringWithMarkup/29/String,string,1959
/Record/Section/9/Section/5/Information/3/Value/StringWithMarkup/30/String,string,1939
/Record/Section/9/Section/5/Information/3/Value/StringWithMarkup/31/String,string,1969
/Record/Section/9/Section/5/Information/3/Value/StringWithMarkup/32/String,string,1937
/Record/Section/9/Section/5/Information/3/Value/StringWithMarkup/33/String,string,1938
/Record/Section/9/Section/5/Information/3/Value/StringWithMarkup/34/String,string,1924
/Record/Section/9/Section/5/Information/3/Value/StringWithMarkup/35/String,string,1940
/Record/Section/9/Section/5/Information/3/Value/StringWithMarkup/36/String,string,1937
/Record/Section/9/Section/5/Information/3/Value/StringWithMarkup/37/String,string,1969
/Record/Section/9/Section/5/Information/3/Value/StringWithMarkup/38/String,string,1924
/Record/Section/9/Section/5/Information/3/Value/StringWithMarkup/39/String,string,1967
/Record/Section/9/Section/5/Information/3/Value/StringWithMarkup/40/String,string,1937
/Record/Section/9/Section/5/Information/3/Value/StringWithMarkup/41/String,string,1975
/Record/Section/9/Section/5/Information/3/Value/StringWithMarkup/42/String,string,1938
/Record/Section/9/Section/5/Information/3/Value/StringWithMarkup/43/String,string,1937
/Record/Section/9/Section/5/Information/3/Value/StringWithMarkup/44/String,string,1957
/Record/Section/9/Section/5/Information/3/Value/StringWithMarkup/45/String,string,1938
/Record/Section/9/Section/5/Information/3/Value/StringWithMarkup/46/String,string,1949
/Record/Section/9/Section/5/Information/3/Value/StringWithMarkup/47/String,string,1958
/Record/Section/9/Section/5/Information/3/Value/StringWithMarkup/48/String,string,1958
/Record/Section/9/Section/5/Information/3/Value/StringWithMarkup/49/String,string,1990
/Record/Section/9/Section/5/Information/3/Value/StringWithMarkup/50/String,string,1949
/Record/Section/9/Section/5/Information/3/Value/StringWithMarkup/51/String,string,1958
/Record/Section/9/Section/5/Information/3/Value/StringWithMarkup/52/String,string,1958
/Record/Section/9/Section/5/Information/3/Value/StringWithMarkup/53/String,string,2005
/Record/Section/9/Section/5/Information/3/Value/StringWithMarkup/54/String,string,1970
/Record/Section/9/Section/5/Information/3/Value/StringWithMarkup/55/String,string,1958
/Record/Section/9/Section/5/Information/3/Value/StringWithMarkup/56/String,string,1990
/Record/Section/9/Section/5/Information/3/Value/StringWithMarkup/57/String,string,1967
/Record/Section/9/Section/5/Information/3/Value/StringWithMarkup/58/String,string,1989
/Record/Section/9/Section/5/Information/3/Value/StringWithMarkup/59/String,string,1971
/Record/Section/9/Section/5/Information/3/Value/StringWithMarkup/60/String,string,1989
/Record/Section/9/Section/5/Information/3/Value/StringWithMarkup/61/String,string,1975
/Record/Section/9/Section/5/Information/3/Value/StringWithMarkup/62/String,string,1975
/Record/Section/9/Section/5/Information/3/Value/StringWithMarkup/63/String,string,1971
/Record/Section/9/Section/5/Information/3/Value/StringWithMarkup/64/String,string,2012
/Record/Section/9/Section/5/Information/3/Value/StringWithMarkup/65/String,string,1971
/Record/Section/9/Section/5/Information/3/Value/StringWithMarkup/66/String,string,1982
/Record/Section/9/Section/5/Information/3/Value/StringWithMarkup/67/String,string,
/Record/Section/9/Section/5/Information/3/Value/StringWithMarkup/68/String,string,1978
/Record/Section/9/Section/5/Information/3/Value/StringWithMarkup/69/String,string,2000
/Record/Section/9/Section/5/Information/3/Value/StringWithMarkup/70/String,string,2000
/Record/Section/9/Section/5/Information/3/Value/StringWithMarkup/71/String,string,2013
/Record/Section/9/Section/5/Information/3/Value/StringWithMarkup/72/String,string,1976
/Record/Section/9/Section/5/Information/3/Value/StringWithMarkup/73/String,string,2019
/Record/Section/9/Section/5/Information/3/Value/StringWithMarkup/74/String,string,2013
/Record/Section/9/Section/5/Information/3/Value/StringWithMarkup/75/String,string,2009
/Record/Section/9/Section/5/Information/3/Value/StringWithMarkup/76/String,string,1984
/Record/Section/9/Section/5/Information/3/Value/StringWithMarkup/77/String,string,1995
/Record/Section/9/Section/5/Information/3/Value/StringWithMarkup/78/String,string,2012
/Record/Section/9/Section/5/Information/3/Value/StringWithMarkup/79/String,string,2012
/Record/Section/9/Section/5/Information/3/Value/StringWithMarkup/80/String,string,1994
/Record/Section/9/Section/5/Information/3/Value/StringWithMarkup/81/String,string,2019
/Record/Section/9/Section/5/Information/3/Value/StringWithMarkup/82/String,string,2009
/Record/Section/9/Section/5/Information/3/Value/StringWithMarkup/83/String,string,1994
/Record/Section/9/Section/5/Information/3/Value/StringWithMarkup/84/String,string,1995
/Record/Section/9/Section/5/Information/3/Value/StringWithMarkup/85/String,string,2012
/Record/Section/9/Section/5/Information/3/Value/StringWithMarkup/86/String,string,1995
/Record/Section/9/Section/5/Information/3/Value/StringWithMarkup/87/String,string,
/Record/Section/9/Section/5/Information/3/Value/StringWithMarkup/88/String,string,2021
/Record/Section/9/Section/5/Information/3/Value/StringWithMarkup/89/String,string,2000
/Record/Section/9/Section/5/Information/3/Value/StringWithMarkup/90/String,string,2000
/Record/Section/9/Section/5/Information/3/Value/StringWithMarkup/91/String,string,
/Record/Section/9/Section/5/Information/3/Value/StringWithMarkup/92/String,string,2000
/Record/Section/9/Section/5/Information/3/Value/StringWithMarkup/93/String,string,2013
/Record/Section/9/Section/5/Information/3/Value/StringWithMarkup/94/String,string,2015
/Record/Section/9/Section/5/Information/3/Value/StringWithMarkup/95/String,string,
/Record/Section/9/Section/5/Information/4/ReferenceNumber,number,2
/Record/Section/9/Section/5/Information/4/Name,string,"Decay Modes, Intensities and Uncertainties [%]"
/Record/Section/9/Section/5/Information/4/Value/StringWithMarkup/0/String,string,β+ ?; p ?
/Record/Section/9/Section/5/Information/4/Value/StringWithMarkup/0/Markup/0/Start,number,1
/Record/Section/9/Section/5/Information/4/Value/StringWithMarkup/0/Markup/0/Length,number,1
/Record/Section/9/Section/5/Information/4/Value/StringWithMarkup/0/Markup/0/Type,string,Superscript
/Record/Section/9/Section/5/Information/4/Value/StringWithMarkup/1/String,string,p=?; β+ ?; β+p ?
/Record/Section/9/Section/5/Information/4/Value/StringWithMarkup/1/Markup/0/Start,number,6
/Record/Section/9/Section/5/Information/4/Value/StringWithMarkup/1/Markup/0/Length,number,1
/Record/Section/9/Section/5/Information/4/Value/StringWithMarkup/1/Markup/0/Type,string,Superscript
/Record/Section/9/Section/5/Information/4/Value/StringWithMarkup/1/Markup/1/Start,number,12
/Record/Section/9/Section/5/Information/4/Value/StringWithMarkup/1/Markup/1/Length,number,1
/Record/Section/9/Section/5/Information/4/Value/StringWithMarkup/1/Markup/1/Type,string,Superscript
/Record/Section/9/Section/5/Information/4/Value/StringWithMarkup/2/String,string,β+=100%; β+p<0.2%
/Record/Section/9/Section/5/Information/4/Value/StringWithMarkup/2/Markup/0/Start,number,1
/Record/Section/9/Section/5/Information/4/Value/StringWithMarkup/2/Markup/0/Length,number,1
/Record/Section/9/Section/5/Information/4/Value/StringWithMarkup/2/Markup/0/Type,string,Superscript
/Record/Section/9/Section/5/Information/4/Value/StringWithMarkup/2/Markup/1/Start,number,10
/Record/Section/9/Section/5/Information/4/Value/StringWithMarkup/2/Markup/1/Length,number,1
/Record/Section/9/Section/5/Information/4/Value/StringWithMarkup/2/Markup/1/Type,string,Superscript
/Record/Section/9/Section/5/Information/4/Value/StringWithMarkup/3/String,string,β+=100%; β+p=17.0±0.6%
/Record/Section/9/Section/5/Information/4/Value/StringWithMarkup/3/Markup/0/Start,number,1
/Record/Section/9/Section/5/Information/4/Value/StringWithMarkup/3/Markup/0/Length,number,1
/Record/Section/9/Section/5/Information/4/Value/StringWithMarkup/3/Markup/0/Type,string,Superscript
/Record/Section/9/Section/5/Information/4/Value/StringWithMarkup/3/Markup/1/Start,number,10
/Record/Section/9/Section/5/Information/4/Value/StringWithMarkup/3/Markup/1/Length,number,1
/Record/Section/9/Section/5/Information/4/Value/StringWithMarkup/3/Markup/1/Type,string,Superscript
/Record/Section/9/Section/5/Information/4/Value/StringWithMarkup/4/String,string,β+=95.4±0.7%; β+p≈27%; p=4.1±0.6%; 2p=0.5±0.3%
/Record/Section/9/Section/5/Information/4/Value/StringWithMarkup/4/Markup/0/Start,number,1
/Record/Section/9/Section/5/Information/4/Value/StringWithMarkup/4/Markup/0/Length,number,1
/Record/Section/9/Section/5/Information/4/Value/StringWithMarkup/4/Markup/0/Type,string,Superscript
/Record/Section/9/Section/5/Information/4/Value/StringWithMarkup/4/Markup/1/Start,number,15
/Record/Section/9/Section/5/Information/4/Value/StringWithMarkup/4/Markup/1/Length,number,1
/Record/Section/9/Section/5/Information/4/Value/StringWithMarkup/4/Markup/1/Type,string,Superscript
/Record/Section/9/Section/5/Information/4/Value/StringWithMarkup/5/String,string,β+=100%; β+p=2.3±0.2%
/Record/Section/9/Section/5/Information/4/Value/StringWithMarkup/5/Markup/0/Start,number,1
/Record/Section/9/Section/5/Information/4/Value/StringWithMarkup/5/Markup/0/Length,number,1
/Record/Section/9/Section/5/Information/4/Value/StringWithMarkup/5/Markup/0/Type,string,Superscript
/Record/Section/9/Section/5/Information/4/Value/StringWithMarkup/5/Markup/1/Start,number,10
/Record/Section/9/Section/5/Information/4/Value/StringWithMarkup/5/Markup/1/Length,number,1
/Record/Section/9/Section/5/Information/4/Value/StringWithMarkup/5/Markup/1/Type,string,Superscript
/Record/Section/9/Section/5/Information/4/Value/StringWithMarkup/6/String,string,IT=100%
/Record/Section/9/Section/5/Information/4/Value/StringWithMarkup/7/String,string,IT=100%
/Record/Section/9/Section/5/Information/4/Value/StringWithMarkup/8/String,string,IT=100%
/Record/Section/9/Section/5/Information/4/Value/StringWithMarkup/9/String,string,β+=100%; β+p=4.2±0.4%
/Record/Section/9/Section/5/Information/4/Value/StringWithMarkup/9/Markup/0/Start,number,1
/Record/Section/9/Section/5/Information/4/Value/StringWithMarkup/9/Markup/0/Length,number,1
/Record/Section/9/Section/5/Information/4/Value/StringWithMarkup/9/Markup/0/Type,string,Superscript
/Record/Section/9/Section/5/Information/4/Value/StringWithMarkup/9/Markup/1/Start,number,10
/Record/Section/9/Section/5/Information/4/Value/StringWithMarkup/9/Markup/1/Length,number,1
/Record/Section/9/Section/5/Information/4/Value/StringWithMarkup/9/Markup/1/Type,string,Superscript
/Record/Section/9/Section/5/Information/4/Value/StringWithMarkup/10/String,string,β+=100%; β+p=14.9±1.8%
/Record/Section/9/Section/5/Information/4/Value/StringWithMarkup/10/Markup/0/Start,number,1
/Record/Section/9/Section/5/Information/4/Value/StringWithMarkup/10/Markup/0/Length,number,1
/Record/Section/9/Section/5/Information/4/Value/StringWithMarkup/10/Markup/0/Type,string,Superscript
/Record/Section/9/Section/5/Information/4/Value/StringWithMarkup/10/Markup/1/Start,number,10
/Record/Section/9/Section/5/Information/4/Value/StringWithMarkup/10/Markup/1/Length,number,1
/Record/Section/9/Section/5/Information/4/Value/StringWithMarkup/10/Markup/1/Type,string,Superscript
/Record/Section/9/Section/5/Information/4/Value/StringWithMarkup/11/String,string,IT=100%
/Record/Section/9/Section/5/Information/4/Value/StringWithMarkup/12/String,string,IT=100%
/Record/Section/9/Section/5/Information/4/Value/StringWithMarkup/13/String,string,IT=100%
/Record/Section/9/Section/5/Information/4/Value/StringWithMarkup/14/String,string,β+=100%
/Record/Section/9/Section/5/Information/4/Value/StringWithMarkup/14/Markup/0/Start,number,1
/Record/Section/9/Section/5/Information/4/Value/StringWithMarkup/14/Markup/0/Length,number,1
/Record/Section/9/Section/5/Information/4/Value/StringWithMarkup/14/Markup/0/Type,string,Superscript
/Record/Section/9/Section/5/Information/4/Value/StringWithMarkup/15/String,string,IT ?
/Record/Section/9/Section/5/Information/4/Value/StringWithMarkup/16/String,string,β+=100%; β+p=0.0012±0.5%
/Record/Section/9/Section/5/Information/4/Value/StringWithMarkup/16/Markup/0/Start,number,1
/Record/Section/9/Section/5/Information/4/Value/StringWithMarkup/16/Markup/0/Length,number,1
/Record/Section/9/Section/5/Information/4/Value/StringWithMarkup/16/Markup/0/Type,string,Superscript
/Record/Section/9/Section/5/Information/4/Value/StringWithMarkup/16/Markup/1/Start,number,10
/Record/Section/9/Section/5/Information/4/Value/StringWithMarkup/16/Markup/1/Length,number,1
/Record/Section/9/Section/5/Information/4/Value/StringWithMarkup/16/Markup/1/Type,string,Superscript
/Record/Section/9/Section/5/Information/4/Value/StringWithMarkup/17/String,string,IT=100%
/Record/Section/9/Section/5/Information/4/Value/StringWithMarkup/18/String,string,β+=100%
/Record/Section/9/Section/5/Information/4/Value/StringWithMarkup/18/Markup/0/Start,number,1
/Record/Section/9/Section/5/Information/4/Value/StringWithMarkup/18/Markup/0/Length,number,1
/Record/Section/9/Section/5/Information/4/Value/StringWithMarkup/18/Markup/0/Type,string,Superscript
/Record/Section/9/Section/5/Information/4/Value/StringWithMarkup/19/String,string,IT=100%
/Record/Section/9/Section/5/Information/4/Value/StringWithMarkup/20/String,string,β+=100%
/Record/Section/9/Section/5/Information/4/Value/StringWithMarkup/20/Markup/0/Start,number,1
/Record/Section/9/Section/5/Information/4/Value/StringWithMarkup/20/Markup/0/Length,number,1
/Record/Section/9/Section/5/Information/4/Value/StringWithMarkup/20/Markup/0/Type,string,Superscript
/Record/Section/9/Section/5/Information/4/Value/StringWithMarkup/21/String,string,β+=?; IT ?
/Record/Section/9/Section/5/Information/4/Value/StringWithMarkup/21/Markup/0/Start,number,1
/Record/Section/9/Section/5/Information/4/Value/StringWithMarkup/21/Markup/0/Length,number,1
/Record/Section/9/Section/5/Information/4/Value/StringWithMarkup/21/Markup/0/Type,string,Superscript
/Record/Section/9/Section/5/Information/4/Value/StringWithMarkup/22/String,string,β+=100%
/Record/Section/9/Section/5/Information/4/Value/StringWithMarkup/22/Markup/0/Start,number,1
/Record/Section/9/Section/5/Information/4/Value/StringWithMarkup/22/Markup/0/Length,number,1
/Record/Section/9/Section/5/Information/4/Value/StringWithMarkup/22/Markup/0/Type,string,Superscript
/Record/Section/9/Section/5/Information/4/Value/StringWithMarkup/23/String,string,IT=100%
/Record/Section/9/Section/5/Information/4/Value/StringWithMarkup/24/String,string,β+=100%
/Record/Section/9/Section/5/Information/4/Value/StringWithMarkup/24/Markup/0/Start,number,1
/Record/Section/9/Section/5/Information/4/Value/StringWithMarkup/24/Markup/0/Length,number,1
/Record/Section/9/Section/5/Information/4/Value/StringWithMarkup/24/Markup/0/Type,string,Superscript
/Record/Section/9/Section/5/Information/4/Value/StringWithMarkup/25/String,string,β+=51±0.5%; IT=49±0.5%
/Record/Section/9/Section/5/Information/4/Value/StringWithMarkup/25/Markup/0/Start,number,1
/Record/Section/9/Section/5/Information/4/Value/StringWithMarkup/25/Markup/0/Length,number,1
/Record/Section/9/Section/5/Information/4/Value/StringWithMarkup/25/Markup/0/Type,string,Superscript
/Record/Section/9/Section/5/Information/4/Value/StringWithMarkup/26/String,string,β+=100%
/Record/Section/9/Section/5/Information/4/Value/StringWithMarkup/26/Markup/0/Start,number,1
/Record/Section/9/Section/5/Information/4/Value/StringWithMarkup/26/Markup/0/Length,number,1
/Record/Section/9/Section/5/Information/4/Value/StringWithMarkup/26/Markup/0/Type,string,Superscript
/Record/Section/9/Section/5/Information/4/Value/StringWithMarkup/27/String,string,IT=100%
/Record/Section/9/Section/5/Information/4/Value/StringWithMarkup/28/String,string,β+=100%
/Record/Section/9/Section/5/Information/4/Value/StringWithMarkup/28/Markup/0/Start,number,1
/Record/Section/9/Section/5/Information/4/Value/StringWithMarkup/28/Markup/0/Length,number,1
/Record/Section/9/Section/5/Information/4/Value/StringWithMarkup/28/Markup/0/Type,string,Superscript
/Record/Section/9/Section/5/Information/4/Value/StringWithMarkup/29/String,string,β+≈100%; IT<0.07%
/Record/Section/9/Section/5/Information/4/Value/StringWithMarkup/29/Markup/0/Start,number,1
/Record/Section/9/Section/5/Information/4/Value/StringWithMarkup/29/Markup/0/Length,number,1
/Record/Section/9/Section/5/Information/4/Value/StringWithMarkup/29/Markup/0/Type,string,Superscript
/Record/Section/9/Section/5/Information/4/Value/StringWithMarkup/30/String,string,β+=100%
/Record/Section/9/Section/5/Information/4/Value/StringWithMarkup/30/Markup/0/Start,number,1
/Record/Section/9/Section/5/Information/4/Value/StringWithMarkup/30/Markup/0/Length,number,1
/Record/Section/9/Section/5/Information/4/Value/StringWithMarkup/30/Markup/0/Type,string,Superscript
/Record/Section/9/Section/5/Information/4/Value/StringWithMarkup/31/String,string,IT=99.66±0.7%; β+=0.34±0.7%
/Record/Section/9/Section/5/Information/4/Value/StringWithMarkup/31/Markup/0/Start,number,16
/Record/Section/9/Section/5/Information/4/Value/StringWithMarkup/31/Markup/0/Length,number,1
/Record/Section/9/Section/5/Information/4/Value/StringWithMarkup/31/Markup/0/Type,string,Superscript
/Record/Section/9/Section/5/Information/4/Value/StringWithMarkup/32/String,string,β+≈100%; β- ?
/Record/Section/9/Section/5/Information/4/Value/StringWithMarkup/32/Markup/0/Start,number,1
/Record/Section/9/Section/5/Information/4/Value/StringWithMarkup/32/Markup/0/Length,number,1
/Record/Section/9/Section/5/Information/4/Value/StringWithMarkup/32/Markup/0/Type,string,Superscript
/Record/Section/9/Section/5/Information/4/Value/StringWithMarkup/32/Markup/1/Start,number,10
/Record/Section/9/Section/5/Information/4/Value/StringWithMarkup/32/Markup/1/Length,number,1
/Record/Section/9/Section/5/Information/4/Value/StringWithMarkup/32/Markup/1/Type,string,Superscript
/Record/Section/9/Section/5/Information/4/Value/StringWithMarkup/33/String,string,β+=100%; IT ?
/Record/Section/9/Section/5/Information/4/Value/StringWithMarkup/33/Markup/0/Start,number,1
/Record/Section/9/Section/5/Information/4/Value/StringWithMarkup/33/Markup/0/Length,number,1
/Record/Section/9/Section/5/Information/4/Value/StringWithMarkup/33/Markup/0/Type,string,Superscript
/Record/Section/9/Section/5/Information/4/Value/StringWithMarkup/34/String,string,IS=51.839±0.8%
/Record/Section/9/Section/5/Information/4/Value/StringWithMarkup/35/String,string,IT=100%
/Record/Section/9/Section/5/Information/4/Value/StringWithMarkup/36/String,string,β-=97.15±2%; β+=2.85±2%
/Record/Section/9/Section/5/Information/4/Value/StringWithMarkup/36/Markup/0/Start,number,1
/Record/Section/9/Section/5/Information/4/Value/StringWithMarkup/36/Markup/0/Length,number,1
/Record/Section/9/Section/5/Information/4/Value/StringWithMarkup/36/Markup/0/Type,string,Superscript
/Record/Section/9/Section/5/Information/4/Value/StringWithMarkup/36/Markup/1/Start,number,14
/Record/Section/9/Section/5/Information/4/Value/StringWithMarkup/36/Markup/1/Length,number,1
/Record/Section/9/Section/5/Information/4/Value/StringWithMarkup/36/Markup/1/Type,string,Superscript
/Record/Section/9/Section/5/Information/4/Value/StringWithMarkup/37/String,string,β+=91.3±0.9%; IT=8.7±0.9%
/Record/Section/9/Section/5/Information/4/Value/StringWithMarkup/37/Markup/0/Start,number,1
/Record/Section/9/Section/5/Information/4/Value/StringWithMarkup/37/Markup/0/Length,number,1
/Record/Section/9/Section/5/Information/4/Value/StringWithMarkup/37/Markup/0/Type,string,Superscript
/Record/Section/9/Section/5/Information/4/Value/StringWithMarkup/38/String,string,IS=48.161±0.8%
/Record/Section/9/Section/5/Information/4/Value/StringWithMarkup/39/String,string,IT=100%
/Record/Section/9/Section/5/Information/4/Value/StringWithMarkup/40/String,string,β-≈100%; ε=0.30±0.6%
/Record/Section/9/Section/5/Information/4/Value/StringWithMarkup/40/Markup/0/Start,number,1
/Record/Section/9/Section/5/Information/4/Value/StringWithMarkup/40/Markup/0/Length,number,1
/Record/Section/9/Section/5/Information/4/Value/StringWithMarkup/40/Markup/0/Type,string,Superscript
/Record/Section/9/Section/5/Information/4/Value/StringWithMarkup/41/String,string,IT=100%
/Record/Section/9/Section/5/Information/4/Value/StringWithMarkup/42/String,string,β-=98.67±0.8%; IT=1.33±0.8%
/Record/Section/9/Section/5/Information/4/Value/StringWithMarkup/42/Markup/0/Start,number,1
/Record/Section/9/Section/5/Information/4/Value/StringWithMarkup/42/Markup/0/Length,number,1
/Record/Section/9/Section/5/Information/4/Value/StringWithMarkup/42/Markup/0/Type,string,Superscript
/Record/Section/9/Section/5/Information/4/Value/StringWithMarkup/43/String,string,β-=100%
/Record/Section/9/Section/5/Information/4/Value/StringWithMarkup/43/Markup/0/Start,number,1
/Record/Section/9/Section/5/Information/4/Value/StringWithMarkup/43/Markup/0/Length,number,1
/Record/Section/9/Section/5/Information/4/Value/StringWithMarkup/43/Markup/0/Type,string,Superscript
/Record/Section/9/Section/5/Information/4/Value/StringWithMarkup/44/String,string,IT=99.3±0.2%; β-=0.7±0.2%
/Record/Section/9/Section/5/Information/4/Value/StringWithMarkup/44/Markup/0/Start,number,15
/Record/Section/9/Section/5/Information/4/Value/StringWithMarkup/44/Markup/0/Length,number,1
/Record/Section/9/Section/5/Information/4/Value/StringWithMarkup/44/Markup/0/Type,string,Superscript
/Record/Section/9/Section/5/Information/4/Value/StringWithMarkup/45/String,string,β-=100%
/Record/Section/9/Section/5/Information/4/Value/StringWithMarkup/45/Markup/0/Start,number,1
/Record/Section/9/Section/5/Information/4/Value/StringWithMarkup/45/Markup/0/Length,number,1
/Record/Section/9/Section/5/Information/4/Value/StringWithMarkup/45/Markup/0/Type,string,Superscript
/Record/Section/9/Section/5/Information/4/Value/StringWithMarkup/46/String,string,β-=100%
/Record/Section/9/Section/5/Information/4/Value/StringWithMarkup/46/Markup/0/Start,number,1
/Record/Section/9/Section/5/Information/4/Value/StringWithMarkup/46/Markup/0/Length,number,1
/Record/Section/9/Section/5/Information/4/Value/StringWithMarkup/46/Markup/0/Type,string,Superscript
/Record/Section/9/Section/5/Information/4/Value/StringWithMarkup/47/String,string,IT=64±0.7%; β-=36±0.7%
/Record/Section/9/Section/5/Information/4/Value/StringWithMarkup/47/Markup/0/Start,number,13
/Record/Section/9/Section/5/Information/4/Value/StringWithMarkup/47/Markup/0/Length,number,1
/Record/Section/9/Section/5/Information/4/Value/StringWithMarkup/47/Markup/0/Type,string,Superscript
/Record/Section/9/Section/5/Information/4/Value/StringWithMarkup/48/String,string,β-=100%
/Record/Section/9/Section/5/Information/4/Value/StringWithMarkup/48/Markup/0/Start,number,1
/Record/Section/9/Section/5/Information/4/Value/StringWithMarkup/48/Markup/0/Length,number,1
/Record/Section/9/Section/5/Information/4/Value/StringWithMarkup/48/Markup/0/Type,string,Superscript
/Record/Section/9/Section/5/Information/4/Value/StringWithMarkup/49/String,string,IT=100%
/Record/Section/9/Section/5/Information/4/Value/StringWithMarkup/50/String,string,β-=100%
/Record/Section/9/Section/5/Information/4/Value/StringWithMarkup/50/Markup/0/Start,number,1
/Record/Section/9/Section/5/Information/4/Value/StringWithMarkup/50/Markup/0/Length,number,1
/Record/Section/9/Section/5/Information/4/Value/StringWithMarkup/50/Markup/0/Type,string,Superscript
/Record/Section/9/Section/5/Information/4/Value/StringWithMarkup/51/String,string,β-=79.0±0.3%; IT=21.0±0.3%
/Record/Section/9/Section/5/Information/4/Value/StringWithMarkup/51/Markup/0/Start,number,1
/Record/Section/9/Section/5/Information/4/Value/StringWithMarkup/51/Markup/0/Length,number,1
/Record/Section/9/Section/5/Information/4/Value/StringWithMarkup/51/Markup/0/Type,string,Superscript
/Record/Section/9/Section/5/Information/4/Value/StringWithMarkup/52/String,string,β-=100%
/Record/Section/9/Section/5/Information/4/Value/StringWithMarkup/52/Markup/0/Start,number,1
/Record/Section/9/Section/5/Information/4/Value/StringWithMarkup/52/Markup/0/Length,number,1
/Record/Section/9/Section/5/Information/4/Value/StringWithMarkup/52/Markup/0/Type,string,Superscript
/Record/Section/9/Section/5/Information/4/Value/StringWithMarkup/53/String,string,β-=93±0.4%; IT=7±0.4%
/Record/Section/9/Section/5/Information/4/Value/StringWithMarkup/53/Markup/0/Start,number,1
/Record/Section/9/Section/5/Information/4/Value/StringWithMarkup/53/Markup/0/Length,number,1
/Record/Section/9/Section/5/Information/4/Value/StringWithMarkup/53/Markup/0/Type,string,Superscript
/Record/Section/9/Section/5/Information/4/Value/StringWithMarkup/54/String,string,β-=92±0.4%; IT=8±0.4%
/Record/Section/9/Section/5/Information/4/Value/StringWithMarkup/54/Markup/0/Start,number,1
/Record/Section/9/Section/5/Information/4/Value/StringWithMarkup/54/Markup/0/Length,number,1
/Record/Section/9/Section/5/Information/4/Value/StringWithMarkup/54/Markup/0/Type,string,Superscript
/Record/Section/9/Section/5/Information/4/Value/StringWithMarkup/55/String,string,β-=100%
/Record/Section/9/Section/5/Information/4/Value/StringWithMarkup/55/Markup/0/Start,number,1
/Record/Section/9/Section/5/Information/4/Value/StringWithMarkup/55/Markup/0/Length,number,1
/Record/Section/9/Section/5/Information/4/Value/StringWithMarkup/55/Markup/0/Type,string,Superscript
/Record/Section/9/Section/5/Information/4/Value/StringWithMarkup/56/String,string,β-=94.0±1.5%; IT=6.0±1.5%
/Record/Section/9/Section/5/Information/4/Value/StringWithMarkup/56/Markup/0/Start,number,1
/Record/Section/9/Section/5/Information/4/Value/StringWithMarkup/56/Markup/0/Length,number,1
/Record/Section/9/Section/5/Information/4/Value/StringWithMarkup/56/Markup/0/Type,string,Superscript
/Record/Section/9/Section/5/Information/4/Value/StringWithMarkup/57/String,string,β-=100%
/Record/Section/9/Section/5/Information/4/Value/StringWithMarkup/57/Markup/0/Start,number,1
/Record/Section/9/Section/5/Information/4/Value/StringWithMarkup/57/Markup/0/Length,number,1
/Record/Section/9/Section/5/Information/4/Value/StringWithMarkup/57/Markup/0/Type,string,Superscript
/Record/Section/9/Section/5/Information/4/Value/StringWithMarkup/58/String,string,IT=100%
/Record/Section/9/Section/5/Information/4/Value/StringWithMarkup/59/String,string,β-=59±0.3%; IT=41±0.3%
/Record/Section/9/Section/5/Information/4/Value/StringWithMarkup/59/Markup/0/Start,number,1
/Record/Section/9/Section/5/Information/4/Value/StringWithMarkup/59/Markup/0/Length,number,1
/Record/Section/9/Section/5/Information/4/Value/StringWithMarkup/59/Markup/0/Type,string,Superscript
/Record/Section/9/Section/5/Information/4/Value/StringWithMarkup/60/String,string,IT=100%
/Record/Section/9/Section/5/Information/4/Value/StringWithMarkup/61/String,string,β-=100%
/Record/Section/9/Section/5/Information/4/Value/StringWithMarkup/61/Markup/0/Start,number,1
/Record/Section/9/Section/5/Information/4/Value/StringWithMarkup/61/Markup/0/Length,number,1
/Record/Section/9/Section/5/Information/4/Value/StringWithMarkup/61/Markup/0/Type,string,Superscript
/Record/Section/9/Section/5/Information/4/Value/StringWithMarkup/62/String,string,β-=100%
/Record/Section/9/Section/5/Information/4/Value/StringWithMarkup/62/Markup/0/Start,number,1
/Record/Section/9/Section/5/Information/4/Value/StringWithMarkup/62/Markup/0/Length,number,1
/Record/Section/9/Section/5/Information/4/Value/StringWithMarkup/62/Markup/0/Type,string,Superscript
/Record/Section/9/Section/5/Information/4/Value/StringWithMarkup/63/String,string,β-=100%; β-n<0.003%
/Record/Section/9/Section/5/Information/4/Value/StringWithMarkup/63/Markup/0/Start,number,1
/Record/Section/9/Section/5/Information/4/Value/StringWithMarkup/63/Markup/0/Length,number,1
/Record/Section/9/Section/5/Information/4/Value/StringWithMarkup/63/Markup/0/Type,string,Superscript
/Record/Section/9/Section/5/Information/4/Value/StringWithMarkup/63/Markup/1/Start,number,10
/Record/Section/9/Section/5/Information/4/Value/StringWithMarkup/63/Markup/1/Length,number,1
/Record/Section/9/Section/5/Information/4/Value/StringWithMarkup/63/Markup/1/Type,string,Superscript
/Record/Section/9/Section/5/Information/4/Value/StringWithMarkup/64/String,string,β-=?; IT ?; β-n ?
/Record/Section/9/Section/5/Information/4/Value/StringWithMarkup/64/Markup/0/Start,number,1
/Record/Section/9/Section/5/Information/4/Value/StringWithMarkup/64/Markup/0/Length,number,1
/Record/Section/9/Section/5/Information/4/Value/StringWithMarkup/64/Markup/0/Type,string,Superscript
/Record/Section/9/Section/5/Information/4/Value/StringWithMarkup/64/Markup/1/Start,number,13
/Record/Section/9/Section/5/Information/4/Value/StringWithMarkup/64/Markup/1/Length,number,1
/Record/Section/9/Section/5/Information/4/Value/StringWithMarkup/64/Markup/1/Type,string,Superscript
/Record/Section/9/Section/5/Information/4/Value/StringWithMarkup/65/String,string,IT=68±1%; β-=32±1%; β-n ?
/Record/Section/9/Section/5/Information/4/Value/StringWithMarkup/65/Markup/0/Start,number,11
/Record/Section/9/Section/5/Information/4/Value/StringWithMarkup/65/Markup/0/Length,number,1
/Record/Section/9/Section/5/Information/4/Value/StringWithMarkup/65/Markup/0/Type,string,Superscript
/Record/Section/9/Section/5/Information/4/Value/StringWithMarkup/65/Markup/1/Start,number,21
/Record/Section/9/Section/5/Information/4/Value/StringWithMarkup/65/Markup/1/Length,number,1
/Record/Section/9/Section/5/Information/4/Value/StringWithMarkup/65/Markup/1/Type,string,Superscript
/Record/Section/9/Section/5/Information/4/Value/StringWithMarkup/66/String,string,β-=100%; β-n=0.080±1.3%
/Record/Section/9/Section/5/Information/4/Value/StringWithMarkup/66/Markup/0/Start,number,1
/Record/Section/9/Section/5/Information/4/Value/StringWithMarkup/66/Markup/0/Length,number,1
/Record/Section/9/Section/5/Information/4/Value/StringWithMarkup/66/Markup/0/Type,string,Superscript
/Record/Section/9/Section/5/Information/4/Value/StringWithMarkup/66/Markup/1/Start,number,10
/Record/Section/9/Section/5/Information/4/Value/StringWithMarkup/66/Markup/1/Length,number,1
/Record/Section/9/Section/5/Information/4/Value/StringWithMarkup/66/Markup/1/Type,string,Superscript
/Record/Section/9/Section/5/Information/4/Value/StringWithMarkup/67/String,string,β- ?; IT ?; β-n ?
/Record/Section/9/Section/5/Information/4/Value/StringWithMarkup/67/Markup/0/Start,number,1
/Record/Section/9/Section/5/Information/4/Value/StringWithMarkup/67/Markup/0/Length,number,1
/Record/Section/9/Section/5/Information/4/Value/StringWithMarkup/67/Markup/0/Type,string,Superscript
/Record/Section/9/Section/5/Information/4/Value/StringWithMarkup/67/Markup/1/Start,number,13
/Record/Section/9/Section/5/Information/4/Value/StringWithMarkup/67/Markup/1/Length,number,1
/Record/Section/9/Section/5/Information/4/Value/StringWithMarkup/67/Markup/1/Type,string,Superscript
/Record/Section/9/Section/5/Information/4/Value/StringWithMarkup/68/String,string,β-=100%; β-n=0.186±1%
/Record/Section/9/Section/5/Information/4/Value/StringWithMarkup/68/Markup/0/Start,number,1
/Record/Section/9/Section/5/Information/4/Value/StringWithMarkup/68/Markup/0/Length,number,1
/Record/Section/9/Section/5/Information/4/Value/StringWithMarkup/68/Markup/0/Type,string,Superscript
/Record/Section/9/Section/5/Information/4/Value/StringWithMarkup/68/Markup/1/Start,number,10
/Record/Section/9/Section/5/Information/4/Value/StringWithMarkup/68/Markup/1/Length,number,1
/Record/Section/9/Section/5/Information/4/Value/StringWithMarkup/68/Markup/1/Type,string,Superscript
/Record/Section/9/Section/5/Information/4/Value/StringWithMarkup/69/String,string,β-=100%; IT ?; β-n=?
/Record/Section/9/Section/5/Information/4/Value/StringWithMarkup/69/Markup/0/Start,number,1
/Record/Section/9/Section/5/Information/4/Value/StringWithMarkup/69/Markup/0/Length,number,1
/Record/Section/9/Section/5/Information/4/Value/StringWithMarkup/69/Markup/0/Type,string,Superscript
/Record/Section/9/Section/5/Information/4/Value/StringWithMarkup/69/Markup/1/Start,number,16
/Record/Section/9/Section/5/Information/4/Value/StringWithMarkup/69/Markup/1/Length,number,1
/Record/Section/9/Section/5/Information/4/Value/StringWithMarkup/69/Markup/1/Type,string,Superscript
/Record/Section/9/Section/5/Information/4/Value/StringWithMarkup/70/String,string,β-=100%; IT ?; β-n ?
/Record/Section/9/Section/5/Information/4/Value/StringWithMarkup/70/Markup/0/Start,number,1
/Record/Section/9/Section/5/Information/4/Value/StringWithMarkup/70/Markup/0/Length,number,1
/Record/Section/9/Section/5/Information/4/Value/StringWithMarkup/70/Markup/0/Type,string,Superscript
/Record/Section/9/Section/5/Information/4/Value/StringWithMarkup/70/Markup/1/Start,number,16
/Record/Section/9/Section/5/Information/4/Value/StringWithMarkup/70/Markup/1/Length,number,1
/Record/Section/9/Section/5/Information/4/Value/StringWithMarkup/70/Markup/1/Type,string,Superscript
/Record/Section/9/Section/5/Information/4/Value/StringWithMarkup/71/String,string,IT=100%
/Record/Section/9/Section/5/Information/4/Value/StringWithMarkup/72/String,string,β-=100%; β-n=0.56±0.5%
/Record/Section/9/Section/5/Information/4/Value/StringWithMarkup/72/Markup/0/Start,number,1
/Record/Section/9/Section/5/Information/4/Value/StringWithMarkup/72/Markup/0/Length,number,1
/Record/Section/9/Section/5/Information/4/Value/StringWithMarkup/72/Markup/0/Type,string,Superscript
/Record/Section/9/Section/5/Information/4/Value/StringWithMarkup/72/Markup/1/Start,number,10
/Record/Section/9/Section/5/Information/4/Value/StringWithMarkup/72/Markup/1/Length,number,1
/Record/Section/9/Section/5/Information/4/Value/StringWithMarkup/72/Markup/1/Type,string,Superscript
/Record/Section/9/Section/5/Information/4/Value/StringWithMarkup/73/String,string,β-=100%; β-n ?
/Record/Section/9/Section/5/Information/4/Value/StringWithMarkup/73/Markup/0/Start,number,1
/Record/Section/9/Section/5/Information/4/Value/StringWithMarkup/73/Markup/0/Length,number,1
/Record/Section/9/Section/5/Information/4/Value/StringWithMarkup/73/Markup/0/Type,string,Superscript
/Record/Section/9/Section/5/Information/4/Value/StringWithMarkup/73/Markup/1/Start,number,10
/Record/Section/9/Section/5/Information/4/Value/StringWithMarkup/73/Markup/1/Length,number,1
/Record/Section/9/Section/5/Information/4/Value/StringWithMarkup/73/Markup/1/Type,string,Superscript
/Record/Section/9/Section/5/Information/4/Value/StringWithMarkup/74/String,string,IT=100%
/Record/Section/9/Section/5/Information/4/Value/StringWithMarkup/75/String,string,IT=100%
/Record/Section/9/Section/5/Information/4/Value/StringWithMarkup/76/String,string,β-=100%; β-n=1.3±0.9%
/Record/Section/9/Section/5/Information/4/Value/StringWithMarkup/76/Markup/0/Start,number,1
/Record/Section/9/Section/5/Information/4/Value/StringWithMarkup/76/Markup/0/Length,number,1
/Record/Section/9/Section/5/Information/4/Value/StringWithMarkup/76/Markup/0/Type,string,Superscript
/Record/Section/9/Section/5/Information/4/Value/StringWithMarkup/76/Markup/1/Start,number,10
/Record/Section/9/Section/5/Information/4/Value/StringWithMarkup/76/Markup/1/Length,number,1
/Record/Section/9/Section/5/Information/4/Value/StringWithMarkup/76/Markup/1/Type,string,Superscript
/Record/Section/9/Section/5/Information/4/Value/StringWithMarkup/77/String,string,β-=100%; β-n ?
/Record/Section/9/Section/5/Information/4/Value/StringWithMarkup/77/Markup/0/Start,number,1
/Record/Section/9/Section/5/Information/4/Value/StringWithMarkup/77/Markup/0/Length,number,1
/Record/Section/9/Section/5/Information/4/Value/StringWithMarkup/77/Markup/0/Type,string,Superscript
/Record/Section/9/Section/5/Information/4/Value/StringWithMarkup/77/Markup/1/Start,number,10
/Record/Section/9/Section/5/Information/4/Value/StringWithMarkup/77/Markup/1/Length,number,1
/Record/Section/9/Section/5/Information/4/Value/StringWithMarkup/77/Markup/1/Type,string,Superscript
/Record/Section/9/Section/5/Information/4/Value/StringWithMarkup/78/String,string,IT=100%
/Record/Section/9/Section/5/Information/4/Value/StringWithMarkup/79/String,string,IT=100%
/Record/Section/9/Section/5/Information/4/Value/StringWithMarkup/80/String,string,β-=100%; β-n=11.8±1%
/Record/Section/9/Section/5/Information/4/Value/StringWithMarkup/80/Markup/0/Start,number,1
/Record/Section/9/Section/5/Information/4/Value/StringWithMarkup/80/Markup/0/Length,number,1
/Record/Section/9/Section/5/Information/4/Value/StringWithMarkup/80/Markup/0/Type,string,Superscript
/Record/Section/9/Section/5/Information/4/Value/StringWithMarkup/80/Markup/1/Start,number,10
/Record/Section/9/Section/5/Information/4/Value/StringWithMarkup/80/Markup/1/Length,number,1
/Record/Section/9/Section/5/Information/4/Value/StringWithMarkup/80/Markup/1/Type,string,Superscript
/Record/Section/9/Section/5/Information/4/Value/StringWithMarkup/81/String,string,β- ?; IT ?; β-n ?
/Record/Section/9/Section/5/Information/4/Value/StringWithMarkup/81/Markup/0/Start,number,1
/Record/Section/9/Section/5/Information/4/Value/StringWithMarkup/81/Markup/0/Length,number,1
/Record/Section/9/Section/5/Information/4/Value/StringWithMarkup/81/Markup/0/Type,string,Superscript
/Record/Section/9/Section/5/Information/4/Value/StringWithMarkup/81/Markup/1/Start,number,13
/Record/Section/9/Section/5/Information/4/Value/StringWithMarkup/81/Markup/1/Length,number,1
/Record/Section/9/Section/5/Information/4/Value/StringWithMarkup/81/Markup/1/Type,string,Superscript
/Record/Section/9/Section/5/Information/4/Value/StringWithMarkup/82/String,string,IT=100%
/Record/Section/9/Section/5/Information/4/Value/StringWithMarkup/83/String,string,β-=100%; β-n=13.7±1.1%
/Record/Section/9/Section/5/Information/4/Value/StringWithMarkup/83/Markup/0/Start,number,1
/Record/Section/9/Section/5/Information/4/Value/StringWithMarkup/83/Markup/0/Length,number,1
/Record/Section/9/Section/5/Information/4/Value/StringWithMarkup/83/Markup/0/Type,string,Superscript
/Record/Section/9/Section/5/Information/4/Value/StringWithMarkup/83/Markup/1/Start,number,10
/Record/Section/9/Section/5/Information/4/Value/StringWithMarkup/83/Markup/1/Length,number,1
/Record/Section/9/Section/5/Information/4/Value/StringWithMarkup/83/Markup/1/Type,string,Superscript
/Record/Section/9/Section/5/Information/4/Value/StringWithMarkup/84/String,string,β-=100%; IT ?; β-n ?
/Record/Section/9/Section/5/Information/4/Value/StringWithMarkup/84/Markup/0/Start,number,1
/Record/Section/9/Section/5/Information/4/Value/StringWithMarkup/84/Markup/0/Length,number,1
/Record/Section/9/Section/5/Information/4/Value/StringWithMarkup/84/Markup/0/Type,string,Superscript
/Record/Section/9/Section/5/Information/4/Value/StringWithMarkup/84/Markup/1/Start,number,16
/Record/Section/9/Section/5/Information/4/Value/StringWithMarkup/84/Markup/1/Length,number,1
/Record/Section/9/Section/5/Information/4/Value/StringWithMarkup/84/Markup/1/Type,string,Superscript
/Record/Section/9/Section/5/Information/4/Value/StringWithMarkup/85/String,string,IT=100%
/Record/Section/9/Section/5/Information/4/Value/StringWithMarkup/86/String,string,β-=100%; β-n=14.6±1.5%
/Record/Section/9/Section/5/Information/4/Value/StringWithMarkup/86/Markup/0/Start,number,1
/Record/Section/9/Section/5/Information/4/Value/StringWithMarkup/86/Markup/0/Length,number,1
/Record/Section/9/Section/5/Information/4/Value/StringWithMarkup/86/Markup/0/Type,string,Superscript
/Record/Section/9/Section/5/Information/4/Value/StringWithMarkup/86/Markup/1/Start,number,10
/Record/Section/9/Section/5/Information/4/Value/StringWithMarkup/86/Markup/1/Length,number,1
/Record/Section/9/Section/5/Information/4/Value/StringWithMarkup/86/Markup/1/Type,string,Superscript
/Record/Section/9/Section/5/Information/4/Value/StringWithMarkup/87/String,string,β- ?; IT ?
/Record/Section/9/Section/5/Information/4/Value/StringWithMarkup/87/Markup/0/Start,number,1
/Record/Section/9/Section/5/Information/4/Value/StringWithMarkup/87/Markup/0/Length,number,1
/Record/Section/9/Section/5/Information/4/Value/StringWithMarkup/87/Markup/0/Type,string,Superscript
/Record/Section/9/Section/5/Information/4/Value/StringWithMarkup/88/String,string,β-=91.2±0.8%; IT=8.8±0.8%
/Record/Section/9/Section/5/Information/4/Value/StringWithMarkup/88/Markup/0/Start,number,1
/Record/Section/9/Section/5/Information/4/Value/StringWithMarkup/88/Markup/0/Length,number,1
/Record/Section/9/Section/5/Information/4/Value/StringWithMarkup/88/Markup/0/Type,string,Superscript
/Record/Section/9/Section/5/Information/4/Value/StringWithMarkup/89/String,string,β-=100%; β-n=20±0.5%; β-2n ?
/Record/Section/9/Section/5/Information/4/Value/StringWithMarkup/89/Markup/0/Start,number,1
/Record/Section/9/Section/5/Information/4/Value/StringWithMarkup/89/Markup/0/Length,number,1
/Record/Section/9/Section/5/Information/4/Value/StringWithMarkup/89/Markup/0/Type,string,Superscript
/Record/Section/9/Section/5/Information/4/Value/StringWithMarkup/89/Markup/1/Start,number,10
/Record/Section/9/Section/5/Information/4/Value/StringWithMarkup/89/Markup/1/Length,number,1
/Record/Section/9/Section/5/Information/4/Value/StringWithMarkup/89/Markup/1/Type,string,Superscript
/Record/Section/9/Section/5/Information/4/Value/StringWithMarkup/89/Markup/2/Start,number,23
/Record/Section/9/Section/5/Information/4/Value/StringWithMarkup/89/Markup/2/Length,number,1
/Record/Section/9/Section/5/Information/4/Value/StringWithMarkup/89/Markup/2/Type,string,Superscript
/Record/Section/9/Section/5/Information/4/Value/StringWithMarkup/90/String,string,β-=100%; β-n<20%
/Record/Section/9/Section/5/Information/4/Value/StringWithMarkup/90/Markup/0/Start,number,1
/Record/Section/9/Section/5/Information/4/Value/StringWithMarkup/90/Markup/0/Length,number,1
/Record/Section/9/Section/5/Information/4/Value/StringWithMarkup/90/Markup/0/Type,string,Superscript
/Record/Section/9/Section/5/Information/4/Value/StringWithMarkup/90/Markup/1/Start,number,10
/Record/Section/9/Section/5/Information/4/Value/StringWithMarkup/90/Markup/1/Length,number,1
/Record/Section/9/Section/5/Information/4/Value/StringWithMarkup/90/Markup/1/Type,string,Superscript
/Record/Section/9/Section/5/Information/4/Value/StringWithMarkup/91/String,string,β- ?; β-n ?
/Record/Section/9/Section/5/Information/4/Value/StringWithMarkup/91/Markup/0/Start,number,1
/Record/Section/9/Section/5/Information/4/Value/StringWithMarkup/91/Markup/0/Length,number,1
/Record/Section/9/Section/5/Information/4/Value/StringWithMarkup/91/Markup/0/Type,string,Superscript
/Record/Section/9/Section/5/Information/4/Value/StringWithMarkup/91/Markup/1/Start,number,7
/Record/Section/9/Section/5/Information/4/Value/StringWithMarkup/91/Markup/1/Length,number,1
/Record/Section/9/Section/5/Information/4/Value/StringWithMarkup/91/Markup/1/Type,string,Superscript
/Record/Section/9/Section/5/Information/4/Value/StringWithMarkup/92/String,string,β-=100%; β-n ?; β-2n ?
/Record/Section/9/Section/5/Information/4/Value/StringWithMarkup/92/Markup/0/Start,number,1
/Record/Section/9/Section/5/Information/4/Value/StringWithMarkup/92/Markup/0/Length,number,1
/Record/Section/9/Section/5/Information/4/Value/StringWithMarkup/92/Markup/0/Type,string,Superscript
/Record/Section/9/Section/5/Information/4/Value/StringWithMarkup/92/Markup/1/Start,number,10
/Record/Section/9/Section/5/Information/4/Value/StringWithMarkup/92/Markup/1/Length,number,1
/Record/Section/9/Section/5/Information/4/Value/StringWithMarkup/92/Markup/1/Type,string,Superscript
/Record/Section/9/Section/5/Information/4/Value/StringWithMarkup/92/Markup/2/Start,number,17
/Record/Section/9/Section/5/Information/4/Value/StringWithMarkup/92/Markup/2/Length,number,1
/Record/Section/9/Section/5/Information/4/Value/StringWithMarkup/92/Markup/2/Type,string,Superscript
/Record/Section/9/Section/5/Information/4/Value/StringWithMarkup/93/String,string,β-=100%; β-n ?; β-2n=10%
/Record/Section/9/Section/5/Information/4/Value/StringWithMarkup/93/Markup/0/Start,number,1
/Record/Section/9/Section/5/Information/4/Value/StringWithMarkup/93/Markup/0/Length,number,1
/Record/Section/9/Section/5/Information/4/Value/StringWithMarkup/93/Markup/0/Type,string,Superscript
/Record/Section/9/Section/5/Information/4/Value/StringWithMarkup/93/Markup/1/Start,number,10
/Record/Section/9/Section/5/Information/4/Value/StringWithMarkup/93/Markup/1/Length,number,1
/Record/Section/9/Section/5/Information/4/Value/StringWithMarkup/93/Markup/1/Type,string,Superscript
/Record/Section/9/Section/5/Information/4/Value/StringWithMarkup/93/Markup/2/Start,number,17
/Record/Section/9/Section/5/Information/4/Value/StringWithMarkup/93/Markup/2/Length,number,1
/Record/Section/9/Section/5/Information/4/Value/StringWithMarkup/93/Markup/2/Type,string,Superscript
/Record/Section/9/Section/5/Information/4/Value/StringWithMarkup/94/String,string,β-=100%; β-n ?; β-2n ?
/Record/Section/9/Section/5/Information/4/Value/StringWithMarkup/94/Markup/0/Start,number,1
/Record/Section/9/Section/5/Information/4/Value/StringWithMarkup/94/Markup/0/Length,number,1
/Record/Section/9/Section/5/Information/4/Value/StringWithMarkup/94/Markup/0/Type,string,Superscript
/Record/Section/9/Section/5/Information/4/Value/StringWithMarkup/94/Markup/1/Start,number,10
/Record/Section/9/Section/5/Information/4/Value/StringWithMarkup/94/Markup/1/Length,number,1
/Record/Section/9/Section/5/Information/4/Value/StringWithMarkup/94/Markup/1/Type,string,Superscript
/Record/Section/9/Section/5/Information/4/Value/StringWithMarkup/94/Markup/2/Start,number,17
/Record/Section/9/Section/5/Information/4/Value/StringWithMarkup/94/Markup/2/Length,number,1
/Record/Section/9/Section/5/Information/4/Value/StringWithMarkup/94/Markup/2/Type,string,Superscript
/Record/Section/9/Section/5/Information/4/Value/StringWithMarkup/95/String,string,β- ?; β-n ?
/Record/Section/9/Section/5/Information/4/Value/StringWithMarkup/95/Markup/0/Start,number,1
/Record/Section/9/Section/5/Information/4/Value/StringWithMarkup/95/Markup/0/Length,number,1
/Record/Section/9/Section/5/Information/4/Value/StringWithMarkup/95/Markup/0/Type,string,Superscript
/Record/Section/9/Section/5/Information/4/Value/StringWithMarkup/95/Markup/1/Start,number,7
/Record/Section/9/Section/5/Information/4/Value/StringWithMarkup/95/Markup/1/Length,number,1
/Record/Section/9/Section/5/Information/4/Value/StringWithMarkup/95/Markup/1/Type,string,Superscript
/Record/Reference/0/ReferenceNumber,number,1
/Record/Reference/0/SourceName,string,PubChem
/Record/Reference/0/SourceID,string,PubChem
/Record/Reference/0/Description,string,Data deposited in or computed by PubChem
/Record/Reference/0/URL,string,https://pubchem.ncbi.nlm.nih.gov
/Record/Reference/1/ReferenceNumber,number,2
/Record/Reference/1/SourceName,string,"Atomic Mass Data Center (AMDC), International Atomic Energy Agency (IAEA)"
/Record/Reference/1/SourceID,string,e47
/Record/Reference/1/Name,string,Ag
/Record/Reference/1/Description,string,The half-life and atomic mass data was provided by the Atomic Mass Data Center at the International Atomic Energy Agency.
/Record/Reference/1/URL,string,https://www-nds.iaea.org/amdc/
/Record/Reference/1/LicenseURL,string,https://www-nds.iaea.org/disclaimer.html
/Record/Reference/1/ANID,number,6590274
/Record/Reference/2/ReferenceNumber,number,3
/Record/Reference/2/SourceName,string,IUPAC Commission on Isotopic Abundances and Atomic Weights (CIAAW)
/Record/Reference/2/SourceID,string,a47
/Record/Reference/2/Name,string,Silver
/Record/Reference/2/Description,string,Element data are cited from the Atomic weights of the elements (an IUPAC Technical Report). The IUPAC periodic table of elements can be found at https://iupac.org/what-we-do/periodic-table-of-elements/. Additional information can be found within IUPAC publication doi:10.1515/pac-2015-0703 Copyright © 2020 International Union of Pure and Applied Chemistry.
/Record/Reference/2/URL,string,https://www.ciaaw.org/silver.htm
/Record/Reference/2/LicenseURL,string,http://www.ciaaw.org/bylaws.htm
/Record/Reference/2/ANID,number,2292428
/Record/Reference/3/ReferenceNumber,number,5
/Record/Reference/3/SourceName,string,"Jefferson Lab, U.S. Department of Energy"
/Record/Reference/3/SourceID,string,jlab47
/Record/Reference/3/Name,string,Silver
/Record/Reference/3/Description,string,"Thomas Jefferson National Accelerator Facility (Jefferson Lab) is one of 17 national laboratories funded by the U.S. Department of Energy. The lab's primary mission is to conduct basic research of the atom's nucleus using the lab's unique particle accelerator, known as the Continuous Electron Beam Accelerator Facility (CEBAF). For more information visit https://www.jlab.org/"
/Record/Reference/3/URL,string,https://education.jlab.org/itselemental/ele047.html
/Record/Reference/3/LicenseNote,string,Please see citation and linking information: https://education.jlab.org/faq/index.html
/Record/Reference/3/LicenseURL,string,https://www.jlab.org/privacy-and-security-notice
/Record/Reference/3/ANID,number,507109
/Record/Reference/4/ReferenceNumber,number,6
/Record/Reference/4/SourceName,string,"Los Alamos National Laboratory, U.S. Department of Energy"
/Record/Reference/4/SourceID,string,lanl47
/Record/Reference/4/Name,string,Silver
/Record/Reference/4/Description,string,"The periodic table at the LANL (Los Alamos National Laboratory) contains basic element information together with the history, source, properties, use, handling and more. The provenance data may be found from the link under the source name."
/Record/Reference/4/URL,string,https://periodic.lanl.gov/47.shtml
/Record/Reference/4/ANID,number,507227
/Record/Reference/5/ReferenceNumber,number,7
/Record/Reference/5/SourceName,string,NIST Physical Measurement Laboratory
/Record/Reference/5/SourceID,string,e47
/Record/Reference/5/Name,string,Silver
/Record/Reference/5/Description,string,"The periodic table contains NIST's critically-evaluated data on atomic properties of the elements. The provenance data that include data for atomic spectroscopy, X-ray and gamma ray, radiation dosimetry, nuclear physics, and condensed matter physics may be found from the link under the source name. Ref: https://www.nist.gov/pml/atomic-spectra-database"
/Record/Reference/5/URL,string,https://physics.nist.gov/cgi-bin/Elements/elInfo.pl?element=47
/Record/Reference/5/LicenseURL,string,https://www.nist.gov/pml/database-disclaimer
/Record/Reference/5/ANID,number,2292664
/Record/Reference/6/ReferenceNumber,number,4
/Record/Reference/6/SourceName,string,IUPAC Periodic Table of the Elements and Isotopes (IPTEI)
/Record/Reference/6/SourceID,string,p47
/Record/Reference/6/Description,string,"The information are cited from Pure Appl. Chem. 2018; 90(12): 1833-2092, https://doi.org/10.1515/pac-2015-0703."
/Record/Reference/6/URL,string,https://doi.org/10.1515/pac-2015-0703
/Record/Reference/6/LicenseNote,string,"Copyright (c) 2020 International Union of Pure and Applied Chemistry.

The International Union of Pure and Applied Chemistry (IUPAC) contribution within Pubchem is provided under a CC-BY-NC-ND 4.0 license, unless otherwise stated."
/Record/Reference/6/LicenseURL,string,https://creativecommons.org/licenses/by-nc-nd/4.0/
/Record/Reference/6/ANID,number,13296452
/Record/Reference/7/ReferenceNumber,number,9
/Record/Reference/7/SourceName,string,PubChem Elements
/Record/Reference/7/SourceID,string,ep_47
/Record/Reference/7/Name,string,Silver
/Record/Reference/7/Description,string,The element property data was retrieved from publications.
/Record/Reference/7/LicenseURL,string,https://www.nlm.nih.gov/copyright.html
/Record/Reference/7/ANID,number,24834130
/Record/Reference/8/ReferenceNumber,number,8
/Record/Reference/8/SourceName,string,PubChem Elements
/Record/Reference/8/SourceID,string,ef_47
/Record/Reference/8/Name,string,Silver
/Record/Reference/8/Description,string,This section provides all form of data related to element Silver.
/Record/Reference/8/LicenseURL,string,https://www.nlm.nih.gov/copyright.html
/Record/Reference/8/ANID,number,24833975
