path,type,value
/Record/RecordType,string,AtomicNumber
/Record/RecordNumber,number,84
/Record/RecordTitle,string,Polonium
/Record/Section/0/TOCHeading,string,Identifiers
/Record/Section/0/Description,string,"Identifiers for this element, including element name, element symbol, InChI string, and InChIKey."
/Record/Section/0/Section/0/TOCHeading,string,Element Name
/Record/Section/0/Section/0/Description,string,"The formal, standard name for a given element, originating from factors such as common usage and the person or place involved in its discovery. Element, also called chemical element, refers to a species of atom; all varieties of atoms with the same number of protons in the nucleus (but possibly a different number of neutrons) are considered to be the same element."
/Record/Section/0/Section/0/Information/0/ReferenceNumber,number,1
/Record/Section/0/Section/0/Information/0/Name,string,Element Name
/Record/Section/0/Section/0/Information/0/Value/StringWithMarkup/0/String,string,Polonium
/Record/Section/0/Section/0/Information/1/ReferenceNumber,number,3
/Record/Section/0/Section/0/Information/1/Name,string,Element Name
/Record/Section/0/Section/0/Information/1/Value/StringWithMarkup/0/String,string,Polonium
/Record/Section/0/Section/1/TOCHeading,string,Element Symbol
/Record/Section/0/Section/1/Description,string,"Element symbol, also called atomic symbol, typically consists of one or two letters from the Latin alphabet derived from the element name in one of several languages."
/Record/Section/0/Section/1/Information/0/ReferenceNumber,number,1
/Record/Section/0/Section/1/Information/0/Name,string,Element Symbol
/Record/Section/0/Section/1/Information/0/Value/StringWithMarkup/0/String,string,Po
/Record/Section/0/Section/1/Information/1/ReferenceNumber,number,3
/Record/Section/0/Section/1/Information/1/Name,string,Element Symbol
/Record/Section/0/Section/1/Information/1/Value/StringWithMarkup/0/String,string,Po
/Record/Section/0/Section/2/TOCHeading,string,InChI
/Record/Section/0/Section/2/Description,string,"The International Chemical Identifier (InChI) is a computed, non-proprietary identifier for a chemical structure.  The InChI is an International Union of Pure and Applied Chemistry (IUPAC) standard."
/Record/Section/0/Section/2/URL,string,https://iupac.org/who-we-are/divisions/division-details/inchi/
/Record/Section/0/Section/2/Information/0/ReferenceNumber,number,1
/Record/Section/0/Section/2/Information/0/Name,string,InChI
/Record/Section/0/Section/2/Information/0/Value/StringWithMarkup/0/String,string,InChI=1S/Po
/Record/Section/0/Section/3/TOCHeading,string,InChIKey
/Record/Section/0/Section/3/Description,string,"An InChIKey is a 27-character hashed code derived from an InChI.  The International Chemical Identifier (InChI) is a computed, non-proprietary identifier for a chemical structure.  The InChI is an International Union of Pure and Applied Chemistry (IUPAC) standard."
/Record/Section/0/Section/3/URL,string,https://iupac.org/who-we-are/divisions/division-details/inchi/
/Record/Section/0/Section/3/Information/0/ReferenceNumber,number,1
/Record/Section/0/Section/3/Information/0/Name,string,InChIKey
/Record/Section/0/Section/3/Information/0/Value/StringWithMarkup/0/String,string,HZEBHPIOVYHPMT-UHFFFAOYSA-N
/Record/Section/1/TOCHeading,string,Properties
/Record/Section/1/Description,string,"Characteristics of this element, such as atomic number, atomic mass, density, melting point, boiling point and so on."
/Record/Section/1/Section/0/TOCHeading,string,Atomic Weight
/Record/Section/1/Section/0/Description,string,"Also called relative atomic mass, is the ratio of the average mass of the atom to the unified atomic mass unit, defined as one twelfth of the mass of a carbon-12 atom in its ground state and used to express masses of atomic particles, u=1.660 5402(10) * 10**(-27) kg. The Standard atomic weights refer to recommended values of relative atomic masses of the elements revised biennially by the IUPAC Commission on Atomic Weights and Isotopic Abundances and applicable to elements in any normal sample with a high level of confidence. The number in the parenthesis refers to an uncertainty when exists. The unit of atomic weight is the dalton or unified atomic mass unit (symbol: Da or u)."
/Record/Section/1/Section/0/Information/0/ReferenceNumber,number,5
/Record/Section/1/Section/0/Information/0/Value/StringWithMarkup/0/String,string,209
/Record/Section/1/Section/0/Information/1/ReferenceNumber,number,6
/Record/Section/1/Section/0/Information/1/Value/StringWithMarkup/0/String,string,209
/Record/Section/1/Section/0/Information/2/ReferenceNumber,number,7
/Record/Section/1/Section/0/Information/2/Value/StringWithMarkup/0/String,string,[209]
/Record/Section/1/Section/1/TOCHeading,string,Electron Configuration
/Record/Section/1/Section/1/Description,string,"The electron configuration refers a distribution of the electrons of an atom or a molecular entity over a set of one-electron wavefunctions (called orbitals), according to the Pauli principle. From one configuration several states with different multiplicities may result."
/Record/Section/1/Section/1/URL,string,https://chem.libretexts.org/Courses/Sacramento_City_College/SCC%3A_Chem_420_-_Organic_Chemistry_I/Text/01%3A_Introduction_and_Review/1.04%3A_Electron_Configurations
/Record/Section/1/Section/1/Information/0/ReferenceNumber,number,6
/Record/Section/1/Section/1/Information/0/Value/StringWithMarkup/0/String,string,[Xe]6s24f145d106p4
/Record/Section/1/Section/1/Information/0/Value/StringWithMarkup/0/Markup/0/Start,number,6
/Record/Section/1/Section/1/Information/0/Value/StringWithMarkup/0/Markup/0/Length,number,1
/Record/Section/1/Section/1/Information/0/Value/StringWithMarkup/0/Markup/0/Type,string,Superscript
/Record/Section/1/Section/1/Information/0/Value/StringWithMarkup/0/Markup/1/Start,number,9
/Record/Section/1/Section/1/Information/0/Value/StringWithMarkup/0/Markup/1/Length,number,2
/Record/Section/1/Section/1/Information/0/Value/StringWithMarkup/0/Markup/1/Type,string,Superscript
/Record/Section/1/Section/1/Information/0/Value/StringWithMarkup/0/Markup/2/Start,number,13
/Record/Section/1/Section/1/Information/0/Value/StringWithMarkup/0/Markup/2/Length,number,2
/Record/Section/1/Section/1/Information/0/Value/StringWithMarkup/0/Markup/2/Type,string,Superscript
/Record/Section/1/Section/1/Information/0/Value/StringWithMarkup/0/Markup/3/Start,number,17
/Record/Section/1/Section/1/Information/0/Value/StringWithMarkup/0/Markup/3/Length,number,1
/Record/Section/1/Section/1/Information/0/Value/StringWithMarkup/0/Markup/3/Type,string,Superscript
/Record/Section/1/Section/2/TOCHeading,string,Atomic Radius
/Record/Section/1/Section/2/Description,string,"The atomic radius of a chemical element is a measure of the size of its atom, usually, the distance from the center of the nucleus to the outermost isolated electron.  Because an atom does not have a discrete boundary, there are various non-equivalent definitions of atomic radius, such as Van der Waals radius and covalent radius."
/Record/Section/1/Section/2/Information/0/ReferenceNumber,number,6
/Record/Section/1/Section/2/Information/0/Name,string,Van der Waals Atomic Radius
/Record/Section/1/Section/2/Information/0/Value/StringWithMarkup/0/String,string,197 pm (Van der Waals)
/Record/Section/1/Section/2/Information/1/ReferenceNumber,number,9
/Record/Section/1/Section/2/Information/1/Name,string,Empirical Atomic Radius
/Record/Section/1/Section/2/Information/1/Reference/0,string,"J.C. Slater, J Chem Phys, 1964, 41(10), 3199-3205. DOI:10.1063/1.1725697"
/Record/Section/1/Section/2/Information/1/ExtendedReference/0/Citation,string,"J.C. Slater, J Chem Phys, 1964, 41(10), 3199-3205. DOI:10.1063/1.1725697"
/Record/Section/1/Section/2/Information/1/Value/Number/0,number,190
/Record/Section/1/Section/2/Information/1/Value/Unit,string,pm (Empirical)
/Record/Section/1/Section/2/Information/2/ReferenceNumber,number,9
/Record/Section/1/Section/2/Information/2/Name,string,Covalent Atomic Radius
/Record/Section/1/Section/2/Information/2/Reference/0,string,"B. Cordero, V. Gómez, A.E. Platero-Prats, M. Revés, J. Echeverría, E. Cremades, F. Barragán, S. Alvarez, Dalton Trans. 2008, 21, 2832-2838. DOI:10.1039/b801115j PMID:18478144."
/Record/Section/1/Section/2/Information/2/ExtendedReference/0/Citation,string,"B. Cordero, V. Gómez, A.E. Platero-Prats, M. Revés, J. Echeverría, E. Cremades, F. Barragán, S. Alvarez, Dalton Trans. 2008, 21, 2832-2838. DOI:10.1039/b801115j PMID:18478144."
/Record/Section/1/Section/2/Information/2/Value/StringWithMarkup/0/String,string,140(4) pm (Covalent)
/Record/Section/1/Section/3/TOCHeading,string,Oxidation States
/Record/Section/1/Section/3/Description,string,"The oxidation state(s) that this element commonly has in a compound.  The oxidation state of an atom is defined as the hypothetical charge that would be held by that atom if all of its bonds to other atoms were completely ionic in nature. For example, the oxidation state of carbon in CO2 would be +4 since the hypothetical charge held by the carbon atom if both of the carbon-oxygen double bonds were completely ionic would be equal to +4 (each oxygen atom would hold a charge of -2 since oxygen is more electronegative than carbon)."
/Record/Section/1/Section/3/URL,string,https://chem.libretexts.org/Bookshelves/General_Chemistry/Map%3A_Chemistry_-_The_Central_Science_(Brown_et_al.)/20%3A_Electrochemistry/20.01%3A_Oxidation_States_and_Redox_Reactions
/Record/Section/1/Section/3/Information/0/ReferenceNumber,number,5
/Record/Section/1/Section/3/Information/0/Value/StringWithMarkup/0/String,string,"+4, +2"
/Record/Section/1/Section/3/Information/1/ReferenceNumber,number,6
/Record/Section/1/Section/3/Information/1/Value/StringWithMarkup/0/String,string,"6, 5, 4, 2, -1"
/Record/Section/1/Section/4/TOCHeading,string,Ground Level
/Record/Section/1/Section/4/Description,string,Also called ground-state level. The ground state electron configuration is the arrangement of electrons around the nucleus of an atom with lower energy levels.
/Record/Section/1/Section/4/Information/0/ReferenceNumber,number,7
/Record/Section/1/Section/4/Information/0/Value/StringWithMarkup/0/String,string,3P2
/Record/Section/1/Section/4/Information/0/Value/StringWithMarkup/0/Markup/0/Start,number,0
/Record/Section/1/Section/4/Information/0/Value/StringWithMarkup/0/Markup/0/Length,number,1
/Record/Section/1/Section/4/Information/0/Value/StringWithMarkup/0/Markup/0/Type,string,Superscript
/Record/Section/1/Section/4/Information/0/Value/StringWithMarkup/0/Markup/1/Start,number,2
/Record/Section/1/Section/4/Information/0/Value/StringWithMarkup/0/Markup/1/Length,number,1
/Record/Section/1/Section/4/Information/0/Value/StringWithMarkup/0/Markup/1/Type,string,Subscript
/Record/Section/1/Section/5/TOCHeading,string,Ionization Energy
/Record/Section/1/Section/5/Description,string,"Ionization energy, also called ionization potential, is the amount of energy required to remove an electron from an isolated atom or molecule."
/Record/Section/1/Section/5/URL,string,https://www.britannica.com/science/ionization-energy
/Record/Section/1/Section/5/Information/0/ReferenceNumber,number,5
/Record/Section/1/Section/5/Information/0/Value/StringWithMarkup/0/String,string,8.417 eV
/Record/Section/1/Section/5/Information/1/ReferenceNumber,number,7
/Record/Section/1/Section/5/Information/1/Reference/0,string,"Determination of the First Ionization Energy of Polonium by Resonance Ionization Spectroscopy – Part II: Measurement of Odd-Parity Rydberg States at CERN-ISOLDE, D. A. Fink, K. Blaum, V. N. Fedosseev, B. A. Marsh, R. E. Rossel, and S. Rothe, Spectrochim. Acta, Part B 151, 72–82 (2019) DOI:10.1016/j.sab.2018.08.004"
/Record/Section/1/Section/5/Information/1/Reference/1,string,"Determination of the First Ionization Energy of Polonium by Resonance Ionization Spectroscopy - Part I: Measurement of Even-Parity Rydberg States at TRIUMF-ISAC, S. Raeder, H. Heggen, A. Teigelhöfer, and J. Lassen, Spectrochim. Acta, Part B 151, 65–71 (2019) DOI:10.1016/j.sab.2018.08.005"
/Record/Section/1/Section/5/Information/1/ExtendedReference/0/Citation,string,"Determination of the First Ionization Energy of Polonium by Resonance Ionization Spectroscopy – Part II: Measurement of Odd-Parity Rydberg States at CERN-ISOLDE, D. A. Fink, K. Blaum, V. N. Fedosseev, B. A. Marsh, R. E. Rossel, and S. Rothe, Spectrochim. Acta, Part B 151, 72–82 (2019) DOI:10.1016/j.sab.2018.08.004"
/Record/Section/1/Section/5/Information/1/ExtendedReference/1/Citation,string,"Determination of the First Ionization Energy of Polonium by Resonance Ionization Spectroscopy - Part I: Measurement of Even-Parity Rydberg States at TRIUMF-ISAC, S. Raeder, H. Heggen, A. Teigelhöfer, and J. Lassen, Spectrochim. Acta, Part B 151, 65–71 (2019) DOI:10.1016/j.sab.2018.08.005"
/Record/Section/1/Section/5/Information/1/Value/StringWithMarkup/0/String,string,8.418070 ± 0.000004 eV
/Record/Section/1/Section/6/TOCHeading,string,Electronegativity
/Record/Section/1/Section/6/Description,string,Electronegativity is a measure of the tendency of an atom to attract a bonding pair of electrons.
/Record/Section/1/Section/6/URL,string,https://chem.libretexts.org/Bookshelves/Physical_and_Theoretical_Chemistry_Textbook_Maps/Supplemental_Modules_(Physical_and_Theoretical_Chemistry)/Physical_Properties_of_Matter/Atomic_and_Molecular_Properties/Electronegativity
/Record/Section/1/Section/6/Information/0/ReferenceNumber,number,9
/Record/Section/1/Section/6/Information/0/Name,string,Pauling Scale Electronegativity
/Record/Section/1/Section/6/Information/0/Reference/0,string,"A.L. Allred, J. Inorg. Nucl. Chem., 1961, 17(3-4), 215-221. DOI:10.1016/0022-1902(61)80142-5"
/Record/Section/1/Section/6/Information/0/ExtendedReference/0/Citation,string,"A.L. Allred, J. Inorg. Nucl. Chem., 1961, 17(3-4), 215-221. DOI:10.1016/0022-1902(61)80142-5"
/Record/Section/1/Section/6/Information/0/Value/Number/0,number,2
/Record/Section/1/Section/6/Information/0/Value/Unit,string,(Pauling Scale)
/Record/Section/1/Section/6/Information/1/ReferenceNumber,number,9
/Record/Section/1/Section/6/Information/1/Name,string,Allen Scale Electronegativity
/Record/Section/1/Section/6/Information/1/Reference/0,string,"L.C. Allen, J. Am. Chem. Soc., 1989, 111, 9003. DOI:10.1021/ja00207a003"
/Record/Section/1/Section/6/Information/1/Reference/1,string,"J.B. Mann, T.L. Meek and L.C. Allen, J. Am. Chem. Soc., 2000, 122, 2780. DOI:10.1021/ja992866e"
/Record/Section/1/Section/6/Information/1/Reference/2,string,"J.B. Mann, T.L. Meek, E.T. Knight, J.F. Capitani and L.C Allen, J. Am. Chem. Soc., 2000, 122, 5132. DOI:10.1021/ja9928677"
/Record/Section/1/Section/6/Information/1/ExtendedReference/0/Citation,string,"L.C. Allen, J. Am. Chem. Soc., 1989, 111, 9003. DOI:10.1021/ja00207a003"
/Record/Section/1/Section/6/Information/1/ExtendedReference/1/Citation,string,"J.B. Mann, T.L. Meek and L.C. Allen, J. Am. Chem. Soc., 2000, 122, 2780. DOI:10.1021/ja992866e"
/Record/Section/1/Section/6/Information/1/ExtendedReference/2/Citation,string,"J.B. Mann, T.L. Meek, E.T. Knight, J.F. Capitani and L.C Allen, J. Am. Chem. Soc., 2000, 122, 5132. DOI:10.1021/ja9928677"
/Record/Section/1/Section/6/Information/1/Value/Number/0,number,2.19
/Record/Section/1/Section/6/Information/1/Value/Unit,string,(Allen Scale)
/Record/Section/1/Section/7/TOCHeading,string,Electron Affinity
/Record/Section/1/Section/7/Description,string,"Electron affinity refers to the energy released when an additional electron is attached to a neutral atom to form a singly charged negative ion.  Alternatively, it can also be defined as the energy required to detach an electron from the singly charged negative ion."
/Record/Section/1/Section/7/URL,string,https://chem.libretexts.org/Bookshelves/Physical_and_Theoretical_Chemistry_Textbook_Maps/Supplemental_Modules_(Physical_and_Theoretical_Chemistry)/Physical_Properties_of_Matter/Atomic_and_Molecular_Properties/Electron_Affinity
/Record/Section/1/Section/7/Information/0/ReferenceNumber,number,9
/Record/Section/1/Section/7/Information/0/Reference/0,string,"R.T Myers, J. Chem. Edu., 1990, 67(4), 307. DOI:10.1021/ed067p307"
/Record/Section/1/Section/7/Information/0/ExtendedReference/0/Citation,string,"R.T Myers, J. Chem. Edu., 1990, 67(4), 307. DOI:10.1021/ed067p307"
/Record/Section/1/Section/7/Information/0/Value/Number/0,number,1.9
/Record/Section/1/Section/7/Information/0/Value/Unit,string,eV
/Record/Section/1/Section/7/Information/1/ReferenceNumber,number,9
/Record/Section/1/Section/7/Information/1/Reference/0,string,"R.J. Zollweg, J. Chem. Phys., 1969, 50, 4251. DOI:10.1063/1.1670890"
/Record/Section/1/Section/7/Information/1/ExtendedReference/0/Citation,string,"R.J. Zollweg, J. Chem. Phys., 1969, 50, 4251. DOI:10.1063/1.1670890"
/Record/Section/1/Section/7/Information/1/Value/Number/0,number,1.32
/Record/Section/1/Section/7/Information/1/Value/Unit,string,eV
/Record/Section/1/Section/8/TOCHeading,string,Atomic Spectra
/Record/Section/1/Section/8/Description,string,The spectrum of the electromagnetic radiation emitted or absorbed by an electron during transitions between different energy levels within an atom.
/Record/Section/1/Section/8/Information/0/ReferenceNumber,number,7
/Record/Section/1/Section/8/Information/0/URL,string,https://physics.nist.gov/cgi-bin/ASD/lines_hold.pl?el=Po
/Record/Section/1/Section/8/Information/0/Value/StringWithMarkup/0/String,string,Lines Holdings
/Record/Section/1/Section/8/Information/1/ReferenceNumber,number,7
/Record/Section/1/Section/8/Information/1/URL,string,https://physics.nist.gov/cgi-bin/ASD/levels_hold.pl?el=Po
/Record/Section/1/Section/8/Information/1/Value/StringWithMarkup/0/String,string,Levels Holdings
/Record/Section/1/Section/9/TOCHeading,string,Physical Description
/Record/Section/1/Section/9/Description,string,"The appearance or features of this element, including color, odor, state, taste and more in general."
/Record/Section/1/Section/9/Information/0/ReferenceNumber,number,5
/Record/Section/1/Section/9/Information/0/Value/StringWithMarkup/0/String,string,Solid
/Record/Section/1/Section/10/TOCHeading,string,Element Classification
/Record/Section/1/Section/10/Description,string,"Classification according to the element's chemical and physical properties, and location within the periodic table."
/Record/Section/1/Section/10/Information/0/ReferenceNumber,number,5
/Record/Section/1/Section/10/Information/0/Value/StringWithMarkup/0/String,string,Metal
/Record/Section/1/Section/11/TOCHeading,string,Element Period Number
/Record/Section/1/Section/11/Description,string,The element period number refers to a horizontal row of the periodic table. The periodic table has 7 periods.
/Record/Section/1/Section/11/Information/0/ReferenceNumber,number,5
/Record/Section/1/Section/11/Information/0/Value/StringWithMarkup/0/String,string,6
/Record/Section/1/Section/12/TOCHeading,string,Element Group Number
/Record/Section/1/Section/12/Description,string,Element group refers to a set of chemical elements in the same vertical column of the periodic table
/Record/Section/1/Section/12/Information/0/ReferenceNumber,number,5
/Record/Section/1/Section/12/Information/0/Value/StringWithMarkup/0/String,string,16 - Chalcogen
/Record/Section/1/Section/13/TOCHeading,string,Density
/Record/Section/1/Section/13/Description,string,This section provides information on the density of an element. It is the mass of a unit volume of the element and commonly expressed in units of kg/m3 or g/cm3.
/Record/Section/1/Section/13/URL,string,https://chem.libretexts.org/Bookshelves/Introductory_Chemistry/Map%3A_Fundamentals_of_General_Organic_and_Biological_Chemistry_(McMurry_et_al.)/01%3A_Matter_and_Measurements/1.12%3A_Density_and_Specific_Gravity
/Record/Section/1/Section/13/Information/0/ReferenceNumber,number,5
/Record/Section/1/Section/13/Information/0/Value/StringWithMarkup/0/String,string,9.32 grams per cubic centimeter
/Record/Section/1/Section/14/TOCHeading,string,Melting Point
/Record/Section/1/Section/14/Description,string,"This section provides the melting point and/or freezing point. The melting point is the temperature at which a substance changes state from solid to liquid at atmospheric pressure. When considered as the temperature of the reverse change (from liquid to solid), it is referred to as the freezing point."
/Record/Section/1/Section/14/URL,string,https://chem.libretexts.org/Bookshelves/Organic_Chemistry/Organic_Chemistry_Lab_Techniques_(Nichols)/06%3A_Miscellaneous_Techniques/6.01%3A_Melting_Point
/Record/Section/1/Section/14/Information/0/ReferenceNumber,number,5
/Record/Section/1/Section/14/Information/0/Value/StringWithMarkup/0/String,string,527 K (254°C or 489°F)
/Record/Section/1/Section/14/Information/1/ReferenceNumber,number,6
/Record/Section/1/Section/14/Information/1/Value/StringWithMarkup/0/String,string,254°C
/Record/Section/1/Section/15/TOCHeading,string,Boiling Point
/Record/Section/1/Section/15/Description,string,The temperature at which this element changes state from liquid to gas at a given atmospheric pressure.
/Record/Section/1/Section/15/URL,string,https://chem.libretexts.org/Bookshelves/Organic_Chemistry/Organic_Chemistry_Lab_Techniques_(Nichols)/06%3A_Miscellaneous_Techniques/6.02%3A_Boiling_Point
/Record/Section/1/Section/15/Information/0/ReferenceNumber,number,5
/Record/Section/1/Section/15/Information/0/Value/StringWithMarkup/0/String,string,1235 K (962°C or 1764°F)
/Record/Section/1/Section/15/Information/1/ReferenceNumber,number,6
/Record/Section/1/Section/15/Information/1/Value/StringWithMarkup/0/String,string,962°C
/Record/Section/1/Section/16/TOCHeading,string,Estimated Crustal Abundance
/Record/Section/1/Section/16/Description,string,The estimated element abundance in the earth's crust.
/Record/Section/1/Section/16/Information/0/ReferenceNumber,number,5
/Record/Section/1/Section/16/Information/0/Value/StringWithMarkup/0/String,string,2×10-10 milligrams per kilogram
/Record/Section/1/Section/16/Information/0/Value/StringWithMarkup/0/Markup/0/Start,number,4
/Record/Section/1/Section/16/Information/0/Value/StringWithMarkup/0/Markup/0/Length,number,3
/Record/Section/1/Section/16/Information/0/Value/StringWithMarkup/0/Markup/0/Type,string,Superscript
/Record/Section/1/Section/17/TOCHeading,string,Estimated Oceanic Abundance
/Record/Section/1/Section/17/Description,string,The estimated element abundance in the earth's oceans.
/Record/Section/1/Section/17/Information/0/ReferenceNumber,number,5
/Record/Section/1/Section/17/Information/0/Value/StringWithMarkup/0/String,string,1.5×10-14 milligrams per liter
/Record/Section/1/Section/17/Information/0/Value/StringWithMarkup/0/Markup/0/Start,number,6
/Record/Section/1/Section/17/Information/0/Value/StringWithMarkup/0/Markup/0/Length,number,3
/Record/Section/1/Section/17/Information/0/Value/StringWithMarkup/0/Markup/0/Type,string,Superscript
/Record/Section/2/TOCHeading,string,History
/Record/Section/2/Description,string,The history of the discovery and use of this element.
/Record/Section/2/Information/0/ReferenceNumber,number,5
/Record/Section/2/Information/0/Value/StringWithMarkup/0/String,string,"Polonium was discovered by Marie Sklodowska Curie, a Polish chemist, in 1898. She obtained polonium from pitchblende, a material that contains uranium, after noticing that unrefined pitchblende was more radioactive than the uranium that was separated from it. She reasoned that pitchblende must contain at least one other radioactive element. Curie needed to refine several tons of pitchblende in order to obtain tiny amounts of polonium and radium, another radioactive element discovered by Curie. One ton of uranium ore contains only about 100 micrograms (0.0001 grams) of polonium. Due to its scarcity, polonium is usually produced by bombarding bismuth-209 with neutrons in a nuclear reactor. This forms bismuth-210, which has a half-life of 5 days. Bismuth-210 decays into polonium-210 through beta decay. Milligram amounts of polonium-210 have been produced by this method."
/Record/Section/2/Information/0/Value/StringWithMarkup/1/String,string,Polonium-210 is a very strong emitter of alpha particles. A single gram of polonium-210 creates 140 Watts of heat energy and is being considered as a lightweight heat source for thermoelectric power for spacecraft. Polonium-210 has a half-life of 138.39 days.
/Record/Section/2/Information/0/Value/StringWithMarkup/2/String,string,"Polonium's most stable isotope, polonium-209, has a half-life of 102 years. It decays into lead-205 through alpha decay. Polonium-209 is available from Oak Ridge National Laboratory at the cost of about $3200 per microcurie."
/Record/Section/2/Information/1/ReferenceNumber,number,6
/Record/Section/2/Information/1/Value/StringWithMarkup/0/String,string,"Named after Poland, native country of Madam Curie. Polonium, also called Radium F, was the first element discovered by Curie in 1898 while seeking the cause of radioactivity of pitchblend from Joachimsthal, Bohemia. The electroscope showed it separating with bismuth."
/Record/Section/3/TOCHeading,string,Description
/Record/Section/3/Description,string,"A short description of this element, provided by authoritative sources."
/Record/Section/3/Information/0/ReferenceNumber,number,6
/Record/Section/3/Information/0/Value/StringWithMarkup/0/String,string,"Polonium-210 is a low-melting, fairly volatile metal, 50% of which is vaporized in air in 45 hours at 55°C. It is an alpha emitter with a half-life of 138.39 days. A milligram emits as many alpha particles as 5 g of radium."
/Record/Section/3/Information/0/Value/StringWithMarkup/1/String,string,"The energy released by its decay is so large (140W/g) that a capsule containing about half a gram reaches a temperature above 500C. The capsule also presents a contact gamma-ray dose rate of 0.012 Gy/h. A few curies (1 curie = 3.7 x 1010Bq) of polonium exhibit a blue glow, caused by excitation of the surrounding gas."
/Record/Section/3/Information/0/Value/StringWithMarkup/1/Markup/0/Start,number,235
/Record/Section/3/Information/0/Value/StringWithMarkup/1/Markup/0/Length,number,2
/Record/Section/3/Information/0/Value/StringWithMarkup/1/Markup/0/Type,string,Superscript
/Record/Section/3/Information/0/Value/StringWithMarkup/2/String,string,"Polonium is readily dissolved in dilute acids, but is only slightly soluble in alkali. Polonium salts of organic acids char rapidly; halide amines are reduced to the metal."
/Record/Section/4/TOCHeading,string,Uses
/Record/Section/4/Description,string,Uses of this element in industry and other fields.
/Record/Section/4/Information/0/ReferenceNumber,number,5
/Record/Section/4/Information/0/Value/StringWithMarkup/0/String,string,"Polonium can be used to eliminate static electricity in machinery that is caused by processes such as the rolling of paper, wire or sheet metal, although other materials which emit beta particles are more commonly used for this purpose. Polonium is also used in brushes for removing dust from photographic films, although the polonium must be carefully sealed to protect the user from contamination. Polonium is also combined with beryllium to form neutron sources."
/Record/Section/4/Information/1/ReferenceNumber,number,6
/Record/Section/4/Information/1/Value/StringWithMarkup/0/String,string,"Because almost all alpha radiation is stopped within the solid source and its container, giving up its energy, polonium has attracted attention for uses as a lightweight heat source for thermoelectric power in space satellites."
/Record/Section/4/Information/1/Value/StringWithMarkup/1/String,string,"Polonium can be mixed or alloyed with beryllium to provide a source of neutrons. The element has been used in devices for eliminating static charges in textile mills, etc.; however, beta sources are both more commonly used and less dangerous. It is also used on brushes for removing dust from photographic films. The polonium for these is carefully sealed and controlled, minimizing hazards to the user."
/Record/Section/5/TOCHeading,string,Sources
/Record/Section/5/Description,string,Sources of this element.
/Record/Section/5/Information/0/ReferenceNumber,number,6
/Record/Section/5/Information/0/Value/StringWithMarkup/0/String,string,Polonium is a very rare natural element. Uranium ores contain only about 100 micrograms of the element per ton. Its abundance is only about 0.2% of that of radium.
/Record/Section/5/Information/0/Value/StringWithMarkup/1/String,string,"In 1934, scientists discovered that when they bombarded natural bismuth (209Bi) with neutrons, 210Bi, the parent of polonium, was obtained. Milligram amounts of polonium may now be prepared this way, by using the high neutron fluxes of nuclear reactors."
/Record/Section/5/Information/0/Value/StringWithMarkup/1/Markup/0/Start,number,73
/Record/Section/5/Information/0/Value/StringWithMarkup/1/Markup/0/Length,number,3
/Record/Section/5/Information/0/Value/StringWithMarkup/1/Markup/0/Type,string,Superscript
/Record/Section/5/Information/0/Value/StringWithMarkup/1/Markup/1/Start,number,95
/Record/Section/5/Information/0/Value/StringWithMarkup/1/Markup/1/Length,number,3
/Record/Section/5/Information/0/Value/StringWithMarkup/1/Markup/1/Type,string,Superscript
/Record/Section/6/TOCHeading,string,Compounds
/Record/Section/6/Description,string,Compound records related to this element.
/Record/Section/6/Information/0/ReferenceNumber,number,8
/Record/Section/6/Information/0/Name,string,Compounds
/Record/Section/6/Information/0/URL,string,https://pubchem.ncbi.nlm.nih.gov/#query=Polonium
/Record/Section/6/Information/0/Value/StringWithMarkup/0/String,string,See more information at the Polonium compound page.
/Record/Section/6/Section/0/TOCHeading,string,Element Forms
/Record/Section/6/Section/0/Description,string,"Other forms of this element, including ions, isotopes, etc."
/Record/Section/6/Section/0/DisplayControls/CreateTable/FromInformationIn,string,ThisSection
/Record/Section/6/Section/0/DisplayControls/CreateTable/NumberOfColumns,number,5
/Record/Section/6/Section/0/DisplayControls/CreateTable/ColumnsFromNamedLists/Name/0,string,CID
/Record/Section/6/Section/0/DisplayControls/CreateTable/ColumnsFromNamedLists/Name/1,string,Name
/Record/Section/6/Section/0/DisplayControls/CreateTable/ColumnsFromNamedLists/Name/2,string,Formula
/Record/Section/6/Section/0/DisplayControls/CreateTable/ColumnsFromNamedLists/Name/3,string,SMILES
/Record/Section/6/Section/0/DisplayControls/CreateTable/ColumnsFromNamedLists/Name/4,string,Molecular Weight
/Record/Section/6/Section/0/DisplayControls/CreateTable/ColumnsFromNamedLists/UseNamesAsColumnHeadings,boolean,true
/Record/Section/6/Section/0/Information/0/ReferenceNumber,number,8
/Record/Section/6/Section/0/Information/0/Name,string,CID
/Record/Section/6/Section/0/Information/0/Value/StringWithMarkup/0/String,string,6328143
/Record/Section/6/Section/0/Information/0/Value/StringWithMarkup/0/Markup/0/Start,number,0
/Record/Section/6/Section/0/Information/0/Value/StringWithMarkup/0/Markup/0/Length,number,7
/Record/Section/6/Section/0/Information/0/Value/StringWithMarkup/0/Markup/0/URL,string,https://pubchem.ncbi.nlm.nih.gov/compound/6328143
/Record/Section/6/Section/0/Information/0/Value/StringWithMarkup/1/String,string,6328544
/Record/Section/6/Section/0/Information/0/Value/StringWithMarkup/1/Markup/0/Start,number,0
/Record/Section/6/Section/0/Information/0/Value/StringWithMarkup/1/Markup/0/Length,number,7
/Record/Section/6/Section/0/Information/0/Value/StringWithMarkup/1/Markup/0/URL,string,https://pubchem.ncbi.nlm.nih.gov/compound/6328544
/Record/Section/6/Section/0/Information/0/Value/StringWithMarkup/2/String,string,6328554
/Record/Section/6/Section/0/Information/0/Value/StringWithMarkup/2/Markup/0/Start,number,0
/Record/Section/6/Section/0/Information/0/Value/StringWithMarkup/2/Markup/0/Length,number,7
/Record/Section/6/Section/0/Information/0/Value/StringWithMarkup/2/Markup/0/URL,string,https://pubchem.ncbi.nlm.nih.gov/compound/6328554
/Record/Section/6/Section/0/Information/0/Value/StringWithMarkup/3/String,string,6335815
/Record/Section/6/Section/0/Information/0/Value/StringWithMarkup/3/Markup/0/Start,number,0
/Record/Section/6/Section/0/Information/0/Value/StringWithMarkup/3/Markup/0/Length,number,7
/Record/Section/6/Section/0/Information/0/Value/StringWithMarkup/3/Markup/0/URL,string,https://pubchem.ncbi.nlm.nih.gov/compound/6335815
/Record/Section/6/Section/0/Information/0/Value/StringWithMarkup/4/String,string,6337584
/Record/Section/6/Section/0/Information/0/Value/StringWithMarkup/4/Markup/0/Start,number,0
/Record/Section/6/Section/0/Information/0/Value/StringWithMarkup/4/Markup/0/Length,number,7
/Record/Section/6/Section/0/Information/0/Value/StringWithMarkup/4/Markup/0/URL,string,https://pubchem.ncbi.nlm.nih.gov/compound/6337584
/Record/Section/6/Section/0/Information/0/Value/StringWithMarkup/5/String,string,6337588
/Record/Section/6/Section/0/Information/0/Value/StringWithMarkup/5/Markup/0/Start,number,0
/Record/Section/6/Section/0/Information/0/Value/StringWithMarkup/5/Markup/0/Length,number,7
/Record/Section/6/Section/0/Information/0/Value/StringWithMarkup/5/Markup/0/URL,string,https://pubchem.ncbi.nlm.nih.gov/compound/6337588
/Record/Section/6/Section/0/Information/0/Value/StringWithMarkup/6/String,string,24755505
/Record/Section/6/Section/0/Information/0/Value/StringWithMarkup/6/Markup/0/Start,number,0
/Record/Section/6/Section/0/Information/0/Value/StringWithMarkup/6/Markup/0/Length,number,8
/Record/Section/6/Section/0/Information/0/Value/StringWithMarkup/6/Markup/0/URL,string,https://pubchem.ncbi.nlm.nih.gov/compound/24755505
/Record/Section/6/Section/0/Information/0/Value/StringWithMarkup/7/String,string,6337586
/Record/Section/6/Section/0/Information/0/Value/StringWithMarkup/7/Markup/0/Start,number,0
/Record/Section/6/Section/0/Information/0/Value/StringWithMarkup/7/Markup/0/Length,number,7
/Record/Section/6/Section/0/Information/0/Value/StringWithMarkup/7/Markup/0/URL,string,https://pubchem.ncbi.nlm.nih.gov/compound/6337586
/Record/Section/6/Section/0/Information/0/Value/StringWithMarkup/8/String,string,24755511
/Record/Section/6/Section/0/Information/0/Value/StringWithMarkup/8/Markup/0/Start,number,0
/Record/Section/6/Section/0/Information/0/Value/StringWithMarkup/8/Markup/0/Length,number,8
/Record/Section/6/Section/0/Information/0/Value/StringWithMarkup/8/Markup/0/URL,string,https://pubchem.ncbi.nlm.nih.gov/compound/24755511
/Record/Section/6/Section/0/Information/0/Value/StringWithMarkup/9/String,string,24755506
/Record/Section/6/Section/0/Information/0/Value/StringWithMarkup/9/Markup/0/Start,number,0
/Record/Section/6/Section/0/Information/0/Value/StringWithMarkup/9/Markup/0/Length,number,8
/Record/Section/6/Section/0/Information/0/Value/StringWithMarkup/9/Markup/0/URL,string,https://pubchem.ncbi.nlm.nih.gov/compound/24755506
/Record/Section/6/Section/0/Information/0/Value/StringWithMarkup/10/String,string,24755508
/Record/Section/6/Section/0/Information/0/Value/StringWithMarkup/10/Markup/0/Start,number,0
/Record/Section/6/Section/0/Information/0/Value/StringWithMarkup/10/Markup/0/Length,number,8
/Record/Section/6/Section/0/Information/0/Value/StringWithMarkup/10/Markup/0/URL,string,https://pubchem.ncbi.nlm.nih.gov/compound/24755508
/Record/Section/6/Section/0/Information/0/Value/StringWithMarkup/11/String,string,24755510
/Record/Section/6/Section/0/Information/0/Value/StringWithMarkup/11/Markup/0/Start,number,0
/Record/Section/6/Section/0/Information/0/Value/StringWithMarkup/11/Markup/0/Length,number,8
/Record/Section/6/Section/0/Information/0/Value/StringWithMarkup/11/Markup/0/URL,string,https://pubchem.ncbi.nlm.nih.gov/compound/24755510
/Record/Section/6/Section/0/Information/0/Value/StringWithMarkup/12/String,string,6337600
/Record/Section/6/Section/0/Information/0/Value/StringWithMarkup/12/Markup/0/Start,number,0
/Record/Section/6/Section/0/Information/0/Value/StringWithMarkup/12/Markup/0/Length,number,7
/Record/Section/6/Section/0/Information/0/Value/StringWithMarkup/12/Markup/0/URL,string,https://pubchem.ncbi.nlm.nih.gov/compound/6337600
/Record/Section/6/Section/0/Information/0/Value/StringWithMarkup/13/String,string,6337601
/Record/Section/6/Section/0/Information/0/Value/StringWithMarkup/13/Markup/0/Start,number,0
/Record/Section/6/Section/0/Information/0/Value/StringWithMarkup/13/Markup/0/Length,number,7
/Record/Section/6/Section/0/Information/0/Value/StringWithMarkup/13/Markup/0/URL,string,https://pubchem.ncbi.nlm.nih.gov/compound/6337601
/Record/Section/6/Section/0/Information/0/Value/StringWithMarkup/14/String,string,24755507
/Record/Section/6/Section/0/Information/0/Value/StringWithMarkup/14/Markup/0/Start,number,0
/Record/Section/6/Section/0/Information/0/Value/StringWithMarkup/14/Markup/0/Length,number,8
/Record/Section/6/Section/0/Information/0/Value/StringWithMarkup/14/Markup/0/URL,string,https://pubchem.ncbi.nlm.nih.gov/compound/24755507
/Record/Section/6/Section/0/Information/0/Value/StringWithMarkup/15/String,string,24755509
/Record/Section/6/Section/0/Information/0/Value/StringWithMarkup/15/Markup/0/Start,number,0
/Record/Section/6/Section/0/Information/0/Value/StringWithMarkup/15/Markup/0/Length,number,8
/Record/Section/6/Section/0/Information/0/Value/StringWithMarkup/15/Markup/0/URL,string,https://pubchem.ncbi.nlm.nih.gov/compound/24755509
/Record/Section/6/Section/0/Information/0/Value/StringWithMarkup/16/String,string,24755512
/Record/Section/6/Section/0/Information/0/Value/StringWithMarkup/16/Markup/0/Start,number,0
/Record/Section/6/Section/0/Information/0/Value/StringWithMarkup/16/Markup/0/Length,number,8
/Record/Section/6/Section/0/Information/0/Value/StringWithMarkup/16/Markup/0/URL,string,https://pubchem.ncbi.nlm.nih.gov/compound/24755512
/Record/Section/6/Section/0/Information/0/Value/StringWithMarkup/17/String,string,24755513
/Record/Section/6/Section/0/Information/0/Value/StringWithMarkup/17/Markup/0/Start,number,0
/Record/Section/6/Section/0/Information/0/Value/StringWithMarkup/17/Markup/0/Length,number,8
/Record/Section/6/Section/0/Information/0/Value/StringWithMarkup/17/Markup/0/URL,string,https://pubchem.ncbi.nlm.nih.gov/compound/24755513
/Record/Section/6/Section/0/Information/0/Value/StringWithMarkup/18/String,string,24755514
/Record/Section/6/Section/0/Information/0/Value/StringWithMarkup/18/Markup/0/Start,number,0
/Record/Section/6/Section/0/Information/0/Value/StringWithMarkup/18/Markup/0/Length,number,8
/Record/Section/6/Section/0/Information/0/Value/StringWithMarkup/18/Markup/0/URL,string,https://pubchem.ncbi.nlm.nih.gov/compound/24755514
/Record/Section/6/Section/0/Information/0/Value/StringWithMarkup/19/String,string,24755515
/Record/Section/6/Section/0/Information/0/Value/StringWithMarkup/19/Markup/0/Start,number,0
/Record/Section/6/Section/0/Information/0/Value/StringWithMarkup/19/Markup/0/Length,number,8
/Record/Section/6/Section/0/Information/0/Value/StringWithMarkup/19/Markup/0/URL,string,https://pubchem.ncbi.nlm.nih.gov/compound/24755515
/Record/Section/6/Section/0/Information/0/Value/StringWithMarkup/20/String,string,24755516
/Record/Section/6/Section/0/Information/0/Value/StringWithMarkup/20/Markup/0/Start,number,0
/Record/Section/6/Section/0/Information/0/Value/StringWithMarkup/20/Markup/0/Length,number,8
/Record/Section/6/Section/0/Information/0/Value/StringWithMarkup/20/Markup/0/URL,string,https://pubchem.ncbi.nlm.nih.gov/compound/24755516
/Record/Section/6/Section/0/Information/0/Value/StringWithMarkup/21/String,string,24755517
/Record/Section/6/Section/0/Information/0/Value/StringWithMarkup/21/Markup/0/Start,number,0
/Record/Section/6/Section/0/Information/0/Value/StringWithMarkup/21/Markup/0/Length,number,8
/Record/Section/6/Section/0/Information/0/Value/StringWithMarkup/21/Markup/0/URL,string,https://pubchem.ncbi.nlm.nih.gov/compound/24755517
/Record/Section/6/Section/0/Information/0/Value/StringWithMarkup/22/String,string,24755518
/Record/Section/6/Section/0/Information/0/Value/StringWithMarkup/22/Markup/0/Start,number,0
/Record/Section/6/Section/0/Information/0/Value/StringWithMarkup/22/Markup/0/Length,number,8
/Record/Section/6/Section/0/Information/0/Value/StringWithMarkup/22/Markup/0/URL,string,https://pubchem.ncbi.nlm.nih.gov/compound/24755518
/Record/Section/6/Section/0/Information/0/Value/StringWithMarkup/23/String,string,24755519
/Record/Section/6/Section/0/Information/0/Value/StringWithMarkup/23/Markup/0/Start,number,0
/Record/Section/6/Section/0/Information/0/Value/StringWithMarkup/23/Markup/0/Length,number,8
/Record/Section/6/Section/0/Information/0/Value/StringWithMarkup/23/Markup/0/URL,string,https://pubchem.ncbi.nlm.nih.gov/compound/24755519
/Record/Section/6/Section/0/Information/0/Value/StringWithMarkup/24/String,string,24755520
/Record/Section/6/Section/0/Information/0/Value/StringWithMarkup/24/Markup/0/Start,number,0
/Record/Section/6/Section/0/Information/0/Value/StringWithMarkup/24/Markup/0/Length,number,8
/Record/Section/6/Section/0/Information/0/Value/StringWithMarkup/24/Markup/0/URL,string,https://pubchem.ncbi.nlm.nih.gov/compound/24755520
/Record/Section/6/Section/0/Information/0/Value/StringWithMarkup/25/String,string,24755521
/Record/Section/6/Section/0/Information/0/Value/StringWithMarkup/25/Markup/0/Start,number,0
/Record/Section/6/Section/0/Information/0/Value/StringWithMarkup/25/Markup/0/Length,number,8
/Record/Section/6/Section/0/Information/0/Value/StringWithMarkup/25/Markup/0/URL,string,https://pubchem.ncbi.nlm.nih.gov/compound/24755521
/Record/Section/6/Section/0/Information/0/Value/StringWithMarkup/26/String,string,24755522
/Record/Section/6/Section/0/Information/0/Value/StringWithMarkup/26/Markup/0/Start,number,0
/Record/Section/6/Section/0/Information/0/Value/StringWithMarkup/26/Markup/0/Length,number,8
/Record/Section/6/Section/0/Information/0/Value/StringWithMarkup/26/Markup/0/URL,string,https://pubchem.ncbi.nlm.nih.gov/compound/24755522
/Record/Section/6/Section/0/Information/1/ReferenceNumber,number,8
/Record/Section/6/Section/0/Information/1/Name,string,Name
/Record/Section/6/Section/0/Information/1/Value/StringWithMarkup/0/String,string,polonium
/Record/Section/6/Section/0/Information/1/Value/StringWithMarkup/1/String,string,polonium-210
/Record/Section/6/Section/0/Information/1/Value/StringWithMarkup/2/String,string,polonium-218
/Record/Section/6/Section/0/Information/1/Value/StringWithMarkup/3/String,string,polonium-216
/Record/Section/6/Section/0/Information/1/Value/StringWithMarkup/4/String,string,polonium-215
/Record/Section/6/Section/0/Information/1/Value/StringWithMarkup/5/String,string,polonium-211
/Record/Section/6/Section/0/Information/1/Value/StringWithMarkup/6/String,string,polonium-209
/Record/Section/6/Section/0/Information/1/Value/StringWithMarkup/7/String,string,polonium-207
/Record/Section/6/Section/0/Information/1/Value/StringWithMarkup/8/String,string,polonium-200
/Record/Section/6/Section/0/Information/1/Value/StringWithMarkup/9/String,string,polonium-208
/Record/Section/6/Section/0/Information/1/Value/StringWithMarkup/10/String,string,polonium-204
/Record/Section/6/Section/0/Information/1/Value/StringWithMarkup/11/String,string,polonium-201
/Record/Section/6/Section/0/Information/1/Value/StringWithMarkup/12/String,string,polonium-203
/Record/Section/6/Section/0/Information/1/Value/StringWithMarkup/13/String,string,polonium-205
/Record/Section/6/Section/0/Information/1/Value/StringWithMarkup/14/String,string,polonium-206
/Record/Section/6/Section/0/Information/1/Value/StringWithMarkup/15/String,string,polonium-202
/Record/Section/6/Section/0/Information/1/Value/StringWithMarkup/16/String,string,polonium-199
/Record/Section/6/Section/0/Information/1/Value/StringWithMarkup/17/String,string,polonium-198
/Record/Section/6/Section/0/Information/1/Value/StringWithMarkup/18/String,string,polonium-197
/Record/Section/6/Section/0/Information/1/Value/StringWithMarkup/19/String,string,polonium-196
/Record/Section/6/Section/0/Information/1/Value/StringWithMarkup/20/String,string,polonium-195
/Record/Section/6/Section/0/Information/1/Value/StringWithMarkup/21/String,string,polonium-194
/Record/Section/6/Section/0/Information/1/Value/StringWithMarkup/22/String,string,polonium-193
/Record/Section/6/Section/0/Information/1/Value/StringWithMarkup/23/String,string,polonium-192
/Record/Section/6/Section/0/Information/1/Value/StringWithMarkup/24/String,string,polonium-191
/Record/Section/6/Section/0/Information/1/Value/StringWithMarkup/25/String,string,polonium-190
/Record/Section/6/Section/0/Information/1/Value/StringWithMarkup/26/String,string,polonium-217
/Record/Section/6/Section/0/Information/2/ReferenceNumber,number,8
/Record/Section/6/Section/0/Information/2/Name,string,Formula
/Record/Section/6/Section/0/Information/2/Value/StringWithMarkup/0/String,string,Po
/Record/Section/6/Section/0/Information/2/Value/StringWithMarkup/1/String,string,Po
/Record/Section/6/Section/0/Information/2/Value/StringWithMarkup/2/String,string,Po
/Record/Section/6/Section/0/Information/2/Value/StringWithMarkup/3/String,string,Po
/Record/Section/6/Section/0/Information/2/Value/StringWithMarkup/4/String,string,Po
/Record/Section/6/Section/0/Information/2/Value/StringWithMarkup/5/String,string,Po
/Record/Section/6/Section/0/Information/2/Value/StringWithMarkup/6/String,string,Po
/Record/Section/6/Section/0/Information/2/Value/StringWithMarkup/7/String,string,Po
/Record/Section/6/Section/0/Information/2/Value/StringWithMarkup/8/String,string,Po
/Record/Section/6/Section/0/Information/2/Value/StringWithMarkup/9/String,string,Po
/Record/Section/6/Section/0/Information/2/Value/StringWithMarkup/10/String,string,Po
/Record/Section/6/Section/0/Information/2/Value/StringWithMarkup/11/String,string,Po
/Record/Section/6/Section/0/Information/2/Value/StringWithMarkup/12/String,string,Po
/Record/Section/6/Section/0/Information/2/Value/StringWithMarkup/13/String,string,Po
/Record/Section/6/Section/0/Information/2/Value/StringWithMarkup/14/String,string,Po
/Record/Section/6/Section/0/Information/2/Value/StringWithMarkup/15/String,string,Po
/Record/Section/6/Section/0/Information/2/Value/StringWithMarkup/16/String,string,Po
/Record/Section/6/Section/0/Information/2/Value/StringWithMarkup/17/String,string,Po
/Record/Section/6/Section/0/Information/2/Value/StringWithMarkup/18/String,string,Po
/Record/Section/6/Section/0/Information/2/Value/StringWithMarkup/19/String,string,Po
/Record/Section/6/Section/0/Information/2/Value/StringWithMarkup/20/String,string,Po
/Record/Section/6/Section/0/Information/2/Value/StringWithMarkup/21/String,string,Po
/Record/Section/6/Section/0/Information/2/Value/StringWithMarkup/22/String,string,Po
/Record/Section/6/Section/0/Information/2/Value/StringWithMarkup/23/String,string,Po
/Record/Section/6/Section/0/Information/2/Value/StringWithMarkup/24/String,string,Po
/Record/Section/6/Section/0/Information/2/Value/StringWithMarkup/25/String,string,Po
/Record/Section/6/Section/0/Information/2/Value/StringWithMarkup/26/String,string,Po
/Record/Section/6/Section/0/Information/3/ReferenceNumber,number,8
/Record/Section/6/Section/0/Information/3/Name,string,SMILES
/Record/Section/6/Section/0/Information/3/Value/StringWithMarkup/0/String,string,[Po]
/Record/Section/6/Section/0/Information/3/Value/StringWithMarkup/1/String,string,[210Po]
/Record/Section/6/Section/0/Information/3/Value/StringWithMarkup/2/String,string,[218Po]
/Record/Section/6/Section/0/Information/3/Value/StringWithMarkup/3/String,string,[216Po]
/Record/Section/6/Section/0/Information/3/Value/StringWithMarkup/4/String,string,[215Po]
/Record/Section/6/Section/0/Information/3/Value/StringWithMarkup/5/String,string,[211Po]
/Record/Section/6/Section/0/Information/3/Value/StringWithMarkup/6/String,string,[209Po]
/Record/Section/6/Section/0/Information/3/Value/StringWithMarkup/7/String,string,[207Po]
/Record/Section/6/Section/0/Information/3/Value/StringWithMarkup/8/String,string,[200Po]
/Record/Section/6/Section/0/Information/3/Value/StringWithMarkup/9/String,string,[208Po]
/Record/Section/6/Section/0/Information/3/Value/StringWithMarkup/10/String,string,[204Po]
/Record/Section/6/Section/0/Information/3/Value/StringWithMarkup/11/String,string,[201Po]
/Record/Section/6/Section/0/Information/3/Value/StringWithMarkup/12/String,string,[203Po]
/Record/Section/6/Section/0/Information/3/Value/StringWithMarkup/13/String,string,[205Po]
/Record/Section/6/Section/0/Information/3/Value/StringWithMarkup/14/String,string,[206Po]
/Record/Section/6/Section/0/Information/3/Value/StringWithMarkup/15/String,string,[202Po]
/Record/Section/6/Section/0/Information/3/Value/StringWithMarkup/16/String,string,[199Po]
/Record/Section/6/Section/0/Information/3/Value/StringWithMarkup/17/String,string,[198Po]
/Record/Section/6/Section/0/Information/3/Value/StringWithMarkup/18/String,string,[197Po]
/Record/Section/6/Section/0/Information/3/Value/StringWithMarkup/19/String,string,[196Po]
/Record/Section/6/Section/0/Information/3/Value/StringWithMarkup/20/String,string,[195Po]
/Record/Section/6/Section/0/Information/3/Value/StringWithMarkup/21/String,string,[194Po]
/Record/Section/6/Section/0/Information/3/Value/StringWithMarkup/22/String,string,[193Po]
/Record/Section/6/Section/0/Information/3/Value/StringWithMarkup/23/String,string,[192Po]
/Record/Section/6/Section/0/Information/3/Value/StringWithMarkup/24/String,string,[191Po]
/Record/Section/6/Section/0/Information/3/Value/StringWithMarkup/25/String,string,[190Po]
/Record/Section/6/Section/0/Information/3/Value/StringWithMarkup/26/String,string,[217Po]
/Record/Section/6/Section/0/Information/4/ReferenceNumber,number,8
/Record/Section/6/Section/0/Information/4/Name,string,Molecular Weight
/Record/Section/6/Section/0/Information/4/Value/StringWithMarkup/0/String,string,208.98243
/Record/Section/6/Section/0/Information/4/Value/StringWithMarkup/1/String,string,209.98287
/Record/Section/6/Section/0/Information/4/Value/StringWithMarkup/2/String,string,218.00897
/Record/Section/6/Section/0/Information/4/Value/StringWithMarkup/3/String,string,216.00191
/Record/Section/6/Section/0/Information/4/Value/StringWithMarkup/4/String,string,214.99942
/Record/Section/6/Section/0/Information/4/Value/StringWithMarkup/5/String,string,210.98665
/Record/Section/6/Section/0/Information/4/Value/StringWithMarkup/6/String,string,208.98243
/Record/Section/6/Section/0/Information/4/Value/StringWithMarkup/7/String,string,206.98159
/Record/Section/6/Section/0/Information/4/Value/StringWithMarkup/8/String,string,199.98181
/Record/Section/6/Section/0/Information/4/Value/StringWithMarkup/9/String,string,207.98125
/Record/Section/6/Section/0/Information/4/Value/StringWithMarkup/10/String,string,203.9803
/Record/Section/6/Section/0/Information/4/Value/StringWithMarkup/11/String,string,200.98226
/Record/Section/6/Section/0/Information/4/Value/StringWithMarkup/12/String,string,202.98142
/Record/Section/6/Section/0/Information/4/Value/StringWithMarkup/13/String,string,204.9812
/Record/Section/6/Section/0/Information/4/Value/StringWithMarkup/14/String,string,205.98047
/Record/Section/6/Section/0/Information/4/Value/StringWithMarkup/15/String,string,201.98074
/Record/Section/6/Section/0/Information/4/Value/StringWithMarkup/16/String,string,198.98364
/Record/Section/6/Section/0/Information/4/Value/StringWithMarkup/17/String,string,197.9834
/Record/Section/6/Section/0/Information/4/Value/StringWithMarkup/18/String,string,196.9856
/Record/Section/6/Section/0/Information/4/Value/StringWithMarkup/19/String,string,195.98554
/Record/Section/6/Section/0/Information/4/Value/StringWithMarkup/20/String,string,194.98807
/Record/Section/6/Section/0/Information/4/Value/StringWithMarkup/21/String,string,193.9882
/Record/Section/6/Section/0/Information/4/Value/StringWithMarkup/22/String,string,192.9911
/Record/Section/6/Section/0/Information/4/Value/StringWithMarkup/23/String,string,191.9913
/Record/Section/6/Section/0/Information/4/Value/StringWithMarkup/24/String,string,190.99456
/Record/Section/6/Section/0/Information/4/Value/StringWithMarkup/25/String,string,189.9951
/Record/Section/6/Section/0/Information/4/Value/StringWithMarkup/26/String,string,217.00632
/Record/Section/7/TOCHeading,string,Handling and Storage
/Record/Section/7/Description,string,This section provides guidance on the safe handling practices and storage conditions for this element.
/Record/Section/7/Information/0/ReferenceNumber,number,6
/Record/Section/7/Information/0/Value/StringWithMarkup/0/String,string,"Polonium-210 is very dangerous to handle in even milligram or microgram amounts, and special equipment and strict control is necessary. Damage arises from the complete absorption of the energy of the alpha particle into tissue."
/Record/Section/7/Information/0/Value/StringWithMarkup/1/String,string,"The maximum permissible body burden for ingested polonium is only 0.03 microcuries, which represents a particle weighing only 6.8 x 10-12 g. Weight for weight it is about 2.5 x 1011 times as toxic as hydrocyanic acid. The maximum allowable concentration for soluble polonium compounds in air is about 2 x 10-11 microcuries/cm3."
/Record/Section/7/Information/0/Value/StringWithMarkup/1/Markup/0/Start,number,134
/Record/Section/7/Information/0/Value/StringWithMarkup/1/Markup/0/Length,number,3
/Record/Section/7/Information/0/Value/StringWithMarkup/1/Markup/0/Type,string,Superscript
/Record/Section/7/Information/0/Value/StringWithMarkup/1/Markup/1/Start,number,179
/Record/Section/7/Information/0/Value/StringWithMarkup/1/Markup/1/Length,number,2
/Record/Section/7/Information/0/Value/StringWithMarkup/1/Markup/1/Type,string,Superscript
/Record/Section/7/Information/0/Value/StringWithMarkup/1/Markup/2/Start,number,307
/Record/Section/7/Information/0/Value/StringWithMarkup/1/Markup/2/Length,number,3
/Record/Section/7/Information/0/Value/StringWithMarkup/1/Markup/2/Type,string,Superscript
/Record/Section/7/Information/0/Value/StringWithMarkup/1/Markup/3/Start,number,325
/Record/Section/7/Information/0/Value/StringWithMarkup/1/Markup/3/Length,number,1
/Record/Section/7/Information/0/Value/StringWithMarkup/1/Markup/3/Type,string,Superscript
/Record/Section/8/TOCHeading,string,Isotopes
/Record/Section/8/Description,string,Isotopes are nuclides having the same atomic number but different mass numbers.  This section provides information on the isotopes of this element and their uses in various fields.
/Record/Section/8/URL,string,https://chem.libretexts.org/Courses/Furman_University/CHM101%3A_Chemistry_and_Global_Awareness_(Gordon)/03%3A_Atoms_and_the_Periodic_Table/3.05%3A_Isotopes
/Record/Section/8/Information/0/ReferenceNumber,number,5
/Record/Section/8/Information/0/Name,string,Stable Isotope Count
/Record/Section/8/Information/0/Value/StringWithMarkup/0/String,string,0
/Record/Section/8/Information/1/ReferenceNumber,number,6
/Record/Section/8/Information/1/Name,string,Summary
/Record/Section/8/Information/1/Value/StringWithMarkup/0/String,string,"Twenty five isotopes of polonium are known, with atomic masses ranging from 194 to 218. Polonium-210 is the most readily available. Isotopes of mass 209 (half-life 103 years) and mass 208 (half-life 2.9 years) can be prepared by alpha, proton, or deuteron bombardment of lead or bismuth in a cyclotron, but these are expensive to produce."
/Record/Section/8/Information/1/Value/StringWithMarkup/1/String,string,Metallic polonium has been prepared from polonium hydroxide and some other polonium compounds in the presence of concentrated aqueous or anhydrous liquid ammonia. Two allotropic modifications are known to exist.
/Record/Section/8/Section/0/TOCHeading,string,Isotopes in Industry
/Record/Section/8/Section/0/Description,string,Information on the use of this element's isotopes in industry.
/Record/Section/8/Section/0/Information/0/ReferenceNumber,number,4
/Record/Section/8/Section/0/Information/0/Reference/0,string,"[75]  J. Peterson, M. McDonell, L. Haroun, F. Monette, R. D. Hildebrand, A. Taboas. Radiological and Chemical Fact Sheets to Support Health Risk Analyses for Contaminated Areas, Prepared by Argonne National Laboratory Environmental Science Division in collaboration with U.S. Department of Energy, Richland Operations Office and Chicago Operations Office (2014), Feb. 22; http://www.remm.nlm.gov/ANL_ContaminantFactSheets_All_070418.pdf."
/Record/Section/8/Section/0/Information/0/Reference/1,string,"[563]  United States Nuclear Regulatory Commission. Backgrounder on Polonium-210, United States Nuclear Regulatory Commission (2017), April 8; http://www.nrc.gov/reading-rm/doc-collections/fact-sheets/polonium.html."
/Record/Section/8/Section/0/Information/0/Reference/2,string,[564]  Reston Stable Isotope Laboratory. Staticmaster™ Alpha Ionizing Brush.
/Record/Section/8/Section/0/Information/0/ExtendedReference/0/Citation,string,"[75]  J. Peterson, M. McDonell, L. Haroun, F. Monette, R. D. Hildebrand, A. Taboas. Radiological and Chemical Fact Sheets to Support Health Risk Analyses for Contaminated Areas, Prepared by Argonne National Laboratory Environmental Science Division in collaboration with U.S. Department of Energy, Richland Operations Office and Chicago Operations Office (2014), Feb. 22; http://www.remm.nlm.gov/ANL_ContaminantFactSheets_All_070418.pdf."
/Record/Section/8/Section/0/Information/0/ExtendedReference/1/Citation,string,"[563]  United States Nuclear Regulatory Commission. Backgrounder on Polonium-210, United States Nuclear Regulatory Commission (2017), April 8; http://www.nrc.gov/reading-rm/doc-collections/fact-sheets/polonium.html."
/Record/Section/8/Section/0/Information/0/ExtendedReference/2/Citation,string,[564]  Reston Stable Isotope Laboratory. Staticmaster™ Alpha Ionizing Brush.
/Record/Section/8/Section/0/Information/0/Value/StringWithMarkup/0/String,string,"210Po (with a half-life of 138 days) is used as static eliminator to remove static electricity in machinery. This is useful in machinery that produces electricity easily, for example, via rolling paper, manufacturing sheet plastics, and spinning synthetic fibers, which all readily produce static [75], [563]. 210Po can also make use of its static eliminating properties when used in brushes that function to clean camera lenses and photographic films (Fig. IUPAC.84.1) [75]. 210Po has been used to manufacture atomic weapons. When combined with beryllium, polonium can act as a neutron-producing initiator. However, because of its short half-life, 210Po is no longer used in this manner [75]."
/Record/Section/8/Section/0/Information/0/Value/StringWithMarkup/0/Markup/0/Start,number,0
/Record/Section/8/Section/0/Information/0/Value/StringWithMarkup/0/Markup/0/Length,number,3
/Record/Section/8/Section/0/Information/0/Value/StringWithMarkup/0/Markup/0/Type,string,Superscript
/Record/Section/8/Section/0/Information/0/Value/StringWithMarkup/0/Markup/1/Start,number,310
/Record/Section/8/Section/0/Information/0/Value/StringWithMarkup/0/Markup/1/Length,number,3
/Record/Section/8/Section/0/Information/0/Value/StringWithMarkup/0/Markup/1/Type,string,Superscript
/Record/Section/8/Section/0/Information/0/Value/StringWithMarkup/0/Markup/2/Start,number,476
/Record/Section/8/Section/0/Information/0/Value/StringWithMarkup/0/Markup/2/Length,number,3
/Record/Section/8/Section/0/Information/0/Value/StringWithMarkup/0/Markup/2/Type,string,Superscript
/Record/Section/8/Section/0/Information/0/Value/StringWithMarkup/0/Markup/3/Start,number,649
/Record/Section/8/Section/0/Information/0/Value/StringWithMarkup/0/Markup/3/Length,number,3
/Record/Section/8/Section/0/Information/0/Value/StringWithMarkup/0/Markup/3/Type,string,Superscript
/Record/Section/8/Section/0/Information/0/Value/StringWithMarkup/1/String,string,          
/Record/Section/8/Section/0/Information/0/Value/StringWithMarkup/1/Markup/0/Start,number,0
/Record/Section/8/Section/0/Information/0/Value/StringWithMarkup/1/Markup/0/Length,number,1
/Record/Section/8/Section/0/Information/0/Value/StringWithMarkup/1/Markup/0/URL,string,https://pubchem.ncbi.nlm.nih.gov/images/iupac/j_pac-2015-0703_fig_116.jpg
/Record/Section/8/Section/0/Information/0/Value/StringWithMarkup/1/Markup/0/Type,string,Image
/Record/Section/8/Section/0/Information/0/Value/StringWithMarkup/1/Markup/0/Size,string,969x554
/Record/Section/8/Section/0/Information/0/Value/StringWithMarkup/1/Markup/0/Caption,string,"Fig. IUPAC.84.1: Staticmaster™ Alpha Ionizing Brushes for cleaning optical surfaces and photographic films have a soft, non-abrasive brush and a ²¹⁰Po cartridge. (Photo Source: Reston Stable Isotope Laboratory of the U.S. Geological Survey) [564]. "
/Record/Section/8/Section/1/TOCHeading,string,Isotope Mass and Abundance
/Record/Section/8/Section/1/Description,string,Atomic mass and abundance (composition) information for a given isotope/nuclide. The number in the parenthesis refers to an uncertainty when exist. The unit of atomic weight is the unified atomic mass unit (u) or dalton (Da). 
/Record/Section/8/Section/1/DisplayControls/CreateTable/FromInformationIn,string,ThisSection
/Record/Section/8/Section/1/DisplayControls/CreateTable/NumberOfColumns,number,3
/Record/Section/8/Section/1/DisplayControls/CreateTable/ColumnsFromNamedLists/Name/0,string,Isotope
/Record/Section/8/Section/1/DisplayControls/CreateTable/ColumnsFromNamedLists/Name/1,string,Atomic Mass (uncertainty) [u]
/Record/Section/8/Section/1/DisplayControls/CreateTable/ColumnsFromNamedLists/Name/2,string,Abundance (uncertainty)
/Record/Section/8/Section/1/DisplayControls/CreateTable/ColumnsFromNamedLists/UseNamesAsColumnHeadings,boolean,true
/Record/Section/8/Section/1/Information/0/ReferenceNumber,number,7
/Record/Section/8/Section/1/Information/0/Name,string,Isotope
/Record/Section/8/Section/1/Information/0/Value/StringWithMarkup/0/String,string,209Po
/Record/Section/8/Section/1/Information/0/Value/StringWithMarkup/0/Markup/0/Start,number,0
/Record/Section/8/Section/1/Information/0/Value/StringWithMarkup/0/Markup/0/Length,number,3
/Record/Section/8/Section/1/Information/0/Value/StringWithMarkup/0/Markup/0/Type,string,Superscript
/Record/Section/8/Section/1/Information/0/Value/StringWithMarkup/1/String,string,210Po
/Record/Section/8/Section/1/Information/0/Value/StringWithMarkup/1/Markup/0/Start,number,0
/Record/Section/8/Section/1/Information/0/Value/StringWithMarkup/1/Markup/0/Length,number,3
/Record/Section/8/Section/1/Information/0/Value/StringWithMarkup/1/Markup/0/Type,string,Superscript
/Record/Section/8/Section/1/Information/1/ReferenceNumber,number,7
/Record/Section/8/Section/1/Information/1/Name,string,Atomic Mass (uncertainty) [u]
/Record/Section/8/Section/1/Information/1/Value/StringWithMarkup/0/String,string,208.9824308(20)
/Record/Section/8/Section/1/Information/1/Value/StringWithMarkup/1/String,string,209.9828741(13)
/Record/Section/8/Section/1/Information/2/ReferenceNumber,number,7
/Record/Section/8/Section/1/Information/2/Name,string,Abundance (uncertainty)
/Record/Section/8/Section/1/Information/2/Value/StringWithMarkup/0/String,string,
/Record/Section/8/Section/1/Information/2/Value/StringWithMarkup/1/String,string,
/Record/Section/8/Section/2/TOCHeading,string,"Atomic Mass, Half Life, and Decay"
/Record/Section/8/Section/2/Description,string,"Information on the atomic mass, half life, and decay for this element, from the the Atomic Mass Data Center. The number after the ± refers to an uncertainty when exists."
/Record/Section/8/Section/2/URL,string,https://pubchem.ncbi.nlm.nih.gov/docs/atomic-mass/
/Record/Section/8/Section/2/DisplayControls/CreateTable/FromInformationIn,string,ThisSection
/Record/Section/8/Section/2/DisplayControls/CreateTable/NumberOfColumns,number,5
/Record/Section/8/Section/2/DisplayControls/CreateTable/ColumnsFromNamedLists/Name/0,string,Nuclide
/Record/Section/8/Section/2/DisplayControls/CreateTable/ColumnsFromNamedLists/Name/1,string,Atomic Mass and Uncertainty [u]
/Record/Section/8/Section/2/DisplayControls/CreateTable/ColumnsFromNamedLists/Name/2,string,Half Life and Uncertainty
/Record/Section/8/Section/2/DisplayControls/CreateTable/ColumnsFromNamedLists/Name/3,string,Discovery Year
/Record/Section/8/Section/2/DisplayControls/CreateTable/ColumnsFromNamedLists/Name/4,string,"Decay Modes, Intensities and Uncertainties [%]"
/Record/Section/8/Section/2/DisplayControls/CreateTable/ColumnsFromNamedLists/UseNamesAsColumnHeadings,boolean,true
/Record/Section/8/Section/2/Information/0/ReferenceNumber,number,2
/Record/Section/8/Section/2/Information/0/Name,string,Nuclide
/Record/Section/8/Section/2/Information/0/Value/StringWithMarkup/0/String,string,186Po
/Record/Section/8/Section/2/Information/0/Value/StringWithMarkup/0/Markup/0/Start,number,0
/Record/Section/8/Section/2/Information/0/Value/StringWithMarkup/0/Markup/0/Length,number,3
/Record/Section/8/Section/2/Information/0/Value/StringWithMarkup/0/Markup/0/Type,string,Superscript
/Record/Section/8/Section/2/Information/0/Value/StringWithMarkup/1/String,string,187Po
/Record/Section/8/Section/2/Information/0/Value/StringWithMarkup/1/Markup/0/Start,number,0
/Record/Section/8/Section/2/Information/0/Value/StringWithMarkup/1/Markup/0/Length,number,3
/Record/Section/8/Section/2/Information/0/Value/StringWithMarkup/1/Markup/0/Type,string,Superscript
/Record/Section/8/Section/2/Information/0/Value/StringWithMarkup/2/String,string,187Pom
/Record/Section/8/Section/2/Information/0/Value/StringWithMarkup/2/Markup/0/Start,number,0
/Record/Section/8/Section/2/Information/0/Value/StringWithMarkup/2/Markup/0/Length,number,3
/Record/Section/8/Section/2/Information/0/Value/StringWithMarkup/2/Markup/0/Type,string,Superscript
/Record/Section/8/Section/2/Information/0/Value/StringWithMarkup/2/Markup/1/Start,number,5
/Record/Section/8/Section/2/Information/0/Value/StringWithMarkup/2/Markup/1/Length,number,1
/Record/Section/8/Section/2/Information/0/Value/StringWithMarkup/2/Markup/1/Type,string,Superscript
/Record/Section/8/Section/2/Information/0/Value/StringWithMarkup/3/String,string,188Po
/Record/Section/8/Section/2/Information/0/Value/StringWithMarkup/3/Markup/0/Start,number,0
/Record/Section/8/Section/2/Information/0/Value/StringWithMarkup/3/Markup/0/Length,number,3
/Record/Section/8/Section/2/Information/0/Value/StringWithMarkup/3/Markup/0/Type,string,Superscript
/Record/Section/8/Section/2/Information/0/Value/StringWithMarkup/4/String,string,189Po
/Record/Section/8/Section/2/Information/0/Value/StringWithMarkup/4/Markup/0/Start,number,0
/Record/Section/8/Section/2/Information/0/Value/StringWithMarkup/4/Markup/0/Length,number,3
/Record/Section/8/Section/2/Information/0/Value/StringWithMarkup/4/Markup/0/Type,string,Superscript
/Record/Section/8/Section/2/Information/0/Value/StringWithMarkup/5/String,string,190Po
/Record/Section/8/Section/2/Information/0/Value/StringWithMarkup/5/Markup/0/Start,number,0
/Record/Section/8/Section/2/Information/0/Value/StringWithMarkup/5/Markup/0/Length,number,3
/Record/Section/8/Section/2/Information/0/Value/StringWithMarkup/5/Markup/0/Type,string,Superscript
/Record/Section/8/Section/2/Information/0/Value/StringWithMarkup/6/String,string,191Po
/Record/Section/8/Section/2/Information/0/Value/StringWithMarkup/6/Markup/0/Start,number,0
/Record/Section/8/Section/2/Information/0/Value/StringWithMarkup/6/Markup/0/Length,number,3
/Record/Section/8/Section/2/Information/0/Value/StringWithMarkup/6/Markup/0/Type,string,Superscript
/Record/Section/8/Section/2/Information/0/Value/StringWithMarkup/7/String,string,191Pom
/Record/Section/8/Section/2/Information/0/Value/StringWithMarkup/7/Markup/0/Start,number,0
/Record/Section/8/Section/2/Information/0/Value/StringWithMarkup/7/Markup/0/Length,number,3
/Record/Section/8/Section/2/Information/0/Value/StringWithMarkup/7/Markup/0/Type,string,Superscript
/Record/Section/8/Section/2/Information/0/Value/StringWithMarkup/7/Markup/1/Start,number,5
/Record/Section/8/Section/2/Information/0/Value/StringWithMarkup/7/Markup/1/Length,number,1
/Record/Section/8/Section/2/Information/0/Value/StringWithMarkup/7/Markup/1/Type,string,Superscript
/Record/Section/8/Section/2/Information/0/Value/StringWithMarkup/8/String,string,192Po
/Record/Section/8/Section/2/Information/0/Value/StringWithMarkup/8/Markup/0/Start,number,0
/Record/Section/8/Section/2/Information/0/Value/StringWithMarkup/8/Markup/0/Length,number,3
/Record/Section/8/Section/2/Information/0/Value/StringWithMarkup/8/Markup/0/Type,string,Superscript
/Record/Section/8/Section/2/Information/0/Value/StringWithMarkup/9/String,string,192Pom
/Record/Section/8/Section/2/Information/0/Value/StringWithMarkup/9/Markup/0/Start,number,0
/Record/Section/8/Section/2/Information/0/Value/StringWithMarkup/9/Markup/0/Length,number,3
/Record/Section/8/Section/2/Information/0/Value/StringWithMarkup/9/Markup/0/Type,string,Superscript
/Record/Section/8/Section/2/Information/0/Value/StringWithMarkup/9/Markup/1/Start,number,5
/Record/Section/8/Section/2/Information/0/Value/StringWithMarkup/9/Markup/1/Length,number,1
/Record/Section/8/Section/2/Information/0/Value/StringWithMarkup/9/Markup/1/Type,string,Superscript
/Record/Section/8/Section/2/Information/0/Value/StringWithMarkup/10/String,string,193Po
/Record/Section/8/Section/2/Information/0/Value/StringWithMarkup/10/Markup/0/Start,number,0
/Record/Section/8/Section/2/Information/0/Value/StringWithMarkup/10/Markup/0/Length,number,3
/Record/Section/8/Section/2/Information/0/Value/StringWithMarkup/10/Markup/0/Type,string,Superscript
/Record/Section/8/Section/2/Information/0/Value/StringWithMarkup/11/String,string,193Pom
/Record/Section/8/Section/2/Information/0/Value/StringWithMarkup/11/Markup/0/Start,number,0
/Record/Section/8/Section/2/Information/0/Value/StringWithMarkup/11/Markup/0/Length,number,3
/Record/Section/8/Section/2/Information/0/Value/StringWithMarkup/11/Markup/0/Type,string,Superscript
/Record/Section/8/Section/2/Information/0/Value/StringWithMarkup/11/Markup/1/Start,number,5
/Record/Section/8/Section/2/Information/0/Value/StringWithMarkup/11/Markup/1/Length,number,1
/Record/Section/8/Section/2/Information/0/Value/StringWithMarkup/11/Markup/1/Type,string,Superscript
/Record/Section/8/Section/2/Information/0/Value/StringWithMarkup/12/String,string,194Po
/Record/Section/8/Section/2/Information/0/Value/StringWithMarkup/12/Markup/0/Start,number,0
/Record/Section/8/Section/2/Information/0/Value/StringWithMarkup/12/Markup/0/Length,number,3
/Record/Section/8/Section/2/Information/0/Value/StringWithMarkup/12/Markup/0/Type,string,Superscript
/Record/Section/8/Section/2/Information/0/Value/StringWithMarkup/13/String,string,194Pom
/Record/Section/8/Section/2/Information/0/Value/StringWithMarkup/13/Markup/0/Start,number,0
/Record/Section/8/Section/2/Information/0/Value/StringWithMarkup/13/Markup/0/Length,number,3
/Record/Section/8/Section/2/Information/0/Value/StringWithMarkup/13/Markup/0/Type,string,Superscript
/Record/Section/8/Section/2/Information/0/Value/StringWithMarkup/13/Markup/1/Start,number,5
/Record/Section/8/Section/2/Information/0/Value/StringWithMarkup/13/Markup/1/Length,number,1
/Record/Section/8/Section/2/Information/0/Value/StringWithMarkup/13/Markup/1/Type,string,Superscript
/Record/Section/8/Section/2/Information/0/Value/StringWithMarkup/14/String,string,195Po
/Record/Section/8/Section/2/Information/0/Value/StringWithMarkup/14/Markup/0/Start,number,0
/Record/Section/8/Section/2/Information/0/Value/StringWithMarkup/14/Markup/0/Length,number,3
/Record/Section/8/Section/2/Information/0/Value/StringWithMarkup/14/Markup/0/Type,string,Superscript
/Record/Section/8/Section/2/Information/0/Value/StringWithMarkup/15/String,string,195Pom
/Record/Section/8/Section/2/Information/0/Value/StringWithMarkup/15/Markup/0/Start,number,0
/Record/Section/8/Section/2/Information/0/Value/StringWithMarkup/15/Markup/0/Length,number,3
/Record/Section/8/Section/2/Information/0/Value/StringWithMarkup/15/Markup/0/Type,string,Superscript
/Record/Section/8/Section/2/Information/0/Value/StringWithMarkup/15/Markup/1/Start,number,5
/Record/Section/8/Section/2/Information/0/Value/StringWithMarkup/15/Markup/1/Length,number,1
/Record/Section/8/Section/2/Information/0/Value/StringWithMarkup/15/Markup/1/Type,string,Superscript
/Record/Section/8/Section/2/Information/0/Value/StringWithMarkup/16/String,string,196Po
/Record/Section/8/Section/2/Information/0/Value/StringWithMarkup/16/Markup/0/Start,number,0
/Record/Section/8/Section/2/Information/0/Value/StringWithMarkup/16/Markup/0/Length,number,3
/Record/Section/8/Section/2/Information/0/Value/StringWithMarkup/16/Markup/0/Type,string,Superscript
/Record/Section/8/Section/2/Information/0/Value/StringWithMarkup/17/String,string,196Pom
/Record/Section/8/Section/2/Information/0/Value/StringWithMarkup/17/Markup/0/Start,number,0
/Record/Section/8/Section/2/Information/0/Value/StringWithMarkup/17/Markup/0/Length,number,3
/Record/Section/8/Section/2/Information/0/Value/StringWithMarkup/17/Markup/0/Type,string,Superscript
/Record/Section/8/Section/2/Information/0/Value/StringWithMarkup/17/Markup/1/Start,number,5
/Record/Section/8/Section/2/Information/0/Value/StringWithMarkup/17/Markup/1/Length,number,1
/Record/Section/8/Section/2/Information/0/Value/StringWithMarkup/17/Markup/1/Type,string,Superscript
/Record/Section/8/Section/2/Information/0/Value/StringWithMarkup/18/String,string,197Po
/Record/Section/8/Section/2/Information/0/Value/StringWithMarkup/18/Markup/0/Start,number,0
/Record/Section/8/Section/2/Information/0/Value/StringWithMarkup/18/Markup/0/Length,number,3
/Record/Section/8/Section/2/Information/0/Value/StringWithMarkup/18/Markup/0/Type,string,Superscript
/Record/Section/8/Section/2/Information/0/Value/StringWithMarkup/19/String,string,197Pom
/Record/Section/8/Section/2/Information/0/Value/StringWithMarkup/19/Markup/0/Start,number,0
/Record/Section/8/Section/2/Information/0/Value/StringWithMarkup/19/Markup/0/Length,number,3
/Record/Section/8/Section/2/Information/0/Value/StringWithMarkup/19/Markup/0/Type,string,Superscript
/Record/Section/8/Section/2/Information/0/Value/StringWithMarkup/19/Markup/1/Start,number,5
/Record/Section/8/Section/2/Information/0/Value/StringWithMarkup/19/Markup/1/Length,number,1
/Record/Section/8/Section/2/Information/0/Value/StringWithMarkup/19/Markup/1/Type,string,Superscript
/Record/Section/8/Section/2/Information/0/Value/StringWithMarkup/20/String,string,198Po
/Record/Section/8/Section/2/Information/0/Value/StringWithMarkup/20/Markup/0/Start,number,0
/Record/Section/8/Section/2/Information/0/Value/StringWithMarkup/20/Markup/0/Length,number,3
/Record/Section/8/Section/2/Information/0/Value/StringWithMarkup/20/Markup/0/Type,string,Superscript
/Record/Section/8/Section/2/Information/0/Value/StringWithMarkup/21/String,string,198Pom
/Record/Section/8/Section/2/Information/0/Value/StringWithMarkup/21/Markup/0/Start,number,0
/Record/Section/8/Section/2/Information/0/Value/StringWithMarkup/21/Markup/0/Length,number,3
/Record/Section/8/Section/2/Information/0/Value/StringWithMarkup/21/Markup/0/Type,string,Superscript
/Record/Section/8/Section/2/Information/0/Value/StringWithMarkup/21/Markup/1/Start,number,5
/Record/Section/8/Section/2/Information/0/Value/StringWithMarkup/21/Markup/1/Length,number,1
/Record/Section/8/Section/2/Information/0/Value/StringWithMarkup/21/Markup/1/Type,string,Superscript
/Record/Section/8/Section/2/Information/0/Value/StringWithMarkup/22/String,string,198Pon
/Record/Section/8/Section/2/Information/0/Value/StringWithMarkup/22/Markup/0/Start,number,0
/Record/Section/8/Section/2/Information/0/Value/StringWithMarkup/22/Markup/0/Length,number,3
/Record/Section/8/Section/2/Information/0/Value/StringWithMarkup/22/Markup/0/Type,string,Superscript
/Record/Section/8/Section/2/Information/0/Value/StringWithMarkup/22/Markup/1/Start,number,5
/Record/Section/8/Section/2/Information/0/Value/StringWithMarkup/22/Markup/1/Length,number,1
/Record/Section/8/Section/2/Information/0/Value/StringWithMarkup/22/Markup/1/Type,string,Superscript
/Record/Section/8/Section/2/Information/0/Value/StringWithMarkup/23/String,string,199Po
/Record/Section/8/Section/2/Information/0/Value/StringWithMarkup/23/Markup/0/Start,number,0
/Record/Section/8/Section/2/Information/0/Value/StringWithMarkup/23/Markup/0/Length,number,3
/Record/Section/8/Section/2/Information/0/Value/StringWithMarkup/23/Markup/0/Type,string,Superscript
/Record/Section/8/Section/2/Information/0/Value/StringWithMarkup/24/String,string,199Pom
/Record/Section/8/Section/2/Information/0/Value/StringWithMarkup/24/Markup/0/Start,number,0
/Record/Section/8/Section/2/Information/0/Value/StringWithMarkup/24/Markup/0/Length,number,3
/Record/Section/8/Section/2/Information/0/Value/StringWithMarkup/24/Markup/0/Type,string,Superscript
/Record/Section/8/Section/2/Information/0/Value/StringWithMarkup/24/Markup/1/Start,number,5
/Record/Section/8/Section/2/Information/0/Value/StringWithMarkup/24/Markup/1/Length,number,1
/Record/Section/8/Section/2/Information/0/Value/StringWithMarkup/24/Markup/1/Type,string,Superscript
/Record/Section/8/Section/2/Information/0/Value/StringWithMarkup/25/String,string,200Po
/Record/Section/8/Section/2/Information/0/Value/StringWithMarkup/25/Markup/0/Start,number,0
/Record/Section/8/Section/2/Information/0/Value/StringWithMarkup/25/Markup/0/Length,number,3
/Record/Section/8/Section/2/Information/0/Value/StringWithMarkup/25/Markup/0/Type,string,Superscript
/Record/Section/8/Section/2/Information/0/Value/StringWithMarkup/26/String,string,200Pom
/Record/Section/8/Section/2/Information/0/Value/StringWithMarkup/26/Markup/0/Start,number,0
/Record/Section/8/Section/2/Information/0/Value/StringWithMarkup/26/Markup/0/Length,number,3
/Record/Section/8/Section/2/Information/0/Value/StringWithMarkup/26/Markup/0/Type,string,Superscript
/Record/Section/8/Section/2/Information/0/Value/StringWithMarkup/26/Markup/1/Start,number,5
/Record/Section/8/Section/2/Information/0/Value/StringWithMarkup/26/Markup/1/Length,number,1
/Record/Section/8/Section/2/Information/0/Value/StringWithMarkup/26/Markup/1/Type,string,Superscript
/Record/Section/8/Section/2/Information/0/Value/StringWithMarkup/27/String,string,200Pon
/Record/Section/8/Section/2/Information/0/Value/StringWithMarkup/27/Markup/0/Start,number,0
/Record/Section/8/Section/2/Information/0/Value/StringWithMarkup/27/Markup/0/Length,number,3
/Record/Section/8/Section/2/Information/0/Value/StringWithMarkup/27/Markup/0/Type,string,Superscript
/Record/Section/8/Section/2/Information/0/Value/StringWithMarkup/27/Markup/1/Start,number,5
/Record/Section/8/Section/2/Information/0/Value/StringWithMarkup/27/Markup/1/Length,number,1
/Record/Section/8/Section/2/Information/0/Value/StringWithMarkup/27/Markup/1/Type,string,Superscript
/Record/Section/8/Section/2/Information/0/Value/StringWithMarkup/28/String,string,201Po
/Record/Section/8/Section/2/Information/0/Value/StringWithMarkup/28/Markup/0/Start,number,0
/Record/Section/8/Section/2/Information/0/Value/StringWithMarkup/28/Markup/0/Length,number,3
/Record/Section/8/Section/2/Information/0/Value/StringWithMarkup/28/Markup/0/Type,string,Superscript
/Record/Section/8/Section/2/Information/0/Value/StringWithMarkup/29/String,string,201Pom
/Record/Section/8/Section/2/Information/0/Value/StringWithMarkup/29/Markup/0/Start,number,0
/Record/Section/8/Section/2/Information/0/Value/StringWithMarkup/29/Markup/0/Length,number,3
/Record/Section/8/Section/2/Information/0/Value/StringWithMarkup/29/Markup/0/Type,string,Superscript
/Record/Section/8/Section/2/Information/0/Value/StringWithMarkup/29/Markup/1/Start,number,5
/Record/Section/8/Section/2/Information/0/Value/StringWithMarkup/29/Markup/1/Length,number,1
/Record/Section/8/Section/2/Information/0/Value/StringWithMarkup/29/Markup/1/Type,string,Superscript
/Record/Section/8/Section/2/Information/0/Value/StringWithMarkup/30/String,string,202Po
/Record/Section/8/Section/2/Information/0/Value/StringWithMarkup/30/Markup/0/Start,number,0
/Record/Section/8/Section/2/Information/0/Value/StringWithMarkup/30/Markup/0/Length,number,3
/Record/Section/8/Section/2/Information/0/Value/StringWithMarkup/30/Markup/0/Type,string,Superscript
/Record/Section/8/Section/2/Information/0/Value/StringWithMarkup/31/String,string,202Pom
/Record/Section/8/Section/2/Information/0/Value/StringWithMarkup/31/Markup/0/Start,number,0
/Record/Section/8/Section/2/Information/0/Value/StringWithMarkup/31/Markup/0/Length,number,3
/Record/Section/8/Section/2/Information/0/Value/StringWithMarkup/31/Markup/0/Type,string,Superscript
/Record/Section/8/Section/2/Information/0/Value/StringWithMarkup/31/Markup/1/Start,number,5
/Record/Section/8/Section/2/Information/0/Value/StringWithMarkup/31/Markup/1/Length,number,1
/Record/Section/8/Section/2/Information/0/Value/StringWithMarkup/31/Markup/1/Type,string,Superscript
/Record/Section/8/Section/2/Information/0/Value/StringWithMarkup/32/String,string,203Po
/Record/Section/8/Section/2/Information/0/Value/StringWithMarkup/32/Markup/0/Start,number,0
/Record/Section/8/Section/2/Information/0/Value/StringWithMarkup/32/Markup/0/Length,number,3
/Record/Section/8/Section/2/Information/0/Value/StringWithMarkup/32/Markup/0/Type,string,Superscript
/Record/Section/8/Section/2/Information/0/Value/StringWithMarkup/33/String,string,203Pom
/Record/Section/8/Section/2/Information/0/Value/StringWithMarkup/33/Markup/0/Start,number,0
/Record/Section/8/Section/2/Information/0/Value/StringWithMarkup/33/Markup/0/Length,number,3
/Record/Section/8/Section/2/Information/0/Value/StringWithMarkup/33/Markup/0/Type,string,Superscript
/Record/Section/8/Section/2/Information/0/Value/StringWithMarkup/33/Markup/1/Start,number,5
/Record/Section/8/Section/2/Information/0/Value/StringWithMarkup/33/Markup/1/Length,number,1
/Record/Section/8/Section/2/Information/0/Value/StringWithMarkup/33/Markup/1/Type,string,Superscript
/Record/Section/8/Section/2/Information/0/Value/StringWithMarkup/34/String,string,203Pon
/Record/Section/8/Section/2/Information/0/Value/StringWithMarkup/34/Markup/0/Start,number,0
/Record/Section/8/Section/2/Information/0/Value/StringWithMarkup/34/Markup/0/Length,number,3
/Record/Section/8/Section/2/Information/0/Value/StringWithMarkup/34/Markup/0/Type,string,Superscript
/Record/Section/8/Section/2/Information/0/Value/StringWithMarkup/34/Markup/1/Start,number,5
/Record/Section/8/Section/2/Information/0/Value/StringWithMarkup/34/Markup/1/Length,number,1
/Record/Section/8/Section/2/Information/0/Value/StringWithMarkup/34/Markup/1/Type,string,Superscript
/Record/Section/8/Section/2/Information/0/Value/StringWithMarkup/35/String,string,204Po
/Record/Section/8/Section/2/Information/0/Value/StringWithMarkup/35/Markup/0/Start,number,0
/Record/Section/8/Section/2/Information/0/Value/StringWithMarkup/35/Markup/0/Length,number,3
/Record/Section/8/Section/2/Information/0/Value/StringWithMarkup/35/Markup/0/Type,string,Superscript
/Record/Section/8/Section/2/Information/0/Value/StringWithMarkup/36/String,string,204Pom
/Record/Section/8/Section/2/Information/0/Value/StringWithMarkup/36/Markup/0/Start,number,0
/Record/Section/8/Section/2/Information/0/Value/StringWithMarkup/36/Markup/0/Length,number,3
/Record/Section/8/Section/2/Information/0/Value/StringWithMarkup/36/Markup/0/Type,string,Superscript
/Record/Section/8/Section/2/Information/0/Value/StringWithMarkup/36/Markup/1/Start,number,5
/Record/Section/8/Section/2/Information/0/Value/StringWithMarkup/36/Markup/1/Length,number,1
/Record/Section/8/Section/2/Information/0/Value/StringWithMarkup/36/Markup/1/Type,string,Superscript
/Record/Section/8/Section/2/Information/0/Value/StringWithMarkup/37/String,string,205Po
/Record/Section/8/Section/2/Information/0/Value/StringWithMarkup/37/Markup/0/Start,number,0
/Record/Section/8/Section/2/Information/0/Value/StringWithMarkup/37/Markup/0/Length,number,3
/Record/Section/8/Section/2/Information/0/Value/StringWithMarkup/37/Markup/0/Type,string,Superscript
/Record/Section/8/Section/2/Information/0/Value/StringWithMarkup/38/String,string,205Pom
/Record/Section/8/Section/2/Information/0/Value/StringWithMarkup/38/Markup/0/Start,number,0
/Record/Section/8/Section/2/Information/0/Value/StringWithMarkup/38/Markup/0/Length,number,3
/Record/Section/8/Section/2/Information/0/Value/StringWithMarkup/38/Markup/0/Type,string,Superscript
/Record/Section/8/Section/2/Information/0/Value/StringWithMarkup/38/Markup/1/Start,number,5
/Record/Section/8/Section/2/Information/0/Value/StringWithMarkup/38/Markup/1/Length,number,1
/Record/Section/8/Section/2/Information/0/Value/StringWithMarkup/38/Markup/1/Type,string,Superscript
/Record/Section/8/Section/2/Information/0/Value/StringWithMarkup/39/String,string,205Pon
/Record/Section/8/Section/2/Information/0/Value/StringWithMarkup/39/Markup/0/Start,number,0
/Record/Section/8/Section/2/Information/0/Value/StringWithMarkup/39/Markup/0/Length,number,3
/Record/Section/8/Section/2/Information/0/Value/StringWithMarkup/39/Markup/0/Type,string,Superscript
/Record/Section/8/Section/2/Information/0/Value/StringWithMarkup/39/Markup/1/Start,number,5
/Record/Section/8/Section/2/Information/0/Value/StringWithMarkup/39/Markup/1/Length,number,1
/Record/Section/8/Section/2/Information/0/Value/StringWithMarkup/39/Markup/1/Type,string,Superscript
/Record/Section/8/Section/2/Information/0/Value/StringWithMarkup/40/String,string,205Pop
/Record/Section/8/Section/2/Information/0/Value/StringWithMarkup/40/Markup/0/Start,number,0
/Record/Section/8/Section/2/Information/0/Value/StringWithMarkup/40/Markup/0/Length,number,3
/Record/Section/8/Section/2/Information/0/Value/StringWithMarkup/40/Markup/0/Type,string,Superscript
/Record/Section/8/Section/2/Information/0/Value/StringWithMarkup/40/Markup/1/Start,number,5
/Record/Section/8/Section/2/Information/0/Value/StringWithMarkup/40/Markup/1/Length,number,1
/Record/Section/8/Section/2/Information/0/Value/StringWithMarkup/40/Markup/1/Type,string,Superscript
/Record/Section/8/Section/2/Information/0/Value/StringWithMarkup/41/String,string,205Poq
/Record/Section/8/Section/2/Information/0/Value/StringWithMarkup/41/Markup/0/Start,number,0
/Record/Section/8/Section/2/Information/0/Value/StringWithMarkup/41/Markup/0/Length,number,3
/Record/Section/8/Section/2/Information/0/Value/StringWithMarkup/41/Markup/0/Type,string,Superscript
/Record/Section/8/Section/2/Information/0/Value/StringWithMarkup/41/Markup/1/Start,number,5
/Record/Section/8/Section/2/Information/0/Value/StringWithMarkup/41/Markup/1/Length,number,1
/Record/Section/8/Section/2/Information/0/Value/StringWithMarkup/41/Markup/1/Type,string,Superscript
/Record/Section/8/Section/2/Information/0/Value/StringWithMarkup/42/String,string,206Po
/Record/Section/8/Section/2/Information/0/Value/StringWithMarkup/42/Markup/0/Start,number,0
/Record/Section/8/Section/2/Information/0/Value/StringWithMarkup/42/Markup/0/Length,number,3
/Record/Section/8/Section/2/Information/0/Value/StringWithMarkup/42/Markup/0/Type,string,Superscript
/Record/Section/8/Section/2/Information/0/Value/StringWithMarkup/43/String,string,206Pom
/Record/Section/8/Section/2/Information/0/Value/StringWithMarkup/43/Markup/0/Start,number,0
/Record/Section/8/Section/2/Information/0/Value/StringWithMarkup/43/Markup/0/Length,number,3
/Record/Section/8/Section/2/Information/0/Value/StringWithMarkup/43/Markup/0/Type,string,Superscript
/Record/Section/8/Section/2/Information/0/Value/StringWithMarkup/43/Markup/1/Start,number,5
/Record/Section/8/Section/2/Information/0/Value/StringWithMarkup/43/Markup/1/Length,number,1
/Record/Section/8/Section/2/Information/0/Value/StringWithMarkup/43/Markup/1/Type,string,Superscript
/Record/Section/8/Section/2/Information/0/Value/StringWithMarkup/44/String,string,206Pon
/Record/Section/8/Section/2/Information/0/Value/StringWithMarkup/44/Markup/0/Start,number,0
/Record/Section/8/Section/2/Information/0/Value/StringWithMarkup/44/Markup/0/Length,number,3
/Record/Section/8/Section/2/Information/0/Value/StringWithMarkup/44/Markup/0/Type,string,Superscript
/Record/Section/8/Section/2/Information/0/Value/StringWithMarkup/44/Markup/1/Start,number,5
/Record/Section/8/Section/2/Information/0/Value/StringWithMarkup/44/Markup/1/Length,number,1
/Record/Section/8/Section/2/Information/0/Value/StringWithMarkup/44/Markup/1/Type,string,Superscript
/Record/Section/8/Section/2/Information/0/Value/StringWithMarkup/45/String,string,207Po
/Record/Section/8/Section/2/Information/0/Value/StringWithMarkup/45/Markup/0/Start,number,0
/Record/Section/8/Section/2/Information/0/Value/StringWithMarkup/45/Markup/0/Length,number,3
/Record/Section/8/Section/2/Information/0/Value/StringWithMarkup/45/Markup/0/Type,string,Superscript
/Record/Section/8/Section/2/Information/0/Value/StringWithMarkup/46/String,string,207Pom
/Record/Section/8/Section/2/Information/0/Value/StringWithMarkup/46/Markup/0/Start,number,0
/Record/Section/8/Section/2/Information/0/Value/StringWithMarkup/46/Markup/0/Length,number,3
/Record/Section/8/Section/2/Information/0/Value/StringWithMarkup/46/Markup/0/Type,string,Superscript
/Record/Section/8/Section/2/Information/0/Value/StringWithMarkup/46/Markup/1/Start,number,5
/Record/Section/8/Section/2/Information/0/Value/StringWithMarkup/46/Markup/1/Length,number,1
/Record/Section/8/Section/2/Information/0/Value/StringWithMarkup/46/Markup/1/Type,string,Superscript
/Record/Section/8/Section/2/Information/0/Value/StringWithMarkup/47/String,string,207Pon
/Record/Section/8/Section/2/Information/0/Value/StringWithMarkup/47/Markup/0/Start,number,0
/Record/Section/8/Section/2/Information/0/Value/StringWithMarkup/47/Markup/0/Length,number,3
/Record/Section/8/Section/2/Information/0/Value/StringWithMarkup/47/Markup/0/Type,string,Superscript
/Record/Section/8/Section/2/Information/0/Value/StringWithMarkup/47/Markup/1/Start,number,5
/Record/Section/8/Section/2/Information/0/Value/StringWithMarkup/47/Markup/1/Length,number,1
/Record/Section/8/Section/2/Information/0/Value/StringWithMarkup/47/Markup/1/Type,string,Superscript
/Record/Section/8/Section/2/Information/0/Value/StringWithMarkup/48/String,string,207Pop
/Record/Section/8/Section/2/Information/0/Value/StringWithMarkup/48/Markup/0/Start,number,0
/Record/Section/8/Section/2/Information/0/Value/StringWithMarkup/48/Markup/0/Length,number,3
/Record/Section/8/Section/2/Information/0/Value/StringWithMarkup/48/Markup/0/Type,string,Superscript
/Record/Section/8/Section/2/Information/0/Value/StringWithMarkup/48/Markup/1/Start,number,5
/Record/Section/8/Section/2/Information/0/Value/StringWithMarkup/48/Markup/1/Length,number,1
/Record/Section/8/Section/2/Information/0/Value/StringWithMarkup/48/Markup/1/Type,string,Superscript
/Record/Section/8/Section/2/Information/0/Value/StringWithMarkup/49/String,string,208Po
/Record/Section/8/Section/2/Information/0/Value/StringWithMarkup/49/Markup/0/Start,number,0
/Record/Section/8/Section/2/Information/0/Value/StringWithMarkup/49/Markup/0/Length,number,3
/Record/Section/8/Section/2/Information/0/Value/StringWithMarkup/49/Markup/0/Type,string,Superscript
/Record/Section/8/Section/2/Information/0/Value/StringWithMarkup/50/String,string,208Pom
/Record/Section/8/Section/2/Information/0/Value/StringWithMarkup/50/Markup/0/Start,number,0
/Record/Section/8/Section/2/Information/0/Value/StringWithMarkup/50/Markup/0/Length,number,3
/Record/Section/8/Section/2/Information/0/Value/StringWithMarkup/50/Markup/0/Type,string,Superscript
/Record/Section/8/Section/2/Information/0/Value/StringWithMarkup/50/Markup/1/Start,number,5
/Record/Section/8/Section/2/Information/0/Value/StringWithMarkup/50/Markup/1/Length,number,1
/Record/Section/8/Section/2/Information/0/Value/StringWithMarkup/50/Markup/1/Type,string,Superscript
/Record/Section/8/Section/2/Information/0/Value/StringWithMarkup/51/String,string,209Po
/Record/Section/8/Section/2/Information/0/Value/StringWithMarkup/51/Markup/0/Start,number,0
/Record/Section/8/Section/2/Information/0/Value/StringWithMarkup/51/Markup/0/Length,number,3
/Record/Section/8/Section/2/Information/0/Value/StringWithMarkup/51/Markup/0/Type,string,Superscript
/Record/Section/8/Section/2/Information/0/Value/StringWithMarkup/52/String,string,209Pom
/Record/Section/8/Section/2/Information/0/Value/StringWithMarkup/52/Markup/0/Start,number,0
/Record/Section/8/Section/2/Information/0/Value/StringWithMarkup/52/Markup/0/Length,number,3
/Record/Section/8/Section/2/Information/0/Value/StringWithMarkup/52/Markup/0/Type,string,Superscript
/Record/Section/8/Section/2/Information/0/Value/StringWithMarkup/52/Markup/1/Start,number,5
/Record/Section/8/Section/2/Information/0/Value/StringWithMarkup/52/Markup/1/Length,number,1
/Record/Section/8/Section/2/Information/0/Value/StringWithMarkup/52/Markup/1/Type,string,Superscript
/Record/Section/8/Section/2/Information/0/Value/StringWithMarkup/53/String,string,210Po
/Record/Section/8/Section/2/Information/0/Value/StringWithMarkup/53/Markup/0/Start,number,0
/Record/Section/8/Section/2/Information/0/Value/StringWithMarkup/53/Markup/0/Length,number,3
/Record/Section/8/Section/2/Information/0/Value/StringWithMarkup/53/Markup/0/Type,string,Superscript
/Record/Section/8/Section/2/Information/0/Value/StringWithMarkup/54/String,string,210Pom
/Record/Section/8/Section/2/Information/0/Value/StringWithMarkup/54/Markup/0/Start,number,0
/Record/Section/8/Section/2/Information/0/Value/StringWithMarkup/54/Markup/0/Length,number,3
/Record/Section/8/Section/2/Information/0/Value/StringWithMarkup/54/Markup/0/Type,string,Superscript
/Record/Section/8/Section/2/Information/0/Value/StringWithMarkup/54/Markup/1/Start,number,5
/Record/Section/8/Section/2/Information/0/Value/StringWithMarkup/54/Markup/1/Length,number,1
/Record/Section/8/Section/2/Information/0/Value/StringWithMarkup/54/Markup/1/Type,string,Superscript
/Record/Section/8/Section/2/Information/0/Value/StringWithMarkup/55/String,string,210Pon
/Record/Section/8/Section/2/Information/0/Value/StringWithMarkup/55/Markup/0/Start,number,0
/Record/Section/8/Section/2/Information/0/Value/StringWithMarkup/55/Markup/0/Length,number,3
/Record/Section/8/Section/2/Information/0/Value/StringWithMarkup/55/Markup/0/Type,string,Superscript
/Record/Section/8/Section/2/Information/0/Value/StringWithMarkup/55/Markup/1/Start,number,5
/Record/Section/8/Section/2/Information/0/Value/StringWithMarkup/55/Markup/1/Length,number,1
/Record/Section/8/Section/2/Information/0/Value/StringWithMarkup/55/Markup/1/Type,string,Superscript
/Record/Section/8/Section/2/Information/0/Value/StringWithMarkup/56/String,string,211Po
/Record/Section/8/Section/2/Information/0/Value/StringWithMarkup/56/Markup/0/Start,number,0
/Record/Section/8/Section/2/Information/0/Value/StringWithMarkup/56/Markup/0/Length,number,3
/Record/Section/8/Section/2/Information/0/Value/StringWithMarkup/56/Markup/0/Type,string,Superscript
/Record/Section/8/Section/2/Information/0/Value/StringWithMarkup/57/String,string,211Pom
/Record/Section/8/Section/2/Information/0/Value/StringWithMarkup/57/Markup/0/Start,number,0
/Record/Section/8/Section/2/Information/0/Value/StringWithMarkup/57/Markup/0/Length,number,3
/Record/Section/8/Section/2/Information/0/Value/StringWithMarkup/57/Markup/0/Type,string,Superscript
/Record/Section/8/Section/2/Information/0/Value/StringWithMarkup/57/Markup/1/Start,number,5
/Record/Section/8/Section/2/Information/0/Value/StringWithMarkup/57/Markup/1/Length,number,1
/Record/Section/8/Section/2/Information/0/Value/StringWithMarkup/57/Markup/1/Type,string,Superscript
/Record/Section/8/Section/2/Information/0/Value/StringWithMarkup/58/String,string,211Pon
/Record/Section/8/Section/2/Information/0/Value/StringWithMarkup/58/Markup/0/Start,number,0
/Record/Section/8/Section/2/Information/0/Value/StringWithMarkup/58/Markup/0/Length,number,3
/Record/Section/8/Section/2/Information/0/Value/StringWithMarkup/58/Markup/0/Type,string,Superscript
/Record/Section/8/Section/2/Information/0/Value/StringWithMarkup/58/Markup/1/Start,number,5
/Record/Section/8/Section/2/Information/0/Value/StringWithMarkup/58/Markup/1/Length,number,1
/Record/Section/8/Section/2/Information/0/Value/StringWithMarkup/58/Markup/1/Type,string,Superscript
/Record/Section/8/Section/2/Information/0/Value/StringWithMarkup/59/String,string,211Pop
/Record/Section/8/Section/2/Information/0/Value/StringWithMarkup/59/Markup/0/Start,number,0
/Record/Section/8/Section/2/Information/0/Value/StringWithMarkup/59/Markup/0/Length,number,3
/Record/Section/8/Section/2/Information/0/Value/StringWithMarkup/59/Markup/0/Type,string,Superscript
/Record/Section/8/Section/2/Information/0/Value/StringWithMarkup/59/Markup/1/Start,number,5
/Record/Section/8/Section/2/Information/0/Value/StringWithMarkup/59/Markup/1/Length,number,1
/Record/Section/8/Section/2/Information/0/Value/StringWithMarkup/59/Markup/1/Type,string,Superscript
/Record/Section/8/Section/2/Information/0/Value/StringWithMarkup/60/String,string,212Po
/Record/Section/8/Section/2/Information/0/Value/StringWithMarkup/60/Markup/0/Start,number,0
/Record/Section/8/Section/2/Information/0/Value/StringWithMarkup/60/Markup/0/Length,number,3
/Record/Section/8/Section/2/Information/0/Value/StringWithMarkup/60/Markup/0/Type,string,Superscript
/Record/Section/8/Section/2/Information/0/Value/StringWithMarkup/61/String,string,212Pom
/Record/Section/8/Section/2/Information/0/Value/StringWithMarkup/61/Markup/0/Start,number,0
/Record/Section/8/Section/2/Information/0/Value/StringWithMarkup/61/Markup/0/Length,number,3
/Record/Section/8/Section/2/Information/0/Value/StringWithMarkup/61/Markup/0/Type,string,Superscript
/Record/Section/8/Section/2/Information/0/Value/StringWithMarkup/61/Markup/1/Start,number,5
/Record/Section/8/Section/2/Information/0/Value/StringWithMarkup/61/Markup/1/Length,number,1
/Record/Section/8/Section/2/Information/0/Value/StringWithMarkup/61/Markup/1/Type,string,Superscript
/Record/Section/8/Section/2/Information/0/Value/StringWithMarkup/62/String,string,213Po
/Record/Section/8/Section/2/Information/0/Value/StringWithMarkup/62/Markup/0/Start,number,0
/Record/Section/8/Section/2/Information/0/Value/StringWithMarkup/62/Markup/0/Length,number,3
/Record/Section/8/Section/2/Information/0/Value/StringWithMarkup/62/Markup/0/Type,string,Superscript
/Record/Section/8/Section/2/Information/0/Value/StringWithMarkup/63/String,string,214Po
/Record/Section/8/Section/2/Information/0/Value/StringWithMarkup/63/Markup/0/Start,number,0
/Record/Section/8/Section/2/Information/0/Value/StringWithMarkup/63/Markup/0/Length,number,3
/Record/Section/8/Section/2/Information/0/Value/StringWithMarkup/63/Markup/0/Type,string,Superscript
/Record/Section/8/Section/2/Information/0/Value/StringWithMarkup/64/String,string,215Po
/Record/Section/8/Section/2/Information/0/Value/StringWithMarkup/64/Markup/0/Start,number,0
/Record/Section/8/Section/2/Information/0/Value/StringWithMarkup/64/Markup/0/Length,number,3
/Record/Section/8/Section/2/Information/0/Value/StringWithMarkup/64/Markup/0/Type,string,Superscript
/Record/Section/8/Section/2/Information/0/Value/StringWithMarkup/65/String,string,216Po
/Record/Section/8/Section/2/Information/0/Value/StringWithMarkup/65/Markup/0/Start,number,0
/Record/Section/8/Section/2/Information/0/Value/StringWithMarkup/65/Markup/0/Length,number,3
/Record/Section/8/Section/2/Information/0/Value/StringWithMarkup/65/Markup/0/Type,string,Superscript
/Record/Section/8/Section/2/Information/0/Value/StringWithMarkup/66/String,string,217Po
/Record/Section/8/Section/2/Information/0/Value/StringWithMarkup/66/Markup/0/Start,number,0
/Record/Section/8/Section/2/Information/0/Value/StringWithMarkup/66/Markup/0/Length,number,3
/Record/Section/8/Section/2/Information/0/Value/StringWithMarkup/66/Markup/0/Type,string,Superscript
/Record/Section/8/Section/2/Information/0/Value/StringWithMarkup/67/String,string,218Po
/Record/Section/8/Section/2/Information/0/Value/StringWithMarkup/67/Markup/0/Start,number,0
/Record/Section/8/Section/2/Information/0/Value/StringWithMarkup/67/Markup/0/Length,number,3
/Record/Section/8/Section/2/Information/0/Value/StringWithMarkup/67/Markup/0/Type,string,Superscript
/Record/Section/8/Section/2/Information/0/Value/StringWithMarkup/68/String,string,219Po
/Record/Section/8/Section/2/Information/0/Value/StringWithMarkup/68/Markup/0/Start,number,0
/Record/Section/8/Section/2/Information/0/Value/StringWithMarkup/68/Markup/0/Length,number,3
/Record/Section/8/Section/2/Information/0/Value/StringWithMarkup/68/Markup/0/Type,string,Superscript
/Record/Section/8/Section/2/Information/0/Value/StringWithMarkup/69/String,string,220Po
/Record/Section/8/Section/2/Information/0/Value/StringWithMarkup/69/Markup/0/Start,number,0
/Record/Section/8/Section/2/Information/0/Value/StringWithMarkup/69/Markup/0/Length,number,3
/Record/Section/8/Section/2/Information/0/Value/StringWithMarkup/69/Markup/0/Type,string,Superscript
/Record/Section/8/Section/2/Information/0/Value/StringWithMarkup/70/String,string,221Po
/Record/Section/8/Section/2/Information/0/Value/StringWithMarkup/70/Markup/0/Start,number,0
/Record/Section/8/Section/2/Information/0/Value/StringWithMarkup/70/Markup/0/Length,number,3
/Record/Section/8/Section/2/Information/0/Value/StringWithMarkup/70/Markup/0/Type,string,Superscript
/Record/Section/8/Section/2/Information/0/Value/StringWithMarkup/71/String,string,222Po
/Record/Section/8/Section/2/Information/0/Value/StringWithMarkup/71/Markup/0/Start,number,0
/Record/Section/8/Section/2/Information/0/Value/StringWithMarkup/71/Markup/0/Length,number,3
/Record/Section/8/Section/2/Information/0/Value/StringWithMarkup/71/Markup/0/Type,string,Superscript
/Record/Section/8/Section/2/Information/0/Value/StringWithMarkup/72/String,string,223Po
/Record/Section/8/Section/2/Information/0/Value/StringWithMarkup/72/Markup/0/Start,number,0
/Record/Section/8/Section/2/Information/0/Value/StringWithMarkup/72/Markup/0/Length,number,3
/Record/Section/8/Section/2/Information/0/Value/StringWithMarkup/72/Markup/0/Type,string,Superscript
/Record/Section/8/Section/2/Information/0/Value/StringWithMarkup/73/String,string,224Po
/Record/Section/8/Section/2/Information/0/Value/StringWithMarkup/73/Markup/0/Start,number,0
/Record/Section/8/Section/2/Information/0/Value/StringWithMarkup/73/Markup/0/Length,number,3
/Record/Section/8/Section/2/Information/0/Value/StringWithMarkup/73/Markup/0/Type,string,Superscript
/Record/Section/8/Section/2/Information/0/Value/StringWithMarkup/74/String,string,225Po
/Record/Section/8/Section/2/Information/0/Value/StringWithMarkup/74/Markup/0/Start,number,0
/Record/Section/8/Section/2/Information/0/Value/StringWithMarkup/74/Markup/0/Length,number,3
/Record/Section/8/Section/2/Information/0/Value/StringWithMarkup/74/Markup/0/Type,string,Superscript
/Record/Section/8/Section/2/Information/0/Value/StringWithMarkup/75/String,string,226Po
/Record/Section/8/Section/2/Information/0/Value/StringWithMarkup/75/Markup/0/Start,number,0
/Record/Section/8/Section/2/Information/0/Value/StringWithMarkup/75/Markup/0/Length,number,3
/Record/Section/8/Section/2/Information/0/Value/StringWithMarkup/75/Markup/0/Type,string,Superscript
/Record/Section/8/Section/2/Information/0/Value/StringWithMarkup/76/String,string,227Po
/Record/Section/8/Section/2/Information/0/Value/StringWithMarkup/76/Markup/0/Start,number,0
/Record/Section/8/Section/2/Information/0/Value/StringWithMarkup/76/Markup/0/Length,number,3
/Record/Section/8/Section/2/Information/0/Value/StringWithMarkup/76/Markup/0/Type,string,Superscript
/Record/Section/8/Section/2/Information/1/ReferenceNumber,number,2
/Record/Section/8/Section/2/Information/1/Name,string,Atomic Mass and Uncertainty [u]
/Record/Section/8/Section/2/Information/1/Value/StringWithMarkup/0/String,string,186.004403174 ± 0.000019622
/Record/Section/8/Section/2/Information/1/Value/StringWithMarkup/1/String,string,187.003031482 ± 0.00003503
/Record/Section/8/Section/2/Information/1/Value/StringWithMarkup/2/String,string,187.003031482 ± 0.00003503
/Record/Section/8/Section/2/Information/1/Value/StringWithMarkup/3/String,string,187.999415586 ± 0.000021438
/Record/Section/8/Section/2/Information/1/Value/StringWithMarkup/4/String,string,188.998473425 ± 0.000023681
/Record/Section/8/Section/2/Information/1/Value/StringWithMarkup/5/String,string,189.995101731 ± 0.000014131
/Record/Section/8/Section/2/Information/1/Value/StringWithMarkup/6/String,string,190.994558494 ± 0.000007624
/Record/Section/8/Section/2/Information/1/Value/StringWithMarkup/7/String,string,190.994558494 ± 0.000007624
/Record/Section/8/Section/2/Information/1/Value/StringWithMarkup/8/String,string,191.991340274 ± 0.000011416
/Record/Section/8/Section/2/Information/1/Value/StringWithMarkup/9/String,string,191.991340274 ± 0.000011416
/Record/Section/8/Section/2/Information/1/Value/StringWithMarkup/10/String,string,192.991062421 ± 0.000015599
/Record/Section/8/Section/2/Information/1/Value/StringWithMarkup/11/String,string,192.991062421 ± 0.000015599
/Record/Section/8/Section/2/Information/1/Value/StringWithMarkup/12/String,string,193.988186058 ± 0.00001386
/Record/Section/8/Section/2/Information/1/Value/StringWithMarkup/13/String,string,193.988186058 ± 0.00001386
/Record/Section/8/Section/2/Information/1/Value/StringWithMarkup/14/String,string,194.988065781 ± 0.000006486
/Record/Section/8/Section/2/Information/1/Value/StringWithMarkup/15/String,string,194.988065781 ± 0.000006486
/Record/Section/8/Section/2/Information/1/Value/StringWithMarkup/16/String,string,195.985540722 ± 0.000005778
/Record/Section/8/Section/2/Information/1/Value/StringWithMarkup/17/String,string,195.985540722 ± 0.000005778
/Record/Section/8/Section/2/Information/1/Value/StringWithMarkup/18/String,string,196.985621939 ± 0.000010585
/Record/Section/8/Section/2/Information/1/Value/StringWithMarkup/19/String,string,196.985621939 ± 0.000010585
/Record/Section/8/Section/2/Information/1/Value/StringWithMarkup/20/String,string,197.983388753 ± 0.000018705
/Record/Section/8/Section/2/Information/1/Value/StringWithMarkup/21/String,string,197.983388753 ± 0.000018705
/Record/Section/8/Section/2/Information/1/Value/StringWithMarkup/22/String,string,197.983388753 ± 0.000018705
/Record/Section/8/Section/2/Information/1/Value/StringWithMarkup/23/String,string,198.983640445 ± 0.000005828
/Record/Section/8/Section/2/Information/1/Value/StringWithMarkup/24/String,string,198.983640445 ± 0.000005828
/Record/Section/8/Section/2/Information/1/Value/StringWithMarkup/25/String,string,199.981812355 ± 0.000008136
/Record/Section/8/Section/2/Information/1/Value/StringWithMarkup/26/String,string,199.981812355 ± 0.000008136
/Record/Section/8/Section/2/Information/1/Value/StringWithMarkup/27/String,string,199.981812355 ± 0.000008136
/Record/Section/8/Section/2/Information/1/Value/StringWithMarkup/28/String,string,200.982263799 ± 0.000005305
/Record/Section/8/Section/2/Information/1/Value/StringWithMarkup/29/String,string,200.982263799 ± 0.000005305
/Record/Section/8/Section/2/Information/1/Value/StringWithMarkup/30/String,string,201.980738934 ± 0.000009307
/Record/Section/8/Section/2/Information/1/Value/StringWithMarkup/31/String,string,201.980738934 ± 0.000009307
/Record/Section/8/Section/2/Information/1/Value/StringWithMarkup/32/String,string,202.981416072 ± 0.000004981
/Record/Section/8/Section/2/Information/1/Value/StringWithMarkup/33/String,string,202.981416072 ± 0.000004981
/Record/Section/8/Section/2/Information/1/Value/StringWithMarkup/34/String,string,202.981416072 ± 0.000004981
/Record/Section/8/Section/2/Information/1/Value/StringWithMarkup/35/String,string,203.980310078 ± 0.000010811
/Record/Section/8/Section/2/Information/1/Value/StringWithMarkup/36/String,string,203.980310078 ± 0.000010811
/Record/Section/8/Section/2/Information/1/Value/StringWithMarkup/37/String,string,204.981190006 ± 0.000010798
/Record/Section/8/Section/2/Information/1/Value/StringWithMarkup/38/String,string,204.981190006 ± 0.000010798
/Record/Section/8/Section/2/Information/1/Value/StringWithMarkup/39/String,string,204.981190006 ± 0.000010798
/Record/Section/8/Section/2/Information/1/Value/StringWithMarkup/40/String,string,204.981190006 ± 0.000010798
/Record/Section/8/Section/2/Information/1/Value/StringWithMarkup/41/String,string,204.981190006 ± 0.000010798
/Record/Section/8/Section/2/Information/1/Value/StringWithMarkup/42/String,string,205.980473662 ± 0.000004306
/Record/Section/8/Section/2/Information/1/Value/StringWithMarkup/43/String,string,205.980473662 ± 0.000004306
/Record/Section/8/Section/2/Information/1/Value/StringWithMarkup/44/String,string,205.980473662 ± 0.000004306
/Record/Section/8/Section/2/Information/1/Value/StringWithMarkup/45/String,string,206.981593334 ± 0.000007148
/Record/Section/8/Section/2/Information/1/Value/StringWithMarkup/46/String,string,206.981593334 ± 0.000007148
/Record/Section/8/Section/2/Information/1/Value/StringWithMarkup/47/String,string,206.981593334 ± 0.000007148
/Record/Section/8/Section/2/Information/1/Value/StringWithMarkup/48/String,string,206.981593334 ± 0.000007148
/Record/Section/8/Section/2/Information/1/Value/StringWithMarkup/49/String,string,207.981246035 ± 0.000001795
/Record/Section/8/Section/2/Information/1/Value/StringWithMarkup/50/String,string,207.981246035 ± 0.000001795
/Record/Section/8/Section/2/Information/1/Value/StringWithMarkup/51/String,string,208.982430361 ± 0.000001909
/Record/Section/8/Section/2/Information/1/Value/StringWithMarkup/52/String,string,208.982430361 ± 0.000001909
/Record/Section/8/Section/2/Information/1/Value/StringWithMarkup/53/String,string,209.982873686 ± 0.00000123
/Record/Section/8/Section/2/Information/1/Value/StringWithMarkup/54/String,string,209.982873686 ± 0.00000123
/Record/Section/8/Section/2/Information/1/Value/StringWithMarkup/55/String,string,209.982873686 ± 0.00000123
/Record/Section/8/Section/2/Information/1/Value/StringWithMarkup/56/String,string,210.986653171 ± 0.000001347
/Record/Section/8/Section/2/Information/1/Value/StringWithMarkup/57/String,string,210.986653171 ± 0.000001347
/Record/Section/8/Section/2/Information/1/Value/StringWithMarkup/58/String,string,210.986653171 ± 0.000001347
/Record/Section/8/Section/2/Information/1/Value/StringWithMarkup/59/String,string,210.986653171 ± 0.000001347
/Record/Section/8/Section/2/Information/1/Value/StringWithMarkup/60/String,string,211.988867982 ± 0.000001237
/Record/Section/8/Section/2/Information/1/Value/StringWithMarkup/61/String,string,211.988867982 ± 0.000001237
/Record/Section/8/Section/2/Information/1/Value/StringWithMarkup/62/String,string,212.992857154 ± 0.000003277
/Record/Section/8/Section/2/Information/1/Value/StringWithMarkup/63/String,string,213.995201287 ± 0.000001556
/Record/Section/8/Section/2/Information/1/Value/StringWithMarkup/64/String,string,214.999418385 ± 0.000002276
/Record/Section/8/Section/2/Information/1/Value/StringWithMarkup/65/String,string,216.001913416 ± 0.000001948
/Record/Section/8/Section/2/Information/1/Value/StringWithMarkup/66/String,string,217.006316145 ± 0.000007025
/Record/Section/8/Section/2/Information/1/Value/StringWithMarkup/67/String,string,218.008971234 ± 0.000002112
/Record/Section/8/Section/2/Information/1/Value/StringWithMarkup/68/String,string,219.013614000 ± 0.000017
/Record/Section/8/Section/2/Information/1/Value/StringWithMarkup/69/String,string,220.016386000 ± 0.000019
/Record/Section/8/Section/2/Information/1/Value/StringWithMarkup/70/String,string,221.021228000 ± 0.000021
/Record/Section/8/Section/2/Information/1/Value/StringWithMarkup/71/String,string,222.024140000 ± 0.000043
/Record/Section/8/Section/2/Information/1/Value/StringWithMarkup/72/String,string,223.029070 ± 0.00021 [Estimated]
/Record/Section/8/Section/2/Information/1/Value/StringWithMarkup/73/String,string,224.032110 ± 0.00021 [Estimated]
/Record/Section/8/Section/2/Information/1/Value/StringWithMarkup/74/String,string,225.037123 ± 0.000322 [Estimated]
/Record/Section/8/Section/2/Information/1/Value/StringWithMarkup/75/String,string,226.040310 ± 0.00043 [Estimated]
/Record/Section/8/Section/2/Information/1/Value/StringWithMarkup/76/String,string,227.045390 ± 0.00043 [Estimated]
/Record/Section/8/Section/2/Information/2/ReferenceNumber,number,2
/Record/Section/8/Section/2/Information/2/Name,string,Half Life and Uncertainty
/Record/Section/8/Section/2/Information/2/Value/StringWithMarkup/0/String,string,34 us ± 12
/Record/Section/8/Section/2/Information/2/Value/StringWithMarkup/1/String,string,1.40 ms ± 0.25
/Record/Section/8/Section/2/Information/2/Value/StringWithMarkup/2/String,string,0.5 ms
/Record/Section/8/Section/2/Information/2/Value/StringWithMarkup/3/String,string,270 us ± 30
/Record/Section/8/Section/2/Information/2/Value/StringWithMarkup/4/String,string,3.5 ms ± 0.5
/Record/Section/8/Section/2/Information/2/Value/StringWithMarkup/5/String,string,2.45 ms ± 0.05
/Record/Section/8/Section/2/Information/2/Value/StringWithMarkup/6/String,string,22 ms ± 1
/Record/Section/8/Section/2/Information/2/Value/StringWithMarkup/7/String,string,93 ms ± 3
/Record/Section/8/Section/2/Information/2/Value/StringWithMarkup/8/String,string,32.2 ms ± 0.3
/Record/Section/8/Section/2/Information/2/Value/StringWithMarkup/9/String,string,580 ns ± 100
/Record/Section/8/Section/2/Information/2/Value/StringWithMarkup/10/String,string,399 ms ± 34
/Record/Section/8/Section/2/Information/2/Value/StringWithMarkup/11/String,string,245 ms ± 11
/Record/Section/8/Section/2/Information/2/Value/StringWithMarkup/12/String,string,392 ms ± 4
/Record/Section/8/Section/2/Information/2/Value/StringWithMarkup/13/String,string,12.9 us ± 0.5
/Record/Section/8/Section/2/Information/2/Value/StringWithMarkup/14/String,string,4.64 s ± 0.09
/Record/Section/8/Section/2/Information/2/Value/StringWithMarkup/15/String,string,1.92 s ± 0.02
/Record/Section/8/Section/2/Information/2/Value/StringWithMarkup/16/String,string,5.63 s ± 0.07
/Record/Section/8/Section/2/Information/2/Value/StringWithMarkup/17/String,string,856 ns ± 17
/Record/Section/8/Section/2/Information/2/Value/StringWithMarkup/18/String,string,53.6 s ± 0.9
/Record/Section/8/Section/2/Information/2/Value/StringWithMarkup/19/String,string,25.8 s ± 0.1
/Record/Section/8/Section/2/Information/2/Value/StringWithMarkup/20/String,string,1.760 m ± 0.024
/Record/Section/8/Section/2/Information/2/Value/StringWithMarkup/21/String,string,200 ns ± 20
/Record/Section/8/Section/2/Information/2/Value/StringWithMarkup/22/String,string,750 ns ± 50
/Record/Section/8/Section/2/Information/2/Value/StringWithMarkup/23/String,string,5.47 m ± 0.15
/Record/Section/8/Section/2/Information/2/Value/StringWithMarkup/24/String,string,4.17 m ± 0.05
/Record/Section/8/Section/2/Information/2/Value/StringWithMarkup/25/String,string,11.51 m ± 0.08
/Record/Section/8/Section/2/Information/2/Value/StringWithMarkup/26/String,string,100 ns ± 10
/Record/Section/8/Section/2/Information/2/Value/StringWithMarkup/27/String,string,268 ns ± 3
/Record/Section/8/Section/2/Information/2/Value/StringWithMarkup/28/String,string,15.6 m ± 0.1
/Record/Section/8/Section/2/Information/2/Value/StringWithMarkup/29/String,string,8.96 m ± 0.12
/Record/Section/8/Section/2/Information/2/Value/StringWithMarkup/30/String,string,44.6 m ± 0.4
/Record/Section/8/Section/2/Information/2/Value/StringWithMarkup/31/String,string,110 ns ± 15
/Record/Section/8/Section/2/Information/2/Value/StringWithMarkup/32/String,string,36.7 m ± 0.5
/Record/Section/8/Section/2/Information/2/Value/StringWithMarkup/33/String,string,45 s ± 2
/Record/Section/8/Section/2/Information/2/Value/StringWithMarkup/34/String,string,>200 ns
/Record/Section/8/Section/2/Information/2/Value/StringWithMarkup/35/String,string,3.519 h ± 0.012
/Record/Section/8/Section/2/Information/2/Value/StringWithMarkup/36/String,string,158.6 ns ± 1.8
/Record/Section/8/Section/2/Information/2/Value/StringWithMarkup/37/String,string,1.74 h ± 0.08
/Record/Section/8/Section/2/Information/2/Value/StringWithMarkup/38/String,string,310 ns ± 60
/Record/Section/8/Section/2/Information/2/Value/StringWithMarkup/39/String,string,645 us ± 20
/Record/Section/8/Section/2/Information/2/Value/StringWithMarkup/40/String,string,57.4 ms ± 0.9
/Record/Section/8/Section/2/Information/2/Value/StringWithMarkup/41/String,string,115 ns ± 10
/Record/Section/8/Section/2/Information/2/Value/StringWithMarkup/42/String,string,8.8 d ± 0.1
/Record/Section/8/Section/2/Information/2/Value/StringWithMarkup/43/String,string,232 ns ± 4
/Record/Section/8/Section/2/Information/2/Value/StringWithMarkup/44/String,string,1.05 us ± 0.06
/Record/Section/8/Section/2/Information/2/Value/StringWithMarkup/45/String,string,5.80 h ± 0.02
/Record/Section/8/Section/2/Information/2/Value/StringWithMarkup/46/String,string,205 ns ± 10
/Record/Section/8/Section/2/Information/2/Value/StringWithMarkup/47/String,string,49 us ± 4
/Record/Section/8/Section/2/Information/2/Value/StringWithMarkup/48/String,string,2.79 s ± 0.08
/Record/Section/8/Section/2/Information/2/Value/StringWithMarkup/49/String,string,2.898 y ± 0.002
/Record/Section/8/Section/2/Information/2/Value/StringWithMarkup/50/String,string,373 ns ± 8
/Record/Section/8/Section/2/Information/2/Value/StringWithMarkup/51/String,string,124 y ± 3
/Record/Section/8/Section/2/Information/2/Value/StringWithMarkup/52/String,string,119 ns ± 4
/Record/Section/8/Section/2/Information/2/Value/StringWithMarkup/53/String,string,138.376 d ± 0.002
/Record/Section/8/Section/2/Information/2/Value/StringWithMarkup/54/String,string,98.9 ns ± 2.5
/Record/Section/8/Section/2/Information/2/Value/StringWithMarkup/55/String,string,263 ns ± 5
/Record/Section/8/Section/2/Information/2/Value/StringWithMarkup/56/String,string,516 ms ± 3
/Record/Section/8/Section/2/Information/2/Value/StringWithMarkup/57/String,string,25.2 s ± 0.6
/Record/Section/8/Section/2/Information/2/Value/StringWithMarkup/58/String,string,243 ns ± 21
/Record/Section/8/Section/2/Information/2/Value/StringWithMarkup/59/String,string,2.8 us ± 0.7
/Record/Section/8/Section/2/Information/2/Value/StringWithMarkup/60/String,string,294.4 ns ± 0.8
/Record/Section/8/Section/2/Information/2/Value/StringWithMarkup/61/String,string,45.1 s ± 0.6
/Record/Section/8/Section/2/Information/2/Value/StringWithMarkup/62/String,string,3.705 us ± 0.001
/Record/Section/8/Section/2/Information/2/Value/StringWithMarkup/63/String,string,163.47 us ± 0.03
/Record/Section/8/Section/2/Information/2/Value/StringWithMarkup/64/String,string,1.781 ms ± 0.005
/Record/Section/8/Section/2/Information/2/Value/StringWithMarkup/65/String,string,144.0 ms ± 0.6
/Record/Section/8/Section/2/Information/2/Value/StringWithMarkup/66/String,string,1.53 s ± 0.05
/Record/Section/8/Section/2/Information/2/Value/StringWithMarkup/67/String,string,3.097 m ± 0.012
/Record/Section/8/Section/2/Information/2/Value/StringWithMarkup/68/String,string,10.3 m ± 1.0
/Record/Section/8/Section/2/Information/2/Value/StringWithMarkup/69/String,string,10 s >300ns [Estimated]
/Record/Section/8/Section/2/Information/2/Value/StringWithMarkup/70/String,string,2.2 m ± 0.7
/Record/Section/8/Section/2/Information/2/Value/StringWithMarkup/71/String,string,9.1 m ± 7.2
/Record/Section/8/Section/2/Information/2/Value/StringWithMarkup/72/String,string,6 s >300ns [Estimated]
/Record/Section/8/Section/2/Information/2/Value/StringWithMarkup/73/String,string,3 m >300ns [Estimated]
/Record/Section/8/Section/2/Information/2/Value/StringWithMarkup/74/String,string,10 s >300ns [Estimated]
/Record/Section/8/Section/2/Information/2/Value/StringWithMarkup/75/String,string,1 m >300ns [Estimated]
/Record/Section/8/Section/2/Information/2/Value/StringWithMarkup/76/String,string,2 s >300ns [Estimated]
/Record/Section/8/Section/2/Information/3/ReferenceNumber,number,2
/Record/Section/8/Section/2/Information/3/Name,string,Discovery Year
/Record/Section/8/Section/2/Information/3/Value/StringWithMarkup/0/String,string,2005
/Record/Section/8/Section/2/Information/3/Value/StringWithMarkup/1/String,string,2005
/Record/Section/8/Section/2/Information/3/Value/StringWithMarkup/2/String,string,2006
/Record/Section/8/Section/2/Information/3/Value/StringWithMarkup/3/String,string,1999
/Record/Section/8/Section/2/Information/3/Value/StringWithMarkup/4/String,string,1999
/Record/Section/8/Section/2/Information/3/Value/StringWithMarkup/5/String,string,1996
/Record/Section/8/Section/2/Information/3/Value/StringWithMarkup/6/String,string,1993
/Record/Section/8/Section/2/Information/3/Value/StringWithMarkup/7/String,string,1999
/Record/Section/8/Section/2/Information/3/Value/StringWithMarkup/8/String,string,1977
/Record/Section/8/Section/2/Information/3/Value/StringWithMarkup/9/String,string,1999
/Record/Section/8/Section/2/Information/3/Value/StringWithMarkup/10/String,string,1967
/Record/Section/8/Section/2/Information/3/Value/StringWithMarkup/11/String,string,1981
/Record/Section/8/Section/2/Information/3/Value/StringWithMarkup/12/String,string,1967
/Record/Section/8/Section/2/Information/3/Value/StringWithMarkup/13/String,string,1999
/Record/Section/8/Section/2/Information/3/Value/StringWithMarkup/14/String,string,1967
/Record/Section/8/Section/2/Information/3/Value/StringWithMarkup/15/String,string,1967
/Record/Section/8/Section/2/Information/3/Value/StringWithMarkup/16/String,string,1967
/Record/Section/8/Section/2/Information/3/Value/StringWithMarkup/17/String,string,1995
/Record/Section/8/Section/2/Information/3/Value/StringWithMarkup/18/String,string,1965
/Record/Section/8/Section/2/Information/3/Value/StringWithMarkup/19/String,string,1967
/Record/Section/8/Section/2/Information/3/Value/StringWithMarkup/20/String,string,1965
/Record/Section/8/Section/2/Information/3/Value/StringWithMarkup/21/String,string,1990
/Record/Section/8/Section/2/Information/3/Value/StringWithMarkup/22/String,string,1990
/Record/Section/8/Section/2/Information/3/Value/StringWithMarkup/23/String,string,1965
/Record/Section/8/Section/2/Information/3/Value/StringWithMarkup/24/String,string,1964
/Record/Section/8/Section/2/Information/3/Value/StringWithMarkup/25/String,string,1951
/Record/Section/8/Section/2/Information/3/Value/StringWithMarkup/26/String,string,1985
/Record/Section/8/Section/2/Information/3/Value/StringWithMarkup/27/String,string,1985
/Record/Section/8/Section/2/Information/3/Value/StringWithMarkup/28/String,string,1951
/Record/Section/8/Section/2/Information/3/Value/StringWithMarkup/29/String,string,1962
/Record/Section/8/Section/2/Information/3/Value/StringWithMarkup/30/String,string,1951
/Record/Section/8/Section/2/Information/3/Value/StringWithMarkup/31/String,string,1971
/Record/Section/8/Section/2/Information/3/Value/StringWithMarkup/32/String,string,1951
/Record/Section/8/Section/2/Information/3/Value/StringWithMarkup/33/String,string,1969
/Record/Section/8/Section/2/Information/3/Value/StringWithMarkup/34/String,string,1986
/Record/Section/8/Section/2/Information/3/Value/StringWithMarkup/35/String,string,1951
/Record/Section/8/Section/2/Information/3/Value/StringWithMarkup/36/String,string,1970
/Record/Section/8/Section/2/Information/3/Value/StringWithMarkup/37/String,string,1951
/Record/Section/8/Section/2/Information/3/Value/StringWithMarkup/38/String,string,1960
/Record/Section/8/Section/2/Information/3/Value/StringWithMarkup/39/String,string,1962
/Record/Section/8/Section/2/Information/3/Value/StringWithMarkup/40/String,string,1973
/Record/Section/8/Section/2/Information/3/Value/StringWithMarkup/41/String,string,1985
/Record/Section/8/Section/2/Information/3/Value/StringWithMarkup/42/String,string,1947
/Record/Section/8/Section/2/Information/3/Value/StringWithMarkup/43/String,string,1970
/Record/Section/8/Section/2/Information/3/Value/StringWithMarkup/44/String,string,1970
/Record/Section/8/Section/2/Information/3/Value/StringWithMarkup/45/String,string,1947
/Record/Section/8/Section/2/Information/3/Value/StringWithMarkup/46/String,string,1963
/Record/Section/8/Section/2/Information/3/Value/StringWithMarkup/47/String,string,1962
/Record/Section/8/Section/2/Information/3/Value/StringWithMarkup/48/String,string,1961
/Record/Section/8/Section/2/Information/3/Value/StringWithMarkup/49/String,string,1947
/Record/Section/8/Section/2/Information/3/Value/StringWithMarkup/50/String,string,1968
/Record/Section/8/Section/2/Information/3/Value/StringWithMarkup/51/String,string,1949
/Record/Section/8/Section/2/Information/3/Value/StringWithMarkup/52/String,string,1974
/Record/Section/8/Section/2/Information/3/Value/StringWithMarkup/53/String,string,1898
/Record/Section/8/Section/2/Information/3/Value/StringWithMarkup/54/String,string,1968
/Record/Section/8/Section/2/Information/3/Value/StringWithMarkup/55/String,string,1985
/Record/Section/8/Section/2/Information/3/Value/StringWithMarkup/56/String,string,1913
/Record/Section/8/Section/2/Information/3/Value/StringWithMarkup/57/String,string,1954
/Record/Section/8/Section/2/Information/3/Value/StringWithMarkup/58/String,string,1998
/Record/Section/8/Section/2/Information/3/Value/StringWithMarkup/59/String,string,1998
/Record/Section/8/Section/2/Information/3/Value/StringWithMarkup/60/String,string,1906
/Record/Section/8/Section/2/Information/3/Value/StringWithMarkup/61/String,string,1962
/Record/Section/8/Section/2/Information/3/Value/StringWithMarkup/62/String,string,1947
/Record/Section/8/Section/2/Information/3/Value/StringWithMarkup/63/String,string,1912
/Record/Section/8/Section/2/Information/3/Value/StringWithMarkup/64/String,string,1911
/Record/Section/8/Section/2/Information/3/Value/StringWithMarkup/65/String,string,1910
/Record/Section/8/Section/2/Information/3/Value/StringWithMarkup/66/String,string,1956
/Record/Section/8/Section/2/Information/3/Value/StringWithMarkup/67/String,string,1904
/Record/Section/8/Section/2/Information/3/Value/StringWithMarkup/68/String,string,1998
/Record/Section/8/Section/2/Information/3/Value/StringWithMarkup/69/String,string,1998
/Record/Section/8/Section/2/Information/3/Value/StringWithMarkup/70/String,string,2010
/Record/Section/8/Section/2/Information/3/Value/StringWithMarkup/71/String,string,2010
/Record/Section/8/Section/2/Information/3/Value/StringWithMarkup/72/String,string,2010
/Record/Section/8/Section/2/Information/3/Value/StringWithMarkup/73/String,string,2010
/Record/Section/8/Section/2/Information/3/Value/StringWithMarkup/74/String,string,2010
/Record/Section/8/Section/2/Information/3/Value/StringWithMarkup/75/String,string,2010
/Record/Section/8/Section/2/Information/3/Value/StringWithMarkup/76/String,string,2010
/Record/Section/8/Section/2/Information/4/ReferenceNumber,number,2
/Record/Section/8/Section/2/Information/4/Name,string,"Decay Modes, Intensities and Uncertainties [%]"
/Record/Section/8/Section/2/Information/4/Value/StringWithMarkup/0/String,string,α≈100%; p ?
/Record/Section/8/Section/2/Information/4/Value/StringWithMarkup/1/String,string,α≈100%; β+ ?
/Record/Section/8/Section/2/Information/4/Value/StringWithMarkup/1/Markup/0/Start,number,9
/Record/Section/8/Section/2/Information/4/Value/StringWithMarkup/1/Markup/0/Length,number,1
/Record/Section/8/Section/2/Information/4/Value/StringWithMarkup/1/Markup/0/Type,string,Superscript
/Record/Section/8/Section/2/Information/4/Value/StringWithMarkup/2/String,string,α≈100%; β+ ?
/Record/Section/8/Section/2/Information/4/Value/StringWithMarkup/2/Markup/0/Start,number,9
/Record/Section/8/Section/2/Information/4/Value/StringWithMarkup/2/Markup/0/Length,number,1
/Record/Section/8/Section/2/Information/4/Value/StringWithMarkup/2/Markup/0/Type,string,Superscript
/Record/Section/8/Section/2/Information/4/Value/StringWithMarkup/3/String,string,α≈100%; β+ ?
/Record/Section/8/Section/2/Information/4/Value/StringWithMarkup/3/Markup/0/Start,number,9
/Record/Section/8/Section/2/Information/4/Value/StringWithMarkup/3/Markup/0/Length,number,1
/Record/Section/8/Section/2/Information/4/Value/StringWithMarkup/3/Markup/0/Type,string,Superscript
/Record/Section/8/Section/2/Information/4/Value/StringWithMarkup/4/String,string,α≈100%; β+ ?
/Record/Section/8/Section/2/Information/4/Value/StringWithMarkup/4/Markup/0/Start,number,9
/Record/Section/8/Section/2/Information/4/Value/StringWithMarkup/4/Markup/0/Length,number,1
/Record/Section/8/Section/2/Information/4/Value/StringWithMarkup/4/Markup/0/Type,string,Superscript
/Record/Section/8/Section/2/Information/4/Value/StringWithMarkup/5/String,string,α=100%; β+ ?
/Record/Section/8/Section/2/Information/4/Value/StringWithMarkup/5/Markup/0/Start,number,9
/Record/Section/8/Section/2/Information/4/Value/StringWithMarkup/5/Markup/0/Length,number,1
/Record/Section/8/Section/2/Information/4/Value/StringWithMarkup/5/Markup/0/Type,string,Superscript
/Record/Section/8/Section/2/Information/4/Value/StringWithMarkup/6/String,string,α≈100%; β+ ?
/Record/Section/8/Section/2/Information/4/Value/StringWithMarkup/6/Markup/0/Start,number,9
/Record/Section/8/Section/2/Information/4/Value/StringWithMarkup/6/Markup/0/Length,number,1
/Record/Section/8/Section/2/Information/4/Value/StringWithMarkup/6/Markup/0/Type,string,Superscript
/Record/Section/8/Section/2/Information/4/Value/StringWithMarkup/7/String,string,α≈100%; β+ ?
/Record/Section/8/Section/2/Information/4/Value/StringWithMarkup/7/Markup/0/Start,number,9
/Record/Section/8/Section/2/Information/4/Value/StringWithMarkup/7/Markup/0/Length,number,1
/Record/Section/8/Section/2/Information/4/Value/StringWithMarkup/7/Markup/0/Type,string,Superscript
/Record/Section/8/Section/2/Information/4/Value/StringWithMarkup/8/String,string,α≈100%; β+ ?
/Record/Section/8/Section/2/Information/4/Value/StringWithMarkup/8/Markup/0/Start,number,9
/Record/Section/8/Section/2/Information/4/Value/StringWithMarkup/8/Markup/0/Length,number,1
/Record/Section/8/Section/2/Information/4/Value/StringWithMarkup/8/Markup/0/Type,string,Superscript
/Record/Section/8/Section/2/Information/4/Value/StringWithMarkup/9/String,string,IT=100%
/Record/Section/8/Section/2/Information/4/Value/StringWithMarkup/10/String,string,α≈100%; β+ ?
/Record/Section/8/Section/2/Information/4/Value/StringWithMarkup/10/Markup/0/Start,number,9
/Record/Section/8/Section/2/Information/4/Value/StringWithMarkup/10/Markup/0/Length,number,1
/Record/Section/8/Section/2/Information/4/Value/StringWithMarkup/10/Markup/0/Type,string,Superscript
/Record/Section/8/Section/2/Information/4/Value/StringWithMarkup/11/String,string,α≈100%; β+ ?
/Record/Section/8/Section/2/Information/4/Value/StringWithMarkup/11/Markup/0/Start,number,9
/Record/Section/8/Section/2/Information/4/Value/StringWithMarkup/11/Markup/0/Length,number,1
/Record/Section/8/Section/2/Information/4/Value/StringWithMarkup/11/Markup/0/Type,string,Superscript
/Record/Section/8/Section/2/Information/4/Value/StringWithMarkup/12/String,string,α≈100%; β+ ?
/Record/Section/8/Section/2/Information/4/Value/StringWithMarkup/12/Markup/0/Start,number,9
/Record/Section/8/Section/2/Information/4/Value/StringWithMarkup/12/Markup/0/Length,number,1
/Record/Section/8/Section/2/Information/4/Value/StringWithMarkup/12/Markup/0/Type,string,Superscript
/Record/Section/8/Section/2/Information/4/Value/StringWithMarkup/13/String,string,IT=100%
/Record/Section/8/Section/2/Information/4/Value/StringWithMarkup/14/String,string,α=94±0.4%; β+ ?
/Record/Section/8/Section/2/Information/4/Value/StringWithMarkup/14/Markup/0/Start,number,12
/Record/Section/8/Section/2/Information/4/Value/StringWithMarkup/14/Markup/0/Length,number,1
/Record/Section/8/Section/2/Information/4/Value/StringWithMarkup/14/Markup/0/Type,string,Superscript
/Record/Section/8/Section/2/Information/4/Value/StringWithMarkup/15/String,string,α≈100%; β+ ?; IT ?
/Record/Section/8/Section/2/Information/4/Value/StringWithMarkup/15/Markup/0/Start,number,9
/Record/Section/8/Section/2/Information/4/Value/StringWithMarkup/15/Markup/0/Length,number,1
/Record/Section/8/Section/2/Information/4/Value/StringWithMarkup/15/Markup/0/Type,string,Superscript
/Record/Section/8/Section/2/Information/4/Value/StringWithMarkup/16/String,string,α=94±0.5%; β+ ?
/Record/Section/8/Section/2/Information/4/Value/StringWithMarkup/16/Markup/0/Start,number,12
/Record/Section/8/Section/2/Information/4/Value/StringWithMarkup/16/Markup/0/Length,number,1
/Record/Section/8/Section/2/Information/4/Value/StringWithMarkup/16/Markup/0/Type,string,Superscript
/Record/Section/8/Section/2/Information/4/Value/StringWithMarkup/17/String,string,IT=100%
/Record/Section/8/Section/2/Information/4/Value/StringWithMarkup/18/String,string,β+ ?; α=44±0.7%
/Record/Section/8/Section/2/Information/4/Value/StringWithMarkup/18/Markup/0/Start,number,1
/Record/Section/8/Section/2/Information/4/Value/StringWithMarkup/18/Markup/0/Length,number,1
/Record/Section/8/Section/2/Information/4/Value/StringWithMarkup/18/Markup/0/Type,string,Superscript
/Record/Section/8/Section/2/Information/4/Value/StringWithMarkup/19/String,string,α=84±0.9%; β+ ?; IT ?
/Record/Section/8/Section/2/Information/4/Value/StringWithMarkup/19/Markup/0/Start,number,12
/Record/Section/8/Section/2/Information/4/Value/StringWithMarkup/19/Markup/0/Length,number,1
/Record/Section/8/Section/2/Information/4/Value/StringWithMarkup/19/Markup/0/Type,string,Superscript
/Record/Section/8/Section/2/Information/4/Value/StringWithMarkup/20/String,string,α=57±0.2%; β+=43±0.2%
/Record/Section/8/Section/2/Information/4/Value/StringWithMarkup/20/Markup/0/Start,number,12
/Record/Section/8/Section/2/Information/4/Value/StringWithMarkup/20/Markup/0/Length,number,1
/Record/Section/8/Section/2/Information/4/Value/StringWithMarkup/20/Markup/0/Type,string,Superscript
/Record/Section/8/Section/2/Information/4/Value/StringWithMarkup/21/String,string,IT=100%
/Record/Section/8/Section/2/Information/4/Value/StringWithMarkup/22/String,string,IT=100%
/Record/Section/8/Section/2/Information/4/Value/StringWithMarkup/23/String,string,β+=92.5±0.3%; α=7.5±0.3%
/Record/Section/8/Section/2/Information/4/Value/StringWithMarkup/23/Markup/0/Start,number,1
/Record/Section/8/Section/2/Information/4/Value/StringWithMarkup/23/Markup/0/Length,number,1
/Record/Section/8/Section/2/Information/4/Value/StringWithMarkup/23/Markup/0/Type,string,Superscript
/Record/Section/8/Section/2/Information/4/Value/StringWithMarkup/24/String,string,β+=73.5±1%; α=24±0.1%; IT=2.5±1%
/Record/Section/8/Section/2/Information/4/Value/StringWithMarkup/24/Markup/0/Start,number,1
/Record/Section/8/Section/2/Information/4/Value/StringWithMarkup/24/Markup/0/Length,number,1
/Record/Section/8/Section/2/Information/4/Value/StringWithMarkup/24/Markup/0/Type,string,Superscript
/Record/Section/8/Section/2/Information/4/Value/StringWithMarkup/25/String,string,β+=88.9±0.3%; α=11.1±0.3%
/Record/Section/8/Section/2/Information/4/Value/StringWithMarkup/25/Markup/0/Start,number,1
/Record/Section/8/Section/2/Information/4/Value/StringWithMarkup/25/Markup/0/Length,number,1
/Record/Section/8/Section/2/Information/4/Value/StringWithMarkup/25/Markup/0/Type,string,Superscript
/Record/Section/8/Section/2/Information/4/Value/StringWithMarkup/26/String,string,IT=100%
/Record/Section/8/Section/2/Information/4/Value/StringWithMarkup/27/String,string,IT=100%
/Record/Section/8/Section/2/Information/4/Value/StringWithMarkup/28/String,string,β+=98.87±0.3%; α=1.13±0.3%
/Record/Section/8/Section/2/Information/4/Value/StringWithMarkup/28/Markup/0/Start,number,1
/Record/Section/8/Section/2/Information/4/Value/StringWithMarkup/28/Markup/0/Length,number,1
/Record/Section/8/Section/2/Information/4/Value/StringWithMarkup/28/Markup/0/Type,string,Superscript
/Record/Section/8/Section/2/Information/4/Value/StringWithMarkup/29/String,string,IT=56.2±1.2%; β+=41.4±0.7%; α=2.4±0.5%
/Record/Section/8/Section/2/Information/4/Value/StringWithMarkup/29/Markup/0/Start,number,15
/Record/Section/8/Section/2/Information/4/Value/StringWithMarkup/29/Markup/0/Length,number,1
/Record/Section/8/Section/2/Information/4/Value/StringWithMarkup/29/Markup/0/Type,string,Superscript
/Record/Section/8/Section/2/Information/4/Value/StringWithMarkup/30/String,string,β+=98.08±0.7%; α=1.92±0.7%
/Record/Section/8/Section/2/Information/4/Value/StringWithMarkup/30/Markup/0/Start,number,1
/Record/Section/8/Section/2/Information/4/Value/StringWithMarkup/30/Markup/0/Length,number,1
/Record/Section/8/Section/2/Information/4/Value/StringWithMarkup/30/Markup/0/Type,string,Superscript
/Record/Section/8/Section/2/Information/4/Value/StringWithMarkup/31/String,string,IT=100%
/Record/Section/8/Section/2/Information/4/Value/StringWithMarkup/32/String,string,β+=99.89±0.2%; α=0.11±0.2%
/Record/Section/8/Section/2/Information/4/Value/StringWithMarkup/32/Markup/0/Start,number,1
/Record/Section/8/Section/2/Information/4/Value/StringWithMarkup/32/Markup/0/Length,number,1
/Record/Section/8/Section/2/Information/4/Value/StringWithMarkup/32/Markup/0/Type,string,Superscript
/Record/Section/8/Section/2/Information/4/Value/StringWithMarkup/33/String,string,IT≈100%; α ?
/Record/Section/8/Section/2/Information/4/Value/StringWithMarkup/34/String,string,IT=100%
/Record/Section/8/Section/2/Information/4/Value/StringWithMarkup/35/String,string,β+=99.33±0.3%; α=0.67±0.3%
/Record/Section/8/Section/2/Information/4/Value/StringWithMarkup/35/Markup/0/Start,number,1
/Record/Section/8/Section/2/Information/4/Value/StringWithMarkup/35/Markup/0/Length,number,1
/Record/Section/8/Section/2/Information/4/Value/StringWithMarkup/35/Markup/0/Type,string,Superscript
/Record/Section/8/Section/2/Information/4/Value/StringWithMarkup/36/String,string,IT=100%
/Record/Section/8/Section/2/Information/4/Value/StringWithMarkup/37/String,string,β+=99.960±1.2%; α=0.040±1.2%
/Record/Section/8/Section/2/Information/4/Value/StringWithMarkup/37/Markup/0/Start,number,1
/Record/Section/8/Section/2/Information/4/Value/StringWithMarkup/37/Markup/0/Length,number,1
/Record/Section/8/Section/2/Information/4/Value/StringWithMarkup/37/Markup/0/Type,string,Superscript
/Record/Section/8/Section/2/Information/4/Value/StringWithMarkup/38/String,string,IT=100%
/Record/Section/8/Section/2/Information/4/Value/StringWithMarkup/39/String,string,IT=100%
/Record/Section/8/Section/2/Information/4/Value/StringWithMarkup/40/String,string,IT=100%
/Record/Section/8/Section/2/Information/4/Value/StringWithMarkup/41/String,string,IT=100%
/Record/Section/8/Section/2/Information/4/Value/StringWithMarkup/42/String,string,β+=94.55±0.5%; α=5.45±0.5%
/Record/Section/8/Section/2/Information/4/Value/StringWithMarkup/42/Markup/0/Start,number,1
/Record/Section/8/Section/2/Information/4/Value/StringWithMarkup/42/Markup/0/Length,number,1
/Record/Section/8/Section/2/Information/4/Value/StringWithMarkup/42/Markup/0/Type,string,Superscript
/Record/Section/8/Section/2/Information/4/Value/StringWithMarkup/43/String,string,IT=100%
/Record/Section/8/Section/2/Information/4/Value/StringWithMarkup/44/String,string,IT=100%
/Record/Section/8/Section/2/Information/4/Value/StringWithMarkup/45/String,string,β+≈100%; α=0.021±0.2%
/Record/Section/8/Section/2/Information/4/Value/StringWithMarkup/45/Markup/0/Start,number,1
/Record/Section/8/Section/2/Information/4/Value/StringWithMarkup/45/Markup/0/Length,number,1
/Record/Section/8/Section/2/Information/4/Value/StringWithMarkup/45/Markup/0/Type,string,Superscript
/Record/Section/8/Section/2/Information/4/Value/StringWithMarkup/46/String,string,IT=100%
/Record/Section/8/Section/2/Information/4/Value/StringWithMarkup/47/String,string,IT=100%
/Record/Section/8/Section/2/Information/4/Value/StringWithMarkup/48/String,string,IT=100%
/Record/Section/8/Section/2/Information/4/Value/StringWithMarkup/49/String,string,α≈100%; β+=0.0042±0.4%
/Record/Section/8/Section/2/Information/4/Value/StringWithMarkup/49/Markup/0/Start,number,9
/Record/Section/8/Section/2/Information/4/Value/StringWithMarkup/49/Markup/0/Length,number,1
/Record/Section/8/Section/2/Information/4/Value/StringWithMarkup/49/Markup/0/Type,string,Superscript
/Record/Section/8/Section/2/Information/4/Value/StringWithMarkup/50/String,string,IT=100%
/Record/Section/8/Section/2/Information/4/Value/StringWithMarkup/51/String,string,α=99.546±0.7%; β+=0.454±0.7%
/Record/Section/8/Section/2/Information/4/Value/StringWithMarkup/51/Markup/0/Start,number,16
/Record/Section/8/Section/2/Information/4/Value/StringWithMarkup/51/Markup/0/Length,number,1
/Record/Section/8/Section/2/Information/4/Value/StringWithMarkup/51/Markup/0/Type,string,Superscript
/Record/Section/8/Section/2/Information/4/Value/StringWithMarkup/52/String,string,IT=100%
/Record/Section/8/Section/2/Information/4/Value/StringWithMarkup/53/String,string,α=100%
/Record/Section/8/Section/2/Information/4/Value/StringWithMarkup/54/String,string,IT=100%
/Record/Section/8/Section/2/Information/4/Value/StringWithMarkup/55/String,string,IT=100%
/Record/Section/8/Section/2/Information/4/Value/StringWithMarkup/56/String,string,α=100%
/Record/Section/8/Section/2/Information/4/Value/StringWithMarkup/57/String,string,α=99.984±0.4%; IT=0.016±0.4%
/Record/Section/8/Section/2/Information/4/Value/StringWithMarkup/58/String,string,IT≈100%; α ?
/Record/Section/8/Section/2/Information/4/Value/StringWithMarkup/59/String,string,IT≈100%; α ?
/Record/Section/8/Section/2/Information/4/Value/StringWithMarkup/60/String,string,α=100%
/Record/Section/8/Section/2/Information/4/Value/StringWithMarkup/61/String,string,α=99.93±0.2%; IT ?
/Record/Section/8/Section/2/Information/4/Value/StringWithMarkup/62/String,string,α=100%
/Record/Section/8/Section/2/Information/4/Value/StringWithMarkup/63/String,string,α=100%
/Record/Section/8/Section/2/Information/4/Value/StringWithMarkup/64/String,string,α=100%; β-=2.3e-4±0.2%
/Record/Section/8/Section/2/Information/4/Value/StringWithMarkup/64/Markup/0/Start,number,9
/Record/Section/8/Section/2/Information/4/Value/StringWithMarkup/64/Markup/0/Length,number,1
/Record/Section/8/Section/2/Information/4/Value/StringWithMarkup/64/Markup/0/Type,string,Superscript
/Record/Section/8/Section/2/Information/4/Value/StringWithMarkup/65/String,string,α=100%; 2β- ?
/Record/Section/8/Section/2/Information/4/Value/StringWithMarkup/65/Markup/0/Start,number,10
/Record/Section/8/Section/2/Information/4/Value/StringWithMarkup/65/Markup/0/Length,number,1
/Record/Section/8/Section/2/Information/4/Value/StringWithMarkup/65/Markup/0/Type,string,Superscript
/Record/Section/8/Section/2/Information/4/Value/StringWithMarkup/66/String,string,α=97.5±1.4%; β-=2.5±1.4%
/Record/Section/8/Section/2/Information/4/Value/StringWithMarkup/66/Markup/0/Start,number,14
/Record/Section/8/Section/2/Information/4/Value/StringWithMarkup/66/Markup/0/Length,number,1
/Record/Section/8/Section/2/Information/4/Value/StringWithMarkup/66/Markup/0/Type,string,Superscript
/Record/Section/8/Section/2/Information/4/Value/StringWithMarkup/67/String,string,α=99.980±0.2%; β-=0.020±0.2%
/Record/Section/8/Section/2/Information/4/Value/StringWithMarkup/67/Markup/0/Start,number,16
/Record/Section/8/Section/2/Information/4/Value/StringWithMarkup/67/Markup/0/Length,number,1
/Record/Section/8/Section/2/Information/4/Value/StringWithMarkup/67/Markup/0/Type,string,Superscript
/Record/Section/8/Section/2/Information/4/Value/StringWithMarkup/68/String,string,β-=71.8±2%; α=28.2±2%
/Record/Section/8/Section/2/Information/4/Value/StringWithMarkup/68/Markup/0/Start,number,1
/Record/Section/8/Section/2/Information/4/Value/StringWithMarkup/68/Markup/0/Length,number,1
/Record/Section/8/Section/2/Information/4/Value/StringWithMarkup/68/Markup/0/Type,string,Superscript
/Record/Section/8/Section/2/Information/4/Value/StringWithMarkup/69/String,string,β- ?
/Record/Section/8/Section/2/Information/4/Value/StringWithMarkup/69/Markup/0/Start,number,1
/Record/Section/8/Section/2/Information/4/Value/StringWithMarkup/69/Markup/0/Length,number,1
/Record/Section/8/Section/2/Information/4/Value/StringWithMarkup/69/Markup/0/Type,string,Superscript
/Record/Section/8/Section/2/Information/4/Value/StringWithMarkup/70/String,string,β-=100%
/Record/Section/8/Section/2/Information/4/Value/StringWithMarkup/70/Markup/0/Start,number,1
/Record/Section/8/Section/2/Information/4/Value/StringWithMarkup/70/Markup/0/Length,number,1
/Record/Section/8/Section/2/Information/4/Value/StringWithMarkup/70/Markup/0/Type,string,Superscript
/Record/Section/8/Section/2/Information/4/Value/StringWithMarkup/71/String,string,β-=100%
/Record/Section/8/Section/2/Information/4/Value/StringWithMarkup/71/Markup/0/Start,number,1
/Record/Section/8/Section/2/Information/4/Value/StringWithMarkup/71/Markup/0/Length,number,1
/Record/Section/8/Section/2/Information/4/Value/StringWithMarkup/71/Markup/0/Type,string,Superscript
/Record/Section/8/Section/2/Information/4/Value/StringWithMarkup/72/String,string,β- ?
/Record/Section/8/Section/2/Information/4/Value/StringWithMarkup/72/Markup/0/Start,number,1
/Record/Section/8/Section/2/Information/4/Value/StringWithMarkup/72/Markup/0/Length,number,1
/Record/Section/8/Section/2/Information/4/Value/StringWithMarkup/72/Markup/0/Type,string,Superscript
/Record/Section/8/Section/2/Information/4/Value/StringWithMarkup/73/String,string,β- ?
/Record/Section/8/Section/2/Information/4/Value/StringWithMarkup/73/Markup/0/Start,number,1
/Record/Section/8/Section/2/Information/4/Value/StringWithMarkup/73/Markup/0/Length,number,1
/Record/Section/8/Section/2/Information/4/Value/StringWithMarkup/73/Markup/0/Type,string,Superscript
/Record/Section/8/Section/2/Information/4/Value/StringWithMarkup/74/String,string,β- ?
/Record/Section/8/Section/2/Information/4/Value/StringWithMarkup/74/Markup/0/Start,number,1
/Record/Section/8/Section/2/Information/4/Value/StringWithMarkup/74/Markup/0/Length,number,1
/Record/Section/8/Section/2/Information/4/Value/StringWithMarkup/74/Markup/0/Type,string,Superscript
/Record/Section/8/Section/2/Information/4/Value/StringWithMarkup/75/String,string,β- ?
/Record/Section/8/Section/2/Information/4/Value/StringWithMarkup/75/Markup/0/Start,number,1
/Record/Section/8/Section/2/Information/4/Value/StringWithMarkup/75/Markup/0/Length,number,1
/Record/Section/8/Section/2/Information/4/Value/StringWithMarkup/75/Markup/0/Type,string,Superscript
/Record/Section/8/Section/2/Information/4/Value/StringWithMarkup/76/String,string,β- ?
/Record/Section/8/Section/2/Information/4/Value/StringWithMarkup/76/Markup/0/Start,number,1
/Record/Section/8/Section/2/Information/4/Value/StringWithMarkup/76/Markup/0/Length,number,1
/Record/Section/8/Section/2/Information/4/Value/StringWithMarkup/76/Markup/0/Type,string,Superscript
/Record/Reference/0/ReferenceNumber,number,1
/Record/Reference/0/SourceName,string,PubChem
/Record/Reference/0/SourceID,string,PubChem
/Record/Reference/0/Description,string,Data deposited in or computed by PubChem
/Record/Reference/0/URL,string,https://pubchem.ncbi.nlm.nih.gov
/Record/Reference/1/ReferenceNumber,number,2
/Record/Reference/1/SourceName,string,"Atomic Mass Data Center (AMDC), International Atomic Energy Agency (IAEA)"
/Record/Reference/1/SourceID,string,e84
/Record/Reference/1/Name,string,Po
/Record/Reference/1/Description,string,The half-life and atomic mass data was provided by the Atomic Mass Data Center at the International Atomic Energy Agency.
/Record/Reference/1/URL,string,https://www-nds.iaea.org/amdc/
/Record/Reference/1/LicenseURL,string,https://www-nds.iaea.org/disclaimer.html
/Record/Reference/1/ANID,number,6590311
/Record/Reference/2/ReferenceNumber,number,3
/Record/Reference/2/SourceName,string,IUPAC Commission on Isotopic Abundances and Atomic Weights (CIAAW)
/Record/Reference/2/SourceID,string,a84
/Record/Reference/2/Name,string,Polonium
/Record/Reference/2/Description,string,Element data are cited from the Atomic weights of the elements (an IUPAC Technical Report). The IUPAC periodic table of elements can be found at https://iupac.org/what-we-do/periodic-table-of-elements/. Additional information can be found within IUPAC publication doi:10.1515/pac-2015-0703 Copyright © 2020 International Union of Pure and Applied Chemistry.
/Record/Reference/2/URL,string,https://www.ciaaw.org/
/Record/Reference/2/LicenseURL,string,http://www.ciaaw.org/bylaws.htm
/Record/Reference/2/ANID,number,2292465
/Record/Reference/3/ReferenceNumber,number,4
/Record/Reference/3/SourceName,string,IUPAC Periodic Table of the Elements and Isotopes (IPTEI)
/Record/Reference/3/SourceID,string,p84
/Record/Reference/3/Description,string,"The information are cited from Pure Appl. Chem. 2018; 90(12): 1833-2092, https://doi.org/10.1515/pac-2015-0703."
/Record/Reference/3/URL,string,https://doi.org/10.1515/pac-2015-0703
/Record/Reference/3/LicenseNote,string,"Copyright (c) 2020 International Union of Pure and Applied Chemistry.

The International Union of Pure and Applied Chemistry (IUPAC) contribution within Pubchem is provided under a CC-BY-NC-ND 4.0 license, unless otherwise stated."
/Record/Reference/3/LicenseURL,string,https://creativecommons.org/licenses/by-nc-nd/4.0/
/Record/Reference/3/ANID,number,13296489
/Record/Reference/4/ReferenceNumber,number,5
/Record/Reference/4/SourceName,string,"Jefferson Lab, U.S. Department of Energy"
/Record/Reference/4/SourceID,string,jlab84
/Record/Reference/4/Name,string,Polonium
/Record/Reference/4/Description,string,"Thomas Jefferson National Accelerator Facility (Jefferson Lab) is one of 17 national laboratories funded by the U.S. Department of Energy. The lab's primary mission is to conduct basic research of the atom's nucleus using the lab's unique particle accelerator, known as the Continuous Electron Beam Accelerator Facility (CEBAF). For more information visit https://www.jlab.org/"
/Record/Reference/4/URL,string,https://education.jlab.org/itselemental/ele084.html
/Record/Reference/4/LicenseNote,string,Please see citation and linking information: https://education.jlab.org/faq/index.html
/Record/Reference/4/LicenseURL,string,https://www.jlab.org/privacy-and-security-notice
/Record/Reference/4/ANID,number,507146
/Record/Reference/5/ReferenceNumber,number,6
/Record/Reference/5/SourceName,string,"Los Alamos National Laboratory, U.S. Department of Energy"
/Record/Reference/5/SourceID,string,lanl84
/Record/Reference/5/Name,string,Polonium
/Record/Reference/5/Description,string,"The periodic table at the LANL (Los Alamos National Laboratory) contains basic element information together with the history, source, properties, use, handling and more. The provenance data may be found from the link under the source name."
/Record/Reference/5/URL,string,https://periodic.lanl.gov/84.shtml
/Record/Reference/5/ANID,number,507264
/Record/Reference/6/ReferenceNumber,number,7
/Record/Reference/6/SourceName,string,NIST Physical Measurement Laboratory
/Record/Reference/6/SourceID,string,e84
/Record/Reference/6/Name,string,Polonium
/Record/Reference/6/Description,string,"The periodic table contains NIST's critically-evaluated data on atomic properties of the elements. The provenance data that include data for atomic spectroscopy, X-ray and gamma ray, radiation dosimetry, nuclear physics, and condensed matter physics may be found from the link under the source name. Ref: https://www.nist.gov/pml/atomic-spectra-database"
/Record/Reference/6/URL,string,https://physics.nist.gov/cgi-bin/Elements/elInfo.pl?element=84
/Record/Reference/6/LicenseURL,string,https://www.nist.gov/pml/database-disclaimer
/Record/Reference/6/ANID,number,2292701
/Record/Reference/7/ReferenceNumber,number,9
/Record/Reference/7/SourceName,string,PubChem Elements
/Record/Reference/7/SourceID,string,ep_84
/Record/Reference/7/Name,string,Polonium
/Record/Reference/7/Description,string,The element property data was retrieved from publications.
/Record/Reference/7/LicenseURL,string,https://www.nlm.nih.gov/copyright.html
/Record/Reference/7/ANID,number,24834204
/Record/Reference/8/ReferenceNumber,number,8
/Record/Reference/8/SourceName,string,PubChem Elements
/Record/Reference/8/SourceID,string,ef_84
/Record/Reference/8/Name,string,Polonium
/Record/Reference/8/Description,string,This section provides all form of data related to element Polonium.
/Record/Reference/8/LicenseURL,string,https://www.nlm.nih.gov/copyright.html
/Record/Reference/8/ANID,number,24834012
