path,type,value
/Record/RecordType,string,AtomicNumber
/Record/RecordNumber,number,15
/Record/RecordTitle,string,Phosphorus
/Record/Section/0/TOCHeading,string,Identifiers
/Record/Section/0/Description,string,"Identifiers for this element, including element name, element symbol, InChI string, and InChIKey."
/Record/Section/0/Section/0/TOCHeading,string,Element Name
/Record/Section/0/Section/0/Description,string,"The formal, standard name for a given element, originating from factors such as common usage and the person or place involved in its discovery. Element, also called chemical element, refers to a species of atom; all varieties of atoms with the same number of protons in the nucleus (but possibly a different number of neutrons) are considered to be the same element."
/Record/Section/0/Section/0/Information/0/ReferenceNumber,number,1
/Record/Section/0/Section/0/Information/0/Name,string,Element Name
/Record/Section/0/Section/0/Information/0/Value/StringWithMarkup/0/String,string,Phosphorus
/Record/Section/0/Section/0/Information/1/ReferenceNumber,number,3
/Record/Section/0/Section/0/Information/1/Name,string,Element Name
/Record/Section/0/Section/0/Information/1/Value/StringWithMarkup/0/String,string,Phosphorus
/Record/Section/0/Section/1/TOCHeading,string,Element Symbol
/Record/Section/0/Section/1/Description,string,"Element symbol, also called atomic symbol, typically consists of one or two letters from the Latin alphabet derived from the element name in one of several languages."
/Record/Section/0/Section/1/Information/0/ReferenceNumber,number,1
/Record/Section/0/Section/1/Information/0/Name,string,Element Symbol
/Record/Section/0/Section/1/Information/0/Value/StringWithMarkup/0/String,string,P
/Record/Section/0/Section/1/Information/1/ReferenceNumber,number,3
/Record/Section/0/Section/1/Information/1/Name,string,Element Symbol
/Record/Section/0/Section/1/Information/1/Value/StringWithMarkup/0/String,string,P
/Record/Section/0/Section/2/TOCHeading,string,InChI
/Record/Section/0/Section/2/Description,string,"The International Chemical Identifier (InChI) is a computed, non-proprietary identifier for a chemical structure.  The InChI is an International Union of Pure and Applied Chemistry (IUPAC) standard."
/Record/Section/0/Section/2/URL,string,https://iupac.org/who-we-are/divisions/division-details/inchi/
/Record/Section/0/Section/2/Information/0/ReferenceNumber,number,1
/Record/Section/0/Section/2/Information/0/Name,string,InChI
/Record/Section/0/Section/2/Information/0/Value/StringWithMarkup/0/String,string,InChI=1S/P
/Record/Section/0/Section/3/TOCHeading,string,InChIKey
/Record/Section/0/Section/3/Description,string,"An InChIKey is a 27-character hashed code derived from an InChI.  The International Chemical Identifier (InChI) is a computed, non-proprietary identifier for a chemical structure.  The InChI is an International Union of Pure and Applied Chemistry (IUPAC) standard."
/Record/Section/0/Section/3/URL,string,https://iupac.org/who-we-are/divisions/division-details/inchi/
/Record/Section/0/Section/3/Information/0/ReferenceNumber,number,1
/Record/Section/0/Section/3/Information/0/Name,string,InChIKey
/Record/Section/0/Section/3/Information/0/Value/StringWithMarkup/0/String,string,OAICVXFJPJFONN-UHFFFAOYSA-N
/Record/Section/1/TOCHeading,string,Properties
/Record/Section/1/Description,string,"Characteristics of this element, such as atomic number, atomic mass, density, melting point, boiling point and so on."
/Record/Section/1/Section/0/TOCHeading,string,Atomic Weight
/Record/Section/1/Section/0/Description,string,"Also called relative atomic mass, is the ratio of the average mass of the atom to the unified atomic mass unit, defined as one twelfth of the mass of a carbon-12 atom in its ground state and used to express masses of atomic particles, u=1.660 5402(10) * 10**(-27) kg. The Standard atomic weights refer to recommended values of relative atomic masses of the elements revised biennially by the IUPAC Commission on Atomic Weights and Isotopic Abundances and applicable to elements in any normal sample with a high level of confidence. The number in the parenthesis refers to an uncertainty when exists. The unit of atomic weight is the dalton or unified atomic mass unit (symbol: Da or u)."
/Record/Section/1/Section/0/Information/0/ReferenceNumber,number,3
/Record/Section/1/Section/0/Information/0/Name,string,Atomic Weight
/Record/Section/1/Section/0/Information/0/Value/StringWithMarkup/0/String,string,30.973 761 998(5)
/Record/Section/1/Section/0/Information/1/ReferenceNumber,number,5
/Record/Section/1/Section/0/Information/1/Value/StringWithMarkup/0/String,string,30.973761998
/Record/Section/1/Section/0/Information/2/ReferenceNumber,number,6
/Record/Section/1/Section/0/Information/2/Value/StringWithMarkup/0/String,string,30.97
/Record/Section/1/Section/0/Information/3/ReferenceNumber,number,7
/Record/Section/1/Section/0/Information/3/Value/StringWithMarkup/0/String,string,30.973761998(5)
/Record/Section/1/Section/1/TOCHeading,string,Electron Configuration
/Record/Section/1/Section/1/Description,string,"The electron configuration refers a distribution of the electrons of an atom or a molecular entity over a set of one-electron wavefunctions (called orbitals), according to the Pauli principle. From one configuration several states with different multiplicities may result."
/Record/Section/1/Section/1/URL,string,https://chem.libretexts.org/Courses/Sacramento_City_College/SCC%3A_Chem_420_-_Organic_Chemistry_I/Text/01%3A_Introduction_and_Review/1.04%3A_Electron_Configurations
/Record/Section/1/Section/1/Information/0/ReferenceNumber,number,6
/Record/Section/1/Section/1/Information/0/Value/StringWithMarkup/0/String,string,[Ne]3s23p3
/Record/Section/1/Section/1/Information/0/Value/StringWithMarkup/0/Markup/0/Start,number,6
/Record/Section/1/Section/1/Information/0/Value/StringWithMarkup/0/Markup/0/Length,number,1
/Record/Section/1/Section/1/Information/0/Value/StringWithMarkup/0/Markup/0/Type,string,Superscript
/Record/Section/1/Section/1/Information/0/Value/StringWithMarkup/0/Markup/1/Start,number,9
/Record/Section/1/Section/1/Information/0/Value/StringWithMarkup/0/Markup/1/Length,number,1
/Record/Section/1/Section/1/Information/0/Value/StringWithMarkup/0/Markup/1/Type,string,Superscript
/Record/Section/1/Section/2/TOCHeading,string,Atomic Radius
/Record/Section/1/Section/2/Description,string,"The atomic radius of a chemical element is a measure of the size of its atom, usually, the distance from the center of the nucleus to the outermost isolated electron.  Because an atom does not have a discrete boundary, there are various non-equivalent definitions of atomic radius, such as Van der Waals radius and covalent radius."
/Record/Section/1/Section/2/Information/0/ReferenceNumber,number,6
/Record/Section/1/Section/2/Information/0/Name,string,Van der Waals Atomic Radius
/Record/Section/1/Section/2/Information/0/Value/StringWithMarkup/0/String,string,180 pm (Van der Waals)
/Record/Section/1/Section/2/Information/1/ReferenceNumber,number,9
/Record/Section/1/Section/2/Information/1/Name,string,Empirical Atomic Radius
/Record/Section/1/Section/2/Information/1/Reference/0,string,"J.C. Slater, J Chem Phys, 1964, 41(10), 3199-3205. DOI:10.1063/1.1725697"
/Record/Section/1/Section/2/Information/1/ExtendedReference/0/Citation,string,"J.C. Slater, J Chem Phys, 1964, 41(10), 3199-3205. DOI:10.1063/1.1725697"
/Record/Section/1/Section/2/Information/1/Value/Number/0,number,100
/Record/Section/1/Section/2/Information/1/Value/Unit,string,pm (Empirical)
/Record/Section/1/Section/2/Information/2/ReferenceNumber,number,9
/Record/Section/1/Section/2/Information/2/Name,string,Covalent Atomic Radius
/Record/Section/1/Section/2/Information/2/Reference/0,string,"B. Cordero, V. Gómez, A.E. Platero-Prats, M. Revés, J. Echeverría, E. Cremades, F. Barragán, S. Alvarez, Dalton Trans. 2008, 21, 2832-2838. DOI:10.1039/b801115j PMID:18478144."
/Record/Section/1/Section/2/Information/2/ExtendedReference/0/Citation,string,"B. Cordero, V. Gómez, A.E. Platero-Prats, M. Revés, J. Echeverría, E. Cremades, F. Barragán, S. Alvarez, Dalton Trans. 2008, 21, 2832-2838. DOI:10.1039/b801115j PMID:18478144."
/Record/Section/1/Section/2/Information/2/Value/StringWithMarkup/0/String,string,107(3) pm (Covalent)
/Record/Section/1/Section/3/TOCHeading,string,Oxidation States
/Record/Section/1/Section/3/Description,string,"The oxidation state(s) that this element commonly has in a compound.  The oxidation state of an atom is defined as the hypothetical charge that would be held by that atom if all of its bonds to other atoms were completely ionic in nature. For example, the oxidation state of carbon in CO2 would be +4 since the hypothetical charge held by the carbon atom if both of the carbon-oxygen double bonds were completely ionic would be equal to +4 (each oxygen atom would hold a charge of -2 since oxygen is more electronegative than carbon)."
/Record/Section/1/Section/3/URL,string,https://chem.libretexts.org/Bookshelves/General_Chemistry/Map%3A_Chemistry_-_The_Central_Science_(Brown_et_al.)/20%3A_Electrochemistry/20.01%3A_Oxidation_States_and_Redox_Reactions
/Record/Section/1/Section/3/Information/0/ReferenceNumber,number,5
/Record/Section/1/Section/3/Information/0/Value/StringWithMarkup/0/String,string,"+5, +3, -3"
/Record/Section/1/Section/3/Information/1/ReferenceNumber,number,6
/Record/Section/1/Section/3/Information/1/Value/StringWithMarkup/0/String,string,"5, 4, 3, 2, 1, -1, -2, -3 ​(a mildly acidic oxide)"
/Record/Section/1/Section/4/TOCHeading,string,Ground Level
/Record/Section/1/Section/4/Description,string,Also called ground-state level. The ground state electron configuration is the arrangement of electrons around the nucleus of an atom with lower energy levels.
/Record/Section/1/Section/4/Information/0/ReferenceNumber,number,7
/Record/Section/1/Section/4/Information/0/Value/StringWithMarkup/0/String,string,4S°3/2
/Record/Section/1/Section/4/Information/0/Value/StringWithMarkup/0/Markup/0/Start,number,0
/Record/Section/1/Section/4/Information/0/Value/StringWithMarkup/0/Markup/0/Length,number,1
/Record/Section/1/Section/4/Information/0/Value/StringWithMarkup/0/Markup/0/Type,string,Superscript
/Record/Section/1/Section/4/Information/0/Value/StringWithMarkup/0/Markup/1/Start,number,3
/Record/Section/1/Section/4/Information/0/Value/StringWithMarkup/0/Markup/1/Length,number,3
/Record/Section/1/Section/4/Information/0/Value/StringWithMarkup/0/Markup/1/Type,string,Subscript
/Record/Section/1/Section/5/TOCHeading,string,Ionization Energy
/Record/Section/1/Section/5/Description,string,"Ionization energy, also called ionization potential, is the amount of energy required to remove an electron from an isolated atom or molecule."
/Record/Section/1/Section/5/URL,string,https://www.britannica.com/science/ionization-energy
/Record/Section/1/Section/5/Information/0/ReferenceNumber,number,5
/Record/Section/1/Section/5/Information/0/Value/StringWithMarkup/0/String,string,10.487 eV
/Record/Section/1/Section/5/Information/1/ReferenceNumber,number,7
/Record/Section/1/Section/5/Information/1/Reference/0,string,"The Spectrum and Term Analysis of Neutral Phosphorus, P I, N. Svendenius, Phys. Scr. 22, 240–287 (1980) DOI:10.1088/0031-8949/22/3/010"
/Record/Section/1/Section/5/Information/1/ExtendedReference/0/Citation,string,"The Spectrum and Term Analysis of Neutral Phosphorus, P I, N. Svendenius, Phys. Scr. 22, 240–287 (1980) DOI:10.1088/0031-8949/22/3/010"
/Record/Section/1/Section/5/Information/1/Value/StringWithMarkup/0/String,string,10.486686 ± 0.000015 eV
/Record/Section/1/Section/6/TOCHeading,string,Electronegativity
/Record/Section/1/Section/6/Description,string,Electronegativity is a measure of the tendency of an atom to attract a bonding pair of electrons.
/Record/Section/1/Section/6/URL,string,https://chem.libretexts.org/Bookshelves/Physical_and_Theoretical_Chemistry_Textbook_Maps/Supplemental_Modules_(Physical_and_Theoretical_Chemistry)/Physical_Properties_of_Matter/Atomic_and_Molecular_Properties/Electronegativity
/Record/Section/1/Section/6/Information/0/ReferenceNumber,number,9
/Record/Section/1/Section/6/Information/0/Name,string,Pauling Scale Electronegativity
/Record/Section/1/Section/6/Information/0/Reference/0,string,"A.L. Allred, J. Inorg. Nucl. Chem., 1961, 17(3-4), 215-221. DOI:10.1016/0022-1902(61)80142-5"
/Record/Section/1/Section/6/Information/0/ExtendedReference/0/Citation,string,"A.L. Allred, J. Inorg. Nucl. Chem., 1961, 17(3-4), 215-221. DOI:10.1016/0022-1902(61)80142-5"
/Record/Section/1/Section/6/Information/0/Value/Number/0,number,2.19
/Record/Section/1/Section/6/Information/0/Value/Unit,string,(Pauling Scale)
/Record/Section/1/Section/6/Information/1/ReferenceNumber,number,9
/Record/Section/1/Section/6/Information/1/Name,string,Allen Scale Electronegativity
/Record/Section/1/Section/6/Information/1/Reference/0,string,"L.C. Allen, J. Am. Chem. Soc., 1989, 111, 9003. DOI:10.1021/ja00207a003"
/Record/Section/1/Section/6/Information/1/Reference/1,string,"J.B. Mann, T.L. Meek and L.C. Allen, J. Am. Chem. Soc., 2000, 122, 2780. DOI:10.1021/ja992866e"
/Record/Section/1/Section/6/Information/1/Reference/2,string,"J.B. Mann, T.L. Meek, E.T. Knight, J.F. Capitani and L.C Allen, J. Am. Chem. Soc., 2000, 122, 5132. DOI:10.1021/ja9928677"
/Record/Section/1/Section/6/Information/1/ExtendedReference/0/Citation,string,"L.C. Allen, J. Am. Chem. Soc., 1989, 111, 9003. DOI:10.1021/ja00207a003"
/Record/Section/1/Section/6/Information/1/ExtendedReference/1/Citation,string,"J.B. Mann, T.L. Meek and L.C. Allen, J. Am. Chem. Soc., 2000, 122, 2780. DOI:10.1021/ja992866e"
/Record/Section/1/Section/6/Information/1/ExtendedReference/2/Citation,string,"J.B. Mann, T.L. Meek, E.T. Knight, J.F. Capitani and L.C Allen, J. Am. Chem. Soc., 2000, 122, 5132. DOI:10.1021/ja9928677"
/Record/Section/1/Section/6/Information/1/Value/Number/0,number,2.253
/Record/Section/1/Section/6/Information/1/Value/Unit,string,(Allen Scale)
/Record/Section/1/Section/7/TOCHeading,string,Electron Affinity
/Record/Section/1/Section/7/Description,string,"Electron affinity refers to the energy released when an additional electron is attached to a neutral atom to form a singly charged negative ion.  Alternatively, it can also be defined as the energy required to detach an electron from the singly charged negative ion."
/Record/Section/1/Section/7/URL,string,https://chem.libretexts.org/Bookshelves/Physical_and_Theoretical_Chemistry_Textbook_Maps/Supplemental_Modules_(Physical_and_Theoretical_Chemistry)/Physical_Properties_of_Matter/Atomic_and_Molecular_Properties/Electron_Affinity
/Record/Section/1/Section/7/Information/0/ReferenceNumber,number,9
/Record/Section/1/Section/7/Information/0/Reference/0,string,"R.T Myers, J. Chem. Edu., 1990, 67(4), 307. DOI:10.1021/ed067p307"
/Record/Section/1/Section/7/Information/0/ExtendedReference/0/Citation,string,"R.T Myers, J. Chem. Edu., 1990, 67(4), 307. DOI:10.1021/ed067p307"
/Record/Section/1/Section/7/Information/0/Value/Number/0,number,0.746
/Record/Section/1/Section/7/Information/0/Value/Unit,string,eV
/Record/Section/1/Section/7/Information/1/ReferenceNumber,number,9
/Record/Section/1/Section/7/Information/1/Reference/0,string,"R.J. Zollweg, J. Chem. Phys., 1969, 50, 4251. DOI:10.1063/1.1670890"
/Record/Section/1/Section/7/Information/1/ExtendedReference/0/Citation,string,"R.J. Zollweg, J. Chem. Phys., 1969, 50, 4251. DOI:10.1063/1.1670890"
/Record/Section/1/Section/7/Information/1/Value/Number/0,number,0.71
/Record/Section/1/Section/7/Information/1/Value/Unit,string,eV
/Record/Section/1/Section/8/TOCHeading,string,Atomic Spectra
/Record/Section/1/Section/8/Description,string,The spectrum of the electromagnetic radiation emitted or absorbed by an electron during transitions between different energy levels within an atom.
/Record/Section/1/Section/8/Information/0/ReferenceNumber,number,7
/Record/Section/1/Section/8/Information/0/URL,string,https://physics.nist.gov/cgi-bin/ASD/lines_hold.pl?el=P
/Record/Section/1/Section/8/Information/0/Value/StringWithMarkup/0/String,string,Lines Holdings
/Record/Section/1/Section/8/Information/1/ReferenceNumber,number,7
/Record/Section/1/Section/8/Information/1/URL,string,https://physics.nist.gov/cgi-bin/ASD/levels_hold.pl?el=P
/Record/Section/1/Section/8/Information/1/Value/StringWithMarkup/0/String,string,Levels Holdings
/Record/Section/1/Section/9/TOCHeading,string,Physical Description
/Record/Section/1/Section/9/Description,string,"The appearance or features of this element, including color, odor, state, taste and more in general."
/Record/Section/1/Section/9/Information/0/ReferenceNumber,number,5
/Record/Section/1/Section/9/Information/0/Value/StringWithMarkup/0/String,string,Solid
/Record/Section/1/Section/10/TOCHeading,string,Element Classification
/Record/Section/1/Section/10/Description,string,"Classification according to the element's chemical and physical properties, and location within the periodic table."
/Record/Section/1/Section/10/Information/0/ReferenceNumber,number,5
/Record/Section/1/Section/10/Information/0/Value/StringWithMarkup/0/String,string,Non-metal
/Record/Section/1/Section/11/TOCHeading,string,Element Period Number
/Record/Section/1/Section/11/Description,string,The element period number refers to a horizontal row of the periodic table. The periodic table has 7 periods.
/Record/Section/1/Section/11/Information/0/ReferenceNumber,number,5
/Record/Section/1/Section/11/Information/0/Value/StringWithMarkup/0/String,string,3
/Record/Section/1/Section/12/TOCHeading,string,Element Group Number
/Record/Section/1/Section/12/Description,string,Element group refers to a set of chemical elements in the same vertical column of the periodic table
/Record/Section/1/Section/12/Information/0/ReferenceNumber,number,5
/Record/Section/1/Section/12/Information/0/Value/StringWithMarkup/0/String,string,15 - Pnictogen
/Record/Section/1/Section/13/TOCHeading,string,Density
/Record/Section/1/Section/13/Description,string,This section provides information on the density of an element. It is the mass of a unit volume of the element and commonly expressed in units of kg/m3 or g/cm3.
/Record/Section/1/Section/13/URL,string,https://chem.libretexts.org/Bookshelves/Introductory_Chemistry/Map%3A_Fundamentals_of_General_Organic_and_Biological_Chemistry_(McMurry_et_al.)/01%3A_Matter_and_Measurements/1.12%3A_Density_and_Specific_Gravity
/Record/Section/1/Section/13/Information/0/ReferenceNumber,number,5
/Record/Section/1/Section/13/Information/0/Value/StringWithMarkup/0/String,string,1.82 grams per cubic centimeter
/Record/Section/1/Section/14/TOCHeading,string,Melting Point
/Record/Section/1/Section/14/Description,string,"This section provides the melting point and/or freezing point. The melting point is the temperature at which a substance changes state from solid to liquid at atmospheric pressure. When considered as the temperature of the reverse change (from liquid to solid), it is referred to as the freezing point."
/Record/Section/1/Section/14/URL,string,https://chem.libretexts.org/Bookshelves/Organic_Chemistry/Organic_Chemistry_Lab_Techniques_(Nichols)/06%3A_Miscellaneous_Techniques/6.01%3A_Melting_Point
/Record/Section/1/Section/14/Information/0/ReferenceNumber,number,5
/Record/Section/1/Section/14/Information/0/Value/StringWithMarkup/0/String,string,317.30 K (44.15°C or 111.47°F)
/Record/Section/1/Section/14/Information/1/ReferenceNumber,number,6
/Record/Section/1/Section/14/Information/1/Value/StringWithMarkup/0/String,string,44.15(whitephosphorus)
/Record/Section/1/Section/15/TOCHeading,string,Boiling Point
/Record/Section/1/Section/15/Description,string,The temperature at which this element changes state from liquid to gas at a given atmospheric pressure.
/Record/Section/1/Section/15/URL,string,https://chem.libretexts.org/Bookshelves/Organic_Chemistry/Organic_Chemistry_Lab_Techniques_(Nichols)/06%3A_Miscellaneous_Techniques/6.02%3A_Boiling_Point
/Record/Section/1/Section/15/Information/0/ReferenceNumber,number,5
/Record/Section/1/Section/15/Information/0/Value/StringWithMarkup/0/String,string,553.65 K (280.5°C or 536.9°F)
/Record/Section/1/Section/15/Information/1/ReferenceNumber,number,6
/Record/Section/1/Section/15/Information/1/Value/StringWithMarkup/0/String,string,280.5(whitephosphorus)
/Record/Section/1/Section/16/TOCHeading,string,Estimated Crustal Abundance
/Record/Section/1/Section/16/Description,string,The estimated element abundance in the earth's crust.
/Record/Section/1/Section/16/Information/0/ReferenceNumber,number,5
/Record/Section/1/Section/16/Information/0/Value/StringWithMarkup/0/String,string,1.05×103 milligrams per kilogram
/Record/Section/1/Section/16/Information/0/Value/StringWithMarkup/0/Markup/0/Start,number,7
/Record/Section/1/Section/16/Information/0/Value/StringWithMarkup/0/Markup/0/Length,number,1
/Record/Section/1/Section/16/Information/0/Value/StringWithMarkup/0/Markup/0/Type,string,Superscript
/Record/Section/1/Section/17/TOCHeading,string,Estimated Oceanic Abundance
/Record/Section/1/Section/17/Description,string,The estimated element abundance in the earth's oceans.
/Record/Section/1/Section/17/Information/0/ReferenceNumber,number,5
/Record/Section/1/Section/17/Information/0/Value/StringWithMarkup/0/String,string,6×10-2 milligrams per liter
/Record/Section/1/Section/17/Information/0/Value/StringWithMarkup/0/Markup/0/Start,number,4
/Record/Section/1/Section/17/Information/0/Value/StringWithMarkup/0/Markup/0/Length,number,2
/Record/Section/1/Section/17/Information/0/Value/StringWithMarkup/0/Markup/0/Type,string,Superscript
/Record/Section/2/TOCHeading,string,History
/Record/Section/2/Description,string,The history of the discovery and use of this element.
/Record/Section/2/Information/0/ReferenceNumber,number,3
/Record/Section/2/Information/0/Name,string,History
/Record/Section/2/Information/0/Value/StringWithMarkup/0/String,string,"The name derives from the Greek phosphoros for ""bringing light"" because it has the property of glowing in the dark. This was also the ancient name for the planet Venus, when it appears before sunrise. Phosphorus was discovered by the German merchant Hennig Brand in 1669."
/Record/Section/2/Information/0/Value/StringWithMarkup/0/Markup/0/Start,number,32
/Record/Section/2/Information/0/Value/StringWithMarkup/0/Markup/0/Length,number,10
/Record/Section/2/Information/0/Value/StringWithMarkup/0/Markup/0/Type,string,Italics
/Record/Section/2/Information/1/ReferenceNumber,number,5
/Record/Section/2/Information/1/Value/StringWithMarkup/0/String,string,"In what is perhaps the most disgusting method of discovering an element, phosphorus was first isolated in 1669 by Hennig Brand, a German physician and alchemist, by boiling, filtering and otherwise processing as many as 60 buckets of urine. Thankfully, phosphorus is now primarily obtained from phosphate rock (Ca3(PO4)2)."
/Record/Section/2/Information/1/Value/StringWithMarkup/0/Markup/0/Start,number,313
/Record/Section/2/Information/1/Value/StringWithMarkup/0/Markup/0/Length,number,1
/Record/Section/2/Information/1/Value/StringWithMarkup/0/Markup/0/Type,string,Subscript
/Record/Section/2/Information/1/Value/StringWithMarkup/0/Markup/1/Start,number,317
/Record/Section/2/Information/1/Value/StringWithMarkup/0/Markup/1/Length,number,1
/Record/Section/2/Information/1/Value/StringWithMarkup/0/Markup/1/Type,string,Subscript
/Record/Section/2/Information/1/Value/StringWithMarkup/0/Markup/2/Start,number,319
/Record/Section/2/Information/1/Value/StringWithMarkup/0/Markup/2/Length,number,1
/Record/Section/2/Information/1/Value/StringWithMarkup/0/Markup/2/Type,string,Subscript
/Record/Section/2/Information/2/ReferenceNumber,number,6
/Record/Section/2/Information/2/Value/StringWithMarkup/0/String,string,"From the Greek phosphoros, light bearing; ancient name for the planet Venus when appearing before sunrise. Brand discovered phosphorus in 1669 by preparing it from urine."
/Record/Section/2/Section/0/TOCHeading,string,Historical Atomic Weights
/Record/Section/2/Section/0/Description,string,This section provides the historical atomic weights. The atomic weight shown in brackets means the value range while others shown with uncertainty in parenthesis.
/Record/Section/2/Section/0/DisplayControls/CreateTable/FromInformationIn,string,ThisSection
/Record/Section/2/Section/0/DisplayControls/CreateTable/NumberOfColumns,number,3
/Record/Section/2/Section/0/DisplayControls/CreateTable/ColumnsFromNamedLists/Name/0,string,Year
/Record/Section/2/Section/0/DisplayControls/CreateTable/ColumnsFromNamedLists/Name/1,string,Atomic Weight (uncertainty) [u]
/Record/Section/2/Section/0/DisplayControls/CreateTable/ColumnsFromNamedLists/Name/2,string,Reference
/Record/Section/2/Section/0/DisplayControls/CreateTable/ColumnsFromNamedLists/UseNamesAsColumnHeadings,boolean,true
/Record/Section/2/Section/0/Information/0/ReferenceNumber,number,3
/Record/Section/2/Section/0/Information/0/Name,string,Year
/Record/Section/2/Section/0/Information/0/Value/StringWithMarkup/0/String,string,2013
/Record/Section/2/Section/0/Information/0/Value/StringWithMarkup/1/String,string,2005
/Record/Section/2/Section/0/Information/0/Value/StringWithMarkup/2/String,string,1995
/Record/Section/2/Section/0/Information/0/Value/StringWithMarkup/3/String,string,1985
/Record/Section/2/Section/0/Information/0/Value/StringWithMarkup/4/String,string,1971
/Record/Section/2/Section/0/Information/0/Value/StringWithMarkup/5/String,string,1969
/Record/Section/2/Section/0/Information/0/Value/StringWithMarkup/6/String,string,1961
/Record/Section/2/Section/0/Information/0/Value/StringWithMarkup/7/String,string,1951
/Record/Section/2/Section/0/Information/0/Value/StringWithMarkup/8/String,string,1939
/Record/Section/2/Section/0/Information/0/Value/StringWithMarkup/9/String,string,1931
/Record/Section/2/Section/0/Information/0/Value/StringWithMarkup/10/String,string,1925
/Record/Section/2/Section/0/Information/0/Value/StringWithMarkup/11/String,string,1911
/Record/Section/2/Section/0/Information/0/Value/StringWithMarkup/12/String,string,1902
/Record/Section/2/Section/0/Information/1/ReferenceNumber,number,3
/Record/Section/2/Section/0/Information/1/Name,string,Atomic Weight (uncertainty)
/Record/Section/2/Section/0/Information/1/Value/StringWithMarkup/0/String,string,30.973 761 998(5)
/Record/Section/2/Section/0/Information/1/Value/StringWithMarkup/1/String,string,30.973 762(2)
/Record/Section/2/Section/0/Information/1/Value/StringWithMarkup/2/String,string,30.973 761(2)
/Record/Section/2/Section/0/Information/1/Value/StringWithMarkup/3/String,string,30.973 762(4)
/Record/Section/2/Section/0/Information/1/Value/StringWithMarkup/4/String,string,30.973 76(1)
/Record/Section/2/Section/0/Information/1/Value/StringWithMarkup/5/String,string,30.9738(1)
/Record/Section/2/Section/0/Information/1/Value/StringWithMarkup/6/String,string,30.9738
/Record/Section/2/Section/0/Information/1/Value/StringWithMarkup/7/String,string,30.975
/Record/Section/2/Section/0/Information/1/Value/StringWithMarkup/8/String,string,30.98
/Record/Section/2/Section/0/Information/1/Value/StringWithMarkup/9/String,string,31.02
/Record/Section/2/Section/0/Information/1/Value/StringWithMarkup/10/String,string,31.027
/Record/Section/2/Section/0/Information/1/Value/StringWithMarkup/11/String,string,31.04
/Record/Section/2/Section/0/Information/1/Value/StringWithMarkup/12/String,string,31.0
/Record/Section/2/Section/0/Information/2/ReferenceNumber,number,3
/Record/Section/2/Section/0/Information/2/Name,string,Reference
/Record/Section/2/Section/0/Information/2/Value/StringWithMarkup/0/String,string,doi:10.1515/pac-2015-0305
/Record/Section/2/Section/0/Information/2/Value/StringWithMarkup/0/Markup/0/Start,number,0
/Record/Section/2/Section/0/Information/2/Value/StringWithMarkup/0/Markup/0/Length,number,25
/Record/Section/2/Section/0/Information/2/Value/StringWithMarkup/0/Markup/0/URL,string,https://doi.org/10.1515/pac-2015-0305
/Record/Section/2/Section/0/Information/2/Value/StringWithMarkup/1/String,string,doi:10.1351/pac200678112051
/Record/Section/2/Section/0/Information/2/Value/StringWithMarkup/1/Markup/0/Start,number,0
/Record/Section/2/Section/0/Information/2/Value/StringWithMarkup/1/Markup/0/Length,number,27
/Record/Section/2/Section/0/Information/2/Value/StringWithMarkup/1/Markup/0/URL,string,https://doi.org/10.1351/pac200678112051
/Record/Section/2/Section/0/Information/2/Value/StringWithMarkup/2/String,string,doi:10.1351/pac199668122339
/Record/Section/2/Section/0/Information/2/Value/StringWithMarkup/2/Markup/0/Start,number,0
/Record/Section/2/Section/0/Information/2/Value/StringWithMarkup/2/Markup/0/Length,number,27
/Record/Section/2/Section/0/Information/2/Value/StringWithMarkup/2/Markup/0/URL,string,https://doi.org/10.1351/pac199668122339
/Record/Section/2/Section/0/Information/2/Value/StringWithMarkup/3/String,string,doi:10.1351/pac198658121677
/Record/Section/2/Section/0/Information/2/Value/StringWithMarkup/3/Markup/0/Start,number,0
/Record/Section/2/Section/0/Information/2/Value/StringWithMarkup/3/Markup/0/Length,number,27
/Record/Section/2/Section/0/Information/2/Value/StringWithMarkup/3/Markup/0/URL,string,https://doi.org/10.1351/pac198658121677
/Record/Section/2/Section/0/Information/2/Value/StringWithMarkup/4/String,string,doi:10.1351/pac197230030637
/Record/Section/2/Section/0/Information/2/Value/StringWithMarkup/4/Markup/0/Start,number,0
/Record/Section/2/Section/0/Information/2/Value/StringWithMarkup/4/Markup/0/Length,number,27
/Record/Section/2/Section/0/Information/2/Value/StringWithMarkup/4/Markup/0/URL,string,https://doi.org/10.1351/pac197230030637
/Record/Section/2/Section/0/Information/2/Value/StringWithMarkup/5/String,string,doi:10.1351/pac197021010091
/Record/Section/2/Section/0/Information/2/Value/StringWithMarkup/5/Markup/0/Start,number,0
/Record/Section/2/Section/0/Information/2/Value/StringWithMarkup/5/Markup/0/Length,number,27
/Record/Section/2/Section/0/Information/2/Value/StringWithMarkup/5/Markup/0/URL,string,https://doi.org/10.1351/pac197021010091
/Record/Section/2/Section/0/Information/2/Value/StringWithMarkup/6/String,string,doi:10.1021/ja00881a001
/Record/Section/2/Section/0/Information/2/Value/StringWithMarkup/6/Markup/0/Start,number,0
/Record/Section/2/Section/0/Information/2/Value/StringWithMarkup/6/Markup/0/Length,number,23
/Record/Section/2/Section/0/Information/2/Value/StringWithMarkup/6/Markup/0/URL,string,https://doi.org/10.1021/ja00881a001
/Record/Section/2/Section/0/Information/2/Value/StringWithMarkup/7/String,string,doi:10.1039/JR9530000001
/Record/Section/2/Section/0/Information/2/Value/StringWithMarkup/7/Markup/0/Start,number,0
/Record/Section/2/Section/0/Information/2/Value/StringWithMarkup/7/Markup/0/Length,number,24
/Record/Section/2/Section/0/Information/2/Value/StringWithMarkup/7/Markup/0/URL,string,https://doi.org/10.1039/JR9530000001
/Record/Section/2/Section/0/Information/2/Value/StringWithMarkup/8/String,string,doi:10.1039/JR9390000351
/Record/Section/2/Section/0/Information/2/Value/StringWithMarkup/8/Markup/0/Start,number,0
/Record/Section/2/Section/0/Information/2/Value/StringWithMarkup/8/Markup/0/Length,number,24
/Record/Section/2/Section/0/Information/2/Value/StringWithMarkup/8/Markup/0/URL,string,https://doi.org/10.1039/JR9390000351
/Record/Section/2/Section/0/Information/2/Value/StringWithMarkup/9/String,string,doi:10.1039/JR9310001617
/Record/Section/2/Section/0/Information/2/Value/StringWithMarkup/9/Markup/0/Start,number,0
/Record/Section/2/Section/0/Information/2/Value/StringWithMarkup/9/Markup/0/Length,number,24
/Record/Section/2/Section/0/Information/2/Value/StringWithMarkup/9/Markup/0/URL,string,https://doi.org/10.1039/JR9310001617
/Record/Section/2/Section/0/Information/2/Value/StringWithMarkup/10/String,string,doi:10.1039/CT9252700913
/Record/Section/2/Section/0/Information/2/Value/StringWithMarkup/10/Markup/0/Start,number,0
/Record/Section/2/Section/0/Information/2/Value/StringWithMarkup/10/Markup/0/Length,number,24
/Record/Section/2/Section/0/Information/2/Value/StringWithMarkup/10/Markup/0/URL,string,https://doi.org/10.1039/CT9252700913
/Record/Section/2/Section/0/Information/2/Value/StringWithMarkup/11/String,string,doi:10.1021/ja01928a001
/Record/Section/2/Section/0/Information/2/Value/StringWithMarkup/11/Markup/0/Start,number,0
/Record/Section/2/Section/0/Information/2/Value/StringWithMarkup/11/Markup/0/Length,number,23
/Record/Section/2/Section/0/Information/2/Value/StringWithMarkup/11/Markup/0/URL,string,https://doi.org/10.1021/ja01928a001
/Record/Section/2/Section/0/Information/2/Value/StringWithMarkup/12/String,string,doi:10.1007/BF01370337
/Record/Section/2/Section/0/Information/2/Value/StringWithMarkup/12/Markup/0/Start,number,0
/Record/Section/2/Section/0/Information/2/Value/StringWithMarkup/12/Markup/0/Length,number,22
/Record/Section/2/Section/0/Information/2/Value/StringWithMarkup/12/Markup/0/URL,string,https://doi.org/10.1007/BF01370337
/Record/Section/2/Section/1/TOCHeading,string,Historical Isotopic Abundances
/Record/Section/2/Section/1/Description,string,This section provides the historical isotopic abundance information. The abundance value shown in brackets means the value range while others shown with uncertainty in parenthesis.
/Record/Section/2/Section/1/DisplayControls/CreateTable/FromInformationIn,string,ThisSection
/Record/Section/2/Section/1/DisplayControls/CreateTable/NumberOfColumns,number,4
/Record/Section/2/Section/1/DisplayControls/CreateTable/ColumnsFromNamedLists/Name/0,string,Year
/Record/Section/2/Section/1/DisplayControls/CreateTable/ColumnsFromNamedLists/Name/1,string,Isotope
/Record/Section/2/Section/1/DisplayControls/CreateTable/ColumnsFromNamedLists/Name/2,string,Abundance (uncertainty)
/Record/Section/2/Section/1/DisplayControls/CreateTable/ColumnsFromNamedLists/Name/3,string,Reference
/Record/Section/2/Section/1/DisplayControls/CreateTable/ColumnsFromNamedLists/UseNamesAsColumnHeadings,boolean,true
/Record/Section/2/Section/1/Information/0/ReferenceNumber,number,3
/Record/Section/2/Section/1/Information/0/Name,string,Year
/Record/Section/2/Section/1/Information/0/Value/StringWithMarkup/0/String,string,1975
/Record/Section/2/Section/1/Information/1/ReferenceNumber,number,3
/Record/Section/2/Section/1/Information/1/Name,string,Isotope
/Record/Section/2/Section/1/Information/1/Value/StringWithMarkup/0/String,string,31P
/Record/Section/2/Section/1/Information/1/Value/StringWithMarkup/0/Markup/0/Start,number,0
/Record/Section/2/Section/1/Information/1/Value/StringWithMarkup/0/Markup/0/Length,number,2
/Record/Section/2/Section/1/Information/1/Value/StringWithMarkup/0/Markup/0/Type,string,Superscript
/Record/Section/2/Section/1/Information/2/ReferenceNumber,number,3
/Record/Section/2/Section/1/Information/2/Name,string,Abundance (uncertainty)
/Record/Section/2/Section/1/Information/2/Value/StringWithMarkup/0/String,string,1
/Record/Section/2/Section/1/Information/3/ReferenceNumber,number,3
/Record/Section/2/Section/1/Information/3/Name,string,Reference
/Record/Section/2/Section/1/Information/3/Value/StringWithMarkup/0/String,string,doi:10.1351/pac197647010075
/Record/Section/2/Section/1/Information/3/Value/StringWithMarkup/0/Markup/0/Start,number,0
/Record/Section/2/Section/1/Information/3/Value/StringWithMarkup/0/Markup/0/Length,number,27
/Record/Section/2/Section/1/Information/3/Value/StringWithMarkup/0/Markup/0/URL,string,https://doi.org/10.1351/pac197647010075
/Record/Section/3/TOCHeading,string,Description
/Record/Section/3/Description,string,"A short description of this element, provided by authoritative sources."
/Record/Section/3/Information/0/ReferenceNumber,number,6
/Record/Section/3/Information/0/Value/StringWithMarkup/0/String,string,"Phosphorus exists in four or more allotropic forms: white (or yellow), red, and black (or violet). Ordinary phosphorus is a waxy white solid; when pure it is colorless and transparent. White phosphorus has two modifications: alpha and beta with a transition temperature at -3.8°C."
/Record/Section/3/Information/0/Value/StringWithMarkup/1/String,string,"It is insoluble in water, but soluble in carbon disulfide. It takes fire spontaneously in air, burning to the pentoxide."
/Record/Section/4/TOCHeading,string,Uses
/Record/Section/4/Description,string,Uses of this element in industry and other fields.
/Record/Section/4/Information/0/ReferenceNumber,number,5
/Record/Section/4/Information/0/Value/StringWithMarkup/0/String,string,"Phosphorus has three main allotropes: white, red and black. White phosphorus is poisonous and can spontaneously ignite when it comes in contact with air. For this reason, white phosphorus must be stored under water and is usually used to produce phosphorus compounds. Red phosphorus is formed by heating white phosphorus to 250°C (482°F) or by exposing white phosphorus to sunlight. Red phosphorus is not poisonous and is not as dangerous as white phosphorus, although frictional heating is enough to change it back to white phosphorus. Red phosphorus is used in safety matches, fireworks, smoke bombs and pesticides. Black phosphorus is also formed by heating white phosphorus, but a mercury catalyst and a seed crystal of black phosphorus are required. Black phosphorus is the least reactive form of phosphorus and has no significant commercial uses."
/Record/Section/4/Information/0/Value/StringWithMarkup/1/String,string,"Phosphoric acid (H3PO4) is used in soft drinks and to create many phosphate compounds, such as triple superphosphate fertilizer (Ca(H2PO4)2·H2O). Trisodium phosphate (Na3PO4) is used as a cleaning agent and as a water softener. Calcium phosphate (Ca3(PO4)2) is used to make china and in the production of baking powder. Some phosphorus compounds glow in the dark or emit light in response to absorbing radiation and are used in fluorescent light bulbs and television sets."
/Record/Section/4/Information/0/Value/StringWithMarkup/1/Markup/0/Start,number,18
/Record/Section/4/Information/0/Value/StringWithMarkup/1/Markup/0/Length,number,1
/Record/Section/4/Information/0/Value/StringWithMarkup/1/Markup/0/Type,string,Subscript
/Record/Section/4/Information/0/Value/StringWithMarkup/1/Markup/1/Start,number,21
/Record/Section/4/Information/0/Value/StringWithMarkup/1/Markup/1/Length,number,1
/Record/Section/4/Information/0/Value/StringWithMarkup/1/Markup/1/Type,string,Subscript
/Record/Section/4/Information/0/Value/StringWithMarkup/1/Markup/2/Start,number,133
/Record/Section/4/Information/0/Value/StringWithMarkup/1/Markup/2/Length,number,1
/Record/Section/4/Information/0/Value/StringWithMarkup/1/Markup/2/Type,string,Subscript
/Record/Section/4/Information/0/Value/StringWithMarkup/1/Markup/3/Start,number,136
/Record/Section/4/Information/0/Value/StringWithMarkup/1/Markup/3/Length,number,1
/Record/Section/4/Information/0/Value/StringWithMarkup/1/Markup/3/Type,string,Subscript
/Record/Section/4/Information/0/Value/StringWithMarkup/1/Markup/4/Start,number,138
/Record/Section/4/Information/0/Value/StringWithMarkup/1/Markup/4/Length,number,1
/Record/Section/4/Information/0/Value/StringWithMarkup/1/Markup/4/Type,string,Subscript
/Record/Section/4/Information/0/Value/StringWithMarkup/1/Markup/5/Start,number,141
/Record/Section/4/Information/0/Value/StringWithMarkup/1/Markup/5/Length,number,1
/Record/Section/4/Information/0/Value/StringWithMarkup/1/Markup/5/Type,string,Subscript
/Record/Section/4/Information/0/Value/StringWithMarkup/1/Markup/6/Start,number,169
/Record/Section/4/Information/0/Value/StringWithMarkup/1/Markup/6/Length,number,1
/Record/Section/4/Information/0/Value/StringWithMarkup/1/Markup/6/Type,string,Subscript
/Record/Section/4/Information/0/Value/StringWithMarkup/1/Markup/7/Start,number,172
/Record/Section/4/Information/0/Value/StringWithMarkup/1/Markup/7/Length,number,1
/Record/Section/4/Information/0/Value/StringWithMarkup/1/Markup/7/Type,string,Subscript
/Record/Section/4/Information/0/Value/StringWithMarkup/1/Markup/8/Start,number,249
/Record/Section/4/Information/0/Value/StringWithMarkup/1/Markup/8/Length,number,1
/Record/Section/4/Information/0/Value/StringWithMarkup/1/Markup/8/Type,string,Subscript
/Record/Section/4/Information/0/Value/StringWithMarkup/1/Markup/9/Start,number,253
/Record/Section/4/Information/0/Value/StringWithMarkup/1/Markup/9/Length,number,1
/Record/Section/4/Information/0/Value/StringWithMarkup/1/Markup/9/Type,string,Subscript
/Record/Section/4/Information/0/Value/StringWithMarkup/1/Markup/10/Start,number,255
/Record/Section/4/Information/0/Value/StringWithMarkup/1/Markup/10/Length,number,1
/Record/Section/4/Information/0/Value/StringWithMarkup/1/Markup/10/Type,string,Subscript
/Record/Section/4/Information/1/ReferenceNumber,number,6
/Record/Section/4/Information/1/Value/StringWithMarkup/0/String,string,"In recent years, concentrated phosphoric acids, which may contain as much as 70% to 75% P2O5 content, have become of great importance to agriculture and farm production. World-wide demand for fertilizers has caused record phosphate production. Phosphates are used in the production of special glasses, such as those used for sodium lamps."
/Record/Section/4/Information/1/Value/StringWithMarkup/0/Markup/0/Start,number,89
/Record/Section/4/Information/1/Value/StringWithMarkup/0/Markup/0/Length,number,1
/Record/Section/4/Information/1/Value/StringWithMarkup/0/Markup/0/Type,string,Subscript
/Record/Section/4/Information/1/Value/StringWithMarkup/0/Markup/1/Start,number,91
/Record/Section/4/Information/1/Value/StringWithMarkup/0/Markup/1/Length,number,1
/Record/Section/4/Information/1/Value/StringWithMarkup/0/Markup/1/Type,string,Subscript
/Record/Section/4/Information/1/Value/StringWithMarkup/1/String,string,"Bone-ash calcium phosphate is used to create fine chinaware and to produce mono-calcium phosphate, used in baking powder."
/Record/Section/4/Information/1/Value/StringWithMarkup/2/String,string,"Phosphorus is also important in the production of steels, phosphor bronze, and many other products. Trisodium phosphate is important as a cleaning agent, as a water softener, and for preventing boiler scale and corrosion of pipes and boiler tubes."
/Record/Section/4/Information/1/Value/StringWithMarkup/3/String,string,"Phosphorus is also an essential ingredient of all cell protoplasm, nervous tissue, and bones."
/Record/Section/5/TOCHeading,string,Sources
/Record/Section/5/Description,string,Sources of this element.
/Record/Section/5/Information/0/ReferenceNumber,number,6
/Record/Section/5/Information/0/Value/StringWithMarkup/0/String,string,"Never found free in nature, it is widely distributed in combination with minerals. Phosphate rock, which contains the mineral apatite, an impure tri-calcium phosphate, is an important source of the element. Large deposits are found in Russia, in Morocco, and in Florida, Tennessee, Utah, Idaho, and elsewhere."
/Record/Section/6/TOCHeading,string,Production
/Record/Section/6/Description,string,Production of this element (from raw materials or other compounds containing the element).
/Record/Section/6/Information/0/ReferenceNumber,number,6
/Record/Section/6/Information/0/Value/StringWithMarkup/0/String,string,"White phosphorus may be made by several methods. By one process, tri-calcium phosphate, the essential ingredient of phosphate rock, is heated in the presence of carbon and silica in an electric furnace or fuel-fired furnace. Elementary phosphorus is liberated as vapor and may be collected under phosphoric acid, an important compound in making super-phosphate fertilizers."
/Record/Section/7/TOCHeading,string,Compounds
/Record/Section/7/Description,string,Compound records related to this element.
/Record/Section/7/Information/0/ReferenceNumber,number,8
/Record/Section/7/Information/0/Name,string,Compounds
/Record/Section/7/Information/0/URL,string,https://pubchem.ncbi.nlm.nih.gov/#query=Phosphorus
/Record/Section/7/Information/0/Value/StringWithMarkup/0/String,string,See more information at the Phosphorus compound page.
/Record/Section/7/Section/0/TOCHeading,string,Element Forms
/Record/Section/7/Section/0/Description,string,"Other forms of this element, including ions, isotopes, etc."
/Record/Section/7/Section/0/DisplayControls/CreateTable/FromInformationIn,string,ThisSection
/Record/Section/7/Section/0/DisplayControls/CreateTable/NumberOfColumns,number,5
/Record/Section/7/Section/0/DisplayControls/CreateTable/ColumnsFromNamedLists/Name/0,string,CID
/Record/Section/7/Section/0/DisplayControls/CreateTable/ColumnsFromNamedLists/Name/1,string,Name
/Record/Section/7/Section/0/DisplayControls/CreateTable/ColumnsFromNamedLists/Name/2,string,Formula
/Record/Section/7/Section/0/DisplayControls/CreateTable/ColumnsFromNamedLists/Name/3,string,SMILES
/Record/Section/7/Section/0/DisplayControls/CreateTable/ColumnsFromNamedLists/Name/4,string,Molecular Weight
/Record/Section/7/Section/0/DisplayControls/CreateTable/ColumnsFromNamedLists/UseNamesAsColumnHeadings,boolean,true
/Record/Section/7/Section/0/Information/0/ReferenceNumber,number,8
/Record/Section/7/Section/0/Information/0/Name,string,CID
/Record/Section/7/Section/0/Information/0/Value/StringWithMarkup/0/String,string,5462309
/Record/Section/7/Section/0/Information/0/Value/StringWithMarkup/0/Markup/0/Start,number,0
/Record/Section/7/Section/0/Information/0/Value/StringWithMarkup/0/Markup/0/Length,number,7
/Record/Section/7/Section/0/Information/0/Value/StringWithMarkup/0/Markup/0/URL,string,https://pubchem.ncbi.nlm.nih.gov/compound/5462309
/Record/Section/7/Section/0/Information/0/Value/StringWithMarkup/1/String,string,5182128
/Record/Section/7/Section/0/Information/0/Value/StringWithMarkup/1/Markup/0/Start,number,0
/Record/Section/7/Section/0/Information/0/Value/StringWithMarkup/1/Markup/0/Length,number,7
/Record/Section/7/Section/0/Information/0/Value/StringWithMarkup/1/Markup/0/URL,string,https://pubchem.ncbi.nlm.nih.gov/compound/5182128
/Record/Section/7/Section/0/Information/0/Value/StringWithMarkup/2/String,string,9548888
/Record/Section/7/Section/0/Information/0/Value/StringWithMarkup/2/Markup/0/Start,number,0
/Record/Section/7/Section/0/Information/0/Value/StringWithMarkup/2/Markup/0/Length,number,7
/Record/Section/7/Section/0/Information/0/Value/StringWithMarkup/2/Markup/0/URL,string,https://pubchem.ncbi.nlm.nih.gov/compound/9548888
/Record/Section/7/Section/0/Information/0/Value/StringWithMarkup/3/String,string,156022696
/Record/Section/7/Section/0/Information/0/Value/StringWithMarkup/3/Markup/0/Start,number,0
/Record/Section/7/Section/0/Information/0/Value/StringWithMarkup/3/Markup/0/Length,number,9
/Record/Section/7/Section/0/Information/0/Value/StringWithMarkup/3/Markup/0/URL,string,https://pubchem.ncbi.nlm.nih.gov/compound/156022696
/Record/Section/7/Section/0/Information/1/ReferenceNumber,number,8
/Record/Section/7/Section/0/Information/1/Name,string,Name
/Record/Section/7/Section/0/Information/1/Value/StringWithMarkup/0/String,string,phosphorus
/Record/Section/7/Section/0/Information/1/Value/StringWithMarkup/1/String,string,phosphorus(3-)
/Record/Section/7/Section/0/Information/1/Value/StringWithMarkup/2/String,string,phosphorus(1-)
/Record/Section/7/Section/0/Information/1/Value/StringWithMarkup/3/String,string,phosphorus-31(3-)
/Record/Section/7/Section/0/Information/2/ReferenceNumber,number,8
/Record/Section/7/Section/0/Information/2/Name,string,Formula
/Record/Section/7/Section/0/Information/2/Value/StringWithMarkup/0/String,string,P
/Record/Section/7/Section/0/Information/2/Value/StringWithMarkup/1/String,string,P-3
/Record/Section/7/Section/0/Information/2/Value/StringWithMarkup/2/String,string,P-
/Record/Section/7/Section/0/Information/2/Value/StringWithMarkup/3/String,string,P-3
/Record/Section/7/Section/0/Information/3/ReferenceNumber,number,8
/Record/Section/7/Section/0/Information/3/Name,string,SMILES
/Record/Section/7/Section/0/Information/3/Value/StringWithMarkup/0/String,string,[P]
/Record/Section/7/Section/0/Information/3/Value/StringWithMarkup/1/String,string,[P-3]
/Record/Section/7/Section/0/Information/3/Value/StringWithMarkup/2/String,string,[P-]
/Record/Section/7/Section/0/Information/3/Value/StringWithMarkup/3/String,string,[31P-3]
/Record/Section/7/Section/0/Information/4/ReferenceNumber,number,8
/Record/Section/7/Section/0/Information/4/Name,string,Molecular Weight
/Record/Section/7/Section/0/Information/4/Value/StringWithMarkup/0/String,string,30.97376200
/Record/Section/7/Section/0/Information/4/Value/StringWithMarkup/1/String,string,30.97376200
/Record/Section/7/Section/0/Information/4/Value/StringWithMarkup/2/String,string,30.97376200
/Record/Section/7/Section/0/Information/4/Value/StringWithMarkup/3/String,string,30.973761998
/Record/Section/8/TOCHeading,string,Handling and Storage
/Record/Section/8/Description,string,This section provides guidance on the safe handling practices and storage conditions for this element.
/Record/Section/8/Information/0/ReferenceNumber,number,6
/Record/Section/8/Information/0/Value/StringWithMarkup/0/String,string,"Phosphorus is very poisonous, 50 mg constituting an approximate fatal dose. Exposure to white phosphorus should not exceed 0.1 mg/m3 (8-hour time-weighted average per 40-hour work week). White phosphorus should be kept under water (as it is dangerously reactive in air) and should be handled with forceps, as contact with the skin may cause severe burns."
/Record/Section/8/Information/0/Value/StringWithMarkup/0/Markup/0/Start,number,131
/Record/Section/8/Information/0/Value/StringWithMarkup/0/Markup/0/Length,number,1
/Record/Section/8/Information/0/Value/StringWithMarkup/0/Markup/0/Type,string,Superscript
/Record/Section/8/Information/0/Value/StringWithMarkup/1/String,string,"When exposed to sunlight or when heated in its own vapor to 250°C, it is converted to the red variety, which does not phosphoresce in air as does the white variety. This form does not ignite spontaneously and is not as dangerous as white phosphorus. It should, however, be handled with care as it does convert to the white form at some temperatures and it emits highly toxic fumes of the oxides of phosphorus when heated. The red modification is fairly stable, sublimes with a vapor pressure of 1 atm at 17C, and is used in the manufacture of safety matches, pyrotechnics, pesticides, incendiary shells, smoke bombs, tracer bullets, etc."
/Record/Section/9/TOCHeading,string,Isotopes
/Record/Section/9/Description,string,Isotopes are nuclides having the same atomic number but different mass numbers.  This section provides information on the isotopes of this element and their uses in various fields.
/Record/Section/9/URL,string,https://chem.libretexts.org/Courses/Furman_University/CHM101%3A_Chemistry_and_Global_Awareness_(Gordon)/03%3A_Atoms_and_the_Periodic_Table/3.05%3A_Isotopes
/Record/Section/9/Information/0/ReferenceNumber,number,5
/Record/Section/9/Information/0/Name,string,Stable Isotope Count
/Record/Section/9/Information/0/Value/StringWithMarkup/0/String,string,1
/Record/Section/9/Section/0/TOCHeading,string,Isotopes in Biology
/Record/Section/9/Section/0/Description,string,Information on the use of this element's isotopes in biology.
/Record/Section/9/Section/0/Information/0/ReferenceNumber,number,4
/Record/Section/9/Section/0/Information/0/Reference/0,string,"[131]  B. Singh, J. Singh, A. Kaur. Int. J. Biotechnol. Bioeng. Res.4, 167 (2013)."
/Record/Section/9/Section/0/Information/0/Reference/1,string,"[132]  S. N. Levine, M. P. Stainton, D. W. Schindler. Can. J. Fish. Aquat.Sci.43, 366 (1986)."
/Record/Section/9/Section/0/Information/0/Reference/2,string,"[133]  E. K. J. Pauwels, F. J. Cleton. Radiother. Oncol.1, 333 (1984)."
/Record/Section/9/Section/0/Information/0/Reference/3,string,"[134]  C. B. Wilson, A. A. Epenetos. Baillieres Clin. Gastroenterol.1, 115 (1987)."
/Record/Section/9/Section/0/Information/0/ExtendedReference/0/Citation,string,"[131]  B. Singh, J. Singh, A. Kaur. Int. J. Biotechnol. Bioeng. Res.4, 167 (2013)."
/Record/Section/9/Section/0/Information/0/ExtendedReference/1/Citation,string,"[132]  S. N. Levine, M. P. Stainton, D. W. Schindler. Can. J. Fish. Aquat.Sci.43, 366 (1986)."
/Record/Section/9/Section/0/Information/0/ExtendedReference/2/Citation,string,"[133]  E. K. J. Pauwels, F. J. Cleton. Radiother. Oncol.1, 333 (1984)."
/Record/Section/9/Section/0/Information/0/ExtendedReference/3/Citation,string,"[134]  C. B. Wilson, A. A. Epenetos. Baillieres Clin. Gastroenterol.1, 115 (1987)."
/Record/Section/9/Section/0/Information/0/Value/StringWithMarkup/0/String,string,"32P (half-life of 14.3 days) is a radioactive isotope of phosphorus that is used to help understand the biological and chemical processes in plants. It is chemically identical to other isotopes of phosphorous and can be substituted in biological and chemical reactions. For example, a phosphate solution containing 32P (which has the identical behavior of non-radioactive 31P) can be inserted into the roots of a plant and its movement can then be tracked throughout the plant with the use of a Geiger counter. This movement detection study helps scientists to better understand how plants use phosphorous to reproduce and grow [131], [132]."
/Record/Section/9/Section/0/Information/0/Value/StringWithMarkup/0/Markup/0/Start,number,0
/Record/Section/9/Section/0/Information/0/Value/StringWithMarkup/0/Markup/0/Length,number,2
/Record/Section/9/Section/0/Information/0/Value/StringWithMarkup/0/Markup/0/Type,string,Superscript
/Record/Section/9/Section/0/Information/0/Value/StringWithMarkup/0/Markup/1/Start,number,315
/Record/Section/9/Section/0/Information/0/Value/StringWithMarkup/0/Markup/1/Length,number,2
/Record/Section/9/Section/0/Information/0/Value/StringWithMarkup/0/Markup/1/Type,string,Superscript
/Record/Section/9/Section/0/Information/0/Value/StringWithMarkup/0/Markup/2/Start,number,372
/Record/Section/9/Section/0/Information/0/Value/StringWithMarkup/0/Markup/2/Length,number,2
/Record/Section/9/Section/0/Information/0/Value/StringWithMarkup/0/Markup/2/Type,string,Superscript
/Record/Section/9/Section/0/Information/0/Value/StringWithMarkup/1/String,string,"At the molecular level, 32P can substitute for 31P in nucleotides of DNA or RNA (ribonucleic acid, a single stranded molecule that regulates genes). Radioactive probes can be created to help identify the presence, absence, and quantity of genes in a system [133], [134]."
/Record/Section/9/Section/0/Information/0/Value/StringWithMarkup/1/Markup/0/Start,number,24
/Record/Section/9/Section/0/Information/0/Value/StringWithMarkup/1/Markup/0/Length,number,2
/Record/Section/9/Section/0/Information/0/Value/StringWithMarkup/1/Markup/0/Type,string,Superscript
/Record/Section/9/Section/0/Information/0/Value/StringWithMarkup/1/Markup/1/Start,number,47
/Record/Section/9/Section/0/Information/0/Value/StringWithMarkup/1/Markup/1/Length,number,2
/Record/Section/9/Section/0/Information/0/Value/StringWithMarkup/1/Markup/1/Type,string,Superscript
/Record/Section/9/Section/1/TOCHeading,string,Isotopes in Earth/Planetary Science
/Record/Section/9/Section/1/Description,string,Information on the use of this element's isotopes in earth/planetary science.
/Record/Section/9/Section/1/Information/0/ReferenceNumber,number,4
/Record/Section/9/Section/1/Information/0/Reference/0,string,"[132]  S. N. Levine, M. P. Stainton, D. W. Schindler. Can. J. Fish. Aquat.Sci.43, 366 (1986)."
/Record/Section/9/Section/1/Information/0/Reference/1,string,"[135]  L. Tuominen, H. Hartikainen, T. Kairesalo, P. Tallberg. Water Res.32, 2001 (1998)."
/Record/Section/9/Section/1/Information/0/ExtendedReference/0/Citation,string,"[132]  S. N. Levine, M. P. Stainton, D. W. Schindler. Can. J. Fish. Aquat.Sci.43, 366 (1986)."
/Record/Section/9/Section/1/Information/0/ExtendedReference/1/Citation,string,"[135]  L. Tuominen, H. Hartikainen, T. Kairesalo, P. Tallberg. Water Res.32, 2001 (1998)."
/Record/Section/9/Section/1/Information/0/Value/StringWithMarkup/0/String,string,"32P has been used as a tracer to help determine phosphorus nutrient cycling in eutrophied lakes (lakes rich in organic and mineral nutrients commonly leading to the excessive growth of phytoplankton, a self-feeding water organism) (Fig. IUPAC.15.1). In one experiment, phosphoric acid labeled with 32P was added to a lake that had been experimentally eutrophied. 32P was measured in microphytoplankton (plankton visible only with a microscope), phytoplankton, and zooplankton (tiny animals that live suspended in fresh or salt water), and the amount of incorporated 32P was determined [132]."
/Record/Section/9/Section/1/Information/0/Value/StringWithMarkup/0/Markup/0/Start,number,0
/Record/Section/9/Section/1/Information/0/Value/StringWithMarkup/0/Markup/0/Length,number,2
/Record/Section/9/Section/1/Information/0/Value/StringWithMarkup/0/Markup/0/Type,string,Superscript
/Record/Section/9/Section/1/Information/0/Value/StringWithMarkup/0/Markup/1/Start,number,298
/Record/Section/9/Section/1/Information/0/Value/StringWithMarkup/0/Markup/1/Length,number,2
/Record/Section/9/Section/1/Information/0/Value/StringWithMarkup/0/Markup/1/Type,string,Superscript
/Record/Section/9/Section/1/Information/0/Value/StringWithMarkup/0/Markup/2/Start,number,363
/Record/Section/9/Section/1/Information/0/Value/StringWithMarkup/0/Markup/2/Length,number,2
/Record/Section/9/Section/1/Information/0/Value/StringWithMarkup/0/Markup/2/Type,string,Superscript
/Record/Section/9/Section/1/Information/0/Value/StringWithMarkup/0/Markup/3/Start,number,566
/Record/Section/9/Section/1/Information/0/Value/StringWithMarkup/0/Markup/3/Length,number,2
/Record/Section/9/Section/1/Information/0/Value/StringWithMarkup/0/Markup/3/Type,string,Superscript
/Record/Section/9/Section/1/Information/0/Value/StringWithMarkup/1/String,string,"33P has been used to better understand phosphorus dynamics in the environment at the sediment-surface level. Phosphorus is a necessary nutrient for many biota (the plant and animal life of a particular habitat, region, or geological period). Understanding bioavailability and sorption (bonding) of this nutrient to particles in soil is important for understanding ecosystem health. Organic and inorganic phosphorus substrates isotopically labeled with 33P can be tracked within a sediment system to determine their transport properties and availability to biota [135]."
/Record/Section/9/Section/1/Information/0/Value/StringWithMarkup/1/Markup/0/Start,number,0
/Record/Section/9/Section/1/Information/0/Value/StringWithMarkup/1/Markup/0/Length,number,2
/Record/Section/9/Section/1/Information/0/Value/StringWithMarkup/1/Markup/0/Type,string,Superscript
/Record/Section/9/Section/1/Information/0/Value/StringWithMarkup/1/Markup/1/Start,number,452
/Record/Section/9/Section/1/Information/0/Value/StringWithMarkup/1/Markup/1/Length,number,2
/Record/Section/9/Section/1/Information/0/Value/StringWithMarkup/1/Markup/1/Type,string,Superscript
/Record/Section/9/Section/1/Information/0/Value/StringWithMarkup/2/String,string,          
/Record/Section/9/Section/1/Information/0/Value/StringWithMarkup/2/Markup/0/Start,number,0
/Record/Section/9/Section/1/Information/0/Value/StringWithMarkup/2/Markup/0/Length,number,1
/Record/Section/9/Section/1/Information/0/Value/StringWithMarkup/2/Markup/0/URL,string,https://pubchem.ncbi.nlm.nih.gov/images/iupac/j_pac-2015-0703_fig_028.jpg
/Record/Section/9/Section/1/Information/0/Value/StringWithMarkup/2/Markup/0/Type,string,Image
/Record/Section/9/Section/1/Information/0/Value/StringWithMarkup/2/Markup/0/Size,string,981x926
/Record/Section/9/Section/1/Information/0/Value/StringWithMarkup/2/Markup/0/Caption,string,"Fig. IUPAC.15.1: Partitioning of ³²P among water layers, the sediments, and outflow during the 105 days following addition of ³²P to the upper layer of stratified Lake 227 (northwestern Ontario) to trace the lake’s phosphorus cycle during lake stratification and fall overturn (modified from [132]). "
/Record/Section/9/Section/2/TOCHeading,string,Isotopes in Industry
/Record/Section/9/Section/2/Description,string,Information on the use of this element's isotopes in industry.
/Record/Section/9/Section/2/Information/0/ReferenceNumber,number,4
/Record/Section/9/Section/2/Information/0/Reference/0,string,"[136]  Popular Science Monthly: Mechanic and Handicraft, 91 (1951)."
/Record/Section/9/Section/2/Information/0/ExtendedReference/0/Citation,string,"[136]  Popular Science Monthly: Mechanic and Handicraft, 91 (1951)."
/Record/Section/9/Section/2/Information/0/Value/StringWithMarkup/0/String,string,32P was added to tires in the 1950s by Goodrich Laboratories to help determine the location and depth of tire wear in performance tests [136].
/Record/Section/9/Section/2/Information/0/Value/StringWithMarkup/0/Markup/0/Start,number,0
/Record/Section/9/Section/2/Information/0/Value/StringWithMarkup/0/Markup/0/Length,number,2
/Record/Section/9/Section/2/Information/0/Value/StringWithMarkup/0/Markup/0/Type,string,Superscript
/Record/Section/9/Section/3/TOCHeading,string,Isotopes in Medicine
/Record/Section/9/Section/3/Description,string,Information on the use of this element's isotopes in medicine.
/Record/Section/9/Section/3/Information/0/ReferenceNumber,number,4
/Record/Section/9/Section/3/Information/0/Reference/0,string,"[133]  E. K. J. Pauwels, F. J. Cleton. Radiother. Oncol.1, 333 (1984)."
/Record/Section/9/Section/3/Information/0/Reference/1,string,"[134]  C. B. Wilson, A. A. Epenetos. Baillieres Clin. Gastroenterol.1, 115 (1987)."
/Record/Section/9/Section/3/Information/0/Reference/2,string,"[137]  E. B. Silberstein, A. H. Elgazzar, A. Kapilivsky. Semin. Nucl. Med.22, 17 (1992)."
/Record/Section/9/Section/3/Information/0/Reference/3,string,"[138]  S. C. Srivastava. Braz. Arch. Biol. Technol.45, 45 (2002)."
/Record/Section/9/Section/3/Information/0/Reference/4,string,"[139]  Mayo Clinic staff. Polycythemia Vera: Treatments and Drugs, Mayo Clinic (2017), April 4; http://www.mayoclinic.org/diseases-conditions/polycythemia-vera/diagnosis-treatment/treatment/txc-20307498."
/Record/Section/9/Section/3/Information/0/Reference/5,string,"[140]  A. S. W. Goh, A. Y. F. Chung, R. H. G. Lo, T. N. Lau, S. W. K. Yu, M. Chng, S. Satchithanantham, S. L. E. Loong, D. C. E. Ng, B. C. Lim, S. Connor, P. K. H. Chow. Int. J. Radiat. Oncol. Biol. Phys.67, 786 (2007)."
/Record/Section/9/Section/3/Information/0/ExtendedReference/0/Citation,string,"[133]  E. K. J. Pauwels, F. J. Cleton. Radiother. Oncol.1, 333 (1984)."
/Record/Section/9/Section/3/Information/0/ExtendedReference/1/Citation,string,"[134]  C. B. Wilson, A. A. Epenetos. Baillieres Clin. Gastroenterol.1, 115 (1987)."
/Record/Section/9/Section/3/Information/0/ExtendedReference/2/Citation,string,"[137]  E. B. Silberstein, A. H. Elgazzar, A. Kapilivsky. Semin. Nucl. Med.22, 17 (1992)."
/Record/Section/9/Section/3/Information/0/ExtendedReference/3/Citation,string,"[138]  S. C. Srivastava. Braz. Arch. Biol. Technol.45, 45 (2002)."
/Record/Section/9/Section/3/Information/0/ExtendedReference/4/Citation,string,"[139]  Mayo Clinic staff. Polycythemia Vera: Treatments and Drugs, Mayo Clinic (2017), April 4; http://www.mayoclinic.org/diseases-conditions/polycythemia-vera/diagnosis-treatment/treatment/txc-20307498."
/Record/Section/9/Section/3/Information/0/ExtendedReference/5/Citation,string,"[140]  A. S. W. Goh, A. Y. F. Chung, R. H. G. Lo, T. N. Lau, S. W. K. Yu, M. Chng, S. Satchithanantham, S. L. E. Loong, D. C. E. Ng, B. C. Lim, S. Connor, P. K. H. Chow. Int. J. Radiat. Oncol. Biol. Phys.67, 786 (2007)."
/Record/Section/9/Section/3/Information/0/Value/StringWithMarkup/0/String,string,"Beta emissions from the radioactive isotope 32P can be used in drug therapy of cancerous bone masses. By injecting a patient with a 32P pharmaceutical, tumors and other cells can be targeted for cell death, which also helps to alleviate pain [137], [138]. For example, Polycythemia vera is the condition of having excess red blood cells in the bone marrow: 32P can be used to treat this condition by reducing the number of red blood cells. However, there is no cure for this condition [139]. Using a 32P labeled bio-silicone product, 32P has been used as the radioactive target in brachytherapy of solid tumors in the lung [140]. Depending on the type of 32P-labeled compound (antibody or pharmaceutical drug), when it is ingested or injected into the body, specific body parts (blood, tumors, joints, or bones) can be targeted for visualization and imaged using a gamma camera. This is useful for imaging cancer sites and for treatment monitoring of oncologic patients [133], [134], [138]."
/Record/Section/9/Section/3/Information/0/Value/StringWithMarkup/0/Markup/0/Start,number,44
/Record/Section/9/Section/3/Information/0/Value/StringWithMarkup/0/Markup/0/Length,number,2
/Record/Section/9/Section/3/Information/0/Value/StringWithMarkup/0/Markup/0/Type,string,Superscript
/Record/Section/9/Section/3/Information/0/Value/StringWithMarkup/0/Markup/1/Start,number,132
/Record/Section/9/Section/3/Information/0/Value/StringWithMarkup/0/Markup/1/Length,number,2
/Record/Section/9/Section/3/Information/0/Value/StringWithMarkup/0/Markup/1/Type,string,Superscript
/Record/Section/9/Section/3/Information/0/Value/StringWithMarkup/0/Markup/2/Start,number,357
/Record/Section/9/Section/3/Information/0/Value/StringWithMarkup/0/Markup/2/Length,number,2
/Record/Section/9/Section/3/Information/0/Value/StringWithMarkup/0/Markup/2/Type,string,Superscript
/Record/Section/9/Section/3/Information/0/Value/StringWithMarkup/0/Markup/3/Start,number,500
/Record/Section/9/Section/3/Information/0/Value/StringWithMarkup/0/Markup/3/Length,number,2
/Record/Section/9/Section/3/Information/0/Value/StringWithMarkup/0/Markup/3/Type,string,Superscript
/Record/Section/9/Section/3/Information/0/Value/StringWithMarkup/0/Markup/4/Start,number,534
/Record/Section/9/Section/3/Information/0/Value/StringWithMarkup/0/Markup/4/Length,number,2
/Record/Section/9/Section/3/Information/0/Value/StringWithMarkup/0/Markup/4/Type,string,Superscript
/Record/Section/9/Section/3/Information/0/Value/StringWithMarkup/0/Markup/5/Start,number,655
/Record/Section/9/Section/3/Information/0/Value/StringWithMarkup/0/Markup/5/Length,number,2
/Record/Section/9/Section/3/Information/0/Value/StringWithMarkup/0/Markup/5/Type,string,Superscript
/Record/Section/9/Section/4/TOCHeading,string,Isotope Mass and Abundance
/Record/Section/9/Section/4/Description,string,Atomic mass and abundance (composition) information for a given isotope/nuclide. The number in the parenthesis refers to an uncertainty when exist. The unit of atomic weight is the unified atomic mass unit (u) or dalton (Da). 
/Record/Section/9/Section/4/DisplayControls/CreateTable/FromInformationIn,string,ThisSection
/Record/Section/9/Section/4/DisplayControls/CreateTable/NumberOfColumns,number,3
/Record/Section/9/Section/4/DisplayControls/CreateTable/ColumnsFromNamedLists/Name/0,string,Isotope
/Record/Section/9/Section/4/DisplayControls/CreateTable/ColumnsFromNamedLists/Name/1,string,Atomic Mass (uncertainty) [u]
/Record/Section/9/Section/4/DisplayControls/CreateTable/ColumnsFromNamedLists/Name/2,string,Abundance (uncertainty)
/Record/Section/9/Section/4/DisplayControls/CreateTable/ColumnsFromNamedLists/UseNamesAsColumnHeadings,boolean,true
/Record/Section/9/Section/4/Information/0/ReferenceNumber,number,3
/Record/Section/9/Section/4/Information/0/Name,string,Isotope
/Record/Section/9/Section/4/Information/0/Value/StringWithMarkup/0/String,string, 31P
/Record/Section/9/Section/4/Information/0/Value/StringWithMarkup/0/Markup/0/Start,number,0
/Record/Section/9/Section/4/Information/0/Value/StringWithMarkup/0/Markup/0/Length,number,3
/Record/Section/9/Section/4/Information/0/Value/StringWithMarkup/0/Markup/0/Type,string,Superscript
/Record/Section/9/Section/4/Information/1/ReferenceNumber,number,3
/Record/Section/9/Section/4/Information/1/Name,string,Atomic Mass (uncertainty)
/Record/Section/9/Section/4/Information/1/Value/StringWithMarkup/0/String,string,30.973 761 998(5)
/Record/Section/9/Section/4/Information/2/ReferenceNumber,number,3
/Record/Section/9/Section/4/Information/2/Name,string,Abundance (uncertainty)
/Record/Section/9/Section/4/Information/2/Value/StringWithMarkup/0/String,string,1
/Record/Section/9/Section/4/Information/3/ReferenceNumber,number,7
/Record/Section/9/Section/4/Information/3/Name,string,Isotope
/Record/Section/9/Section/4/Information/3/Value/StringWithMarkup/0/String,string,31P
/Record/Section/9/Section/4/Information/3/Value/StringWithMarkup/0/Markup/0/Start,number,0
/Record/Section/9/Section/4/Information/3/Value/StringWithMarkup/0/Markup/0/Length,number,2
/Record/Section/9/Section/4/Information/3/Value/StringWithMarkup/0/Markup/0/Type,string,Superscript
/Record/Section/9/Section/4/Information/4/ReferenceNumber,number,7
/Record/Section/9/Section/4/Information/4/Name,string,Atomic Mass (uncertainty) [u]
/Record/Section/9/Section/4/Information/4/Value/StringWithMarkup/0/String,string,30.97376199842(70)
/Record/Section/9/Section/4/Information/5/ReferenceNumber,number,7
/Record/Section/9/Section/4/Information/5/Name,string,Abundance (uncertainty)
/Record/Section/9/Section/4/Information/5/Value/StringWithMarkup/0/String,string,1
/Record/Section/9/Section/5/TOCHeading,string,"Atomic Mass, Half Life, and Decay"
/Record/Section/9/Section/5/Description,string,"Information on the atomic mass, half life, and decay for this element, from the the Atomic Mass Data Center. The number after the ± refers to an uncertainty when exists."
/Record/Section/9/Section/5/URL,string,https://pubchem.ncbi.nlm.nih.gov/docs/atomic-mass/
/Record/Section/9/Section/5/DisplayControls/CreateTable/FromInformationIn,string,ThisSection
/Record/Section/9/Section/5/DisplayControls/CreateTable/NumberOfColumns,number,5
/Record/Section/9/Section/5/DisplayControls/CreateTable/ColumnsFromNamedLists/Name/0,string,Nuclide
/Record/Section/9/Section/5/DisplayControls/CreateTable/ColumnsFromNamedLists/Name/1,string,Atomic Mass and Uncertainty [u]
/Record/Section/9/Section/5/DisplayControls/CreateTable/ColumnsFromNamedLists/Name/2,string,Half Life and Uncertainty
/Record/Section/9/Section/5/DisplayControls/CreateTable/ColumnsFromNamedLists/Name/3,string,Discovery Year
/Record/Section/9/Section/5/DisplayControls/CreateTable/ColumnsFromNamedLists/Name/4,string,"Decay Modes, Intensities and Uncertainties [%]"
/Record/Section/9/Section/5/DisplayControls/CreateTable/ColumnsFromNamedLists/UseNamesAsColumnHeadings,boolean,true
/Record/Section/9/Section/5/Information/0/ReferenceNumber,number,2
/Record/Section/9/Section/5/Information/0/Name,string,Nuclide
/Record/Section/9/Section/5/Information/0/Value/StringWithMarkup/0/String,string,24P
/Record/Section/9/Section/5/Information/0/Value/StringWithMarkup/0/Markup/0/Start,number,0
/Record/Section/9/Section/5/Information/0/Value/StringWithMarkup/0/Markup/0/Length,number,2
/Record/Section/9/Section/5/Information/0/Value/StringWithMarkup/0/Markup/0/Type,string,Superscript
/Record/Section/9/Section/5/Information/0/Value/StringWithMarkup/1/String,string,25P
/Record/Section/9/Section/5/Information/0/Value/StringWithMarkup/1/Markup/0/Start,number,0
/Record/Section/9/Section/5/Information/0/Value/StringWithMarkup/1/Markup/0/Length,number,2
/Record/Section/9/Section/5/Information/0/Value/StringWithMarkup/1/Markup/0/Type,string,Superscript
/Record/Section/9/Section/5/Information/0/Value/StringWithMarkup/2/String,string,26P
/Record/Section/9/Section/5/Information/0/Value/StringWithMarkup/2/Markup/0/Start,number,0
/Record/Section/9/Section/5/Information/0/Value/StringWithMarkup/2/Markup/0/Length,number,2
/Record/Section/9/Section/5/Information/0/Value/StringWithMarkup/2/Markup/0/Type,string,Superscript
/Record/Section/9/Section/5/Information/0/Value/StringWithMarkup/3/String,string,26Pm
/Record/Section/9/Section/5/Information/0/Value/StringWithMarkup/3/Markup/0/Start,number,0
/Record/Section/9/Section/5/Information/0/Value/StringWithMarkup/3/Markup/0/Length,number,2
/Record/Section/9/Section/5/Information/0/Value/StringWithMarkup/3/Markup/0/Type,string,Superscript
/Record/Section/9/Section/5/Information/0/Value/StringWithMarkup/3/Markup/1/Start,number,3
/Record/Section/9/Section/5/Information/0/Value/StringWithMarkup/3/Markup/1/Length,number,1
/Record/Section/9/Section/5/Information/0/Value/StringWithMarkup/3/Markup/1/Type,string,Superscript
/Record/Section/9/Section/5/Information/0/Value/StringWithMarkup/4/String,string,27P
/Record/Section/9/Section/5/Information/0/Value/StringWithMarkup/4/Markup/0/Start,number,0
/Record/Section/9/Section/5/Information/0/Value/StringWithMarkup/4/Markup/0/Length,number,2
/Record/Section/9/Section/5/Information/0/Value/StringWithMarkup/4/Markup/0/Type,string,Superscript
/Record/Section/9/Section/5/Information/0/Value/StringWithMarkup/5/String,string,28P
/Record/Section/9/Section/5/Information/0/Value/StringWithMarkup/5/Markup/0/Start,number,0
/Record/Section/9/Section/5/Information/0/Value/StringWithMarkup/5/Markup/0/Length,number,2
/Record/Section/9/Section/5/Information/0/Value/StringWithMarkup/5/Markup/0/Type,string,Superscript
/Record/Section/9/Section/5/Information/0/Value/StringWithMarkup/6/String,string,29P
/Record/Section/9/Section/5/Information/0/Value/StringWithMarkup/6/Markup/0/Start,number,0
/Record/Section/9/Section/5/Information/0/Value/StringWithMarkup/6/Markup/0/Length,number,2
/Record/Section/9/Section/5/Information/0/Value/StringWithMarkup/6/Markup/0/Type,string,Superscript
/Record/Section/9/Section/5/Information/0/Value/StringWithMarkup/7/String,string,30P
/Record/Section/9/Section/5/Information/0/Value/StringWithMarkup/7/Markup/0/Start,number,0
/Record/Section/9/Section/5/Information/0/Value/StringWithMarkup/7/Markup/0/Length,number,2
/Record/Section/9/Section/5/Information/0/Value/StringWithMarkup/7/Markup/0/Type,string,Superscript
/Record/Section/9/Section/5/Information/0/Value/StringWithMarkup/8/String,string,31P
/Record/Section/9/Section/5/Information/0/Value/StringWithMarkup/8/Markup/0/Start,number,0
/Record/Section/9/Section/5/Information/0/Value/StringWithMarkup/8/Markup/0/Length,number,2
/Record/Section/9/Section/5/Information/0/Value/StringWithMarkup/8/Markup/0/Type,string,Superscript
/Record/Section/9/Section/5/Information/0/Value/StringWithMarkup/9/String,string,32P
/Record/Section/9/Section/5/Information/0/Value/StringWithMarkup/9/Markup/0/Start,number,0
/Record/Section/9/Section/5/Information/0/Value/StringWithMarkup/9/Markup/0/Length,number,2
/Record/Section/9/Section/5/Information/0/Value/StringWithMarkup/9/Markup/0/Type,string,Superscript
/Record/Section/9/Section/5/Information/0/Value/StringWithMarkup/10/String,string,33P
/Record/Section/9/Section/5/Information/0/Value/StringWithMarkup/10/Markup/0/Start,number,0
/Record/Section/9/Section/5/Information/0/Value/StringWithMarkup/10/Markup/0/Length,number,2
/Record/Section/9/Section/5/Information/0/Value/StringWithMarkup/10/Markup/0/Type,string,Superscript
/Record/Section/9/Section/5/Information/0/Value/StringWithMarkup/11/String,string,34P
/Record/Section/9/Section/5/Information/0/Value/StringWithMarkup/11/Markup/0/Start,number,0
/Record/Section/9/Section/5/Information/0/Value/StringWithMarkup/11/Markup/0/Length,number,2
/Record/Section/9/Section/5/Information/0/Value/StringWithMarkup/11/Markup/0/Type,string,Superscript
/Record/Section/9/Section/5/Information/0/Value/StringWithMarkup/12/String,string,35P
/Record/Section/9/Section/5/Information/0/Value/StringWithMarkup/12/Markup/0/Start,number,0
/Record/Section/9/Section/5/Information/0/Value/StringWithMarkup/12/Markup/0/Length,number,2
/Record/Section/9/Section/5/Information/0/Value/StringWithMarkup/12/Markup/0/Type,string,Superscript
/Record/Section/9/Section/5/Information/0/Value/StringWithMarkup/13/String,string,36P
/Record/Section/9/Section/5/Information/0/Value/StringWithMarkup/13/Markup/0/Start,number,0
/Record/Section/9/Section/5/Information/0/Value/StringWithMarkup/13/Markup/0/Length,number,2
/Record/Section/9/Section/5/Information/0/Value/StringWithMarkup/13/Markup/0/Type,string,Superscript
/Record/Section/9/Section/5/Information/0/Value/StringWithMarkup/14/String,string,37P
/Record/Section/9/Section/5/Information/0/Value/StringWithMarkup/14/Markup/0/Start,number,0
/Record/Section/9/Section/5/Information/0/Value/StringWithMarkup/14/Markup/0/Length,number,2
/Record/Section/9/Section/5/Information/0/Value/StringWithMarkup/14/Markup/0/Type,string,Superscript
/Record/Section/9/Section/5/Information/0/Value/StringWithMarkup/15/String,string,38P
/Record/Section/9/Section/5/Information/0/Value/StringWithMarkup/15/Markup/0/Start,number,0
/Record/Section/9/Section/5/Information/0/Value/StringWithMarkup/15/Markup/0/Length,number,2
/Record/Section/9/Section/5/Information/0/Value/StringWithMarkup/15/Markup/0/Type,string,Superscript
/Record/Section/9/Section/5/Information/0/Value/StringWithMarkup/16/String,string,39P
/Record/Section/9/Section/5/Information/0/Value/StringWithMarkup/16/Markup/0/Start,number,0
/Record/Section/9/Section/5/Information/0/Value/StringWithMarkup/16/Markup/0/Length,number,2
/Record/Section/9/Section/5/Information/0/Value/StringWithMarkup/16/Markup/0/Type,string,Superscript
/Record/Section/9/Section/5/Information/0/Value/StringWithMarkup/17/String,string,40P
/Record/Section/9/Section/5/Information/0/Value/StringWithMarkup/17/Markup/0/Start,number,0
/Record/Section/9/Section/5/Information/0/Value/StringWithMarkup/17/Markup/0/Length,number,2
/Record/Section/9/Section/5/Information/0/Value/StringWithMarkup/17/Markup/0/Type,string,Superscript
/Record/Section/9/Section/5/Information/0/Value/StringWithMarkup/18/String,string,41P
/Record/Section/9/Section/5/Information/0/Value/StringWithMarkup/18/Markup/0/Start,number,0
/Record/Section/9/Section/5/Information/0/Value/StringWithMarkup/18/Markup/0/Length,number,2
/Record/Section/9/Section/5/Information/0/Value/StringWithMarkup/18/Markup/0/Type,string,Superscript
/Record/Section/9/Section/5/Information/0/Value/StringWithMarkup/19/String,string,42P
/Record/Section/9/Section/5/Information/0/Value/StringWithMarkup/19/Markup/0/Start,number,0
/Record/Section/9/Section/5/Information/0/Value/StringWithMarkup/19/Markup/0/Length,number,2
/Record/Section/9/Section/5/Information/0/Value/StringWithMarkup/19/Markup/0/Type,string,Superscript
/Record/Section/9/Section/5/Information/0/Value/StringWithMarkup/20/String,string,43P
/Record/Section/9/Section/5/Information/0/Value/StringWithMarkup/20/Markup/0/Start,number,0
/Record/Section/9/Section/5/Information/0/Value/StringWithMarkup/20/Markup/0/Length,number,2
/Record/Section/9/Section/5/Information/0/Value/StringWithMarkup/20/Markup/0/Type,string,Superscript
/Record/Section/9/Section/5/Information/0/Value/StringWithMarkup/21/String,string,44P
/Record/Section/9/Section/5/Information/0/Value/StringWithMarkup/21/Markup/0/Start,number,0
/Record/Section/9/Section/5/Information/0/Value/StringWithMarkup/21/Markup/0/Length,number,2
/Record/Section/9/Section/5/Information/0/Value/StringWithMarkup/21/Markup/0/Type,string,Superscript
/Record/Section/9/Section/5/Information/0/Value/StringWithMarkup/22/String,string,45P
/Record/Section/9/Section/5/Information/0/Value/StringWithMarkup/22/Markup/0/Start,number,0
/Record/Section/9/Section/5/Information/0/Value/StringWithMarkup/22/Markup/0/Length,number,2
/Record/Section/9/Section/5/Information/0/Value/StringWithMarkup/22/Markup/0/Type,string,Superscript
/Record/Section/9/Section/5/Information/0/Value/StringWithMarkup/23/String,string,46P
/Record/Section/9/Section/5/Information/0/Value/StringWithMarkup/23/Markup/0/Start,number,0
/Record/Section/9/Section/5/Information/0/Value/StringWithMarkup/23/Markup/0/Length,number,2
/Record/Section/9/Section/5/Information/0/Value/StringWithMarkup/23/Markup/0/Type,string,Superscript
/Record/Section/9/Section/5/Information/0/Value/StringWithMarkup/24/String,string,47P
/Record/Section/9/Section/5/Information/0/Value/StringWithMarkup/24/Markup/0/Start,number,0
/Record/Section/9/Section/5/Information/0/Value/StringWithMarkup/24/Markup/0/Length,number,2
/Record/Section/9/Section/5/Information/0/Value/StringWithMarkup/24/Markup/0/Type,string,Superscript
/Record/Section/9/Section/5/Information/1/ReferenceNumber,number,2
/Record/Section/9/Section/5/Information/1/Name,string,Atomic Mass and Uncertainty [u]
/Record/Section/9/Section/5/Information/1/Value/StringWithMarkup/0/String,string,24.036522 ± 0.000537 [Estimated]
/Record/Section/9/Section/5/Information/1/Value/StringWithMarkup/1/String,string,25.021675 ± 0.000429 [Estimated]
/Record/Section/9/Section/5/Information/1/Value/StringWithMarkup/2/String,string,26.011780 ± 0.00021 [Estimated]
/Record/Section/9/Section/5/Information/1/Value/StringWithMarkup/3/String,string,26.011780 ± 0.00021 [Estimated]
/Record/Section/9/Section/5/Information/1/Value/StringWithMarkup/4/String,string,26.999292499 ± 0.000009662
/Record/Section/9/Section/5/Information/1/Value/StringWithMarkup/5/String,string,27.992326460 ± 0.000001231
/Record/Section/9/Section/5/Information/1/Value/StringWithMarkup/6/String,string,28.981800368 ± 0.000000385
/Record/Section/9/Section/5/Information/1/Value/StringWithMarkup/7/String,string,29.978313490 ± 0.000000069
/Record/Section/9/Section/5/Information/1/Value/StringWithMarkup/8/String,string,30.97376199768 ± 0.0000000008
/Record/Section/9/Section/5/Information/1/Value/StringWithMarkup/9/String,string,31.973907643 ± 0.000000042
/Record/Section/9/Section/5/Information/1/Value/StringWithMarkup/10/String,string,32.971725692 ± 0.00000117
/Record/Section/9/Section/5/Information/1/Value/StringWithMarkup/11/String,string,33.973645886 ± 0.00000087
/Record/Section/9/Section/5/Information/1/Value/StringWithMarkup/12/String,string,34.973314045 ± 0.000002003
/Record/Section/9/Section/5/Information/1/Value/StringWithMarkup/13/String,string,35.978259610 ± 0.000014078
/Record/Section/9/Section/5/Information/1/Value/StringWithMarkup/14/String,string,36.979606942 ± 0.000040738
/Record/Section/9/Section/5/Information/1/Value/StringWithMarkup/15/String,string,37.984303105 ± 0.000077918
/Record/Section/9/Section/5/Information/1/Value/StringWithMarkup/16/String,string,38.986285865 ± 0.000120929
/Record/Section/9/Section/5/Information/1/Value/StringWithMarkup/17/String,string,39.991262221 ± 0.000089755
/Record/Section/9/Section/5/Information/1/Value/StringWithMarkup/18/String,string,40.994654000 ± 0.000129
/Record/Section/9/Section/5/Information/1/Value/StringWithMarkup/19/String,string,42.001172140 ± 0.000101996
/Record/Section/9/Section/5/Information/1/Value/StringWithMarkup/20/String,string,43.005411 ± 0.000322 [Estimated]
/Record/Section/9/Section/5/Information/1/Value/StringWithMarkup/21/String,string,44.011927 ± 0.000429 [Estimated]
/Record/Section/9/Section/5/Information/1/Value/StringWithMarkup/22/String,string,45.017134 ± 0.000537 [Estimated]
/Record/Section/9/Section/5/Information/1/Value/StringWithMarkup/23/String,string,46.024520 ± 0.000537 [Estimated]
/Record/Section/9/Section/5/Information/1/Value/StringWithMarkup/24/String,string,47.030929 ± 0.000644 [Estimated]
/Record/Section/9/Section/5/Information/2/ReferenceNumber,number,2
/Record/Section/9/Section/5/Information/2/Name,string,Half Life and Uncertainty
/Record/Section/9/Section/5/Information/2/Value/StringWithMarkup/0/String,string,Not-specified
/Record/Section/9/Section/5/Information/2/Value/StringWithMarkup/1/String,string,Not-specified <30ns
/Record/Section/9/Section/5/Information/2/Value/StringWithMarkup/2/String,string,43.6 ms ± 0.3
/Record/Section/9/Section/5/Information/2/Value/StringWithMarkup/3/String,string,115 ns ± 8
/Record/Section/9/Section/5/Information/2/Value/StringWithMarkup/4/String,string,260 ms ± 80
/Record/Section/9/Section/5/Information/2/Value/StringWithMarkup/5/String,string,270.3 ms ± 0.5
/Record/Section/9/Section/5/Information/2/Value/StringWithMarkup/6/String,string,4.102 s ± 0.004
/Record/Section/9/Section/5/Information/2/Value/StringWithMarkup/7/String,string,2.5000 m ± 0.0017
/Record/Section/9/Section/5/Information/2/Value/StringWithMarkup/8/String,string,Stable
/Record/Section/9/Section/5/Information/2/Value/StringWithMarkup/9/String,string,14.269 d ± 0.007
/Record/Section/9/Section/5/Information/2/Value/StringWithMarkup/10/String,string,25.35 d ± 0.11
/Record/Section/9/Section/5/Information/2/Value/StringWithMarkup/11/String,string,12.43 s ± 0.10
/Record/Section/9/Section/5/Information/2/Value/StringWithMarkup/12/String,string,47.3 s ± 0.8
/Record/Section/9/Section/5/Information/2/Value/StringWithMarkup/13/String,string,5.6 s ± 0.3
/Record/Section/9/Section/5/Information/2/Value/StringWithMarkup/14/String,string,2.31 s ± 0.13
/Record/Section/9/Section/5/Information/2/Value/StringWithMarkup/15/String,string,640 ms ± 140
/Record/Section/9/Section/5/Information/2/Value/StringWithMarkup/16/String,string,282 ms ± 24
/Record/Section/9/Section/5/Information/2/Value/StringWithMarkup/17/String,string,150 ms ± 8
/Record/Section/9/Section/5/Information/2/Value/StringWithMarkup/18/String,string,101 ms ± 5
/Record/Section/9/Section/5/Information/2/Value/StringWithMarkup/19/String,string,48.5 ms ± 1.5
/Record/Section/9/Section/5/Information/2/Value/StringWithMarkup/20/String,string,35.8 ms ± 1.3
/Record/Section/9/Section/5/Information/2/Value/StringWithMarkup/21/String,string,18.5 ms ± 2.5
/Record/Section/9/Section/5/Information/2/Value/StringWithMarkup/22/String,string,10 ms >200ns [Estimated]
/Record/Section/9/Section/5/Information/2/Value/StringWithMarkup/23/String,string,9 ms >200ns [Estimated]
/Record/Section/9/Section/5/Information/2/Value/StringWithMarkup/24/String,string,4 ms >400ns [Estimated]
/Record/Section/9/Section/5/Information/3/ReferenceNumber,number,2
/Record/Section/9/Section/5/Information/3/Name,string,Discovery Year
/Record/Section/9/Section/5/Information/3/Value/StringWithMarkup/0/String,string,
/Record/Section/9/Section/5/Information/3/Value/StringWithMarkup/1/String,string,
/Record/Section/9/Section/5/Information/3/Value/StringWithMarkup/2/String,string,1983
/Record/Section/9/Section/5/Information/3/Value/StringWithMarkup/3/String,string,2014
/Record/Section/9/Section/5/Information/3/Value/StringWithMarkup/4/String,string,1977
/Record/Section/9/Section/5/Information/3/Value/StringWithMarkup/5/String,string,1953
/Record/Section/9/Section/5/Information/3/Value/StringWithMarkup/6/String,string,1941
/Record/Section/9/Section/5/Information/3/Value/StringWithMarkup/7/String,string,1934
/Record/Section/9/Section/5/Information/3/Value/StringWithMarkup/8/String,string,1920
/Record/Section/9/Section/5/Information/3/Value/StringWithMarkup/9/String,string,1934
/Record/Section/9/Section/5/Information/3/Value/StringWithMarkup/10/String,string,1951
/Record/Section/9/Section/5/Information/3/Value/StringWithMarkup/11/String,string,1945
/Record/Section/9/Section/5/Information/3/Value/StringWithMarkup/12/String,string,1971
/Record/Section/9/Section/5/Information/3/Value/StringWithMarkup/13/String,string,1971
/Record/Section/9/Section/5/Information/3/Value/StringWithMarkup/14/String,string,1971
/Record/Section/9/Section/5/Information/3/Value/StringWithMarkup/15/String,string,1971
/Record/Section/9/Section/5/Information/3/Value/StringWithMarkup/16/String,string,1977
/Record/Section/9/Section/5/Information/3/Value/StringWithMarkup/17/String,string,1979
/Record/Section/9/Section/5/Information/3/Value/StringWithMarkup/18/String,string,1979
/Record/Section/9/Section/5/Information/3/Value/StringWithMarkup/19/String,string,1979
/Record/Section/9/Section/5/Information/3/Value/StringWithMarkup/20/String,string,1989
/Record/Section/9/Section/5/Information/3/Value/StringWithMarkup/21/String,string,1989
/Record/Section/9/Section/5/Information/3/Value/StringWithMarkup/22/String,string,1990
/Record/Section/9/Section/5/Information/3/Value/StringWithMarkup/23/String,string,1990
/Record/Section/9/Section/5/Information/3/Value/StringWithMarkup/24/String,string,2018
/Record/Section/9/Section/5/Information/4/ReferenceNumber,number,2
/Record/Section/9/Section/5/Information/4/Name,string,"Decay Modes, Intensities and Uncertainties [%]"
/Record/Section/9/Section/5/Information/4/Value/StringWithMarkup/0/String,string,p ?; β+ ?; β+p ?
/Record/Section/9/Section/5/Information/4/Value/StringWithMarkup/0/Markup/0/Start,number,6
/Record/Section/9/Section/5/Information/4/Value/StringWithMarkup/0/Markup/0/Length,number,1
/Record/Section/9/Section/5/Information/4/Value/StringWithMarkup/0/Markup/0/Type,string,Superscript
/Record/Section/9/Section/5/Information/4/Value/StringWithMarkup/0/Markup/1/Start,number,12
/Record/Section/9/Section/5/Information/4/Value/StringWithMarkup/0/Markup/1/Length,number,1
/Record/Section/9/Section/5/Information/4/Value/StringWithMarkup/0/Markup/1/Type,string,Superscript
/Record/Section/9/Section/5/Information/4/Value/StringWithMarkup/1/String,string,p ?
/Record/Section/9/Section/5/Information/4/Value/StringWithMarkup/2/String,string,β+=100%; β+p=35.1±1.4%; β+2p=1.99±2.1%
/Record/Section/9/Section/5/Information/4/Value/StringWithMarkup/2/Markup/0/Start,number,1
/Record/Section/9/Section/5/Information/4/Value/StringWithMarkup/2/Markup/0/Length,number,1
/Record/Section/9/Section/5/Information/4/Value/StringWithMarkup/2/Markup/0/Type,string,Superscript
/Record/Section/9/Section/5/Information/4/Value/StringWithMarkup/2/Markup/1/Start,number,10
/Record/Section/9/Section/5/Information/4/Value/StringWithMarkup/2/Markup/1/Length,number,1
/Record/Section/9/Section/5/Information/4/Value/StringWithMarkup/2/Markup/1/Type,string,Superscript
/Record/Section/9/Section/5/Information/4/Value/StringWithMarkup/2/Markup/2/Start,number,25
/Record/Section/9/Section/5/Information/4/Value/StringWithMarkup/2/Markup/2/Length,number,1
/Record/Section/9/Section/5/Information/4/Value/StringWithMarkup/2/Markup/2/Type,string,Superscript
/Record/Section/9/Section/5/Information/4/Value/StringWithMarkup/3/String,string,IT=100%
/Record/Section/9/Section/5/Information/4/Value/StringWithMarkup/4/String,string,β+=100%; β+p≈0.07%
/Record/Section/9/Section/5/Information/4/Value/StringWithMarkup/4/Markup/0/Start,number,1
/Record/Section/9/Section/5/Information/4/Value/StringWithMarkup/4/Markup/0/Length,number,1
/Record/Section/9/Section/5/Information/4/Value/StringWithMarkup/4/Markup/0/Type,string,Superscript
/Record/Section/9/Section/5/Information/4/Value/StringWithMarkup/4/Markup/1/Start,number,10
/Record/Section/9/Section/5/Information/4/Value/StringWithMarkup/4/Markup/1/Length,number,1
/Record/Section/9/Section/5/Information/4/Value/StringWithMarkup/4/Markup/1/Type,string,Superscript
/Record/Section/9/Section/5/Information/4/Value/StringWithMarkup/5/String,string,β+=100%; β+p=0.0013±0.4%; β+α=0.00086±2.5%
/Record/Section/9/Section/5/Information/4/Value/StringWithMarkup/5/Markup/0/Start,number,1
/Record/Section/9/Section/5/Information/4/Value/StringWithMarkup/5/Markup/0/Length,number,1
/Record/Section/9/Section/5/Information/4/Value/StringWithMarkup/5/Markup/0/Type,string,Superscript
/Record/Section/9/Section/5/Information/4/Value/StringWithMarkup/5/Markup/1/Start,number,10
/Record/Section/9/Section/5/Information/4/Value/StringWithMarkup/5/Markup/1/Length,number,1
/Record/Section/9/Section/5/Information/4/Value/StringWithMarkup/5/Markup/1/Type,string,Superscript
/Record/Section/9/Section/5/Information/4/Value/StringWithMarkup/5/Markup/2/Start,number,27
/Record/Section/9/Section/5/Information/4/Value/StringWithMarkup/5/Markup/2/Length,number,1
/Record/Section/9/Section/5/Information/4/Value/StringWithMarkup/5/Markup/2/Type,string,Superscript
/Record/Section/9/Section/5/Information/4/Value/StringWithMarkup/6/String,string,β+=100%
/Record/Section/9/Section/5/Information/4/Value/StringWithMarkup/6/Markup/0/Start,number,1
/Record/Section/9/Section/5/Information/4/Value/StringWithMarkup/6/Markup/0/Length,number,1
/Record/Section/9/Section/5/Information/4/Value/StringWithMarkup/6/Markup/0/Type,string,Superscript
/Record/Section/9/Section/5/Information/4/Value/StringWithMarkup/7/String,string,β+=100%
/Record/Section/9/Section/5/Information/4/Value/StringWithMarkup/7/Markup/0/Start,number,1
/Record/Section/9/Section/5/Information/4/Value/StringWithMarkup/7/Markup/0/Length,number,1
/Record/Section/9/Section/5/Information/4/Value/StringWithMarkup/7/Markup/0/Type,string,Superscript
/Record/Section/9/Section/5/Information/4/Value/StringWithMarkup/8/String,string,IS=100%
/Record/Section/9/Section/5/Information/4/Value/StringWithMarkup/9/String,string,β-=100%
/Record/Section/9/Section/5/Information/4/Value/StringWithMarkup/9/Markup/0/Start,number,1
/Record/Section/9/Section/5/Information/4/Value/StringWithMarkup/9/Markup/0/Length,number,1
/Record/Section/9/Section/5/Information/4/Value/StringWithMarkup/9/Markup/0/Type,string,Superscript
/Record/Section/9/Section/5/Information/4/Value/StringWithMarkup/10/String,string,β-=100%
/Record/Section/9/Section/5/Information/4/Value/StringWithMarkup/10/Markup/0/Start,number,1
/Record/Section/9/Section/5/Information/4/Value/StringWithMarkup/10/Markup/0/Length,number,1
/Record/Section/9/Section/5/Information/4/Value/StringWithMarkup/10/Markup/0/Type,string,Superscript
/Record/Section/9/Section/5/Information/4/Value/StringWithMarkup/11/String,string,β-=100%
/Record/Section/9/Section/5/Information/4/Value/StringWithMarkup/11/Markup/0/Start,number,1
/Record/Section/9/Section/5/Information/4/Value/StringWithMarkup/11/Markup/0/Length,number,1
/Record/Section/9/Section/5/Information/4/Value/StringWithMarkup/11/Markup/0/Type,string,Superscript
/Record/Section/9/Section/5/Information/4/Value/StringWithMarkup/12/String,string,β-=100%
/Record/Section/9/Section/5/Information/4/Value/StringWithMarkup/12/Markup/0/Start,number,1
/Record/Section/9/Section/5/Information/4/Value/StringWithMarkup/12/Markup/0/Length,number,1
/Record/Section/9/Section/5/Information/4/Value/StringWithMarkup/12/Markup/0/Type,string,Superscript
/Record/Section/9/Section/5/Information/4/Value/StringWithMarkup/13/String,string,β-=100%; β-n ?
/Record/Section/9/Section/5/Information/4/Value/StringWithMarkup/13/Markup/0/Start,number,1
/Record/Section/9/Section/5/Information/4/Value/StringWithMarkup/13/Markup/0/Length,number,1
/Record/Section/9/Section/5/Information/4/Value/StringWithMarkup/13/Markup/0/Type,string,Superscript
/Record/Section/9/Section/5/Information/4/Value/StringWithMarkup/13/Markup/1/Start,number,10
/Record/Section/9/Section/5/Information/4/Value/StringWithMarkup/13/Markup/1/Length,number,1
/Record/Section/9/Section/5/Information/4/Value/StringWithMarkup/13/Markup/1/Type,string,Superscript
/Record/Section/9/Section/5/Information/4/Value/StringWithMarkup/14/String,string,β-=100%; β-n ?
/Record/Section/9/Section/5/Information/4/Value/StringWithMarkup/14/Markup/0/Start,number,1
/Record/Section/9/Section/5/Information/4/Value/StringWithMarkup/14/Markup/0/Length,number,1
/Record/Section/9/Section/5/Information/4/Value/StringWithMarkup/14/Markup/0/Type,string,Superscript
/Record/Section/9/Section/5/Information/4/Value/StringWithMarkup/14/Markup/1/Start,number,10
/Record/Section/9/Section/5/Information/4/Value/StringWithMarkup/14/Markup/1/Length,number,1
/Record/Section/9/Section/5/Information/4/Value/StringWithMarkup/14/Markup/1/Type,string,Superscript
/Record/Section/9/Section/5/Information/4/Value/StringWithMarkup/15/String,string,β-=100%; β-n=12±0.5%
/Record/Section/9/Section/5/Information/4/Value/StringWithMarkup/15/Markup/0/Start,number,1
/Record/Section/9/Section/5/Information/4/Value/StringWithMarkup/15/Markup/0/Length,number,1
/Record/Section/9/Section/5/Information/4/Value/StringWithMarkup/15/Markup/0/Type,string,Superscript
/Record/Section/9/Section/5/Information/4/Value/StringWithMarkup/15/Markup/1/Start,number,10
/Record/Section/9/Section/5/Information/4/Value/StringWithMarkup/15/Markup/1/Length,number,1
/Record/Section/9/Section/5/Information/4/Value/StringWithMarkup/15/Markup/1/Type,string,Superscript
/Record/Section/9/Section/5/Information/4/Value/StringWithMarkup/16/String,string,β-=100%; β-n=26±0.8%
/Record/Section/9/Section/5/Information/4/Value/StringWithMarkup/16/Markup/0/Start,number,1
/Record/Section/9/Section/5/Information/4/Value/StringWithMarkup/16/Markup/0/Length,number,1
/Record/Section/9/Section/5/Information/4/Value/StringWithMarkup/16/Markup/0/Type,string,Superscript
/Record/Section/9/Section/5/Information/4/Value/StringWithMarkup/16/Markup/1/Start,number,10
/Record/Section/9/Section/5/Information/4/Value/StringWithMarkup/16/Markup/1/Length,number,1
/Record/Section/9/Section/5/Information/4/Value/StringWithMarkup/16/Markup/1/Type,string,Superscript
/Record/Section/9/Section/5/Information/4/Value/StringWithMarkup/17/String,string,β-=100%; β-n=15.8±2.1%; β-2n ?
/Record/Section/9/Section/5/Information/4/Value/StringWithMarkup/17/Markup/0/Start,number,1
/Record/Section/9/Section/5/Information/4/Value/StringWithMarkup/17/Markup/0/Length,number,1
/Record/Section/9/Section/5/Information/4/Value/StringWithMarkup/17/Markup/0/Type,string,Superscript
/Record/Section/9/Section/5/Information/4/Value/StringWithMarkup/17/Markup/1/Start,number,10
/Record/Section/9/Section/5/Information/4/Value/StringWithMarkup/17/Markup/1/Length,number,1
/Record/Section/9/Section/5/Information/4/Value/StringWithMarkup/17/Markup/1/Type,string,Superscript
/Record/Section/9/Section/5/Information/4/Value/StringWithMarkup/17/Markup/2/Start,number,25
/Record/Section/9/Section/5/Information/4/Value/StringWithMarkup/17/Markup/2/Length,number,1
/Record/Section/9/Section/5/Information/4/Value/StringWithMarkup/17/Markup/2/Type,string,Superscript
/Record/Section/9/Section/5/Information/4/Value/StringWithMarkup/18/String,string,β-=100%; β-n=30±1%; β-2n ?
/Record/Section/9/Section/5/Information/4/Value/StringWithMarkup/18/Markup/0/Start,number,1
/Record/Section/9/Section/5/Information/4/Value/StringWithMarkup/18/Markup/0/Length,number,1
/Record/Section/9/Section/5/Information/4/Value/StringWithMarkup/18/Markup/0/Type,string,Superscript
/Record/Section/9/Section/5/Information/4/Value/StringWithMarkup/18/Markup/1/Start,number,10
/Record/Section/9/Section/5/Information/4/Value/StringWithMarkup/18/Markup/1/Length,number,1
/Record/Section/9/Section/5/Information/4/Value/StringWithMarkup/18/Markup/1/Type,string,Superscript
/Record/Section/9/Section/5/Information/4/Value/StringWithMarkup/18/Markup/2/Start,number,21
/Record/Section/9/Section/5/Information/4/Value/StringWithMarkup/18/Markup/2/Length,number,1
/Record/Section/9/Section/5/Information/4/Value/StringWithMarkup/18/Markup/2/Type,string,Superscript
/Record/Section/9/Section/5/Information/4/Value/StringWithMarkup/19/String,string,β-=100%; β-n=50±2%; β-2n ?
/Record/Section/9/Section/5/Information/4/Value/StringWithMarkup/19/Markup/0/Start,number,1
/Record/Section/9/Section/5/Information/4/Value/StringWithMarkup/19/Markup/0/Length,number,1
/Record/Section/9/Section/5/Information/4/Value/StringWithMarkup/19/Markup/0/Type,string,Superscript
/Record/Section/9/Section/5/Information/4/Value/StringWithMarkup/19/Markup/1/Start,number,10
/Record/Section/9/Section/5/Information/4/Value/StringWithMarkup/19/Markup/1/Length,number,1
/Record/Section/9/Section/5/Information/4/Value/StringWithMarkup/19/Markup/1/Type,string,Superscript
/Record/Section/9/Section/5/Information/4/Value/StringWithMarkup/19/Markup/2/Start,number,21
/Record/Section/9/Section/5/Information/4/Value/StringWithMarkup/19/Markup/2/Length,number,1
/Record/Section/9/Section/5/Information/4/Value/StringWithMarkup/19/Markup/2/Type,string,Superscript
/Record/Section/9/Section/5/Information/4/Value/StringWithMarkup/20/String,string,β-=100%; β-n=100%; β-2n ?
/Record/Section/9/Section/5/Information/4/Value/StringWithMarkup/20/Markup/0/Start,number,1
/Record/Section/9/Section/5/Information/4/Value/StringWithMarkup/20/Markup/0/Length,number,1
/Record/Section/9/Section/5/Information/4/Value/StringWithMarkup/20/Markup/0/Type,string,Superscript
/Record/Section/9/Section/5/Information/4/Value/StringWithMarkup/20/Markup/1/Start,number,10
/Record/Section/9/Section/5/Information/4/Value/StringWithMarkup/20/Markup/1/Length,number,1
/Record/Section/9/Section/5/Information/4/Value/StringWithMarkup/20/Markup/1/Type,string,Superscript
/Record/Section/9/Section/5/Information/4/Value/StringWithMarkup/20/Markup/2/Start,number,20
/Record/Section/9/Section/5/Information/4/Value/StringWithMarkup/20/Markup/2/Length,number,1
/Record/Section/9/Section/5/Information/4/Value/StringWithMarkup/20/Markup/2/Type,string,Superscript
/Record/Section/9/Section/5/Information/4/Value/StringWithMarkup/21/String,string,β-=100%; β-n ?; β-2n ?
/Record/Section/9/Section/5/Information/4/Value/StringWithMarkup/21/Markup/0/Start,number,1
/Record/Section/9/Section/5/Information/4/Value/StringWithMarkup/21/Markup/0/Length,number,1
/Record/Section/9/Section/5/Information/4/Value/StringWithMarkup/21/Markup/0/Type,string,Superscript
/Record/Section/9/Section/5/Information/4/Value/StringWithMarkup/21/Markup/1/Start,number,10
/Record/Section/9/Section/5/Information/4/Value/StringWithMarkup/21/Markup/1/Length,number,1
/Record/Section/9/Section/5/Information/4/Value/StringWithMarkup/21/Markup/1/Type,string,Superscript
/Record/Section/9/Section/5/Information/4/Value/StringWithMarkup/21/Markup/2/Start,number,17
/Record/Section/9/Section/5/Information/4/Value/StringWithMarkup/21/Markup/2/Length,number,1
/Record/Section/9/Section/5/Information/4/Value/StringWithMarkup/21/Markup/2/Type,string,Superscript
/Record/Section/9/Section/5/Information/4/Value/StringWithMarkup/22/String,string,β- ?; β-n ?; β-2n ?
/Record/Section/9/Section/5/Information/4/Value/StringWithMarkup/22/Markup/0/Start,number,1
/Record/Section/9/Section/5/Information/4/Value/StringWithMarkup/22/Markup/0/Length,number,1
/Record/Section/9/Section/5/Information/4/Value/StringWithMarkup/22/Markup/0/Type,string,Superscript
/Record/Section/9/Section/5/Information/4/Value/StringWithMarkup/22/Markup/1/Start,number,7
/Record/Section/9/Section/5/Information/4/Value/StringWithMarkup/22/Markup/1/Length,number,1
/Record/Section/9/Section/5/Information/4/Value/StringWithMarkup/22/Markup/1/Type,string,Superscript
/Record/Section/9/Section/5/Information/4/Value/StringWithMarkup/22/Markup/2/Start,number,14
/Record/Section/9/Section/5/Information/4/Value/StringWithMarkup/22/Markup/2/Length,number,1
/Record/Section/9/Section/5/Information/4/Value/StringWithMarkup/22/Markup/2/Type,string,Superscript
/Record/Section/9/Section/5/Information/4/Value/StringWithMarkup/23/String,string,β- ?; β-n ?; β-2n ?
/Record/Section/9/Section/5/Information/4/Value/StringWithMarkup/23/Markup/0/Start,number,1
/Record/Section/9/Section/5/Information/4/Value/StringWithMarkup/23/Markup/0/Length,number,1
/Record/Section/9/Section/5/Information/4/Value/StringWithMarkup/23/Markup/0/Type,string,Superscript
/Record/Section/9/Section/5/Information/4/Value/StringWithMarkup/23/Markup/1/Start,number,7
/Record/Section/9/Section/5/Information/4/Value/StringWithMarkup/23/Markup/1/Length,number,1
/Record/Section/9/Section/5/Information/4/Value/StringWithMarkup/23/Markup/1/Type,string,Superscript
/Record/Section/9/Section/5/Information/4/Value/StringWithMarkup/23/Markup/2/Start,number,14
/Record/Section/9/Section/5/Information/4/Value/StringWithMarkup/23/Markup/2/Length,number,1
/Record/Section/9/Section/5/Information/4/Value/StringWithMarkup/23/Markup/2/Type,string,Superscript
/Record/Section/9/Section/5/Information/4/Value/StringWithMarkup/24/String,string,β- ?; β-n ?; β-2n ?
/Record/Section/9/Section/5/Information/4/Value/StringWithMarkup/24/Markup/0/Start,number,1
/Record/Section/9/Section/5/Information/4/Value/StringWithMarkup/24/Markup/0/Length,number,1
/Record/Section/9/Section/5/Information/4/Value/StringWithMarkup/24/Markup/0/Type,string,Superscript
/Record/Section/9/Section/5/Information/4/Value/StringWithMarkup/24/Markup/1/Start,number,7
/Record/Section/9/Section/5/Information/4/Value/StringWithMarkup/24/Markup/1/Length,number,1
/Record/Section/9/Section/5/Information/4/Value/StringWithMarkup/24/Markup/1/Type,string,Superscript
/Record/Section/9/Section/5/Information/4/Value/StringWithMarkup/24/Markup/2/Start,number,14
/Record/Section/9/Section/5/Information/4/Value/StringWithMarkup/24/Markup/2/Length,number,1
/Record/Section/9/Section/5/Information/4/Value/StringWithMarkup/24/Markup/2/Type,string,Superscript
/Record/Reference/0/ReferenceNumber,number,1
/Record/Reference/0/SourceName,string,PubChem
/Record/Reference/0/SourceID,string,PubChem
/Record/Reference/0/Description,string,Data deposited in or computed by PubChem
/Record/Reference/0/URL,string,https://pubchem.ncbi.nlm.nih.gov
/Record/Reference/1/ReferenceNumber,number,2
/Record/Reference/1/SourceName,string,"Atomic Mass Data Center (AMDC), International Atomic Energy Agency (IAEA)"
/Record/Reference/1/SourceID,string,e15
/Record/Reference/1/Name,string,P
/Record/Reference/1/Description,string,The half-life and atomic mass data was provided by the Atomic Mass Data Center at the International Atomic Energy Agency.
/Record/Reference/1/URL,string,https://www-nds.iaea.org/amdc/
/Record/Reference/1/LicenseURL,string,https://www-nds.iaea.org/disclaimer.html
/Record/Reference/1/ANID,number,6590242
/Record/Reference/2/ReferenceNumber,number,3
/Record/Reference/2/SourceName,string,IUPAC Commission on Isotopic Abundances and Atomic Weights (CIAAW)
/Record/Reference/2/SourceID,string,a15
/Record/Reference/2/Name,string,Phosphorus
/Record/Reference/2/Description,string,Element data are cited from the Atomic weights of the elements (an IUPAC Technical Report). The IUPAC periodic table of elements can be found at https://iupac.org/what-we-do/periodic-table-of-elements/. Additional information can be found within IUPAC publication doi:10.1515/pac-2015-0703 Copyright © 2020 International Union of Pure and Applied Chemistry.
/Record/Reference/2/URL,string,https://www.ciaaw.org/phosphorus.htm
/Record/Reference/2/LicenseURL,string,http://www.ciaaw.org/bylaws.htm
/Record/Reference/2/ANID,number,2292396
/Record/Reference/3/ReferenceNumber,number,5
/Record/Reference/3/SourceName,string,"Jefferson Lab, U.S. Department of Energy"
/Record/Reference/3/SourceID,string,jlab15
/Record/Reference/3/Name,string,Phosphorus
/Record/Reference/3/Description,string,"Thomas Jefferson National Accelerator Facility (Jefferson Lab) is one of 17 national laboratories funded by the U.S. Department of Energy. The lab's primary mission is to conduct basic research of the atom's nucleus using the lab's unique particle accelerator, known as the Continuous Electron Beam Accelerator Facility (CEBAF). For more information visit https://www.jlab.org/"
/Record/Reference/3/URL,string,https://education.jlab.org/itselemental/ele015.html
/Record/Reference/3/LicenseNote,string,Please see citation and linking information: https://education.jlab.org/faq/index.html
/Record/Reference/3/LicenseURL,string,https://www.jlab.org/privacy-and-security-notice
/Record/Reference/3/ANID,number,507077
/Record/Reference/4/ReferenceNumber,number,6
/Record/Reference/4/SourceName,string,"Los Alamos National Laboratory, U.S. Department of Energy"
/Record/Reference/4/SourceID,string,lanl15
/Record/Reference/4/Name,string,Phosphorus
/Record/Reference/4/Description,string,"The periodic table at the LANL (Los Alamos National Laboratory) contains basic element information together with the history, source, properties, use, handling and more. The provenance data may be found from the link under the source name."
/Record/Reference/4/URL,string,https://periodic.lanl.gov/15.shtml
/Record/Reference/4/ANID,number,507195
/Record/Reference/5/ReferenceNumber,number,7
/Record/Reference/5/SourceName,string,NIST Physical Measurement Laboratory
/Record/Reference/5/SourceID,string,e15
/Record/Reference/5/Name,string,Phosphorus
/Record/Reference/5/Description,string,"The periodic table contains NIST's critically-evaluated data on atomic properties of the elements. The provenance data that include data for atomic spectroscopy, X-ray and gamma ray, radiation dosimetry, nuclear physics, and condensed matter physics may be found from the link under the source name. Ref: https://www.nist.gov/pml/atomic-spectra-database"
/Record/Reference/5/URL,string,https://physics.nist.gov/cgi-bin/Elements/elInfo.pl?element=15
/Record/Reference/5/LicenseURL,string,https://www.nist.gov/pml/database-disclaimer
/Record/Reference/5/ANID,number,2292632
/Record/Reference/6/ReferenceNumber,number,4
/Record/Reference/6/SourceName,string,IUPAC Periodic Table of the Elements and Isotopes (IPTEI)
/Record/Reference/6/SourceID,string,p15
/Record/Reference/6/Description,string,"The information are cited from Pure Appl. Chem. 2018; 90(12): 1833-2092, https://doi.org/10.1515/pac-2015-0703."
/Record/Reference/6/URL,string,https://doi.org/10.1515/pac-2015-0703
/Record/Reference/6/LicenseNote,string,"Copyright (c) 2020 International Union of Pure and Applied Chemistry.

The International Union of Pure and Applied Chemistry (IUPAC) contribution within Pubchem is provided under a CC-BY-NC-ND 4.0 license, unless otherwise stated."
/Record/Reference/6/LicenseURL,string,https://creativecommons.org/licenses/by-nc-nd/4.0/
/Record/Reference/6/ANID,number,13296420
/Record/Reference/7/ReferenceNumber,number,9
/Record/Reference/7/SourceName,string,PubChem Elements
/Record/Reference/7/SourceID,string,ep_15
/Record/Reference/7/Name,string,Phosphorus
/Record/Reference/7/Description,string,The element property data was retrieved from publications.
/Record/Reference/7/LicenseURL,string,https://www.nlm.nih.gov/copyright.html
/Record/Reference/7/ANID,number,24834066
/Record/Reference/8/ReferenceNumber,number,8
/Record/Reference/8/SourceName,string,PubChem Elements
/Record/Reference/8/SourceID,string,ef_15
/Record/Reference/8/Name,string,Phosphorus
/Record/Reference/8/Description,string,This section provides all form of data related to element Phosphorus.
/Record/Reference/8/LicenseURL,string,https://www.nlm.nih.gov/copyright.html
/Record/Reference/8/ANID,number,24833943
