path,type,value
/Record/RecordType,string,AtomicNumber
/Record/RecordNumber,number,70
/Record/RecordTitle,string,Ytterbium
/Record/Section/0/TOCHeading,string,Identifiers
/Record/Section/0/Description,string,"Identifiers for this element, including element name, element symbol, InChI string, and InChIKey."
/Record/Section/0/Section/0/TOCHeading,string,Element Name
/Record/Section/0/Section/0/Description,string,"The formal, standard name for a given element, originating from factors such as common usage and the person or place involved in its discovery. Element, also called chemical element, refers to a species of atom; all varieties of atoms with the same number of protons in the nucleus (but possibly a different number of neutrons) are considered to be the same element."
/Record/Section/0/Section/0/Information/0/ReferenceNumber,number,1
/Record/Section/0/Section/0/Information/0/Name,string,Element Name
/Record/Section/0/Section/0/Information/0/Value/StringWithMarkup/0/String,string,Ytterbium
/Record/Section/0/Section/0/Information/1/ReferenceNumber,number,3
/Record/Section/0/Section/0/Information/1/Name,string,Element Name
/Record/Section/0/Section/0/Information/1/Value/StringWithMarkup/0/String,string,Ytterbium
/Record/Section/0/Section/1/TOCHeading,string,Element Symbol
/Record/Section/0/Section/1/Description,string,"Element symbol, also called atomic symbol, typically consists of one or two letters from the Latin alphabet derived from the element name in one of several languages."
/Record/Section/0/Section/1/Information/0/ReferenceNumber,number,1
/Record/Section/0/Section/1/Information/0/Name,string,Element Symbol
/Record/Section/0/Section/1/Information/0/Value/StringWithMarkup/0/String,string,Yb
/Record/Section/0/Section/1/Information/1/ReferenceNumber,number,3
/Record/Section/0/Section/1/Information/1/Name,string,Element Symbol
/Record/Section/0/Section/1/Information/1/Value/StringWithMarkup/0/String,string,Yb
/Record/Section/0/Section/2/TOCHeading,string,InChI
/Record/Section/0/Section/2/Description,string,"The International Chemical Identifier (InChI) is a computed, non-proprietary identifier for a chemical structure.  The InChI is an International Union of Pure and Applied Chemistry (IUPAC) standard."
/Record/Section/0/Section/2/URL,string,https://iupac.org/who-we-are/divisions/division-details/inchi/
/Record/Section/0/Section/2/Information/0/ReferenceNumber,number,1
/Record/Section/0/Section/2/Information/0/Name,string,InChI
/Record/Section/0/Section/2/Information/0/Value/StringWithMarkup/0/String,string,InChI=1S/Yb
/Record/Section/0/Section/3/TOCHeading,string,InChIKey
/Record/Section/0/Section/3/Description,string,"An InChIKey is a 27-character hashed code derived from an InChI.  The International Chemical Identifier (InChI) is a computed, non-proprietary identifier for a chemical structure.  The InChI is an International Union of Pure and Applied Chemistry (IUPAC) standard."
/Record/Section/0/Section/3/URL,string,https://iupac.org/who-we-are/divisions/division-details/inchi/
/Record/Section/0/Section/3/Information/0/ReferenceNumber,number,1
/Record/Section/0/Section/3/Information/0/Name,string,InChIKey
/Record/Section/0/Section/3/Information/0/Value/StringWithMarkup/0/String,string,NAWDYIZEMPQZHO-UHFFFAOYSA-N
/Record/Section/1/TOCHeading,string,Properties
/Record/Section/1/Description,string,"Characteristics of this element, such as atomic number, atomic mass, density, melting point, boiling point and so on."
/Record/Section/1/Section/0/TOCHeading,string,Atomic Weight
/Record/Section/1/Section/0/Description,string,"Also called relative atomic mass, is the ratio of the average mass of the atom to the unified atomic mass unit, defined as one twelfth of the mass of a carbon-12 atom in its ground state and used to express masses of atomic particles, u=1.660 5402(10) * 10**(-27) kg. The Standard atomic weights refer to recommended values of relative atomic masses of the elements revised biennially by the IUPAC Commission on Atomic Weights and Isotopic Abundances and applicable to elements in any normal sample with a high level of confidence. The number in the parenthesis refers to an uncertainty when exists. The unit of atomic weight is the dalton or unified atomic mass unit (symbol: Da or u)."
/Record/Section/1/Section/0/Information/0/ReferenceNumber,number,3
/Record/Section/1/Section/0/Information/0/Name,string,Atomic Weight
/Record/Section/1/Section/0/Information/0/Value/StringWithMarkup/0/String,string,173.045(10)
/Record/Section/1/Section/0/Information/1/ReferenceNumber,number,5
/Record/Section/1/Section/0/Information/1/Value/StringWithMarkup/0/String,string,173.045
/Record/Section/1/Section/0/Information/2/ReferenceNumber,number,6
/Record/Section/1/Section/0/Information/2/Value/StringWithMarkup/0/String,string,173.0
/Record/Section/1/Section/0/Information/3/ReferenceNumber,number,7
/Record/Section/1/Section/0/Information/3/Value/StringWithMarkup/0/String,string,173.054(5)
/Record/Section/1/Section/1/TOCHeading,string,Electron Configuration
/Record/Section/1/Section/1/Description,string,"The electron configuration refers a distribution of the electrons of an atom or a molecular entity over a set of one-electron wavefunctions (called orbitals), according to the Pauli principle. From one configuration several states with different multiplicities may result."
/Record/Section/1/Section/1/URL,string,https://chem.libretexts.org/Courses/Sacramento_City_College/SCC%3A_Chem_420_-_Organic_Chemistry_I/Text/01%3A_Introduction_and_Review/1.04%3A_Electron_Configurations
/Record/Section/1/Section/1/Information/0/ReferenceNumber,number,6
/Record/Section/1/Section/1/Information/0/Value/StringWithMarkup/0/String,string,[Xe]6s24f14
/Record/Section/1/Section/1/Information/0/Value/StringWithMarkup/0/Markup/0/Start,number,6
/Record/Section/1/Section/1/Information/0/Value/StringWithMarkup/0/Markup/0/Length,number,1
/Record/Section/1/Section/1/Information/0/Value/StringWithMarkup/0/Markup/0/Type,string,Superscript
/Record/Section/1/Section/1/Information/0/Value/StringWithMarkup/0/Markup/1/Start,number,9
/Record/Section/1/Section/1/Information/0/Value/StringWithMarkup/0/Markup/1/Length,number,2
/Record/Section/1/Section/1/Information/0/Value/StringWithMarkup/0/Markup/1/Type,string,Superscript
/Record/Section/1/Section/2/TOCHeading,string,Atomic Radius
/Record/Section/1/Section/2/Description,string,"The atomic radius of a chemical element is a measure of the size of its atom, usually, the distance from the center of the nucleus to the outermost isolated electron.  Because an atom does not have a discrete boundary, there are various non-equivalent definitions of atomic radius, such as Van der Waals radius and covalent radius."
/Record/Section/1/Section/2/Information/0/ReferenceNumber,number,6
/Record/Section/1/Section/2/Information/0/Name,string,Van der Waals Atomic Radius
/Record/Section/1/Section/2/Information/0/Value/StringWithMarkup/0/String,string,242 pm (Van der Waals)
/Record/Section/1/Section/2/Information/1/ReferenceNumber,number,9
/Record/Section/1/Section/2/Information/1/Name,string,Empirical Atomic Radius
/Record/Section/1/Section/2/Information/1/Reference/0,string,"J.C. Slater, J Chem Phys, 1964, 41(10), 3199-3205. DOI:10.1063/1.1725697"
/Record/Section/1/Section/2/Information/1/ExtendedReference/0/Citation,string,"J.C. Slater, J Chem Phys, 1964, 41(10), 3199-3205. DOI:10.1063/1.1725697"
/Record/Section/1/Section/2/Information/1/Value/Number/0,number,175
/Record/Section/1/Section/2/Information/1/Value/Unit,string,pm (Empirical)
/Record/Section/1/Section/2/Information/2/ReferenceNumber,number,9
/Record/Section/1/Section/2/Information/2/Name,string,Covalent Atomic Radius
/Record/Section/1/Section/2/Information/2/Reference/0,string,"B. Cordero, V. Gómez, A.E. Platero-Prats, M. Revés, J. Echeverría, E. Cremades, F. Barragán, S. Alvarez, Dalton Trans. 2008, 21, 2832-2838. DOI:10.1039/b801115j PMID:18478144."
/Record/Section/1/Section/2/Information/2/ExtendedReference/0/Citation,string,"B. Cordero, V. Gómez, A.E. Platero-Prats, M. Revés, J. Echeverría, E. Cremades, F. Barragán, S. Alvarez, Dalton Trans. 2008, 21, 2832-2838. DOI:10.1039/b801115j PMID:18478144."
/Record/Section/1/Section/2/Information/2/Value/StringWithMarkup/0/String,string,187(8) pm (Covalent)
/Record/Section/1/Section/3/TOCHeading,string,Oxidation States
/Record/Section/1/Section/3/Description,string,"The oxidation state(s) that this element commonly has in a compound.  The oxidation state of an atom is defined as the hypothetical charge that would be held by that atom if all of its bonds to other atoms were completely ionic in nature. For example, the oxidation state of carbon in CO2 would be +4 since the hypothetical charge held by the carbon atom if both of the carbon-oxygen double bonds were completely ionic would be equal to +4 (each oxygen atom would hold a charge of -2 since oxygen is more electronegative than carbon)."
/Record/Section/1/Section/3/URL,string,https://chem.libretexts.org/Bookshelves/General_Chemistry/Map%3A_Chemistry_-_The_Central_Science_(Brown_et_al.)/20%3A_Electrochemistry/20.01%3A_Oxidation_States_and_Redox_Reactions
/Record/Section/1/Section/3/Information/0/ReferenceNumber,number,5
/Record/Section/1/Section/3/Information/0/Value/StringWithMarkup/0/String,string,"+3, +2"
/Record/Section/1/Section/3/Information/1/ReferenceNumber,number,6
/Record/Section/1/Section/3/Information/1/Value/StringWithMarkup/0/String,string,"3, 2"
/Record/Section/1/Section/4/TOCHeading,string,Ground Level
/Record/Section/1/Section/4/Description,string,Also called ground-state level. The ground state electron configuration is the arrangement of electrons around the nucleus of an atom with lower energy levels.
/Record/Section/1/Section/4/Information/0/ReferenceNumber,number,7
/Record/Section/1/Section/4/Information/0/Value/StringWithMarkup/0/String,string,1S0
/Record/Section/1/Section/4/Information/0/Value/StringWithMarkup/0/Markup/0/Start,number,0
/Record/Section/1/Section/4/Information/0/Value/StringWithMarkup/0/Markup/0/Length,number,1
/Record/Section/1/Section/4/Information/0/Value/StringWithMarkup/0/Markup/0/Type,string,Superscript
/Record/Section/1/Section/4/Information/0/Value/StringWithMarkup/0/Markup/1/Start,number,2
/Record/Section/1/Section/4/Information/0/Value/StringWithMarkup/0/Markup/1/Length,number,1
/Record/Section/1/Section/4/Information/0/Value/StringWithMarkup/0/Markup/1/Type,string,Subscript
/Record/Section/1/Section/5/TOCHeading,string,Ionization Energy
/Record/Section/1/Section/5/Description,string,"Ionization energy, also called ionization potential, is the amount of energy required to remove an electron from an isolated atom or molecule."
/Record/Section/1/Section/5/URL,string,https://www.britannica.com/science/ionization-energy
/Record/Section/1/Section/5/Information/0/ReferenceNumber,number,5
/Record/Section/1/Section/5/Information/0/Value/StringWithMarkup/0/String,string,6.254 eV
/Record/Section/1/Section/5/Information/1/ReferenceNumber,number,7
/Record/Section/1/Section/5/Information/1/Reference/0,string,"Highly Excited Levels of Neutral Ytterbium II. Multichannel Quantum Defect Analysis of Odd- and Even-Parity Spectra, M. Aymar, A. Débarre, and O. Robaux, J. Phys. B 13, 1089–1109 (1980) DOI:10.1088/0022-3700/13/6/016"
/Record/Section/1/Section/5/Information/1/ExtendedReference/0/Citation,string,"Highly Excited Levels of Neutral Ytterbium II. Multichannel Quantum Defect Analysis of Odd- and Even-Parity Spectra, M. Aymar, A. Débarre, and O. Robaux, J. Phys. B 13, 1089–1109 (1980) DOI:10.1088/0022-3700/13/6/016"
/Record/Section/1/Section/5/Information/1/Value/StringWithMarkup/0/String,string,6.254160 ± 0.000012 eV
/Record/Section/1/Section/6/TOCHeading,string,Atomic Spectra
/Record/Section/1/Section/6/Description,string,The spectrum of the electromagnetic radiation emitted or absorbed by an electron during transitions between different energy levels within an atom.
/Record/Section/1/Section/6/Information/0/ReferenceNumber,number,7
/Record/Section/1/Section/6/Information/0/URL,string,https://physics.nist.gov/cgi-bin/ASD/lines_hold.pl?el=Yb
/Record/Section/1/Section/6/Information/0/Value/StringWithMarkup/0/String,string,Lines Holdings
/Record/Section/1/Section/6/Information/1/ReferenceNumber,number,7
/Record/Section/1/Section/6/Information/1/URL,string,https://physics.nist.gov/cgi-bin/ASD/levels_hold.pl?el=Yb
/Record/Section/1/Section/6/Information/1/Value/StringWithMarkup/0/String,string,Levels Holdings
/Record/Section/1/Section/7/TOCHeading,string,Physical Description
/Record/Section/1/Section/7/Description,string,"The appearance or features of this element, including color, odor, state, taste and more in general."
/Record/Section/1/Section/7/Information/0/ReferenceNumber,number,5
/Record/Section/1/Section/7/Information/0/Value/StringWithMarkup/0/String,string,Solid
/Record/Section/1/Section/8/TOCHeading,string,Element Classification
/Record/Section/1/Section/8/Description,string,"Classification according to the element's chemical and physical properties, and location within the periodic table."
/Record/Section/1/Section/8/Information/0/ReferenceNumber,number,5
/Record/Section/1/Section/8/Information/0/Value/StringWithMarkup/0/String,string,Metal
/Record/Section/1/Section/9/TOCHeading,string,Element Period Number
/Record/Section/1/Section/9/Description,string,The element period number refers to a horizontal row of the periodic table. The periodic table has 7 periods.
/Record/Section/1/Section/9/Information/0/ReferenceNumber,number,5
/Record/Section/1/Section/9/Information/0/Value/StringWithMarkup/0/String,string,6
/Record/Section/1/Section/10/TOCHeading,string,Element Group Number
/Record/Section/1/Section/10/Description,string,Element group refers to a set of chemical elements in the same vertical column of the periodic table
/Record/Section/1/Section/10/Information/0/ReferenceNumber,number,5
/Record/Section/1/Section/10/Information/0/Value/StringWithMarkup/0/String,string,- Lanthanide
/Record/Section/1/Section/11/TOCHeading,string,Density
/Record/Section/1/Section/11/Description,string,This section provides information on the density of an element. It is the mass of a unit volume of the element and commonly expressed in units of kg/m3 or g/cm3.
/Record/Section/1/Section/11/URL,string,https://chem.libretexts.org/Bookshelves/Introductory_Chemistry/Map%3A_Fundamentals_of_General_Organic_and_Biological_Chemistry_(McMurry_et_al.)/01%3A_Matter_and_Measurements/1.12%3A_Density_and_Specific_Gravity
/Record/Section/1/Section/11/Information/0/ReferenceNumber,number,5
/Record/Section/1/Section/11/Information/0/Value/StringWithMarkup/0/String,string,6.90 grams per cubic centimeter
/Record/Section/1/Section/12/TOCHeading,string,Melting Point
/Record/Section/1/Section/12/Description,string,"This section provides the melting point and/or freezing point. The melting point is the temperature at which a substance changes state from solid to liquid at atmospheric pressure. When considered as the temperature of the reverse change (from liquid to solid), it is referred to as the freezing point."
/Record/Section/1/Section/12/URL,string,https://chem.libretexts.org/Bookshelves/Organic_Chemistry/Organic_Chemistry_Lab_Techniques_(Nichols)/06%3A_Miscellaneous_Techniques/6.01%3A_Melting_Point
/Record/Section/1/Section/12/Information/0/ReferenceNumber,number,5
/Record/Section/1/Section/12/Information/0/Value/StringWithMarkup/0/String,string,1092 K (819°C or 1506°F)
/Record/Section/1/Section/12/Information/1/ReferenceNumber,number,6
/Record/Section/1/Section/12/Information/1/Value/StringWithMarkup/0/String,string,819°C
/Record/Section/1/Section/13/TOCHeading,string,Boiling Point
/Record/Section/1/Section/13/Description,string,The temperature at which this element changes state from liquid to gas at a given atmospheric pressure.
/Record/Section/1/Section/13/URL,string,https://chem.libretexts.org/Bookshelves/Organic_Chemistry/Organic_Chemistry_Lab_Techniques_(Nichols)/06%3A_Miscellaneous_Techniques/6.02%3A_Boiling_Point
/Record/Section/1/Section/13/Information/0/ReferenceNumber,number,5
/Record/Section/1/Section/13/Information/0/Value/StringWithMarkup/0/String,string,1469 K (1196°C or 2185°F)
/Record/Section/1/Section/13/Information/1/ReferenceNumber,number,6
/Record/Section/1/Section/13/Information/1/Value/StringWithMarkup/0/String,string,1196°C
/Record/Section/1/Section/14/TOCHeading,string,Estimated Crustal Abundance
/Record/Section/1/Section/14/Description,string,The estimated element abundance in the earth's crust.
/Record/Section/1/Section/14/Information/0/ReferenceNumber,number,5
/Record/Section/1/Section/14/Information/0/Value/StringWithMarkup/0/String,string,3.2 milligrams per kilogram
/Record/Section/1/Section/15/TOCHeading,string,Estimated Oceanic Abundance
/Record/Section/1/Section/15/Description,string,The estimated element abundance in the earth's oceans.
/Record/Section/1/Section/15/Information/0/ReferenceNumber,number,5
/Record/Section/1/Section/15/Information/0/Value/StringWithMarkup/0/String,string,8.2×10-7 milligrams per liter
/Record/Section/1/Section/15/Information/0/Value/StringWithMarkup/0/Markup/0/Start,number,6
/Record/Section/1/Section/15/Information/0/Value/StringWithMarkup/0/Markup/0/Length,number,2
/Record/Section/1/Section/15/Information/0/Value/StringWithMarkup/0/Markup/0/Type,string,Superscript
/Record/Section/2/TOCHeading,string,History
/Record/Section/2/Description,string,The history of the discovery and use of this element.
/Record/Section/2/Information/0/ReferenceNumber,number,3
/Record/Section/2/Information/0/Name,string,History
/Record/Section/2/Information/0/Value/StringWithMarkup/0/String,string,The name derives from the Swedish village of Ytterby where the mineral ytterbite (the source of ytterbium) was originally found. It was discovered by the Swiss chemist Jean-Charles Galissard de Marignac in 1878 in erbium nitrate from gadolinite (ytterbite renamed).
/Record/Section/2/Information/1/ReferenceNumber,number,5
/Record/Section/2/Information/1/Value/StringWithMarkup/0/String,string,"The mineral gadolinite ((Ce, La, Nd, Y)2FeBe2Si2O10), discovered in a quarry near the town of Ytterby, Sweden, has been the source of a great number of rare earth elements. In 1843, Carl Gustaf Mosander, a Swedish chemist, was able to separate gadolinite into three materials, which he named yttria, erbia and terbia. As might be expected considering the similarities between their names and properties, scientists soon confused erbia and terbia and, by 1877, had reversed their names. What Mosander called erbia is now called terbia and visa versa. In 1878 Jean Charles Galissard de Marignac, a Swiss chemist, discovered that erbia was itself consisted of two components. One component was named ytterbia by Marignac while the other component retained the name erbia. Marignac believed that ytterbia was a compound of a new element, which he named ytterbium. Other chemists produced and experimented with ytterbium in an attempt to determine some of it's properties. Unfortunately, different scientists obtained different results from the same experiments. While some scientists believed that these inconsistent results were caused by poor procedures or faulty equipment, Georges Urbain, a French chemist, believed that ytterbium wasn't an element at all, but a mixture of two elements. In 1907, Urbain was able to separate ytterbium into two elements. Urbain named one of the elements neoytterbium (new ytterbium) and the other element lutecium. Chemists eventually changed the name neoytterbium back to ytterbium and changed the spelling of lutecium to lutetium. Due to his original belief of the composition of ytterbia, Marignac is credited with the discovery of ytterbium. Today, ytterbium is primarily obtained through an ion exchange process from monazite sand ((Ce, La, Th, Nd, Y)PO4), a material rich in rare earth elements."
/Record/Section/2/Information/1/Value/StringWithMarkup/0/Markup/0/Start,number,39
/Record/Section/2/Information/1/Value/StringWithMarkup/0/Markup/0/Length,number,1
/Record/Section/2/Information/1/Value/StringWithMarkup/0/Markup/0/Type,string,Subscript
/Record/Section/2/Information/1/Value/StringWithMarkup/0/Markup/1/Start,number,44
/Record/Section/2/Information/1/Value/StringWithMarkup/0/Markup/1/Length,number,1
/Record/Section/2/Information/1/Value/StringWithMarkup/0/Markup/1/Type,string,Subscript
/Record/Section/2/Information/1/Value/StringWithMarkup/0/Markup/2/Start,number,47
/Record/Section/2/Information/1/Value/StringWithMarkup/0/Markup/2/Length,number,1
/Record/Section/2/Information/1/Value/StringWithMarkup/0/Markup/2/Type,string,Subscript
/Record/Section/2/Information/1/Value/StringWithMarkup/0/Markup/3/Start,number,49
/Record/Section/2/Information/1/Value/StringWithMarkup/0/Markup/3/Length,number,2
/Record/Section/2/Information/1/Value/StringWithMarkup/0/Markup/3/Type,string,Subscript
/Record/Section/2/Information/1/Value/StringWithMarkup/0/Markup/4/Start,number,1791
/Record/Section/2/Information/1/Value/StringWithMarkup/0/Markup/4/Length,number,1
/Record/Section/2/Information/1/Value/StringWithMarkup/0/Markup/4/Type,string,Subscript
/Record/Section/2/Information/2/ReferenceNumber,number,6
/Record/Section/2/Information/2/Value/StringWithMarkup/0/String,string,"Named after Ytterby, a village in Sweden. Marignac in 1878 discovered a new component, which he called ytterbia, in the earth then known as erbia. In 1907, Urbain separated ytterbia into two components, which he called neoytterbia and lutecia. The elements in these earths are now known as ytterbium and lutetium, respectively. These elements are identical with aldebaranium and cassiopeium, discovered independently and at about the same time by von Welsbach."
/Record/Section/2/Section/0/TOCHeading,string,Historical Atomic Weights
/Record/Section/2/Section/0/Description,string,This section provides the historical atomic weights. The atomic weight shown in brackets means the value range while others shown with uncertainty in parenthesis.
/Record/Section/2/Section/0/DisplayControls/CreateTable/FromInformationIn,string,ThisSection
/Record/Section/2/Section/0/DisplayControls/CreateTable/NumberOfColumns,number,3
/Record/Section/2/Section/0/DisplayControls/CreateTable/ColumnsFromNamedLists/Name/0,string,Year
/Record/Section/2/Section/0/DisplayControls/CreateTable/ColumnsFromNamedLists/Name/1,string,Atomic Weight (uncertainty) [u]
/Record/Section/2/Section/0/DisplayControls/CreateTable/ColumnsFromNamedLists/Name/2,string,Reference
/Record/Section/2/Section/0/DisplayControls/CreateTable/ColumnsFromNamedLists/UseNamesAsColumnHeadings,boolean,true
/Record/Section/2/Section/0/Information/0/ReferenceNumber,number,3
/Record/Section/2/Section/0/Information/0/Name,string,Year
/Record/Section/2/Section/0/Information/0/Value/StringWithMarkup/0/String,string,2015
/Record/Section/2/Section/0/Information/0/Value/StringWithMarkup/1/String,string,2007
/Record/Section/2/Section/0/Information/0/Value/StringWithMarkup/2/String,string,1969
/Record/Section/2/Section/0/Information/0/Value/StringWithMarkup/3/String,string,1934
/Record/Section/2/Section/0/Information/0/Value/StringWithMarkup/4/String,string,1931
/Record/Section/2/Section/0/Information/0/Value/StringWithMarkup/5/String,string,1925
/Record/Section/2/Section/0/Information/0/Value/StringWithMarkup/6/String,string,1916
/Record/Section/2/Section/0/Information/0/Value/StringWithMarkup/7/String,string,1909
/Record/Section/2/Section/0/Information/0/Value/StringWithMarkup/8/String,string,1902
/Record/Section/2/Section/0/Information/1/ReferenceNumber,number,3
/Record/Section/2/Section/0/Information/1/Name,string,Atomic Weight (uncertainty)
/Record/Section/2/Section/0/Information/1/Value/StringWithMarkup/0/String,string,173.045(10)
/Record/Section/2/Section/0/Information/1/Value/StringWithMarkup/1/String,string,173.054(5)
/Record/Section/2/Section/0/Information/1/Value/StringWithMarkup/2/String,string,173.04(3)
/Record/Section/2/Section/0/Information/1/Value/StringWithMarkup/3/String,string,173.04
/Record/Section/2/Section/0/Information/1/Value/StringWithMarkup/4/String,string,173.5
/Record/Section/2/Section/0/Information/1/Value/StringWithMarkup/5/String,string,173.6
/Record/Section/2/Section/0/Information/1/Value/StringWithMarkup/6/String,string,173.5
/Record/Section/2/Section/0/Information/1/Value/StringWithMarkup/7/String,string,172.0
/Record/Section/2/Section/0/Information/1/Value/StringWithMarkup/8/String,string,173.0
/Record/Section/2/Section/0/Information/2/ReferenceNumber,number,3
/Record/Section/2/Section/0/Information/2/Name,string,Reference
/Record/Section/2/Section/0/Information/2/Value/StringWithMarkup/0/String,string,doi:10.1515/pac-2019-0603
/Record/Section/2/Section/0/Information/2/Value/StringWithMarkup/0/Markup/0/Start,number,0
/Record/Section/2/Section/0/Information/2/Value/StringWithMarkup/0/Markup/0/Length,number,25
/Record/Section/2/Section/0/Information/2/Value/StringWithMarkup/0/Markup/0/URL,string,https://doi.org/10.1515/pac-2019-0603
/Record/Section/2/Section/0/Information/2/Value/StringWithMarkup/1/String,string,doi:10.1351/PAC-REP-09-08-03
/Record/Section/2/Section/0/Information/2/Value/StringWithMarkup/1/Markup/0/Start,number,0
/Record/Section/2/Section/0/Information/2/Value/StringWithMarkup/1/Markup/0/Length,number,28
/Record/Section/2/Section/0/Information/2/Value/StringWithMarkup/1/Markup/0/URL,string,https://doi.org/10.1351/PAC-REP-09-08-03
/Record/Section/2/Section/0/Information/2/Value/StringWithMarkup/2/String,string,doi:10.1351/pac197021010091
/Record/Section/2/Section/0/Information/2/Value/StringWithMarkup/2/Markup/0/Start,number,0
/Record/Section/2/Section/0/Information/2/Value/StringWithMarkup/2/Markup/0/Length,number,27
/Record/Section/2/Section/0/Information/2/Value/StringWithMarkup/2/Markup/0/URL,string,https://doi.org/10.1351/pac197021010091
/Record/Section/2/Section/0/Information/2/Value/StringWithMarkup/3/String,string,doi:10.1039/JR9340000499
/Record/Section/2/Section/0/Information/2/Value/StringWithMarkup/3/Markup/0/Start,number,0
/Record/Section/2/Section/0/Information/2/Value/StringWithMarkup/3/Markup/0/Length,number,24
/Record/Section/2/Section/0/Information/2/Value/StringWithMarkup/3/Markup/0/URL,string,https://doi.org/10.1039/JR9340000499
/Record/Section/2/Section/0/Information/2/Value/StringWithMarkup/4/String,string,doi:10.1039/JR9310001617
/Record/Section/2/Section/0/Information/2/Value/StringWithMarkup/4/Markup/0/Start,number,0
/Record/Section/2/Section/0/Information/2/Value/StringWithMarkup/4/Markup/0/Length,number,24
/Record/Section/2/Section/0/Information/2/Value/StringWithMarkup/4/Markup/0/URL,string,https://doi.org/10.1039/JR9310001617
/Record/Section/2/Section/0/Information/2/Value/StringWithMarkup/5/String,string,doi:10.1039/CT9252700913
/Record/Section/2/Section/0/Information/2/Value/StringWithMarkup/5/Markup/0/Start,number,0
/Record/Section/2/Section/0/Information/2/Value/StringWithMarkup/5/Markup/0/Length,number,24
/Record/Section/2/Section/0/Information/2/Value/StringWithMarkup/5/Markup/0/URL,string,https://doi.org/10.1039/CT9252700913
/Record/Section/2/Section/0/Information/2/Value/StringWithMarkup/6/String,string,doi:10.1021/ja02176a001
/Record/Section/2/Section/0/Information/2/Value/StringWithMarkup/6/Markup/0/Start,number,0
/Record/Section/2/Section/0/Information/2/Value/StringWithMarkup/6/Markup/0/Length,number,23
/Record/Section/2/Section/0/Information/2/Value/StringWithMarkup/6/Markup/0/URL,string,https://doi.org/10.1021/ja02176a001
/Record/Section/2/Section/0/Information/2/Value/StringWithMarkup/7/String,string,doi:10.1021/ja01931a001
/Record/Section/2/Section/0/Information/2/Value/StringWithMarkup/7/Markup/0/Start,number,0
/Record/Section/2/Section/0/Information/2/Value/StringWithMarkup/7/Markup/0/Length,number,23
/Record/Section/2/Section/0/Information/2/Value/StringWithMarkup/7/Markup/0/URL,string,https://doi.org/10.1021/ja01931a001
/Record/Section/2/Section/0/Information/2/Value/StringWithMarkup/8/String,string,doi:10.1007/BF01370337
/Record/Section/2/Section/0/Information/2/Value/StringWithMarkup/8/Markup/0/Start,number,0
/Record/Section/2/Section/0/Information/2/Value/StringWithMarkup/8/Markup/0/Length,number,22
/Record/Section/2/Section/0/Information/2/Value/StringWithMarkup/8/Markup/0/URL,string,https://doi.org/10.1007/BF01370337
/Record/Section/2/Section/1/TOCHeading,string,Historical Isotopic Abundances
/Record/Section/2/Section/1/Description,string,This section provides the historical isotopic abundance information. The abundance value shown in brackets means the value range while others shown with uncertainty in parenthesis.
/Record/Section/2/Section/1/DisplayControls/CreateTable/FromInformationIn,string,ThisSection
/Record/Section/2/Section/1/DisplayControls/CreateTable/NumberOfColumns,number,4
/Record/Section/2/Section/1/DisplayControls/CreateTable/ColumnsFromNamedLists/Name/0,string,Year
/Record/Section/2/Section/1/DisplayControls/CreateTable/ColumnsFromNamedLists/Name/1,string,Isotope
/Record/Section/2/Section/1/DisplayControls/CreateTable/ColumnsFromNamedLists/Name/2,string,Abundance (uncertainty)
/Record/Section/2/Section/1/DisplayControls/CreateTable/ColumnsFromNamedLists/Name/3,string,Reference
/Record/Section/2/Section/1/DisplayControls/CreateTable/ColumnsFromNamedLists/UseNamesAsColumnHeadings,boolean,true
/Record/Section/2/Section/1/Information/0/ReferenceNumber,number,3
/Record/Section/2/Section/1/Information/0/Name,string,Year
/Record/Section/2/Section/1/Information/0/Value/StringWithMarkup/0/String,string,2015
/Record/Section/2/Section/1/Information/0/Value/StringWithMarkup/1/String,string,2015
/Record/Section/2/Section/1/Information/0/Value/StringWithMarkup/2/String,string,2015
/Record/Section/2/Section/1/Information/0/Value/StringWithMarkup/3/String,string,2015
/Record/Section/2/Section/1/Information/0/Value/StringWithMarkup/4/String,string,2015
/Record/Section/2/Section/1/Information/0/Value/StringWithMarkup/5/String,string,2015
/Record/Section/2/Section/1/Information/0/Value/StringWithMarkup/6/String,string,2015
/Record/Section/2/Section/1/Information/0/Value/StringWithMarkup/7/String,string,2013
/Record/Section/2/Section/1/Information/0/Value/StringWithMarkup/8/String,string,2013
/Record/Section/2/Section/1/Information/0/Value/StringWithMarkup/9/String,string,2013
/Record/Section/2/Section/1/Information/0/Value/StringWithMarkup/10/String,string,2013
/Record/Section/2/Section/1/Information/0/Value/StringWithMarkup/11/String,string,2013
/Record/Section/2/Section/1/Information/0/Value/StringWithMarkup/12/String,string,2013
/Record/Section/2/Section/1/Information/0/Value/StringWithMarkup/13/String,string,2013
/Record/Section/2/Section/1/Information/0/Value/StringWithMarkup/14/String,string,2009
/Record/Section/2/Section/1/Information/0/Value/StringWithMarkup/15/String,string,2009
/Record/Section/2/Section/1/Information/0/Value/StringWithMarkup/16/String,string,2009
/Record/Section/2/Section/1/Information/0/Value/StringWithMarkup/17/String,string,2009
/Record/Section/2/Section/1/Information/0/Value/StringWithMarkup/18/String,string,2009
/Record/Section/2/Section/1/Information/0/Value/StringWithMarkup/19/String,string,2009
/Record/Section/2/Section/1/Information/0/Value/StringWithMarkup/20/String,string,2009
/Record/Section/2/Section/1/Information/0/Value/StringWithMarkup/21/String,string,1997
/Record/Section/2/Section/1/Information/0/Value/StringWithMarkup/22/String,string,1997
/Record/Section/2/Section/1/Information/0/Value/StringWithMarkup/23/String,string,1997
/Record/Section/2/Section/1/Information/0/Value/StringWithMarkup/24/String,string,1997
/Record/Section/2/Section/1/Information/0/Value/StringWithMarkup/25/String,string,1997
/Record/Section/2/Section/1/Information/0/Value/StringWithMarkup/26/String,string,1997
/Record/Section/2/Section/1/Information/0/Value/StringWithMarkup/27/String,string,1997
/Record/Section/2/Section/1/Information/0/Value/StringWithMarkup/28/String,string,1989
/Record/Section/2/Section/1/Information/0/Value/StringWithMarkup/29/String,string,1989
/Record/Section/2/Section/1/Information/0/Value/StringWithMarkup/30/String,string,1989
/Record/Section/2/Section/1/Information/0/Value/StringWithMarkup/31/String,string,1989
/Record/Section/2/Section/1/Information/0/Value/StringWithMarkup/32/String,string,1989
/Record/Section/2/Section/1/Information/0/Value/StringWithMarkup/33/String,string,1989
/Record/Section/2/Section/1/Information/0/Value/StringWithMarkup/34/String,string,1989
/Record/Section/2/Section/1/Information/0/Value/StringWithMarkup/35/String,string,1979
/Record/Section/2/Section/1/Information/0/Value/StringWithMarkup/36/String,string,1979
/Record/Section/2/Section/1/Information/0/Value/StringWithMarkup/37/String,string,1979
/Record/Section/2/Section/1/Information/0/Value/StringWithMarkup/38/String,string,1979
/Record/Section/2/Section/1/Information/0/Value/StringWithMarkup/39/String,string,1979
/Record/Section/2/Section/1/Information/0/Value/StringWithMarkup/40/String,string,1979
/Record/Section/2/Section/1/Information/0/Value/StringWithMarkup/41/String,string,1979
/Record/Section/2/Section/1/Information/0/Value/StringWithMarkup/42/String,string,1975
/Record/Section/2/Section/1/Information/0/Value/StringWithMarkup/43/String,string,1975
/Record/Section/2/Section/1/Information/0/Value/StringWithMarkup/44/String,string,1975
/Record/Section/2/Section/1/Information/0/Value/StringWithMarkup/45/String,string,1975
/Record/Section/2/Section/1/Information/0/Value/StringWithMarkup/46/String,string,1975
/Record/Section/2/Section/1/Information/0/Value/StringWithMarkup/47/String,string,1975
/Record/Section/2/Section/1/Information/0/Value/StringWithMarkup/48/String,string,1975
/Record/Section/2/Section/1/Information/1/ReferenceNumber,number,3
/Record/Section/2/Section/1/Information/1/Name,string,Isotope
/Record/Section/2/Section/1/Information/1/Value/StringWithMarkup/0/String,string,168Yb
/Record/Section/2/Section/1/Information/1/Value/StringWithMarkup/0/Markup/0/Start,number,0
/Record/Section/2/Section/1/Information/1/Value/StringWithMarkup/0/Markup/0/Length,number,3
/Record/Section/2/Section/1/Information/1/Value/StringWithMarkup/0/Markup/0/Type,string,Superscript
/Record/Section/2/Section/1/Information/1/Value/StringWithMarkup/1/String,string,170Yb
/Record/Section/2/Section/1/Information/1/Value/StringWithMarkup/1/Markup/0/Start,number,0
/Record/Section/2/Section/1/Information/1/Value/StringWithMarkup/1/Markup/0/Length,number,3
/Record/Section/2/Section/1/Information/1/Value/StringWithMarkup/1/Markup/0/Type,string,Superscript
/Record/Section/2/Section/1/Information/1/Value/StringWithMarkup/2/String,string,171Yb
/Record/Section/2/Section/1/Information/1/Value/StringWithMarkup/2/Markup/0/Start,number,0
/Record/Section/2/Section/1/Information/1/Value/StringWithMarkup/2/Markup/0/Length,number,3
/Record/Section/2/Section/1/Information/1/Value/StringWithMarkup/2/Markup/0/Type,string,Superscript
/Record/Section/2/Section/1/Information/1/Value/StringWithMarkup/3/String,string,172Yb
/Record/Section/2/Section/1/Information/1/Value/StringWithMarkup/3/Markup/0/Start,number,0
/Record/Section/2/Section/1/Information/1/Value/StringWithMarkup/3/Markup/0/Length,number,3
/Record/Section/2/Section/1/Information/1/Value/StringWithMarkup/3/Markup/0/Type,string,Superscript
/Record/Section/2/Section/1/Information/1/Value/StringWithMarkup/4/String,string,173Yb
/Record/Section/2/Section/1/Information/1/Value/StringWithMarkup/4/Markup/0/Start,number,0
/Record/Section/2/Section/1/Information/1/Value/StringWithMarkup/4/Markup/0/Length,number,3
/Record/Section/2/Section/1/Information/1/Value/StringWithMarkup/4/Markup/0/Type,string,Superscript
/Record/Section/2/Section/1/Information/1/Value/StringWithMarkup/5/String,string,174Yb
/Record/Section/2/Section/1/Information/1/Value/StringWithMarkup/5/Markup/0/Start,number,0
/Record/Section/2/Section/1/Information/1/Value/StringWithMarkup/5/Markup/0/Length,number,3
/Record/Section/2/Section/1/Information/1/Value/StringWithMarkup/5/Markup/0/Type,string,Superscript
/Record/Section/2/Section/1/Information/1/Value/StringWithMarkup/6/String,string,176Yb
/Record/Section/2/Section/1/Information/1/Value/StringWithMarkup/6/Markup/0/Start,number,0
/Record/Section/2/Section/1/Information/1/Value/StringWithMarkup/6/Markup/0/Length,number,3
/Record/Section/2/Section/1/Information/1/Value/StringWithMarkup/6/Markup/0/Type,string,Superscript
/Record/Section/2/Section/1/Information/1/Value/StringWithMarkup/7/String,string,168Yb
/Record/Section/2/Section/1/Information/1/Value/StringWithMarkup/7/Markup/0/Start,number,0
/Record/Section/2/Section/1/Information/1/Value/StringWithMarkup/7/Markup/0/Length,number,3
/Record/Section/2/Section/1/Information/1/Value/StringWithMarkup/7/Markup/0/Type,string,Superscript
/Record/Section/2/Section/1/Information/1/Value/StringWithMarkup/8/String,string,170Yb
/Record/Section/2/Section/1/Information/1/Value/StringWithMarkup/8/Markup/0/Start,number,0
/Record/Section/2/Section/1/Information/1/Value/StringWithMarkup/8/Markup/0/Length,number,3
/Record/Section/2/Section/1/Information/1/Value/StringWithMarkup/8/Markup/0/Type,string,Superscript
/Record/Section/2/Section/1/Information/1/Value/StringWithMarkup/9/String,string,171Yb
/Record/Section/2/Section/1/Information/1/Value/StringWithMarkup/9/Markup/0/Start,number,0
/Record/Section/2/Section/1/Information/1/Value/StringWithMarkup/9/Markup/0/Length,number,3
/Record/Section/2/Section/1/Information/1/Value/StringWithMarkup/9/Markup/0/Type,string,Superscript
/Record/Section/2/Section/1/Information/1/Value/StringWithMarkup/10/String,string,172Yb
/Record/Section/2/Section/1/Information/1/Value/StringWithMarkup/10/Markup/0/Start,number,0
/Record/Section/2/Section/1/Information/1/Value/StringWithMarkup/10/Markup/0/Length,number,3
/Record/Section/2/Section/1/Information/1/Value/StringWithMarkup/10/Markup/0/Type,string,Superscript
/Record/Section/2/Section/1/Information/1/Value/StringWithMarkup/11/String,string,173Yb
/Record/Section/2/Section/1/Information/1/Value/StringWithMarkup/11/Markup/0/Start,number,0
/Record/Section/2/Section/1/Information/1/Value/StringWithMarkup/11/Markup/0/Length,number,3
/Record/Section/2/Section/1/Information/1/Value/StringWithMarkup/11/Markup/0/Type,string,Superscript
/Record/Section/2/Section/1/Information/1/Value/StringWithMarkup/12/String,string,174Yb
/Record/Section/2/Section/1/Information/1/Value/StringWithMarkup/12/Markup/0/Start,number,0
/Record/Section/2/Section/1/Information/1/Value/StringWithMarkup/12/Markup/0/Length,number,3
/Record/Section/2/Section/1/Information/1/Value/StringWithMarkup/12/Markup/0/Type,string,Superscript
/Record/Section/2/Section/1/Information/1/Value/StringWithMarkup/13/String,string,176Yb
/Record/Section/2/Section/1/Information/1/Value/StringWithMarkup/13/Markup/0/Start,number,0
/Record/Section/2/Section/1/Information/1/Value/StringWithMarkup/13/Markup/0/Length,number,3
/Record/Section/2/Section/1/Information/1/Value/StringWithMarkup/13/Markup/0/Type,string,Superscript
/Record/Section/2/Section/1/Information/1/Value/StringWithMarkup/14/String,string,168Yb
/Record/Section/2/Section/1/Information/1/Value/StringWithMarkup/14/Markup/0/Start,number,0
/Record/Section/2/Section/1/Information/1/Value/StringWithMarkup/14/Markup/0/Length,number,3
/Record/Section/2/Section/1/Information/1/Value/StringWithMarkup/14/Markup/0/Type,string,Superscript
/Record/Section/2/Section/1/Information/1/Value/StringWithMarkup/15/String,string,170Yb
/Record/Section/2/Section/1/Information/1/Value/StringWithMarkup/15/Markup/0/Start,number,0
/Record/Section/2/Section/1/Information/1/Value/StringWithMarkup/15/Markup/0/Length,number,3
/Record/Section/2/Section/1/Information/1/Value/StringWithMarkup/15/Markup/0/Type,string,Superscript
/Record/Section/2/Section/1/Information/1/Value/StringWithMarkup/16/String,string,171Yb
/Record/Section/2/Section/1/Information/1/Value/StringWithMarkup/16/Markup/0/Start,number,0
/Record/Section/2/Section/1/Information/1/Value/StringWithMarkup/16/Markup/0/Length,number,3
/Record/Section/2/Section/1/Information/1/Value/StringWithMarkup/16/Markup/0/Type,string,Superscript
/Record/Section/2/Section/1/Information/1/Value/StringWithMarkup/17/String,string,172Yb
/Record/Section/2/Section/1/Information/1/Value/StringWithMarkup/17/Markup/0/Start,number,0
/Record/Section/2/Section/1/Information/1/Value/StringWithMarkup/17/Markup/0/Length,number,3
/Record/Section/2/Section/1/Information/1/Value/StringWithMarkup/17/Markup/0/Type,string,Superscript
/Record/Section/2/Section/1/Information/1/Value/StringWithMarkup/18/String,string,173Yb
/Record/Section/2/Section/1/Information/1/Value/StringWithMarkup/18/Markup/0/Start,number,0
/Record/Section/2/Section/1/Information/1/Value/StringWithMarkup/18/Markup/0/Length,number,3
/Record/Section/2/Section/1/Information/1/Value/StringWithMarkup/18/Markup/0/Type,string,Superscript
/Record/Section/2/Section/1/Information/1/Value/StringWithMarkup/19/String,string,174Yb
/Record/Section/2/Section/1/Information/1/Value/StringWithMarkup/19/Markup/0/Start,number,0
/Record/Section/2/Section/1/Information/1/Value/StringWithMarkup/19/Markup/0/Length,number,3
/Record/Section/2/Section/1/Information/1/Value/StringWithMarkup/19/Markup/0/Type,string,Superscript
/Record/Section/2/Section/1/Information/1/Value/StringWithMarkup/20/String,string,176Yb
/Record/Section/2/Section/1/Information/1/Value/StringWithMarkup/20/Markup/0/Start,number,0
/Record/Section/2/Section/1/Information/1/Value/StringWithMarkup/20/Markup/0/Length,number,3
/Record/Section/2/Section/1/Information/1/Value/StringWithMarkup/20/Markup/0/Type,string,Superscript
/Record/Section/2/Section/1/Information/1/Value/StringWithMarkup/21/String,string,168Yb
/Record/Section/2/Section/1/Information/1/Value/StringWithMarkup/21/Markup/0/Start,number,0
/Record/Section/2/Section/1/Information/1/Value/StringWithMarkup/21/Markup/0/Length,number,3
/Record/Section/2/Section/1/Information/1/Value/StringWithMarkup/21/Markup/0/Type,string,Superscript
/Record/Section/2/Section/1/Information/1/Value/StringWithMarkup/22/String,string,170Yb
/Record/Section/2/Section/1/Information/1/Value/StringWithMarkup/22/Markup/0/Start,number,0
/Record/Section/2/Section/1/Information/1/Value/StringWithMarkup/22/Markup/0/Length,number,3
/Record/Section/2/Section/1/Information/1/Value/StringWithMarkup/22/Markup/0/Type,string,Superscript
/Record/Section/2/Section/1/Information/1/Value/StringWithMarkup/23/String,string,171Yb
/Record/Section/2/Section/1/Information/1/Value/StringWithMarkup/23/Markup/0/Start,number,0
/Record/Section/2/Section/1/Information/1/Value/StringWithMarkup/23/Markup/0/Length,number,3
/Record/Section/2/Section/1/Information/1/Value/StringWithMarkup/23/Markup/0/Type,string,Superscript
/Record/Section/2/Section/1/Information/1/Value/StringWithMarkup/24/String,string,172Yb
/Record/Section/2/Section/1/Information/1/Value/StringWithMarkup/24/Markup/0/Start,number,0
/Record/Section/2/Section/1/Information/1/Value/StringWithMarkup/24/Markup/0/Length,number,3
/Record/Section/2/Section/1/Information/1/Value/StringWithMarkup/24/Markup/0/Type,string,Superscript
/Record/Section/2/Section/1/Information/1/Value/StringWithMarkup/25/String,string,173Yb
/Record/Section/2/Section/1/Information/1/Value/StringWithMarkup/25/Markup/0/Start,number,0
/Record/Section/2/Section/1/Information/1/Value/StringWithMarkup/25/Markup/0/Length,number,3
/Record/Section/2/Section/1/Information/1/Value/StringWithMarkup/25/Markup/0/Type,string,Superscript
/Record/Section/2/Section/1/Information/1/Value/StringWithMarkup/26/String,string,174Yb
/Record/Section/2/Section/1/Information/1/Value/StringWithMarkup/26/Markup/0/Start,number,0
/Record/Section/2/Section/1/Information/1/Value/StringWithMarkup/26/Markup/0/Length,number,3
/Record/Section/2/Section/1/Information/1/Value/StringWithMarkup/26/Markup/0/Type,string,Superscript
/Record/Section/2/Section/1/Information/1/Value/StringWithMarkup/27/String,string,176Yb
/Record/Section/2/Section/1/Information/1/Value/StringWithMarkup/27/Markup/0/Start,number,0
/Record/Section/2/Section/1/Information/1/Value/StringWithMarkup/27/Markup/0/Length,number,3
/Record/Section/2/Section/1/Information/1/Value/StringWithMarkup/27/Markup/0/Type,string,Superscript
/Record/Section/2/Section/1/Information/1/Value/StringWithMarkup/28/String,string,168Yb
/Record/Section/2/Section/1/Information/1/Value/StringWithMarkup/28/Markup/0/Start,number,0
/Record/Section/2/Section/1/Information/1/Value/StringWithMarkup/28/Markup/0/Length,number,3
/Record/Section/2/Section/1/Information/1/Value/StringWithMarkup/28/Markup/0/Type,string,Superscript
/Record/Section/2/Section/1/Information/1/Value/StringWithMarkup/29/String,string,170Yb
/Record/Section/2/Section/1/Information/1/Value/StringWithMarkup/29/Markup/0/Start,number,0
/Record/Section/2/Section/1/Information/1/Value/StringWithMarkup/29/Markup/0/Length,number,3
/Record/Section/2/Section/1/Information/1/Value/StringWithMarkup/29/Markup/0/Type,string,Superscript
/Record/Section/2/Section/1/Information/1/Value/StringWithMarkup/30/String,string,171Yb
/Record/Section/2/Section/1/Information/1/Value/StringWithMarkup/30/Markup/0/Start,number,0
/Record/Section/2/Section/1/Information/1/Value/StringWithMarkup/30/Markup/0/Length,number,3
/Record/Section/2/Section/1/Information/1/Value/StringWithMarkup/30/Markup/0/Type,string,Superscript
/Record/Section/2/Section/1/Information/1/Value/StringWithMarkup/31/String,string,172Yb
/Record/Section/2/Section/1/Information/1/Value/StringWithMarkup/31/Markup/0/Start,number,0
/Record/Section/2/Section/1/Information/1/Value/StringWithMarkup/31/Markup/0/Length,number,3
/Record/Section/2/Section/1/Information/1/Value/StringWithMarkup/31/Markup/0/Type,string,Superscript
/Record/Section/2/Section/1/Information/1/Value/StringWithMarkup/32/String,string,173Yb
/Record/Section/2/Section/1/Information/1/Value/StringWithMarkup/32/Markup/0/Start,number,0
/Record/Section/2/Section/1/Information/1/Value/StringWithMarkup/32/Markup/0/Length,number,3
/Record/Section/2/Section/1/Information/1/Value/StringWithMarkup/32/Markup/0/Type,string,Superscript
/Record/Section/2/Section/1/Information/1/Value/StringWithMarkup/33/String,string,174Yb
/Record/Section/2/Section/1/Information/1/Value/StringWithMarkup/33/Markup/0/Start,number,0
/Record/Section/2/Section/1/Information/1/Value/StringWithMarkup/33/Markup/0/Length,number,3
/Record/Section/2/Section/1/Information/1/Value/StringWithMarkup/33/Markup/0/Type,string,Superscript
/Record/Section/2/Section/1/Information/1/Value/StringWithMarkup/34/String,string,176Yb
/Record/Section/2/Section/1/Information/1/Value/StringWithMarkup/34/Markup/0/Start,number,0
/Record/Section/2/Section/1/Information/1/Value/StringWithMarkup/34/Markup/0/Length,number,3
/Record/Section/2/Section/1/Information/1/Value/StringWithMarkup/34/Markup/0/Type,string,Superscript
/Record/Section/2/Section/1/Information/1/Value/StringWithMarkup/35/String,string,168Yb
/Record/Section/2/Section/1/Information/1/Value/StringWithMarkup/35/Markup/0/Start,number,0
/Record/Section/2/Section/1/Information/1/Value/StringWithMarkup/35/Markup/0/Length,number,3
/Record/Section/2/Section/1/Information/1/Value/StringWithMarkup/35/Markup/0/Type,string,Superscript
/Record/Section/2/Section/1/Information/1/Value/StringWithMarkup/36/String,string,170Yb
/Record/Section/2/Section/1/Information/1/Value/StringWithMarkup/36/Markup/0/Start,number,0
/Record/Section/2/Section/1/Information/1/Value/StringWithMarkup/36/Markup/0/Length,number,3
/Record/Section/2/Section/1/Information/1/Value/StringWithMarkup/36/Markup/0/Type,string,Superscript
/Record/Section/2/Section/1/Information/1/Value/StringWithMarkup/37/String,string,171Yb
/Record/Section/2/Section/1/Information/1/Value/StringWithMarkup/37/Markup/0/Start,number,0
/Record/Section/2/Section/1/Information/1/Value/StringWithMarkup/37/Markup/0/Length,number,3
/Record/Section/2/Section/1/Information/1/Value/StringWithMarkup/37/Markup/0/Type,string,Superscript
/Record/Section/2/Section/1/Information/1/Value/StringWithMarkup/38/String,string,172Yb
/Record/Section/2/Section/1/Information/1/Value/StringWithMarkup/38/Markup/0/Start,number,0
/Record/Section/2/Section/1/Information/1/Value/StringWithMarkup/38/Markup/0/Length,number,3
/Record/Section/2/Section/1/Information/1/Value/StringWithMarkup/38/Markup/0/Type,string,Superscript
/Record/Section/2/Section/1/Information/1/Value/StringWithMarkup/39/String,string,173Yb
/Record/Section/2/Section/1/Information/1/Value/StringWithMarkup/39/Markup/0/Start,number,0
/Record/Section/2/Section/1/Information/1/Value/StringWithMarkup/39/Markup/0/Length,number,3
/Record/Section/2/Section/1/Information/1/Value/StringWithMarkup/39/Markup/0/Type,string,Superscript
/Record/Section/2/Section/1/Information/1/Value/StringWithMarkup/40/String,string,174Yb
/Record/Section/2/Section/1/Information/1/Value/StringWithMarkup/40/Markup/0/Start,number,0
/Record/Section/2/Section/1/Information/1/Value/StringWithMarkup/40/Markup/0/Length,number,3
/Record/Section/2/Section/1/Information/1/Value/StringWithMarkup/40/Markup/0/Type,string,Superscript
/Record/Section/2/Section/1/Information/1/Value/StringWithMarkup/41/String,string,176Yb
/Record/Section/2/Section/1/Information/1/Value/StringWithMarkup/41/Markup/0/Start,number,0
/Record/Section/2/Section/1/Information/1/Value/StringWithMarkup/41/Markup/0/Length,number,3
/Record/Section/2/Section/1/Information/1/Value/StringWithMarkup/41/Markup/0/Type,string,Superscript
/Record/Section/2/Section/1/Information/1/Value/StringWithMarkup/42/String,string,168Yb
/Record/Section/2/Section/1/Information/1/Value/StringWithMarkup/42/Markup/0/Start,number,0
/Record/Section/2/Section/1/Information/1/Value/StringWithMarkup/42/Markup/0/Length,number,3
/Record/Section/2/Section/1/Information/1/Value/StringWithMarkup/42/Markup/0/Type,string,Superscript
/Record/Section/2/Section/1/Information/1/Value/StringWithMarkup/43/String,string,170Yb
/Record/Section/2/Section/1/Information/1/Value/StringWithMarkup/43/Markup/0/Start,number,0
/Record/Section/2/Section/1/Information/1/Value/StringWithMarkup/43/Markup/0/Length,number,3
/Record/Section/2/Section/1/Information/1/Value/StringWithMarkup/43/Markup/0/Type,string,Superscript
/Record/Section/2/Section/1/Information/1/Value/StringWithMarkup/44/String,string,171Yb
/Record/Section/2/Section/1/Information/1/Value/StringWithMarkup/44/Markup/0/Start,number,0
/Record/Section/2/Section/1/Information/1/Value/StringWithMarkup/44/Markup/0/Length,number,3
/Record/Section/2/Section/1/Information/1/Value/StringWithMarkup/44/Markup/0/Type,string,Superscript
/Record/Section/2/Section/1/Information/1/Value/StringWithMarkup/45/String,string,172Yb
/Record/Section/2/Section/1/Information/1/Value/StringWithMarkup/45/Markup/0/Start,number,0
/Record/Section/2/Section/1/Information/1/Value/StringWithMarkup/45/Markup/0/Length,number,3
/Record/Section/2/Section/1/Information/1/Value/StringWithMarkup/45/Markup/0/Type,string,Superscript
/Record/Section/2/Section/1/Information/1/Value/StringWithMarkup/46/String,string,173Yb
/Record/Section/2/Section/1/Information/1/Value/StringWithMarkup/46/Markup/0/Start,number,0
/Record/Section/2/Section/1/Information/1/Value/StringWithMarkup/46/Markup/0/Length,number,3
/Record/Section/2/Section/1/Information/1/Value/StringWithMarkup/46/Markup/0/Type,string,Superscript
/Record/Section/2/Section/1/Information/1/Value/StringWithMarkup/47/String,string,174Yb
/Record/Section/2/Section/1/Information/1/Value/StringWithMarkup/47/Markup/0/Start,number,0
/Record/Section/2/Section/1/Information/1/Value/StringWithMarkup/47/Markup/0/Length,number,3
/Record/Section/2/Section/1/Information/1/Value/StringWithMarkup/47/Markup/0/Type,string,Superscript
/Record/Section/2/Section/1/Information/1/Value/StringWithMarkup/48/String,string,176Yb
/Record/Section/2/Section/1/Information/1/Value/StringWithMarkup/48/Markup/0/Start,number,0
/Record/Section/2/Section/1/Information/1/Value/StringWithMarkup/48/Markup/0/Length,number,3
/Record/Section/2/Section/1/Information/1/Value/StringWithMarkup/48/Markup/0/Type,string,Superscript
/Record/Section/2/Section/1/Information/2/ReferenceNumber,number,3
/Record/Section/2/Section/1/Information/2/Name,string,Abundance (uncertainty)
/Record/Section/2/Section/1/Information/2/Value/StringWithMarkup/0/String,string,0.001 26(1)
/Record/Section/2/Section/1/Information/2/Value/StringWithMarkup/1/String,string,0.030 23(2)
/Record/Section/2/Section/1/Information/2/Value/StringWithMarkup/2/String,string,0.142 16(7)
/Record/Section/2/Section/1/Information/2/Value/StringWithMarkup/3/String,string,0.217 54(10)
/Record/Section/2/Section/1/Information/2/Value/StringWithMarkup/4/String,string,0.160 98(9)
/Record/Section/2/Section/1/Information/2/Value/StringWithMarkup/5/String,string,0.318 96(26)
/Record/Section/2/Section/1/Information/2/Value/StringWithMarkup/6/String,string,0.128 87(30)
/Record/Section/2/Section/1/Information/2/Value/StringWithMarkup/7/String,string,0.001 23(3)
/Record/Section/2/Section/1/Information/2/Value/StringWithMarkup/8/String,string,0.029 82(39)
/Record/Section/2/Section/1/Information/2/Value/StringWithMarkup/9/String,string,0.140 86(140)
/Record/Section/2/Section/1/Information/2/Value/StringWithMarkup/10/String,string,0.216 86(130)
/Record/Section/2/Section/1/Information/2/Value/StringWithMarkup/11/String,string,0.161 03(63)
/Record/Section/2/Section/1/Information/2/Value/StringWithMarkup/12/String,string,0.320 25(80)
/Record/Section/2/Section/1/Information/2/Value/StringWithMarkup/13/String,string,0.129 95(83)
/Record/Section/2/Section/1/Information/2/Value/StringWithMarkup/14/String,string,0.001 23(3)
/Record/Section/2/Section/1/Information/2/Value/StringWithMarkup/15/String,string,0.029 82(39)
/Record/Section/2/Section/1/Information/2/Value/StringWithMarkup/16/String,string,0.140 9(14)
/Record/Section/2/Section/1/Information/2/Value/StringWithMarkup/17/String,string,0.216 8(13)
/Record/Section/2/Section/1/Information/2/Value/StringWithMarkup/18/String,string,0.161 03(63)
/Record/Section/2/Section/1/Information/2/Value/StringWithMarkup/19/String,string,0.320 26(80)
/Record/Section/2/Section/1/Information/2/Value/StringWithMarkup/20/String,string,0.129 96(83)
/Record/Section/2/Section/1/Information/2/Value/StringWithMarkup/21/String,string,0.0013(1)
/Record/Section/2/Section/1/Information/2/Value/StringWithMarkup/22/String,string,0.0304(15)
/Record/Section/2/Section/1/Information/2/Value/StringWithMarkup/23/String,string,0.1428(57)
/Record/Section/2/Section/1/Information/2/Value/StringWithMarkup/24/String,string,0.2183(67)
/Record/Section/2/Section/1/Information/2/Value/StringWithMarkup/25/String,string,0.1613(27)
/Record/Section/2/Section/1/Information/2/Value/StringWithMarkup/26/String,string,0.3183(92)
/Record/Section/2/Section/1/Information/2/Value/StringWithMarkup/27/String,string,0.1276(41)
/Record/Section/2/Section/1/Information/2/Value/StringWithMarkup/28/String,string,0.0013(1)
/Record/Section/2/Section/1/Information/2/Value/StringWithMarkup/29/String,string,0.0305(6)
/Record/Section/2/Section/1/Information/2/Value/StringWithMarkup/30/String,string,0.143(2)
/Record/Section/2/Section/1/Information/2/Value/StringWithMarkup/31/String,string,0.219(3)
/Record/Section/2/Section/1/Information/2/Value/StringWithMarkup/32/String,string,0.1612(21)
/Record/Section/2/Section/1/Information/2/Value/StringWithMarkup/33/String,string,0.318(4)
/Record/Section/2/Section/1/Information/2/Value/StringWithMarkup/34/String,string,0.127(2)
/Record/Section/2/Section/1/Information/2/Value/StringWithMarkup/35/String,string,0.0014(1)
/Record/Section/2/Section/1/Information/2/Value/StringWithMarkup/36/String,string,0.0306(3)
/Record/Section/2/Section/1/Information/2/Value/StringWithMarkup/37/String,string,0.143(1)
/Record/Section/2/Section/1/Information/2/Value/StringWithMarkup/38/String,string,0.219(1)
/Record/Section/2/Section/1/Information/2/Value/StringWithMarkup/39/String,string,0.161(1)
/Record/Section/2/Section/1/Information/2/Value/StringWithMarkup/40/String,string,0.318(2)
/Record/Section/2/Section/1/Information/2/Value/StringWithMarkup/41/String,string,0.127(1)
/Record/Section/2/Section/1/Information/2/Value/StringWithMarkup/42/String,string,0.001
/Record/Section/2/Section/1/Information/2/Value/StringWithMarkup/43/String,string,0.031
/Record/Section/2/Section/1/Information/2/Value/StringWithMarkup/44/String,string,0.143
/Record/Section/2/Section/1/Information/2/Value/StringWithMarkup/45/String,string,0.219
/Record/Section/2/Section/1/Information/2/Value/StringWithMarkup/46/String,string,0.162
/Record/Section/2/Section/1/Information/2/Value/StringWithMarkup/47/String,string,0.317
/Record/Section/2/Section/1/Information/2/Value/StringWithMarkup/48/String,string,0.127
/Record/Section/2/Section/1/Information/3/ReferenceNumber,number,3
/Record/Section/2/Section/1/Information/3/Name,string,Reference
/Record/Section/2/Section/1/Information/3/Value/StringWithMarkup/0/String,string,
/Record/Section/2/Section/1/Information/3/Value/StringWithMarkup/1/String,string,
/Record/Section/2/Section/1/Information/3/Value/StringWithMarkup/2/String,string,
/Record/Section/2/Section/1/Information/3/Value/StringWithMarkup/3/String,string,
/Record/Section/2/Section/1/Information/3/Value/StringWithMarkup/4/String,string,
/Record/Section/2/Section/1/Information/3/Value/StringWithMarkup/5/String,string,
/Record/Section/2/Section/1/Information/3/Value/StringWithMarkup/6/String,string,
/Record/Section/2/Section/1/Information/3/Value/StringWithMarkup/7/String,string,doi:10.1515/pac-2015-0503
/Record/Section/2/Section/1/Information/3/Value/StringWithMarkup/7/Markup/0/Start,number,0
/Record/Section/2/Section/1/Information/3/Value/StringWithMarkup/7/Markup/0/Length,number,25
/Record/Section/2/Section/1/Information/3/Value/StringWithMarkup/7/Markup/0/URL,string,https://doi.org/10.1515/pac-2015-0503
/Record/Section/2/Section/1/Information/3/Value/StringWithMarkup/8/String,string,doi:10.1515/pac-2015-0503
/Record/Section/2/Section/1/Information/3/Value/StringWithMarkup/8/Markup/0/Start,number,0
/Record/Section/2/Section/1/Information/3/Value/StringWithMarkup/8/Markup/0/Length,number,25
/Record/Section/2/Section/1/Information/3/Value/StringWithMarkup/8/Markup/0/URL,string,https://doi.org/10.1515/pac-2015-0503
/Record/Section/2/Section/1/Information/3/Value/StringWithMarkup/9/String,string,doi:10.1515/pac-2015-0503
/Record/Section/2/Section/1/Information/3/Value/StringWithMarkup/9/Markup/0/Start,number,0
/Record/Section/2/Section/1/Information/3/Value/StringWithMarkup/9/Markup/0/Length,number,25
/Record/Section/2/Section/1/Information/3/Value/StringWithMarkup/9/Markup/0/URL,string,https://doi.org/10.1515/pac-2015-0503
/Record/Section/2/Section/1/Information/3/Value/StringWithMarkup/10/String,string,doi:10.1515/pac-2015-0503
/Record/Section/2/Section/1/Information/3/Value/StringWithMarkup/10/Markup/0/Start,number,0
/Record/Section/2/Section/1/Information/3/Value/StringWithMarkup/10/Markup/0/Length,number,25
/Record/Section/2/Section/1/Information/3/Value/StringWithMarkup/10/Markup/0/URL,string,https://doi.org/10.1515/pac-2015-0503
/Record/Section/2/Section/1/Information/3/Value/StringWithMarkup/11/String,string,doi:10.1515/pac-2015-0503
/Record/Section/2/Section/1/Information/3/Value/StringWithMarkup/11/Markup/0/Start,number,0
/Record/Section/2/Section/1/Information/3/Value/StringWithMarkup/11/Markup/0/Length,number,25
/Record/Section/2/Section/1/Information/3/Value/StringWithMarkup/11/Markup/0/URL,string,https://doi.org/10.1515/pac-2015-0503
/Record/Section/2/Section/1/Information/3/Value/StringWithMarkup/12/String,string,doi:10.1515/pac-2015-0503
/Record/Section/2/Section/1/Information/3/Value/StringWithMarkup/12/Markup/0/Start,number,0
/Record/Section/2/Section/1/Information/3/Value/StringWithMarkup/12/Markup/0/Length,number,25
/Record/Section/2/Section/1/Information/3/Value/StringWithMarkup/12/Markup/0/URL,string,https://doi.org/10.1515/pac-2015-0503
/Record/Section/2/Section/1/Information/3/Value/StringWithMarkup/13/String,string,doi:10.1515/pac-2015-0503
/Record/Section/2/Section/1/Information/3/Value/StringWithMarkup/13/Markup/0/Start,number,0
/Record/Section/2/Section/1/Information/3/Value/StringWithMarkup/13/Markup/0/Length,number,25
/Record/Section/2/Section/1/Information/3/Value/StringWithMarkup/13/Markup/0/URL,string,https://doi.org/10.1515/pac-2015-0503
/Record/Section/2/Section/1/Information/3/Value/StringWithMarkup/14/String,string,doi:10.1351/PAC-REP-10-06-02
/Record/Section/2/Section/1/Information/3/Value/StringWithMarkup/14/Markup/0/Start,number,0
/Record/Section/2/Section/1/Information/3/Value/StringWithMarkup/14/Markup/0/Length,number,28
/Record/Section/2/Section/1/Information/3/Value/StringWithMarkup/14/Markup/0/URL,string,https://doi.org/10.1351/PAC-REP-10-06-02
/Record/Section/2/Section/1/Information/3/Value/StringWithMarkup/15/String,string,doi:10.1351/PAC-REP-10-06-02
/Record/Section/2/Section/1/Information/3/Value/StringWithMarkup/15/Markup/0/Start,number,0
/Record/Section/2/Section/1/Information/3/Value/StringWithMarkup/15/Markup/0/Length,number,28
/Record/Section/2/Section/1/Information/3/Value/StringWithMarkup/15/Markup/0/URL,string,https://doi.org/10.1351/PAC-REP-10-06-02
/Record/Section/2/Section/1/Information/3/Value/StringWithMarkup/16/String,string,doi:10.1351/PAC-REP-10-06-02
/Record/Section/2/Section/1/Information/3/Value/StringWithMarkup/16/Markup/0/Start,number,0
/Record/Section/2/Section/1/Information/3/Value/StringWithMarkup/16/Markup/0/Length,number,28
/Record/Section/2/Section/1/Information/3/Value/StringWithMarkup/16/Markup/0/URL,string,https://doi.org/10.1351/PAC-REP-10-06-02
/Record/Section/2/Section/1/Information/3/Value/StringWithMarkup/17/String,string,doi:10.1351/PAC-REP-10-06-02
/Record/Section/2/Section/1/Information/3/Value/StringWithMarkup/17/Markup/0/Start,number,0
/Record/Section/2/Section/1/Information/3/Value/StringWithMarkup/17/Markup/0/Length,number,28
/Record/Section/2/Section/1/Information/3/Value/StringWithMarkup/17/Markup/0/URL,string,https://doi.org/10.1351/PAC-REP-10-06-02
/Record/Section/2/Section/1/Information/3/Value/StringWithMarkup/18/String,string,doi:10.1351/PAC-REP-10-06-02
/Record/Section/2/Section/1/Information/3/Value/StringWithMarkup/18/Markup/0/Start,number,0
/Record/Section/2/Section/1/Information/3/Value/StringWithMarkup/18/Markup/0/Length,number,28
/Record/Section/2/Section/1/Information/3/Value/StringWithMarkup/18/Markup/0/URL,string,https://doi.org/10.1351/PAC-REP-10-06-02
/Record/Section/2/Section/1/Information/3/Value/StringWithMarkup/19/String,string,doi:10.1351/PAC-REP-10-06-02
/Record/Section/2/Section/1/Information/3/Value/StringWithMarkup/19/Markup/0/Start,number,0
/Record/Section/2/Section/1/Information/3/Value/StringWithMarkup/19/Markup/0/Length,number,28
/Record/Section/2/Section/1/Information/3/Value/StringWithMarkup/19/Markup/0/URL,string,https://doi.org/10.1351/PAC-REP-10-06-02
/Record/Section/2/Section/1/Information/3/Value/StringWithMarkup/20/String,string,doi:10.1351/PAC-REP-10-06-02
/Record/Section/2/Section/1/Information/3/Value/StringWithMarkup/20/Markup/0/Start,number,0
/Record/Section/2/Section/1/Information/3/Value/StringWithMarkup/20/Markup/0/Length,number,28
/Record/Section/2/Section/1/Information/3/Value/StringWithMarkup/20/Markup/0/URL,string,https://doi.org/10.1351/PAC-REP-10-06-02
/Record/Section/2/Section/1/Information/3/Value/StringWithMarkup/21/String,string,doi:10.1351/pac199870010217
/Record/Section/2/Section/1/Information/3/Value/StringWithMarkup/21/Markup/0/Start,number,0
/Record/Section/2/Section/1/Information/3/Value/StringWithMarkup/21/Markup/0/Length,number,27
/Record/Section/2/Section/1/Information/3/Value/StringWithMarkup/21/Markup/0/URL,string,https://doi.org/10.1351/pac199870010217
/Record/Section/2/Section/1/Information/3/Value/StringWithMarkup/22/String,string,doi:10.1351/pac199870010217
/Record/Section/2/Section/1/Information/3/Value/StringWithMarkup/22/Markup/0/Start,number,0
/Record/Section/2/Section/1/Information/3/Value/StringWithMarkup/22/Markup/0/Length,number,27
/Record/Section/2/Section/1/Information/3/Value/StringWithMarkup/22/Markup/0/URL,string,https://doi.org/10.1351/pac199870010217
/Record/Section/2/Section/1/Information/3/Value/StringWithMarkup/23/String,string,doi:10.1351/pac199870010217
/Record/Section/2/Section/1/Information/3/Value/StringWithMarkup/23/Markup/0/Start,number,0
/Record/Section/2/Section/1/Information/3/Value/StringWithMarkup/23/Markup/0/Length,number,27
/Record/Section/2/Section/1/Information/3/Value/StringWithMarkup/23/Markup/0/URL,string,https://doi.org/10.1351/pac199870010217
/Record/Section/2/Section/1/Information/3/Value/StringWithMarkup/24/String,string,doi:10.1351/pac199870010217
/Record/Section/2/Section/1/Information/3/Value/StringWithMarkup/24/Markup/0/Start,number,0
/Record/Section/2/Section/1/Information/3/Value/StringWithMarkup/24/Markup/0/Length,number,27
/Record/Section/2/Section/1/Information/3/Value/StringWithMarkup/24/Markup/0/URL,string,https://doi.org/10.1351/pac199870010217
/Record/Section/2/Section/1/Information/3/Value/StringWithMarkup/25/String,string,doi:10.1351/pac199870010217
/Record/Section/2/Section/1/Information/3/Value/StringWithMarkup/25/Markup/0/Start,number,0
/Record/Section/2/Section/1/Information/3/Value/StringWithMarkup/25/Markup/0/Length,number,27
/Record/Section/2/Section/1/Information/3/Value/StringWithMarkup/25/Markup/0/URL,string,https://doi.org/10.1351/pac199870010217
/Record/Section/2/Section/1/Information/3/Value/StringWithMarkup/26/String,string,doi:10.1351/pac199870010217
/Record/Section/2/Section/1/Information/3/Value/StringWithMarkup/26/Markup/0/Start,number,0
/Record/Section/2/Section/1/Information/3/Value/StringWithMarkup/26/Markup/0/Length,number,27
/Record/Section/2/Section/1/Information/3/Value/StringWithMarkup/26/Markup/0/URL,string,https://doi.org/10.1351/pac199870010217
/Record/Section/2/Section/1/Information/3/Value/StringWithMarkup/27/String,string,doi:10.1351/pac199870010217
/Record/Section/2/Section/1/Information/3/Value/StringWithMarkup/27/Markup/0/Start,number,0
/Record/Section/2/Section/1/Information/3/Value/StringWithMarkup/27/Markup/0/Length,number,27
/Record/Section/2/Section/1/Information/3/Value/StringWithMarkup/27/Markup/0/URL,string,https://doi.org/10.1351/pac199870010217
/Record/Section/2/Section/1/Information/3/Value/StringWithMarkup/28/String,string,doi:10.1351/pac199163070991
/Record/Section/2/Section/1/Information/3/Value/StringWithMarkup/28/Markup/0/Start,number,0
/Record/Section/2/Section/1/Information/3/Value/StringWithMarkup/28/Markup/0/Length,number,27
/Record/Section/2/Section/1/Information/3/Value/StringWithMarkup/28/Markup/0/URL,string,https://doi.org/10.1351/pac199163070991
/Record/Section/2/Section/1/Information/3/Value/StringWithMarkup/29/String,string,doi:10.1351/pac199163070991
/Record/Section/2/Section/1/Information/3/Value/StringWithMarkup/29/Markup/0/Start,number,0
/Record/Section/2/Section/1/Information/3/Value/StringWithMarkup/29/Markup/0/Length,number,27
/Record/Section/2/Section/1/Information/3/Value/StringWithMarkup/29/Markup/0/URL,string,https://doi.org/10.1351/pac199163070991
/Record/Section/2/Section/1/Information/3/Value/StringWithMarkup/30/String,string,doi:10.1351/pac199163070991
/Record/Section/2/Section/1/Information/3/Value/StringWithMarkup/30/Markup/0/Start,number,0
/Record/Section/2/Section/1/Information/3/Value/StringWithMarkup/30/Markup/0/Length,number,27
/Record/Section/2/Section/1/Information/3/Value/StringWithMarkup/30/Markup/0/URL,string,https://doi.org/10.1351/pac199163070991
/Record/Section/2/Section/1/Information/3/Value/StringWithMarkup/31/String,string,doi:10.1351/pac199163070991
/Record/Section/2/Section/1/Information/3/Value/StringWithMarkup/31/Markup/0/Start,number,0
/Record/Section/2/Section/1/Information/3/Value/StringWithMarkup/31/Markup/0/Length,number,27
/Record/Section/2/Section/1/Information/3/Value/StringWithMarkup/31/Markup/0/URL,string,https://doi.org/10.1351/pac199163070991
/Record/Section/2/Section/1/Information/3/Value/StringWithMarkup/32/String,string,doi:10.1351/pac199163070991
/Record/Section/2/Section/1/Information/3/Value/StringWithMarkup/32/Markup/0/Start,number,0
/Record/Section/2/Section/1/Information/3/Value/StringWithMarkup/32/Markup/0/Length,number,27
/Record/Section/2/Section/1/Information/3/Value/StringWithMarkup/32/Markup/0/URL,string,https://doi.org/10.1351/pac199163070991
/Record/Section/2/Section/1/Information/3/Value/StringWithMarkup/33/String,string,doi:10.1351/pac199163070991
/Record/Section/2/Section/1/Information/3/Value/StringWithMarkup/33/Markup/0/Start,number,0
/Record/Section/2/Section/1/Information/3/Value/StringWithMarkup/33/Markup/0/Length,number,27
/Record/Section/2/Section/1/Information/3/Value/StringWithMarkup/33/Markup/0/URL,string,https://doi.org/10.1351/pac199163070991
/Record/Section/2/Section/1/Information/3/Value/StringWithMarkup/34/String,string,doi:10.1351/pac199163070991
/Record/Section/2/Section/1/Information/3/Value/StringWithMarkup/34/Markup/0/Start,number,0
/Record/Section/2/Section/1/Information/3/Value/StringWithMarkup/34/Markup/0/Length,number,27
/Record/Section/2/Section/1/Information/3/Value/StringWithMarkup/34/Markup/0/URL,string,https://doi.org/10.1351/pac199163070991
/Record/Section/2/Section/1/Information/3/Value/StringWithMarkup/35/String,string,doi:10.1351/pac198052102349
/Record/Section/2/Section/1/Information/3/Value/StringWithMarkup/35/Markup/0/Start,number,0
/Record/Section/2/Section/1/Information/3/Value/StringWithMarkup/35/Markup/0/Length,number,27
/Record/Section/2/Section/1/Information/3/Value/StringWithMarkup/35/Markup/0/URL,string,https://doi.org/10.1351/pac198052102349
/Record/Section/2/Section/1/Information/3/Value/StringWithMarkup/36/String,string,doi:10.1351/pac198052102349
/Record/Section/2/Section/1/Information/3/Value/StringWithMarkup/36/Markup/0/Start,number,0
/Record/Section/2/Section/1/Information/3/Value/StringWithMarkup/36/Markup/0/Length,number,27
/Record/Section/2/Section/1/Information/3/Value/StringWithMarkup/36/Markup/0/URL,string,https://doi.org/10.1351/pac198052102349
/Record/Section/2/Section/1/Information/3/Value/StringWithMarkup/37/String,string,doi:10.1351/pac198052102349
/Record/Section/2/Section/1/Information/3/Value/StringWithMarkup/37/Markup/0/Start,number,0
/Record/Section/2/Section/1/Information/3/Value/StringWithMarkup/37/Markup/0/Length,number,27
/Record/Section/2/Section/1/Information/3/Value/StringWithMarkup/37/Markup/0/URL,string,https://doi.org/10.1351/pac198052102349
/Record/Section/2/Section/1/Information/3/Value/StringWithMarkup/38/String,string,doi:10.1351/pac198052102349
/Record/Section/2/Section/1/Information/3/Value/StringWithMarkup/38/Markup/0/Start,number,0
/Record/Section/2/Section/1/Information/3/Value/StringWithMarkup/38/Markup/0/Length,number,27
/Record/Section/2/Section/1/Information/3/Value/StringWithMarkup/38/Markup/0/URL,string,https://doi.org/10.1351/pac198052102349
/Record/Section/2/Section/1/Information/3/Value/StringWithMarkup/39/String,string,doi:10.1351/pac198052102349
/Record/Section/2/Section/1/Information/3/Value/StringWithMarkup/39/Markup/0/Start,number,0
/Record/Section/2/Section/1/Information/3/Value/StringWithMarkup/39/Markup/0/Length,number,27
/Record/Section/2/Section/1/Information/3/Value/StringWithMarkup/39/Markup/0/URL,string,https://doi.org/10.1351/pac198052102349
/Record/Section/2/Section/1/Information/3/Value/StringWithMarkup/40/String,string,doi:10.1351/pac198052102349
/Record/Section/2/Section/1/Information/3/Value/StringWithMarkup/40/Markup/0/Start,number,0
/Record/Section/2/Section/1/Information/3/Value/StringWithMarkup/40/Markup/0/Length,number,27
/Record/Section/2/Section/1/Information/3/Value/StringWithMarkup/40/Markup/0/URL,string,https://doi.org/10.1351/pac198052102349
/Record/Section/2/Section/1/Information/3/Value/StringWithMarkup/41/String,string,doi:10.1351/pac198052102349
/Record/Section/2/Section/1/Information/3/Value/StringWithMarkup/41/Markup/0/Start,number,0
/Record/Section/2/Section/1/Information/3/Value/StringWithMarkup/41/Markup/0/Length,number,27
/Record/Section/2/Section/1/Information/3/Value/StringWithMarkup/41/Markup/0/URL,string,https://doi.org/10.1351/pac198052102349
/Record/Section/2/Section/1/Information/3/Value/StringWithMarkup/42/String,string,doi:10.1351/pac197647010075
/Record/Section/2/Section/1/Information/3/Value/StringWithMarkup/42/Markup/0/Start,number,0
/Record/Section/2/Section/1/Information/3/Value/StringWithMarkup/42/Markup/0/Length,number,27
/Record/Section/2/Section/1/Information/3/Value/StringWithMarkup/42/Markup/0/URL,string,https://doi.org/10.1351/pac197647010075
/Record/Section/2/Section/1/Information/3/Value/StringWithMarkup/43/String,string,doi:10.1351/pac197647010075
/Record/Section/2/Section/1/Information/3/Value/StringWithMarkup/43/Markup/0/Start,number,0
/Record/Section/2/Section/1/Information/3/Value/StringWithMarkup/43/Markup/0/Length,number,27
/Record/Section/2/Section/1/Information/3/Value/StringWithMarkup/43/Markup/0/URL,string,https://doi.org/10.1351/pac197647010075
/Record/Section/2/Section/1/Information/3/Value/StringWithMarkup/44/String,string,doi:10.1351/pac197647010075
/Record/Section/2/Section/1/Information/3/Value/StringWithMarkup/44/Markup/0/Start,number,0
/Record/Section/2/Section/1/Information/3/Value/StringWithMarkup/44/Markup/0/Length,number,27
/Record/Section/2/Section/1/Information/3/Value/StringWithMarkup/44/Markup/0/URL,string,https://doi.org/10.1351/pac197647010075
/Record/Section/2/Section/1/Information/3/Value/StringWithMarkup/45/String,string,doi:10.1351/pac197647010075
/Record/Section/2/Section/1/Information/3/Value/StringWithMarkup/45/Markup/0/Start,number,0
/Record/Section/2/Section/1/Information/3/Value/StringWithMarkup/45/Markup/0/Length,number,27
/Record/Section/2/Section/1/Information/3/Value/StringWithMarkup/45/Markup/0/URL,string,https://doi.org/10.1351/pac197647010075
/Record/Section/2/Section/1/Information/3/Value/StringWithMarkup/46/String,string,doi:10.1351/pac197647010075
/Record/Section/2/Section/1/Information/3/Value/StringWithMarkup/46/Markup/0/Start,number,0
/Record/Section/2/Section/1/Information/3/Value/StringWithMarkup/46/Markup/0/Length,number,27
/Record/Section/2/Section/1/Information/3/Value/StringWithMarkup/46/Markup/0/URL,string,https://doi.org/10.1351/pac197647010075
/Record/Section/2/Section/1/Information/3/Value/StringWithMarkup/47/String,string,doi:10.1351/pac197647010075
/Record/Section/2/Section/1/Information/3/Value/StringWithMarkup/47/Markup/0/Start,number,0
/Record/Section/2/Section/1/Information/3/Value/StringWithMarkup/47/Markup/0/Length,number,27
/Record/Section/2/Section/1/Information/3/Value/StringWithMarkup/47/Markup/0/URL,string,https://doi.org/10.1351/pac197647010075
/Record/Section/2/Section/1/Information/3/Value/StringWithMarkup/48/String,string,doi:10.1351/pac197647010075
/Record/Section/2/Section/1/Information/3/Value/StringWithMarkup/48/Markup/0/Start,number,0
/Record/Section/2/Section/1/Information/3/Value/StringWithMarkup/48/Markup/0/Length,number,27
/Record/Section/2/Section/1/Information/3/Value/StringWithMarkup/48/Markup/0/URL,string,https://doi.org/10.1351/pac197647010075
/Record/Section/3/TOCHeading,string,Description
/Record/Section/3/Description,string,"A short description of this element, provided by authoritative sources."
/Record/Section/3/Information/0/ReferenceNumber,number,6
/Record/Section/3/Information/0/Value/StringWithMarkup/0/String,string,"Ytterbium has a bright silvery luster, is soft, malleable, and quite ductile. Even though the element is fairly stable, it should be kept in closed containers to protect it from air and moisture. Ytterbium is readily attacked and dissolved by dilute and concentrated mineral acids and reacts slowly with water. Ytterbium has three allotropic forms with transformation points at -13°C and 795°C: The beta form is a room-temperature, face-centered, cubic modification, while the high-temperature gamma form is a body-centered cubic form. Another body-centered cubic phase has recently been found to be stable at high pressures at room temperatures. The beta form ordinarily has metallic-type conductivity, but becomes a semiconductor when the pressure is increased about 16,000 atm. The electrical resistance increases tenfold as the pressure is increased to 39,000 atm and drops to about 10% of its standard temperature-pressure resistivity at a pressure of 40,000 atm. Natural ytterbium is a mixture of seven stable isotopes. Seven other unstable isotopes are known."
/Record/Section/4/TOCHeading,string,Uses
/Record/Section/4/Description,string,Uses of this element in industry and other fields.
/Record/Section/4/Information/0/ReferenceNumber,number,5
/Record/Section/4/Information/0/Value/StringWithMarkup/0/String,string,Ytterbium has few uses. It can be alloyed with stainless steel to improve some of its mechanical properties and used as a doping agent in fiber optic cable where it can be used as an amplifier. One of ytterbium's isotopes is being considered as a radiation source for portable X-ray machines.
/Record/Section/4/Information/1/ReferenceNumber,number,6
/Record/Section/4/Information/1/Value/StringWithMarkup/0/String,string,"Ytterbium metal has possible use in improving the grain refinement, strength, and other mechanical properties of stainless steel. One isotope is reported to have been used as a radiation source substitute for a portable X-ray machine where electricity is unavailable. Few other uses have been found."
/Record/Section/5/TOCHeading,string,Sources
/Record/Section/5/Description,string,Sources of this element.
/Record/Section/5/Information/0/ReferenceNumber,number,6
/Record/Section/5/Information/0/Value/StringWithMarkup/0/String,string,"Ytterbium occurs along with other rare earths in a number of rare minerals. It is commercially recovered principally from monazite sand, which contains about 0.03%. Ion-exchange and solvent extraction techniques developed in recent years have greatly simplified the separation of the rare earths from one another."
/Record/Section/6/TOCHeading,string,Production
/Record/Section/6/Description,string,Production of this element (from raw materials or other compounds containing the element).
/Record/Section/6/Information/0/ReferenceNumber,number,6
/Record/Section/6/Information/0/Value/StringWithMarkup/0/String,string,"The element was first prepared by Klemm and Bonner in 1937 by reducing ytterbium trichloride with potassium. Their metal was mixed, however, with KCl. Daane, Dennison, and Spedding prepared a much purer from in 1953 from which the chemical and physical properties of the element could be determined."
/Record/Section/7/TOCHeading,string,Compounds
/Record/Section/7/Description,string,Compound records related to this element.
/Record/Section/7/Information/0/ReferenceNumber,number,8
/Record/Section/7/Information/0/Name,string,Compounds
/Record/Section/7/Information/0/URL,string,https://pubchem.ncbi.nlm.nih.gov/#query=Ytterbium
/Record/Section/7/Information/0/Value/StringWithMarkup/0/String,string,See more information at the Ytterbium compound page.
/Record/Section/7/Section/0/TOCHeading,string,Element Forms
/Record/Section/7/Section/0/Description,string,"Other forms of this element, including ions, isotopes, etc."
/Record/Section/7/Section/0/DisplayControls/CreateTable/FromInformationIn,string,ThisSection
/Record/Section/7/Section/0/DisplayControls/CreateTable/NumberOfColumns,number,5
/Record/Section/7/Section/0/DisplayControls/CreateTable/ColumnsFromNamedLists/Name/0,string,CID
/Record/Section/7/Section/0/DisplayControls/CreateTable/ColumnsFromNamedLists/Name/1,string,Name
/Record/Section/7/Section/0/DisplayControls/CreateTable/ColumnsFromNamedLists/Name/2,string,Formula
/Record/Section/7/Section/0/DisplayControls/CreateTable/ColumnsFromNamedLists/Name/3,string,SMILES
/Record/Section/7/Section/0/DisplayControls/CreateTable/ColumnsFromNamedLists/Name/4,string,Molecular Weight
/Record/Section/7/Section/0/DisplayControls/CreateTable/ColumnsFromNamedLists/UseNamesAsColumnHeadings,boolean,true
/Record/Section/7/Section/0/Information/0/ReferenceNumber,number,8
/Record/Section/7/Section/0/Information/0/Name,string,CID
/Record/Section/7/Section/0/Information/0/Value/StringWithMarkup/0/String,string,23992
/Record/Section/7/Section/0/Information/0/Value/StringWithMarkup/0/Markup/0/Start,number,0
/Record/Section/7/Section/0/Information/0/Value/StringWithMarkup/0/Markup/0/Length,number,5
/Record/Section/7/Section/0/Information/0/Value/StringWithMarkup/0/Markup/0/URL,string,https://pubchem.ncbi.nlm.nih.gov/compound/23992
/Record/Section/7/Section/0/Information/0/Value/StringWithMarkup/1/String,string,105055
/Record/Section/7/Section/0/Information/0/Value/StringWithMarkup/1/Markup/0/Start,number,0
/Record/Section/7/Section/0/Information/0/Value/StringWithMarkup/1/Markup/0/Length,number,6
/Record/Section/7/Section/0/Information/0/Value/StringWithMarkup/1/Markup/0/URL,string,https://pubchem.ncbi.nlm.nih.gov/compound/105055
/Record/Section/7/Section/0/Information/0/Value/StringWithMarkup/2/String,string,21868254
/Record/Section/7/Section/0/Information/0/Value/StringWithMarkup/2/Markup/0/Start,number,0
/Record/Section/7/Section/0/Information/0/Value/StringWithMarkup/2/Markup/0/Length,number,8
/Record/Section/7/Section/0/Information/0/Value/StringWithMarkup/2/Markup/0/URL,string,https://pubchem.ncbi.nlm.nih.gov/compound/21868254
/Record/Section/7/Section/0/Information/0/Value/StringWithMarkup/3/String,string,105164
/Record/Section/7/Section/0/Information/0/Value/StringWithMarkup/3/Markup/0/Start,number,0
/Record/Section/7/Section/0/Information/0/Value/StringWithMarkup/3/Markup/0/Length,number,6
/Record/Section/7/Section/0/Information/0/Value/StringWithMarkup/3/Markup/0/URL,string,https://pubchem.ncbi.nlm.nih.gov/compound/105164
/Record/Section/7/Section/0/Information/0/Value/StringWithMarkup/4/String,string,161018
/Record/Section/7/Section/0/Information/0/Value/StringWithMarkup/4/Markup/0/Start,number,0
/Record/Section/7/Section/0/Information/0/Value/StringWithMarkup/4/Markup/0/Length,number,6
/Record/Section/7/Section/0/Information/0/Value/StringWithMarkup/4/Markup/0/URL,string,https://pubchem.ncbi.nlm.nih.gov/compound/161018
/Record/Section/7/Section/0/Information/0/Value/StringWithMarkup/5/String,string,177670
/Record/Section/7/Section/0/Information/0/Value/StringWithMarkup/5/Markup/0/Start,number,0
/Record/Section/7/Section/0/Information/0/Value/StringWithMarkup/5/Markup/0/Length,number,6
/Record/Section/7/Section/0/Information/0/Value/StringWithMarkup/5/Markup/0/URL,string,https://pubchem.ncbi.nlm.nih.gov/compound/177670
/Record/Section/7/Section/0/Information/0/Value/StringWithMarkup/6/String,string,178170
/Record/Section/7/Section/0/Information/0/Value/StringWithMarkup/6/Markup/0/Start,number,0
/Record/Section/7/Section/0/Information/0/Value/StringWithMarkup/6/Markup/0/Length,number,6
/Record/Section/7/Section/0/Information/0/Value/StringWithMarkup/6/Markup/0/URL,string,https://pubchem.ncbi.nlm.nih.gov/compound/178170
/Record/Section/7/Section/0/Information/0/Value/StringWithMarkup/7/String,string,25087145
/Record/Section/7/Section/0/Information/0/Value/StringWithMarkup/7/Markup/0/Start,number,0
/Record/Section/7/Section/0/Information/0/Value/StringWithMarkup/7/Markup/0/Length,number,8
/Record/Section/7/Section/0/Information/0/Value/StringWithMarkup/7/Markup/0/URL,string,https://pubchem.ncbi.nlm.nih.gov/compound/25087145
/Record/Section/7/Section/0/Information/0/Value/StringWithMarkup/8/String,string,177448
/Record/Section/7/Section/0/Information/0/Value/StringWithMarkup/8/Markup/0/Start,number,0
/Record/Section/7/Section/0/Information/0/Value/StringWithMarkup/8/Markup/0/Length,number,6
/Record/Section/7/Section/0/Information/0/Value/StringWithMarkup/8/Markup/0/URL,string,https://pubchem.ncbi.nlm.nih.gov/compound/177448
/Record/Section/7/Section/0/Information/0/Value/StringWithMarkup/9/String,string,177488
/Record/Section/7/Section/0/Information/0/Value/StringWithMarkup/9/Markup/0/Start,number,0
/Record/Section/7/Section/0/Information/0/Value/StringWithMarkup/9/Markup/0/Length,number,6
/Record/Section/7/Section/0/Information/0/Value/StringWithMarkup/9/Markup/0/URL,string,https://pubchem.ncbi.nlm.nih.gov/compound/177488
/Record/Section/7/Section/0/Information/0/Value/StringWithMarkup/10/String,string,178161
/Record/Section/7/Section/0/Information/0/Value/StringWithMarkup/10/Markup/0/Start,number,0
/Record/Section/7/Section/0/Information/0/Value/StringWithMarkup/10/Markup/0/Length,number,6
/Record/Section/7/Section/0/Information/0/Value/StringWithMarkup/10/Markup/0/URL,string,https://pubchem.ncbi.nlm.nih.gov/compound/178161
/Record/Section/7/Section/0/Information/0/Value/StringWithMarkup/11/String,string,179417
/Record/Section/7/Section/0/Information/0/Value/StringWithMarkup/11/Markup/0/Start,number,0
/Record/Section/7/Section/0/Information/0/Value/StringWithMarkup/11/Markup/0/Length,number,6
/Record/Section/7/Section/0/Information/0/Value/StringWithMarkup/11/Markup/0/URL,string,https://pubchem.ncbi.nlm.nih.gov/compound/179417
/Record/Section/7/Section/0/Information/0/Value/StringWithMarkup/12/String,string,25087146
/Record/Section/7/Section/0/Information/0/Value/StringWithMarkup/12/Markup/0/Start,number,0
/Record/Section/7/Section/0/Information/0/Value/StringWithMarkup/12/Markup/0/Length,number,8
/Record/Section/7/Section/0/Information/0/Value/StringWithMarkup/12/Markup/0/URL,string,https://pubchem.ncbi.nlm.nih.gov/compound/25087146
/Record/Section/7/Section/0/Information/0/Value/StringWithMarkup/13/String,string,185708
/Record/Section/7/Section/0/Information/0/Value/StringWithMarkup/13/Markup/0/Start,number,0
/Record/Section/7/Section/0/Information/0/Value/StringWithMarkup/13/Markup/0/Length,number,6
/Record/Section/7/Section/0/Information/0/Value/StringWithMarkup/13/Markup/0/URL,string,https://pubchem.ncbi.nlm.nih.gov/compound/185708
/Record/Section/7/Section/0/Information/0/Value/StringWithMarkup/14/String,string,10219600
/Record/Section/7/Section/0/Information/0/Value/StringWithMarkup/14/Markup/0/Start,number,0
/Record/Section/7/Section/0/Information/0/Value/StringWithMarkup/14/Markup/0/Length,number,8
/Record/Section/7/Section/0/Information/0/Value/StringWithMarkup/14/Markup/0/URL,string,https://pubchem.ncbi.nlm.nih.gov/compound/10219600
/Record/Section/7/Section/0/Information/0/Value/StringWithMarkup/15/String,string,46898739
/Record/Section/7/Section/0/Information/0/Value/StringWithMarkup/15/Markup/0/Start,number,0
/Record/Section/7/Section/0/Information/0/Value/StringWithMarkup/15/Markup/0/Length,number,8
/Record/Section/7/Section/0/Information/0/Value/StringWithMarkup/15/Markup/0/URL,string,https://pubchem.ncbi.nlm.nih.gov/compound/46898739
/Record/Section/7/Section/0/Information/0/Value/StringWithMarkup/16/String,string,51352786
/Record/Section/7/Section/0/Information/0/Value/StringWithMarkup/16/Markup/0/Start,number,0
/Record/Section/7/Section/0/Information/0/Value/StringWithMarkup/16/Markup/0/Length,number,8
/Record/Section/7/Section/0/Information/0/Value/StringWithMarkup/16/Markup/0/URL,string,https://pubchem.ncbi.nlm.nih.gov/compound/51352786
/Record/Section/7/Section/0/Information/0/Value/StringWithMarkup/17/String,string,131708406
/Record/Section/7/Section/0/Information/0/Value/StringWithMarkup/17/Markup/0/Start,number,0
/Record/Section/7/Section/0/Information/0/Value/StringWithMarkup/17/Markup/0/Length,number,9
/Record/Section/7/Section/0/Information/0/Value/StringWithMarkup/17/Markup/0/URL,string,https://pubchem.ncbi.nlm.nih.gov/compound/131708406
/Record/Section/7/Section/0/Information/0/Value/StringWithMarkup/18/String,string,131708407
/Record/Section/7/Section/0/Information/0/Value/StringWithMarkup/18/Markup/0/Start,number,0
/Record/Section/7/Section/0/Information/0/Value/StringWithMarkup/18/Markup/0/Length,number,9
/Record/Section/7/Section/0/Information/0/Value/StringWithMarkup/18/Markup/0/URL,string,https://pubchem.ncbi.nlm.nih.gov/compound/131708407
/Record/Section/7/Section/0/Information/1/ReferenceNumber,number,8
/Record/Section/7/Section/0/Information/1/Name,string,Name
/Record/Section/7/Section/0/Information/1/Value/StringWithMarkup/0/String,string,ytterbium
/Record/Section/7/Section/0/Information/1/Value/StringWithMarkup/1/String,string,ytterbium(3+)
/Record/Section/7/Section/0/Information/1/Value/StringWithMarkup/2/String,string,ytterbium(2+)
/Record/Section/7/Section/0/Information/1/Value/StringWithMarkup/3/String,string,ytterbium-169
/Record/Section/7/Section/0/Information/1/Value/StringWithMarkup/4/String,string,ytterbium-175
/Record/Section/7/Section/0/Information/1/Value/StringWithMarkup/5/String,string,ytterbium-176
/Record/Section/7/Section/0/Information/1/Value/StringWithMarkup/6/String,string,ytterbium-177
/Record/Section/7/Section/0/Information/1/Value/StringWithMarkup/7/String,string,ytterbium-171
/Record/Section/7/Section/0/Information/1/Value/StringWithMarkup/8/String,string,ytterbium-174
/Record/Section/7/Section/0/Information/1/Value/StringWithMarkup/9/String,string,ytterbium-166
/Record/Section/7/Section/0/Information/1/Value/StringWithMarkup/10/String,string,ytterbium-167
/Record/Section/7/Section/0/Information/1/Value/StringWithMarkup/11/String,string,ytterbium-162
/Record/Section/7/Section/0/Information/1/Value/StringWithMarkup/12/String,string,ytterbium-172
/Record/Section/7/Section/0/Information/1/Value/StringWithMarkup/13/String,string,ytterbium-178
/Record/Section/7/Section/0/Information/1/Value/StringWithMarkup/14/String,string,ytterbium-168
/Record/Section/7/Section/0/Information/1/Value/StringWithMarkup/15/String,string,ytterbium-169(3+)
/Record/Section/7/Section/0/Information/1/Value/StringWithMarkup/16/String,string,ytterbium-175(3+)
/Record/Section/7/Section/0/Information/1/Value/StringWithMarkup/17/String,string,ytterbium-170
/Record/Section/7/Section/0/Information/1/Value/StringWithMarkup/18/String,string,ytterbium-173
/Record/Section/7/Section/0/Information/2/ReferenceNumber,number,8
/Record/Section/7/Section/0/Information/2/Name,string,Formula
/Record/Section/7/Section/0/Information/2/Value/StringWithMarkup/0/String,string,Yb
/Record/Section/7/Section/0/Information/2/Value/StringWithMarkup/1/String,string,Yb+3
/Record/Section/7/Section/0/Information/2/Value/StringWithMarkup/2/String,string,Yb+2
/Record/Section/7/Section/0/Information/2/Value/StringWithMarkup/3/String,string,Yb
/Record/Section/7/Section/0/Information/2/Value/StringWithMarkup/4/String,string,Yb
/Record/Section/7/Section/0/Information/2/Value/StringWithMarkup/5/String,string,Yb
/Record/Section/7/Section/0/Information/2/Value/StringWithMarkup/6/String,string,Yb
/Record/Section/7/Section/0/Information/2/Value/StringWithMarkup/7/String,string,Yb
/Record/Section/7/Section/0/Information/2/Value/StringWithMarkup/8/String,string,Yb
/Record/Section/7/Section/0/Information/2/Value/StringWithMarkup/9/String,string,Yb
/Record/Section/7/Section/0/Information/2/Value/StringWithMarkup/10/String,string,Yb
/Record/Section/7/Section/0/Information/2/Value/StringWithMarkup/11/String,string,Yb
/Record/Section/7/Section/0/Information/2/Value/StringWithMarkup/12/String,string,Yb
/Record/Section/7/Section/0/Information/2/Value/StringWithMarkup/13/String,string,Yb
/Record/Section/7/Section/0/Information/2/Value/StringWithMarkup/14/String,string,Yb
/Record/Section/7/Section/0/Information/2/Value/StringWithMarkup/15/String,string,Yb+3
/Record/Section/7/Section/0/Information/2/Value/StringWithMarkup/16/String,string,Yb+3
/Record/Section/7/Section/0/Information/2/Value/StringWithMarkup/17/String,string,Yb
/Record/Section/7/Section/0/Information/2/Value/StringWithMarkup/18/String,string,Yb
/Record/Section/7/Section/0/Information/3/ReferenceNumber,number,8
/Record/Section/7/Section/0/Information/3/Name,string,SMILES
/Record/Section/7/Section/0/Information/3/Value/StringWithMarkup/0/String,string,[Yb]
/Record/Section/7/Section/0/Information/3/Value/StringWithMarkup/1/String,string,[Yb+3]
/Record/Section/7/Section/0/Information/3/Value/StringWithMarkup/2/String,string,[Yb+2]
/Record/Section/7/Section/0/Information/3/Value/StringWithMarkup/3/String,string,[169Yb]
/Record/Section/7/Section/0/Information/3/Value/StringWithMarkup/4/String,string,[175Yb]
/Record/Section/7/Section/0/Information/3/Value/StringWithMarkup/5/String,string,[176Yb]
/Record/Section/7/Section/0/Information/3/Value/StringWithMarkup/6/String,string,[177Yb]
/Record/Section/7/Section/0/Information/3/Value/StringWithMarkup/7/String,string,[171Yb]
/Record/Section/7/Section/0/Information/3/Value/StringWithMarkup/8/String,string,[174Yb]
/Record/Section/7/Section/0/Information/3/Value/StringWithMarkup/9/String,string,[166Yb]
/Record/Section/7/Section/0/Information/3/Value/StringWithMarkup/10/String,string,[167Yb]
/Record/Section/7/Section/0/Information/3/Value/StringWithMarkup/11/String,string,[162Yb]
/Record/Section/7/Section/0/Information/3/Value/StringWithMarkup/12/String,string,[172Yb]
/Record/Section/7/Section/0/Information/3/Value/StringWithMarkup/13/String,string,[178Yb]
/Record/Section/7/Section/0/Information/3/Value/StringWithMarkup/14/String,string,[168Yb]
/Record/Section/7/Section/0/Information/3/Value/StringWithMarkup/15/String,string,[169Yb+3]
/Record/Section/7/Section/0/Information/3/Value/StringWithMarkup/16/String,string,[175Yb+3]
/Record/Section/7/Section/0/Information/3/Value/StringWithMarkup/17/String,string,[170Yb]
/Record/Section/7/Section/0/Information/3/Value/StringWithMarkup/18/String,string,[173Yb]
/Record/Section/7/Section/0/Information/4/ReferenceNumber,number,8
/Record/Section/7/Section/0/Information/4/Name,string,Molecular Weight
/Record/Section/7/Section/0/Information/4/Value/StringWithMarkup/0/String,string,173.05
/Record/Section/7/Section/0/Information/4/Value/StringWithMarkup/1/String,string,173.05
/Record/Section/7/Section/0/Information/4/Value/StringWithMarkup/2/String,string,173.05
/Record/Section/7/Section/0/Information/4/Value/StringWithMarkup/3/String,string,168.935184
/Record/Section/7/Section/0/Information/4/Value/StringWithMarkup/4/String,string,174.9412819
/Record/Section/7/Section/0/Information/4/Value/StringWithMarkup/5/String,string,175.9425747
/Record/Section/7/Section/0/Information/4/Value/StringWithMarkup/6/String,string,176.945264
/Record/Section/7/Section/0/Information/4/Value/StringWithMarkup/7/String,string,170.9363315
/Record/Section/7/Section/0/Information/4/Value/StringWithMarkup/8/String,string,173.9388675
/Record/Section/7/Section/0/Information/4/Value/StringWithMarkup/9/String,string,165.93388
/Record/Section/7/Section/0/Information/4/Value/StringWithMarkup/10/String,string,166.93495
/Record/Section/7/Section/0/Information/4/Value/StringWithMarkup/11/String,string,161.9358
/Record/Section/7/Section/0/Information/4/Value/StringWithMarkup/12/String,string,171.9363867
/Record/Section/7/Section/0/Information/4/Value/StringWithMarkup/13/String,string,177.94667
/Record/Section/7/Section/0/Information/4/Value/StringWithMarkup/14/String,string,167.933891
/Record/Section/7/Section/0/Information/4/Value/StringWithMarkup/15/String,string,168.935184
/Record/Section/7/Section/0/Information/4/Value/StringWithMarkup/16/String,string,174.9412819
/Record/Section/7/Section/0/Information/4/Value/StringWithMarkup/17/String,string,169.9347672
/Record/Section/7/Section/0/Information/4/Value/StringWithMarkup/18/String,string,172.9382162
/Record/Section/8/TOCHeading,string,Handling and Storage
/Record/Section/8/Description,string,This section provides guidance on the safe handling practices and storage conditions for this element.
/Record/Section/8/Information/0/ReferenceNumber,number,6
/Record/Section/8/Information/0/Value/StringWithMarkup/0/String,string,Ytterbium has a low acute toxic rating.
/Record/Section/9/TOCHeading,string,Isotopes
/Record/Section/9/Description,string,Isotopes are nuclides having the same atomic number but different mass numbers.  This section provides information on the isotopes of this element and their uses in various fields.
/Record/Section/9/URL,string,https://chem.libretexts.org/Courses/Furman_University/CHM101%3A_Chemistry_and_Global_Awareness_(Gordon)/03%3A_Atoms_and_the_Periodic_Table/3.05%3A_Isotopes
/Record/Section/9/Information/0/ReferenceNumber,number,5
/Record/Section/9/Information/0/Name,string,Stable Isotope Count
/Record/Section/9/Information/0/Value/StringWithMarkup/0/String,string,7
/Record/Section/9/Section/0/TOCHeading,string,Isotopes in Industry
/Record/Section/9/Section/0/Description,string,Information on the use of this element's isotopes in industry.
/Record/Section/9/Section/0/Information/0/ReferenceNumber,number,4
/Record/Section/9/Section/0/Information/0/Reference/0,string,"[491]  M. Senthilingam, L. Natrajan, B. Clegg. Chemistry in its Element-Ytterbium, Royal Society of Chemistry (2017), Feb. 25; http://www.rsc.org/periodic-table/element/70/ytterbium."
/Record/Section/9/Section/0/Information/0/Reference/1,string,"[492]  H. Yamabayashi. Radioisotopes43, 296 (1994)."
/Record/Section/9/Section/0/Information/0/Reference/2,string,"[493]  International Atomic Energy Agency. Locating and Characterizing Disused Sealed Radioactive Sources in Historical Waste, p. 23. Vienna (2008)."
/Record/Section/9/Section/0/Information/0/Reference/3,string,"[494]  D. Vnuk. “Acoustic techniques for localizing holdup”, in 37th Annual Meeting of the Institute of Nuclear Materials Management."
/Record/Section/9/Section/0/Information/0/Reference/4,string,"[495]  T. H. Yoon, C. Y. Park. Laser Phys.15, 1087 (2005)."
/Record/Section/9/Section/0/Information/0/Reference/5,string,"[496]  Physics Laboratory, Time & Frequency Division. Yb Lattice Clock, National Institute of Standards and Technology (2017), Feb. 25; https://www.nist.gov/programs-projects/yb-lattice-clock."
/Record/Section/9/Section/0/Information/0/Reference/6,string,"[497]  National Institute of Standards and Technology. Experimental Atomic Clock Uses Ytterbium ‘Pancakes’, National Institute of Standards and Technology (2017), Feb. 25; https://www.eurekalert.org/pub_releases/2006-03/nios-eac030606.php."
/Record/Section/9/Section/0/Information/0/ExtendedReference/0/Citation,string,"[491]  M. Senthilingam, L. Natrajan, B. Clegg. Chemistry in its Element-Ytterbium, Royal Society of Chemistry (2017), Feb. 25; http://www.rsc.org/periodic-table/element/70/ytterbium."
/Record/Section/9/Section/0/Information/0/ExtendedReference/1/Citation,string,"[492]  H. Yamabayashi. Radioisotopes43, 296 (1994)."
/Record/Section/9/Section/0/Information/0/ExtendedReference/2/Citation,string,"[493]  International Atomic Energy Agency. Locating and Characterizing Disused Sealed Radioactive Sources in Historical Waste, p. 23. Vienna (2008)."
/Record/Section/9/Section/0/Information/0/ExtendedReference/3/Citation,string,"[494]  D. Vnuk. “Acoustic techniques for localizing holdup”, in 37th Annual Meeting of the Institute of Nuclear Materials Management."
/Record/Section/9/Section/0/Information/0/ExtendedReference/4/Citation,string,"[495]  T. H. Yoon, C. Y. Park. Laser Phys.15, 1087 (2005)."
/Record/Section/9/Section/0/Information/0/ExtendedReference/5/Citation,string,"[496]  Physics Laboratory, Time & Frequency Division. Yb Lattice Clock, National Institute of Standards and Technology (2017), Feb. 25; https://www.nist.gov/programs-projects/yb-lattice-clock."
/Record/Section/9/Section/0/Information/0/ExtendedReference/6/Citation,string,"[497]  National Institute of Standards and Technology. Experimental Atomic Clock Uses Ytterbium ‘Pancakes’, National Institute of Standards and Technology (2017), Feb. 25; https://www.eurekalert.org/pub_releases/2006-03/nios-eac030606.php."
/Record/Section/9/Section/0/Information/0/Value/StringWithMarkup/0/String,string,"169Yb (with a half-life of 32 days) emits gamma rays and can be used to create a radiographic image of an object without the use of electricity. A capsule containing 169Yb is placed on one side of the object being screened and photographic film is placed on the other. The result will indicate flaws in metal casting or welded joints [491], [492]. Gamma cameras use 169Yb as a radiation source (Fig. IUPAC.70.1). Gamma cameras are used to locate sealed radioactive sources and hot spots in historical waste. Images of the gamma ray intensity are made and then the 2-D distribution is superimposed on a picture or video image [493], [494]."
/Record/Section/9/Section/0/Information/0/Value/StringWithMarkup/0/Markup/0/Start,number,0
/Record/Section/9/Section/0/Information/0/Value/StringWithMarkup/0/Markup/0/Length,number,3
/Record/Section/9/Section/0/Information/0/Value/StringWithMarkup/0/Markup/0/Type,string,Superscript
/Record/Section/9/Section/0/Information/0/Value/StringWithMarkup/0/Markup/1/Start,number,166
/Record/Section/9/Section/0/Information/0/Value/StringWithMarkup/0/Markup/1/Length,number,3
/Record/Section/9/Section/0/Information/0/Value/StringWithMarkup/0/Markup/1/Type,string,Superscript
/Record/Section/9/Section/0/Information/0/Value/StringWithMarkup/0/Markup/2/Start,number,366
/Record/Section/9/Section/0/Information/0/Value/StringWithMarkup/0/Markup/2/Length,number,3
/Record/Section/9/Section/0/Information/0/Value/StringWithMarkup/0/Markup/2/Type,string,Superscript
/Record/Section/9/Section/0/Information/0/Value/StringWithMarkup/1/String,string,"171Yb has been used for making an atomic clock by making use of a ytterbium optical lattice (formed by the interference of counter-propagating laser beams) (Fig. IUPAC.70.2) [495], [496], [497]."
/Record/Section/9/Section/0/Information/0/Value/StringWithMarkup/1/Markup/0/Start,number,0
/Record/Section/9/Section/0/Information/0/Value/StringWithMarkup/1/Markup/0/Length,number,3
/Record/Section/9/Section/0/Information/0/Value/StringWithMarkup/1/Markup/0/Type,string,Superscript
/Record/Section/9/Section/0/Information/0/Value/StringWithMarkup/2/String,string,          
/Record/Section/9/Section/0/Information/0/Value/StringWithMarkup/2/Markup/0/Start,number,0
/Record/Section/9/Section/0/Information/0/Value/StringWithMarkup/2/Markup/0/Length,number,1
/Record/Section/9/Section/0/Information/0/Value/StringWithMarkup/2/Markup/0/URL,string,https://pubchem.ncbi.nlm.nih.gov/images/iupac/j_pac-2015-0703_fig_097.jpg
/Record/Section/9/Section/0/Information/0/Value/StringWithMarkup/2/Markup/0/Type,string,Image
/Record/Section/9/Section/0/Information/0/Value/StringWithMarkup/2/Markup/0/Size,string,1417x654
/Record/Section/9/Section/0/Information/0/Value/StringWithMarkup/2/Markup/0/Caption,string,"Fig. IUPAC.70.1: Gamma cameras are typically used to identify radioactive holdup (material that does not come out of a process as product or waste). The picture to the left is of a tank and the picture to the right shows the radioactivity in the tank. (Photo Source: International Atomic Energy Agency, 2008) [493]. "
/Record/Section/9/Section/0/Information/0/Value/StringWithMarkup/3/String,string,          
/Record/Section/9/Section/0/Information/0/Value/StringWithMarkup/3/Markup/0/Start,number,0
/Record/Section/9/Section/0/Information/0/Value/StringWithMarkup/3/Markup/0/Length,number,1
/Record/Section/9/Section/0/Information/0/Value/StringWithMarkup/3/Markup/0/URL,string,https://pubchem.ncbi.nlm.nih.gov/images/iupac/j_pac-2015-0703_fig_098.jpg
/Record/Section/9/Section/0/Information/0/Value/StringWithMarkup/3/Markup/0/Type,string,Image
/Record/Section/9/Section/0/Information/0/Value/StringWithMarkup/3/Markup/0/Size,string,945x707
/Record/Section/9/Section/0/Information/0/Value/StringWithMarkup/3/Markup/0/Caption,string,"Fig. IUPAC.70.2: The insides of the National Institute of Standards and Technology’s (NIST) optical atomic clock. The red rings are magnetic coils and the red laser beam is an optical lattice. The intersecting violet lasers cool the ytterbium atoms. (Image Source: National Institute of Standards and Technology, 2006) [497]. "
/Record/Section/9/Section/1/TOCHeading,string,Isotopes in Medicine
/Record/Section/9/Section/1/Description,string,Information on the use of this element's isotopes in medicine.
/Record/Section/9/Section/1/Information/0/ReferenceNumber,number,4
/Record/Section/9/Section/1/Information/0/Reference/0,string,"[498]  International Atomic Energy Agency. Production Techniques and Quality Control of Sealed Radioactive Sources of Palladium-103, Iodine-125, Iridium-192 and Ytterbium-169, IAEA-TECDOC-1512, International Atomic Energy Agency Vienna (2006)."
/Record/Section/9/Section/1/Information/0/Reference/1,string,"[499]  G. R. Lazarescu, J. J. Battista. Phys. Med. Biol.42, 1727 (1997)."
/Record/Section/9/Section/1/Information/0/ExtendedReference/0/Citation,string,"[498]  International Atomic Energy Agency. Production Techniques and Quality Control of Sealed Radioactive Sources of Palladium-103, Iodine-125, Iridium-192 and Ytterbium-169, IAEA-TECDOC-1512, International Atomic Energy Agency Vienna (2006)."
/Record/Section/9/Section/1/Information/0/ExtendedReference/1/Citation,string,"[499]  G. R. Lazarescu, J. J. Battista. Phys. Med. Biol.42, 1727 (1997)."
/Record/Section/9/Section/1/Information/0/Value/StringWithMarkup/0/String,string,"In the treatment of prostate cancer with brachytherapy seed implants, 169Yb has been suggested as an alternative to using 125I and 103Pd [498], [499]."
/Record/Section/9/Section/1/Information/0/Value/StringWithMarkup/0/Markup/0/Start,number,70
/Record/Section/9/Section/1/Information/0/Value/StringWithMarkup/0/Markup/0/Length,number,3
/Record/Section/9/Section/1/Information/0/Value/StringWithMarkup/0/Markup/0/Type,string,Superscript
/Record/Section/9/Section/1/Information/0/Value/StringWithMarkup/0/Markup/1/Start,number,122
/Record/Section/9/Section/1/Information/0/Value/StringWithMarkup/0/Markup/1/Length,number,3
/Record/Section/9/Section/1/Information/0/Value/StringWithMarkup/0/Markup/1/Type,string,Superscript
/Record/Section/9/Section/1/Information/0/Value/StringWithMarkup/0/Markup/2/Start,number,131
/Record/Section/9/Section/1/Information/0/Value/StringWithMarkup/0/Markup/2/Length,number,3
/Record/Section/9/Section/1/Information/0/Value/StringWithMarkup/0/Markup/2/Type,string,Superscript
/Record/Section/9/Section/2/TOCHeading,string,Isotopes Used as a Source of Radioactive Isotope(s)
/Record/Section/9/Section/2/Description,string,Information on the use of this element's isotopes to generate radioactive isotopes.
/Record/Section/9/Section/2/Information/0/ReferenceNumber,number,4
/Record/Section/9/Section/2/Information/0/Value/StringWithMarkup/0/String,string,"The radioisotope 169Yb is manufactured using 168Yb via the reaction 168Yb (n, γ) 169Yb."
/Record/Section/9/Section/2/Information/0/Value/StringWithMarkup/0/Markup/0/Start,number,17
/Record/Section/9/Section/2/Information/0/Value/StringWithMarkup/0/Markup/0/Length,number,3
/Record/Section/9/Section/2/Information/0/Value/StringWithMarkup/0/Markup/0/Type,string,Superscript
/Record/Section/9/Section/2/Information/0/Value/StringWithMarkup/0/Markup/1/Start,number,45
/Record/Section/9/Section/2/Information/0/Value/StringWithMarkup/0/Markup/1/Length,number,3
/Record/Section/9/Section/2/Information/0/Value/StringWithMarkup/0/Markup/1/Type,string,Superscript
/Record/Section/9/Section/2/Information/0/Value/StringWithMarkup/0/Markup/2/Start,number,68
/Record/Section/9/Section/2/Information/0/Value/StringWithMarkup/0/Markup/2/Length,number,3
/Record/Section/9/Section/2/Information/0/Value/StringWithMarkup/0/Markup/2/Type,string,Superscript
/Record/Section/9/Section/2/Information/0/Value/StringWithMarkup/0/Markup/3/Start,number,81
/Record/Section/9/Section/2/Information/0/Value/StringWithMarkup/0/Markup/3/Length,number,3
/Record/Section/9/Section/2/Information/0/Value/StringWithMarkup/0/Markup/3/Type,string,Superscript
/Record/Section/9/Section/3/TOCHeading,string,Isotope Mass and Abundance
/Record/Section/9/Section/3/Description,string,Atomic mass and abundance (composition) information for a given isotope/nuclide. The number in the parenthesis refers to an uncertainty when exist. The unit of atomic weight is the unified atomic mass unit (u) or dalton (Da). 
/Record/Section/9/Section/3/DisplayControls/CreateTable/FromInformationIn,string,ThisSection
/Record/Section/9/Section/3/DisplayControls/CreateTable/NumberOfColumns,number,3
/Record/Section/9/Section/3/DisplayControls/CreateTable/ColumnsFromNamedLists/Name/0,string,Isotope
/Record/Section/9/Section/3/DisplayControls/CreateTable/ColumnsFromNamedLists/Name/1,string,Atomic Mass (uncertainty) [u]
/Record/Section/9/Section/3/DisplayControls/CreateTable/ColumnsFromNamedLists/Name/2,string,Abundance (uncertainty)
/Record/Section/9/Section/3/DisplayControls/CreateTable/ColumnsFromNamedLists/UseNamesAsColumnHeadings,boolean,true
/Record/Section/9/Section/3/Information/0/ReferenceNumber,number,3
/Record/Section/9/Section/3/Information/0/Name,string,Isotope
/Record/Section/9/Section/3/Information/0/Value/StringWithMarkup/0/String,string, 168Yb
/Record/Section/9/Section/3/Information/0/Value/StringWithMarkup/0/Markup/0/Start,number,0
/Record/Section/9/Section/3/Information/0/Value/StringWithMarkup/0/Markup/0/Length,number,4
/Record/Section/9/Section/3/Information/0/Value/StringWithMarkup/0/Markup/0/Type,string,Superscript
/Record/Section/9/Section/3/Information/0/Value/StringWithMarkup/1/String,string, 170Yb
/Record/Section/9/Section/3/Information/0/Value/StringWithMarkup/1/Markup/0/Start,number,0
/Record/Section/9/Section/3/Information/0/Value/StringWithMarkup/1/Markup/0/Length,number,4
/Record/Section/9/Section/3/Information/0/Value/StringWithMarkup/1/Markup/0/Type,string,Superscript
/Record/Section/9/Section/3/Information/0/Value/StringWithMarkup/2/String,string, 171Yb
/Record/Section/9/Section/3/Information/0/Value/StringWithMarkup/2/Markup/0/Start,number,0
/Record/Section/9/Section/3/Information/0/Value/StringWithMarkup/2/Markup/0/Length,number,4
/Record/Section/9/Section/3/Information/0/Value/StringWithMarkup/2/Markup/0/Type,string,Superscript
/Record/Section/9/Section/3/Information/0/Value/StringWithMarkup/3/String,string, 172Yb
/Record/Section/9/Section/3/Information/0/Value/StringWithMarkup/3/Markup/0/Start,number,0
/Record/Section/9/Section/3/Information/0/Value/StringWithMarkup/3/Markup/0/Length,number,4
/Record/Section/9/Section/3/Information/0/Value/StringWithMarkup/3/Markup/0/Type,string,Superscript
/Record/Section/9/Section/3/Information/0/Value/StringWithMarkup/4/String,string, 173Yb
/Record/Section/9/Section/3/Information/0/Value/StringWithMarkup/4/Markup/0/Start,number,0
/Record/Section/9/Section/3/Information/0/Value/StringWithMarkup/4/Markup/0/Length,number,4
/Record/Section/9/Section/3/Information/0/Value/StringWithMarkup/4/Markup/0/Type,string,Superscript
/Record/Section/9/Section/3/Information/0/Value/StringWithMarkup/5/String,string, 174Yb
/Record/Section/9/Section/3/Information/0/Value/StringWithMarkup/5/Markup/0/Start,number,0
/Record/Section/9/Section/3/Information/0/Value/StringWithMarkup/5/Markup/0/Length,number,4
/Record/Section/9/Section/3/Information/0/Value/StringWithMarkup/5/Markup/0/Type,string,Superscript
/Record/Section/9/Section/3/Information/0/Value/StringWithMarkup/6/String,string, 176Yb
/Record/Section/9/Section/3/Information/0/Value/StringWithMarkup/6/Markup/0/Start,number,0
/Record/Section/9/Section/3/Information/0/Value/StringWithMarkup/6/Markup/0/Length,number,4
/Record/Section/9/Section/3/Information/0/Value/StringWithMarkup/6/Markup/0/Type,string,Superscript
/Record/Section/9/Section/3/Information/1/ReferenceNumber,number,3
/Record/Section/9/Section/3/Information/1/Name,string,Atomic Mass (uncertainty)
/Record/Section/9/Section/3/Information/1/Value/StringWithMarkup/0/String,string,167.933 889(8)
/Record/Section/9/Section/3/Information/1/Value/StringWithMarkup/1/String,string,169.934 767 25(7)
/Record/Section/9/Section/3/Information/1/Value/StringWithMarkup/2/String,string,170.936 331 52(9)
/Record/Section/9/Section/3/Information/1/Value/StringWithMarkup/3/String,string,171.936 386 66(9)
/Record/Section/9/Section/3/Information/1/Value/StringWithMarkup/4/String,string,172.938 216 22(8)
/Record/Section/9/Section/3/Information/1/Value/StringWithMarkup/5/String,string,173.938 867 55(8)
/Record/Section/9/Section/3/Information/1/Value/StringWithMarkup/6/String,string,175.942 5747(1)
/Record/Section/9/Section/3/Information/2/ReferenceNumber,number,3
/Record/Section/9/Section/3/Information/2/Name,string,Abundance (uncertainty)
/Record/Section/9/Section/3/Information/2/Value/StringWithMarkup/0/String,string,0.001 26(1)
/Record/Section/9/Section/3/Information/2/Value/StringWithMarkup/1/String,string,0.030 23(2)
/Record/Section/9/Section/3/Information/2/Value/StringWithMarkup/2/String,string,0.142 16(7)
/Record/Section/9/Section/3/Information/2/Value/StringWithMarkup/3/String,string,0.217 54(10)
/Record/Section/9/Section/3/Information/2/Value/StringWithMarkup/4/String,string,0.160 98(9)
/Record/Section/9/Section/3/Information/2/Value/StringWithMarkup/5/String,string,0.318 96(26)
/Record/Section/9/Section/3/Information/2/Value/StringWithMarkup/6/String,string,0.128 87(30)
/Record/Section/9/Section/3/Information/3/ReferenceNumber,number,7
/Record/Section/9/Section/3/Information/3/Name,string,Isotope
/Record/Section/9/Section/3/Information/3/Value/StringWithMarkup/0/String,string,168Yb
/Record/Section/9/Section/3/Information/3/Value/StringWithMarkup/0/Markup/0/Start,number,0
/Record/Section/9/Section/3/Information/3/Value/StringWithMarkup/0/Markup/0/Length,number,3
/Record/Section/9/Section/3/Information/3/Value/StringWithMarkup/0/Markup/0/Type,string,Superscript
/Record/Section/9/Section/3/Information/3/Value/StringWithMarkup/1/String,string,170Yb
/Record/Section/9/Section/3/Information/3/Value/StringWithMarkup/1/Markup/0/Start,number,0
/Record/Section/9/Section/3/Information/3/Value/StringWithMarkup/1/Markup/0/Length,number,3
/Record/Section/9/Section/3/Information/3/Value/StringWithMarkup/1/Markup/0/Type,string,Superscript
/Record/Section/9/Section/3/Information/3/Value/StringWithMarkup/2/String,string,171Yb
/Record/Section/9/Section/3/Information/3/Value/StringWithMarkup/2/Markup/0/Start,number,0
/Record/Section/9/Section/3/Information/3/Value/StringWithMarkup/2/Markup/0/Length,number,3
/Record/Section/9/Section/3/Information/3/Value/StringWithMarkup/2/Markup/0/Type,string,Superscript
/Record/Section/9/Section/3/Information/3/Value/StringWithMarkup/3/String,string,172Yb
/Record/Section/9/Section/3/Information/3/Value/StringWithMarkup/3/Markup/0/Start,number,0
/Record/Section/9/Section/3/Information/3/Value/StringWithMarkup/3/Markup/0/Length,number,3
/Record/Section/9/Section/3/Information/3/Value/StringWithMarkup/3/Markup/0/Type,string,Superscript
/Record/Section/9/Section/3/Information/3/Value/StringWithMarkup/4/String,string,173Yb
/Record/Section/9/Section/3/Information/3/Value/StringWithMarkup/4/Markup/0/Start,number,0
/Record/Section/9/Section/3/Information/3/Value/StringWithMarkup/4/Markup/0/Length,number,3
/Record/Section/9/Section/3/Information/3/Value/StringWithMarkup/4/Markup/0/Type,string,Superscript
/Record/Section/9/Section/3/Information/3/Value/StringWithMarkup/5/String,string,174Yb
/Record/Section/9/Section/3/Information/3/Value/StringWithMarkup/5/Markup/0/Start,number,0
/Record/Section/9/Section/3/Information/3/Value/StringWithMarkup/5/Markup/0/Length,number,3
/Record/Section/9/Section/3/Information/3/Value/StringWithMarkup/5/Markup/0/Type,string,Superscript
/Record/Section/9/Section/3/Information/3/Value/StringWithMarkup/6/String,string,176Yb
/Record/Section/9/Section/3/Information/3/Value/StringWithMarkup/6/Markup/0/Start,number,0
/Record/Section/9/Section/3/Information/3/Value/StringWithMarkup/6/Markup/0/Length,number,3
/Record/Section/9/Section/3/Information/3/Value/StringWithMarkup/6/Markup/0/Type,string,Superscript
/Record/Section/9/Section/3/Information/4/ReferenceNumber,number,7
/Record/Section/9/Section/3/Information/4/Name,string,Atomic Mass (uncertainty) [u]
/Record/Section/9/Section/3/Information/4/Value/StringWithMarkup/0/String,string,167.9338896(22)
/Record/Section/9/Section/3/Information/4/Value/StringWithMarkup/1/String,string,169.9347664(22)
/Record/Section/9/Section/3/Information/4/Value/StringWithMarkup/2/String,string,170.9363302(22)
/Record/Section/9/Section/3/Information/4/Value/StringWithMarkup/3/String,string,171.9363859(22)
/Record/Section/9/Section/3/Information/4/Value/StringWithMarkup/4/String,string,172.9382151(22)
/Record/Section/9/Section/3/Information/4/Value/StringWithMarkup/5/String,string,173.9388664(22)
/Record/Section/9/Section/3/Information/4/Value/StringWithMarkup/6/String,string,175.9425764(24)
/Record/Section/9/Section/3/Information/5/ReferenceNumber,number,7
/Record/Section/9/Section/3/Information/5/Name,string,Abundance (uncertainty)
/Record/Section/9/Section/3/Information/5/Value/StringWithMarkup/0/String,string,0.00123(3)
/Record/Section/9/Section/3/Information/5/Value/StringWithMarkup/1/String,string,0.02982(39)
/Record/Section/9/Section/3/Information/5/Value/StringWithMarkup/2/String,string,0.1409(14)
/Record/Section/9/Section/3/Information/5/Value/StringWithMarkup/3/String,string,0.2168(13)
/Record/Section/9/Section/3/Information/5/Value/StringWithMarkup/4/String,string,0.16103(63)
/Record/Section/9/Section/3/Information/5/Value/StringWithMarkup/5/String,string,0.32026(80)
/Record/Section/9/Section/3/Information/5/Value/StringWithMarkup/6/String,string,0.12996(83)
/Record/Section/9/Section/4/TOCHeading,string,"Atomic Mass, Half Life, and Decay"
/Record/Section/9/Section/4/Description,string,"Information on the atomic mass, half life, and decay for this element, from the the Atomic Mass Data Center. The number after the ± refers to an uncertainty when exists."
/Record/Section/9/Section/4/URL,string,https://pubchem.ncbi.nlm.nih.gov/docs/atomic-mass/
/Record/Section/9/Section/4/DisplayControls/CreateTable/FromInformationIn,string,ThisSection
/Record/Section/9/Section/4/DisplayControls/CreateTable/NumberOfColumns,number,5
/Record/Section/9/Section/4/DisplayControls/CreateTable/ColumnsFromNamedLists/Name/0,string,Nuclide
/Record/Section/9/Section/4/DisplayControls/CreateTable/ColumnsFromNamedLists/Name/1,string,Atomic Mass and Uncertainty [u]
/Record/Section/9/Section/4/DisplayControls/CreateTable/ColumnsFromNamedLists/Name/2,string,Half Life and Uncertainty
/Record/Section/9/Section/4/DisplayControls/CreateTable/ColumnsFromNamedLists/Name/3,string,Discovery Year
/Record/Section/9/Section/4/DisplayControls/CreateTable/ColumnsFromNamedLists/Name/4,string,"Decay Modes, Intensities and Uncertainties [%]"
/Record/Section/9/Section/4/DisplayControls/CreateTable/ColumnsFromNamedLists/UseNamesAsColumnHeadings,boolean,true
/Record/Section/9/Section/4/Information/0/ReferenceNumber,number,2
/Record/Section/9/Section/4/Information/0/Name,string,Nuclide
/Record/Section/9/Section/4/Information/0/Value/StringWithMarkup/0/String,string,148Yb
/Record/Section/9/Section/4/Information/0/Value/StringWithMarkup/0/Markup/0/Start,number,0
/Record/Section/9/Section/4/Information/0/Value/StringWithMarkup/0/Markup/0/Length,number,3
/Record/Section/9/Section/4/Information/0/Value/StringWithMarkup/0/Markup/0/Type,string,Superscript
/Record/Section/9/Section/4/Information/0/Value/StringWithMarkup/1/String,string,149Yb
/Record/Section/9/Section/4/Information/0/Value/StringWithMarkup/1/Markup/0/Start,number,0
/Record/Section/9/Section/4/Information/0/Value/StringWithMarkup/1/Markup/0/Length,number,3
/Record/Section/9/Section/4/Information/0/Value/StringWithMarkup/1/Markup/0/Type,string,Superscript
/Record/Section/9/Section/4/Information/0/Value/StringWithMarkup/2/String,string,150Yb
/Record/Section/9/Section/4/Information/0/Value/StringWithMarkup/2/Markup/0/Start,number,0
/Record/Section/9/Section/4/Information/0/Value/StringWithMarkup/2/Markup/0/Length,number,3
/Record/Section/9/Section/4/Information/0/Value/StringWithMarkup/2/Markup/0/Type,string,Superscript
/Record/Section/9/Section/4/Information/0/Value/StringWithMarkup/3/String,string,151Yb
/Record/Section/9/Section/4/Information/0/Value/StringWithMarkup/3/Markup/0/Start,number,0
/Record/Section/9/Section/4/Information/0/Value/StringWithMarkup/3/Markup/0/Length,number,3
/Record/Section/9/Section/4/Information/0/Value/StringWithMarkup/3/Markup/0/Type,string,Superscript
/Record/Section/9/Section/4/Information/0/Value/StringWithMarkup/4/String,string,151Ybm
/Record/Section/9/Section/4/Information/0/Value/StringWithMarkup/4/Markup/0/Start,number,0
/Record/Section/9/Section/4/Information/0/Value/StringWithMarkup/4/Markup/0/Length,number,3
/Record/Section/9/Section/4/Information/0/Value/StringWithMarkup/4/Markup/0/Type,string,Superscript
/Record/Section/9/Section/4/Information/0/Value/StringWithMarkup/4/Markup/1/Start,number,5
/Record/Section/9/Section/4/Information/0/Value/StringWithMarkup/4/Markup/1/Length,number,1
/Record/Section/9/Section/4/Information/0/Value/StringWithMarkup/4/Markup/1/Type,string,Superscript
/Record/Section/9/Section/4/Information/0/Value/StringWithMarkup/5/String,string,151Ybn
/Record/Section/9/Section/4/Information/0/Value/StringWithMarkup/5/Markup/0/Start,number,0
/Record/Section/9/Section/4/Information/0/Value/StringWithMarkup/5/Markup/0/Length,number,3
/Record/Section/9/Section/4/Information/0/Value/StringWithMarkup/5/Markup/0/Type,string,Superscript
/Record/Section/9/Section/4/Information/0/Value/StringWithMarkup/5/Markup/1/Start,number,5
/Record/Section/9/Section/4/Information/0/Value/StringWithMarkup/5/Markup/1/Length,number,1
/Record/Section/9/Section/4/Information/0/Value/StringWithMarkup/5/Markup/1/Type,string,Superscript
/Record/Section/9/Section/4/Information/0/Value/StringWithMarkup/6/String,string,151Ybp
/Record/Section/9/Section/4/Information/0/Value/StringWithMarkup/6/Markup/0/Start,number,0
/Record/Section/9/Section/4/Information/0/Value/StringWithMarkup/6/Markup/0/Length,number,3
/Record/Section/9/Section/4/Information/0/Value/StringWithMarkup/6/Markup/0/Type,string,Superscript
/Record/Section/9/Section/4/Information/0/Value/StringWithMarkup/6/Markup/1/Start,number,5
/Record/Section/9/Section/4/Information/0/Value/StringWithMarkup/6/Markup/1/Length,number,1
/Record/Section/9/Section/4/Information/0/Value/StringWithMarkup/6/Markup/1/Type,string,Superscript
/Record/Section/9/Section/4/Information/0/Value/StringWithMarkup/7/String,string,152Yb
/Record/Section/9/Section/4/Information/0/Value/StringWithMarkup/7/Markup/0/Start,number,0
/Record/Section/9/Section/4/Information/0/Value/StringWithMarkup/7/Markup/0/Length,number,3
/Record/Section/9/Section/4/Information/0/Value/StringWithMarkup/7/Markup/0/Type,string,Superscript
/Record/Section/9/Section/4/Information/0/Value/StringWithMarkup/8/String,string,152Ybm
/Record/Section/9/Section/4/Information/0/Value/StringWithMarkup/8/Markup/0/Start,number,0
/Record/Section/9/Section/4/Information/0/Value/StringWithMarkup/8/Markup/0/Length,number,3
/Record/Section/9/Section/4/Information/0/Value/StringWithMarkup/8/Markup/0/Type,string,Superscript
/Record/Section/9/Section/4/Information/0/Value/StringWithMarkup/8/Markup/1/Start,number,5
/Record/Section/9/Section/4/Information/0/Value/StringWithMarkup/8/Markup/1/Length,number,1
/Record/Section/9/Section/4/Information/0/Value/StringWithMarkup/8/Markup/1/Type,string,Superscript
/Record/Section/9/Section/4/Information/0/Value/StringWithMarkup/9/String,string,153Yb
/Record/Section/9/Section/4/Information/0/Value/StringWithMarkup/9/Markup/0/Start,number,0
/Record/Section/9/Section/4/Information/0/Value/StringWithMarkup/9/Markup/0/Length,number,3
/Record/Section/9/Section/4/Information/0/Value/StringWithMarkup/9/Markup/0/Type,string,Superscript
/Record/Section/9/Section/4/Information/0/Value/StringWithMarkup/10/String,string,153Ybm
/Record/Section/9/Section/4/Information/0/Value/StringWithMarkup/10/Markup/0/Start,number,0
/Record/Section/9/Section/4/Information/0/Value/StringWithMarkup/10/Markup/0/Length,number,3
/Record/Section/9/Section/4/Information/0/Value/StringWithMarkup/10/Markup/0/Type,string,Superscript
/Record/Section/9/Section/4/Information/0/Value/StringWithMarkup/10/Markup/1/Start,number,5
/Record/Section/9/Section/4/Information/0/Value/StringWithMarkup/10/Markup/1/Length,number,1
/Record/Section/9/Section/4/Information/0/Value/StringWithMarkup/10/Markup/1/Type,string,Superscript
/Record/Section/9/Section/4/Information/0/Value/StringWithMarkup/11/String,string,154Yb
/Record/Section/9/Section/4/Information/0/Value/StringWithMarkup/11/Markup/0/Start,number,0
/Record/Section/9/Section/4/Information/0/Value/StringWithMarkup/11/Markup/0/Length,number,3
/Record/Section/9/Section/4/Information/0/Value/StringWithMarkup/11/Markup/0/Type,string,Superscript
/Record/Section/9/Section/4/Information/0/Value/StringWithMarkup/12/String,string,155Yb
/Record/Section/9/Section/4/Information/0/Value/StringWithMarkup/12/Markup/0/Start,number,0
/Record/Section/9/Section/4/Information/0/Value/StringWithMarkup/12/Markup/0/Length,number,3
/Record/Section/9/Section/4/Information/0/Value/StringWithMarkup/12/Markup/0/Type,string,Superscript
/Record/Section/9/Section/4/Information/0/Value/StringWithMarkup/13/String,string,156Yb
/Record/Section/9/Section/4/Information/0/Value/StringWithMarkup/13/Markup/0/Start,number,0
/Record/Section/9/Section/4/Information/0/Value/StringWithMarkup/13/Markup/0/Length,number,3
/Record/Section/9/Section/4/Information/0/Value/StringWithMarkup/13/Markup/0/Type,string,Superscript
/Record/Section/9/Section/4/Information/0/Value/StringWithMarkup/14/String,string,157Yb
/Record/Section/9/Section/4/Information/0/Value/StringWithMarkup/14/Markup/0/Start,number,0
/Record/Section/9/Section/4/Information/0/Value/StringWithMarkup/14/Markup/0/Length,number,3
/Record/Section/9/Section/4/Information/0/Value/StringWithMarkup/14/Markup/0/Type,string,Superscript
/Record/Section/9/Section/4/Information/0/Value/StringWithMarkup/15/String,string,158Yb
/Record/Section/9/Section/4/Information/0/Value/StringWithMarkup/15/Markup/0/Start,number,0
/Record/Section/9/Section/4/Information/0/Value/StringWithMarkup/15/Markup/0/Length,number,3
/Record/Section/9/Section/4/Information/0/Value/StringWithMarkup/15/Markup/0/Type,string,Superscript
/Record/Section/9/Section/4/Information/0/Value/StringWithMarkup/16/String,string,159Yb
/Record/Section/9/Section/4/Information/0/Value/StringWithMarkup/16/Markup/0/Start,number,0
/Record/Section/9/Section/4/Information/0/Value/StringWithMarkup/16/Markup/0/Length,number,3
/Record/Section/9/Section/4/Information/0/Value/StringWithMarkup/16/Markup/0/Type,string,Superscript
/Record/Section/9/Section/4/Information/0/Value/StringWithMarkup/17/String,string,160Yb
/Record/Section/9/Section/4/Information/0/Value/StringWithMarkup/17/Markup/0/Start,number,0
/Record/Section/9/Section/4/Information/0/Value/StringWithMarkup/17/Markup/0/Length,number,3
/Record/Section/9/Section/4/Information/0/Value/StringWithMarkup/17/Markup/0/Type,string,Superscript
/Record/Section/9/Section/4/Information/0/Value/StringWithMarkup/18/String,string,161Yb
/Record/Section/9/Section/4/Information/0/Value/StringWithMarkup/18/Markup/0/Start,number,0
/Record/Section/9/Section/4/Information/0/Value/StringWithMarkup/18/Markup/0/Length,number,3
/Record/Section/9/Section/4/Information/0/Value/StringWithMarkup/18/Markup/0/Type,string,Superscript
/Record/Section/9/Section/4/Information/0/Value/StringWithMarkup/19/String,string,162Yb
/Record/Section/9/Section/4/Information/0/Value/StringWithMarkup/19/Markup/0/Start,number,0
/Record/Section/9/Section/4/Information/0/Value/StringWithMarkup/19/Markup/0/Length,number,3
/Record/Section/9/Section/4/Information/0/Value/StringWithMarkup/19/Markup/0/Type,string,Superscript
/Record/Section/9/Section/4/Information/0/Value/StringWithMarkup/20/String,string,163Yb
/Record/Section/9/Section/4/Information/0/Value/StringWithMarkup/20/Markup/0/Start,number,0
/Record/Section/9/Section/4/Information/0/Value/StringWithMarkup/20/Markup/0/Length,number,3
/Record/Section/9/Section/4/Information/0/Value/StringWithMarkup/20/Markup/0/Type,string,Superscript
/Record/Section/9/Section/4/Information/0/Value/StringWithMarkup/21/String,string,164Yb
/Record/Section/9/Section/4/Information/0/Value/StringWithMarkup/21/Markup/0/Start,number,0
/Record/Section/9/Section/4/Information/0/Value/StringWithMarkup/21/Markup/0/Length,number,3
/Record/Section/9/Section/4/Information/0/Value/StringWithMarkup/21/Markup/0/Type,string,Superscript
/Record/Section/9/Section/4/Information/0/Value/StringWithMarkup/22/String,string,165Yb
/Record/Section/9/Section/4/Information/0/Value/StringWithMarkup/22/Markup/0/Start,number,0
/Record/Section/9/Section/4/Information/0/Value/StringWithMarkup/22/Markup/0/Length,number,3
/Record/Section/9/Section/4/Information/0/Value/StringWithMarkup/22/Markup/0/Type,string,Superscript
/Record/Section/9/Section/4/Information/0/Value/StringWithMarkup/23/String,string,165Ybm
/Record/Section/9/Section/4/Information/0/Value/StringWithMarkup/23/Markup/0/Start,number,0
/Record/Section/9/Section/4/Information/0/Value/StringWithMarkup/23/Markup/0/Length,number,3
/Record/Section/9/Section/4/Information/0/Value/StringWithMarkup/23/Markup/0/Type,string,Superscript
/Record/Section/9/Section/4/Information/0/Value/StringWithMarkup/23/Markup/1/Start,number,5
/Record/Section/9/Section/4/Information/0/Value/StringWithMarkup/23/Markup/1/Length,number,1
/Record/Section/9/Section/4/Information/0/Value/StringWithMarkup/23/Markup/1/Type,string,Superscript
/Record/Section/9/Section/4/Information/0/Value/StringWithMarkup/24/String,string,166Yb
/Record/Section/9/Section/4/Information/0/Value/StringWithMarkup/24/Markup/0/Start,number,0
/Record/Section/9/Section/4/Information/0/Value/StringWithMarkup/24/Markup/0/Length,number,3
/Record/Section/9/Section/4/Information/0/Value/StringWithMarkup/24/Markup/0/Type,string,Superscript
/Record/Section/9/Section/4/Information/0/Value/StringWithMarkup/25/String,string,167Yb
/Record/Section/9/Section/4/Information/0/Value/StringWithMarkup/25/Markup/0/Start,number,0
/Record/Section/9/Section/4/Information/0/Value/StringWithMarkup/25/Markup/0/Length,number,3
/Record/Section/9/Section/4/Information/0/Value/StringWithMarkup/25/Markup/0/Type,string,Superscript
/Record/Section/9/Section/4/Information/0/Value/StringWithMarkup/26/String,string,167Ybm
/Record/Section/9/Section/4/Information/0/Value/StringWithMarkup/26/Markup/0/Start,number,0
/Record/Section/9/Section/4/Information/0/Value/StringWithMarkup/26/Markup/0/Length,number,3
/Record/Section/9/Section/4/Information/0/Value/StringWithMarkup/26/Markup/0/Type,string,Superscript
/Record/Section/9/Section/4/Information/0/Value/StringWithMarkup/26/Markup/1/Start,number,5
/Record/Section/9/Section/4/Information/0/Value/StringWithMarkup/26/Markup/1/Length,number,1
/Record/Section/9/Section/4/Information/0/Value/StringWithMarkup/26/Markup/1/Type,string,Superscript
/Record/Section/9/Section/4/Information/0/Value/StringWithMarkup/27/String,string,168Yb
/Record/Section/9/Section/4/Information/0/Value/StringWithMarkup/27/Markup/0/Start,number,0
/Record/Section/9/Section/4/Information/0/Value/StringWithMarkup/27/Markup/0/Length,number,3
/Record/Section/9/Section/4/Information/0/Value/StringWithMarkup/27/Markup/0/Type,string,Superscript
/Record/Section/9/Section/4/Information/0/Value/StringWithMarkup/28/String,string,169Yb
/Record/Section/9/Section/4/Information/0/Value/StringWithMarkup/28/Markup/0/Start,number,0
/Record/Section/9/Section/4/Information/0/Value/StringWithMarkup/28/Markup/0/Length,number,3
/Record/Section/9/Section/4/Information/0/Value/StringWithMarkup/28/Markup/0/Type,string,Superscript
/Record/Section/9/Section/4/Information/0/Value/StringWithMarkup/29/String,string,169Ybm
/Record/Section/9/Section/4/Information/0/Value/StringWithMarkup/29/Markup/0/Start,number,0
/Record/Section/9/Section/4/Information/0/Value/StringWithMarkup/29/Markup/0/Length,number,3
/Record/Section/9/Section/4/Information/0/Value/StringWithMarkup/29/Markup/0/Type,string,Superscript
/Record/Section/9/Section/4/Information/0/Value/StringWithMarkup/29/Markup/1/Start,number,5
/Record/Section/9/Section/4/Information/0/Value/StringWithMarkup/29/Markup/1/Length,number,1
/Record/Section/9/Section/4/Information/0/Value/StringWithMarkup/29/Markup/1/Type,string,Superscript
/Record/Section/9/Section/4/Information/0/Value/StringWithMarkup/30/String,string,170Yb
/Record/Section/9/Section/4/Information/0/Value/StringWithMarkup/30/Markup/0/Start,number,0
/Record/Section/9/Section/4/Information/0/Value/StringWithMarkup/30/Markup/0/Length,number,3
/Record/Section/9/Section/4/Information/0/Value/StringWithMarkup/30/Markup/0/Type,string,Superscript
/Record/Section/9/Section/4/Information/0/Value/StringWithMarkup/31/String,string,170Ybm
/Record/Section/9/Section/4/Information/0/Value/StringWithMarkup/31/Markup/0/Start,number,0
/Record/Section/9/Section/4/Information/0/Value/StringWithMarkup/31/Markup/0/Length,number,3
/Record/Section/9/Section/4/Information/0/Value/StringWithMarkup/31/Markup/0/Type,string,Superscript
/Record/Section/9/Section/4/Information/0/Value/StringWithMarkup/31/Markup/1/Start,number,5
/Record/Section/9/Section/4/Information/0/Value/StringWithMarkup/31/Markup/1/Length,number,1
/Record/Section/9/Section/4/Information/0/Value/StringWithMarkup/31/Markup/1/Type,string,Superscript
/Record/Section/9/Section/4/Information/0/Value/StringWithMarkup/32/String,string,171Yb
/Record/Section/9/Section/4/Information/0/Value/StringWithMarkup/32/Markup/0/Start,number,0
/Record/Section/9/Section/4/Information/0/Value/StringWithMarkup/32/Markup/0/Length,number,3
/Record/Section/9/Section/4/Information/0/Value/StringWithMarkup/32/Markup/0/Type,string,Superscript
/Record/Section/9/Section/4/Information/0/Value/StringWithMarkup/33/String,string,171Ybm
/Record/Section/9/Section/4/Information/0/Value/StringWithMarkup/33/Markup/0/Start,number,0
/Record/Section/9/Section/4/Information/0/Value/StringWithMarkup/33/Markup/0/Length,number,3
/Record/Section/9/Section/4/Information/0/Value/StringWithMarkup/33/Markup/0/Type,string,Superscript
/Record/Section/9/Section/4/Information/0/Value/StringWithMarkup/33/Markup/1/Start,number,5
/Record/Section/9/Section/4/Information/0/Value/StringWithMarkup/33/Markup/1/Length,number,1
/Record/Section/9/Section/4/Information/0/Value/StringWithMarkup/33/Markup/1/Type,string,Superscript
/Record/Section/9/Section/4/Information/0/Value/StringWithMarkup/34/String,string,171Ybn
/Record/Section/9/Section/4/Information/0/Value/StringWithMarkup/34/Markup/0/Start,number,0
/Record/Section/9/Section/4/Information/0/Value/StringWithMarkup/34/Markup/0/Length,number,3
/Record/Section/9/Section/4/Information/0/Value/StringWithMarkup/34/Markup/0/Type,string,Superscript
/Record/Section/9/Section/4/Information/0/Value/StringWithMarkup/34/Markup/1/Start,number,5
/Record/Section/9/Section/4/Information/0/Value/StringWithMarkup/34/Markup/1/Length,number,1
/Record/Section/9/Section/4/Information/0/Value/StringWithMarkup/34/Markup/1/Type,string,Superscript
/Record/Section/9/Section/4/Information/0/Value/StringWithMarkup/35/String,string,172Yb
/Record/Section/9/Section/4/Information/0/Value/StringWithMarkup/35/Markup/0/Start,number,0
/Record/Section/9/Section/4/Information/0/Value/StringWithMarkup/35/Markup/0/Length,number,3
/Record/Section/9/Section/4/Information/0/Value/StringWithMarkup/35/Markup/0/Type,string,Superscript
/Record/Section/9/Section/4/Information/0/Value/StringWithMarkup/36/String,string,172Ybm
/Record/Section/9/Section/4/Information/0/Value/StringWithMarkup/36/Markup/0/Start,number,0
/Record/Section/9/Section/4/Information/0/Value/StringWithMarkup/36/Markup/0/Length,number,3
/Record/Section/9/Section/4/Information/0/Value/StringWithMarkup/36/Markup/0/Type,string,Superscript
/Record/Section/9/Section/4/Information/0/Value/StringWithMarkup/36/Markup/1/Start,number,5
/Record/Section/9/Section/4/Information/0/Value/StringWithMarkup/36/Markup/1/Length,number,1
/Record/Section/9/Section/4/Information/0/Value/StringWithMarkup/36/Markup/1/Type,string,Superscript
/Record/Section/9/Section/4/Information/0/Value/StringWithMarkup/37/String,string,173Yb
/Record/Section/9/Section/4/Information/0/Value/StringWithMarkup/37/Markup/0/Start,number,0
/Record/Section/9/Section/4/Information/0/Value/StringWithMarkup/37/Markup/0/Length,number,3
/Record/Section/9/Section/4/Information/0/Value/StringWithMarkup/37/Markup/0/Type,string,Superscript
/Record/Section/9/Section/4/Information/0/Value/StringWithMarkup/38/String,string,173Ybm
/Record/Section/9/Section/4/Information/0/Value/StringWithMarkup/38/Markup/0/Start,number,0
/Record/Section/9/Section/4/Information/0/Value/StringWithMarkup/38/Markup/0/Length,number,3
/Record/Section/9/Section/4/Information/0/Value/StringWithMarkup/38/Markup/0/Type,string,Superscript
/Record/Section/9/Section/4/Information/0/Value/StringWithMarkup/38/Markup/1/Start,number,5
/Record/Section/9/Section/4/Information/0/Value/StringWithMarkup/38/Markup/1/Length,number,1
/Record/Section/9/Section/4/Information/0/Value/StringWithMarkup/38/Markup/1/Type,string,Superscript
/Record/Section/9/Section/4/Information/0/Value/StringWithMarkup/39/String,string,174Yb
/Record/Section/9/Section/4/Information/0/Value/StringWithMarkup/39/Markup/0/Start,number,0
/Record/Section/9/Section/4/Information/0/Value/StringWithMarkup/39/Markup/0/Length,number,3
/Record/Section/9/Section/4/Information/0/Value/StringWithMarkup/39/Markup/0/Type,string,Superscript
/Record/Section/9/Section/4/Information/0/Value/StringWithMarkup/40/String,string,174Ybm
/Record/Section/9/Section/4/Information/0/Value/StringWithMarkup/40/Markup/0/Start,number,0
/Record/Section/9/Section/4/Information/0/Value/StringWithMarkup/40/Markup/0/Length,number,3
/Record/Section/9/Section/4/Information/0/Value/StringWithMarkup/40/Markup/0/Type,string,Superscript
/Record/Section/9/Section/4/Information/0/Value/StringWithMarkup/40/Markup/1/Start,number,5
/Record/Section/9/Section/4/Information/0/Value/StringWithMarkup/40/Markup/1/Length,number,1
/Record/Section/9/Section/4/Information/0/Value/StringWithMarkup/40/Markup/1/Type,string,Superscript
/Record/Section/9/Section/4/Information/0/Value/StringWithMarkup/41/String,string,174Ybn
/Record/Section/9/Section/4/Information/0/Value/StringWithMarkup/41/Markup/0/Start,number,0
/Record/Section/9/Section/4/Information/0/Value/StringWithMarkup/41/Markup/0/Length,number,3
/Record/Section/9/Section/4/Information/0/Value/StringWithMarkup/41/Markup/0/Type,string,Superscript
/Record/Section/9/Section/4/Information/0/Value/StringWithMarkup/41/Markup/1/Start,number,5
/Record/Section/9/Section/4/Information/0/Value/StringWithMarkup/41/Markup/1/Length,number,1
/Record/Section/9/Section/4/Information/0/Value/StringWithMarkup/41/Markup/1/Type,string,Superscript
/Record/Section/9/Section/4/Information/0/Value/StringWithMarkup/42/String,string,175Yb
/Record/Section/9/Section/4/Information/0/Value/StringWithMarkup/42/Markup/0/Start,number,0
/Record/Section/9/Section/4/Information/0/Value/StringWithMarkup/42/Markup/0/Length,number,3
/Record/Section/9/Section/4/Information/0/Value/StringWithMarkup/42/Markup/0/Type,string,Superscript
/Record/Section/9/Section/4/Information/0/Value/StringWithMarkup/43/String,string,175Ybm
/Record/Section/9/Section/4/Information/0/Value/StringWithMarkup/43/Markup/0/Start,number,0
/Record/Section/9/Section/4/Information/0/Value/StringWithMarkup/43/Markup/0/Length,number,3
/Record/Section/9/Section/4/Information/0/Value/StringWithMarkup/43/Markup/0/Type,string,Superscript
/Record/Section/9/Section/4/Information/0/Value/StringWithMarkup/43/Markup/1/Start,number,5
/Record/Section/9/Section/4/Information/0/Value/StringWithMarkup/43/Markup/1/Length,number,1
/Record/Section/9/Section/4/Information/0/Value/StringWithMarkup/43/Markup/1/Type,string,Superscript
/Record/Section/9/Section/4/Information/0/Value/StringWithMarkup/44/String,string,176Yb
/Record/Section/9/Section/4/Information/0/Value/StringWithMarkup/44/Markup/0/Start,number,0
/Record/Section/9/Section/4/Information/0/Value/StringWithMarkup/44/Markup/0/Length,number,3
/Record/Section/9/Section/4/Information/0/Value/StringWithMarkup/44/Markup/0/Type,string,Superscript
/Record/Section/9/Section/4/Information/0/Value/StringWithMarkup/45/String,string,176Ybm
/Record/Section/9/Section/4/Information/0/Value/StringWithMarkup/45/Markup/0/Start,number,0
/Record/Section/9/Section/4/Information/0/Value/StringWithMarkup/45/Markup/0/Length,number,3
/Record/Section/9/Section/4/Information/0/Value/StringWithMarkup/45/Markup/0/Type,string,Superscript
/Record/Section/9/Section/4/Information/0/Value/StringWithMarkup/45/Markup/1/Start,number,5
/Record/Section/9/Section/4/Information/0/Value/StringWithMarkup/45/Markup/1/Length,number,1
/Record/Section/9/Section/4/Information/0/Value/StringWithMarkup/45/Markup/1/Type,string,Superscript
/Record/Section/9/Section/4/Information/0/Value/StringWithMarkup/46/String,string,177Yb
/Record/Section/9/Section/4/Information/0/Value/StringWithMarkup/46/Markup/0/Start,number,0
/Record/Section/9/Section/4/Information/0/Value/StringWithMarkup/46/Markup/0/Length,number,3
/Record/Section/9/Section/4/Information/0/Value/StringWithMarkup/46/Markup/0/Type,string,Superscript
/Record/Section/9/Section/4/Information/0/Value/StringWithMarkup/47/String,string,177Ybm
/Record/Section/9/Section/4/Information/0/Value/StringWithMarkup/47/Markup/0/Start,number,0
/Record/Section/9/Section/4/Information/0/Value/StringWithMarkup/47/Markup/0/Length,number,3
/Record/Section/9/Section/4/Information/0/Value/StringWithMarkup/47/Markup/0/Type,string,Superscript
/Record/Section/9/Section/4/Information/0/Value/StringWithMarkup/47/Markup/1/Start,number,5
/Record/Section/9/Section/4/Information/0/Value/StringWithMarkup/47/Markup/1/Length,number,1
/Record/Section/9/Section/4/Information/0/Value/StringWithMarkup/47/Markup/1/Type,string,Superscript
/Record/Section/9/Section/4/Information/0/Value/StringWithMarkup/48/String,string,178Yb
/Record/Section/9/Section/4/Information/0/Value/StringWithMarkup/48/Markup/0/Start,number,0
/Record/Section/9/Section/4/Information/0/Value/StringWithMarkup/48/Markup/0/Length,number,3
/Record/Section/9/Section/4/Information/0/Value/StringWithMarkup/48/Markup/0/Type,string,Superscript
/Record/Section/9/Section/4/Information/0/Value/StringWithMarkup/49/String,string,179Yb
/Record/Section/9/Section/4/Information/0/Value/StringWithMarkup/49/Markup/0/Start,number,0
/Record/Section/9/Section/4/Information/0/Value/StringWithMarkup/49/Markup/0/Length,number,3
/Record/Section/9/Section/4/Information/0/Value/StringWithMarkup/49/Markup/0/Type,string,Superscript
/Record/Section/9/Section/4/Information/0/Value/StringWithMarkup/50/String,string,180Yb
/Record/Section/9/Section/4/Information/0/Value/StringWithMarkup/50/Markup/0/Start,number,0
/Record/Section/9/Section/4/Information/0/Value/StringWithMarkup/50/Markup/0/Length,number,3
/Record/Section/9/Section/4/Information/0/Value/StringWithMarkup/50/Markup/0/Type,string,Superscript
/Record/Section/9/Section/4/Information/0/Value/StringWithMarkup/51/String,string,181Yb
/Record/Section/9/Section/4/Information/0/Value/StringWithMarkup/51/Markup/0/Start,number,0
/Record/Section/9/Section/4/Information/0/Value/StringWithMarkup/51/Markup/0/Length,number,3
/Record/Section/9/Section/4/Information/0/Value/StringWithMarkup/51/Markup/0/Type,string,Superscript
/Record/Section/9/Section/4/Information/0/Value/StringWithMarkup/52/String,string,182Yb
/Record/Section/9/Section/4/Information/0/Value/StringWithMarkup/52/Markup/0/Start,number,0
/Record/Section/9/Section/4/Information/0/Value/StringWithMarkup/52/Markup/0/Length,number,3
/Record/Section/9/Section/4/Information/0/Value/StringWithMarkup/52/Markup/0/Type,string,Superscript
/Record/Section/9/Section/4/Information/0/Value/StringWithMarkup/53/String,string,183Yb
/Record/Section/9/Section/4/Information/0/Value/StringWithMarkup/53/Markup/0/Start,number,0
/Record/Section/9/Section/4/Information/0/Value/StringWithMarkup/53/Markup/0/Length,number,3
/Record/Section/9/Section/4/Information/0/Value/StringWithMarkup/53/Markup/0/Type,string,Superscript
/Record/Section/9/Section/4/Information/0/Value/StringWithMarkup/54/String,string,184Yb
/Record/Section/9/Section/4/Information/0/Value/StringWithMarkup/54/Markup/0/Start,number,0
/Record/Section/9/Section/4/Information/0/Value/StringWithMarkup/54/Markup/0/Length,number,3
/Record/Section/9/Section/4/Information/0/Value/StringWithMarkup/54/Markup/0/Type,string,Superscript
/Record/Section/9/Section/4/Information/0/Value/StringWithMarkup/55/String,string,185Yb
/Record/Section/9/Section/4/Information/0/Value/StringWithMarkup/55/Markup/0/Start,number,0
/Record/Section/9/Section/4/Information/0/Value/StringWithMarkup/55/Markup/0/Length,number,3
/Record/Section/9/Section/4/Information/0/Value/StringWithMarkup/55/Markup/0/Type,string,Superscript
/Record/Section/9/Section/4/Information/1/ReferenceNumber,number,2
/Record/Section/9/Section/4/Information/1/Name,string,Atomic Mass and Uncertainty [u]
/Record/Section/9/Section/4/Information/1/Value/StringWithMarkup/0/String,string,147.967547 ± 0.000429 [Estimated]
/Record/Section/9/Section/4/Information/1/Value/StringWithMarkup/1/String,string,148.964219 ± 0.000322 [Estimated]
/Record/Section/9/Section/4/Information/1/Value/StringWithMarkup/2/String,string,149.958314 ± 0.000322 [Estimated]
/Record/Section/9/Section/4/Information/1/Value/StringWithMarkup/3/String,string,150.955402453 ± 0.000322591
/Record/Section/9/Section/4/Information/1/Value/StringWithMarkup/4/String,string,150.955402453 ± 0.000322591
/Record/Section/9/Section/4/Information/1/Value/StringWithMarkup/5/String,string,150.955402453 ± 0.000322591
/Record/Section/9/Section/4/Information/1/Value/StringWithMarkup/6/String,string,150.955402453 ± 0.000322591
/Record/Section/9/Section/4/Information/1/Value/StringWithMarkup/7/String,string,151.950326699 ± 0.000160718
/Record/Section/9/Section/4/Information/1/Value/StringWithMarkup/8/String,string,151.950326699 ± 0.000160718
/Record/Section/9/Section/4/Information/1/Value/StringWithMarkup/9/String,string,152.949372 ± 0.000215 [Estimated]
/Record/Section/9/Section/4/Information/1/Value/StringWithMarkup/10/String,string,152.949372 ± 0.000215 [Estimated]
/Record/Section/9/Section/4/Information/1/Value/StringWithMarkup/11/String,string,153.946395696 ± 0.000018551
/Record/Section/9/Section/4/Information/1/Value/StringWithMarkup/12/String,string,154.945783216 ± 0.00001782
/Record/Section/9/Section/4/Information/1/Value/StringWithMarkup/13/String,string,155.942817096 ± 0.000009992
/Record/Section/9/Section/4/Information/1/Value/StringWithMarkup/14/String,string,156.942651368 ± 0.000011706
/Record/Section/9/Section/4/Information/1/Value/StringWithMarkup/15/String,string,157.939871202 ± 0.000008559
/Record/Section/9/Section/4/Information/1/Value/StringWithMarkup/16/String,string,158.940060257 ± 0.000018874
/Record/Section/9/Section/4/Information/1/Value/StringWithMarkup/17/String,string,159.937559210 ± 0.0000059
/Record/Section/9/Section/4/Information/1/Value/StringWithMarkup/18/String,string,160.937912384 ± 0.000016211
/Record/Section/9/Section/4/Information/1/Value/StringWithMarkup/19/String,string,161.935779342 ± 0.000016213
/Record/Section/9/Section/4/Information/1/Value/StringWithMarkup/20/String,string,162.936345406 ± 0.000016215
/Record/Section/9/Section/4/Information/1/Value/StringWithMarkup/21/String,string,163.934500743 ± 0.000016217
/Record/Section/9/Section/4/Information/1/Value/StringWithMarkup/22/String,string,164.935270241 ± 0.00002849
/Record/Section/9/Section/4/Information/1/Value/StringWithMarkup/23/String,string,164.935270241 ± 0.00002849
/Record/Section/9/Section/4/Information/1/Value/StringWithMarkup/24/String,string,165.933876439 ± 0.000007515
/Record/Section/9/Section/4/Information/1/Value/StringWithMarkup/25/String,string,166.934954069 ± 0.000004251
/Record/Section/9/Section/4/Information/1/Value/StringWithMarkup/26/String,string,166.934954069 ± 0.000004251
/Record/Section/9/Section/4/Information/1/Value/StringWithMarkup/27/String,string,167.933891297 ± 0.0000001
/Record/Section/9/Section/4/Information/1/Value/StringWithMarkup/28/String,string,168.935184208 ± 0.000000191
/Record/Section/9/Section/4/Information/1/Value/StringWithMarkup/29/String,string,168.935184208 ± 0.000000191
/Record/Section/9/Section/4/Information/1/Value/StringWithMarkup/30/String,string,169.934767242 ± 0.000000011
/Record/Section/9/Section/4/Information/1/Value/StringWithMarkup/31/String,string,169.934767242 ± 0.000000011
/Record/Section/9/Section/4/Information/1/Value/StringWithMarkup/32/String,string,170.936331515 ± 0.000000013
/Record/Section/9/Section/4/Information/1/Value/StringWithMarkup/33/String,string,170.936331515 ± 0.000000013
/Record/Section/9/Section/4/Information/1/Value/StringWithMarkup/34/String,string,170.936331515 ± 0.000000013
/Record/Section/9/Section/4/Information/1/Value/StringWithMarkup/35/String,string,171.936386654 ± 0.000000014
/Record/Section/9/Section/4/Information/1/Value/StringWithMarkup/36/String,string,171.936386654 ± 0.000000014
/Record/Section/9/Section/4/Information/1/Value/StringWithMarkup/37/String,string,172.938216211 ± 0.000000012
/Record/Section/9/Section/4/Information/1/Value/StringWithMarkup/38/String,string,172.938216211 ± 0.000000012
/Record/Section/9/Section/4/Information/1/Value/StringWithMarkup/39/String,string,173.938867545 ± 0.000000011
/Record/Section/9/Section/4/Information/1/Value/StringWithMarkup/40/String,string,173.938867545 ± 0.000000011
/Record/Section/9/Section/4/Information/1/Value/StringWithMarkup/41/String,string,173.938867545 ± 0.000000011
/Record/Section/9/Section/4/Information/1/Value/StringWithMarkup/42/String,string,174.941281907 ± 0.000000076
/Record/Section/9/Section/4/Information/1/Value/StringWithMarkup/43/String,string,174.941281907 ± 0.000000076
/Record/Section/9/Section/4/Information/1/Value/StringWithMarkup/44/String,string,175.942574706 ± 0.000000015
/Record/Section/9/Section/4/Information/1/Value/StringWithMarkup/45/String,string,175.942574706 ± 0.000000015
/Record/Section/9/Section/4/Information/1/Value/StringWithMarkup/46/String,string,176.945263846 ± 0.000000236
/Record/Section/9/Section/4/Information/1/Value/StringWithMarkup/47/String,string,176.945263846 ± 0.000000236
/Record/Section/9/Section/4/Information/1/Value/StringWithMarkup/48/String,string,177.946669400 ± 0.000007072
/Record/Section/9/Section/4/Information/1/Value/StringWithMarkup/49/String,string,178.949930 ± 0.000215 [Estimated]
/Record/Section/9/Section/4/Information/1/Value/StringWithMarkup/50/String,string,179.951991 ± 0.000322 [Estimated]
/Record/Section/9/Section/4/Information/1/Value/StringWithMarkup/51/String,string,180.955890 ± 0.00032 [Estimated]
/Record/Section/9/Section/4/Information/1/Value/StringWithMarkup/52/String,string,181.958239 ± 0.000429 [Estimated]
/Record/Section/9/Section/4/Information/1/Value/StringWithMarkup/53/String,string,182.962426 ± 0.000429 [Estimated]
/Record/Section/9/Section/4/Information/1/Value/StringWithMarkup/54/String,string,183.965002 ± 0.00054 [Estimated]
/Record/Section/9/Section/4/Information/1/Value/StringWithMarkup/55/String,string,184.969425 ± 0.000537 [Estimated]
/Record/Section/9/Section/4/Information/2/ReferenceNumber,number,2
/Record/Section/9/Section/4/Information/2/Name,string,Half Life and Uncertainty
/Record/Section/9/Section/4/Information/2/Value/StringWithMarkup/0/String,string,250 ms [Estimated]
/Record/Section/9/Section/4/Information/2/Value/StringWithMarkup/1/String,string,700 ms ± 200
/Record/Section/9/Section/4/Information/2/Value/StringWithMarkup/2/String,string,700 ms >200ns [Estimated]
/Record/Section/9/Section/4/Information/2/Value/StringWithMarkup/3/String,string,1.6 s ± 0.5
/Record/Section/9/Section/4/Information/2/Value/StringWithMarkup/4/String,string,1.6 s ± 0.5
/Record/Section/9/Section/4/Information/2/Value/StringWithMarkup/5/String,string,2.6 us ± 0.7
/Record/Section/9/Section/4/Information/2/Value/StringWithMarkup/6/String,string,20 us ± 1
/Record/Section/9/Section/4/Information/2/Value/StringWithMarkup/7/String,string,3.03 s ± 0.06
/Record/Section/9/Section/4/Information/2/Value/StringWithMarkup/8/String,string,30 us ± 1
/Record/Section/9/Section/4/Information/2/Value/StringWithMarkup/9/String,string,4.2 s ± 0.2
/Record/Section/9/Section/4/Information/2/Value/StringWithMarkup/10/String,string,15 us ± 1
/Record/Section/9/Section/4/Information/2/Value/StringWithMarkup/11/String,string,409 ms ± 2
/Record/Section/9/Section/4/Information/2/Value/StringWithMarkup/12/String,string,1.793 s ± 0.020
/Record/Section/9/Section/4/Information/2/Value/StringWithMarkup/13/String,string,26.1 s ± 0.7
/Record/Section/9/Section/4/Information/2/Value/StringWithMarkup/14/String,string,38.6 s ± 1.0
/Record/Section/9/Section/4/Information/2/Value/StringWithMarkup/15/String,string,1.49 m ± 0.13
/Record/Section/9/Section/4/Information/2/Value/StringWithMarkup/16/String,string,1.67 m ± 0.09
/Record/Section/9/Section/4/Information/2/Value/StringWithMarkup/17/String,string,4.8 m ± 0.2
/Record/Section/9/Section/4/Information/2/Value/StringWithMarkup/18/String,string,4.2 m ± 0.2
/Record/Section/9/Section/4/Information/2/Value/StringWithMarkup/19/String,string,18.87 m ± 0.19
/Record/Section/9/Section/4/Information/2/Value/StringWithMarkup/20/String,string,11.05 m ± 0.35
/Record/Section/9/Section/4/Information/2/Value/StringWithMarkup/21/String,string,75.8 m ± 1.7
/Record/Section/9/Section/4/Information/2/Value/StringWithMarkup/22/String,string,9.9 m ± 0.3
/Record/Section/9/Section/4/Information/2/Value/StringWithMarkup/23/String,string,300 ns ± 30
/Record/Section/9/Section/4/Information/2/Value/StringWithMarkup/24/String,string,56.7 h ± 0.1
/Record/Section/9/Section/4/Information/2/Value/StringWithMarkup/25/String,string,17.5 m ± 0.2
/Record/Section/9/Section/4/Information/2/Value/StringWithMarkup/26/String,string,~180 ns
/Record/Section/9/Section/4/Information/2/Value/StringWithMarkup/27/String,string,Stable >130Ty
/Record/Section/9/Section/4/Information/2/Value/StringWithMarkup/28/String,string,32.014 d ± 0.005
/Record/Section/9/Section/4/Information/2/Value/StringWithMarkup/29/String,string,46 s ± 2
/Record/Section/9/Section/4/Information/2/Value/StringWithMarkup/30/String,string,Stable
/Record/Section/9/Section/4/Information/2/Value/StringWithMarkup/31/String,string,370 ns ± 15
/Record/Section/9/Section/4/Information/2/Value/StringWithMarkup/32/String,string,Stable
/Record/Section/9/Section/4/Information/2/Value/StringWithMarkup/33/String,string,5.25 ms ± 0.24
/Record/Section/9/Section/4/Information/2/Value/StringWithMarkup/34/String,string,265 ns ± 20
/Record/Section/9/Section/4/Information/2/Value/StringWithMarkup/35/String,string,Stable
/Record/Section/9/Section/4/Information/2/Value/StringWithMarkup/36/String,string,3.6 us ± 0.1
/Record/Section/9/Section/4/Information/2/Value/StringWithMarkup/37/String,string,Stable
/Record/Section/9/Section/4/Information/2/Value/StringWithMarkup/38/String,string,2.9 us ± 0.1
/Record/Section/9/Section/4/Information/2/Value/StringWithMarkup/39/String,string,Stable
/Record/Section/9/Section/4/Information/2/Value/StringWithMarkup/40/String,string,830 us ± 40
/Record/Section/9/Section/4/Information/2/Value/StringWithMarkup/41/String,string,256 ns ± 11
/Record/Section/9/Section/4/Information/2/Value/StringWithMarkup/42/String,string,4.185 d ± 0.001
/Record/Section/9/Section/4/Information/2/Value/StringWithMarkup/43/String,string,68.2 ms ± 0.3
/Record/Section/9/Section/4/Information/2/Value/StringWithMarkup/44/String,string,Stable >160Py
/Record/Section/9/Section/4/Information/2/Value/StringWithMarkup/45/String,string,11.4 s ± 0.3
/Record/Section/9/Section/4/Information/2/Value/StringWithMarkup/46/String,string,1.911 h ± 0.003
/Record/Section/9/Section/4/Information/2/Value/StringWithMarkup/47/String,string,6.41 s ± 0.02
/Record/Section/9/Section/4/Information/2/Value/StringWithMarkup/48/String,string,74 m ± 3
/Record/Section/9/Section/4/Information/2/Value/StringWithMarkup/49/String,string,8.0 m ± 0.4
/Record/Section/9/Section/4/Information/2/Value/StringWithMarkup/50/String,string,2.4 m ± 0.5
/Record/Section/9/Section/4/Information/2/Value/StringWithMarkup/51/String,string,1 m >300ns [Estimated]
/Record/Section/9/Section/4/Information/2/Value/StringWithMarkup/52/String,string,30 s >300ns [Estimated]
/Record/Section/9/Section/4/Information/2/Value/StringWithMarkup/53/String,string,30 s >300ns [Estimated]
/Record/Section/9/Section/4/Information/2/Value/StringWithMarkup/54/String,string,7 s >300ns [Estimated]
/Record/Section/9/Section/4/Information/2/Value/StringWithMarkup/55/String,string,5 s >300ns [Estimated]
/Record/Section/9/Section/4/Information/3/ReferenceNumber,number,2
/Record/Section/9/Section/4/Information/3/Name,string,Discovery Year
/Record/Section/9/Section/4/Information/3/Value/StringWithMarkup/0/String,string,
/Record/Section/9/Section/4/Information/3/Value/StringWithMarkup/1/String,string,2001
/Record/Section/9/Section/4/Information/3/Value/StringWithMarkup/2/String,string,2000
/Record/Section/9/Section/4/Information/3/Value/StringWithMarkup/3/String,string,1985
/Record/Section/9/Section/4/Information/3/Value/StringWithMarkup/4/String,string,1986
/Record/Section/9/Section/4/Information/3/Value/StringWithMarkup/5/String,string,1993
/Record/Section/9/Section/4/Information/3/Value/StringWithMarkup/6/String,string,1987
/Record/Section/9/Section/4/Information/3/Value/StringWithMarkup/7/String,string,1982
/Record/Section/9/Section/4/Information/3/Value/StringWithMarkup/8/String,string,1995
/Record/Section/9/Section/4/Information/3/Value/StringWithMarkup/9/String,string,1977
/Record/Section/9/Section/4/Information/3/Value/StringWithMarkup/10/String,string,1989
/Record/Section/9/Section/4/Information/3/Value/StringWithMarkup/11/String,string,1964
/Record/Section/9/Section/4/Information/3/Value/StringWithMarkup/12/String,string,1964
/Record/Section/9/Section/4/Information/3/Value/StringWithMarkup/13/String,string,1970
/Record/Section/9/Section/4/Information/3/Value/StringWithMarkup/14/String,string,1970
/Record/Section/9/Section/4/Information/3/Value/StringWithMarkup/15/String,string,1967
/Record/Section/9/Section/4/Information/3/Value/StringWithMarkup/16/String,string,1975
/Record/Section/9/Section/4/Information/3/Value/StringWithMarkup/17/String,string,1967
/Record/Section/9/Section/4/Information/3/Value/StringWithMarkup/18/String,string,1974
/Record/Section/9/Section/4/Information/3/Value/StringWithMarkup/19/String,string,1963
/Record/Section/9/Section/4/Information/3/Value/StringWithMarkup/20/String,string,1967
/Record/Section/9/Section/4/Information/3/Value/StringWithMarkup/21/String,string,1960
/Record/Section/9/Section/4/Information/3/Value/StringWithMarkup/22/String,string,1964
/Record/Section/9/Section/4/Information/3/Value/StringWithMarkup/23/String,string,1980
/Record/Section/9/Section/4/Information/3/Value/StringWithMarkup/24/String,string,1954
/Record/Section/9/Section/4/Information/3/Value/StringWithMarkup/25/String,string,1954
/Record/Section/9/Section/4/Information/3/Value/StringWithMarkup/26/String,string,1976
/Record/Section/9/Section/4/Information/3/Value/StringWithMarkup/27/String,string,1938
/Record/Section/9/Section/4/Information/3/Value/StringWithMarkup/28/String,string,1946
/Record/Section/9/Section/4/Information/3/Value/StringWithMarkup/29/String,string,1949
/Record/Section/9/Section/4/Information/3/Value/StringWithMarkup/30/String,string,1938
/Record/Section/9/Section/4/Information/3/Value/StringWithMarkup/31/String,string,1981
/Record/Section/9/Section/4/Information/3/Value/StringWithMarkup/32/String,string,1934
/Record/Section/9/Section/4/Information/3/Value/StringWithMarkup/33/String,string,1968
/Record/Section/9/Section/4/Information/3/Value/StringWithMarkup/34/String,string,1968
/Record/Section/9/Section/4/Information/3/Value/StringWithMarkup/35/String,string,1934
/Record/Section/9/Section/4/Information/3/Value/StringWithMarkup/36/String,string,1969
/Record/Section/9/Section/4/Information/3/Value/StringWithMarkup/37/String,string,1934
/Record/Section/9/Section/4/Information/3/Value/StringWithMarkup/38/String,string,1963
/Record/Section/9/Section/4/Information/3/Value/StringWithMarkup/39/String,string,1934
/Record/Section/9/Section/4/Information/3/Value/StringWithMarkup/40/String,string,1964
/Record/Section/9/Section/4/Information/3/Value/StringWithMarkup/41/String,string,2005
/Record/Section/9/Section/4/Information/3/Value/StringWithMarkup/42/String,string,1945
/Record/Section/9/Section/4/Information/3/Value/StringWithMarkup/43/String,string,1972
/Record/Section/9/Section/4/Information/3/Value/StringWithMarkup/44/String,string,1934
/Record/Section/9/Section/4/Information/3/Value/StringWithMarkup/45/String,string,1967
/Record/Section/9/Section/4/Information/3/Value/StringWithMarkup/46/String,string,1945
/Record/Section/9/Section/4/Information/3/Value/StringWithMarkup/47/String,string,1962
/Record/Section/9/Section/4/Information/3/Value/StringWithMarkup/48/String,string,1973
/Record/Section/9/Section/4/Information/3/Value/StringWithMarkup/49/String,string,1982
/Record/Section/9/Section/4/Information/3/Value/StringWithMarkup/50/String,string,1987
/Record/Section/9/Section/4/Information/3/Value/StringWithMarkup/51/String,string,2000
/Record/Section/9/Section/4/Information/3/Value/StringWithMarkup/52/String,string,2012
/Record/Section/9/Section/4/Information/3/Value/StringWithMarkup/53/String,string,2012
/Record/Section/9/Section/4/Information/3/Value/StringWithMarkup/54/String,string,2012
/Record/Section/9/Section/4/Information/3/Value/StringWithMarkup/55/String,string,2012
/Record/Section/9/Section/4/Information/4/ReferenceNumber,number,2
/Record/Section/9/Section/4/Information/4/Name,string,"Decay Modes, Intensities and Uncertainties [%]"
/Record/Section/9/Section/4/Information/4/Value/StringWithMarkup/0/String,string,β+ ?; β+p ?
/Record/Section/9/Section/4/Information/4/Value/StringWithMarkup/0/Markup/0/Start,number,1
/Record/Section/9/Section/4/Information/4/Value/StringWithMarkup/0/Markup/0/Length,number,1
/Record/Section/9/Section/4/Information/4/Value/StringWithMarkup/0/Markup/0/Type,string,Superscript
/Record/Section/9/Section/4/Information/4/Value/StringWithMarkup/0/Markup/1/Start,number,7
/Record/Section/9/Section/4/Information/4/Value/StringWithMarkup/0/Markup/1/Length,number,1
/Record/Section/9/Section/4/Information/4/Value/StringWithMarkup/0/Markup/1/Type,string,Superscript
/Record/Section/9/Section/4/Information/4/Value/StringWithMarkup/1/String,string,β+=100%; β+p≈100%
/Record/Section/9/Section/4/Information/4/Value/StringWithMarkup/1/Markup/0/Start,number,1
/Record/Section/9/Section/4/Information/4/Value/StringWithMarkup/1/Markup/0/Length,number,1
/Record/Section/9/Section/4/Information/4/Value/StringWithMarkup/1/Markup/0/Type,string,Superscript
/Record/Section/9/Section/4/Information/4/Value/StringWithMarkup/1/Markup/1/Start,number,10
/Record/Section/9/Section/4/Information/4/Value/StringWithMarkup/1/Markup/1/Length,number,1
/Record/Section/9/Section/4/Information/4/Value/StringWithMarkup/1/Markup/1/Type,string,Superscript
/Record/Section/9/Section/4/Information/4/Value/StringWithMarkup/2/String,string,β+ ?
/Record/Section/9/Section/4/Information/4/Value/StringWithMarkup/2/Markup/0/Start,number,1
/Record/Section/9/Section/4/Information/4/Value/StringWithMarkup/2/Markup/0/Length,number,1
/Record/Section/9/Section/4/Information/4/Value/StringWithMarkup/2/Markup/0/Type,string,Superscript
/Record/Section/9/Section/4/Information/4/Value/StringWithMarkup/3/String,string,β+=100%; β+p=?
/Record/Section/9/Section/4/Information/4/Value/StringWithMarkup/3/Markup/0/Start,number,1
/Record/Section/9/Section/4/Information/4/Value/StringWithMarkup/3/Markup/0/Length,number,1
/Record/Section/9/Section/4/Information/4/Value/StringWithMarkup/3/Markup/0/Type,string,Superscript
/Record/Section/9/Section/4/Information/4/Value/StringWithMarkup/3/Markup/1/Start,number,10
/Record/Section/9/Section/4/Information/4/Value/StringWithMarkup/3/Markup/1/Length,number,1
/Record/Section/9/Section/4/Information/4/Value/StringWithMarkup/3/Markup/1/Type,string,Superscript
/Record/Section/9/Section/4/Information/4/Value/StringWithMarkup/4/String,string,β+≈100%; β+p=?; IT ?
/Record/Section/9/Section/4/Information/4/Value/StringWithMarkup/4/Markup/0/Start,number,1
/Record/Section/9/Section/4/Information/4/Value/StringWithMarkup/4/Markup/0/Length,number,1
/Record/Section/9/Section/4/Information/4/Value/StringWithMarkup/4/Markup/0/Type,string,Superscript
/Record/Section/9/Section/4/Information/4/Value/StringWithMarkup/4/Markup/1/Start,number,10
/Record/Section/9/Section/4/Information/4/Value/StringWithMarkup/4/Markup/1/Length,number,1
/Record/Section/9/Section/4/Information/4/Value/StringWithMarkup/4/Markup/1/Type,string,Superscript
/Record/Section/9/Section/4/Information/4/Value/StringWithMarkup/5/String,string,IT=100%
/Record/Section/9/Section/4/Information/4/Value/StringWithMarkup/6/String,string,IT=100%
/Record/Section/9/Section/4/Information/4/Value/StringWithMarkup/7/String,string,β+=100%
/Record/Section/9/Section/4/Information/4/Value/StringWithMarkup/7/Markup/0/Start,number,1
/Record/Section/9/Section/4/Information/4/Value/StringWithMarkup/7/Markup/0/Length,number,1
/Record/Section/9/Section/4/Information/4/Value/StringWithMarkup/7/Markup/0/Type,string,Superscript
/Record/Section/9/Section/4/Information/4/Value/StringWithMarkup/8/String,string,IT=100%
/Record/Section/9/Section/4/Information/4/Value/StringWithMarkup/9/String,string,β+=?; α ?; β+p=0.008±0.2%
/Record/Section/9/Section/4/Information/4/Value/StringWithMarkup/9/Markup/0/Start,number,1
/Record/Section/9/Section/4/Information/4/Value/StringWithMarkup/9/Markup/0/Length,number,1
/Record/Section/9/Section/4/Information/4/Value/StringWithMarkup/9/Markup/0/Type,string,Superscript
/Record/Section/9/Section/4/Information/4/Value/StringWithMarkup/9/Markup/1/Start,number,12
/Record/Section/9/Section/4/Information/4/Value/StringWithMarkup/9/Markup/1/Length,number,1
/Record/Section/9/Section/4/Information/4/Value/StringWithMarkup/9/Markup/1/Type,string,Superscript
/Record/Section/9/Section/4/Information/4/Value/StringWithMarkup/10/String,string,IT=100%
/Record/Section/9/Section/4/Information/4/Value/StringWithMarkup/11/String,string,α=92.6±1.2%; β+=7.4±1.2%
/Record/Section/9/Section/4/Information/4/Value/StringWithMarkup/11/Markup/0/Start,number,14
/Record/Section/9/Section/4/Information/4/Value/StringWithMarkup/11/Markup/0/Length,number,1
/Record/Section/9/Section/4/Information/4/Value/StringWithMarkup/11/Markup/0/Type,string,Superscript
/Record/Section/9/Section/4/Information/4/Value/StringWithMarkup/12/String,string,α=89±0.5%; β+=11±0.5%
/Record/Section/9/Section/4/Information/4/Value/StringWithMarkup/12/Markup/0/Start,number,12
/Record/Section/9/Section/4/Information/4/Value/StringWithMarkup/12/Markup/0/Length,number,1
/Record/Section/9/Section/4/Information/4/Value/StringWithMarkup/12/Markup/0/Type,string,Superscript
/Record/Section/9/Section/4/Information/4/Value/StringWithMarkup/13/String,string,β+=90±0.2%; α=10±0.2%
/Record/Section/9/Section/4/Information/4/Value/StringWithMarkup/13/Markup/0/Start,number,1
/Record/Section/9/Section/4/Information/4/Value/StringWithMarkup/13/Markup/0/Length,number,1
/Record/Section/9/Section/4/Information/4/Value/StringWithMarkup/13/Markup/0/Type,string,Superscript
/Record/Section/9/Section/4/Information/4/Value/StringWithMarkup/14/String,string,β+≈100%; α=?
/Record/Section/9/Section/4/Information/4/Value/StringWithMarkup/14/Markup/0/Start,number,1
/Record/Section/9/Section/4/Information/4/Value/StringWithMarkup/14/Markup/0/Length,number,1
/Record/Section/9/Section/4/Information/4/Value/StringWithMarkup/14/Markup/0/Type,string,Superscript
/Record/Section/9/Section/4/Information/4/Value/StringWithMarkup/15/String,string,β+≈100%; α≈0.0021±1.2%
/Record/Section/9/Section/4/Information/4/Value/StringWithMarkup/15/Markup/0/Start,number,1
/Record/Section/9/Section/4/Information/4/Value/StringWithMarkup/15/Markup/0/Length,number,1
/Record/Section/9/Section/4/Information/4/Value/StringWithMarkup/15/Markup/0/Type,string,Superscript
/Record/Section/9/Section/4/Information/4/Value/StringWithMarkup/16/String,string,β+=100%
/Record/Section/9/Section/4/Information/4/Value/StringWithMarkup/16/Markup/0/Start,number,1
/Record/Section/9/Section/4/Information/4/Value/StringWithMarkup/16/Markup/0/Length,number,1
/Record/Section/9/Section/4/Information/4/Value/StringWithMarkup/16/Markup/0/Type,string,Superscript
/Record/Section/9/Section/4/Information/4/Value/StringWithMarkup/17/String,string,β+=100%
/Record/Section/9/Section/4/Information/4/Value/StringWithMarkup/17/Markup/0/Start,number,1
/Record/Section/9/Section/4/Information/4/Value/StringWithMarkup/17/Markup/0/Length,number,1
/Record/Section/9/Section/4/Information/4/Value/StringWithMarkup/17/Markup/0/Type,string,Superscript
/Record/Section/9/Section/4/Information/4/Value/StringWithMarkup/18/String,string,β+=100%
/Record/Section/9/Section/4/Information/4/Value/StringWithMarkup/18/Markup/0/Start,number,1
/Record/Section/9/Section/4/Information/4/Value/StringWithMarkup/18/Markup/0/Length,number,1
/Record/Section/9/Section/4/Information/4/Value/StringWithMarkup/18/Markup/0/Type,string,Superscript
/Record/Section/9/Section/4/Information/4/Value/StringWithMarkup/19/String,string,β+=100%
/Record/Section/9/Section/4/Information/4/Value/StringWithMarkup/19/Markup/0/Start,number,1
/Record/Section/9/Section/4/Information/4/Value/StringWithMarkup/19/Markup/0/Length,number,1
/Record/Section/9/Section/4/Information/4/Value/StringWithMarkup/19/Markup/0/Type,string,Superscript
/Record/Section/9/Section/4/Information/4/Value/StringWithMarkup/20/String,string,β+=100%
/Record/Section/9/Section/4/Information/4/Value/StringWithMarkup/20/Markup/0/Start,number,1
/Record/Section/9/Section/4/Information/4/Value/StringWithMarkup/20/Markup/0/Length,number,1
/Record/Section/9/Section/4/Information/4/Value/StringWithMarkup/20/Markup/0/Type,string,Superscript
/Record/Section/9/Section/4/Information/4/Value/StringWithMarkup/21/String,string,ε=100%
/Record/Section/9/Section/4/Information/4/Value/StringWithMarkup/22/String,string,β+=100%
/Record/Section/9/Section/4/Information/4/Value/StringWithMarkup/22/Markup/0/Start,number,1
/Record/Section/9/Section/4/Information/4/Value/StringWithMarkup/22/Markup/0/Length,number,1
/Record/Section/9/Section/4/Information/4/Value/StringWithMarkup/22/Markup/0/Type,string,Superscript
/Record/Section/9/Section/4/Information/4/Value/StringWithMarkup/23/String,string,IT=100%
/Record/Section/9/Section/4/Information/4/Value/StringWithMarkup/24/String,string,ε=100%
/Record/Section/9/Section/4/Information/4/Value/StringWithMarkup/25/String,string,β+=100%
/Record/Section/9/Section/4/Information/4/Value/StringWithMarkup/25/Markup/0/Start,number,1
/Record/Section/9/Section/4/Information/4/Value/StringWithMarkup/25/Markup/0/Length,number,1
/Record/Section/9/Section/4/Information/4/Value/StringWithMarkup/25/Markup/0/Type,string,Superscript
/Record/Section/9/Section/4/Information/4/Value/StringWithMarkup/26/String,string,IT=100%
/Record/Section/9/Section/4/Information/4/Value/StringWithMarkup/27/String,string,IS=0.123±0.3%; α ?; 2β+ ?
/Record/Section/9/Section/4/Information/4/Value/StringWithMarkup/27/Markup/0/Start,number,22
/Record/Section/9/Section/4/Information/4/Value/StringWithMarkup/27/Markup/0/Length,number,1
/Record/Section/9/Section/4/Information/4/Value/StringWithMarkup/27/Markup/0/Type,string,Superscript
/Record/Section/9/Section/4/Information/4/Value/StringWithMarkup/28/String,string,ε=100%
/Record/Section/9/Section/4/Information/4/Value/StringWithMarkup/29/String,string,IT=100%
/Record/Section/9/Section/4/Information/4/Value/StringWithMarkup/30/String,string,IS=2.982±3.9%
/Record/Section/9/Section/4/Information/4/Value/StringWithMarkup/31/String,string,IT=100%
/Record/Section/9/Section/4/Information/4/Value/StringWithMarkup/32/String,string,IS=14.086±14%
/Record/Section/9/Section/4/Information/4/Value/StringWithMarkup/33/String,string,IT=100%
/Record/Section/9/Section/4/Information/4/Value/StringWithMarkup/34/String,string,IT=100%
/Record/Section/9/Section/4/Information/4/Value/StringWithMarkup/35/String,string,IS=21.686±13%
/Record/Section/9/Section/4/Information/4/Value/StringWithMarkup/36/String,string,IT=100%
/Record/Section/9/Section/4/Information/4/Value/StringWithMarkup/37/String,string,IS=16.103±6.3%
/Record/Section/9/Section/4/Information/4/Value/StringWithMarkup/38/String,string,IT=100%
/Record/Section/9/Section/4/Information/4/Value/StringWithMarkup/39/String,string,IS=32.025±8%
/Record/Section/9/Section/4/Information/4/Value/StringWithMarkup/40/String,string,IT=100%
/Record/Section/9/Section/4/Information/4/Value/StringWithMarkup/41/String,string,IT=100%
/Record/Section/9/Section/4/Information/4/Value/StringWithMarkup/42/String,string,β-=100%
/Record/Section/9/Section/4/Information/4/Value/StringWithMarkup/42/Markup/0/Start,number,1
/Record/Section/9/Section/4/Information/4/Value/StringWithMarkup/42/Markup/0/Length,number,1
/Record/Section/9/Section/4/Information/4/Value/StringWithMarkup/42/Markup/0/Type,string,Superscript
/Record/Section/9/Section/4/Information/4/Value/StringWithMarkup/43/String,string,IT=100%
/Record/Section/9/Section/4/Information/4/Value/StringWithMarkup/44/String,string,IS=12.995±8.3%; 2β- ?; α ?
/Record/Section/9/Section/4/Information/4/Value/StringWithMarkup/44/Markup/0/Start,number,18
/Record/Section/9/Section/4/Information/4/Value/StringWithMarkup/44/Markup/0/Length,number,1
/Record/Section/9/Section/4/Information/4/Value/StringWithMarkup/44/Markup/0/Type,string,Superscript
/Record/Section/9/Section/4/Information/4/Value/StringWithMarkup/45/String,string,IT=?; β-<10%[Estimated]
/Record/Section/9/Section/4/Information/4/Value/StringWithMarkup/45/Markup/0/Start,number,7
/Record/Section/9/Section/4/Information/4/Value/StringWithMarkup/45/Markup/0/Length,number,1
/Record/Section/9/Section/4/Information/4/Value/StringWithMarkup/45/Markup/0/Type,string,Superscript
/Record/Section/9/Section/4/Information/4/Value/StringWithMarkup/46/String,string,β-=100%
/Record/Section/9/Section/4/Information/4/Value/StringWithMarkup/46/Markup/0/Start,number,1
/Record/Section/9/Section/4/Information/4/Value/StringWithMarkup/46/Markup/0/Length,number,1
/Record/Section/9/Section/4/Information/4/Value/StringWithMarkup/46/Markup/0/Type,string,Superscript
/Record/Section/9/Section/4/Information/4/Value/StringWithMarkup/47/String,string,IT=100%
/Record/Section/9/Section/4/Information/4/Value/StringWithMarkup/48/String,string,β-=100%
/Record/Section/9/Section/4/Information/4/Value/StringWithMarkup/48/Markup/0/Start,number,1
/Record/Section/9/Section/4/Information/4/Value/StringWithMarkup/48/Markup/0/Length,number,1
/Record/Section/9/Section/4/Information/4/Value/StringWithMarkup/48/Markup/0/Type,string,Superscript
/Record/Section/9/Section/4/Information/4/Value/StringWithMarkup/49/String,string,β-=100%
/Record/Section/9/Section/4/Information/4/Value/StringWithMarkup/49/Markup/0/Start,number,1
/Record/Section/9/Section/4/Information/4/Value/StringWithMarkup/49/Markup/0/Length,number,1
/Record/Section/9/Section/4/Information/4/Value/StringWithMarkup/49/Markup/0/Type,string,Superscript
/Record/Section/9/Section/4/Information/4/Value/StringWithMarkup/50/String,string,β-=100%
/Record/Section/9/Section/4/Information/4/Value/StringWithMarkup/50/Markup/0/Start,number,1
/Record/Section/9/Section/4/Information/4/Value/StringWithMarkup/50/Markup/0/Length,number,1
/Record/Section/9/Section/4/Information/4/Value/StringWithMarkup/50/Markup/0/Type,string,Superscript
/Record/Section/9/Section/4/Information/4/Value/StringWithMarkup/51/String,string,β- ?
/Record/Section/9/Section/4/Information/4/Value/StringWithMarkup/51/Markup/0/Start,number,1
/Record/Section/9/Section/4/Information/4/Value/StringWithMarkup/51/Markup/0/Length,number,1
/Record/Section/9/Section/4/Information/4/Value/StringWithMarkup/51/Markup/0/Type,string,Superscript
/Record/Section/9/Section/4/Information/4/Value/StringWithMarkup/52/String,string,β- ?
/Record/Section/9/Section/4/Information/4/Value/StringWithMarkup/52/Markup/0/Start,number,1
/Record/Section/9/Section/4/Information/4/Value/StringWithMarkup/52/Markup/0/Length,number,1
/Record/Section/9/Section/4/Information/4/Value/StringWithMarkup/52/Markup/0/Type,string,Superscript
/Record/Section/9/Section/4/Information/4/Value/StringWithMarkup/53/String,string,β- ?
/Record/Section/9/Section/4/Information/4/Value/StringWithMarkup/53/Markup/0/Start,number,1
/Record/Section/9/Section/4/Information/4/Value/StringWithMarkup/53/Markup/0/Length,number,1
/Record/Section/9/Section/4/Information/4/Value/StringWithMarkup/53/Markup/0/Type,string,Superscript
/Record/Section/9/Section/4/Information/4/Value/StringWithMarkup/54/String,string,β- ?
/Record/Section/9/Section/4/Information/4/Value/StringWithMarkup/54/Markup/0/Start,number,1
/Record/Section/9/Section/4/Information/4/Value/StringWithMarkup/54/Markup/0/Length,number,1
/Record/Section/9/Section/4/Information/4/Value/StringWithMarkup/54/Markup/0/Type,string,Superscript
/Record/Section/9/Section/4/Information/4/Value/StringWithMarkup/55/String,string,β- ?
/Record/Section/9/Section/4/Information/4/Value/StringWithMarkup/55/Markup/0/Start,number,1
/Record/Section/9/Section/4/Information/4/Value/StringWithMarkup/55/Markup/0/Length,number,1
/Record/Section/9/Section/4/Information/4/Value/StringWithMarkup/55/Markup/0/Type,string,Superscript
/Record/Reference/0/ReferenceNumber,number,1
/Record/Reference/0/SourceName,string,PubChem
/Record/Reference/0/SourceID,string,PubChem
/Record/Reference/0/Description,string,Data deposited in or computed by PubChem
/Record/Reference/0/URL,string,https://pubchem.ncbi.nlm.nih.gov
/Record/Reference/1/ReferenceNumber,number,2
/Record/Reference/1/SourceName,string,"Atomic Mass Data Center (AMDC), International Atomic Energy Agency (IAEA)"
/Record/Reference/1/SourceID,string,e70
/Record/Reference/1/Name,string,Yb
/Record/Reference/1/Description,string,The half-life and atomic mass data was provided by the Atomic Mass Data Center at the International Atomic Energy Agency.
/Record/Reference/1/URL,string,https://www-nds.iaea.org/amdc/
/Record/Reference/1/LicenseURL,string,https://www-nds.iaea.org/disclaimer.html
/Record/Reference/1/ANID,number,6590297
/Record/Reference/2/ReferenceNumber,number,3
/Record/Reference/2/SourceName,string,IUPAC Commission on Isotopic Abundances and Atomic Weights (CIAAW)
/Record/Reference/2/SourceID,string,a70
/Record/Reference/2/Name,string,Ytterbium
/Record/Reference/2/Description,string,Element data are cited from the Atomic weights of the elements (an IUPAC Technical Report). The IUPAC periodic table of elements can be found at https://iupac.org/what-we-do/periodic-table-of-elements/. Additional information can be found within IUPAC publication doi:10.1515/pac-2015-0703 Copyright © 2020 International Union of Pure and Applied Chemistry.
/Record/Reference/2/URL,string,https://www.ciaaw.org/ytterbium.htm
/Record/Reference/2/LicenseURL,string,http://www.ciaaw.org/bylaws.htm
/Record/Reference/2/ANID,number,2292451
/Record/Reference/3/ReferenceNumber,number,5
/Record/Reference/3/SourceName,string,"Jefferson Lab, U.S. Department of Energy"
/Record/Reference/3/SourceID,string,jlab70
/Record/Reference/3/Name,string,Ytterbium
/Record/Reference/3/Description,string,"Thomas Jefferson National Accelerator Facility (Jefferson Lab) is one of 17 national laboratories funded by the U.S. Department of Energy. The lab's primary mission is to conduct basic research of the atom's nucleus using the lab's unique particle accelerator, known as the Continuous Electron Beam Accelerator Facility (CEBAF). For more information visit https://www.jlab.org/"
/Record/Reference/3/URL,string,https://education.jlab.org/itselemental/ele070.html
/Record/Reference/3/LicenseNote,string,Please see citation and linking information: https://education.jlab.org/faq/index.html
/Record/Reference/3/LicenseURL,string,https://www.jlab.org/privacy-and-security-notice
/Record/Reference/3/ANID,number,507132
/Record/Reference/4/ReferenceNumber,number,6
/Record/Reference/4/SourceName,string,"Los Alamos National Laboratory, U.S. Department of Energy"
/Record/Reference/4/SourceID,string,lanl70
/Record/Reference/4/Name,string,Ytterbium
/Record/Reference/4/Description,string,"The periodic table at the LANL (Los Alamos National Laboratory) contains basic element information together with the history, source, properties, use, handling and more. The provenance data may be found from the link under the source name."
/Record/Reference/4/URL,string,https://periodic.lanl.gov/70.shtml
/Record/Reference/4/ANID,number,507250
/Record/Reference/5/ReferenceNumber,number,7
/Record/Reference/5/SourceName,string,NIST Physical Measurement Laboratory
/Record/Reference/5/SourceID,string,e70
/Record/Reference/5/Name,string,Ytterbium
/Record/Reference/5/Description,string,"The periodic table contains NIST's critically-evaluated data on atomic properties of the elements. The provenance data that include data for atomic spectroscopy, X-ray and gamma ray, radiation dosimetry, nuclear physics, and condensed matter physics may be found from the link under the source name. Ref: https://www.nist.gov/pml/atomic-spectra-database"
/Record/Reference/5/URL,string,https://physics.nist.gov/cgi-bin/Elements/elInfo.pl?element=70
/Record/Reference/5/LicenseURL,string,https://www.nist.gov/pml/database-disclaimer
/Record/Reference/5/ANID,number,2292687
/Record/Reference/6/ReferenceNumber,number,4
/Record/Reference/6/SourceName,string,IUPAC Periodic Table of the Elements and Isotopes (IPTEI)
/Record/Reference/6/SourceID,string,p70
/Record/Reference/6/Description,string,"The information are cited from Pure Appl. Chem. 2018; 90(12): 1833-2092, https://doi.org/10.1515/pac-2015-0703."
/Record/Reference/6/URL,string,https://doi.org/10.1515/pac-2015-0703
/Record/Reference/6/LicenseNote,string,"Copyright (c) 2020 International Union of Pure and Applied Chemistry.

The International Union of Pure and Applied Chemistry (IUPAC) contribution within Pubchem is provided under a CC-BY-NC-ND 4.0 license, unless otherwise stated."
/Record/Reference/6/LicenseURL,string,https://creativecommons.org/licenses/by-nc-nd/4.0/
/Record/Reference/6/ANID,number,13296475
/Record/Reference/7/ReferenceNumber,number,9
/Record/Reference/7/SourceName,string,PubChem Elements
/Record/Reference/7/SourceID,string,ep_70
/Record/Reference/7/Name,string,Ytterbium
/Record/Reference/7/Description,string,The element property data was retrieved from publications.
/Record/Reference/7/LicenseURL,string,https://www.nlm.nih.gov/copyright.html
/Record/Reference/7/ANID,number,24834176
/Record/Reference/8/ReferenceNumber,number,8
/Record/Reference/8/SourceName,string,PubChem Elements
/Record/Reference/8/SourceID,string,ef_70
/Record/Reference/8/Name,string,Ytterbium
/Record/Reference/8/Description,string,This section provides all form of data related to element Ytterbium.
/Record/Reference/8/LicenseURL,string,https://www.nlm.nih.gov/copyright.html
/Record/Reference/8/ANID,number,24833998
