path,type,value
/Record/RecordType,string,AtomicNumber
/Record/RecordNumber,number,54
/Record/RecordTitle,string,Xenon
/Record/Section/0/TOCHeading,string,Identifiers
/Record/Section/0/Description,string,"Identifiers for this element, including element name, element symbol, InChI string, and InChIKey."
/Record/Section/0/Section/0/TOCHeading,string,Element Name
/Record/Section/0/Section/0/Description,string,"The formal, standard name for a given element, originating from factors such as common usage and the person or place involved in its discovery. Element, also called chemical element, refers to a species of atom; all varieties of atoms with the same number of protons in the nucleus (but possibly a different number of neutrons) are considered to be the same element."
/Record/Section/0/Section/0/Information/0/ReferenceNumber,number,1
/Record/Section/0/Section/0/Information/0/Name,string,Element Name
/Record/Section/0/Section/0/Information/0/Value/StringWithMarkup/0/String,string,Xenon
/Record/Section/0/Section/0/Information/1/ReferenceNumber,number,3
/Record/Section/0/Section/0/Information/1/Name,string,Element Name
/Record/Section/0/Section/0/Information/1/Value/StringWithMarkup/0/String,string,Xenon
/Record/Section/0/Section/1/TOCHeading,string,Element Symbol
/Record/Section/0/Section/1/Description,string,"Element symbol, also called atomic symbol, typically consists of one or two letters from the Latin alphabet derived from the element name in one of several languages."
/Record/Section/0/Section/1/Information/0/ReferenceNumber,number,1
/Record/Section/0/Section/1/Information/0/Name,string,Element Symbol
/Record/Section/0/Section/1/Information/0/Value/StringWithMarkup/0/String,string,Xe
/Record/Section/0/Section/1/Information/1/ReferenceNumber,number,3
/Record/Section/0/Section/1/Information/1/Name,string,Element Symbol
/Record/Section/0/Section/1/Information/1/Value/StringWithMarkup/0/String,string,Xe
/Record/Section/0/Section/2/TOCHeading,string,InChI
/Record/Section/0/Section/2/Description,string,"The International Chemical Identifier (InChI) is a computed, non-proprietary identifier for a chemical structure.  The InChI is an International Union of Pure and Applied Chemistry (IUPAC) standard."
/Record/Section/0/Section/2/URL,string,https://iupac.org/who-we-are/divisions/division-details/inchi/
/Record/Section/0/Section/2/Information/0/ReferenceNumber,number,1
/Record/Section/0/Section/2/Information/0/Name,string,InChI
/Record/Section/0/Section/2/Information/0/Value/StringWithMarkup/0/String,string,InChI=1S/Xe
/Record/Section/0/Section/3/TOCHeading,string,InChIKey
/Record/Section/0/Section/3/Description,string,"An InChIKey is a 27-character hashed code derived from an InChI.  The International Chemical Identifier (InChI) is a computed, non-proprietary identifier for a chemical structure.  The InChI is an International Union of Pure and Applied Chemistry (IUPAC) standard."
/Record/Section/0/Section/3/URL,string,https://iupac.org/who-we-are/divisions/division-details/inchi/
/Record/Section/0/Section/3/Information/0/ReferenceNumber,number,1
/Record/Section/0/Section/3/Information/0/Name,string,InChIKey
/Record/Section/0/Section/3/Information/0/Value/StringWithMarkup/0/String,string,FHNFHKCVQCLJFQ-UHFFFAOYSA-N
/Record/Section/1/TOCHeading,string,Properties
/Record/Section/1/Description,string,"Characteristics of this element, such as atomic number, atomic mass, density, melting point, boiling point and so on."
/Record/Section/1/Section/0/TOCHeading,string,Atomic Weight
/Record/Section/1/Section/0/Description,string,"Also called relative atomic mass, is the ratio of the average mass of the atom to the unified atomic mass unit, defined as one twelfth of the mass of a carbon-12 atom in its ground state and used to express masses of atomic particles, u=1.660 5402(10) * 10**(-27) kg. The Standard atomic weights refer to recommended values of relative atomic masses of the elements revised biennially by the IUPAC Commission on Atomic Weights and Isotopic Abundances and applicable to elements in any normal sample with a high level of confidence. The number in the parenthesis refers to an uncertainty when exists. The unit of atomic weight is the dalton or unified atomic mass unit (symbol: Da or u)."
/Record/Section/1/Section/0/Information/0/ReferenceNumber,number,3
/Record/Section/1/Section/0/Information/0/Name,string,Atomic Weight
/Record/Section/1/Section/0/Information/0/Value/StringWithMarkup/0/String,string,131.293(6)
/Record/Section/1/Section/0/Information/1/ReferenceNumber,number,5
/Record/Section/1/Section/0/Information/1/Value/StringWithMarkup/0/String,string,131.293
/Record/Section/1/Section/0/Information/2/ReferenceNumber,number,6
/Record/Section/1/Section/0/Information/2/Value/StringWithMarkup/0/String,string,131.3
/Record/Section/1/Section/0/Information/3/ReferenceNumber,number,7
/Record/Section/1/Section/0/Information/3/Value/StringWithMarkup/0/String,string,131.293(6)
/Record/Section/1/Section/1/TOCHeading,string,Electron Configuration
/Record/Section/1/Section/1/Description,string,"The electron configuration refers a distribution of the electrons of an atom or a molecular entity over a set of one-electron wavefunctions (called orbitals), according to the Pauli principle. From one configuration several states with different multiplicities may result."
/Record/Section/1/Section/1/URL,string,https://chem.libretexts.org/Courses/Sacramento_City_College/SCC%3A_Chem_420_-_Organic_Chemistry_I/Text/01%3A_Introduction_and_Review/1.04%3A_Electron_Configurations
/Record/Section/1/Section/1/Information/0/ReferenceNumber,number,6
/Record/Section/1/Section/1/Information/0/Value/StringWithMarkup/0/String,string,[Kr]5s24d105p6
/Record/Section/1/Section/1/Information/0/Value/StringWithMarkup/0/Markup/0/Start,number,6
/Record/Section/1/Section/1/Information/0/Value/StringWithMarkup/0/Markup/0/Length,number,1
/Record/Section/1/Section/1/Information/0/Value/StringWithMarkup/0/Markup/0/Type,string,Superscript
/Record/Section/1/Section/1/Information/0/Value/StringWithMarkup/0/Markup/1/Start,number,9
/Record/Section/1/Section/1/Information/0/Value/StringWithMarkup/0/Markup/1/Length,number,2
/Record/Section/1/Section/1/Information/0/Value/StringWithMarkup/0/Markup/1/Type,string,Superscript
/Record/Section/1/Section/1/Information/0/Value/StringWithMarkup/0/Markup/2/Start,number,13
/Record/Section/1/Section/1/Information/0/Value/StringWithMarkup/0/Markup/2/Length,number,1
/Record/Section/1/Section/1/Information/0/Value/StringWithMarkup/0/Markup/2/Type,string,Superscript
/Record/Section/1/Section/2/TOCHeading,string,Atomic Radius
/Record/Section/1/Section/2/Description,string,"The atomic radius of a chemical element is a measure of the size of its atom, usually, the distance from the center of the nucleus to the outermost isolated electron.  Because an atom does not have a discrete boundary, there are various non-equivalent definitions of atomic radius, such as Van der Waals radius and covalent radius."
/Record/Section/1/Section/2/Information/0/ReferenceNumber,number,6
/Record/Section/1/Section/2/Information/0/Name,string,Van der Waals Atomic Radius
/Record/Section/1/Section/2/Information/0/Value/StringWithMarkup/0/String,string,216 pm (Van der Waals)
/Record/Section/1/Section/2/Information/1/ReferenceNumber,number,9
/Record/Section/1/Section/2/Information/1/Name,string,Covalent Atomic Radius
/Record/Section/1/Section/2/Information/1/Reference/0,string,"B. Cordero, V. Gómez, A.E. Platero-Prats, M. Revés, J. Echeverría, E. Cremades, F. Barragán, S. Alvarez, Dalton Trans. 2008, 21, 2832-2838. DOI:10.1039/b801115j PMID:18478144."
/Record/Section/1/Section/2/Information/1/ExtendedReference/0/Citation,string,"B. Cordero, V. Gómez, A.E. Platero-Prats, M. Revés, J. Echeverría, E. Cremades, F. Barragán, S. Alvarez, Dalton Trans. 2008, 21, 2832-2838. DOI:10.1039/b801115j PMID:18478144."
/Record/Section/1/Section/2/Information/1/Value/StringWithMarkup/0/String,string,140(9) pm (Covalent)
/Record/Section/1/Section/3/TOCHeading,string,Oxidation States
/Record/Section/1/Section/3/Description,string,"The oxidation state(s) that this element commonly has in a compound.  The oxidation state of an atom is defined as the hypothetical charge that would be held by that atom if all of its bonds to other atoms were completely ionic in nature. For example, the oxidation state of carbon in CO2 would be +4 since the hypothetical charge held by the carbon atom if both of the carbon-oxygen double bonds were completely ionic would be equal to +4 (each oxygen atom would hold a charge of -2 since oxygen is more electronegative than carbon)."
/Record/Section/1/Section/3/URL,string,https://chem.libretexts.org/Bookshelves/General_Chemistry/Map%3A_Chemistry_-_The_Central_Science_(Brown_et_al.)/20%3A_Electrochemistry/20.01%3A_Oxidation_States_and_Redox_Reactions
/Record/Section/1/Section/3/Information/0/ReferenceNumber,number,5
/Record/Section/1/Section/3/Information/0/Value/StringWithMarkup/0/String,string,0
/Record/Section/1/Section/3/Information/1/ReferenceNumber,number,6
/Record/Section/1/Section/3/Information/1/Value/StringWithMarkup/0/String,string,"0, +1, +2, +4, +6, +8 ​(rarely more than 0; a weakly acidic oxide)"
/Record/Section/1/Section/4/TOCHeading,string,Ground Level
/Record/Section/1/Section/4/Description,string,Also called ground-state level. The ground state electron configuration is the arrangement of electrons around the nucleus of an atom with lower energy levels.
/Record/Section/1/Section/4/Information/0/ReferenceNumber,number,7
/Record/Section/1/Section/4/Information/0/Value/StringWithMarkup/0/String,string,1S0
/Record/Section/1/Section/4/Information/0/Value/StringWithMarkup/0/Markup/0/Start,number,0
/Record/Section/1/Section/4/Information/0/Value/StringWithMarkup/0/Markup/0/Length,number,1
/Record/Section/1/Section/4/Information/0/Value/StringWithMarkup/0/Markup/0/Type,string,Superscript
/Record/Section/1/Section/4/Information/0/Value/StringWithMarkup/0/Markup/1/Start,number,2
/Record/Section/1/Section/4/Information/0/Value/StringWithMarkup/0/Markup/1/Length,number,1
/Record/Section/1/Section/4/Information/0/Value/StringWithMarkup/0/Markup/1/Type,string,Subscript
/Record/Section/1/Section/5/TOCHeading,string,Ionization Energy
/Record/Section/1/Section/5/Description,string,"Ionization energy, also called ionization potential, is the amount of energy required to remove an electron from an isolated atom or molecule."
/Record/Section/1/Section/5/URL,string,https://www.britannica.com/science/ionization-energy
/Record/Section/1/Section/5/Information/0/ReferenceNumber,number,5
/Record/Section/1/Section/5/Information/0/Value/StringWithMarkup/0/String,string,12.130 eV
/Record/Section/1/Section/5/Information/1/ReferenceNumber,number,7
/Record/Section/1/Section/5/Information/1/Reference/0,string,"Energy Levels and Observed Spectral Lines of Xenon, Xe I through Xe LIV, E. B. Saloman, J. Phys. Chem. Ref. Data 33, 765–921 (2004) DOI:10.1063/1.1649348"
/Record/Section/1/Section/5/Information/1/Reference/1,string,"Vacuum-Ultraviolet Spectroscopy of Xe: Hyperfine Splittings, Isotope Shifts, and Isotope-Dependent Ionization Energies, F. Brandi, I. Velchev, W. Hogervorst, and W. Ubachs, Phys. Rev. A 64, 032505 (2001) DOI:10.1103/PhysRevA.64.032505"
/Record/Section/1/Section/5/Information/1/Reference/2,string,"One-Photon Laser Spectroscopy of the np and nf Rydberg Series in Xenon, R. D. Knight and L.-G. Wang, J. Opt. Soc. Am. B 2, 1084–1087 (1985) DOI:10.1364/JOSAB.2.001084"
/Record/Section/1/Section/5/Information/1/ExtendedReference/0/Citation,string,"Energy Levels and Observed Spectral Lines of Xenon, Xe I through Xe LIV, E. B. Saloman, J. Phys. Chem. Ref. Data 33, 765–921 (2004) DOI:10.1063/1.1649348"
/Record/Section/1/Section/5/Information/1/ExtendedReference/1/Citation,string,"Vacuum-Ultraviolet Spectroscopy of Xe: Hyperfine Splittings, Isotope Shifts, and Isotope-Dependent Ionization Energies, F. Brandi, I. Velchev, W. Hogervorst, and W. Ubachs, Phys. Rev. A 64, 032505 (2001) DOI:10.1103/PhysRevA.64.032505"
/Record/Section/1/Section/5/Information/1/ExtendedReference/2/Citation,string,"One-Photon Laser Spectroscopy of the np and nf Rydberg Series in Xenon, R. D. Knight and L.-G. Wang, J. Opt. Soc. Am. B 2, 1084–1087 (1985) DOI:10.1364/JOSAB.2.001084"
/Record/Section/1/Section/5/Information/1/Value/StringWithMarkup/0/String,string,12.1298437 ± 0.0000015 eV
/Record/Section/1/Section/6/TOCHeading,string,Electronegativity
/Record/Section/1/Section/6/Description,string,Electronegativity is a measure of the tendency of an atom to attract a bonding pair of electrons.
/Record/Section/1/Section/6/URL,string,https://chem.libretexts.org/Bookshelves/Physical_and_Theoretical_Chemistry_Textbook_Maps/Supplemental_Modules_(Physical_and_Theoretical_Chemistry)/Physical_Properties_of_Matter/Atomic_and_Molecular_Properties/Electronegativity
/Record/Section/1/Section/6/Information/0/ReferenceNumber,number,9
/Record/Section/1/Section/6/Information/0/Name,string,Pauling Scale Electronegativity
/Record/Section/1/Section/6/Information/0/Reference/0,string,"A.L. Allred, J. Inorg. Nucl. Chem., 1961, 17(3-4), 215-221. DOI:10.1016/0022-1902(61)80142-5"
/Record/Section/1/Section/6/Information/0/ExtendedReference/0/Citation,string,"A.L. Allred, J. Inorg. Nucl. Chem., 1961, 17(3-4), 215-221. DOI:10.1016/0022-1902(61)80142-5"
/Record/Section/1/Section/6/Information/0/Value/Number/0,number,2.6
/Record/Section/1/Section/6/Information/0/Value/Unit,string,(Pauling Scale)
/Record/Section/1/Section/6/Information/1/ReferenceNumber,number,9
/Record/Section/1/Section/6/Information/1/Name,string,Allen Scale Electronegativity
/Record/Section/1/Section/6/Information/1/Reference/0,string,"L.C. Allen, J. Am. Chem. Soc., 1989, 111, 9003. DOI:10.1021/ja00207a003"
/Record/Section/1/Section/6/Information/1/Reference/1,string,"J.B. Mann, T.L. Meek and L.C. Allen, J. Am. Chem. Soc., 2000, 122, 2780. DOI:10.1021/ja992866e"
/Record/Section/1/Section/6/Information/1/Reference/2,string,"J.B. Mann, T.L. Meek, E.T. Knight, J.F. Capitani and L.C Allen, J. Am. Chem. Soc., 2000, 122, 5132. DOI:10.1021/ja9928677"
/Record/Section/1/Section/6/Information/1/ExtendedReference/0/Citation,string,"L.C. Allen, J. Am. Chem. Soc., 1989, 111, 9003. DOI:10.1021/ja00207a003"
/Record/Section/1/Section/6/Information/1/ExtendedReference/1/Citation,string,"J.B. Mann, T.L. Meek and L.C. Allen, J. Am. Chem. Soc., 2000, 122, 2780. DOI:10.1021/ja992866e"
/Record/Section/1/Section/6/Information/1/ExtendedReference/2/Citation,string,"J.B. Mann, T.L. Meek, E.T. Knight, J.F. Capitani and L.C Allen, J. Am. Chem. Soc., 2000, 122, 5132. DOI:10.1021/ja9928677"
/Record/Section/1/Section/6/Information/1/Value/Number/0,number,2.582
/Record/Section/1/Section/6/Information/1/Value/Unit,string,(Allen Scale)
/Record/Section/1/Section/7/TOCHeading,string,Electron Affinity
/Record/Section/1/Section/7/Description,string,"Electron affinity refers to the energy released when an additional electron is attached to a neutral atom to form a singly charged negative ion.  Alternatively, it can also be defined as the energy required to detach an electron from the singly charged negative ion."
/Record/Section/1/Section/7/URL,string,https://chem.libretexts.org/Bookshelves/Physical_and_Theoretical_Chemistry_Textbook_Maps/Supplemental_Modules_(Physical_and_Theoretical_Chemistry)/Physical_Properties_of_Matter/Atomic_and_Molecular_Properties/Electron_Affinity
/Record/Section/1/Section/7/Information/0/ReferenceNumber,number,9
/Record/Section/1/Section/7/Information/0/Reference/0,string,"R.T Myers, J. Chem. Edu., 1990, 67(4), 307. DOI:10.1021/ed067p307"
/Record/Section/1/Section/7/Information/0/ExtendedReference/0/Citation,string,"R.T Myers, J. Chem. Edu., 1990, 67(4), 307. DOI:10.1021/ed067p307"
/Record/Section/1/Section/7/Information/0/Value/Number/0,number,0
/Record/Section/1/Section/7/Information/0/Value/Unit,string,eV
/Record/Section/1/Section/7/Information/1/ReferenceNumber,number,9
/Record/Section/1/Section/7/Information/1/Reference/0,string,"R.J. Zollweg, J. Chem. Phys., 1969, 50, 4251. DOI:10.1063/1.1670890"
/Record/Section/1/Section/7/Information/1/ExtendedReference/0/Citation,string,"R.J. Zollweg, J. Chem. Phys., 1969, 50, 4251. DOI:10.1063/1.1670890"
/Record/Section/1/Section/7/Information/1/Value/Number/0,number,-0.45
/Record/Section/1/Section/7/Information/1/Value/Unit,string,eV
/Record/Section/1/Section/8/TOCHeading,string,Atomic Spectra
/Record/Section/1/Section/8/Description,string,The spectrum of the electromagnetic radiation emitted or absorbed by an electron during transitions between different energy levels within an atom.
/Record/Section/1/Section/8/Information/0/ReferenceNumber,number,7
/Record/Section/1/Section/8/Information/0/URL,string,https://physics.nist.gov/cgi-bin/ASD/lines_hold.pl?el=Xe
/Record/Section/1/Section/8/Information/0/Value/StringWithMarkup/0/String,string,Lines Holdings
/Record/Section/1/Section/8/Information/1/ReferenceNumber,number,7
/Record/Section/1/Section/8/Information/1/URL,string,https://physics.nist.gov/cgi-bin/ASD/levels_hold.pl?el=Xe
/Record/Section/1/Section/8/Information/1/Value/StringWithMarkup/0/String,string,Levels Holdings
/Record/Section/1/Section/9/TOCHeading,string,Physical Description
/Record/Section/1/Section/9/Description,string,"The appearance or features of this element, including color, odor, state, taste and more in general."
/Record/Section/1/Section/9/Information/0/ReferenceNumber,number,5
/Record/Section/1/Section/9/Information/0/Value/StringWithMarkup/0/String,string,Gas
/Record/Section/1/Section/10/TOCHeading,string,Element Classification
/Record/Section/1/Section/10/Description,string,"Classification according to the element's chemical and physical properties, and location within the periodic table."
/Record/Section/1/Section/10/Information/0/ReferenceNumber,number,5
/Record/Section/1/Section/10/Information/0/Value/StringWithMarkup/0/String,string,Non-metal
/Record/Section/1/Section/11/TOCHeading,string,Element Period Number
/Record/Section/1/Section/11/Description,string,The element period number refers to a horizontal row of the periodic table. The periodic table has 7 periods.
/Record/Section/1/Section/11/Information/0/ReferenceNumber,number,5
/Record/Section/1/Section/11/Information/0/Value/StringWithMarkup/0/String,string,5
/Record/Section/1/Section/12/TOCHeading,string,Element Group Number
/Record/Section/1/Section/12/Description,string,Element group refers to a set of chemical elements in the same vertical column of the periodic table
/Record/Section/1/Section/12/Information/0/ReferenceNumber,number,5
/Record/Section/1/Section/12/Information/0/Value/StringWithMarkup/0/String,string,18 - Noble Gas
/Record/Section/1/Section/13/TOCHeading,string,Density
/Record/Section/1/Section/13/Description,string,This section provides information on the density of an element. It is the mass of a unit volume of the element and commonly expressed in units of kg/m3 or g/cm3.
/Record/Section/1/Section/13/URL,string,https://chem.libretexts.org/Bookshelves/Introductory_Chemistry/Map%3A_Fundamentals_of_General_Organic_and_Biological_Chemistry_(McMurry_et_al.)/01%3A_Matter_and_Measurements/1.12%3A_Density_and_Specific_Gravity
/Record/Section/1/Section/13/Information/0/ReferenceNumber,number,5
/Record/Section/1/Section/13/Information/0/Value/StringWithMarkup/0/String,string,0.005887 grams per cubic centimeter
/Record/Section/1/Section/14/TOCHeading,string,Melting Point
/Record/Section/1/Section/14/Description,string,"This section provides the melting point and/or freezing point. The melting point is the temperature at which a substance changes state from solid to liquid at atmospheric pressure. When considered as the temperature of the reverse change (from liquid to solid), it is referred to as the freezing point."
/Record/Section/1/Section/14/URL,string,https://chem.libretexts.org/Bookshelves/Organic_Chemistry/Organic_Chemistry_Lab_Techniques_(Nichols)/06%3A_Miscellaneous_Techniques/6.01%3A_Melting_Point
/Record/Section/1/Section/14/Information/0/ReferenceNumber,number,5
/Record/Section/1/Section/14/Information/0/Value/StringWithMarkup/0/String,string,161.36 K (-111.79°C or -169.22°F)
/Record/Section/1/Section/14/Information/1/ReferenceNumber,number,6
/Record/Section/1/Section/14/Information/1/Value/StringWithMarkup/0/String,string,-111.75°C
/Record/Section/1/Section/15/TOCHeading,string,Boiling Point
/Record/Section/1/Section/15/Description,string,The temperature at which this element changes state from liquid to gas at a given atmospheric pressure.
/Record/Section/1/Section/15/URL,string,https://chem.libretexts.org/Bookshelves/Organic_Chemistry/Organic_Chemistry_Lab_Techniques_(Nichols)/06%3A_Miscellaneous_Techniques/6.02%3A_Boiling_Point
/Record/Section/1/Section/15/Information/0/ReferenceNumber,number,5
/Record/Section/1/Section/15/Information/0/Value/StringWithMarkup/0/String,string,165.03 K (-108.12°C or -162.62°F)
/Record/Section/1/Section/15/Information/1/ReferenceNumber,number,6
/Record/Section/1/Section/15/Information/1/Value/StringWithMarkup/0/String,string,-108.099°C
/Record/Section/1/Section/16/TOCHeading,string,Estimated Crustal Abundance
/Record/Section/1/Section/16/Description,string,The estimated element abundance in the earth's crust.
/Record/Section/1/Section/16/Information/0/ReferenceNumber,number,5
/Record/Section/1/Section/16/Information/0/Value/StringWithMarkup/0/String,string,3×10-5 milligrams per kilogram
/Record/Section/1/Section/16/Information/0/Value/StringWithMarkup/0/Markup/0/Start,number,4
/Record/Section/1/Section/16/Information/0/Value/StringWithMarkup/0/Markup/0/Length,number,2
/Record/Section/1/Section/16/Information/0/Value/StringWithMarkup/0/Markup/0/Type,string,Superscript
/Record/Section/1/Section/17/TOCHeading,string,Estimated Oceanic Abundance
/Record/Section/1/Section/17/Description,string,The estimated element abundance in the earth's oceans.
/Record/Section/1/Section/17/Information/0/ReferenceNumber,number,5
/Record/Section/1/Section/17/Information/0/Value/StringWithMarkup/0/String,string,5×10-5 milligrams per liter
/Record/Section/1/Section/17/Information/0/Value/StringWithMarkup/0/Markup/0/Start,number,4
/Record/Section/1/Section/17/Information/0/Value/StringWithMarkup/0/Markup/0/Length,number,2
/Record/Section/1/Section/17/Information/0/Value/StringWithMarkup/0/Markup/0/Type,string,Superscript
/Record/Section/2/TOCHeading,string,History
/Record/Section/2/Description,string,The history of the discovery and use of this element.
/Record/Section/2/Information/0/ReferenceNumber,number,3
/Record/Section/2/Information/0/Name,string,History
/Record/Section/2/Information/0/Value/StringWithMarkup/0/String,string,"The name derives from the Greek xenos for ""the stranger"". It was discovered by the Scottish chemist William Ramsay and the English chemist Morris William Travers in 1898 in a liquefied air sample."
/Record/Section/2/Information/0/Value/StringWithMarkup/0/Markup/0/Start,number,32
/Record/Section/2/Information/0/Value/StringWithMarkup/0/Markup/0/Length,number,5
/Record/Section/2/Information/0/Value/StringWithMarkup/0/Markup/0/Type,string,Italics
/Record/Section/2/Information/1/ReferenceNumber,number,5
/Record/Section/2/Information/1/Value/StringWithMarkup/0/String,string,"Xenon was discovered by Sir William Ramsay, a Scottish chemist, and Morris M. Travers, an English chemist, on July 12, 1898, shortly after their discovery of the elements krypton and neon. Like krypton and neon, xenon was discovered through the study of liquefied air. The earth's atmosphere is about 0.0000087% xenon."
/Record/Section/2/Information/2/ReferenceNumber,number,6
/Record/Section/2/Information/2/Value/StringWithMarkup/0/String,string,"From the Greek word xenon, stranger. Discovered in 1898 by Ramsay and Travers in residue left after evaporating liquid air. Xenon is a member of the so-called noble or ""inert"" gases. It is present in the atmosphere to the extent of about one part in twenty million. Xenon is present in the Martian atmosphere to the extent of 0.08 ppm. the element is found in the gases evolved from certain mineral springs, and is commercially obtained by extraction from liquid air."
/Record/Section/2/Section/0/TOCHeading,string,Historical Atomic Weights
/Record/Section/2/Section/0/Description,string,This section provides the historical atomic weights. The atomic weight shown in brackets means the value range while others shown with uncertainty in parenthesis.
/Record/Section/2/Section/0/DisplayControls/CreateTable/FromInformationIn,string,ThisSection
/Record/Section/2/Section/0/DisplayControls/CreateTable/NumberOfColumns,number,3
/Record/Section/2/Section/0/DisplayControls/CreateTable/ColumnsFromNamedLists/Name/0,string,Year
/Record/Section/2/Section/0/DisplayControls/CreateTable/ColumnsFromNamedLists/Name/1,string,Atomic Weight (uncertainty) [u]
/Record/Section/2/Section/0/DisplayControls/CreateTable/ColumnsFromNamedLists/Name/2,string,Reference
/Record/Section/2/Section/0/DisplayControls/CreateTable/ColumnsFromNamedLists/UseNamesAsColumnHeadings,boolean,true
/Record/Section/2/Section/0/Information/0/ReferenceNumber,number,3
/Record/Section/2/Section/0/Information/0/Name,string,Year
/Record/Section/2/Section/0/Information/0/Value/StringWithMarkup/0/String,string,1999
/Record/Section/2/Section/0/Information/0/Value/StringWithMarkup/1/String,string,1985
/Record/Section/2/Section/0/Information/0/Value/StringWithMarkup/2/String,string,1979
/Record/Section/2/Section/0/Information/0/Value/StringWithMarkup/3/String,string,1969
/Record/Section/2/Section/0/Information/0/Value/StringWithMarkup/4/String,string,1955
/Record/Section/2/Section/0/Information/0/Value/StringWithMarkup/5/String,string,1932
/Record/Section/2/Section/0/Information/0/Value/StringWithMarkup/6/String,string,1911
/Record/Section/2/Section/0/Information/0/Value/StringWithMarkup/7/String,string,1910
/Record/Section/2/Section/0/Information/0/Value/StringWithMarkup/8/String,string,1909
/Record/Section/2/Section/0/Information/0/Value/StringWithMarkup/9/String,string,1902
/Record/Section/2/Section/0/Information/1/ReferenceNumber,number,3
/Record/Section/2/Section/0/Information/1/Name,string,Atomic Weight (uncertainty)
/Record/Section/2/Section/0/Information/1/Value/StringWithMarkup/0/String,string,131.293(6)
/Record/Section/2/Section/0/Information/1/Value/StringWithMarkup/1/String,string,131.29(2)
/Record/Section/2/Section/0/Information/1/Value/StringWithMarkup/2/String,string,131.29(3)
/Record/Section/2/Section/0/Information/1/Value/StringWithMarkup/3/String,string,131.30(1)
/Record/Section/2/Section/0/Information/1/Value/StringWithMarkup/4/String,string,131.30
/Record/Section/2/Section/0/Information/1/Value/StringWithMarkup/5/String,string,131.3
/Record/Section/2/Section/0/Information/1/Value/StringWithMarkup/6/String,string,130.2
/Record/Section/2/Section/0/Information/1/Value/StringWithMarkup/7/String,string,130.7
/Record/Section/2/Section/0/Information/1/Value/StringWithMarkup/8/String,string,128.0
/Record/Section/2/Section/0/Information/1/Value/StringWithMarkup/9/String,string,128
/Record/Section/2/Section/0/Information/2/ReferenceNumber,number,3
/Record/Section/2/Section/0/Information/2/Name,string,Reference
/Record/Section/2/Section/0/Information/2/Value/StringWithMarkup/0/String,string,doi:10.1351/pac200173040667
/Record/Section/2/Section/0/Information/2/Value/StringWithMarkup/0/Markup/0/Start,number,0
/Record/Section/2/Section/0/Information/2/Value/StringWithMarkup/0/Markup/0/Length,number,27
/Record/Section/2/Section/0/Information/2/Value/StringWithMarkup/0/Markup/0/URL,string,https://doi.org/10.1351/pac200173040667
/Record/Section/2/Section/0/Information/2/Value/StringWithMarkup/1/String,string,doi:10.1351/pac198658121677
/Record/Section/2/Section/0/Information/2/Value/StringWithMarkup/1/Markup/0/Start,number,0
/Record/Section/2/Section/0/Information/2/Value/StringWithMarkup/1/Markup/0/Length,number,27
/Record/Section/2/Section/0/Information/2/Value/StringWithMarkup/1/Markup/0/URL,string,https://doi.org/10.1351/pac198658121677
/Record/Section/2/Section/0/Information/2/Value/StringWithMarkup/2/String,string,doi:10.1351/pac198052102349
/Record/Section/2/Section/0/Information/2/Value/StringWithMarkup/2/Markup/0/Start,number,0
/Record/Section/2/Section/0/Information/2/Value/StringWithMarkup/2/Markup/0/Length,number,27
/Record/Section/2/Section/0/Information/2/Value/StringWithMarkup/2/Markup/0/URL,string,https://doi.org/10.1351/pac198052102349
/Record/Section/2/Section/0/Information/2/Value/StringWithMarkup/3/String,string,doi:10.1351/pac197021010091
/Record/Section/2/Section/0/Information/2/Value/StringWithMarkup/3/Markup/0/Start,number,0
/Record/Section/2/Section/0/Information/2/Value/StringWithMarkup/3/Markup/0/Length,number,27
/Record/Section/2/Section/0/Information/2/Value/StringWithMarkup/3/Markup/0/URL,string,https://doi.org/10.1351/pac197021010091
/Record/Section/2/Section/0/Information/2/Value/StringWithMarkup/4/String,string,doi:10.1021/ja01595a001
/Record/Section/2/Section/0/Information/2/Value/StringWithMarkup/4/Markup/0/Start,number,0
/Record/Section/2/Section/0/Information/2/Value/StringWithMarkup/4/Markup/0/Length,number,23
/Record/Section/2/Section/0/Information/2/Value/StringWithMarkup/4/Markup/0/URL,string,https://doi.org/10.1021/ja01595a001
/Record/Section/2/Section/0/Information/2/Value/StringWithMarkup/5/String,string,doi:10.1021/ja01343a001
/Record/Section/2/Section/0/Information/2/Value/StringWithMarkup/5/Markup/0/Start,number,0
/Record/Section/2/Section/0/Information/2/Value/StringWithMarkup/5/Markup/0/Length,number,23
/Record/Section/2/Section/0/Information/2/Value/StringWithMarkup/5/Markup/0/URL,string,https://doi.org/10.1021/ja01343a001
/Record/Section/2/Section/0/Information/2/Value/StringWithMarkup/6/String,string,doi:10.1021/ja01928a001
/Record/Section/2/Section/0/Information/2/Value/StringWithMarkup/6/Markup/0/Start,number,0
/Record/Section/2/Section/0/Information/2/Value/StringWithMarkup/6/Markup/0/Length,number,23
/Record/Section/2/Section/0/Information/2/Value/StringWithMarkup/6/Markup/0/URL,string,https://doi.org/10.1021/ja01928a001
/Record/Section/2/Section/0/Information/2/Value/StringWithMarkup/7/String,string,doi:10.1021/ja01919a001
/Record/Section/2/Section/0/Information/2/Value/StringWithMarkup/7/Markup/0/Start,number,0
/Record/Section/2/Section/0/Information/2/Value/StringWithMarkup/7/Markup/0/Length,number,23
/Record/Section/2/Section/0/Information/2/Value/StringWithMarkup/7/Markup/0/URL,string,https://doi.org/10.1021/ja01919a001
/Record/Section/2/Section/0/Information/2/Value/StringWithMarkup/8/String,string,doi:10.1021/ja01931a001
/Record/Section/2/Section/0/Information/2/Value/StringWithMarkup/8/Markup/0/Start,number,0
/Record/Section/2/Section/0/Information/2/Value/StringWithMarkup/8/Markup/0/Length,number,23
/Record/Section/2/Section/0/Information/2/Value/StringWithMarkup/8/Markup/0/URL,string,https://doi.org/10.1021/ja01931a001
/Record/Section/2/Section/0/Information/2/Value/StringWithMarkup/9/String,string,doi:10.1007/BF01370337
/Record/Section/2/Section/0/Information/2/Value/StringWithMarkup/9/Markup/0/Start,number,0
/Record/Section/2/Section/0/Information/2/Value/StringWithMarkup/9/Markup/0/Length,number,22
/Record/Section/2/Section/0/Information/2/Value/StringWithMarkup/9/Markup/0/URL,string,https://doi.org/10.1007/BF01370337
/Record/Section/2/Section/1/TOCHeading,string,Historical Isotopic Abundances
/Record/Section/2/Section/1/Description,string,This section provides the historical isotopic abundance information. The abundance value shown in brackets means the value range while others shown with uncertainty in parenthesis.
/Record/Section/2/Section/1/DisplayControls/CreateTable/FromInformationIn,string,ThisSection
/Record/Section/2/Section/1/DisplayControls/CreateTable/NumberOfColumns,number,4
/Record/Section/2/Section/1/DisplayControls/CreateTable/ColumnsFromNamedLists/Name/0,string,Year
/Record/Section/2/Section/1/DisplayControls/CreateTable/ColumnsFromNamedLists/Name/1,string,Isotope
/Record/Section/2/Section/1/DisplayControls/CreateTable/ColumnsFromNamedLists/Name/2,string,Abundance (uncertainty)
/Record/Section/2/Section/1/DisplayControls/CreateTable/ColumnsFromNamedLists/Name/3,string,Reference
/Record/Section/2/Section/1/DisplayControls/CreateTable/ColumnsFromNamedLists/UseNamesAsColumnHeadings,boolean,true
/Record/Section/2/Section/1/Information/0/ReferenceNumber,number,3
/Record/Section/2/Section/1/Information/0/Name,string,Year
/Record/Section/2/Section/1/Information/0/Value/StringWithMarkup/0/String,string,2013
/Record/Section/2/Section/1/Information/0/Value/StringWithMarkup/1/String,string,2013
/Record/Section/2/Section/1/Information/0/Value/StringWithMarkup/2/String,string,2013
/Record/Section/2/Section/1/Information/0/Value/StringWithMarkup/3/String,string,2013
/Record/Section/2/Section/1/Information/0/Value/StringWithMarkup/4/String,string,2013
/Record/Section/2/Section/1/Information/0/Value/StringWithMarkup/5/String,string,2013
/Record/Section/2/Section/1/Information/0/Value/StringWithMarkup/6/String,string,2013
/Record/Section/2/Section/1/Information/0/Value/StringWithMarkup/7/String,string,2013
/Record/Section/2/Section/1/Information/0/Value/StringWithMarkup/8/String,string,2013
/Record/Section/2/Section/1/Information/0/Value/StringWithMarkup/9/String,string,2001
/Record/Section/2/Section/1/Information/0/Value/StringWithMarkup/10/String,string,2001
/Record/Section/2/Section/1/Information/0/Value/StringWithMarkup/11/String,string,2001
/Record/Section/2/Section/1/Information/0/Value/StringWithMarkup/12/String,string,2001
/Record/Section/2/Section/1/Information/0/Value/StringWithMarkup/13/String,string,2001
/Record/Section/2/Section/1/Information/0/Value/StringWithMarkup/14/String,string,2001
/Record/Section/2/Section/1/Information/0/Value/StringWithMarkup/15/String,string,2001
/Record/Section/2/Section/1/Information/0/Value/StringWithMarkup/16/String,string,2001
/Record/Section/2/Section/1/Information/0/Value/StringWithMarkup/17/String,string,2001
/Record/Section/2/Section/1/Information/0/Value/StringWithMarkup/18/String,string,1997
/Record/Section/2/Section/1/Information/0/Value/StringWithMarkup/19/String,string,1997
/Record/Section/2/Section/1/Information/0/Value/StringWithMarkup/20/String,string,1997
/Record/Section/2/Section/1/Information/0/Value/StringWithMarkup/21/String,string,1997
/Record/Section/2/Section/1/Information/0/Value/StringWithMarkup/22/String,string,1997
/Record/Section/2/Section/1/Information/0/Value/StringWithMarkup/23/String,string,1997
/Record/Section/2/Section/1/Information/0/Value/StringWithMarkup/24/String,string,1997
/Record/Section/2/Section/1/Information/0/Value/StringWithMarkup/25/String,string,1997
/Record/Section/2/Section/1/Information/0/Value/StringWithMarkup/26/String,string,1997
/Record/Section/2/Section/1/Information/0/Value/StringWithMarkup/27/String,string,1979
/Record/Section/2/Section/1/Information/0/Value/StringWithMarkup/28/String,string,1979
/Record/Section/2/Section/1/Information/0/Value/StringWithMarkup/29/String,string,1979
/Record/Section/2/Section/1/Information/0/Value/StringWithMarkup/30/String,string,1979
/Record/Section/2/Section/1/Information/0/Value/StringWithMarkup/31/String,string,1979
/Record/Section/2/Section/1/Information/0/Value/StringWithMarkup/32/String,string,1979
/Record/Section/2/Section/1/Information/0/Value/StringWithMarkup/33/String,string,1979
/Record/Section/2/Section/1/Information/0/Value/StringWithMarkup/34/String,string,1979
/Record/Section/2/Section/1/Information/0/Value/StringWithMarkup/35/String,string,1979
/Record/Section/2/Section/1/Information/0/Value/StringWithMarkup/36/String,string,1975
/Record/Section/2/Section/1/Information/0/Value/StringWithMarkup/37/String,string,1975
/Record/Section/2/Section/1/Information/0/Value/StringWithMarkup/38/String,string,1975
/Record/Section/2/Section/1/Information/0/Value/StringWithMarkup/39/String,string,1975
/Record/Section/2/Section/1/Information/0/Value/StringWithMarkup/40/String,string,1975
/Record/Section/2/Section/1/Information/0/Value/StringWithMarkup/41/String,string,1975
/Record/Section/2/Section/1/Information/0/Value/StringWithMarkup/42/String,string,1975
/Record/Section/2/Section/1/Information/0/Value/StringWithMarkup/43/String,string,1975
/Record/Section/2/Section/1/Information/0/Value/StringWithMarkup/44/String,string,1975
/Record/Section/2/Section/1/Information/1/ReferenceNumber,number,3
/Record/Section/2/Section/1/Information/1/Name,string,Isotope
/Record/Section/2/Section/1/Information/1/Value/StringWithMarkup/0/String,string,124Xe
/Record/Section/2/Section/1/Information/1/Value/StringWithMarkup/0/Markup/0/Start,number,0
/Record/Section/2/Section/1/Information/1/Value/StringWithMarkup/0/Markup/0/Length,number,3
/Record/Section/2/Section/1/Information/1/Value/StringWithMarkup/0/Markup/0/Type,string,Superscript
/Record/Section/2/Section/1/Information/1/Value/StringWithMarkup/1/String,string,126Xe
/Record/Section/2/Section/1/Information/1/Value/StringWithMarkup/1/Markup/0/Start,number,0
/Record/Section/2/Section/1/Information/1/Value/StringWithMarkup/1/Markup/0/Length,number,3
/Record/Section/2/Section/1/Information/1/Value/StringWithMarkup/1/Markup/0/Type,string,Superscript
/Record/Section/2/Section/1/Information/1/Value/StringWithMarkup/2/String,string,128Xe
/Record/Section/2/Section/1/Information/1/Value/StringWithMarkup/2/Markup/0/Start,number,0
/Record/Section/2/Section/1/Information/1/Value/StringWithMarkup/2/Markup/0/Length,number,3
/Record/Section/2/Section/1/Information/1/Value/StringWithMarkup/2/Markup/0/Type,string,Superscript
/Record/Section/2/Section/1/Information/1/Value/StringWithMarkup/3/String,string,129Xe
/Record/Section/2/Section/1/Information/1/Value/StringWithMarkup/3/Markup/0/Start,number,0
/Record/Section/2/Section/1/Information/1/Value/StringWithMarkup/3/Markup/0/Length,number,3
/Record/Section/2/Section/1/Information/1/Value/StringWithMarkup/3/Markup/0/Type,string,Superscript
/Record/Section/2/Section/1/Information/1/Value/StringWithMarkup/4/String,string,130Xe
/Record/Section/2/Section/1/Information/1/Value/StringWithMarkup/4/Markup/0/Start,number,0
/Record/Section/2/Section/1/Information/1/Value/StringWithMarkup/4/Markup/0/Length,number,3
/Record/Section/2/Section/1/Information/1/Value/StringWithMarkup/4/Markup/0/Type,string,Superscript
/Record/Section/2/Section/1/Information/1/Value/StringWithMarkup/5/String,string,131Xe
/Record/Section/2/Section/1/Information/1/Value/StringWithMarkup/5/Markup/0/Start,number,0
/Record/Section/2/Section/1/Information/1/Value/StringWithMarkup/5/Markup/0/Length,number,3
/Record/Section/2/Section/1/Information/1/Value/StringWithMarkup/5/Markup/0/Type,string,Superscript
/Record/Section/2/Section/1/Information/1/Value/StringWithMarkup/6/String,string,132Xe
/Record/Section/2/Section/1/Information/1/Value/StringWithMarkup/6/Markup/0/Start,number,0
/Record/Section/2/Section/1/Information/1/Value/StringWithMarkup/6/Markup/0/Length,number,3
/Record/Section/2/Section/1/Information/1/Value/StringWithMarkup/6/Markup/0/Type,string,Superscript
/Record/Section/2/Section/1/Information/1/Value/StringWithMarkup/7/String,string,134Xe
/Record/Section/2/Section/1/Information/1/Value/StringWithMarkup/7/Markup/0/Start,number,0
/Record/Section/2/Section/1/Information/1/Value/StringWithMarkup/7/Markup/0/Length,number,3
/Record/Section/2/Section/1/Information/1/Value/StringWithMarkup/7/Markup/0/Type,string,Superscript
/Record/Section/2/Section/1/Information/1/Value/StringWithMarkup/8/String,string,136Xe
/Record/Section/2/Section/1/Information/1/Value/StringWithMarkup/8/Markup/0/Start,number,0
/Record/Section/2/Section/1/Information/1/Value/StringWithMarkup/8/Markup/0/Length,number,3
/Record/Section/2/Section/1/Information/1/Value/StringWithMarkup/8/Markup/0/Type,string,Superscript
/Record/Section/2/Section/1/Information/1/Value/StringWithMarkup/9/String,string,124Xe
/Record/Section/2/Section/1/Information/1/Value/StringWithMarkup/9/Markup/0/Start,number,0
/Record/Section/2/Section/1/Information/1/Value/StringWithMarkup/9/Markup/0/Length,number,3
/Record/Section/2/Section/1/Information/1/Value/StringWithMarkup/9/Markup/0/Type,string,Superscript
/Record/Section/2/Section/1/Information/1/Value/StringWithMarkup/10/String,string,126Xe
/Record/Section/2/Section/1/Information/1/Value/StringWithMarkup/10/Markup/0/Start,number,0
/Record/Section/2/Section/1/Information/1/Value/StringWithMarkup/10/Markup/0/Length,number,3
/Record/Section/2/Section/1/Information/1/Value/StringWithMarkup/10/Markup/0/Type,string,Superscript
/Record/Section/2/Section/1/Information/1/Value/StringWithMarkup/11/String,string,128Xe
/Record/Section/2/Section/1/Information/1/Value/StringWithMarkup/11/Markup/0/Start,number,0
/Record/Section/2/Section/1/Information/1/Value/StringWithMarkup/11/Markup/0/Length,number,3
/Record/Section/2/Section/1/Information/1/Value/StringWithMarkup/11/Markup/0/Type,string,Superscript
/Record/Section/2/Section/1/Information/1/Value/StringWithMarkup/12/String,string,129Xe
/Record/Section/2/Section/1/Information/1/Value/StringWithMarkup/12/Markup/0/Start,number,0
/Record/Section/2/Section/1/Information/1/Value/StringWithMarkup/12/Markup/0/Length,number,3
/Record/Section/2/Section/1/Information/1/Value/StringWithMarkup/12/Markup/0/Type,string,Superscript
/Record/Section/2/Section/1/Information/1/Value/StringWithMarkup/13/String,string,130Xe
/Record/Section/2/Section/1/Information/1/Value/StringWithMarkup/13/Markup/0/Start,number,0
/Record/Section/2/Section/1/Information/1/Value/StringWithMarkup/13/Markup/0/Length,number,3
/Record/Section/2/Section/1/Information/1/Value/StringWithMarkup/13/Markup/0/Type,string,Superscript
/Record/Section/2/Section/1/Information/1/Value/StringWithMarkup/14/String,string,131Xe
/Record/Section/2/Section/1/Information/1/Value/StringWithMarkup/14/Markup/0/Start,number,0
/Record/Section/2/Section/1/Information/1/Value/StringWithMarkup/14/Markup/0/Length,number,3
/Record/Section/2/Section/1/Information/1/Value/StringWithMarkup/14/Markup/0/Type,string,Superscript
/Record/Section/2/Section/1/Information/1/Value/StringWithMarkup/15/String,string,132Xe
/Record/Section/2/Section/1/Information/1/Value/StringWithMarkup/15/Markup/0/Start,number,0
/Record/Section/2/Section/1/Information/1/Value/StringWithMarkup/15/Markup/0/Length,number,3
/Record/Section/2/Section/1/Information/1/Value/StringWithMarkup/15/Markup/0/Type,string,Superscript
/Record/Section/2/Section/1/Information/1/Value/StringWithMarkup/16/String,string,134Xe
/Record/Section/2/Section/1/Information/1/Value/StringWithMarkup/16/Markup/0/Start,number,0
/Record/Section/2/Section/1/Information/1/Value/StringWithMarkup/16/Markup/0/Length,number,3
/Record/Section/2/Section/1/Information/1/Value/StringWithMarkup/16/Markup/0/Type,string,Superscript
/Record/Section/2/Section/1/Information/1/Value/StringWithMarkup/17/String,string,136Xe
/Record/Section/2/Section/1/Information/1/Value/StringWithMarkup/17/Markup/0/Start,number,0
/Record/Section/2/Section/1/Information/1/Value/StringWithMarkup/17/Markup/0/Length,number,3
/Record/Section/2/Section/1/Information/1/Value/StringWithMarkup/17/Markup/0/Type,string,Superscript
/Record/Section/2/Section/1/Information/1/Value/StringWithMarkup/18/String,string,124Xe
/Record/Section/2/Section/1/Information/1/Value/StringWithMarkup/18/Markup/0/Start,number,0
/Record/Section/2/Section/1/Information/1/Value/StringWithMarkup/18/Markup/0/Length,number,3
/Record/Section/2/Section/1/Information/1/Value/StringWithMarkup/18/Markup/0/Type,string,Superscript
/Record/Section/2/Section/1/Information/1/Value/StringWithMarkup/19/String,string,126Xe
/Record/Section/2/Section/1/Information/1/Value/StringWithMarkup/19/Markup/0/Start,number,0
/Record/Section/2/Section/1/Information/1/Value/StringWithMarkup/19/Markup/0/Length,number,3
/Record/Section/2/Section/1/Information/1/Value/StringWithMarkup/19/Markup/0/Type,string,Superscript
/Record/Section/2/Section/1/Information/1/Value/StringWithMarkup/20/String,string,128Xe
/Record/Section/2/Section/1/Information/1/Value/StringWithMarkup/20/Markup/0/Start,number,0
/Record/Section/2/Section/1/Information/1/Value/StringWithMarkup/20/Markup/0/Length,number,3
/Record/Section/2/Section/1/Information/1/Value/StringWithMarkup/20/Markup/0/Type,string,Superscript
/Record/Section/2/Section/1/Information/1/Value/StringWithMarkup/21/String,string,129Xe
/Record/Section/2/Section/1/Information/1/Value/StringWithMarkup/21/Markup/0/Start,number,0
/Record/Section/2/Section/1/Information/1/Value/StringWithMarkup/21/Markup/0/Length,number,3
/Record/Section/2/Section/1/Information/1/Value/StringWithMarkup/21/Markup/0/Type,string,Superscript
/Record/Section/2/Section/1/Information/1/Value/StringWithMarkup/22/String,string,130Xe
/Record/Section/2/Section/1/Information/1/Value/StringWithMarkup/22/Markup/0/Start,number,0
/Record/Section/2/Section/1/Information/1/Value/StringWithMarkup/22/Markup/0/Length,number,3
/Record/Section/2/Section/1/Information/1/Value/StringWithMarkup/22/Markup/0/Type,string,Superscript
/Record/Section/2/Section/1/Information/1/Value/StringWithMarkup/23/String,string,131Xe
/Record/Section/2/Section/1/Information/1/Value/StringWithMarkup/23/Markup/0/Start,number,0
/Record/Section/2/Section/1/Information/1/Value/StringWithMarkup/23/Markup/0/Length,number,3
/Record/Section/2/Section/1/Information/1/Value/StringWithMarkup/23/Markup/0/Type,string,Superscript
/Record/Section/2/Section/1/Information/1/Value/StringWithMarkup/24/String,string,132Xe
/Record/Section/2/Section/1/Information/1/Value/StringWithMarkup/24/Markup/0/Start,number,0
/Record/Section/2/Section/1/Information/1/Value/StringWithMarkup/24/Markup/0/Length,number,3
/Record/Section/2/Section/1/Information/1/Value/StringWithMarkup/24/Markup/0/Type,string,Superscript
/Record/Section/2/Section/1/Information/1/Value/StringWithMarkup/25/String,string,134Xe
/Record/Section/2/Section/1/Information/1/Value/StringWithMarkup/25/Markup/0/Start,number,0
/Record/Section/2/Section/1/Information/1/Value/StringWithMarkup/25/Markup/0/Length,number,3
/Record/Section/2/Section/1/Information/1/Value/StringWithMarkup/25/Markup/0/Type,string,Superscript
/Record/Section/2/Section/1/Information/1/Value/StringWithMarkup/26/String,string,136Xe
/Record/Section/2/Section/1/Information/1/Value/StringWithMarkup/26/Markup/0/Start,number,0
/Record/Section/2/Section/1/Information/1/Value/StringWithMarkup/26/Markup/0/Length,number,3
/Record/Section/2/Section/1/Information/1/Value/StringWithMarkup/26/Markup/0/Type,string,Superscript
/Record/Section/2/Section/1/Information/1/Value/StringWithMarkup/27/String,string,124Xe
/Record/Section/2/Section/1/Information/1/Value/StringWithMarkup/27/Markup/0/Start,number,0
/Record/Section/2/Section/1/Information/1/Value/StringWithMarkup/27/Markup/0/Length,number,3
/Record/Section/2/Section/1/Information/1/Value/StringWithMarkup/27/Markup/0/Type,string,Superscript
/Record/Section/2/Section/1/Information/1/Value/StringWithMarkup/28/String,string,126Xe
/Record/Section/2/Section/1/Information/1/Value/StringWithMarkup/28/Markup/0/Start,number,0
/Record/Section/2/Section/1/Information/1/Value/StringWithMarkup/28/Markup/0/Length,number,3
/Record/Section/2/Section/1/Information/1/Value/StringWithMarkup/28/Markup/0/Type,string,Superscript
/Record/Section/2/Section/1/Information/1/Value/StringWithMarkup/29/String,string,128Xe
/Record/Section/2/Section/1/Information/1/Value/StringWithMarkup/29/Markup/0/Start,number,0
/Record/Section/2/Section/1/Information/1/Value/StringWithMarkup/29/Markup/0/Length,number,3
/Record/Section/2/Section/1/Information/1/Value/StringWithMarkup/29/Markup/0/Type,string,Superscript
/Record/Section/2/Section/1/Information/1/Value/StringWithMarkup/30/String,string,129Xe
/Record/Section/2/Section/1/Information/1/Value/StringWithMarkup/30/Markup/0/Start,number,0
/Record/Section/2/Section/1/Information/1/Value/StringWithMarkup/30/Markup/0/Length,number,3
/Record/Section/2/Section/1/Information/1/Value/StringWithMarkup/30/Markup/0/Type,string,Superscript
/Record/Section/2/Section/1/Information/1/Value/StringWithMarkup/31/String,string,130Xe
/Record/Section/2/Section/1/Information/1/Value/StringWithMarkup/31/Markup/0/Start,number,0
/Record/Section/2/Section/1/Information/1/Value/StringWithMarkup/31/Markup/0/Length,number,3
/Record/Section/2/Section/1/Information/1/Value/StringWithMarkup/31/Markup/0/Type,string,Superscript
/Record/Section/2/Section/1/Information/1/Value/StringWithMarkup/32/String,string,131Xe
/Record/Section/2/Section/1/Information/1/Value/StringWithMarkup/32/Markup/0/Start,number,0
/Record/Section/2/Section/1/Information/1/Value/StringWithMarkup/32/Markup/0/Length,number,3
/Record/Section/2/Section/1/Information/1/Value/StringWithMarkup/32/Markup/0/Type,string,Superscript
/Record/Section/2/Section/1/Information/1/Value/StringWithMarkup/33/String,string,132Xe
/Record/Section/2/Section/1/Information/1/Value/StringWithMarkup/33/Markup/0/Start,number,0
/Record/Section/2/Section/1/Information/1/Value/StringWithMarkup/33/Markup/0/Length,number,3
/Record/Section/2/Section/1/Information/1/Value/StringWithMarkup/33/Markup/0/Type,string,Superscript
/Record/Section/2/Section/1/Information/1/Value/StringWithMarkup/34/String,string,134Xe
/Record/Section/2/Section/1/Information/1/Value/StringWithMarkup/34/Markup/0/Start,number,0
/Record/Section/2/Section/1/Information/1/Value/StringWithMarkup/34/Markup/0/Length,number,3
/Record/Section/2/Section/1/Information/1/Value/StringWithMarkup/34/Markup/0/Type,string,Superscript
/Record/Section/2/Section/1/Information/1/Value/StringWithMarkup/35/String,string,136Xe
/Record/Section/2/Section/1/Information/1/Value/StringWithMarkup/35/Markup/0/Start,number,0
/Record/Section/2/Section/1/Information/1/Value/StringWithMarkup/35/Markup/0/Length,number,3
/Record/Section/2/Section/1/Information/1/Value/StringWithMarkup/35/Markup/0/Type,string,Superscript
/Record/Section/2/Section/1/Information/1/Value/StringWithMarkup/36/String,string,124Xe
/Record/Section/2/Section/1/Information/1/Value/StringWithMarkup/36/Markup/0/Start,number,0
/Record/Section/2/Section/1/Information/1/Value/StringWithMarkup/36/Markup/0/Length,number,3
/Record/Section/2/Section/1/Information/1/Value/StringWithMarkup/36/Markup/0/Type,string,Superscript
/Record/Section/2/Section/1/Information/1/Value/StringWithMarkup/37/String,string,126Xe
/Record/Section/2/Section/1/Information/1/Value/StringWithMarkup/37/Markup/0/Start,number,0
/Record/Section/2/Section/1/Information/1/Value/StringWithMarkup/37/Markup/0/Length,number,3
/Record/Section/2/Section/1/Information/1/Value/StringWithMarkup/37/Markup/0/Type,string,Superscript
/Record/Section/2/Section/1/Information/1/Value/StringWithMarkup/38/String,string,128Xe
/Record/Section/2/Section/1/Information/1/Value/StringWithMarkup/38/Markup/0/Start,number,0
/Record/Section/2/Section/1/Information/1/Value/StringWithMarkup/38/Markup/0/Length,number,3
/Record/Section/2/Section/1/Information/1/Value/StringWithMarkup/38/Markup/0/Type,string,Superscript
/Record/Section/2/Section/1/Information/1/Value/StringWithMarkup/39/String,string,129Xe
/Record/Section/2/Section/1/Information/1/Value/StringWithMarkup/39/Markup/0/Start,number,0
/Record/Section/2/Section/1/Information/1/Value/StringWithMarkup/39/Markup/0/Length,number,3
/Record/Section/2/Section/1/Information/1/Value/StringWithMarkup/39/Markup/0/Type,string,Superscript
/Record/Section/2/Section/1/Information/1/Value/StringWithMarkup/40/String,string,130Xe
/Record/Section/2/Section/1/Information/1/Value/StringWithMarkup/40/Markup/0/Start,number,0
/Record/Section/2/Section/1/Information/1/Value/StringWithMarkup/40/Markup/0/Length,number,3
/Record/Section/2/Section/1/Information/1/Value/StringWithMarkup/40/Markup/0/Type,string,Superscript
/Record/Section/2/Section/1/Information/1/Value/StringWithMarkup/41/String,string,131Xe
/Record/Section/2/Section/1/Information/1/Value/StringWithMarkup/41/Markup/0/Start,number,0
/Record/Section/2/Section/1/Information/1/Value/StringWithMarkup/41/Markup/0/Length,number,3
/Record/Section/2/Section/1/Information/1/Value/StringWithMarkup/41/Markup/0/Type,string,Superscript
/Record/Section/2/Section/1/Information/1/Value/StringWithMarkup/42/String,string,132Xe
/Record/Section/2/Section/1/Information/1/Value/StringWithMarkup/42/Markup/0/Start,number,0
/Record/Section/2/Section/1/Information/1/Value/StringWithMarkup/42/Markup/0/Length,number,3
/Record/Section/2/Section/1/Information/1/Value/StringWithMarkup/42/Markup/0/Type,string,Superscript
/Record/Section/2/Section/1/Information/1/Value/StringWithMarkup/43/String,string,134Xe
/Record/Section/2/Section/1/Information/1/Value/StringWithMarkup/43/Markup/0/Start,number,0
/Record/Section/2/Section/1/Information/1/Value/StringWithMarkup/43/Markup/0/Length,number,3
/Record/Section/2/Section/1/Information/1/Value/StringWithMarkup/43/Markup/0/Type,string,Superscript
/Record/Section/2/Section/1/Information/1/Value/StringWithMarkup/44/String,string,136Xe
/Record/Section/2/Section/1/Information/1/Value/StringWithMarkup/44/Markup/0/Start,number,0
/Record/Section/2/Section/1/Information/1/Value/StringWithMarkup/44/Markup/0/Length,number,3
/Record/Section/2/Section/1/Information/1/Value/StringWithMarkup/44/Markup/0/Type,string,Superscript
/Record/Section/2/Section/1/Information/2/ReferenceNumber,number,3
/Record/Section/2/Section/1/Information/2/Name,string,Abundance (uncertainty)
/Record/Section/2/Section/1/Information/2/Value/StringWithMarkup/0/String,string,0.000 95(5)
/Record/Section/2/Section/1/Information/2/Value/StringWithMarkup/1/String,string,0.000 89(3)
/Record/Section/2/Section/1/Information/2/Value/StringWithMarkup/2/String,string,0.019 10(13)
/Record/Section/2/Section/1/Information/2/Value/StringWithMarkup/3/String,string,0.264 01(138)
/Record/Section/2/Section/1/Information/2/Value/StringWithMarkup/4/String,string,0.040 71(22)
/Record/Section/2/Section/1/Information/2/Value/StringWithMarkup/5/String,string,0.212 32(51)
/Record/Section/2/Section/1/Information/2/Value/StringWithMarkup/6/String,string,0.269 09(55)
/Record/Section/2/Section/1/Information/2/Value/StringWithMarkup/7/String,string,0.104 36(35)
/Record/Section/2/Section/1/Information/2/Value/StringWithMarkup/8/String,string,0.088 57(72)
/Record/Section/2/Section/1/Information/2/Value/StringWithMarkup/9/String,string,0.000 952(3)
/Record/Section/2/Section/1/Information/2/Value/StringWithMarkup/10/String,string,0.000 890(2)
/Record/Section/2/Section/1/Information/2/Value/StringWithMarkup/11/String,string,0.019 102(8)
/Record/Section/2/Section/1/Information/2/Value/StringWithMarkup/12/String,string,0.264 006(82)
/Record/Section/2/Section/1/Information/2/Value/StringWithMarkup/13/String,string,0.040 710(13)
/Record/Section/2/Section/1/Information/2/Value/StringWithMarkup/14/String,string,0.212 324(30)
/Record/Section/2/Section/1/Information/2/Value/StringWithMarkup/15/String,string,0.269 086(33)
/Record/Section/2/Section/1/Information/2/Value/StringWithMarkup/16/String,string,0.104 357(21)
/Record/Section/2/Section/1/Information/2/Value/StringWithMarkup/17/String,string,0.088 573(44)
/Record/Section/2/Section/1/Information/2/Value/StringWithMarkup/18/String,string,0.0009(1)
/Record/Section/2/Section/1/Information/2/Value/StringWithMarkup/19/String,string,0.0009(1)
/Record/Section/2/Section/1/Information/2/Value/StringWithMarkup/20/String,string,0.0192(3)
/Record/Section/2/Section/1/Information/2/Value/StringWithMarkup/21/String,string,0.2644(24)
/Record/Section/2/Section/1/Information/2/Value/StringWithMarkup/22/String,string,0.0408(2)
/Record/Section/2/Section/1/Information/2/Value/StringWithMarkup/23/String,string,0.2118(3)
/Record/Section/2/Section/1/Information/2/Value/StringWithMarkup/24/String,string,0.2689(6)
/Record/Section/2/Section/1/Information/2/Value/StringWithMarkup/25/String,string,0.1044(10)
/Record/Section/2/Section/1/Information/2/Value/StringWithMarkup/26/String,string,0.0887(16)
/Record/Section/2/Section/1/Information/2/Value/StringWithMarkup/27/String,string,0.0010(1)
/Record/Section/2/Section/1/Information/2/Value/StringWithMarkup/28/String,string,0.0009(1)
/Record/Section/2/Section/1/Information/2/Value/StringWithMarkup/29/String,string,0.0191(3)
/Record/Section/2/Section/1/Information/2/Value/StringWithMarkup/30/String,string,0.264(6)
/Record/Section/2/Section/1/Information/2/Value/StringWithMarkup/31/String,string,0.041(1)
/Record/Section/2/Section/1/Information/2/Value/StringWithMarkup/32/String,string,0.212(4)
/Record/Section/2/Section/1/Information/2/Value/StringWithMarkup/33/String,string,0.269(5)
/Record/Section/2/Section/1/Information/2/Value/StringWithMarkup/34/String,string,0.104(2)
/Record/Section/2/Section/1/Information/2/Value/StringWithMarkup/35/String,string,0.089(1)
/Record/Section/2/Section/1/Information/2/Value/StringWithMarkup/36/String,string,0.001
/Record/Section/2/Section/1/Information/2/Value/StringWithMarkup/37/String,string,0.001
/Record/Section/2/Section/1/Information/2/Value/StringWithMarkup/38/String,string,0.019
/Record/Section/2/Section/1/Information/2/Value/StringWithMarkup/39/String,string,0.264
/Record/Section/2/Section/1/Information/2/Value/StringWithMarkup/40/String,string,0.041
/Record/Section/2/Section/1/Information/2/Value/StringWithMarkup/41/String,string,0.212
/Record/Section/2/Section/1/Information/2/Value/StringWithMarkup/42/String,string,0.269
/Record/Section/2/Section/1/Information/2/Value/StringWithMarkup/43/String,string,0.104
/Record/Section/2/Section/1/Information/2/Value/StringWithMarkup/44/String,string,0.089
/Record/Section/2/Section/1/Information/3/ReferenceNumber,number,3
/Record/Section/2/Section/1/Information/3/Name,string,Reference
/Record/Section/2/Section/1/Information/3/Value/StringWithMarkup/0/String,string,doi:10.1515/pac-2015-0503
/Record/Section/2/Section/1/Information/3/Value/StringWithMarkup/0/Markup/0/Start,number,0
/Record/Section/2/Section/1/Information/3/Value/StringWithMarkup/0/Markup/0/Length,number,25
/Record/Section/2/Section/1/Information/3/Value/StringWithMarkup/0/Markup/0/URL,string,https://doi.org/10.1515/pac-2015-0503
/Record/Section/2/Section/1/Information/3/Value/StringWithMarkup/1/String,string,doi:10.1515/pac-2015-0503
/Record/Section/2/Section/1/Information/3/Value/StringWithMarkup/1/Markup/0/Start,number,0
/Record/Section/2/Section/1/Information/3/Value/StringWithMarkup/1/Markup/0/Length,number,25
/Record/Section/2/Section/1/Information/3/Value/StringWithMarkup/1/Markup/0/URL,string,https://doi.org/10.1515/pac-2015-0503
/Record/Section/2/Section/1/Information/3/Value/StringWithMarkup/2/String,string,doi:10.1515/pac-2015-0503
/Record/Section/2/Section/1/Information/3/Value/StringWithMarkup/2/Markup/0/Start,number,0
/Record/Section/2/Section/1/Information/3/Value/StringWithMarkup/2/Markup/0/Length,number,25
/Record/Section/2/Section/1/Information/3/Value/StringWithMarkup/2/Markup/0/URL,string,https://doi.org/10.1515/pac-2015-0503
/Record/Section/2/Section/1/Information/3/Value/StringWithMarkup/3/String,string,doi:10.1515/pac-2015-0503
/Record/Section/2/Section/1/Information/3/Value/StringWithMarkup/3/Markup/0/Start,number,0
/Record/Section/2/Section/1/Information/3/Value/StringWithMarkup/3/Markup/0/Length,number,25
/Record/Section/2/Section/1/Information/3/Value/StringWithMarkup/3/Markup/0/URL,string,https://doi.org/10.1515/pac-2015-0503
/Record/Section/2/Section/1/Information/3/Value/StringWithMarkup/4/String,string,doi:10.1515/pac-2015-0503
/Record/Section/2/Section/1/Information/3/Value/StringWithMarkup/4/Markup/0/Start,number,0
/Record/Section/2/Section/1/Information/3/Value/StringWithMarkup/4/Markup/0/Length,number,25
/Record/Section/2/Section/1/Information/3/Value/StringWithMarkup/4/Markup/0/URL,string,https://doi.org/10.1515/pac-2015-0503
/Record/Section/2/Section/1/Information/3/Value/StringWithMarkup/5/String,string,doi:10.1515/pac-2015-0503
/Record/Section/2/Section/1/Information/3/Value/StringWithMarkup/5/Markup/0/Start,number,0
/Record/Section/2/Section/1/Information/3/Value/StringWithMarkup/5/Markup/0/Length,number,25
/Record/Section/2/Section/1/Information/3/Value/StringWithMarkup/5/Markup/0/URL,string,https://doi.org/10.1515/pac-2015-0503
/Record/Section/2/Section/1/Information/3/Value/StringWithMarkup/6/String,string,doi:10.1515/pac-2015-0503
/Record/Section/2/Section/1/Information/3/Value/StringWithMarkup/6/Markup/0/Start,number,0
/Record/Section/2/Section/1/Information/3/Value/StringWithMarkup/6/Markup/0/Length,number,25
/Record/Section/2/Section/1/Information/3/Value/StringWithMarkup/6/Markup/0/URL,string,https://doi.org/10.1515/pac-2015-0503
/Record/Section/2/Section/1/Information/3/Value/StringWithMarkup/7/String,string,doi:10.1515/pac-2015-0503
/Record/Section/2/Section/1/Information/3/Value/StringWithMarkup/7/Markup/0/Start,number,0
/Record/Section/2/Section/1/Information/3/Value/StringWithMarkup/7/Markup/0/Length,number,25
/Record/Section/2/Section/1/Information/3/Value/StringWithMarkup/7/Markup/0/URL,string,https://doi.org/10.1515/pac-2015-0503
/Record/Section/2/Section/1/Information/3/Value/StringWithMarkup/8/String,string,doi:10.1515/pac-2015-0503
/Record/Section/2/Section/1/Information/3/Value/StringWithMarkup/8/Markup/0/Start,number,0
/Record/Section/2/Section/1/Information/3/Value/StringWithMarkup/8/Markup/0/Length,number,25
/Record/Section/2/Section/1/Information/3/Value/StringWithMarkup/8/Markup/0/URL,string,https://doi.org/10.1515/pac-2015-0503
/Record/Section/2/Section/1/Information/3/Value/StringWithMarkup/9/String,string,doi:10.1063/1.1836764
/Record/Section/2/Section/1/Information/3/Value/StringWithMarkup/9/Markup/0/Start,number,0
/Record/Section/2/Section/1/Information/3/Value/StringWithMarkup/9/Markup/0/Length,number,21
/Record/Section/2/Section/1/Information/3/Value/StringWithMarkup/9/Markup/0/URL,string,https://doi.org/10.1063/1.1836764
/Record/Section/2/Section/1/Information/3/Value/StringWithMarkup/10/String,string,doi:10.1063/1.1836764
/Record/Section/2/Section/1/Information/3/Value/StringWithMarkup/10/Markup/0/Start,number,0
/Record/Section/2/Section/1/Information/3/Value/StringWithMarkup/10/Markup/0/Length,number,21
/Record/Section/2/Section/1/Information/3/Value/StringWithMarkup/10/Markup/0/URL,string,https://doi.org/10.1063/1.1836764
/Record/Section/2/Section/1/Information/3/Value/StringWithMarkup/11/String,string,doi:10.1063/1.1836764
/Record/Section/2/Section/1/Information/3/Value/StringWithMarkup/11/Markup/0/Start,number,0
/Record/Section/2/Section/1/Information/3/Value/StringWithMarkup/11/Markup/0/Length,number,21
/Record/Section/2/Section/1/Information/3/Value/StringWithMarkup/11/Markup/0/URL,string,https://doi.org/10.1063/1.1836764
/Record/Section/2/Section/1/Information/3/Value/StringWithMarkup/12/String,string,doi:10.1063/1.1836764
/Record/Section/2/Section/1/Information/3/Value/StringWithMarkup/12/Markup/0/Start,number,0
/Record/Section/2/Section/1/Information/3/Value/StringWithMarkup/12/Markup/0/Length,number,21
/Record/Section/2/Section/1/Information/3/Value/StringWithMarkup/12/Markup/0/URL,string,https://doi.org/10.1063/1.1836764
/Record/Section/2/Section/1/Information/3/Value/StringWithMarkup/13/String,string,doi:10.1063/1.1836764
/Record/Section/2/Section/1/Information/3/Value/StringWithMarkup/13/Markup/0/Start,number,0
/Record/Section/2/Section/1/Information/3/Value/StringWithMarkup/13/Markup/0/Length,number,21
/Record/Section/2/Section/1/Information/3/Value/StringWithMarkup/13/Markup/0/URL,string,https://doi.org/10.1063/1.1836764
/Record/Section/2/Section/1/Information/3/Value/StringWithMarkup/14/String,string,doi:10.1063/1.1836764
/Record/Section/2/Section/1/Information/3/Value/StringWithMarkup/14/Markup/0/Start,number,0
/Record/Section/2/Section/1/Information/3/Value/StringWithMarkup/14/Markup/0/Length,number,21
/Record/Section/2/Section/1/Information/3/Value/StringWithMarkup/14/Markup/0/URL,string,https://doi.org/10.1063/1.1836764
/Record/Section/2/Section/1/Information/3/Value/StringWithMarkup/15/String,string,doi:10.1063/1.1836764
/Record/Section/2/Section/1/Information/3/Value/StringWithMarkup/15/Markup/0/Start,number,0
/Record/Section/2/Section/1/Information/3/Value/StringWithMarkup/15/Markup/0/Length,number,21
/Record/Section/2/Section/1/Information/3/Value/StringWithMarkup/15/Markup/0/URL,string,https://doi.org/10.1063/1.1836764
/Record/Section/2/Section/1/Information/3/Value/StringWithMarkup/16/String,string,doi:10.1063/1.1836764
/Record/Section/2/Section/1/Information/3/Value/StringWithMarkup/16/Markup/0/Start,number,0
/Record/Section/2/Section/1/Information/3/Value/StringWithMarkup/16/Markup/0/Length,number,21
/Record/Section/2/Section/1/Information/3/Value/StringWithMarkup/16/Markup/0/URL,string,https://doi.org/10.1063/1.1836764
/Record/Section/2/Section/1/Information/3/Value/StringWithMarkup/17/String,string,doi:10.1063/1.1836764
/Record/Section/2/Section/1/Information/3/Value/StringWithMarkup/17/Markup/0/Start,number,0
/Record/Section/2/Section/1/Information/3/Value/StringWithMarkup/17/Markup/0/Length,number,21
/Record/Section/2/Section/1/Information/3/Value/StringWithMarkup/17/Markup/0/URL,string,https://doi.org/10.1063/1.1836764
/Record/Section/2/Section/1/Information/3/Value/StringWithMarkup/18/String,string,doi:10.1351/pac199870010217
/Record/Section/2/Section/1/Information/3/Value/StringWithMarkup/18/Markup/0/Start,number,0
/Record/Section/2/Section/1/Information/3/Value/StringWithMarkup/18/Markup/0/Length,number,27
/Record/Section/2/Section/1/Information/3/Value/StringWithMarkup/18/Markup/0/URL,string,https://doi.org/10.1351/pac199870010217
/Record/Section/2/Section/1/Information/3/Value/StringWithMarkup/19/String,string,doi:10.1351/pac199870010217
/Record/Section/2/Section/1/Information/3/Value/StringWithMarkup/19/Markup/0/Start,number,0
/Record/Section/2/Section/1/Information/3/Value/StringWithMarkup/19/Markup/0/Length,number,27
/Record/Section/2/Section/1/Information/3/Value/StringWithMarkup/19/Markup/0/URL,string,https://doi.org/10.1351/pac199870010217
/Record/Section/2/Section/1/Information/3/Value/StringWithMarkup/20/String,string,doi:10.1351/pac199870010217
/Record/Section/2/Section/1/Information/3/Value/StringWithMarkup/20/Markup/0/Start,number,0
/Record/Section/2/Section/1/Information/3/Value/StringWithMarkup/20/Markup/0/Length,number,27
/Record/Section/2/Section/1/Information/3/Value/StringWithMarkup/20/Markup/0/URL,string,https://doi.org/10.1351/pac199870010217
/Record/Section/2/Section/1/Information/3/Value/StringWithMarkup/21/String,string,doi:10.1351/pac199870010217
/Record/Section/2/Section/1/Information/3/Value/StringWithMarkup/21/Markup/0/Start,number,0
/Record/Section/2/Section/1/Information/3/Value/StringWithMarkup/21/Markup/0/Length,number,27
/Record/Section/2/Section/1/Information/3/Value/StringWithMarkup/21/Markup/0/URL,string,https://doi.org/10.1351/pac199870010217
/Record/Section/2/Section/1/Information/3/Value/StringWithMarkup/22/String,string,doi:10.1351/pac199870010217
/Record/Section/2/Section/1/Information/3/Value/StringWithMarkup/22/Markup/0/Start,number,0
/Record/Section/2/Section/1/Information/3/Value/StringWithMarkup/22/Markup/0/Length,number,27
/Record/Section/2/Section/1/Information/3/Value/StringWithMarkup/22/Markup/0/URL,string,https://doi.org/10.1351/pac199870010217
/Record/Section/2/Section/1/Information/3/Value/StringWithMarkup/23/String,string,doi:10.1351/pac199870010217
/Record/Section/2/Section/1/Information/3/Value/StringWithMarkup/23/Markup/0/Start,number,0
/Record/Section/2/Section/1/Information/3/Value/StringWithMarkup/23/Markup/0/Length,number,27
/Record/Section/2/Section/1/Information/3/Value/StringWithMarkup/23/Markup/0/URL,string,https://doi.org/10.1351/pac199870010217
/Record/Section/2/Section/1/Information/3/Value/StringWithMarkup/24/String,string,doi:10.1351/pac199870010217
/Record/Section/2/Section/1/Information/3/Value/StringWithMarkup/24/Markup/0/Start,number,0
/Record/Section/2/Section/1/Information/3/Value/StringWithMarkup/24/Markup/0/Length,number,27
/Record/Section/2/Section/1/Information/3/Value/StringWithMarkup/24/Markup/0/URL,string,https://doi.org/10.1351/pac199870010217
/Record/Section/2/Section/1/Information/3/Value/StringWithMarkup/25/String,string,doi:10.1351/pac199870010217
/Record/Section/2/Section/1/Information/3/Value/StringWithMarkup/25/Markup/0/Start,number,0
/Record/Section/2/Section/1/Information/3/Value/StringWithMarkup/25/Markup/0/Length,number,27
/Record/Section/2/Section/1/Information/3/Value/StringWithMarkup/25/Markup/0/URL,string,https://doi.org/10.1351/pac199870010217
/Record/Section/2/Section/1/Information/3/Value/StringWithMarkup/26/String,string,doi:10.1351/pac199870010217
/Record/Section/2/Section/1/Information/3/Value/StringWithMarkup/26/Markup/0/Start,number,0
/Record/Section/2/Section/1/Information/3/Value/StringWithMarkup/26/Markup/0/Length,number,27
/Record/Section/2/Section/1/Information/3/Value/StringWithMarkup/26/Markup/0/URL,string,https://doi.org/10.1351/pac199870010217
/Record/Section/2/Section/1/Information/3/Value/StringWithMarkup/27/String,string,doi:10.1351/pac198052102349
/Record/Section/2/Section/1/Information/3/Value/StringWithMarkup/27/Markup/0/Start,number,0
/Record/Section/2/Section/1/Information/3/Value/StringWithMarkup/27/Markup/0/Length,number,27
/Record/Section/2/Section/1/Information/3/Value/StringWithMarkup/27/Markup/0/URL,string,https://doi.org/10.1351/pac198052102349
/Record/Section/2/Section/1/Information/3/Value/StringWithMarkup/28/String,string,doi:10.1351/pac198052102349
/Record/Section/2/Section/1/Information/3/Value/StringWithMarkup/28/Markup/0/Start,number,0
/Record/Section/2/Section/1/Information/3/Value/StringWithMarkup/28/Markup/0/Length,number,27
/Record/Section/2/Section/1/Information/3/Value/StringWithMarkup/28/Markup/0/URL,string,https://doi.org/10.1351/pac198052102349
/Record/Section/2/Section/1/Information/3/Value/StringWithMarkup/29/String,string,doi:10.1351/pac198052102349
/Record/Section/2/Section/1/Information/3/Value/StringWithMarkup/29/Markup/0/Start,number,0
/Record/Section/2/Section/1/Information/3/Value/StringWithMarkup/29/Markup/0/Length,number,27
/Record/Section/2/Section/1/Information/3/Value/StringWithMarkup/29/Markup/0/URL,string,https://doi.org/10.1351/pac198052102349
/Record/Section/2/Section/1/Information/3/Value/StringWithMarkup/30/String,string,doi:10.1351/pac198052102349
/Record/Section/2/Section/1/Information/3/Value/StringWithMarkup/30/Markup/0/Start,number,0
/Record/Section/2/Section/1/Information/3/Value/StringWithMarkup/30/Markup/0/Length,number,27
/Record/Section/2/Section/1/Information/3/Value/StringWithMarkup/30/Markup/0/URL,string,https://doi.org/10.1351/pac198052102349
/Record/Section/2/Section/1/Information/3/Value/StringWithMarkup/31/String,string,doi:10.1351/pac198052102349
/Record/Section/2/Section/1/Information/3/Value/StringWithMarkup/31/Markup/0/Start,number,0
/Record/Section/2/Section/1/Information/3/Value/StringWithMarkup/31/Markup/0/Length,number,27
/Record/Section/2/Section/1/Information/3/Value/StringWithMarkup/31/Markup/0/URL,string,https://doi.org/10.1351/pac198052102349
/Record/Section/2/Section/1/Information/3/Value/StringWithMarkup/32/String,string,doi:10.1351/pac198052102349
/Record/Section/2/Section/1/Information/3/Value/StringWithMarkup/32/Markup/0/Start,number,0
/Record/Section/2/Section/1/Information/3/Value/StringWithMarkup/32/Markup/0/Length,number,27
/Record/Section/2/Section/1/Information/3/Value/StringWithMarkup/32/Markup/0/URL,string,https://doi.org/10.1351/pac198052102349
/Record/Section/2/Section/1/Information/3/Value/StringWithMarkup/33/String,string,doi:10.1351/pac198052102349
/Record/Section/2/Section/1/Information/3/Value/StringWithMarkup/33/Markup/0/Start,number,0
/Record/Section/2/Section/1/Information/3/Value/StringWithMarkup/33/Markup/0/Length,number,27
/Record/Section/2/Section/1/Information/3/Value/StringWithMarkup/33/Markup/0/URL,string,https://doi.org/10.1351/pac198052102349
/Record/Section/2/Section/1/Information/3/Value/StringWithMarkup/34/String,string,doi:10.1351/pac198052102349
/Record/Section/2/Section/1/Information/3/Value/StringWithMarkup/34/Markup/0/Start,number,0
/Record/Section/2/Section/1/Information/3/Value/StringWithMarkup/34/Markup/0/Length,number,27
/Record/Section/2/Section/1/Information/3/Value/StringWithMarkup/34/Markup/0/URL,string,https://doi.org/10.1351/pac198052102349
/Record/Section/2/Section/1/Information/3/Value/StringWithMarkup/35/String,string,doi:10.1351/pac198052102349
/Record/Section/2/Section/1/Information/3/Value/StringWithMarkup/35/Markup/0/Start,number,0
/Record/Section/2/Section/1/Information/3/Value/StringWithMarkup/35/Markup/0/Length,number,27
/Record/Section/2/Section/1/Information/3/Value/StringWithMarkup/35/Markup/0/URL,string,https://doi.org/10.1351/pac198052102349
/Record/Section/2/Section/1/Information/3/Value/StringWithMarkup/36/String,string,doi:10.1351/pac197647010075
/Record/Section/2/Section/1/Information/3/Value/StringWithMarkup/36/Markup/0/Start,number,0
/Record/Section/2/Section/1/Information/3/Value/StringWithMarkup/36/Markup/0/Length,number,27
/Record/Section/2/Section/1/Information/3/Value/StringWithMarkup/36/Markup/0/URL,string,https://doi.org/10.1351/pac197647010075
/Record/Section/2/Section/1/Information/3/Value/StringWithMarkup/37/String,string,doi:10.1351/pac197647010075
/Record/Section/2/Section/1/Information/3/Value/StringWithMarkup/37/Markup/0/Start,number,0
/Record/Section/2/Section/1/Information/3/Value/StringWithMarkup/37/Markup/0/Length,number,27
/Record/Section/2/Section/1/Information/3/Value/StringWithMarkup/37/Markup/0/URL,string,https://doi.org/10.1351/pac197647010075
/Record/Section/2/Section/1/Information/3/Value/StringWithMarkup/38/String,string,doi:10.1351/pac197647010075
/Record/Section/2/Section/1/Information/3/Value/StringWithMarkup/38/Markup/0/Start,number,0
/Record/Section/2/Section/1/Information/3/Value/StringWithMarkup/38/Markup/0/Length,number,27
/Record/Section/2/Section/1/Information/3/Value/StringWithMarkup/38/Markup/0/URL,string,https://doi.org/10.1351/pac197647010075
/Record/Section/2/Section/1/Information/3/Value/StringWithMarkup/39/String,string,doi:10.1351/pac197647010075
/Record/Section/2/Section/1/Information/3/Value/StringWithMarkup/39/Markup/0/Start,number,0
/Record/Section/2/Section/1/Information/3/Value/StringWithMarkup/39/Markup/0/Length,number,27
/Record/Section/2/Section/1/Information/3/Value/StringWithMarkup/39/Markup/0/URL,string,https://doi.org/10.1351/pac197647010075
/Record/Section/2/Section/1/Information/3/Value/StringWithMarkup/40/String,string,doi:10.1351/pac197647010075
/Record/Section/2/Section/1/Information/3/Value/StringWithMarkup/40/Markup/0/Start,number,0
/Record/Section/2/Section/1/Information/3/Value/StringWithMarkup/40/Markup/0/Length,number,27
/Record/Section/2/Section/1/Information/3/Value/StringWithMarkup/40/Markup/0/URL,string,https://doi.org/10.1351/pac197647010075
/Record/Section/2/Section/1/Information/3/Value/StringWithMarkup/41/String,string,doi:10.1351/pac197647010075
/Record/Section/2/Section/1/Information/3/Value/StringWithMarkup/41/Markup/0/Start,number,0
/Record/Section/2/Section/1/Information/3/Value/StringWithMarkup/41/Markup/0/Length,number,27
/Record/Section/2/Section/1/Information/3/Value/StringWithMarkup/41/Markup/0/URL,string,https://doi.org/10.1351/pac197647010075
/Record/Section/2/Section/1/Information/3/Value/StringWithMarkup/42/String,string,doi:10.1351/pac197647010075
/Record/Section/2/Section/1/Information/3/Value/StringWithMarkup/42/Markup/0/Start,number,0
/Record/Section/2/Section/1/Information/3/Value/StringWithMarkup/42/Markup/0/Length,number,27
/Record/Section/2/Section/1/Information/3/Value/StringWithMarkup/42/Markup/0/URL,string,https://doi.org/10.1351/pac197647010075
/Record/Section/2/Section/1/Information/3/Value/StringWithMarkup/43/String,string,doi:10.1351/pac197647010075
/Record/Section/2/Section/1/Information/3/Value/StringWithMarkup/43/Markup/0/Start,number,0
/Record/Section/2/Section/1/Information/3/Value/StringWithMarkup/43/Markup/0/Length,number,27
/Record/Section/2/Section/1/Information/3/Value/StringWithMarkup/43/Markup/0/URL,string,https://doi.org/10.1351/pac197647010075
/Record/Section/2/Section/1/Information/3/Value/StringWithMarkup/44/String,string,doi:10.1351/pac197647010075
/Record/Section/2/Section/1/Information/3/Value/StringWithMarkup/44/Markup/0/Start,number,0
/Record/Section/2/Section/1/Information/3/Value/StringWithMarkup/44/Markup/0/Length,number,27
/Record/Section/2/Section/1/Information/3/Value/StringWithMarkup/44/Markup/0/URL,string,https://doi.org/10.1351/pac197647010075
/Record/Section/3/TOCHeading,string,Description
/Record/Section/3/Description,string,"A short description of this element, provided by authoritative sources."
/Record/Section/3/Information/0/ReferenceNumber,number,6
/Record/Section/3/Information/0/Value/StringWithMarkup/0/String,string,Xenon is used in super bright lamps used for deep sea observation.
/Record/Section/4/TOCHeading,string,Uses
/Record/Section/4/Description,string,Uses of this element in industry and other fields.
/Record/Section/4/Information/0/ReferenceNumber,number,5
/Record/Section/4/Information/0/Value/StringWithMarkup/0/String,string,Xenon produces a brilliant white flash of light when it is excited electrically and is widely used in strobe lights. The light emitted from xenon lamps is also used to kill bacteria and to power ruby lasers.
/Record/Section/4/Information/0/Value/StringWithMarkup/1/String,string,"Due to its high atomic weight, xenon ions were used as a fuel in an experimental ion engine aboard the space probe Deep Space 1."
/Record/Section/4/Information/0/Value/StringWithMarkup/2/String,string,"Once thought to be completely inert, xenon will form compounds, usually with fluorine, oxygen and platinum. XePtF6, XeF2, XeF4, XeF6 and XeO4 are some of the xenon compounds that have been formed."
/Record/Section/4/Information/0/Value/StringWithMarkup/2/Markup/0/Start,number,113
/Record/Section/4/Information/0/Value/StringWithMarkup/2/Markup/0/Length,number,1
/Record/Section/4/Information/0/Value/StringWithMarkup/2/Markup/0/Type,string,Subscript
/Record/Section/4/Information/0/Value/StringWithMarkup/2/Markup/1/Start,number,119
/Record/Section/4/Information/0/Value/StringWithMarkup/2/Markup/1/Length,number,1
/Record/Section/4/Information/0/Value/StringWithMarkup/2/Markup/1/Type,string,Subscript
/Record/Section/4/Information/0/Value/StringWithMarkup/2/Markup/2/Start,number,125
/Record/Section/4/Information/0/Value/StringWithMarkup/2/Markup/2/Length,number,1
/Record/Section/4/Information/0/Value/StringWithMarkup/2/Markup/2/Type,string,Subscript
/Record/Section/4/Information/0/Value/StringWithMarkup/2/Markup/3/Start,number,131
/Record/Section/4/Information/0/Value/StringWithMarkup/2/Markup/3/Length,number,1
/Record/Section/4/Information/0/Value/StringWithMarkup/2/Markup/3/Type,string,Subscript
/Record/Section/4/Information/0/Value/StringWithMarkup/2/Markup/4/Start,number,140
/Record/Section/4/Information/0/Value/StringWithMarkup/2/Markup/4/Length,number,1
/Record/Section/4/Information/0/Value/StringWithMarkup/2/Markup/4/Type,string,Subscript
/Record/Section/4/Information/1/ReferenceNumber,number,6
/Record/Section/4/Information/1/Value/StringWithMarkup/0/String,string,"The gas is used in making electron tubes, stoboscopic lamps, bactericidal lamps, and lamps used to excite ruby lasers that generate coherent light. Xenon is used in the nuclear energy field in bubble chambers, probes, and other applications where a high molecular weight is of value. The perxenates are used in analytical chemistry as oxidizing agents. 133Xe and 135Xe are produced by neutron irradiation in air cooled nuclear reactors. 133Xe has useful applications as a radioisotope. The element is available in sealed glass containers of gas at standard pressure. Xenon is not toxic, but its compounds are highly toxic because of their strong oxidizing characteristics."
/Record/Section/4/Information/1/Value/StringWithMarkup/0/Markup/0/Start,number,353
/Record/Section/4/Information/1/Value/StringWithMarkup/0/Markup/0/Length,number,3
/Record/Section/4/Information/1/Value/StringWithMarkup/0/Markup/0/Type,string,Superscript
/Record/Section/4/Information/1/Value/StringWithMarkup/0/Markup/1/Start,number,363
/Record/Section/4/Information/1/Value/StringWithMarkup/0/Markup/1/Length,number,3
/Record/Section/4/Information/1/Value/StringWithMarkup/0/Markup/1/Type,string,Superscript
/Record/Section/4/Information/1/Value/StringWithMarkup/0/Markup/2/Start,number,437
/Record/Section/4/Information/1/Value/StringWithMarkup/0/Markup/2/Length,number,3
/Record/Section/4/Information/1/Value/StringWithMarkup/0/Markup/2/Type,string,Superscript
/Record/Section/5/TOCHeading,string,Compounds
/Record/Section/5/Description,string,Compound records related to this element.
/Record/Section/5/Information/0/ReferenceNumber,number,8
/Record/Section/5/Information/0/Name,string,Compounds
/Record/Section/5/Information/0/URL,string,https://pubchem.ncbi.nlm.nih.gov/#query=Xenon
/Record/Section/5/Information/0/Value/StringWithMarkup/0/String,string,See more information at the Xenon compound page.
/Record/Section/5/Section/0/TOCHeading,string,Element Forms
/Record/Section/5/Section/0/Description,string,"Other forms of this element, including ions, isotopes, etc."
/Record/Section/5/Section/0/DisplayControls/CreateTable/FromInformationIn,string,ThisSection
/Record/Section/5/Section/0/DisplayControls/CreateTable/NumberOfColumns,number,5
/Record/Section/5/Section/0/DisplayControls/CreateTable/ColumnsFromNamedLists/Name/0,string,CID
/Record/Section/5/Section/0/DisplayControls/CreateTable/ColumnsFromNamedLists/Name/1,string,Name
/Record/Section/5/Section/0/DisplayControls/CreateTable/ColumnsFromNamedLists/Name/2,string,Formula
/Record/Section/5/Section/0/DisplayControls/CreateTable/ColumnsFromNamedLists/Name/3,string,SMILES
/Record/Section/5/Section/0/DisplayControls/CreateTable/ColumnsFromNamedLists/Name/4,string,Molecular Weight
/Record/Section/5/Section/0/DisplayControls/CreateTable/ColumnsFromNamedLists/UseNamesAsColumnHeadings,boolean,true
/Record/Section/5/Section/0/Information/0/ReferenceNumber,number,8
/Record/Section/5/Section/0/Information/0/Name,string,CID
/Record/Section/5/Section/0/Information/0/Value/StringWithMarkup/0/String,string,23991
/Record/Section/5/Section/0/Information/0/Value/StringWithMarkup/0/Markup/0/Start,number,0
/Record/Section/5/Section/0/Information/0/Value/StringWithMarkup/0/Markup/0/Length,number,5
/Record/Section/5/Section/0/Information/0/Value/StringWithMarkup/0/Markup/0/URL,string,https://pubchem.ncbi.nlm.nih.gov/compound/23991
/Record/Section/5/Section/0/Information/0/Value/StringWithMarkup/1/String,string,66376
/Record/Section/5/Section/0/Information/0/Value/StringWithMarkup/1/Markup/0/Start,number,0
/Record/Section/5/Section/0/Information/0/Value/StringWithMarkup/1/Markup/0/Length,number,5
/Record/Section/5/Section/0/Information/0/Value/StringWithMarkup/1/Markup/0/URL,string,https://pubchem.ncbi.nlm.nih.gov/compound/66376
/Record/Section/5/Section/0/Information/0/Value/StringWithMarkup/2/String,string,166973
/Record/Section/5/Section/0/Information/0/Value/StringWithMarkup/2/Markup/0/Start,number,0
/Record/Section/5/Section/0/Information/0/Value/StringWithMarkup/2/Markup/0/Length,number,6
/Record/Section/5/Section/0/Information/0/Value/StringWithMarkup/2/Markup/0/URL,string,https://pubchem.ncbi.nlm.nih.gov/compound/166973
/Record/Section/5/Section/0/Information/0/Value/StringWithMarkup/3/String,string,10290811
/Record/Section/5/Section/0/Information/0/Value/StringWithMarkup/3/Markup/0/Start,number,0
/Record/Section/5/Section/0/Information/0/Value/StringWithMarkup/3/Markup/0/Length,number,8
/Record/Section/5/Section/0/Information/0/Value/StringWithMarkup/3/Markup/0/URL,string,https://pubchem.ncbi.nlm.nih.gov/compound/10290811
/Record/Section/5/Section/0/Information/0/Value/StringWithMarkup/4/String,string,71308939
/Record/Section/5/Section/0/Information/0/Value/StringWithMarkup/4/Markup/0/Start,number,0
/Record/Section/5/Section/0/Information/0/Value/StringWithMarkup/4/Markup/0/Length,number,8
/Record/Section/5/Section/0/Information/0/Value/StringWithMarkup/4/Markup/0/URL,string,https://pubchem.ncbi.nlm.nih.gov/compound/71308939
/Record/Section/5/Section/0/Information/0/Value/StringWithMarkup/5/String,string,153977
/Record/Section/5/Section/0/Information/0/Value/StringWithMarkup/5/Markup/0/Start,number,0
/Record/Section/5/Section/0/Information/0/Value/StringWithMarkup/5/Markup/0/Length,number,6
/Record/Section/5/Section/0/Information/0/Value/StringWithMarkup/5/Markup/0/URL,string,https://pubchem.ncbi.nlm.nih.gov/compound/153977
/Record/Section/5/Section/0/Information/0/Value/StringWithMarkup/6/String,string,167226
/Record/Section/5/Section/0/Information/0/Value/StringWithMarkup/6/Markup/0/Start,number,0
/Record/Section/5/Section/0/Information/0/Value/StringWithMarkup/6/Markup/0/Length,number,6
/Record/Section/5/Section/0/Information/0/Value/StringWithMarkup/6/Markup/0/URL,string,https://pubchem.ncbi.nlm.nih.gov/compound/167226
/Record/Section/5/Section/0/Information/0/Value/StringWithMarkup/7/String,string,10176138
/Record/Section/5/Section/0/Information/0/Value/StringWithMarkup/7/Markup/0/Start,number,0
/Record/Section/5/Section/0/Information/0/Value/StringWithMarkup/7/Markup/0/Length,number,8
/Record/Section/5/Section/0/Information/0/Value/StringWithMarkup/7/Markup/0/URL,string,https://pubchem.ncbi.nlm.nih.gov/compound/10176138
/Record/Section/5/Section/0/Information/0/Value/StringWithMarkup/8/String,string,10219431
/Record/Section/5/Section/0/Information/0/Value/StringWithMarkup/8/Markup/0/Start,number,0
/Record/Section/5/Section/0/Information/0/Value/StringWithMarkup/8/Markup/0/Length,number,8
/Record/Section/5/Section/0/Information/0/Value/StringWithMarkup/8/Markup/0/URL,string,https://pubchem.ncbi.nlm.nih.gov/compound/10219431
/Record/Section/5/Section/0/Information/0/Value/StringWithMarkup/9/String,string,11332483
/Record/Section/5/Section/0/Information/0/Value/StringWithMarkup/9/Markup/0/Start,number,0
/Record/Section/5/Section/0/Information/0/Value/StringWithMarkup/9/Markup/0/Length,number,8
/Record/Section/5/Section/0/Information/0/Value/StringWithMarkup/9/Markup/0/URL,string,https://pubchem.ncbi.nlm.nih.gov/compound/11332483
/Record/Section/5/Section/0/Information/0/Value/StringWithMarkup/10/String,string,11535555
/Record/Section/5/Section/0/Information/0/Value/StringWithMarkup/10/Markup/0/Start,number,0
/Record/Section/5/Section/0/Information/0/Value/StringWithMarkup/10/Markup/0/Length,number,8
/Record/Section/5/Section/0/Information/0/Value/StringWithMarkup/10/Markup/0/URL,string,https://pubchem.ncbi.nlm.nih.gov/compound/11535555
/Record/Section/5/Section/0/Information/0/Value/StringWithMarkup/11/String,string,25087180
/Record/Section/5/Section/0/Information/0/Value/StringWithMarkup/11/Markup/0/Start,number,0
/Record/Section/5/Section/0/Information/0/Value/StringWithMarkup/11/Markup/0/Length,number,8
/Record/Section/5/Section/0/Information/0/Value/StringWithMarkup/11/Markup/0/URL,string,https://pubchem.ncbi.nlm.nih.gov/compound/25087180
/Record/Section/5/Section/0/Information/0/Value/StringWithMarkup/12/String,string,25087189
/Record/Section/5/Section/0/Information/0/Value/StringWithMarkup/12/Markup/0/Start,number,0
/Record/Section/5/Section/0/Information/0/Value/StringWithMarkup/12/Markup/0/Length,number,8
/Record/Section/5/Section/0/Information/0/Value/StringWithMarkup/12/Markup/0/URL,string,https://pubchem.ncbi.nlm.nih.gov/compound/25087189
/Record/Section/5/Section/0/Information/0/Value/StringWithMarkup/13/String,string,71309535
/Record/Section/5/Section/0/Information/0/Value/StringWithMarkup/13/Markup/0/Start,number,0
/Record/Section/5/Section/0/Information/0/Value/StringWithMarkup/13/Markup/0/Length,number,8
/Record/Section/5/Section/0/Information/0/Value/StringWithMarkup/13/Markup/0/URL,string,https://pubchem.ncbi.nlm.nih.gov/compound/71309535
/Record/Section/5/Section/0/Information/0/Value/StringWithMarkup/14/String,string,71309536
/Record/Section/5/Section/0/Information/0/Value/StringWithMarkup/14/Markup/0/Start,number,0
/Record/Section/5/Section/0/Information/0/Value/StringWithMarkup/14/Markup/0/Length,number,8
/Record/Section/5/Section/0/Information/0/Value/StringWithMarkup/14/Markup/0/URL,string,https://pubchem.ncbi.nlm.nih.gov/compound/71309536
/Record/Section/5/Section/0/Information/0/Value/StringWithMarkup/15/String,string,44154467
/Record/Section/5/Section/0/Information/0/Value/StringWithMarkup/15/Markup/0/Start,number,0
/Record/Section/5/Section/0/Information/0/Value/StringWithMarkup/15/Markup/0/Length,number,8
/Record/Section/5/Section/0/Information/0/Value/StringWithMarkup/15/Markup/0/URL,string,https://pubchem.ncbi.nlm.nih.gov/compound/44154467
/Record/Section/5/Section/0/Information/0/Value/StringWithMarkup/16/String,string,44154840
/Record/Section/5/Section/0/Information/0/Value/StringWithMarkup/16/Markup/0/Start,number,0
/Record/Section/5/Section/0/Information/0/Value/StringWithMarkup/16/Markup/0/Length,number,8
/Record/Section/5/Section/0/Information/0/Value/StringWithMarkup/16/Markup/0/URL,string,https://pubchem.ncbi.nlm.nih.gov/compound/44154840
/Record/Section/5/Section/0/Information/0/Value/StringWithMarkup/17/String,string,71309523
/Record/Section/5/Section/0/Information/0/Value/StringWithMarkup/17/Markup/0/Start,number,0
/Record/Section/5/Section/0/Information/0/Value/StringWithMarkup/17/Markup/0/Length,number,8
/Record/Section/5/Section/0/Information/0/Value/StringWithMarkup/17/Markup/0/URL,string,https://pubchem.ncbi.nlm.nih.gov/compound/71309523
/Record/Section/5/Section/0/Information/0/Value/StringWithMarkup/18/String,string,71309524
/Record/Section/5/Section/0/Information/0/Value/StringWithMarkup/18/Markup/0/Start,number,0
/Record/Section/5/Section/0/Information/0/Value/StringWithMarkup/18/Markup/0/Length,number,8
/Record/Section/5/Section/0/Information/0/Value/StringWithMarkup/18/Markup/0/URL,string,https://pubchem.ncbi.nlm.nih.gov/compound/71309524
/Record/Section/5/Section/0/Information/0/Value/StringWithMarkup/19/String,string,131708374
/Record/Section/5/Section/0/Information/0/Value/StringWithMarkup/19/Markup/0/Start,number,0
/Record/Section/5/Section/0/Information/0/Value/StringWithMarkup/19/Markup/0/Length,number,9
/Record/Section/5/Section/0/Information/0/Value/StringWithMarkup/19/Markup/0/URL,string,https://pubchem.ncbi.nlm.nih.gov/compound/131708374
/Record/Section/5/Section/0/Information/1/ReferenceNumber,number,8
/Record/Section/5/Section/0/Information/1/Name,string,Name
/Record/Section/5/Section/0/Information/1/Value/StringWithMarkup/0/String,string,xenon
/Record/Section/5/Section/0/Information/1/Value/StringWithMarkup/1/String,string,xenon-133
/Record/Section/5/Section/0/Information/1/Value/StringWithMarkup/2/String,string,xenon-127
/Record/Section/5/Section/0/Information/1/Value/StringWithMarkup/3/String,string,xenon-129
/Record/Section/5/Section/0/Information/1/Value/StringWithMarkup/4/String,string,xenon-132
/Record/Section/5/Section/0/Information/1/Value/StringWithMarkup/5/String,string,xenon-123
/Record/Section/5/Section/0/Information/1/Value/StringWithMarkup/6/String,string,xenon-135
/Record/Section/5/Section/0/Information/1/Value/StringWithMarkup/7/String,string,xenon-124
/Record/Section/5/Section/0/Information/1/Value/StringWithMarkup/8/String,string,xenon-125
/Record/Section/5/Section/0/Information/1/Value/StringWithMarkup/9/String,string,xenon-131
/Record/Section/5/Section/0/Information/1/Value/StringWithMarkup/10/String,string,xenon-122
/Record/Section/5/Section/0/Information/1/Value/StringWithMarkup/11/String,string,xenon-137
/Record/Section/5/Section/0/Information/1/Value/StringWithMarkup/12/String,string,xenon-138
/Record/Section/5/Section/0/Information/1/Value/StringWithMarkup/13/String,string,xenon-128
/Record/Section/5/Section/0/Information/1/Value/StringWithMarkup/14/String,string,xenon-134
/Record/Section/5/Section/0/Information/1/Value/StringWithMarkup/15/String,string,xenon-120
/Record/Section/5/Section/0/Information/1/Value/StringWithMarkup/16/String,string,xenon-121
/Record/Section/5/Section/0/Information/1/Value/StringWithMarkup/17/String,string,xenon-126
/Record/Section/5/Section/0/Information/1/Value/StringWithMarkup/18/String,string,xenon-136
/Record/Section/5/Section/0/Information/1/Value/StringWithMarkup/19/String,string,xenon-130
/Record/Section/5/Section/0/Information/2/ReferenceNumber,number,8
/Record/Section/5/Section/0/Information/2/Name,string,Formula
/Record/Section/5/Section/0/Information/2/Value/StringWithMarkup/0/String,string,Xe
/Record/Section/5/Section/0/Information/2/Value/StringWithMarkup/1/String,string,Xe
/Record/Section/5/Section/0/Information/2/Value/StringWithMarkup/2/String,string,Xe
/Record/Section/5/Section/0/Information/2/Value/StringWithMarkup/3/String,string,Xe
/Record/Section/5/Section/0/Information/2/Value/StringWithMarkup/4/String,string,Xe
/Record/Section/5/Section/0/Information/2/Value/StringWithMarkup/5/String,string,Xe
/Record/Section/5/Section/0/Information/2/Value/StringWithMarkup/6/String,string,Xe
/Record/Section/5/Section/0/Information/2/Value/StringWithMarkup/7/String,string,Xe
/Record/Section/5/Section/0/Information/2/Value/StringWithMarkup/8/String,string,Xe
/Record/Section/5/Section/0/Information/2/Value/StringWithMarkup/9/String,string,Xe
/Record/Section/5/Section/0/Information/2/Value/StringWithMarkup/10/String,string,Xe
/Record/Section/5/Section/0/Information/2/Value/StringWithMarkup/11/String,string,Xe
/Record/Section/5/Section/0/Information/2/Value/StringWithMarkup/12/String,string,Xe
/Record/Section/5/Section/0/Information/2/Value/StringWithMarkup/13/String,string,Xe
/Record/Section/5/Section/0/Information/2/Value/StringWithMarkup/14/String,string,Xe
/Record/Section/5/Section/0/Information/2/Value/StringWithMarkup/15/String,string,Xe
/Record/Section/5/Section/0/Information/2/Value/StringWithMarkup/16/String,string,Xe
/Record/Section/5/Section/0/Information/2/Value/StringWithMarkup/17/String,string,Xe
/Record/Section/5/Section/0/Information/2/Value/StringWithMarkup/18/String,string,Xe
/Record/Section/5/Section/0/Information/2/Value/StringWithMarkup/19/String,string,Xe
/Record/Section/5/Section/0/Information/3/ReferenceNumber,number,8
/Record/Section/5/Section/0/Information/3/Name,string,SMILES
/Record/Section/5/Section/0/Information/3/Value/StringWithMarkup/0/String,string,[Xe]
/Record/Section/5/Section/0/Information/3/Value/StringWithMarkup/1/String,string,[133Xe]
/Record/Section/5/Section/0/Information/3/Value/StringWithMarkup/2/String,string,[127Xe]
/Record/Section/5/Section/0/Information/3/Value/StringWithMarkup/3/String,string,[129Xe]
/Record/Section/5/Section/0/Information/3/Value/StringWithMarkup/4/String,string,[132Xe]
/Record/Section/5/Section/0/Information/3/Value/StringWithMarkup/5/String,string,[123Xe]
/Record/Section/5/Section/0/Information/3/Value/StringWithMarkup/6/String,string,[135Xe]
/Record/Section/5/Section/0/Information/3/Value/StringWithMarkup/7/String,string,[124Xe]
/Record/Section/5/Section/0/Information/3/Value/StringWithMarkup/8/String,string,[125Xe]
/Record/Section/5/Section/0/Information/3/Value/StringWithMarkup/9/String,string,[131Xe]
/Record/Section/5/Section/0/Information/3/Value/StringWithMarkup/10/String,string,[122Xe]
/Record/Section/5/Section/0/Information/3/Value/StringWithMarkup/11/String,string,[137Xe]
/Record/Section/5/Section/0/Information/3/Value/StringWithMarkup/12/String,string,[138Xe]
/Record/Section/5/Section/0/Information/3/Value/StringWithMarkup/13/String,string,[128Xe]
/Record/Section/5/Section/0/Information/3/Value/StringWithMarkup/14/String,string,[134Xe]
/Record/Section/5/Section/0/Information/3/Value/StringWithMarkup/15/String,string,[120Xe]
/Record/Section/5/Section/0/Information/3/Value/StringWithMarkup/16/String,string,[121Xe]
/Record/Section/5/Section/0/Information/3/Value/StringWithMarkup/17/String,string,[126Xe]
/Record/Section/5/Section/0/Information/3/Value/StringWithMarkup/18/String,string,[136Xe]
/Record/Section/5/Section/0/Information/3/Value/StringWithMarkup/19/String,string,[130Xe]
/Record/Section/5/Section/0/Information/4/ReferenceNumber,number,8
/Record/Section/5/Section/0/Information/4/Name,string,Molecular Weight
/Record/Section/5/Section/0/Information/4/Value/StringWithMarkup/0/String,string,131.29
/Record/Section/5/Section/0/Information/4/Value/StringWithMarkup/1/String,string,132.90591
/Record/Section/5/Section/0/Information/4/Value/StringWithMarkup/2/String,string,126.90518
/Record/Section/5/Section/0/Information/4/Value/StringWithMarkup/3/String,string,128.90478086
/Record/Section/5/Section/0/Information/4/Value/StringWithMarkup/4/String,string,131.90415508
/Record/Section/5/Section/0/Information/4/Value/StringWithMarkup/5/String,string,122.9085
/Record/Section/5/Section/0/Information/4/Value/StringWithMarkup/6/String,string,134.90723
/Record/Section/5/Section/0/Information/4/Value/StringWithMarkup/7/String,string,123.90589
/Record/Section/5/Section/0/Information/4/Value/StringWithMarkup/8/String,string,124.90639
/Record/Section/5/Section/0/Information/4/Value/StringWithMarkup/9/String,string,130.90508413
/Record/Section/5/Section/0/Information/4/Value/StringWithMarkup/10/String,string,121.9084
/Record/Section/5/Section/0/Information/4/Value/StringWithMarkup/11/String,string,136.911558
/Record/Section/5/Section/0/Information/4/Value/StringWithMarkup/12/String,string,137.91415
/Record/Section/5/Section/0/Information/4/Value/StringWithMarkup/13/String,string,127.90353075
/Record/Section/5/Section/0/Information/4/Value/StringWithMarkup/14/String,string,133.90539303
/Record/Section/5/Section/0/Information/4/Value/StringWithMarkup/15/String,string,119.9118
/Record/Section/5/Section/0/Information/4/Value/StringWithMarkup/16/String,string,120.9115
/Record/Section/5/Section/0/Information/4/Value/StringWithMarkup/17/String,string,125.90429742
/Record/Section/5/Section/0/Information/4/Value/StringWithMarkup/18/String,string,135.90721447
/Record/Section/5/Section/0/Information/4/Value/StringWithMarkup/19/String,string,129.9035093
/Record/Section/6/TOCHeading,string,Isotopes
/Record/Section/6/Description,string,Isotopes are nuclides having the same atomic number but different mass numbers.  This section provides information on the isotopes of this element and their uses in various fields.
/Record/Section/6/URL,string,https://chem.libretexts.org/Courses/Furman_University/CHM101%3A_Chemistry_and_Global_Awareness_(Gordon)/03%3A_Atoms_and_the_Periodic_Table/3.05%3A_Isotopes
/Record/Section/6/Information/0/ReferenceNumber,number,5
/Record/Section/6/Information/0/Name,string,Stable Isotope Count
/Record/Section/6/Information/0/Value/StringWithMarkup/0/String,string,6
/Record/Section/6/Information/1/ReferenceNumber,number,6
/Record/Section/6/Information/1/Name,string,Summary
/Record/Section/6/Information/1/Value/StringWithMarkup/0/String,string,"Natural xenon is composed of nine stable isotopes. In addition to these, 20 unstable isotopes have been characterized. Before 1962, it had generally been assumed that xenon and other noble gases were unable to form compounds. Evidence has been mounting in the past few years that xenon, as well as other members of zero valance elements, do form compounds. Among the ""compounds"" of xenon now reported are sodium perxenate, xenon deuterate, xenon hydrate, difluoride, tetrafluoride, and hexafluoride. Xenon trioxide, which is highly explosive, has been prepared. More than 80 xenon compounds have been made with xenon chemically bonded to fluorine and oxygen. Some xenon compounds are colored. Metallic xenon has been produced, using several hundred kilobars of pressure. Xenon in a vacuum tube produces a beautiful blue glow when excited by an electrical discharge."
/Record/Section/6/Section/0/TOCHeading,string,Isotopes in Forensic Science and Anthropology
/Record/Section/6/Section/0/Description,string,Information on the use of this element's isotopes in forensic science and anthropology.
/Record/Section/6/Section/0/Information/0/ReferenceNumber,number,4
/Record/Section/6/Section/0/Information/0/Reference/0,string,"[396]  P. R. J. Saey, C. Schlosser, P. Achim, M. Auer, A. Axelsson, A. Becker, X. Blanchard, G. Brachet, L. Cella, L.-E. De Geer, M. B. Kalinowski, G. Le Petit, J. Peterson, V. Popov, Y. Popov, A. Ringbom, H. Sartorius, T. Taffary, M. Zähringer. Pure Appl. Geophy.167, 499 (2010)."
/Record/Section/6/Section/0/Information/0/ExtendedReference/0/Citation,string,"[396]  P. R. J. Saey, C. Schlosser, P. Achim, M. Auer, A. Axelsson, A. Becker, X. Blanchard, G. Brachet, L. Cella, L.-E. De Geer, M. B. Kalinowski, G. Le Petit, J. Peterson, V. Popov, Y. Popov, A. Ringbom, H. Sartorius, T. Taffary, M. Zähringer. Pure Appl. Geophy.167, 499 (2010)."
/Record/Section/6/Section/0/Information/0/Value/StringWithMarkup/0/String,string,"Radiogenic xenon isotopes are produced by nuclear reactions in atomic bombs and nuclear reactors. For example, 131Xe, 133Xe, and 135Xe are some of the fission products of 235U and 239Pu, and finding these isotopes would be evidence of a nuclear bomb reaction. Measurements of xenon isotopes (e.g. in the atmosphere or the subsurface) have been used to identify contamination from these sources, for example, to detect faults in nuclear reactors or to monitor compliance with nuclear test bans (Fig. IUPAC.54.1) [396]."
/Record/Section/6/Section/0/Information/0/Value/StringWithMarkup/0/Markup/0/Start,number,111
/Record/Section/6/Section/0/Information/0/Value/StringWithMarkup/0/Markup/0/Length,number,3
/Record/Section/6/Section/0/Information/0/Value/StringWithMarkup/0/Markup/0/Type,string,Superscript
/Record/Section/6/Section/0/Information/0/Value/StringWithMarkup/0/Markup/1/Start,number,118
/Record/Section/6/Section/0/Information/0/Value/StringWithMarkup/0/Markup/1/Length,number,3
/Record/Section/6/Section/0/Information/0/Value/StringWithMarkup/0/Markup/1/Type,string,Superscript
/Record/Section/6/Section/0/Information/0/Value/StringWithMarkup/0/Markup/2/Start,number,129
/Record/Section/6/Section/0/Information/0/Value/StringWithMarkup/0/Markup/2/Length,number,3
/Record/Section/6/Section/0/Information/0/Value/StringWithMarkup/0/Markup/2/Type,string,Superscript
/Record/Section/6/Section/0/Information/0/Value/StringWithMarkup/0/Markup/3/Start,number,171
/Record/Section/6/Section/0/Information/0/Value/StringWithMarkup/0/Markup/3/Length,number,3
/Record/Section/6/Section/0/Information/0/Value/StringWithMarkup/0/Markup/3/Type,string,Superscript
/Record/Section/6/Section/0/Information/0/Value/StringWithMarkup/0/Markup/4/Start,number,180
/Record/Section/6/Section/0/Information/0/Value/StringWithMarkup/0/Markup/4/Length,number,3
/Record/Section/6/Section/0/Information/0/Value/StringWithMarkup/0/Markup/4/Type,string,Superscript
/Record/Section/6/Section/0/Information/0/Value/StringWithMarkup/1/String,string,          
/Record/Section/6/Section/0/Information/0/Value/StringWithMarkup/1/Markup/0/Start,number,0
/Record/Section/6/Section/0/Information/0/Value/StringWithMarkup/1/Markup/0/Length,number,1
/Record/Section/6/Section/0/Information/0/Value/StringWithMarkup/1/Markup/0/URL,string,https://pubchem.ncbi.nlm.nih.gov/images/iupac/j_pac-2015-0703_fig_077.jpg
/Record/Section/6/Section/0/Information/0/Value/StringWithMarkup/1/Markup/0/Type,string,Image
/Record/Section/6/Section/0/Information/0/Value/StringWithMarkup/1/Markup/0/Size,string,1120x697
/Record/Section/6/Section/0/Information/0/Value/StringWithMarkup/1/Markup/0/Caption,string,"Fig. IUPAC.54.1: The mean weekly ¹³³Xe time series in ground-level air at Freiburg, Germany, between 1977 and 2009. The record indicates persistent low levels of anthropogenic ¹³³Xe that are generally attributable to normal acceptable releases from nuclear power plants with variability related in part to multiple sources and changing wind patterns. A major spike occurred in 1986 during the Chernobyl reactor accident in the Ukraine region of the former USSR. The half-life of ¹³³Xe (5.2 days) is sufficiently long for it to escape from its source and be distributed in air near the source, but sufficiently short that long-term background levels are very low. Records such as this also can be used to detect undocumented nuclear explosions. (Modified from [396]). "
/Record/Section/6/Section/1/TOCHeading,string,Isotopes in Geochronology
/Record/Section/6/Section/1/Description,string,Information on the use of this element's isotopes in geochronology.
/Record/Section/6/Section/1/Information/0/ReferenceNumber,number,4
/Record/Section/6/Section/1/Information/0/Reference/0,string,"[29]  M. Ozima, F. A. Podosek. Noble Gas Geochemistry: 2nd Edition, p. 286, Cambridge University Press, Cambridge, UK (2002)."
/Record/Section/6/Section/1/Information/0/Reference/1,string,"[101]  Noble Gases in Geochemistry and Cosmochemistry: Reviews in Mineralogy and Geochemistry, D. Porcelli, C. J. Ballentine, and R. Wieler (Eds.), p. 844, Mineralogical Society of America and the Geochemical Society, Washington, DC (2002)."
/Record/Section/6/Section/1/Information/0/Reference/2,string,"[397]  J. H. Reynolds. J. Geophys. Res.68, 2939 (1963)."
/Record/Section/6/Section/1/Information/0/ExtendedReference/0/Citation,string,"[29]  M. Ozima, F. A. Podosek. Noble Gas Geochemistry: 2nd Edition, p. 286, Cambridge University Press, Cambridge, UK (2002)."
/Record/Section/6/Section/1/Information/0/ExtendedReference/1/Citation,string,"[101]  Noble Gases in Geochemistry and Cosmochemistry: Reviews in Mineralogy and Geochemistry, D. Porcelli, C. J. Ballentine, and R. Wieler (Eds.), p. 844, Mineralogical Society of America and the Geochemical Society, Washington, DC (2002)."
/Record/Section/6/Section/1/Information/0/ExtendedReference/2/Citation,string,"[397]  J. H. Reynolds. J. Geophys. Res.68, 2939 (1963)."
/Record/Section/6/Section/1/Information/0/Value/StringWithMarkup/0/String,string,"The stable isotopes of xenon hold many clues about the formation of the elements, solar-system history, and Earth processes [29], [101]. For example, 129Xe has been used as a detector of “extinct” radionuclides. Some 129Xe is radiogenic as a result of being produced by the radioactive decay of 129I (half-life of 1.7×107 years). Because the half-life of 129I is much smaller than the age of the Earth, primordial 129I (i.e. that which was present at the beginning of Earth’s history) is essentially gone after it decayed to 129Xe over geologic time. This means that radiogenic 129Xe could be a marker of the former existence of the “extinct” isotope 129I. Because primordial 129I was produced largely in supernovae, detection of radiogenic 129Xe in meteorites and terrestrial samples also implies that the time elapsed between 129I supernova nucleosynthesis and planetary condensation was short compared to the subsequent history of the Solar System. The many isotopes and reaction mechanisms of xenon have contributed numerous insights into Earth processes through the study of “xenology” (xenon isotopic variations used as geodynamic tracers to study the dynamics of the Earth) [397]."
/Record/Section/6/Section/1/Information/0/Value/StringWithMarkup/0/Markup/0/Start,number,150
/Record/Section/6/Section/1/Information/0/Value/StringWithMarkup/0/Markup/0/Length,number,3
/Record/Section/6/Section/1/Information/0/Value/StringWithMarkup/0/Markup/0/Type,string,Superscript
/Record/Section/6/Section/1/Information/0/Value/StringWithMarkup/0/Markup/1/Start,number,217
/Record/Section/6/Section/1/Information/0/Value/StringWithMarkup/0/Markup/1/Length,number,3
/Record/Section/6/Section/1/Information/0/Value/StringWithMarkup/0/Markup/1/Type,string,Superscript
/Record/Section/6/Section/1/Information/0/Value/StringWithMarkup/0/Markup/2/Start,number,295
/Record/Section/6/Section/1/Information/0/Value/StringWithMarkup/0/Markup/2/Length,number,3
/Record/Section/6/Section/1/Information/0/Value/StringWithMarkup/0/Markup/2/Type,string,Superscript
/Record/Section/6/Section/1/Information/0/Value/StringWithMarkup/0/Markup/3/Start,number,320
/Record/Section/6/Section/1/Information/0/Value/StringWithMarkup/0/Markup/3/Length,number,1
/Record/Section/6/Section/1/Information/0/Value/StringWithMarkup/0/Markup/3/Type,string,Superscript
/Record/Section/6/Section/1/Information/0/Value/StringWithMarkup/0/Markup/4/Start,number,355
/Record/Section/6/Section/1/Information/0/Value/StringWithMarkup/0/Markup/4/Length,number,3
/Record/Section/6/Section/1/Information/0/Value/StringWithMarkup/0/Markup/4/Type,string,Superscript
/Record/Section/6/Section/1/Information/0/Value/StringWithMarkup/0/Markup/5/Start,number,414
/Record/Section/6/Section/1/Information/0/Value/StringWithMarkup/0/Markup/5/Length,number,3
/Record/Section/6/Section/1/Information/0/Value/StringWithMarkup/0/Markup/5/Type,string,Superscript
/Record/Section/6/Section/1/Information/0/Value/StringWithMarkup/0/Markup/6/Start,number,525
/Record/Section/6/Section/1/Information/0/Value/StringWithMarkup/0/Markup/6/Length,number,3
/Record/Section/6/Section/1/Information/0/Value/StringWithMarkup/0/Markup/6/Type,string,Superscript
/Record/Section/6/Section/1/Information/0/Value/StringWithMarkup/0/Markup/7/Start,number,578
/Record/Section/6/Section/1/Information/0/Value/StringWithMarkup/0/Markup/7/Length,number,3
/Record/Section/6/Section/1/Information/0/Value/StringWithMarkup/0/Markup/7/Type,string,Superscript
/Record/Section/6/Section/1/Information/0/Value/StringWithMarkup/0/Markup/8/Start,number,651
/Record/Section/6/Section/1/Information/0/Value/StringWithMarkup/0/Markup/8/Length,number,3
/Record/Section/6/Section/1/Information/0/Value/StringWithMarkup/0/Markup/8/Type,string,Superscript
/Record/Section/6/Section/1/Information/0/Value/StringWithMarkup/0/Markup/9/Start,number,676
/Record/Section/6/Section/1/Information/0/Value/StringWithMarkup/0/Markup/9/Length,number,3
/Record/Section/6/Section/1/Information/0/Value/StringWithMarkup/0/Markup/9/Type,string,Superscript
/Record/Section/6/Section/1/Information/0/Value/StringWithMarkup/0/Markup/10/Start,number,741
/Record/Section/6/Section/1/Information/0/Value/StringWithMarkup/0/Markup/10/Length,number,3
/Record/Section/6/Section/1/Information/0/Value/StringWithMarkup/0/Markup/10/Type,string,Superscript
/Record/Section/6/Section/1/Information/0/Value/StringWithMarkup/0/Markup/11/Start,number,828
/Record/Section/6/Section/1/Information/0/Value/StringWithMarkup/0/Markup/11/Length,number,3
/Record/Section/6/Section/1/Information/0/Value/StringWithMarkup/0/Markup/11/Type,string,Superscript
/Record/Section/6/Section/2/TOCHeading,string,Isotopes in Medicine
/Record/Section/6/Section/2/Description,string,Information on the use of this element's isotopes in medicine.
/Record/Section/6/Section/2/Information/0/ReferenceNumber,number,4
/Record/Section/6/Section/2/Information/0/Reference/0,string,"[398]  B. Driehuys, L. W. Hedlund. Toxicol. Pathol.35, 49 (2007)."
/Record/Section/6/Section/2/Information/0/ExtendedReference/0/Citation,string,"[398]  B. Driehuys, L. W. Hedlund. Toxicol. Pathol.35, 49 (2007)."
/Record/Section/6/Section/2/Information/0/Value/StringWithMarkup/0/String,string,"Xenon isotopes are used in numerous ways to investigate the movement of inhaled gases in lungs and other parts of the body. If radioactive isotopes of xenon [ 127Xe (with a half-life of 0.1 year), 133Xe, and hyperpolarized (having non-equilibrium alignment of nuclear spins, suitable for magnetic resonance) 129Xe] are inhaled, they can be tracked throughout the body by externally monitoring their decay products using magnetic resonance microscopy [high resolution magnetic resonance imaging (MRI) at microscopic (nanometer) levels] (Fig. IUPAC.54.2). This imaging technique is used to assess how well oxygen is taken up and transported by the blood [398]."
/Record/Section/6/Section/2/Information/0/Value/StringWithMarkup/0/Markup/0/Start,number,159
/Record/Section/6/Section/2/Information/0/Value/StringWithMarkup/0/Markup/0/Length,number,3
/Record/Section/6/Section/2/Information/0/Value/StringWithMarkup/0/Markup/0/Type,string,Superscript
/Record/Section/6/Section/2/Information/0/Value/StringWithMarkup/0/Markup/1/Start,number,197
/Record/Section/6/Section/2/Information/0/Value/StringWithMarkup/0/Markup/1/Length,number,3
/Record/Section/6/Section/2/Information/0/Value/StringWithMarkup/0/Markup/1/Type,string,Superscript
/Record/Section/6/Section/2/Information/0/Value/StringWithMarkup/0/Markup/2/Start,number,308
/Record/Section/6/Section/2/Information/0/Value/StringWithMarkup/0/Markup/2/Length,number,3
/Record/Section/6/Section/2/Information/0/Value/StringWithMarkup/0/Markup/2/Type,string,Superscript
/Record/Section/6/Section/2/Information/0/Value/StringWithMarkup/1/String,string,          
/Record/Section/6/Section/2/Information/0/Value/StringWithMarkup/1/Markup/0/Start,number,0
/Record/Section/6/Section/2/Information/0/Value/StringWithMarkup/1/Markup/0/Length,number,1
/Record/Section/6/Section/2/Information/0/Value/StringWithMarkup/1/Markup/0/URL,string,https://pubchem.ncbi.nlm.nih.gov/images/iupac/j_pac-2015-0703_fig_078.jpg
/Record/Section/6/Section/2/Information/0/Value/StringWithMarkup/1/Markup/0/Type,string,Image
/Record/Section/6/Section/2/Information/0/Value/StringWithMarkup/1/Markup/0/Size,string,1654x423
/Record/Section/6/Section/2/Information/0/Value/StringWithMarkup/1/Markup/0/Caption,string,"Fig. IUPAC.54.2: Xenon ventilation imaging has progressed greatly since first being used in 1998. One of the first ¹²⁹Xe images (a) has been progressively improved by polarization, gas delivery technology, and magnetic resonance (MR) acquisition strategies (b–d). (Image Source: Driehuys and Hedlund, 2007, © Sage Publications) [398]). "
/Record/Section/6/Section/3/TOCHeading,string,Isotopes Used as a Source of Radioactive Isotope(s)
/Record/Section/6/Section/3/Description,string,Information on the use of this element's isotopes to generate radioactive isotopes.
/Record/Section/6/Section/3/Information/0/ReferenceNumber,number,4
/Record/Section/6/Section/3/Information/0/Reference/0,string,"[398]  B. Driehuys, L. W. Hedlund. Toxicol. Pathol.35, 49 (2007)."
/Record/Section/6/Section/3/Information/0/ExtendedReference/0/Citation,string,"[398]  B. Driehuys, L. W. Hedlund. Toxicol. Pathol.35, 49 (2007)."
/Record/Section/6/Section/3/Information/0/Value/StringWithMarkup/0/String,string,"124Xe is used in the production of radioisotopes 123I and 125I (with half-lives of 0.55 day and 59 days, respectively) via the reactions 124Xe (n, n p) 123I and 124Xe (n, γ) 125I, respectively, which are used in diagnostic procedures and cancer treatment, respectively [398]."
/Record/Section/6/Section/3/Information/0/Value/StringWithMarkup/0/Markup/0/Start,number,0
/Record/Section/6/Section/3/Information/0/Value/StringWithMarkup/0/Markup/0/Length,number,3
/Record/Section/6/Section/3/Information/0/Value/StringWithMarkup/0/Markup/0/Type,string,Superscript
/Record/Section/6/Section/3/Information/0/Value/StringWithMarkup/0/Markup/1/Start,number,49
/Record/Section/6/Section/3/Information/0/Value/StringWithMarkup/0/Markup/1/Length,number,3
/Record/Section/6/Section/3/Information/0/Value/StringWithMarkup/0/Markup/1/Type,string,Superscript
/Record/Section/6/Section/3/Information/0/Value/StringWithMarkup/0/Markup/2/Start,number,58
/Record/Section/6/Section/3/Information/0/Value/StringWithMarkup/0/Markup/2/Length,number,3
/Record/Section/6/Section/3/Information/0/Value/StringWithMarkup/0/Markup/2/Type,string,Superscript
/Record/Section/6/Section/3/Information/0/Value/StringWithMarkup/0/Markup/3/Start,number,137
/Record/Section/6/Section/3/Information/0/Value/StringWithMarkup/0/Markup/3/Length,number,3
/Record/Section/6/Section/3/Information/0/Value/StringWithMarkup/0/Markup/3/Type,string,Superscript
/Record/Section/6/Section/3/Information/0/Value/StringWithMarkup/0/Markup/4/Start,number,152
/Record/Section/6/Section/3/Information/0/Value/StringWithMarkup/0/Markup/4/Length,number,3
/Record/Section/6/Section/3/Information/0/Value/StringWithMarkup/0/Markup/4/Type,string,Superscript
/Record/Section/6/Section/3/Information/0/Value/StringWithMarkup/0/Markup/5/Start,number,161
/Record/Section/6/Section/3/Information/0/Value/StringWithMarkup/0/Markup/5/Length,number,3
/Record/Section/6/Section/3/Information/0/Value/StringWithMarkup/0/Markup/5/Type,string,Superscript
/Record/Section/6/Section/3/Information/0/Value/StringWithMarkup/0/Markup/6/Start,number,174
/Record/Section/6/Section/3/Information/0/Value/StringWithMarkup/0/Markup/6/Length,number,3
/Record/Section/6/Section/3/Information/0/Value/StringWithMarkup/0/Markup/6/Type,string,Superscript
/Record/Section/6/Section/4/TOCHeading,string,Isotope Mass and Abundance
/Record/Section/6/Section/4/Description,string,Atomic mass and abundance (composition) information for a given isotope/nuclide. The number in the parenthesis refers to an uncertainty when exist. The unit of atomic weight is the unified atomic mass unit (u) or dalton (Da). 
/Record/Section/6/Section/4/DisplayControls/CreateTable/FromInformationIn,string,ThisSection
/Record/Section/6/Section/4/DisplayControls/CreateTable/NumberOfColumns,number,3
/Record/Section/6/Section/4/DisplayControls/CreateTable/ColumnsFromNamedLists/Name/0,string,Isotope
/Record/Section/6/Section/4/DisplayControls/CreateTable/ColumnsFromNamedLists/Name/1,string,Atomic Mass (uncertainty) [u]
/Record/Section/6/Section/4/DisplayControls/CreateTable/ColumnsFromNamedLists/Name/2,string,Abundance (uncertainty)
/Record/Section/6/Section/4/DisplayControls/CreateTable/ColumnsFromNamedLists/UseNamesAsColumnHeadings,boolean,true
/Record/Section/6/Section/4/Information/0/ReferenceNumber,number,3
/Record/Section/6/Section/4/Information/0/Name,string,Isotope
/Record/Section/6/Section/4/Information/0/Value/StringWithMarkup/0/String,string, 124Xe
/Record/Section/6/Section/4/Information/0/Value/StringWithMarkup/0/Markup/0/Start,number,0
/Record/Section/6/Section/4/Information/0/Value/StringWithMarkup/0/Markup/0/Length,number,4
/Record/Section/6/Section/4/Information/0/Value/StringWithMarkup/0/Markup/0/Type,string,Superscript
/Record/Section/6/Section/4/Information/0/Value/StringWithMarkup/1/String,string, 126Xe
/Record/Section/6/Section/4/Information/0/Value/StringWithMarkup/1/Markup/0/Start,number,0
/Record/Section/6/Section/4/Information/0/Value/StringWithMarkup/1/Markup/0/Length,number,4
/Record/Section/6/Section/4/Information/0/Value/StringWithMarkup/1/Markup/0/Type,string,Superscript
/Record/Section/6/Section/4/Information/0/Value/StringWithMarkup/2/String,string, 128Xe
/Record/Section/6/Section/4/Information/0/Value/StringWithMarkup/2/Markup/0/Start,number,0
/Record/Section/6/Section/4/Information/0/Value/StringWithMarkup/2/Markup/0/Length,number,4
/Record/Section/6/Section/4/Information/0/Value/StringWithMarkup/2/Markup/0/Type,string,Superscript
/Record/Section/6/Section/4/Information/0/Value/StringWithMarkup/3/String,string, 129Xe
/Record/Section/6/Section/4/Information/0/Value/StringWithMarkup/3/Markup/0/Start,number,0
/Record/Section/6/Section/4/Information/0/Value/StringWithMarkup/3/Markup/0/Length,number,4
/Record/Section/6/Section/4/Information/0/Value/StringWithMarkup/3/Markup/0/Type,string,Superscript
/Record/Section/6/Section/4/Information/0/Value/StringWithMarkup/4/String,string, 130Xe
/Record/Section/6/Section/4/Information/0/Value/StringWithMarkup/4/Markup/0/Start,number,0
/Record/Section/6/Section/4/Information/0/Value/StringWithMarkup/4/Markup/0/Length,number,4
/Record/Section/6/Section/4/Information/0/Value/StringWithMarkup/4/Markup/0/Type,string,Superscript
/Record/Section/6/Section/4/Information/0/Value/StringWithMarkup/5/String,string, 131Xe
/Record/Section/6/Section/4/Information/0/Value/StringWithMarkup/5/Markup/0/Start,number,0
/Record/Section/6/Section/4/Information/0/Value/StringWithMarkup/5/Markup/0/Length,number,4
/Record/Section/6/Section/4/Information/0/Value/StringWithMarkup/5/Markup/0/Type,string,Superscript
/Record/Section/6/Section/4/Information/0/Value/StringWithMarkup/6/String,string, 132Xe
/Record/Section/6/Section/4/Information/0/Value/StringWithMarkup/6/Markup/0/Start,number,0
/Record/Section/6/Section/4/Information/0/Value/StringWithMarkup/6/Markup/0/Length,number,4
/Record/Section/6/Section/4/Information/0/Value/StringWithMarkup/6/Markup/0/Type,string,Superscript
/Record/Section/6/Section/4/Information/0/Value/StringWithMarkup/7/String,string, 134Xe
/Record/Section/6/Section/4/Information/0/Value/StringWithMarkup/7/Markup/0/Start,number,0
/Record/Section/6/Section/4/Information/0/Value/StringWithMarkup/7/Markup/0/Length,number,4
/Record/Section/6/Section/4/Information/0/Value/StringWithMarkup/7/Markup/0/Type,string,Superscript
/Record/Section/6/Section/4/Information/0/Value/StringWithMarkup/8/String,string, 136Xe
/Record/Section/6/Section/4/Information/0/Value/StringWithMarkup/8/Markup/0/Start,number,0
/Record/Section/6/Section/4/Information/0/Value/StringWithMarkup/8/Markup/0/Length,number,4
/Record/Section/6/Section/4/Information/0/Value/StringWithMarkup/8/Markup/0/Type,string,Superscript
/Record/Section/6/Section/4/Information/1/ReferenceNumber,number,3
/Record/Section/6/Section/4/Information/1/Name,string,Atomic Mass (uncertainty)
/Record/Section/6/Section/4/Information/1/Value/StringWithMarkup/0/String,string,123.905 89(1)
/Record/Section/6/Section/4/Information/1/Value/StringWithMarkup/1/String,string,125.904 30(3)
/Record/Section/6/Section/4/Information/1/Value/StringWithMarkup/2/String,string,127.903 531(7)
/Record/Section/6/Section/4/Information/1/Value/StringWithMarkup/3/String,string,128.904 780 86(4)
/Record/Section/6/Section/4/Information/1/Value/StringWithMarkup/4/String,string,129.903 509 35(6)
/Record/Section/6/Section/4/Information/1/Value/StringWithMarkup/5/String,string,130.905 084 14(6)
/Record/Section/6/Section/4/Information/1/Value/StringWithMarkup/6/String,string,131.904 155 09(4)
/Record/Section/6/Section/4/Information/1/Value/StringWithMarkup/7/String,string,133.905 393 03(6)
/Record/Section/6/Section/4/Information/1/Value/StringWithMarkup/8/String,string,135.907 214 48(5)
/Record/Section/6/Section/4/Information/2/ReferenceNumber,number,3
/Record/Section/6/Section/4/Information/2/Name,string,Abundance (uncertainty)
/Record/Section/6/Section/4/Information/2/Value/StringWithMarkup/0/String,string,0.000 95(5)
/Record/Section/6/Section/4/Information/2/Value/StringWithMarkup/1/String,string,0.000 89(3)
/Record/Section/6/Section/4/Information/2/Value/StringWithMarkup/2/String,string,0.019 10(13)
/Record/Section/6/Section/4/Information/2/Value/StringWithMarkup/3/String,string,0.264 01(138)
/Record/Section/6/Section/4/Information/2/Value/StringWithMarkup/4/String,string,0.040 71(22)
/Record/Section/6/Section/4/Information/2/Value/StringWithMarkup/5/String,string,0.212 32(51)
/Record/Section/6/Section/4/Information/2/Value/StringWithMarkup/6/String,string,0.269 09(55)
/Record/Section/6/Section/4/Information/2/Value/StringWithMarkup/7/String,string,0.104 36(35)
/Record/Section/6/Section/4/Information/2/Value/StringWithMarkup/8/String,string,0.088 57(72)
/Record/Section/6/Section/4/Information/3/ReferenceNumber,number,7
/Record/Section/6/Section/4/Information/3/Name,string,Isotope
/Record/Section/6/Section/4/Information/3/Value/StringWithMarkup/0/String,string,124Xe
/Record/Section/6/Section/4/Information/3/Value/StringWithMarkup/0/Markup/0/Start,number,0
/Record/Section/6/Section/4/Information/3/Value/StringWithMarkup/0/Markup/0/Length,number,3
/Record/Section/6/Section/4/Information/3/Value/StringWithMarkup/0/Markup/0/Type,string,Superscript
/Record/Section/6/Section/4/Information/3/Value/StringWithMarkup/1/String,string,126Xe
/Record/Section/6/Section/4/Information/3/Value/StringWithMarkup/1/Markup/0/Start,number,0
/Record/Section/6/Section/4/Information/3/Value/StringWithMarkup/1/Markup/0/Length,number,3
/Record/Section/6/Section/4/Information/3/Value/StringWithMarkup/1/Markup/0/Type,string,Superscript
/Record/Section/6/Section/4/Information/3/Value/StringWithMarkup/2/String,string,128Xe
/Record/Section/6/Section/4/Information/3/Value/StringWithMarkup/2/Markup/0/Start,number,0
/Record/Section/6/Section/4/Information/3/Value/StringWithMarkup/2/Markup/0/Length,number,3
/Record/Section/6/Section/4/Information/3/Value/StringWithMarkup/2/Markup/0/Type,string,Superscript
/Record/Section/6/Section/4/Information/3/Value/StringWithMarkup/3/String,string,129Xe
/Record/Section/6/Section/4/Information/3/Value/StringWithMarkup/3/Markup/0/Start,number,0
/Record/Section/6/Section/4/Information/3/Value/StringWithMarkup/3/Markup/0/Length,number,3
/Record/Section/6/Section/4/Information/3/Value/StringWithMarkup/3/Markup/0/Type,string,Superscript
/Record/Section/6/Section/4/Information/3/Value/StringWithMarkup/4/String,string,130Xe
/Record/Section/6/Section/4/Information/3/Value/StringWithMarkup/4/Markup/0/Start,number,0
/Record/Section/6/Section/4/Information/3/Value/StringWithMarkup/4/Markup/0/Length,number,3
/Record/Section/6/Section/4/Information/3/Value/StringWithMarkup/4/Markup/0/Type,string,Superscript
/Record/Section/6/Section/4/Information/3/Value/StringWithMarkup/5/String,string,131Xe
/Record/Section/6/Section/4/Information/3/Value/StringWithMarkup/5/Markup/0/Start,number,0
/Record/Section/6/Section/4/Information/3/Value/StringWithMarkup/5/Markup/0/Length,number,3
/Record/Section/6/Section/4/Information/3/Value/StringWithMarkup/5/Markup/0/Type,string,Superscript
/Record/Section/6/Section/4/Information/3/Value/StringWithMarkup/6/String,string,132Xe
/Record/Section/6/Section/4/Information/3/Value/StringWithMarkup/6/Markup/0/Start,number,0
/Record/Section/6/Section/4/Information/3/Value/StringWithMarkup/6/Markup/0/Length,number,3
/Record/Section/6/Section/4/Information/3/Value/StringWithMarkup/6/Markup/0/Type,string,Superscript
/Record/Section/6/Section/4/Information/3/Value/StringWithMarkup/7/String,string,134Xe
/Record/Section/6/Section/4/Information/3/Value/StringWithMarkup/7/Markup/0/Start,number,0
/Record/Section/6/Section/4/Information/3/Value/StringWithMarkup/7/Markup/0/Length,number,3
/Record/Section/6/Section/4/Information/3/Value/StringWithMarkup/7/Markup/0/Type,string,Superscript
/Record/Section/6/Section/4/Information/3/Value/StringWithMarkup/8/String,string,136Xe
/Record/Section/6/Section/4/Information/3/Value/StringWithMarkup/8/Markup/0/Start,number,0
/Record/Section/6/Section/4/Information/3/Value/StringWithMarkup/8/Markup/0/Length,number,3
/Record/Section/6/Section/4/Information/3/Value/StringWithMarkup/8/Markup/0/Type,string,Superscript
/Record/Section/6/Section/4/Information/4/ReferenceNumber,number,7
/Record/Section/6/Section/4/Information/4/Name,string,Atomic Mass (uncertainty) [u]
/Record/Section/6/Section/4/Information/4/Value/StringWithMarkup/0/String,string,123.9058920(19)
/Record/Section/6/Section/4/Information/4/Value/StringWithMarkup/1/String,string,125.9042983(38)
/Record/Section/6/Section/4/Information/4/Value/StringWithMarkup/2/String,string,127.9035310(11)
/Record/Section/6/Section/4/Information/4/Value/StringWithMarkup/3/String,string,128.9047808611(60)
/Record/Section/6/Section/4/Information/4/Value/StringWithMarkup/4/String,string,129.903509349(10)
/Record/Section/6/Section/4/Information/4/Value/StringWithMarkup/5/String,string,130.90508406(24)
/Record/Section/6/Section/4/Information/4/Value/StringWithMarkup/6/String,string,131.9041550856(56)
/Record/Section/6/Section/4/Information/4/Value/StringWithMarkup/7/String,string,133.90539466(90)
/Record/Section/6/Section/4/Information/4/Value/StringWithMarkup/8/String,string,135.907214484(11)
/Record/Section/6/Section/4/Information/5/ReferenceNumber,number,7
/Record/Section/6/Section/4/Information/5/Name,string,Abundance (uncertainty)
/Record/Section/6/Section/4/Information/5/Value/StringWithMarkup/0/String,string,0.000952(3)
/Record/Section/6/Section/4/Information/5/Value/StringWithMarkup/1/String,string,0.000890(2)
/Record/Section/6/Section/4/Information/5/Value/StringWithMarkup/2/String,string,0.019102(8)
/Record/Section/6/Section/4/Information/5/Value/StringWithMarkup/3/String,string,0.264006(82)
/Record/Section/6/Section/4/Information/5/Value/StringWithMarkup/4/String,string,0.040710(13)
/Record/Section/6/Section/4/Information/5/Value/StringWithMarkup/5/String,string,0.212324(30)
/Record/Section/6/Section/4/Information/5/Value/StringWithMarkup/6/String,string,0.269086(33)
/Record/Section/6/Section/4/Information/5/Value/StringWithMarkup/7/String,string,0.104357(21)
/Record/Section/6/Section/4/Information/5/Value/StringWithMarkup/8/String,string,0.088573(44)
/Record/Section/6/Section/5/TOCHeading,string,"Atomic Mass, Half Life, and Decay"
/Record/Section/6/Section/5/Description,string,"Information on the atomic mass, half life, and decay for this element, from the the Atomic Mass Data Center. The number after the ± refers to an uncertainty when exists."
/Record/Section/6/Section/5/URL,string,https://pubchem.ncbi.nlm.nih.gov/docs/atomic-mass/
/Record/Section/6/Section/5/DisplayControls/CreateTable/FromInformationIn,string,ThisSection
/Record/Section/6/Section/5/DisplayControls/CreateTable/NumberOfColumns,number,5
/Record/Section/6/Section/5/DisplayControls/CreateTable/ColumnsFromNamedLists/Name/0,string,Nuclide
/Record/Section/6/Section/5/DisplayControls/CreateTable/ColumnsFromNamedLists/Name/1,string,Atomic Mass and Uncertainty [u]
/Record/Section/6/Section/5/DisplayControls/CreateTable/ColumnsFromNamedLists/Name/2,string,Half Life and Uncertainty
/Record/Section/6/Section/5/DisplayControls/CreateTable/ColumnsFromNamedLists/Name/3,string,Discovery Year
/Record/Section/6/Section/5/DisplayControls/CreateTable/ColumnsFromNamedLists/Name/4,string,"Decay Modes, Intensities and Uncertainties [%]"
/Record/Section/6/Section/5/DisplayControls/CreateTable/ColumnsFromNamedLists/UseNamesAsColumnHeadings,boolean,true
/Record/Section/6/Section/5/Information/0/ReferenceNumber,number,2
/Record/Section/6/Section/5/Information/0/Name,string,Nuclide
/Record/Section/6/Section/5/Information/0/Value/StringWithMarkup/0/String,string,108Xe
/Record/Section/6/Section/5/Information/0/Value/StringWithMarkup/0/Markup/0/Start,number,0
/Record/Section/6/Section/5/Information/0/Value/StringWithMarkup/0/Markup/0/Length,number,3
/Record/Section/6/Section/5/Information/0/Value/StringWithMarkup/0/Markup/0/Type,string,Superscript
/Record/Section/6/Section/5/Information/0/Value/StringWithMarkup/1/String,string,109Xe
/Record/Section/6/Section/5/Information/0/Value/StringWithMarkup/1/Markup/0/Start,number,0
/Record/Section/6/Section/5/Information/0/Value/StringWithMarkup/1/Markup/0/Length,number,3
/Record/Section/6/Section/5/Information/0/Value/StringWithMarkup/1/Markup/0/Type,string,Superscript
/Record/Section/6/Section/5/Information/0/Value/StringWithMarkup/2/String,string,110Xe
/Record/Section/6/Section/5/Information/0/Value/StringWithMarkup/2/Markup/0/Start,number,0
/Record/Section/6/Section/5/Information/0/Value/StringWithMarkup/2/Markup/0/Length,number,3
/Record/Section/6/Section/5/Information/0/Value/StringWithMarkup/2/Markup/0/Type,string,Superscript
/Record/Section/6/Section/5/Information/0/Value/StringWithMarkup/3/String,string,111Xe
/Record/Section/6/Section/5/Information/0/Value/StringWithMarkup/3/Markup/0/Start,number,0
/Record/Section/6/Section/5/Information/0/Value/StringWithMarkup/3/Markup/0/Length,number,3
/Record/Section/6/Section/5/Information/0/Value/StringWithMarkup/3/Markup/0/Type,string,Superscript
/Record/Section/6/Section/5/Information/0/Value/StringWithMarkup/4/String,string,112Xe
/Record/Section/6/Section/5/Information/0/Value/StringWithMarkup/4/Markup/0/Start,number,0
/Record/Section/6/Section/5/Information/0/Value/StringWithMarkup/4/Markup/0/Length,number,3
/Record/Section/6/Section/5/Information/0/Value/StringWithMarkup/4/Markup/0/Type,string,Superscript
/Record/Section/6/Section/5/Information/0/Value/StringWithMarkup/5/String,string,113Xe
/Record/Section/6/Section/5/Information/0/Value/StringWithMarkup/5/Markup/0/Start,number,0
/Record/Section/6/Section/5/Information/0/Value/StringWithMarkup/5/Markup/0/Length,number,3
/Record/Section/6/Section/5/Information/0/Value/StringWithMarkup/5/Markup/0/Type,string,Superscript
/Record/Section/6/Section/5/Information/0/Value/StringWithMarkup/6/String,string,113Xem
/Record/Section/6/Section/5/Information/0/Value/StringWithMarkup/6/Markup/0/Start,number,0
/Record/Section/6/Section/5/Information/0/Value/StringWithMarkup/6/Markup/0/Length,number,3
/Record/Section/6/Section/5/Information/0/Value/StringWithMarkup/6/Markup/0/Type,string,Superscript
/Record/Section/6/Section/5/Information/0/Value/StringWithMarkup/6/Markup/1/Start,number,5
/Record/Section/6/Section/5/Information/0/Value/StringWithMarkup/6/Markup/1/Length,number,1
/Record/Section/6/Section/5/Information/0/Value/StringWithMarkup/6/Markup/1/Type,string,Superscript
/Record/Section/6/Section/5/Information/0/Value/StringWithMarkup/7/String,string,114Xe
/Record/Section/6/Section/5/Information/0/Value/StringWithMarkup/7/Markup/0/Start,number,0
/Record/Section/6/Section/5/Information/0/Value/StringWithMarkup/7/Markup/0/Length,number,3
/Record/Section/6/Section/5/Information/0/Value/StringWithMarkup/7/Markup/0/Type,string,Superscript
/Record/Section/6/Section/5/Information/0/Value/StringWithMarkup/8/String,string,115Xe
/Record/Section/6/Section/5/Information/0/Value/StringWithMarkup/8/Markup/0/Start,number,0
/Record/Section/6/Section/5/Information/0/Value/StringWithMarkup/8/Markup/0/Length,number,3
/Record/Section/6/Section/5/Information/0/Value/StringWithMarkup/8/Markup/0/Type,string,Superscript
/Record/Section/6/Section/5/Information/0/Value/StringWithMarkup/9/String,string,116Xe
/Record/Section/6/Section/5/Information/0/Value/StringWithMarkup/9/Markup/0/Start,number,0
/Record/Section/6/Section/5/Information/0/Value/StringWithMarkup/9/Markup/0/Length,number,3
/Record/Section/6/Section/5/Information/0/Value/StringWithMarkup/9/Markup/0/Type,string,Superscript
/Record/Section/6/Section/5/Information/0/Value/StringWithMarkup/10/String,string,117Xe
/Record/Section/6/Section/5/Information/0/Value/StringWithMarkup/10/Markup/0/Start,number,0
/Record/Section/6/Section/5/Information/0/Value/StringWithMarkup/10/Markup/0/Length,number,3
/Record/Section/6/Section/5/Information/0/Value/StringWithMarkup/10/Markup/0/Type,string,Superscript
/Record/Section/6/Section/5/Information/0/Value/StringWithMarkup/11/String,string,118Xe
/Record/Section/6/Section/5/Information/0/Value/StringWithMarkup/11/Markup/0/Start,number,0
/Record/Section/6/Section/5/Information/0/Value/StringWithMarkup/11/Markup/0/Length,number,3
/Record/Section/6/Section/5/Information/0/Value/StringWithMarkup/11/Markup/0/Type,string,Superscript
/Record/Section/6/Section/5/Information/0/Value/StringWithMarkup/12/String,string,119Xe
/Record/Section/6/Section/5/Information/0/Value/StringWithMarkup/12/Markup/0/Start,number,0
/Record/Section/6/Section/5/Information/0/Value/StringWithMarkup/12/Markup/0/Length,number,3
/Record/Section/6/Section/5/Information/0/Value/StringWithMarkup/12/Markup/0/Type,string,Superscript
/Record/Section/6/Section/5/Information/0/Value/StringWithMarkup/13/String,string,120Xe
/Record/Section/6/Section/5/Information/0/Value/StringWithMarkup/13/Markup/0/Start,number,0
/Record/Section/6/Section/5/Information/0/Value/StringWithMarkup/13/Markup/0/Length,number,3
/Record/Section/6/Section/5/Information/0/Value/StringWithMarkup/13/Markup/0/Type,string,Superscript
/Record/Section/6/Section/5/Information/0/Value/StringWithMarkup/14/String,string,121Xe
/Record/Section/6/Section/5/Information/0/Value/StringWithMarkup/14/Markup/0/Start,number,0
/Record/Section/6/Section/5/Information/0/Value/StringWithMarkup/14/Markup/0/Length,number,3
/Record/Section/6/Section/5/Information/0/Value/StringWithMarkup/14/Markup/0/Type,string,Superscript
/Record/Section/6/Section/5/Information/0/Value/StringWithMarkup/15/String,string,122Xe
/Record/Section/6/Section/5/Information/0/Value/StringWithMarkup/15/Markup/0/Start,number,0
/Record/Section/6/Section/5/Information/0/Value/StringWithMarkup/15/Markup/0/Length,number,3
/Record/Section/6/Section/5/Information/0/Value/StringWithMarkup/15/Markup/0/Type,string,Superscript
/Record/Section/6/Section/5/Information/0/Value/StringWithMarkup/16/String,string,123Xe
/Record/Section/6/Section/5/Information/0/Value/StringWithMarkup/16/Markup/0/Start,number,0
/Record/Section/6/Section/5/Information/0/Value/StringWithMarkup/16/Markup/0/Length,number,3
/Record/Section/6/Section/5/Information/0/Value/StringWithMarkup/16/Markup/0/Type,string,Superscript
/Record/Section/6/Section/5/Information/0/Value/StringWithMarkup/17/String,string,123Xem
/Record/Section/6/Section/5/Information/0/Value/StringWithMarkup/17/Markup/0/Start,number,0
/Record/Section/6/Section/5/Information/0/Value/StringWithMarkup/17/Markup/0/Length,number,3
/Record/Section/6/Section/5/Information/0/Value/StringWithMarkup/17/Markup/0/Type,string,Superscript
/Record/Section/6/Section/5/Information/0/Value/StringWithMarkup/17/Markup/1/Start,number,5
/Record/Section/6/Section/5/Information/0/Value/StringWithMarkup/17/Markup/1/Length,number,1
/Record/Section/6/Section/5/Information/0/Value/StringWithMarkup/17/Markup/1/Type,string,Superscript
/Record/Section/6/Section/5/Information/0/Value/StringWithMarkup/18/String,string,124Xe
/Record/Section/6/Section/5/Information/0/Value/StringWithMarkup/18/Markup/0/Start,number,0
/Record/Section/6/Section/5/Information/0/Value/StringWithMarkup/18/Markup/0/Length,number,3
/Record/Section/6/Section/5/Information/0/Value/StringWithMarkup/18/Markup/0/Type,string,Superscript
/Record/Section/6/Section/5/Information/0/Value/StringWithMarkup/19/String,string,125Xe
/Record/Section/6/Section/5/Information/0/Value/StringWithMarkup/19/Markup/0/Start,number,0
/Record/Section/6/Section/5/Information/0/Value/StringWithMarkup/19/Markup/0/Length,number,3
/Record/Section/6/Section/5/Information/0/Value/StringWithMarkup/19/Markup/0/Type,string,Superscript
/Record/Section/6/Section/5/Information/0/Value/StringWithMarkup/20/String,string,125Xem
/Record/Section/6/Section/5/Information/0/Value/StringWithMarkup/20/Markup/0/Start,number,0
/Record/Section/6/Section/5/Information/0/Value/StringWithMarkup/20/Markup/0/Length,number,3
/Record/Section/6/Section/5/Information/0/Value/StringWithMarkup/20/Markup/0/Type,string,Superscript
/Record/Section/6/Section/5/Information/0/Value/StringWithMarkup/20/Markup/1/Start,number,5
/Record/Section/6/Section/5/Information/0/Value/StringWithMarkup/20/Markup/1/Length,number,1
/Record/Section/6/Section/5/Information/0/Value/StringWithMarkup/20/Markup/1/Type,string,Superscript
/Record/Section/6/Section/5/Information/0/Value/StringWithMarkup/21/String,string,125Xen
/Record/Section/6/Section/5/Information/0/Value/StringWithMarkup/21/Markup/0/Start,number,0
/Record/Section/6/Section/5/Information/0/Value/StringWithMarkup/21/Markup/0/Length,number,3
/Record/Section/6/Section/5/Information/0/Value/StringWithMarkup/21/Markup/0/Type,string,Superscript
/Record/Section/6/Section/5/Information/0/Value/StringWithMarkup/21/Markup/1/Start,number,5
/Record/Section/6/Section/5/Information/0/Value/StringWithMarkup/21/Markup/1/Length,number,1
/Record/Section/6/Section/5/Information/0/Value/StringWithMarkup/21/Markup/1/Type,string,Superscript
/Record/Section/6/Section/5/Information/0/Value/StringWithMarkup/22/String,string,126Xe
/Record/Section/6/Section/5/Information/0/Value/StringWithMarkup/22/Markup/0/Start,number,0
/Record/Section/6/Section/5/Information/0/Value/StringWithMarkup/22/Markup/0/Length,number,3
/Record/Section/6/Section/5/Information/0/Value/StringWithMarkup/22/Markup/0/Type,string,Superscript
/Record/Section/6/Section/5/Information/0/Value/StringWithMarkup/23/String,string,127Xe
/Record/Section/6/Section/5/Information/0/Value/StringWithMarkup/23/Markup/0/Start,number,0
/Record/Section/6/Section/5/Information/0/Value/StringWithMarkup/23/Markup/0/Length,number,3
/Record/Section/6/Section/5/Information/0/Value/StringWithMarkup/23/Markup/0/Type,string,Superscript
/Record/Section/6/Section/5/Information/0/Value/StringWithMarkup/24/String,string,127Xem
/Record/Section/6/Section/5/Information/0/Value/StringWithMarkup/24/Markup/0/Start,number,0
/Record/Section/6/Section/5/Information/0/Value/StringWithMarkup/24/Markup/0/Length,number,3
/Record/Section/6/Section/5/Information/0/Value/StringWithMarkup/24/Markup/0/Type,string,Superscript
/Record/Section/6/Section/5/Information/0/Value/StringWithMarkup/24/Markup/1/Start,number,5
/Record/Section/6/Section/5/Information/0/Value/StringWithMarkup/24/Markup/1/Length,number,1
/Record/Section/6/Section/5/Information/0/Value/StringWithMarkup/24/Markup/1/Type,string,Superscript
/Record/Section/6/Section/5/Information/0/Value/StringWithMarkup/25/String,string,128Xe
/Record/Section/6/Section/5/Information/0/Value/StringWithMarkup/25/Markup/0/Start,number,0
/Record/Section/6/Section/5/Information/0/Value/StringWithMarkup/25/Markup/0/Length,number,3
/Record/Section/6/Section/5/Information/0/Value/StringWithMarkup/25/Markup/0/Type,string,Superscript
/Record/Section/6/Section/5/Information/0/Value/StringWithMarkup/26/String,string,128Xem
/Record/Section/6/Section/5/Information/0/Value/StringWithMarkup/26/Markup/0/Start,number,0
/Record/Section/6/Section/5/Information/0/Value/StringWithMarkup/26/Markup/0/Length,number,3
/Record/Section/6/Section/5/Information/0/Value/StringWithMarkup/26/Markup/0/Type,string,Superscript
/Record/Section/6/Section/5/Information/0/Value/StringWithMarkup/26/Markup/1/Start,number,5
/Record/Section/6/Section/5/Information/0/Value/StringWithMarkup/26/Markup/1/Length,number,1
/Record/Section/6/Section/5/Information/0/Value/StringWithMarkup/26/Markup/1/Type,string,Superscript
/Record/Section/6/Section/5/Information/0/Value/StringWithMarkup/27/String,string,129Xe
/Record/Section/6/Section/5/Information/0/Value/StringWithMarkup/27/Markup/0/Start,number,0
/Record/Section/6/Section/5/Information/0/Value/StringWithMarkup/27/Markup/0/Length,number,3
/Record/Section/6/Section/5/Information/0/Value/StringWithMarkup/27/Markup/0/Type,string,Superscript
/Record/Section/6/Section/5/Information/0/Value/StringWithMarkup/28/String,string,129Xem
/Record/Section/6/Section/5/Information/0/Value/StringWithMarkup/28/Markup/0/Start,number,0
/Record/Section/6/Section/5/Information/0/Value/StringWithMarkup/28/Markup/0/Length,number,3
/Record/Section/6/Section/5/Information/0/Value/StringWithMarkup/28/Markup/0/Type,string,Superscript
/Record/Section/6/Section/5/Information/0/Value/StringWithMarkup/28/Markup/1/Start,number,5
/Record/Section/6/Section/5/Information/0/Value/StringWithMarkup/28/Markup/1/Length,number,1
/Record/Section/6/Section/5/Information/0/Value/StringWithMarkup/28/Markup/1/Type,string,Superscript
/Record/Section/6/Section/5/Information/0/Value/StringWithMarkup/29/String,string,130Xe
/Record/Section/6/Section/5/Information/0/Value/StringWithMarkup/29/Markup/0/Start,number,0
/Record/Section/6/Section/5/Information/0/Value/StringWithMarkup/29/Markup/0/Length,number,3
/Record/Section/6/Section/5/Information/0/Value/StringWithMarkup/29/Markup/0/Type,string,Superscript
/Record/Section/6/Section/5/Information/0/Value/StringWithMarkup/30/String,string,131Xe
/Record/Section/6/Section/5/Information/0/Value/StringWithMarkup/30/Markup/0/Start,number,0
/Record/Section/6/Section/5/Information/0/Value/StringWithMarkup/30/Markup/0/Length,number,3
/Record/Section/6/Section/5/Information/0/Value/StringWithMarkup/30/Markup/0/Type,string,Superscript
/Record/Section/6/Section/5/Information/0/Value/StringWithMarkup/31/String,string,131Xem
/Record/Section/6/Section/5/Information/0/Value/StringWithMarkup/31/Markup/0/Start,number,0
/Record/Section/6/Section/5/Information/0/Value/StringWithMarkup/31/Markup/0/Length,number,3
/Record/Section/6/Section/5/Information/0/Value/StringWithMarkup/31/Markup/0/Type,string,Superscript
/Record/Section/6/Section/5/Information/0/Value/StringWithMarkup/31/Markup/1/Start,number,5
/Record/Section/6/Section/5/Information/0/Value/StringWithMarkup/31/Markup/1/Length,number,1
/Record/Section/6/Section/5/Information/0/Value/StringWithMarkup/31/Markup/1/Type,string,Superscript
/Record/Section/6/Section/5/Information/0/Value/StringWithMarkup/32/String,string,132Xe
/Record/Section/6/Section/5/Information/0/Value/StringWithMarkup/32/Markup/0/Start,number,0
/Record/Section/6/Section/5/Information/0/Value/StringWithMarkup/32/Markup/0/Length,number,3
/Record/Section/6/Section/5/Information/0/Value/StringWithMarkup/32/Markup/0/Type,string,Superscript
/Record/Section/6/Section/5/Information/0/Value/StringWithMarkup/33/String,string,132Xem
/Record/Section/6/Section/5/Information/0/Value/StringWithMarkup/33/Markup/0/Start,number,0
/Record/Section/6/Section/5/Information/0/Value/StringWithMarkup/33/Markup/0/Length,number,3
/Record/Section/6/Section/5/Information/0/Value/StringWithMarkup/33/Markup/0/Type,string,Superscript
/Record/Section/6/Section/5/Information/0/Value/StringWithMarkup/33/Markup/1/Start,number,5
/Record/Section/6/Section/5/Information/0/Value/StringWithMarkup/33/Markup/1/Length,number,1
/Record/Section/6/Section/5/Information/0/Value/StringWithMarkup/33/Markup/1/Type,string,Superscript
/Record/Section/6/Section/5/Information/0/Value/StringWithMarkup/34/String,string,133Xe
/Record/Section/6/Section/5/Information/0/Value/StringWithMarkup/34/Markup/0/Start,number,0
/Record/Section/6/Section/5/Information/0/Value/StringWithMarkup/34/Markup/0/Length,number,3
/Record/Section/6/Section/5/Information/0/Value/StringWithMarkup/34/Markup/0/Type,string,Superscript
/Record/Section/6/Section/5/Information/0/Value/StringWithMarkup/35/String,string,133Xem
/Record/Section/6/Section/5/Information/0/Value/StringWithMarkup/35/Markup/0/Start,number,0
/Record/Section/6/Section/5/Information/0/Value/StringWithMarkup/35/Markup/0/Length,number,3
/Record/Section/6/Section/5/Information/0/Value/StringWithMarkup/35/Markup/0/Type,string,Superscript
/Record/Section/6/Section/5/Information/0/Value/StringWithMarkup/35/Markup/1/Start,number,5
/Record/Section/6/Section/5/Information/0/Value/StringWithMarkup/35/Markup/1/Length,number,1
/Record/Section/6/Section/5/Information/0/Value/StringWithMarkup/35/Markup/1/Type,string,Superscript
/Record/Section/6/Section/5/Information/0/Value/StringWithMarkup/36/String,string,133Xen
/Record/Section/6/Section/5/Information/0/Value/StringWithMarkup/36/Markup/0/Start,number,0
/Record/Section/6/Section/5/Information/0/Value/StringWithMarkup/36/Markup/0/Length,number,3
/Record/Section/6/Section/5/Information/0/Value/StringWithMarkup/36/Markup/0/Type,string,Superscript
/Record/Section/6/Section/5/Information/0/Value/StringWithMarkup/36/Markup/1/Start,number,5
/Record/Section/6/Section/5/Information/0/Value/StringWithMarkup/36/Markup/1/Length,number,1
/Record/Section/6/Section/5/Information/0/Value/StringWithMarkup/36/Markup/1/Type,string,Superscript
/Record/Section/6/Section/5/Information/0/Value/StringWithMarkup/37/String,string,134Xe
/Record/Section/6/Section/5/Information/0/Value/StringWithMarkup/37/Markup/0/Start,number,0
/Record/Section/6/Section/5/Information/0/Value/StringWithMarkup/37/Markup/0/Length,number,3
/Record/Section/6/Section/5/Information/0/Value/StringWithMarkup/37/Markup/0/Type,string,Superscript
/Record/Section/6/Section/5/Information/0/Value/StringWithMarkup/38/String,string,134Xem
/Record/Section/6/Section/5/Information/0/Value/StringWithMarkup/38/Markup/0/Start,number,0
/Record/Section/6/Section/5/Information/0/Value/StringWithMarkup/38/Markup/0/Length,number,3
/Record/Section/6/Section/5/Information/0/Value/StringWithMarkup/38/Markup/0/Type,string,Superscript
/Record/Section/6/Section/5/Information/0/Value/StringWithMarkup/38/Markup/1/Start,number,5
/Record/Section/6/Section/5/Information/0/Value/StringWithMarkup/38/Markup/1/Length,number,1
/Record/Section/6/Section/5/Information/0/Value/StringWithMarkup/38/Markup/1/Type,string,Superscript
/Record/Section/6/Section/5/Information/0/Value/StringWithMarkup/39/String,string,134Xen
/Record/Section/6/Section/5/Information/0/Value/StringWithMarkup/39/Markup/0/Start,number,0
/Record/Section/6/Section/5/Information/0/Value/StringWithMarkup/39/Markup/0/Length,number,3
/Record/Section/6/Section/5/Information/0/Value/StringWithMarkup/39/Markup/0/Type,string,Superscript
/Record/Section/6/Section/5/Information/0/Value/StringWithMarkup/39/Markup/1/Start,number,5
/Record/Section/6/Section/5/Information/0/Value/StringWithMarkup/39/Markup/1/Length,number,1
/Record/Section/6/Section/5/Information/0/Value/StringWithMarkup/39/Markup/1/Type,string,Superscript
/Record/Section/6/Section/5/Information/0/Value/StringWithMarkup/40/String,string,135Xe
/Record/Section/6/Section/5/Information/0/Value/StringWithMarkup/40/Markup/0/Start,number,0
/Record/Section/6/Section/5/Information/0/Value/StringWithMarkup/40/Markup/0/Length,number,3
/Record/Section/6/Section/5/Information/0/Value/StringWithMarkup/40/Markup/0/Type,string,Superscript
/Record/Section/6/Section/5/Information/0/Value/StringWithMarkup/41/String,string,135Xem
/Record/Section/6/Section/5/Information/0/Value/StringWithMarkup/41/Markup/0/Start,number,0
/Record/Section/6/Section/5/Information/0/Value/StringWithMarkup/41/Markup/0/Length,number,3
/Record/Section/6/Section/5/Information/0/Value/StringWithMarkup/41/Markup/0/Type,string,Superscript
/Record/Section/6/Section/5/Information/0/Value/StringWithMarkup/41/Markup/1/Start,number,5
/Record/Section/6/Section/5/Information/0/Value/StringWithMarkup/41/Markup/1/Length,number,1
/Record/Section/6/Section/5/Information/0/Value/StringWithMarkup/41/Markup/1/Type,string,Superscript
/Record/Section/6/Section/5/Information/0/Value/StringWithMarkup/42/String,string,136Xe
/Record/Section/6/Section/5/Information/0/Value/StringWithMarkup/42/Markup/0/Start,number,0
/Record/Section/6/Section/5/Information/0/Value/StringWithMarkup/42/Markup/0/Length,number,3
/Record/Section/6/Section/5/Information/0/Value/StringWithMarkup/42/Markup/0/Type,string,Superscript
/Record/Section/6/Section/5/Information/0/Value/StringWithMarkup/43/String,string,136Xem
/Record/Section/6/Section/5/Information/0/Value/StringWithMarkup/43/Markup/0/Start,number,0
/Record/Section/6/Section/5/Information/0/Value/StringWithMarkup/43/Markup/0/Length,number,3
/Record/Section/6/Section/5/Information/0/Value/StringWithMarkup/43/Markup/0/Type,string,Superscript
/Record/Section/6/Section/5/Information/0/Value/StringWithMarkup/43/Markup/1/Start,number,5
/Record/Section/6/Section/5/Information/0/Value/StringWithMarkup/43/Markup/1/Length,number,1
/Record/Section/6/Section/5/Information/0/Value/StringWithMarkup/43/Markup/1/Type,string,Superscript
/Record/Section/6/Section/5/Information/0/Value/StringWithMarkup/44/String,string,137Xe
/Record/Section/6/Section/5/Information/0/Value/StringWithMarkup/44/Markup/0/Start,number,0
/Record/Section/6/Section/5/Information/0/Value/StringWithMarkup/44/Markup/0/Length,number,3
/Record/Section/6/Section/5/Information/0/Value/StringWithMarkup/44/Markup/0/Type,string,Superscript
/Record/Section/6/Section/5/Information/0/Value/StringWithMarkup/45/String,string,138Xe
/Record/Section/6/Section/5/Information/0/Value/StringWithMarkup/45/Markup/0/Start,number,0
/Record/Section/6/Section/5/Information/0/Value/StringWithMarkup/45/Markup/0/Length,number,3
/Record/Section/6/Section/5/Information/0/Value/StringWithMarkup/45/Markup/0/Type,string,Superscript
/Record/Section/6/Section/5/Information/0/Value/StringWithMarkup/46/String,string,139Xe
/Record/Section/6/Section/5/Information/0/Value/StringWithMarkup/46/Markup/0/Start,number,0
/Record/Section/6/Section/5/Information/0/Value/StringWithMarkup/46/Markup/0/Length,number,3
/Record/Section/6/Section/5/Information/0/Value/StringWithMarkup/46/Markup/0/Type,string,Superscript
/Record/Section/6/Section/5/Information/0/Value/StringWithMarkup/47/String,string,140Xe
/Record/Section/6/Section/5/Information/0/Value/StringWithMarkup/47/Markup/0/Start,number,0
/Record/Section/6/Section/5/Information/0/Value/StringWithMarkup/47/Markup/0/Length,number,3
/Record/Section/6/Section/5/Information/0/Value/StringWithMarkup/47/Markup/0/Type,string,Superscript
/Record/Section/6/Section/5/Information/0/Value/StringWithMarkup/48/String,string,141Xe
/Record/Section/6/Section/5/Information/0/Value/StringWithMarkup/48/Markup/0/Start,number,0
/Record/Section/6/Section/5/Information/0/Value/StringWithMarkup/48/Markup/0/Length,number,3
/Record/Section/6/Section/5/Information/0/Value/StringWithMarkup/48/Markup/0/Type,string,Superscript
/Record/Section/6/Section/5/Information/0/Value/StringWithMarkup/49/String,string,142Xe
/Record/Section/6/Section/5/Information/0/Value/StringWithMarkup/49/Markup/0/Start,number,0
/Record/Section/6/Section/5/Information/0/Value/StringWithMarkup/49/Markup/0/Length,number,3
/Record/Section/6/Section/5/Information/0/Value/StringWithMarkup/49/Markup/0/Type,string,Superscript
/Record/Section/6/Section/5/Information/0/Value/StringWithMarkup/50/String,string,143Xe
/Record/Section/6/Section/5/Information/0/Value/StringWithMarkup/50/Markup/0/Start,number,0
/Record/Section/6/Section/5/Information/0/Value/StringWithMarkup/50/Markup/0/Length,number,3
/Record/Section/6/Section/5/Information/0/Value/StringWithMarkup/50/Markup/0/Type,string,Superscript
/Record/Section/6/Section/5/Information/0/Value/StringWithMarkup/51/String,string,144Xe
/Record/Section/6/Section/5/Information/0/Value/StringWithMarkup/51/Markup/0/Start,number,0
/Record/Section/6/Section/5/Information/0/Value/StringWithMarkup/51/Markup/0/Length,number,3
/Record/Section/6/Section/5/Information/0/Value/StringWithMarkup/51/Markup/0/Type,string,Superscript
/Record/Section/6/Section/5/Information/0/Value/StringWithMarkup/52/String,string,145Xe
/Record/Section/6/Section/5/Information/0/Value/StringWithMarkup/52/Markup/0/Start,number,0
/Record/Section/6/Section/5/Information/0/Value/StringWithMarkup/52/Markup/0/Length,number,3
/Record/Section/6/Section/5/Information/0/Value/StringWithMarkup/52/Markup/0/Type,string,Superscript
/Record/Section/6/Section/5/Information/0/Value/StringWithMarkup/53/String,string,146Xe
/Record/Section/6/Section/5/Information/0/Value/StringWithMarkup/53/Markup/0/Start,number,0
/Record/Section/6/Section/5/Information/0/Value/StringWithMarkup/53/Markup/0/Length,number,3
/Record/Section/6/Section/5/Information/0/Value/StringWithMarkup/53/Markup/0/Type,string,Superscript
/Record/Section/6/Section/5/Information/0/Value/StringWithMarkup/54/String,string,147Xe
/Record/Section/6/Section/5/Information/0/Value/StringWithMarkup/54/Markup/0/Start,number,0
/Record/Section/6/Section/5/Information/0/Value/StringWithMarkup/54/Markup/0/Length,number,3
/Record/Section/6/Section/5/Information/0/Value/StringWithMarkup/54/Markup/0/Type,string,Superscript
/Record/Section/6/Section/5/Information/0/Value/StringWithMarkup/55/String,string,148Xe
/Record/Section/6/Section/5/Information/0/Value/StringWithMarkup/55/Markup/0/Start,number,0
/Record/Section/6/Section/5/Information/0/Value/StringWithMarkup/55/Markup/0/Length,number,3
/Record/Section/6/Section/5/Information/0/Value/StringWithMarkup/55/Markup/0/Type,string,Superscript
/Record/Section/6/Section/5/Information/0/Value/StringWithMarkup/56/String,string,149Xe
/Record/Section/6/Section/5/Information/0/Value/StringWithMarkup/56/Markup/0/Start,number,0
/Record/Section/6/Section/5/Information/0/Value/StringWithMarkup/56/Markup/0/Length,number,3
/Record/Section/6/Section/5/Information/0/Value/StringWithMarkup/56/Markup/0/Type,string,Superscript
/Record/Section/6/Section/5/Information/0/Value/StringWithMarkup/57/String,string,150Xe
/Record/Section/6/Section/5/Information/0/Value/StringWithMarkup/57/Markup/0/Start,number,0
/Record/Section/6/Section/5/Information/0/Value/StringWithMarkup/57/Markup/0/Length,number,3
/Record/Section/6/Section/5/Information/0/Value/StringWithMarkup/57/Markup/0/Type,string,Superscript
/Record/Section/6/Section/5/Information/1/ReferenceNumber,number,2
/Record/Section/6/Section/5/Information/1/Name,string,Atomic Mass and Uncertainty [u]
/Record/Section/6/Section/5/Information/1/Value/StringWithMarkup/0/String,string,107.954232285 ± 0.000407406
/Record/Section/6/Section/5/Information/1/Value/StringWithMarkup/1/String,string,108.950434955 ± 0.000322178
/Record/Section/6/Section/5/Information/1/Value/StringWithMarkup/2/String,string,109.944258759 ± 0.000108415
/Record/Section/6/Section/5/Information/1/Value/StringWithMarkup/3/String,string,110.941470 ± 0.000124 [Estimated]
/Record/Section/6/Section/5/Information/1/Value/StringWithMarkup/4/String,string,111.935559068 ± 0.000008891
/Record/Section/6/Section/5/Information/1/Value/StringWithMarkup/5/String,string,112.933221663 ± 0.000007342
/Record/Section/6/Section/5/Information/1/Value/StringWithMarkup/6/String,string,112.933221663 ± 0.000007342
/Record/Section/6/Section/5/Information/1/Value/StringWithMarkup/7/String,string,113.927980329 ± 0.000012
/Record/Section/6/Section/5/Information/1/Value/StringWithMarkup/8/String,string,114.926293943 ± 0.000013
/Record/Section/6/Section/5/Information/1/Value/StringWithMarkup/9/String,string,115.921580955 ± 0.000013974
/Record/Section/6/Section/5/Information/1/Value/StringWithMarkup/10/String,string,116.920358758 ± 0.000011141
/Record/Section/6/Section/5/Information/1/Value/StringWithMarkup/11/String,string,117.916178678 ± 0.000011141
/Record/Section/6/Section/5/Information/1/Value/StringWithMarkup/12/String,string,118.915410641 ± 0.000011141
/Record/Section/6/Section/5/Information/1/Value/StringWithMarkup/13/String,string,119.911784267 ± 0.000012686
/Record/Section/6/Section/5/Information/1/Value/StringWithMarkup/14/String,string,120.911453012 ± 0.000010995
/Record/Section/6/Section/5/Information/1/Value/StringWithMarkup/15/String,string,121.908367655 ± 0.000011928
/Record/Section/6/Section/5/Information/1/Value/StringWithMarkup/16/String,string,122.908482235 ± 0.000010234
/Record/Section/6/Section/5/Information/1/Value/StringWithMarkup/17/String,string,122.908482235 ± 0.000010234
/Record/Section/6/Section/5/Information/1/Value/StringWithMarkup/18/String,string,123.905885174 ± 0.000001457
/Record/Section/6/Section/5/Information/1/Value/StringWithMarkup/19/String,string,124.906387640 ± 0.000001518
/Record/Section/6/Section/5/Information/1/Value/StringWithMarkup/20/String,string,124.906387640 ± 0.000001518
/Record/Section/6/Section/5/Information/1/Value/StringWithMarkup/21/String,string,124.906387640 ± 0.000001518
/Record/Section/6/Section/5/Information/1/Value/StringWithMarkup/22/String,string,125.904297422 ± 0.000000006
/Record/Section/6/Section/5/Information/1/Value/StringWithMarkup/23/String,string,126.905183636 ± 0.000004388
/Record/Section/6/Section/5/Information/1/Value/StringWithMarkup/24/String,string,126.905183636 ± 0.000004388
/Record/Section/6/Section/5/Information/1/Value/StringWithMarkup/25/String,string,127.90353075341 ± 0.00000000558
/Record/Section/6/Section/5/Information/1/Value/StringWithMarkup/26/String,string,127.90353075341 ± 0.00000000558
/Record/Section/6/Section/5/Information/1/Value/StringWithMarkup/27/String,string,128.90478085742 ± 0.00000000542
/Record/Section/6/Section/5/Information/1/Value/StringWithMarkup/28/String,string,128.90478085742 ± 0.00000000542
/Record/Section/6/Section/5/Information/1/Value/StringWithMarkup/29/String,string,129.903509346 ± 0.00000001
/Record/Section/6/Section/5/Information/1/Value/StringWithMarkup/30/String,string,130.90508412808 ± 0.00000000549
/Record/Section/6/Section/5/Information/1/Value/StringWithMarkup/31/String,string,130.90508412808 ± 0.00000000549
/Record/Section/6/Section/5/Information/1/Value/StringWithMarkup/32/String,string,131.90415508346 ± 0.00000000544
/Record/Section/6/Section/5/Information/1/Value/StringWithMarkup/33/String,string,131.90415508346 ± 0.00000000544
/Record/Section/6/Section/5/Information/1/Value/StringWithMarkup/34/String,string,132.905910748 ± 0.000002576
/Record/Section/6/Section/5/Information/1/Value/StringWithMarkup/35/String,string,132.905910748 ± 0.000002576
/Record/Section/6/Section/5/Information/1/Value/StringWithMarkup/36/String,string,132.905910748 ± 0.000002576
/Record/Section/6/Section/5/Information/1/Value/StringWithMarkup/37/String,string,133.905393030 ± 0.000000006
/Record/Section/6/Section/5/Information/1/Value/StringWithMarkup/38/String,string,133.905393030 ± 0.000000006
/Record/Section/6/Section/5/Information/1/Value/StringWithMarkup/39/String,string,133.905393030 ± 0.000000006
/Record/Section/6/Section/5/Information/1/Value/StringWithMarkup/40/String,string,134.907231441 ± 0.000003938
/Record/Section/6/Section/5/Information/1/Value/StringWithMarkup/41/String,string,134.907231441 ± 0.000003938
/Record/Section/6/Section/5/Information/1/Value/StringWithMarkup/42/String,string,135.907214474 ± 0.000000007
/Record/Section/6/Section/5/Information/1/Value/StringWithMarkup/43/String,string,135.907214474 ± 0.000000007
/Record/Section/6/Section/5/Information/1/Value/StringWithMarkup/44/String,string,136.911557771 ± 0.000000111
/Record/Section/6/Section/5/Information/1/Value/StringWithMarkup/45/String,string,137.914146268 ± 0.00000301
/Record/Section/6/Section/5/Information/1/Value/StringWithMarkup/46/String,string,138.918792200 ± 0.0000023
/Record/Section/6/Section/5/Information/1/Value/StringWithMarkup/47/String,string,139.921645814 ± 0.0000025
/Record/Section/6/Section/5/Information/1/Value/StringWithMarkup/48/String,string,140.926787181 ± 0.0000031
/Record/Section/6/Section/5/Information/1/Value/StringWithMarkup/49/String,string,141.929973095 ± 0.0000029
/Record/Section/6/Section/5/Information/1/Value/StringWithMarkup/50/String,string,142.935369550 ± 0.000005
/Record/Section/6/Section/5/Information/1/Value/StringWithMarkup/51/String,string,143.938945076 ± 0.0000057
/Record/Section/6/Section/5/Information/1/Value/StringWithMarkup/52/String,string,144.944719631 ± 0.000012
/Record/Section/6/Section/5/Information/1/Value/StringWithMarkup/53/String,string,145.948518245 ± 0.000026
/Record/Section/6/Section/5/Information/1/Value/StringWithMarkup/54/String,string,146.954482 ± 0.000215 [Estimated]
/Record/Section/6/Section/5/Information/1/Value/StringWithMarkup/55/String,string,147.958508 ± 0.000322 [Estimated]
/Record/Section/6/Section/5/Information/1/Value/StringWithMarkup/56/String,string,148.964573 ± 0.000322 [Estimated]
/Record/Section/6/Section/5/Information/1/Value/StringWithMarkup/57/String,string,149.968878 ± 0.000322 [Estimated]
/Record/Section/6/Section/5/Information/2/ReferenceNumber,number,2
/Record/Section/6/Section/5/Information/2/Name,string,Half Life and Uncertainty
/Record/Section/6/Section/5/Information/2/Value/StringWithMarkup/0/String,string,72 us ± 35
/Record/Section/6/Section/5/Information/2/Value/StringWithMarkup/1/String,string,13 ms ± 2
/Record/Section/6/Section/5/Information/2/Value/StringWithMarkup/2/String,string,93 ms ± 3
/Record/Section/6/Section/5/Information/2/Value/StringWithMarkup/3/String,string,740 ms ± 200
/Record/Section/6/Section/5/Information/2/Value/StringWithMarkup/4/String,string,2.7 s ± 0.8
/Record/Section/6/Section/5/Information/2/Value/StringWithMarkup/5/String,string,2.74 s ± 0.08
/Record/Section/6/Section/5/Information/2/Value/StringWithMarkup/6/String,string,6.9 us ± 0.3
/Record/Section/6/Section/5/Information/2/Value/StringWithMarkup/7/String,string,10.0 s ± 0.4
/Record/Section/6/Section/5/Information/2/Value/StringWithMarkup/8/String,string,18 s ± 3
/Record/Section/6/Section/5/Information/2/Value/StringWithMarkup/9/String,string,59 s ± 2
/Record/Section/6/Section/5/Information/2/Value/StringWithMarkup/10/String,string,61 s ± 2
/Record/Section/6/Section/5/Information/2/Value/StringWithMarkup/11/String,string,3.8 m ± 0.9
/Record/Section/6/Section/5/Information/2/Value/StringWithMarkup/12/String,string,5.8 m ± 0.3
/Record/Section/6/Section/5/Information/2/Value/StringWithMarkup/13/String,string,46.0 m ± 0.6
/Record/Section/6/Section/5/Information/2/Value/StringWithMarkup/14/String,string,40.1 m ± 2.0
/Record/Section/6/Section/5/Information/2/Value/StringWithMarkup/15/String,string,20.1 h ± 0.1
/Record/Section/6/Section/5/Information/2/Value/StringWithMarkup/16/String,string,2.08 h ± 0.02
/Record/Section/6/Section/5/Information/2/Value/StringWithMarkup/17/String,string,5.49 us ± 0.26
/Record/Section/6/Section/5/Information/2/Value/StringWithMarkup/18/String,string,Stable >200Ty
/Record/Section/6/Section/5/Information/2/Value/StringWithMarkup/19/String,string,16.87 h ± 0.08
/Record/Section/6/Section/5/Information/2/Value/StringWithMarkup/20/String,string,56.9 s ± 0.9
/Record/Section/6/Section/5/Information/2/Value/StringWithMarkup/21/String,string,140 ns ± 30
/Record/Section/6/Section/5/Information/2/Value/StringWithMarkup/22/String,string,Stable
/Record/Section/6/Section/5/Information/2/Value/StringWithMarkup/23/String,string,36.342 d ± 0.003
/Record/Section/6/Section/5/Information/2/Value/StringWithMarkup/24/String,string,69.2 s ± 0.9
/Record/Section/6/Section/5/Information/2/Value/StringWithMarkup/25/String,string,Stable
/Record/Section/6/Section/5/Information/2/Value/StringWithMarkup/26/String,string,83 ns ± 2
/Record/Section/6/Section/5/Information/2/Value/StringWithMarkup/27/String,string,Stable
/Record/Section/6/Section/5/Information/2/Value/StringWithMarkup/28/String,string,8.88 d ± 0.02
/Record/Section/6/Section/5/Information/2/Value/StringWithMarkup/29/String,string,Stable
/Record/Section/6/Section/5/Information/2/Value/StringWithMarkup/30/String,string,Stable
/Record/Section/6/Section/5/Information/2/Value/StringWithMarkup/31/String,string,11.948 d ± 0.012
/Record/Section/6/Section/5/Information/2/Value/StringWithMarkup/32/String,string,Stable
/Record/Section/6/Section/5/Information/2/Value/StringWithMarkup/33/String,string,8.39 ms ± 0.11
/Record/Section/6/Section/5/Information/2/Value/StringWithMarkup/34/String,string,5.2474 d ± 0.0005
/Record/Section/6/Section/5/Information/2/Value/StringWithMarkup/35/String,string,2.198 d ± 0.013
/Record/Section/6/Section/5/Information/2/Value/StringWithMarkup/36/String,string,8.64 ms ± 0.13
/Record/Section/6/Section/5/Information/2/Value/StringWithMarkup/37/String,string,Stable >11Py
/Record/Section/6/Section/5/Information/2/Value/StringWithMarkup/38/String,string,290 ms ± 17
/Record/Section/6/Section/5/Information/2/Value/StringWithMarkup/39/String,string,5 us ± 1
/Record/Section/6/Section/5/Information/2/Value/StringWithMarkup/40/String,string,9.14 h ± 0.02
/Record/Section/6/Section/5/Information/2/Value/StringWithMarkup/41/String,string,15.29 m ± 0.05
/Record/Section/6/Section/5/Information/2/Value/StringWithMarkup/42/String,string,2.18 Zy ± 0.05
/Record/Section/6/Section/5/Information/2/Value/StringWithMarkup/43/String,string,2.92 us ± 0.03
/Record/Section/6/Section/5/Information/2/Value/StringWithMarkup/44/String,string,3.818 m ± 0.013
/Record/Section/6/Section/5/Information/2/Value/StringWithMarkup/45/String,string,14.14 m ± 0.07
/Record/Section/6/Section/5/Information/2/Value/StringWithMarkup/46/String,string,39.68 s ± 0.14
/Record/Section/6/Section/5/Information/2/Value/StringWithMarkup/47/String,string,13.60 s ± 0.10
/Record/Section/6/Section/5/Information/2/Value/StringWithMarkup/48/String,string,1.73 s ± 0.01
/Record/Section/6/Section/5/Information/2/Value/StringWithMarkup/49/String,string,1.23 s ± 0.02
/Record/Section/6/Section/5/Information/2/Value/StringWithMarkup/50/String,string,511 ms ± 6
/Record/Section/6/Section/5/Information/2/Value/StringWithMarkup/51/String,string,388 ms ± 7
/Record/Section/6/Section/5/Information/2/Value/StringWithMarkup/52/String,string,188 ms ± 4
/Record/Section/6/Section/5/Information/2/Value/StringWithMarkup/53/String,string,146 ms ± 6
/Record/Section/6/Section/5/Information/2/Value/StringWithMarkup/54/String,string,88 ms ± 14
/Record/Section/6/Section/5/Information/2/Value/StringWithMarkup/55/String,string,85 ms ± 15
/Record/Section/6/Section/5/Information/2/Value/StringWithMarkup/56/String,string,50 ms >550ns [Estimated]
/Record/Section/6/Section/5/Information/2/Value/StringWithMarkup/57/String,string,40 ms >550ns [Estimated]
/Record/Section/6/Section/5/Information/3/ReferenceNumber,number,2
/Record/Section/6/Section/5/Information/3/Name,string,Discovery Year
/Record/Section/6/Section/5/Information/3/Value/StringWithMarkup/0/String,string,2018
/Record/Section/6/Section/5/Information/3/Value/StringWithMarkup/1/String,string,2006
/Record/Section/6/Section/5/Information/3/Value/StringWithMarkup/2/String,string,1981
/Record/Section/6/Section/5/Information/3/Value/StringWithMarkup/3/String,string,1979
/Record/Section/6/Section/5/Information/3/Value/StringWithMarkup/4/String,string,1978
/Record/Section/6/Section/5/Information/3/Value/StringWithMarkup/5/String,string,1973
/Record/Section/6/Section/5/Information/3/Value/StringWithMarkup/6/String,string,2013
/Record/Section/6/Section/5/Information/3/Value/StringWithMarkup/7/String,string,1977
/Record/Section/6/Section/5/Information/3/Value/StringWithMarkup/8/String,string,1969
/Record/Section/6/Section/5/Information/3/Value/StringWithMarkup/9/String,string,1969
/Record/Section/6/Section/5/Information/3/Value/StringWithMarkup/10/String,string,1969
/Record/Section/6/Section/5/Information/3/Value/StringWithMarkup/11/String,string,1965
/Record/Section/6/Section/5/Information/3/Value/StringWithMarkup/12/String,string,1965
/Record/Section/6/Section/5/Information/3/Value/StringWithMarkup/13/String,string,1965
/Record/Section/6/Section/5/Information/3/Value/StringWithMarkup/14/String,string,1952
/Record/Section/6/Section/5/Information/3/Value/StringWithMarkup/15/String,string,1952
/Record/Section/6/Section/5/Information/3/Value/StringWithMarkup/16/String,string,1952
/Record/Section/6/Section/5/Information/3/Value/StringWithMarkup/17/String,string,1981
/Record/Section/6/Section/5/Information/3/Value/StringWithMarkup/18/String,string,1922
/Record/Section/6/Section/5/Information/3/Value/StringWithMarkup/19/String,string,1950
/Record/Section/6/Section/5/Information/3/Value/StringWithMarkup/20/String,string,1954
/Record/Section/6/Section/5/Information/3/Value/StringWithMarkup/21/String,string,1979
/Record/Section/6/Section/5/Information/3/Value/StringWithMarkup/22/String,string,1922
/Record/Section/6/Section/5/Information/3/Value/StringWithMarkup/23/String,string,1950
/Record/Section/6/Section/5/Information/3/Value/StringWithMarkup/24/String,string,1940
/Record/Section/6/Section/5/Information/3/Value/StringWithMarkup/25/String,string,1922
/Record/Section/6/Section/5/Information/3/Value/StringWithMarkup/26/String,string,1981
/Record/Section/6/Section/5/Information/3/Value/StringWithMarkup/27/String,string,1920
/Record/Section/6/Section/5/Information/3/Value/StringWithMarkup/28/String,string,1951
/Record/Section/6/Section/5/Information/3/Value/StringWithMarkup/29/String,string,1922
/Record/Section/6/Section/5/Information/3/Value/StringWithMarkup/30/String,string,1920
/Record/Section/6/Section/5/Information/3/Value/StringWithMarkup/31/String,string,1966
/Record/Section/6/Section/5/Information/3/Value/StringWithMarkup/32/String,string,1920
/Record/Section/6/Section/5/Information/3/Value/StringWithMarkup/33/String,string,1976
/Record/Section/6/Section/5/Information/3/Value/StringWithMarkup/34/String,string,1940
/Record/Section/6/Section/5/Information/3/Value/StringWithMarkup/35/String,string,1951
/Record/Section/6/Section/5/Information/3/Value/StringWithMarkup/36/String,string,2017
/Record/Section/6/Section/5/Information/3/Value/StringWithMarkup/37/String,string,1920
/Record/Section/6/Section/5/Information/3/Value/StringWithMarkup/38/String,string,1968
/Record/Section/6/Section/5/Information/3/Value/StringWithMarkup/39/String,string,2001
/Record/Section/6/Section/5/Information/3/Value/StringWithMarkup/40/String,string,1940
/Record/Section/6/Section/5/Information/3/Value/StringWithMarkup/41/String,string,1960
/Record/Section/6/Section/5/Information/3/Value/StringWithMarkup/42/String,string,1920
/Record/Section/6/Section/5/Information/3/Value/StringWithMarkup/43/String,string,1969
/Record/Section/6/Section/5/Information/3/Value/StringWithMarkup/44/String,string,1943
/Record/Section/6/Section/5/Information/3/Value/StringWithMarkup/45/String,string,1943
/Record/Section/6/Section/5/Information/3/Value/StringWithMarkup/46/String,string,1951
/Record/Section/6/Section/5/Information/3/Value/StringWithMarkup/47/String,string,1951
/Record/Section/6/Section/5/Information/3/Value/StringWithMarkup/48/String,string,1951
/Record/Section/6/Section/5/Information/3/Value/StringWithMarkup/49/String,string,1960
/Record/Section/6/Section/5/Information/3/Value/StringWithMarkup/50/String,string,1951
/Record/Section/6/Section/5/Information/3/Value/StringWithMarkup/51/String,string,2003
/Record/Section/6/Section/5/Information/3/Value/StringWithMarkup/52/String,string,2003
/Record/Section/6/Section/5/Information/3/Value/StringWithMarkup/53/String,string,1989
/Record/Section/6/Section/5/Information/3/Value/StringWithMarkup/54/String,string,1994
/Record/Section/6/Section/5/Information/3/Value/StringWithMarkup/55/String,string,2010
/Record/Section/6/Section/5/Information/3/Value/StringWithMarkup/56/String,string,2018
/Record/Section/6/Section/5/Information/3/Value/StringWithMarkup/57/String,string,2018
/Record/Section/6/Section/5/Information/4/ReferenceNumber,number,2
/Record/Section/6/Section/5/Information/4/Name,string,"Decay Modes, Intensities and Uncertainties [%]"
/Record/Section/6/Section/5/Information/4/Value/StringWithMarkup/0/String,string,α=100%
/Record/Section/6/Section/5/Information/4/Value/StringWithMarkup/1/String,string,α≈100%; β+ ?; β+p ?
/Record/Section/6/Section/5/Information/4/Value/StringWithMarkup/1/Markup/0/Start,number,9
/Record/Section/6/Section/5/Information/4/Value/StringWithMarkup/1/Markup/0/Length,number,1
/Record/Section/6/Section/5/Information/4/Value/StringWithMarkup/1/Markup/0/Type,string,Superscript
/Record/Section/6/Section/5/Information/4/Value/StringWithMarkup/1/Markup/1/Start,number,15
/Record/Section/6/Section/5/Information/4/Value/StringWithMarkup/1/Markup/1/Length,number,1
/Record/Section/6/Section/5/Information/4/Value/StringWithMarkup/1/Markup/1/Type,string,Superscript
/Record/Section/6/Section/5/Information/4/Value/StringWithMarkup/2/String,string,α=64±3.5%; β+=36±3.5%; β+p ?
/Record/Section/6/Section/5/Information/4/Value/StringWithMarkup/2/Markup/0/Start,number,12
/Record/Section/6/Section/5/Information/4/Value/StringWithMarkup/2/Markup/0/Length,number,1
/Record/Section/6/Section/5/Information/4/Value/StringWithMarkup/2/Markup/0/Type,string,Superscript
/Record/Section/6/Section/5/Information/4/Value/StringWithMarkup/2/Markup/1/Start,number,24
/Record/Section/6/Section/5/Information/4/Value/StringWithMarkup/2/Markup/1/Length,number,1
/Record/Section/6/Section/5/Information/4/Value/StringWithMarkup/2/Markup/1/Type,string,Superscript
/Record/Section/6/Section/5/Information/4/Value/StringWithMarkup/3/String,string,β+=89.6±0.19%; α=10.4±0.19%; β+p ?
/Record/Section/6/Section/5/Information/4/Value/StringWithMarkup/3/Markup/0/Start,number,1
/Record/Section/6/Section/5/Information/4/Value/StringWithMarkup/3/Markup/0/Length,number,1
/Record/Section/6/Section/5/Information/4/Value/StringWithMarkup/3/Markup/0/Type,string,Superscript
/Record/Section/6/Section/5/Information/4/Value/StringWithMarkup/3/Markup/1/Start,number,30
/Record/Section/6/Section/5/Information/4/Value/StringWithMarkup/3/Markup/1/Length,number,1
/Record/Section/6/Section/5/Information/4/Value/StringWithMarkup/3/Markup/1/Type,string,Superscript
/Record/Section/6/Section/5/Information/4/Value/StringWithMarkup/4/String,string,β+=98.8±0.8%; α=1.2±0.8%; β+p ?
/Record/Section/6/Section/5/Information/4/Value/StringWithMarkup/4/Markup/0/Start,number,1
/Record/Section/6/Section/5/Information/4/Value/StringWithMarkup/4/Markup/0/Length,number,1
/Record/Section/6/Section/5/Information/4/Value/StringWithMarkup/4/Markup/0/Type,string,Superscript
/Record/Section/6/Section/5/Information/4/Value/StringWithMarkup/4/Markup/1/Start,number,27
/Record/Section/6/Section/5/Information/4/Value/StringWithMarkup/4/Markup/1/Length,number,1
/Record/Section/6/Section/5/Information/4/Value/StringWithMarkup/4/Markup/1/Type,string,Superscript
/Record/Section/6/Section/5/Information/4/Value/StringWithMarkup/5/String,string,β+≈100%; α=?; β+p=7±0.4%; β+α≈0.007±0.4%
/Record/Section/6/Section/5/Information/4/Value/StringWithMarkup/5/Markup/0/Start,number,1
/Record/Section/6/Section/5/Information/4/Value/StringWithMarkup/5/Markup/0/Length,number,1
/Record/Section/6/Section/5/Information/4/Value/StringWithMarkup/5/Markup/0/Type,string,Superscript
/Record/Section/6/Section/5/Information/4/Value/StringWithMarkup/5/Markup/1/Start,number,15
/Record/Section/6/Section/5/Information/4/Value/StringWithMarkup/5/Markup/1/Length,number,1
/Record/Section/6/Section/5/Information/4/Value/StringWithMarkup/5/Markup/1/Type,string,Superscript
/Record/Section/6/Section/5/Information/4/Value/StringWithMarkup/5/Markup/2/Start,number,27
/Record/Section/6/Section/5/Information/4/Value/StringWithMarkup/5/Markup/2/Length,number,1
/Record/Section/6/Section/5/Information/4/Value/StringWithMarkup/5/Markup/2/Type,string,Superscript
/Record/Section/6/Section/5/Information/4/Value/StringWithMarkup/6/String,string,IT=100%
/Record/Section/6/Section/5/Information/4/Value/StringWithMarkup/7/String,string,β+=100%
/Record/Section/6/Section/5/Information/4/Value/StringWithMarkup/7/Markup/0/Start,number,1
/Record/Section/6/Section/5/Information/4/Value/StringWithMarkup/7/Markup/0/Length,number,1
/Record/Section/6/Section/5/Information/4/Value/StringWithMarkup/7/Markup/0/Type,string,Superscript
/Record/Section/6/Section/5/Information/4/Value/StringWithMarkup/8/String,string,β+=100%; β+p=0.34±0.6%
/Record/Section/6/Section/5/Information/4/Value/StringWithMarkup/8/Markup/0/Start,number,1
/Record/Section/6/Section/5/Information/4/Value/StringWithMarkup/8/Markup/0/Length,number,1
/Record/Section/6/Section/5/Information/4/Value/StringWithMarkup/8/Markup/0/Type,string,Superscript
/Record/Section/6/Section/5/Information/4/Value/StringWithMarkup/8/Markup/1/Start,number,10
/Record/Section/6/Section/5/Information/4/Value/StringWithMarkup/8/Markup/1/Length,number,1
/Record/Section/6/Section/5/Information/4/Value/StringWithMarkup/8/Markup/1/Type,string,Superscript
/Record/Section/6/Section/5/Information/4/Value/StringWithMarkup/9/String,string,β+=100%
/Record/Section/6/Section/5/Information/4/Value/StringWithMarkup/9/Markup/0/Start,number,1
/Record/Section/6/Section/5/Information/4/Value/StringWithMarkup/9/Markup/0/Length,number,1
/Record/Section/6/Section/5/Information/4/Value/StringWithMarkup/9/Markup/0/Type,string,Superscript
/Record/Section/6/Section/5/Information/4/Value/StringWithMarkup/10/String,string,β+=100%; β+p=0.0029±0.6%
/Record/Section/6/Section/5/Information/4/Value/StringWithMarkup/10/Markup/0/Start,number,1
/Record/Section/6/Section/5/Information/4/Value/StringWithMarkup/10/Markup/0/Length,number,1
/Record/Section/6/Section/5/Information/4/Value/StringWithMarkup/10/Markup/0/Type,string,Superscript
/Record/Section/6/Section/5/Information/4/Value/StringWithMarkup/10/Markup/1/Start,number,10
/Record/Section/6/Section/5/Information/4/Value/StringWithMarkup/10/Markup/1/Length,number,1
/Record/Section/6/Section/5/Information/4/Value/StringWithMarkup/10/Markup/1/Type,string,Superscript
/Record/Section/6/Section/5/Information/4/Value/StringWithMarkup/11/String,string,β+=100%
/Record/Section/6/Section/5/Information/4/Value/StringWithMarkup/11/Markup/0/Start,number,1
/Record/Section/6/Section/5/Information/4/Value/StringWithMarkup/11/Markup/0/Length,number,1
/Record/Section/6/Section/5/Information/4/Value/StringWithMarkup/11/Markup/0/Type,string,Superscript
/Record/Section/6/Section/5/Information/4/Value/StringWithMarkup/12/String,string,β+=100%; e+=79±0.5%; ε=21±0.5%
/Record/Section/6/Section/5/Information/4/Value/StringWithMarkup/12/Markup/0/Start,number,1
/Record/Section/6/Section/5/Information/4/Value/StringWithMarkup/12/Markup/0/Length,number,1
/Record/Section/6/Section/5/Information/4/Value/StringWithMarkup/12/Markup/0/Type,string,Superscript
/Record/Section/6/Section/5/Information/4/Value/StringWithMarkup/12/Markup/1/Start,number,10
/Record/Section/6/Section/5/Information/4/Value/StringWithMarkup/12/Markup/1/Length,number,1
/Record/Section/6/Section/5/Information/4/Value/StringWithMarkup/12/Markup/1/Type,string,Superscript
/Record/Section/6/Section/5/Information/4/Value/StringWithMarkup/13/String,string,β+=100%
/Record/Section/6/Section/5/Information/4/Value/StringWithMarkup/13/Markup/0/Start,number,1
/Record/Section/6/Section/5/Information/4/Value/StringWithMarkup/13/Markup/0/Length,number,1
/Record/Section/6/Section/5/Information/4/Value/StringWithMarkup/13/Markup/0/Type,string,Superscript
/Record/Section/6/Section/5/Information/4/Value/StringWithMarkup/14/String,string,β+=100%
/Record/Section/6/Section/5/Information/4/Value/StringWithMarkup/14/Markup/0/Start,number,1
/Record/Section/6/Section/5/Information/4/Value/StringWithMarkup/14/Markup/0/Length,number,1
/Record/Section/6/Section/5/Information/4/Value/StringWithMarkup/14/Markup/0/Type,string,Superscript
/Record/Section/6/Section/5/Information/4/Value/StringWithMarkup/15/String,string,ε=100%
/Record/Section/6/Section/5/Information/4/Value/StringWithMarkup/16/String,string,β+=100%
/Record/Section/6/Section/5/Information/4/Value/StringWithMarkup/16/Markup/0/Start,number,1
/Record/Section/6/Section/5/Information/4/Value/StringWithMarkup/16/Markup/0/Length,number,1
/Record/Section/6/Section/5/Information/4/Value/StringWithMarkup/16/Markup/0/Type,string,Superscript
/Record/Section/6/Section/5/Information/4/Value/StringWithMarkup/17/String,string,IT=100%
/Record/Section/6/Section/5/Information/4/Value/StringWithMarkup/18/String,string,IS=0.095±0.5%; 2β+ ?
/Record/Section/6/Section/5/Information/4/Value/StringWithMarkup/18/Markup/0/Start,number,17
/Record/Section/6/Section/5/Information/4/Value/StringWithMarkup/18/Markup/0/Length,number,1
/Record/Section/6/Section/5/Information/4/Value/StringWithMarkup/18/Markup/0/Type,string,Superscript
/Record/Section/6/Section/5/Information/4/Value/StringWithMarkup/19/String,string,β+=100%
/Record/Section/6/Section/5/Information/4/Value/StringWithMarkup/19/Markup/0/Start,number,1
/Record/Section/6/Section/5/Information/4/Value/StringWithMarkup/19/Markup/0/Length,number,1
/Record/Section/6/Section/5/Information/4/Value/StringWithMarkup/19/Markup/0/Type,string,Superscript
/Record/Section/6/Section/5/Information/4/Value/StringWithMarkup/20/String,string,IT=100%
/Record/Section/6/Section/5/Information/4/Value/StringWithMarkup/21/String,string,IT=100%
/Record/Section/6/Section/5/Information/4/Value/StringWithMarkup/22/String,string,IS=0.089±0.3%; 2β+ ?
/Record/Section/6/Section/5/Information/4/Value/StringWithMarkup/22/Markup/0/Start,number,17
/Record/Section/6/Section/5/Information/4/Value/StringWithMarkup/22/Markup/0/Length,number,1
/Record/Section/6/Section/5/Information/4/Value/StringWithMarkup/22/Markup/0/Type,string,Superscript
/Record/Section/6/Section/5/Information/4/Value/StringWithMarkup/23/String,string,ε=100%
/Record/Section/6/Section/5/Information/4/Value/StringWithMarkup/24/String,string,IT=100%
/Record/Section/6/Section/5/Information/4/Value/StringWithMarkup/25/String,string,IS=1.910±1.3%
/Record/Section/6/Section/5/Information/4/Value/StringWithMarkup/26/String,string,IT=100%
/Record/Section/6/Section/5/Information/4/Value/StringWithMarkup/27/String,string,IS=26.401±13.8%
/Record/Section/6/Section/5/Information/4/Value/StringWithMarkup/28/String,string,IT=100%
/Record/Section/6/Section/5/Information/4/Value/StringWithMarkup/29/String,string,IS=4.071±2.2%
/Record/Section/6/Section/5/Information/4/Value/StringWithMarkup/30/String,string,IS=21.232±5.1%
/Record/Section/6/Section/5/Information/4/Value/StringWithMarkup/31/String,string,IT=100%
/Record/Section/6/Section/5/Information/4/Value/StringWithMarkup/32/String,string,IS=26.909±5.5%
/Record/Section/6/Section/5/Information/4/Value/StringWithMarkup/33/String,string,IT=100%
/Record/Section/6/Section/5/Information/4/Value/StringWithMarkup/34/String,string,β-=100%
/Record/Section/6/Section/5/Information/4/Value/StringWithMarkup/34/Markup/0/Start,number,1
/Record/Section/6/Section/5/Information/4/Value/StringWithMarkup/34/Markup/0/Length,number,1
/Record/Section/6/Section/5/Information/4/Value/StringWithMarkup/34/Markup/0/Type,string,Superscript
/Record/Section/6/Section/5/Information/4/Value/StringWithMarkup/35/String,string,IT=100%
/Record/Section/6/Section/5/Information/4/Value/StringWithMarkup/36/String,string,IT=100%
/Record/Section/6/Section/5/Information/4/Value/StringWithMarkup/37/String,string,IS=10.436±3.5%; 2β- ?
/Record/Section/6/Section/5/Information/4/Value/StringWithMarkup/37/Markup/0/Start,number,18
/Record/Section/6/Section/5/Information/4/Value/StringWithMarkup/37/Markup/0/Length,number,1
/Record/Section/6/Section/5/Information/4/Value/StringWithMarkup/37/Markup/0/Type,string,Superscript
/Record/Section/6/Section/5/Information/4/Value/StringWithMarkup/38/String,string,IT=100%
/Record/Section/6/Section/5/Information/4/Value/StringWithMarkup/39/String,string,IT=100%
/Record/Section/6/Section/5/Information/4/Value/StringWithMarkup/40/String,string,β-=100%
/Record/Section/6/Section/5/Information/4/Value/StringWithMarkup/40/Markup/0/Start,number,1
/Record/Section/6/Section/5/Information/4/Value/StringWithMarkup/40/Markup/0/Length,number,1
/Record/Section/6/Section/5/Information/4/Value/StringWithMarkup/40/Markup/0/Type,string,Superscript
/Record/Section/6/Section/5/Information/4/Value/StringWithMarkup/41/String,string,IT≈100%; β-=0.30±1.7%
/Record/Section/6/Section/5/Information/4/Value/StringWithMarkup/41/Markup/0/Start,number,10
/Record/Section/6/Section/5/Information/4/Value/StringWithMarkup/41/Markup/0/Length,number,1
/Record/Section/6/Section/5/Information/4/Value/StringWithMarkup/41/Markup/0/Type,string,Superscript
/Record/Section/6/Section/5/Information/4/Value/StringWithMarkup/42/String,string,IS=8.857±7.2%; 2β-=100%
/Record/Section/6/Section/5/Information/4/Value/StringWithMarkup/42/Markup/0/Start,number,17
/Record/Section/6/Section/5/Information/4/Value/StringWithMarkup/42/Markup/0/Length,number,1
/Record/Section/6/Section/5/Information/4/Value/StringWithMarkup/42/Markup/0/Type,string,Superscript
/Record/Section/6/Section/5/Information/4/Value/StringWithMarkup/43/String,string,IT=100%
/Record/Section/6/Section/5/Information/4/Value/StringWithMarkup/44/String,string,β-=100%
/Record/Section/6/Section/5/Information/4/Value/StringWithMarkup/44/Markup/0/Start,number,1
/Record/Section/6/Section/5/Information/4/Value/StringWithMarkup/44/Markup/0/Length,number,1
/Record/Section/6/Section/5/Information/4/Value/StringWithMarkup/44/Markup/0/Type,string,Superscript
/Record/Section/6/Section/5/Information/4/Value/StringWithMarkup/45/String,string,β-=100%
/Record/Section/6/Section/5/Information/4/Value/StringWithMarkup/45/Markup/0/Start,number,1
/Record/Section/6/Section/5/Information/4/Value/StringWithMarkup/45/Markup/0/Length,number,1
/Record/Section/6/Section/5/Information/4/Value/StringWithMarkup/45/Markup/0/Type,string,Superscript
/Record/Section/6/Section/5/Information/4/Value/StringWithMarkup/46/String,string,β-=100%
/Record/Section/6/Section/5/Information/4/Value/StringWithMarkup/46/Markup/0/Start,number,1
/Record/Section/6/Section/5/Information/4/Value/StringWithMarkup/46/Markup/0/Length,number,1
/Record/Section/6/Section/5/Information/4/Value/StringWithMarkup/46/Markup/0/Type,string,Superscript
/Record/Section/6/Section/5/Information/4/Value/StringWithMarkup/47/String,string,β-=100%
/Record/Section/6/Section/5/Information/4/Value/StringWithMarkup/47/Markup/0/Start,number,1
/Record/Section/6/Section/5/Information/4/Value/StringWithMarkup/47/Markup/0/Length,number,1
/Record/Section/6/Section/5/Information/4/Value/StringWithMarkup/47/Markup/0/Type,string,Superscript
/Record/Section/6/Section/5/Information/4/Value/StringWithMarkup/48/String,string,β-=100%; β-n=0.044±0.5%
/Record/Section/6/Section/5/Information/4/Value/StringWithMarkup/48/Markup/0/Start,number,1
/Record/Section/6/Section/5/Information/4/Value/StringWithMarkup/48/Markup/0/Length,number,1
/Record/Section/6/Section/5/Information/4/Value/StringWithMarkup/48/Markup/0/Type,string,Superscript
/Record/Section/6/Section/5/Information/4/Value/StringWithMarkup/48/Markup/1/Start,number,10
/Record/Section/6/Section/5/Information/4/Value/StringWithMarkup/48/Markup/1/Length,number,1
/Record/Section/6/Section/5/Information/4/Value/StringWithMarkup/48/Markup/1/Type,string,Superscript
/Record/Section/6/Section/5/Information/4/Value/StringWithMarkup/49/String,string,β-=100%; β-n=0.37±0.3%
/Record/Section/6/Section/5/Information/4/Value/StringWithMarkup/49/Markup/0/Start,number,1
/Record/Section/6/Section/5/Information/4/Value/StringWithMarkup/49/Markup/0/Length,number,1
/Record/Section/6/Section/5/Information/4/Value/StringWithMarkup/49/Markup/0/Type,string,Superscript
/Record/Section/6/Section/5/Information/4/Value/StringWithMarkup/49/Markup/1/Start,number,10
/Record/Section/6/Section/5/Information/4/Value/StringWithMarkup/49/Markup/1/Length,number,1
/Record/Section/6/Section/5/Information/4/Value/StringWithMarkup/49/Markup/1/Type,string,Superscript
/Record/Section/6/Section/5/Information/4/Value/StringWithMarkup/50/String,string,β-=100%; β-n=1.00±1.5%
/Record/Section/6/Section/5/Information/4/Value/StringWithMarkup/50/Markup/0/Start,number,1
/Record/Section/6/Section/5/Information/4/Value/StringWithMarkup/50/Markup/0/Length,number,1
/Record/Section/6/Section/5/Information/4/Value/StringWithMarkup/50/Markup/0/Type,string,Superscript
/Record/Section/6/Section/5/Information/4/Value/StringWithMarkup/50/Markup/1/Start,number,10
/Record/Section/6/Section/5/Information/4/Value/StringWithMarkup/50/Markup/1/Length,number,1
/Record/Section/6/Section/5/Information/4/Value/StringWithMarkup/50/Markup/1/Type,string,Superscript
/Record/Section/6/Section/5/Information/4/Value/StringWithMarkup/51/String,string,β-=100%; β-n=3.0±0.3%
/Record/Section/6/Section/5/Information/4/Value/StringWithMarkup/51/Markup/0/Start,number,1
/Record/Section/6/Section/5/Information/4/Value/StringWithMarkup/51/Markup/0/Length,number,1
/Record/Section/6/Section/5/Information/4/Value/StringWithMarkup/51/Markup/0/Type,string,Superscript
/Record/Section/6/Section/5/Information/4/Value/StringWithMarkup/51/Markup/1/Start,number,10
/Record/Section/6/Section/5/Information/4/Value/StringWithMarkup/51/Markup/1/Length,number,1
/Record/Section/6/Section/5/Information/4/Value/StringWithMarkup/51/Markup/1/Type,string,Superscript
/Record/Section/6/Section/5/Information/4/Value/StringWithMarkup/52/String,string,β-=100%; β-n=5.0±0.6%; β-2n ?
/Record/Section/6/Section/5/Information/4/Value/StringWithMarkup/52/Markup/0/Start,number,1
/Record/Section/6/Section/5/Information/4/Value/StringWithMarkup/52/Markup/0/Length,number,1
/Record/Section/6/Section/5/Information/4/Value/StringWithMarkup/52/Markup/0/Type,string,Superscript
/Record/Section/6/Section/5/Information/4/Value/StringWithMarkup/52/Markup/1/Start,number,10
/Record/Section/6/Section/5/Information/4/Value/StringWithMarkup/52/Markup/1/Length,number,1
/Record/Section/6/Section/5/Information/4/Value/StringWithMarkup/52/Markup/1/Type,string,Superscript
/Record/Section/6/Section/5/Information/4/Value/StringWithMarkup/52/Markup/2/Start,number,24
/Record/Section/6/Section/5/Information/4/Value/StringWithMarkup/52/Markup/2/Length,number,1
/Record/Section/6/Section/5/Information/4/Value/StringWithMarkup/52/Markup/2/Type,string,Superscript
/Record/Section/6/Section/5/Information/4/Value/StringWithMarkup/53/String,string,β-=100%; β-n=6.9±1.5%
/Record/Section/6/Section/5/Information/4/Value/StringWithMarkup/53/Markup/0/Start,number,1
/Record/Section/6/Section/5/Information/4/Value/StringWithMarkup/53/Markup/0/Length,number,1
/Record/Section/6/Section/5/Information/4/Value/StringWithMarkup/53/Markup/0/Type,string,Superscript
/Record/Section/6/Section/5/Information/4/Value/StringWithMarkup/53/Markup/1/Start,number,10
/Record/Section/6/Section/5/Information/4/Value/StringWithMarkup/53/Markup/1/Length,number,1
/Record/Section/6/Section/5/Information/4/Value/StringWithMarkup/53/Markup/1/Type,string,Superscript
/Record/Section/6/Section/5/Information/4/Value/StringWithMarkup/54/String,string,β-=100%; β-n<8%; β-2n ?
/Record/Section/6/Section/5/Information/4/Value/StringWithMarkup/54/Markup/0/Start,number,1
/Record/Section/6/Section/5/Information/4/Value/StringWithMarkup/54/Markup/0/Length,number,1
/Record/Section/6/Section/5/Information/4/Value/StringWithMarkup/54/Markup/0/Type,string,Superscript
/Record/Section/6/Section/5/Information/4/Value/StringWithMarkup/54/Markup/1/Start,number,10
/Record/Section/6/Section/5/Information/4/Value/StringWithMarkup/54/Markup/1/Length,number,1
/Record/Section/6/Section/5/Information/4/Value/StringWithMarkup/54/Markup/1/Type,string,Superscript
/Record/Section/6/Section/5/Information/4/Value/StringWithMarkup/54/Markup/2/Start,number,18
/Record/Section/6/Section/5/Information/4/Value/StringWithMarkup/54/Markup/2/Length,number,1
/Record/Section/6/Section/5/Information/4/Value/StringWithMarkup/54/Markup/2/Type,string,Superscript
/Record/Section/6/Section/5/Information/4/Value/StringWithMarkup/55/String,string,β-=100%; β-n ?; β-2n ?
/Record/Section/6/Section/5/Information/4/Value/StringWithMarkup/55/Markup/0/Start,number,1
/Record/Section/6/Section/5/Information/4/Value/StringWithMarkup/55/Markup/0/Length,number,1
/Record/Section/6/Section/5/Information/4/Value/StringWithMarkup/55/Markup/0/Type,string,Superscript
/Record/Section/6/Section/5/Information/4/Value/StringWithMarkup/55/Markup/1/Start,number,10
/Record/Section/6/Section/5/Information/4/Value/StringWithMarkup/55/Markup/1/Length,number,1
/Record/Section/6/Section/5/Information/4/Value/StringWithMarkup/55/Markup/1/Type,string,Superscript
/Record/Section/6/Section/5/Information/4/Value/StringWithMarkup/55/Markup/2/Start,number,17
/Record/Section/6/Section/5/Information/4/Value/StringWithMarkup/55/Markup/2/Length,number,1
/Record/Section/6/Section/5/Information/4/Value/StringWithMarkup/55/Markup/2/Type,string,Superscript
/Record/Section/6/Section/5/Information/4/Value/StringWithMarkup/56/String,string,β- ?; β-n ?; β-2n ?
/Record/Section/6/Section/5/Information/4/Value/StringWithMarkup/56/Markup/0/Start,number,1
/Record/Section/6/Section/5/Information/4/Value/StringWithMarkup/56/Markup/0/Length,number,1
/Record/Section/6/Section/5/Information/4/Value/StringWithMarkup/56/Markup/0/Type,string,Superscript
/Record/Section/6/Section/5/Information/4/Value/StringWithMarkup/56/Markup/1/Start,number,7
/Record/Section/6/Section/5/Information/4/Value/StringWithMarkup/56/Markup/1/Length,number,1
/Record/Section/6/Section/5/Information/4/Value/StringWithMarkup/56/Markup/1/Type,string,Superscript
/Record/Section/6/Section/5/Information/4/Value/StringWithMarkup/56/Markup/2/Start,number,14
/Record/Section/6/Section/5/Information/4/Value/StringWithMarkup/56/Markup/2/Length,number,1
/Record/Section/6/Section/5/Information/4/Value/StringWithMarkup/56/Markup/2/Type,string,Superscript
/Record/Section/6/Section/5/Information/4/Value/StringWithMarkup/57/String,string,β- ?; β-n ?; β-2n ?
/Record/Section/6/Section/5/Information/4/Value/StringWithMarkup/57/Markup/0/Start,number,1
/Record/Section/6/Section/5/Information/4/Value/StringWithMarkup/57/Markup/0/Length,number,1
/Record/Section/6/Section/5/Information/4/Value/StringWithMarkup/57/Markup/0/Type,string,Superscript
/Record/Section/6/Section/5/Information/4/Value/StringWithMarkup/57/Markup/1/Start,number,7
/Record/Section/6/Section/5/Information/4/Value/StringWithMarkup/57/Markup/1/Length,number,1
/Record/Section/6/Section/5/Information/4/Value/StringWithMarkup/57/Markup/1/Type,string,Superscript
/Record/Section/6/Section/5/Information/4/Value/StringWithMarkup/57/Markup/2/Start,number,14
/Record/Section/6/Section/5/Information/4/Value/StringWithMarkup/57/Markup/2/Length,number,1
/Record/Section/6/Section/5/Information/4/Value/StringWithMarkup/57/Markup/2/Type,string,Superscript
/Record/Reference/0/ReferenceNumber,number,1
/Record/Reference/0/SourceName,string,PubChem
/Record/Reference/0/SourceID,string,PubChem
/Record/Reference/0/Description,string,Data deposited in or computed by PubChem
/Record/Reference/0/URL,string,https://pubchem.ncbi.nlm.nih.gov
/Record/Reference/1/ReferenceNumber,number,2
/Record/Reference/1/SourceName,string,"Atomic Mass Data Center (AMDC), International Atomic Energy Agency (IAEA)"
/Record/Reference/1/SourceID,string,e54
/Record/Reference/1/Name,string,Xe
/Record/Reference/1/Description,string,The half-life and atomic mass data was provided by the Atomic Mass Data Center at the International Atomic Energy Agency.
/Record/Reference/1/URL,string,https://www-nds.iaea.org/amdc/
/Record/Reference/1/LicenseURL,string,https://www-nds.iaea.org/disclaimer.html
/Record/Reference/1/ANID,number,6590281
/Record/Reference/2/ReferenceNumber,number,3
/Record/Reference/2/SourceName,string,IUPAC Commission on Isotopic Abundances and Atomic Weights (CIAAW)
/Record/Reference/2/SourceID,string,a54
/Record/Reference/2/Name,string,Xenon
/Record/Reference/2/Description,string,Element data are cited from the Atomic weights of the elements (an IUPAC Technical Report). The IUPAC periodic table of elements can be found at https://iupac.org/what-we-do/periodic-table-of-elements/. Additional information can be found within IUPAC publication doi:10.1515/pac-2015-0703 Copyright © 2020 International Union of Pure and Applied Chemistry.
/Record/Reference/2/URL,string,https://www.ciaaw.org/xenon.htm
/Record/Reference/2/LicenseURL,string,http://www.ciaaw.org/bylaws.htm
/Record/Reference/2/ANID,number,2292435
/Record/Reference/3/ReferenceNumber,number,5
/Record/Reference/3/SourceName,string,"Jefferson Lab, U.S. Department of Energy"
/Record/Reference/3/SourceID,string,jlab54
/Record/Reference/3/Name,string,Xenon
/Record/Reference/3/Description,string,"Thomas Jefferson National Accelerator Facility (Jefferson Lab) is one of 17 national laboratories funded by the U.S. Department of Energy. The lab's primary mission is to conduct basic research of the atom's nucleus using the lab's unique particle accelerator, known as the Continuous Electron Beam Accelerator Facility (CEBAF). For more information visit https://www.jlab.org/"
/Record/Reference/3/URL,string,https://education.jlab.org/itselemental/ele054.html
/Record/Reference/3/LicenseNote,string,Please see citation and linking information: https://education.jlab.org/faq/index.html
/Record/Reference/3/LicenseURL,string,https://www.jlab.org/privacy-and-security-notice
/Record/Reference/3/ANID,number,507116
/Record/Reference/4/ReferenceNumber,number,6
/Record/Reference/4/SourceName,string,"Los Alamos National Laboratory, U.S. Department of Energy"
/Record/Reference/4/SourceID,string,lanl54
/Record/Reference/4/Name,string,Xenon
/Record/Reference/4/Description,string,"The periodic table at the LANL (Los Alamos National Laboratory) contains basic element information together with the history, source, properties, use, handling and more. The provenance data may be found from the link under the source name."
/Record/Reference/4/URL,string,https://periodic.lanl.gov/54.shtml
/Record/Reference/4/ANID,number,507234
/Record/Reference/5/ReferenceNumber,number,7
/Record/Reference/5/SourceName,string,NIST Physical Measurement Laboratory
/Record/Reference/5/SourceID,string,e54
/Record/Reference/5/Name,string,Xenon
/Record/Reference/5/Description,string,"The periodic table contains NIST's critically-evaluated data on atomic properties of the elements. The provenance data that include data for atomic spectroscopy, X-ray and gamma ray, radiation dosimetry, nuclear physics, and condensed matter physics may be found from the link under the source name. Ref: https://www.nist.gov/pml/atomic-spectra-database"
/Record/Reference/5/URL,string,https://physics.nist.gov/cgi-bin/Elements/elInfo.pl?element=54
/Record/Reference/5/LicenseURL,string,https://www.nist.gov/pml/database-disclaimer
/Record/Reference/5/ANID,number,2292671
/Record/Reference/6/ReferenceNumber,number,4
/Record/Reference/6/SourceName,string,IUPAC Periodic Table of the Elements and Isotopes (IPTEI)
/Record/Reference/6/SourceID,string,p54
/Record/Reference/6/Description,string,"The information are cited from Pure Appl. Chem. 2018; 90(12): 1833-2092, https://doi.org/10.1515/pac-2015-0703."
/Record/Reference/6/URL,string,https://doi.org/10.1515/pac-2015-0703
/Record/Reference/6/LicenseNote,string,"Copyright (c) 2020 International Union of Pure and Applied Chemistry.

The International Union of Pure and Applied Chemistry (IUPAC) contribution within Pubchem is provided under a CC-BY-NC-ND 4.0 license, unless otherwise stated."
/Record/Reference/6/LicenseURL,string,https://creativecommons.org/licenses/by-nc-nd/4.0/
/Record/Reference/6/ANID,number,13296459
/Record/Reference/7/ReferenceNumber,number,9
/Record/Reference/7/SourceName,string,PubChem Elements
/Record/Reference/7/SourceID,string,ep_54
/Record/Reference/7/Name,string,Xenon
/Record/Reference/7/Description,string,The element property data was retrieved from publications.
/Record/Reference/7/LicenseURL,string,https://www.nlm.nih.gov/copyright.html
/Record/Reference/7/ANID,number,24834144
/Record/Reference/8/ReferenceNumber,number,8
/Record/Reference/8/SourceName,string,PubChem Elements
/Record/Reference/8/SourceID,string,ef_54
/Record/Reference/8/Name,string,Xenon
/Record/Reference/8/Description,string,This section provides all form of data related to element Xenon.
/Record/Reference/8/LicenseURL,string,https://www.nlm.nih.gov/copyright.html
/Record/Reference/8/ANID,number,24833982
