path,type,value
/Record/RecordType,string,AtomicNumber
/Record/RecordNumber,number,68
/Record/RecordTitle,string,Erbium
/Record/Section/0/TOCHeading,string,Identifiers
/Record/Section/0/Description,string,"Identifiers for this element, including element name, element symbol, InChI string, and InChIKey."
/Record/Section/0/Section/0/TOCHeading,string,Element Name
/Record/Section/0/Section/0/Description,string,"The formal, standard name for a given element, originating from factors such as common usage and the person or place involved in its discovery. Element, also called chemical element, refers to a species of atom; all varieties of atoms with the same number of protons in the nucleus (but possibly a different number of neutrons) are considered to be the same element."
/Record/Section/0/Section/0/Information/0/ReferenceNumber,number,1
/Record/Section/0/Section/0/Information/0/Name,string,Element Name
/Record/Section/0/Section/0/Information/0/Value/StringWithMarkup/0/String,string,Erbium
/Record/Section/0/Section/0/Information/1/ReferenceNumber,number,3
/Record/Section/0/Section/0/Information/1/Name,string,Element Name
/Record/Section/0/Section/0/Information/1/Value/StringWithMarkup/0/String,string,Erbium
/Record/Section/0/Section/1/TOCHeading,string,Element Symbol
/Record/Section/0/Section/1/Description,string,"Element symbol, also called atomic symbol, typically consists of one or two letters from the Latin alphabet derived from the element name in one of several languages."
/Record/Section/0/Section/1/Information/0/ReferenceNumber,number,1
/Record/Section/0/Section/1/Information/0/Name,string,Element Symbol
/Record/Section/0/Section/1/Information/0/Value/StringWithMarkup/0/String,string,Er
/Record/Section/0/Section/1/Information/1/ReferenceNumber,number,3
/Record/Section/0/Section/1/Information/1/Name,string,Element Symbol
/Record/Section/0/Section/1/Information/1/Value/StringWithMarkup/0/String,string,Er
/Record/Section/0/Section/2/TOCHeading,string,InChI
/Record/Section/0/Section/2/Description,string,"The International Chemical Identifier (InChI) is a computed, non-proprietary identifier for a chemical structure.  The InChI is an International Union of Pure and Applied Chemistry (IUPAC) standard."
/Record/Section/0/Section/2/URL,string,https://iupac.org/who-we-are/divisions/division-details/inchi/
/Record/Section/0/Section/2/Information/0/ReferenceNumber,number,1
/Record/Section/0/Section/2/Information/0/Name,string,InChI
/Record/Section/0/Section/2/Information/0/Value/StringWithMarkup/0/String,string,InChI=1S/Er
/Record/Section/0/Section/3/TOCHeading,string,InChIKey
/Record/Section/0/Section/3/Description,string,"An InChIKey is a 27-character hashed code derived from an InChI.  The International Chemical Identifier (InChI) is a computed, non-proprietary identifier for a chemical structure.  The InChI is an International Union of Pure and Applied Chemistry (IUPAC) standard."
/Record/Section/0/Section/3/URL,string,https://iupac.org/who-we-are/divisions/division-details/inchi/
/Record/Section/0/Section/3/Information/0/ReferenceNumber,number,1
/Record/Section/0/Section/3/Information/0/Name,string,InChIKey
/Record/Section/0/Section/3/Information/0/Value/StringWithMarkup/0/String,string,UYAHIZSMUZPPFV-UHFFFAOYSA-N
/Record/Section/1/TOCHeading,string,Properties
/Record/Section/1/Description,string,"Characteristics of this element, such as atomic number, atomic mass, density, melting point, boiling point and so on."
/Record/Section/1/Section/0/TOCHeading,string,Atomic Weight
/Record/Section/1/Section/0/Description,string,"Also called relative atomic mass, is the ratio of the average mass of the atom to the unified atomic mass unit, defined as one twelfth of the mass of a carbon-12 atom in its ground state and used to express masses of atomic particles, u=1.660 5402(10) * 10**(-27) kg. The Standard atomic weights refer to recommended values of relative atomic masses of the elements revised biennially by the IUPAC Commission on Atomic Weights and Isotopic Abundances and applicable to elements in any normal sample with a high level of confidence. The number in the parenthesis refers to an uncertainty when exists. The unit of atomic weight is the dalton or unified atomic mass unit (symbol: Da or u)."
/Record/Section/1/Section/0/Information/0/ReferenceNumber,number,3
/Record/Section/1/Section/0/Information/0/Name,string,Atomic Weight
/Record/Section/1/Section/0/Information/0/Value/StringWithMarkup/0/String,string,167.259(3)
/Record/Section/1/Section/0/Information/1/ReferenceNumber,number,5
/Record/Section/1/Section/0/Information/1/Value/StringWithMarkup/0/String,string,167.259
/Record/Section/1/Section/0/Information/2/ReferenceNumber,number,6
/Record/Section/1/Section/0/Information/2/Value/StringWithMarkup/0/String,string,167.3
/Record/Section/1/Section/0/Information/3/ReferenceNumber,number,7
/Record/Section/1/Section/0/Information/3/Value/StringWithMarkup/0/String,string,167.259(3)
/Record/Section/1/Section/1/TOCHeading,string,Electron Configuration
/Record/Section/1/Section/1/Description,string,"The electron configuration refers a distribution of the electrons of an atom or a molecular entity over a set of one-electron wavefunctions (called orbitals), according to the Pauli principle. From one configuration several states with different multiplicities may result."
/Record/Section/1/Section/1/URL,string,https://chem.libretexts.org/Courses/Sacramento_City_College/SCC%3A_Chem_420_-_Organic_Chemistry_I/Text/01%3A_Introduction_and_Review/1.04%3A_Electron_Configurations
/Record/Section/1/Section/1/Information/0/ReferenceNumber,number,6
/Record/Section/1/Section/1/Information/0/Value/StringWithMarkup/0/String,string,[Xe]6s24f12
/Record/Section/1/Section/1/Information/0/Value/StringWithMarkup/0/Markup/0/Start,number,6
/Record/Section/1/Section/1/Information/0/Value/StringWithMarkup/0/Markup/0/Length,number,1
/Record/Section/1/Section/1/Information/0/Value/StringWithMarkup/0/Markup/0/Type,string,Superscript
/Record/Section/1/Section/1/Information/0/Value/StringWithMarkup/0/Markup/1/Start,number,9
/Record/Section/1/Section/1/Information/0/Value/StringWithMarkup/0/Markup/1/Length,number,2
/Record/Section/1/Section/1/Information/0/Value/StringWithMarkup/0/Markup/1/Type,string,Superscript
/Record/Section/1/Section/2/TOCHeading,string,Atomic Radius
/Record/Section/1/Section/2/Description,string,"The atomic radius of a chemical element is a measure of the size of its atom, usually, the distance from the center of the nucleus to the outermost isolated electron.  Because an atom does not have a discrete boundary, there are various non-equivalent definitions of atomic radius, such as Van der Waals radius and covalent radius."
/Record/Section/1/Section/2/Information/0/ReferenceNumber,number,6
/Record/Section/1/Section/2/Information/0/Name,string,Van der Waals Atomic Radius
/Record/Section/1/Section/2/Information/0/Value/StringWithMarkup/0/String,string,235 pm (Van der Waals)
/Record/Section/1/Section/2/Information/1/ReferenceNumber,number,9
/Record/Section/1/Section/2/Information/1/Name,string,Empirical Atomic Radius
/Record/Section/1/Section/2/Information/1/Reference/0,string,"J.C. Slater, J Chem Phys, 1964, 41(10), 3199-3205. DOI:10.1063/1.1725697"
/Record/Section/1/Section/2/Information/1/ExtendedReference/0/Citation,string,"J.C. Slater, J Chem Phys, 1964, 41(10), 3199-3205. DOI:10.1063/1.1725697"
/Record/Section/1/Section/2/Information/1/Value/Number/0,number,175
/Record/Section/1/Section/2/Information/1/Value/Unit,string,pm (Empirical)
/Record/Section/1/Section/2/Information/2/ReferenceNumber,number,9
/Record/Section/1/Section/2/Information/2/Name,string,Covalent Atomic Radius
/Record/Section/1/Section/2/Information/2/Reference/0,string,"B. Cordero, V. Gómez, A.E. Platero-Prats, M. Revés, J. Echeverría, E. Cremades, F. Barragán, S. Alvarez, Dalton Trans. 2008, 21, 2832-2838. DOI:10.1039/b801115j PMID:18478144."
/Record/Section/1/Section/2/Information/2/ExtendedReference/0/Citation,string,"B. Cordero, V. Gómez, A.E. Platero-Prats, M. Revés, J. Echeverría, E. Cremades, F. Barragán, S. Alvarez, Dalton Trans. 2008, 21, 2832-2838. DOI:10.1039/b801115j PMID:18478144."
/Record/Section/1/Section/2/Information/2/Value/StringWithMarkup/0/String,string,189(6) pm (Covalent)
/Record/Section/1/Section/3/TOCHeading,string,Oxidation States
/Record/Section/1/Section/3/Description,string,"The oxidation state(s) that this element commonly has in a compound.  The oxidation state of an atom is defined as the hypothetical charge that would be held by that atom if all of its bonds to other atoms were completely ionic in nature. For example, the oxidation state of carbon in CO2 would be +4 since the hypothetical charge held by the carbon atom if both of the carbon-oxygen double bonds were completely ionic would be equal to +4 (each oxygen atom would hold a charge of -2 since oxygen is more electronegative than carbon)."
/Record/Section/1/Section/3/URL,string,https://chem.libretexts.org/Bookshelves/General_Chemistry/Map%3A_Chemistry_-_The_Central_Science_(Brown_et_al.)/20%3A_Electrochemistry/20.01%3A_Oxidation_States_and_Redox_Reactions
/Record/Section/1/Section/3/Information/0/ReferenceNumber,number,5
/Record/Section/1/Section/3/Information/0/Value/StringWithMarkup/0/String,string,+3
/Record/Section/1/Section/3/Information/1/ReferenceNumber,number,6
/Record/Section/1/Section/3/Information/1/Value/StringWithMarkup/0/String,string,"3, 2, 1 ​(a basic oxide)"
/Record/Section/1/Section/4/TOCHeading,string,Ground Level
/Record/Section/1/Section/4/Description,string,Also called ground-state level. The ground state electron configuration is the arrangement of electrons around the nucleus of an atom with lower energy levels.
/Record/Section/1/Section/4/Information/0/ReferenceNumber,number,7
/Record/Section/1/Section/4/Information/0/Value/StringWithMarkup/0/String,string,3H6
/Record/Section/1/Section/4/Information/0/Value/StringWithMarkup/0/Markup/0/Start,number,0
/Record/Section/1/Section/4/Information/0/Value/StringWithMarkup/0/Markup/0/Length,number,1
/Record/Section/1/Section/4/Information/0/Value/StringWithMarkup/0/Markup/0/Type,string,Superscript
/Record/Section/1/Section/4/Information/0/Value/StringWithMarkup/0/Markup/1/Start,number,2
/Record/Section/1/Section/4/Information/0/Value/StringWithMarkup/0/Markup/1/Length,number,1
/Record/Section/1/Section/4/Information/0/Value/StringWithMarkup/0/Markup/1/Type,string,Subscript
/Record/Section/1/Section/5/TOCHeading,string,Ionization Energy
/Record/Section/1/Section/5/Description,string,"Ionization energy, also called ionization potential, is the amount of energy required to remove an electron from an isolated atom or molecule."
/Record/Section/1/Section/5/URL,string,https://www.britannica.com/science/ionization-energy
/Record/Section/1/Section/5/Information/0/ReferenceNumber,number,5
/Record/Section/1/Section/5/Information/0/Value/StringWithMarkup/0/String,string,6.108 eV
/Record/Section/1/Section/5/Information/1/ReferenceNumber,number,7
/Record/Section/1/Section/5/Information/1/Reference/0,string,"First Ionization Potentials of Lanthanides by Laser Spectroscopy, E. F. Worden, R. W. Solarz, J. A. Paisner, and J. G. Conway, J. Opt. Soc. Am. 68, 52–61 (1978) DOI:10.1364/JOSA.68.000052"
/Record/Section/1/Section/5/Information/1/ExtendedReference/0/Citation,string,"First Ionization Potentials of Lanthanides by Laser Spectroscopy, E. F. Worden, R. W. Solarz, J. A. Paisner, and J. G. Conway, J. Opt. Soc. Am. 68, 52–61 (1978) DOI:10.1364/JOSA.68.000052"
/Record/Section/1/Section/5/Information/1/Value/StringWithMarkup/0/String,string,6.1077 ± 0.0010 eV
/Record/Section/1/Section/6/TOCHeading,string,Electronegativity
/Record/Section/1/Section/6/Description,string,Electronegativity is a measure of the tendency of an atom to attract a bonding pair of electrons.
/Record/Section/1/Section/6/URL,string,https://chem.libretexts.org/Bookshelves/Physical_and_Theoretical_Chemistry_Textbook_Maps/Supplemental_Modules_(Physical_and_Theoretical_Chemistry)/Physical_Properties_of_Matter/Atomic_and_Molecular_Properties/Electronegativity
/Record/Section/1/Section/6/Information/0/ReferenceNumber,number,9
/Record/Section/1/Section/6/Information/0/Name,string,Pauling Scale Electronegativity
/Record/Section/1/Section/6/Information/0/Reference/0,string,"A.L. Allred, J. Inorg. Nucl. Chem., 1961, 17(3-4), 215-221. DOI:10.1016/0022-1902(61)80142-5"
/Record/Section/1/Section/6/Information/0/ExtendedReference/0/Citation,string,"A.L. Allred, J. Inorg. Nucl. Chem., 1961, 17(3-4), 215-221. DOI:10.1016/0022-1902(61)80142-5"
/Record/Section/1/Section/6/Information/0/Value/Number/0,number,1.24
/Record/Section/1/Section/6/Information/0/Value/Unit,string,(Pauling Scale)
/Record/Section/1/Section/7/TOCHeading,string,Atomic Spectra
/Record/Section/1/Section/7/Description,string,The spectrum of the electromagnetic radiation emitted or absorbed by an electron during transitions between different energy levels within an atom.
/Record/Section/1/Section/7/Information/0/ReferenceNumber,number,7
/Record/Section/1/Section/7/Information/0/URL,string,https://physics.nist.gov/cgi-bin/ASD/lines_hold.pl?el=Er
/Record/Section/1/Section/7/Information/0/Value/StringWithMarkup/0/String,string,Lines Holdings
/Record/Section/1/Section/7/Information/1/ReferenceNumber,number,7
/Record/Section/1/Section/7/Information/1/URL,string,https://physics.nist.gov/cgi-bin/ASD/levels_hold.pl?el=Er
/Record/Section/1/Section/7/Information/1/Value/StringWithMarkup/0/String,string,Levels Holdings
/Record/Section/1/Section/8/TOCHeading,string,Physical Description
/Record/Section/1/Section/8/Description,string,"The appearance or features of this element, including color, odor, state, taste and more in general."
/Record/Section/1/Section/8/Information/0/ReferenceNumber,number,5
/Record/Section/1/Section/8/Information/0/Value/StringWithMarkup/0/String,string,Solid
/Record/Section/1/Section/9/TOCHeading,string,Element Classification
/Record/Section/1/Section/9/Description,string,"Classification according to the element's chemical and physical properties, and location within the periodic table."
/Record/Section/1/Section/9/Information/0/ReferenceNumber,number,5
/Record/Section/1/Section/9/Information/0/Value/StringWithMarkup/0/String,string,Metal
/Record/Section/1/Section/10/TOCHeading,string,Element Period Number
/Record/Section/1/Section/10/Description,string,The element period number refers to a horizontal row of the periodic table. The periodic table has 7 periods.
/Record/Section/1/Section/10/Information/0/ReferenceNumber,number,5
/Record/Section/1/Section/10/Information/0/Value/StringWithMarkup/0/String,string,6
/Record/Section/1/Section/11/TOCHeading,string,Element Group Number
/Record/Section/1/Section/11/Description,string,Element group refers to a set of chemical elements in the same vertical column of the periodic table
/Record/Section/1/Section/11/Information/0/ReferenceNumber,number,5
/Record/Section/1/Section/11/Information/0/Value/StringWithMarkup/0/String,string,- Lanthanide
/Record/Section/1/Section/12/TOCHeading,string,Density
/Record/Section/1/Section/12/Description,string,This section provides information on the density of an element. It is the mass of a unit volume of the element and commonly expressed in units of kg/m3 or g/cm3.
/Record/Section/1/Section/12/URL,string,https://chem.libretexts.org/Bookshelves/Introductory_Chemistry/Map%3A_Fundamentals_of_General_Organic_and_Biological_Chemistry_(McMurry_et_al.)/01%3A_Matter_and_Measurements/1.12%3A_Density_and_Specific_Gravity
/Record/Section/1/Section/12/Information/0/ReferenceNumber,number,5
/Record/Section/1/Section/12/Information/0/Value/StringWithMarkup/0/String,string,9.07 grams per cubic centimeter
/Record/Section/1/Section/13/TOCHeading,string,Melting Point
/Record/Section/1/Section/13/Description,string,"This section provides the melting point and/or freezing point. The melting point is the temperature at which a substance changes state from solid to liquid at atmospheric pressure. When considered as the temperature of the reverse change (from liquid to solid), it is referred to as the freezing point."
/Record/Section/1/Section/13/URL,string,https://chem.libretexts.org/Bookshelves/Organic_Chemistry/Organic_Chemistry_Lab_Techniques_(Nichols)/06%3A_Miscellaneous_Techniques/6.01%3A_Melting_Point
/Record/Section/1/Section/13/Information/0/ReferenceNumber,number,5
/Record/Section/1/Section/13/Information/0/Value/StringWithMarkup/0/String,string,1802 K (1529°C or 2784°F)
/Record/Section/1/Section/13/Information/1/ReferenceNumber,number,6
/Record/Section/1/Section/13/Information/1/Value/StringWithMarkup/0/String,string,1529°C
/Record/Section/1/Section/14/TOCHeading,string,Boiling Point
/Record/Section/1/Section/14/Description,string,The temperature at which this element changes state from liquid to gas at a given atmospheric pressure.
/Record/Section/1/Section/14/URL,string,https://chem.libretexts.org/Bookshelves/Organic_Chemistry/Organic_Chemistry_Lab_Techniques_(Nichols)/06%3A_Miscellaneous_Techniques/6.02%3A_Boiling_Point
/Record/Section/1/Section/14/Information/0/ReferenceNumber,number,5
/Record/Section/1/Section/14/Information/0/Value/StringWithMarkup/0/String,string,3141 K (2868°C or 5194°F)
/Record/Section/1/Section/14/Information/1/ReferenceNumber,number,6
/Record/Section/1/Section/14/Information/1/Value/StringWithMarkup/0/String,string,2868°C
/Record/Section/1/Section/15/TOCHeading,string,Estimated Crustal Abundance
/Record/Section/1/Section/15/Description,string,The estimated element abundance in the earth's crust.
/Record/Section/1/Section/15/Information/0/ReferenceNumber,number,5
/Record/Section/1/Section/15/Information/0/Value/StringWithMarkup/0/String,string,3.5 milligrams per kilogram
/Record/Section/1/Section/16/TOCHeading,string,Estimated Oceanic Abundance
/Record/Section/1/Section/16/Description,string,The estimated element abundance in the earth's oceans.
/Record/Section/1/Section/16/Information/0/ReferenceNumber,number,5
/Record/Section/1/Section/16/Information/0/Value/StringWithMarkup/0/String,string,8.7×10-7 milligrams per liter
/Record/Section/1/Section/16/Information/0/Value/StringWithMarkup/0/Markup/0/Start,number,6
/Record/Section/1/Section/16/Information/0/Value/StringWithMarkup/0/Markup/0/Length,number,2
/Record/Section/1/Section/16/Information/0/Value/StringWithMarkup/0/Markup/0/Type,string,Superscript
/Record/Section/2/TOCHeading,string,History
/Record/Section/2/Description,string,The history of the discovery and use of this element.
/Record/Section/2/Information/0/ReferenceNumber,number,3
/Record/Section/2/Information/0/Name,string,History
/Record/Section/2/Information/0/Value/StringWithMarkup/0/String,string,"The name derives from the Swedish town of Ytterby, where the ore gadolinite (in which it was found) was first mined. Erbium was discovered by the Swedish surgeon and chemist Carl-Gustav Mosander in 1843 in a yttrium sample. He separated the yttrium into yttrium, a rose-coloured salt he called terbium and a deep-yellow peroxide that he called erbium."
/Record/Section/2/Information/1/ReferenceNumber,number,5
/Record/Section/2/Information/1/Value/StringWithMarkup/0/String,string,"The mineral gadolinite ((Ce, La, Nd, Y)2FeBe2Si2O10), discovered in a quarry near the town of Ytterby, Sweden, has been the source of a great number of rare earth elements. In 1843, Carl Gustaf Mosander, a Swedish chemist, was able to separate gadolinite into three materials, which he named yttria, erbia and terbia. As might be expected considering the similarities between their names and properties, scientists soon confused erbia and terbia and, by 1877, had reversed their names. What Mosander called erbia is now called terbia and visa versa. From these two substances, Mosander discovered two new elements, terbium and erbium. Today, erbium is primarily obtained through an ion exchange process from the minerals xenotime (YPO4) and euxenite ((Y, Ca, Er, La, Ce, U, Th)(Nb, Ta, Ti)2O6)."
/Record/Section/2/Information/1/Value/StringWithMarkup/0/Markup/0/Start,number,39
/Record/Section/2/Information/1/Value/StringWithMarkup/0/Markup/0/Length,number,1
/Record/Section/2/Information/1/Value/StringWithMarkup/0/Markup/0/Type,string,Subscript
/Record/Section/2/Information/1/Value/StringWithMarkup/0/Markup/1/Start,number,44
/Record/Section/2/Information/1/Value/StringWithMarkup/0/Markup/1/Length,number,1
/Record/Section/2/Information/1/Value/StringWithMarkup/0/Markup/1/Type,string,Subscript
/Record/Section/2/Information/1/Value/StringWithMarkup/0/Markup/2/Start,number,47
/Record/Section/2/Information/1/Value/StringWithMarkup/0/Markup/2/Length,number,1
/Record/Section/2/Information/1/Value/StringWithMarkup/0/Markup/2/Type,string,Subscript
/Record/Section/2/Information/1/Value/StringWithMarkup/0/Markup/3/Start,number,49
/Record/Section/2/Information/1/Value/StringWithMarkup/0/Markup/3/Length,number,2
/Record/Section/2/Information/1/Value/StringWithMarkup/0/Markup/3/Type,string,Subscript
/Record/Section/2/Information/1/Value/StringWithMarkup/0/Markup/4/Start,number,734
/Record/Section/2/Information/1/Value/StringWithMarkup/0/Markup/4/Length,number,1
/Record/Section/2/Information/1/Value/StringWithMarkup/0/Markup/4/Type,string,Subscript
/Record/Section/2/Information/1/Value/StringWithMarkup/0/Markup/5/Start,number,789
/Record/Section/2/Information/1/Value/StringWithMarkup/0/Markup/5/Length,number,1
/Record/Section/2/Information/1/Value/StringWithMarkup/0/Markup/5/Type,string,Subscript
/Record/Section/2/Information/1/Value/StringWithMarkup/0/Markup/6/Start,number,791
/Record/Section/2/Information/1/Value/StringWithMarkup/0/Markup/6/Length,number,1
/Record/Section/2/Information/1/Value/StringWithMarkup/0/Markup/6/Type,string,Subscript
/Record/Section/2/Information/2/ReferenceNumber,number,6
/Record/Section/2/Information/2/Value/StringWithMarkup/0/String,string,"Erbium, one of the so-called rare-earth elements on the lanthanide series, is found in the minerals mentioned under dysprosium. In 1842 Mosander separated ""yttria"" found in the mineral gadolinite, into three fractions which he called yttria, erbia, and terbia. The names erbia and terbia became confused in this early period. After 1860, Mosander's terbia was known as erbia, and after 1877, the earlier known erbia became terbia. The erbia of this period was later shown to consist of five oxides, now known as erbia, scandia, holmia, thulia and ytterbia. By 1905 Urbain and James independently succeeded in isolating fairly pure Er2O3. Klemm and Bommer first produced reasonably pure erbium metal in 1934 by reducing the anhydrous chloride with potassium vapor."
/Record/Section/2/Information/2/Value/StringWithMarkup/0/Markup/0/Start,number,633
/Record/Section/2/Information/2/Value/StringWithMarkup/0/Markup/0/Length,number,1
/Record/Section/2/Information/2/Value/StringWithMarkup/0/Markup/0/Type,string,Subscript
/Record/Section/2/Information/2/Value/StringWithMarkup/0/Markup/1/Start,number,635
/Record/Section/2/Information/2/Value/StringWithMarkup/0/Markup/1/Length,number,1
/Record/Section/2/Information/2/Value/StringWithMarkup/0/Markup/1/Type,string,Subscript
/Record/Section/2/Section/0/TOCHeading,string,Historical Atomic Weights
/Record/Section/2/Section/0/Description,string,This section provides the historical atomic weights. The atomic weight shown in brackets means the value range while others shown with uncertainty in parenthesis.
/Record/Section/2/Section/0/DisplayControls/CreateTable/FromInformationIn,string,ThisSection
/Record/Section/2/Section/0/DisplayControls/CreateTable/NumberOfColumns,number,3
/Record/Section/2/Section/0/DisplayControls/CreateTable/ColumnsFromNamedLists/Name/0,string,Year
/Record/Section/2/Section/0/DisplayControls/CreateTable/ColumnsFromNamedLists/Name/1,string,Atomic Weight (uncertainty) [u]
/Record/Section/2/Section/0/DisplayControls/CreateTable/ColumnsFromNamedLists/Name/2,string,Reference
/Record/Section/2/Section/0/DisplayControls/CreateTable/ColumnsFromNamedLists/UseNamesAsColumnHeadings,boolean,true
/Record/Section/2/Section/0/Information/0/ReferenceNumber,number,3
/Record/Section/2/Section/0/Information/0/Name,string,Year
/Record/Section/2/Section/0/Information/0/Value/StringWithMarkup/0/String,string,1999
/Record/Section/2/Section/0/Information/0/Value/StringWithMarkup/1/String,string,1969
/Record/Section/2/Section/0/Information/0/Value/StringWithMarkup/2/String,string,1961
/Record/Section/2/Section/0/Information/0/Value/StringWithMarkup/3/String,string,1955
/Record/Section/2/Section/0/Information/0/Value/StringWithMarkup/4/String,string,1938
/Record/Section/2/Section/0/Information/0/Value/StringWithMarkup/5/String,string,1931
/Record/Section/2/Section/0/Information/0/Value/StringWithMarkup/6/String,string,1912
/Record/Section/2/Section/0/Information/0/Value/StringWithMarkup/7/String,string,1909
/Record/Section/2/Section/0/Information/0/Value/StringWithMarkup/8/String,string,1902
/Record/Section/2/Section/0/Information/1/ReferenceNumber,number,3
/Record/Section/2/Section/0/Information/1/Name,string,Atomic Weight (uncertainty)
/Record/Section/2/Section/0/Information/1/Value/StringWithMarkup/0/String,string,167.259(3)
/Record/Section/2/Section/0/Information/1/Value/StringWithMarkup/1/String,string,167.26(3)
/Record/Section/2/Section/0/Information/1/Value/StringWithMarkup/2/String,string,167.26
/Record/Section/2/Section/0/Information/1/Value/StringWithMarkup/3/String,string,167.27
/Record/Section/2/Section/0/Information/1/Value/StringWithMarkup/4/String,string,167.2
/Record/Section/2/Section/0/Information/1/Value/StringWithMarkup/5/String,string,167.64
/Record/Section/2/Section/0/Information/1/Value/StringWithMarkup/6/String,string,167.7
/Record/Section/2/Section/0/Information/1/Value/StringWithMarkup/7/String,string,167.4
/Record/Section/2/Section/0/Information/1/Value/StringWithMarkup/8/String,string,166
/Record/Section/2/Section/0/Information/2/ReferenceNumber,number,3
/Record/Section/2/Section/0/Information/2/Name,string,Reference
/Record/Section/2/Section/0/Information/2/Value/StringWithMarkup/0/String,string,doi:10.1351/pac200173040667
/Record/Section/2/Section/0/Information/2/Value/StringWithMarkup/0/Markup/0/Start,number,0
/Record/Section/2/Section/0/Information/2/Value/StringWithMarkup/0/Markup/0/Length,number,27
/Record/Section/2/Section/0/Information/2/Value/StringWithMarkup/0/Markup/0/URL,string,https://doi.org/10.1351/pac200173040667
/Record/Section/2/Section/0/Information/2/Value/StringWithMarkup/1/String,string,doi:10.1351/pac197021010091
/Record/Section/2/Section/0/Information/2/Value/StringWithMarkup/1/Markup/0/Start,number,0
/Record/Section/2/Section/0/Information/2/Value/StringWithMarkup/1/Markup/0/Length,number,27
/Record/Section/2/Section/0/Information/2/Value/StringWithMarkup/1/Markup/0/URL,string,https://doi.org/10.1351/pac197021010091
/Record/Section/2/Section/0/Information/2/Value/StringWithMarkup/2/String,string,doi:10.1021/ja00881a001
/Record/Section/2/Section/0/Information/2/Value/StringWithMarkup/2/Markup/0/Start,number,0
/Record/Section/2/Section/0/Information/2/Value/StringWithMarkup/2/Markup/0/Length,number,23
/Record/Section/2/Section/0/Information/2/Value/StringWithMarkup/2/Markup/0/URL,string,https://doi.org/10.1021/ja00881a001
/Record/Section/2/Section/0/Information/2/Value/StringWithMarkup/3/String,string,doi:10.1021/ja01595a001
/Record/Section/2/Section/0/Information/2/Value/StringWithMarkup/3/Markup/0/Start,number,0
/Record/Section/2/Section/0/Information/2/Value/StringWithMarkup/3/Markup/0/Length,number,23
/Record/Section/2/Section/0/Information/2/Value/StringWithMarkup/3/Markup/0/URL,string,https://doi.org/10.1021/ja01595a001
/Record/Section/2/Section/0/Information/2/Value/StringWithMarkup/4/String,string,doi:10.1039/JR9380001101
/Record/Section/2/Section/0/Information/2/Value/StringWithMarkup/4/Markup/0/Start,number,0
/Record/Section/2/Section/0/Information/2/Value/StringWithMarkup/4/Markup/0/Length,number,24
/Record/Section/2/Section/0/Information/2/Value/StringWithMarkup/4/Markup/0/URL,string,https://doi.org/10.1039/JR9380001101
/Record/Section/2/Section/0/Information/2/Value/StringWithMarkup/5/String,string,doi:10.1039/JR9310001617
/Record/Section/2/Section/0/Information/2/Value/StringWithMarkup/5/Markup/0/Start,number,0
/Record/Section/2/Section/0/Information/2/Value/StringWithMarkup/5/Markup/0/Length,number,24
/Record/Section/2/Section/0/Information/2/Value/StringWithMarkup/5/Markup/0/URL,string,https://doi.org/10.1039/JR9310001617
/Record/Section/2/Section/0/Information/2/Value/StringWithMarkup/6/String,string,doi:10.1021/ja02224a601
/Record/Section/2/Section/0/Information/2/Value/StringWithMarkup/6/Markup/0/Start,number,0
/Record/Section/2/Section/0/Information/2/Value/StringWithMarkup/6/Markup/0/Length,number,23
/Record/Section/2/Section/0/Information/2/Value/StringWithMarkup/6/Markup/0/URL,string,https://doi.org/10.1021/ja02224a601
/Record/Section/2/Section/0/Information/2/Value/StringWithMarkup/7/String,string,doi:10.1021/ja01931a001
/Record/Section/2/Section/0/Information/2/Value/StringWithMarkup/7/Markup/0/Start,number,0
/Record/Section/2/Section/0/Information/2/Value/StringWithMarkup/7/Markup/0/Length,number,23
/Record/Section/2/Section/0/Information/2/Value/StringWithMarkup/7/Markup/0/URL,string,https://doi.org/10.1021/ja01931a001
/Record/Section/2/Section/0/Information/2/Value/StringWithMarkup/8/String,string,doi:10.1007/BF01370337
/Record/Section/2/Section/0/Information/2/Value/StringWithMarkup/8/Markup/0/Start,number,0
/Record/Section/2/Section/0/Information/2/Value/StringWithMarkup/8/Markup/0/Length,number,22
/Record/Section/2/Section/0/Information/2/Value/StringWithMarkup/8/Markup/0/URL,string,https://doi.org/10.1007/BF01370337
/Record/Section/2/Section/1/TOCHeading,string,Historical Isotopic Abundances
/Record/Section/2/Section/1/Description,string,This section provides the historical isotopic abundance information. The abundance value shown in brackets means the value range while others shown with uncertainty in parenthesis.
/Record/Section/2/Section/1/DisplayControls/CreateTable/FromInformationIn,string,ThisSection
/Record/Section/2/Section/1/DisplayControls/CreateTable/NumberOfColumns,number,4
/Record/Section/2/Section/1/DisplayControls/CreateTable/ColumnsFromNamedLists/Name/0,string,Year
/Record/Section/2/Section/1/DisplayControls/CreateTable/ColumnsFromNamedLists/Name/1,string,Isotope
/Record/Section/2/Section/1/DisplayControls/CreateTable/ColumnsFromNamedLists/Name/2,string,Abundance (uncertainty)
/Record/Section/2/Section/1/DisplayControls/CreateTable/ColumnsFromNamedLists/Name/3,string,Reference
/Record/Section/2/Section/1/DisplayControls/CreateTable/ColumnsFromNamedLists/UseNamesAsColumnHeadings,boolean,true
/Record/Section/2/Section/1/Information/0/ReferenceNumber,number,3
/Record/Section/2/Section/1/Information/0/Name,string,Year
/Record/Section/2/Section/1/Information/0/Value/StringWithMarkup/0/String,string,2001
/Record/Section/2/Section/1/Information/0/Value/StringWithMarkup/1/String,string,2001
/Record/Section/2/Section/1/Information/0/Value/StringWithMarkup/2/String,string,2001
/Record/Section/2/Section/1/Information/0/Value/StringWithMarkup/3/String,string,2001
/Record/Section/2/Section/1/Information/0/Value/StringWithMarkup/4/String,string,2001
/Record/Section/2/Section/1/Information/0/Value/StringWithMarkup/5/String,string,2001
/Record/Section/2/Section/1/Information/0/Value/StringWithMarkup/6/String,string,1997
/Record/Section/2/Section/1/Information/0/Value/StringWithMarkup/7/String,string,1997
/Record/Section/2/Section/1/Information/0/Value/StringWithMarkup/8/String,string,1997
/Record/Section/2/Section/1/Information/0/Value/StringWithMarkup/9/String,string,1997
/Record/Section/2/Section/1/Information/0/Value/StringWithMarkup/10/String,string,1997
/Record/Section/2/Section/1/Information/0/Value/StringWithMarkup/11/String,string,1997
/Record/Section/2/Section/1/Information/0/Value/StringWithMarkup/12/String,string,1989
/Record/Section/2/Section/1/Information/0/Value/StringWithMarkup/13/String,string,1989
/Record/Section/2/Section/1/Information/0/Value/StringWithMarkup/14/String,string,1989
/Record/Section/2/Section/1/Information/0/Value/StringWithMarkup/15/String,string,1989
/Record/Section/2/Section/1/Information/0/Value/StringWithMarkup/16/String,string,1989
/Record/Section/2/Section/1/Information/0/Value/StringWithMarkup/17/String,string,1989
/Record/Section/2/Section/1/Information/0/Value/StringWithMarkup/18/String,string,1979
/Record/Section/2/Section/1/Information/0/Value/StringWithMarkup/19/String,string,1979
/Record/Section/2/Section/1/Information/0/Value/StringWithMarkup/20/String,string,1979
/Record/Section/2/Section/1/Information/0/Value/StringWithMarkup/21/String,string,1979
/Record/Section/2/Section/1/Information/0/Value/StringWithMarkup/22/String,string,1979
/Record/Section/2/Section/1/Information/0/Value/StringWithMarkup/23/String,string,1979
/Record/Section/2/Section/1/Information/0/Value/StringWithMarkup/24/String,string,1975
/Record/Section/2/Section/1/Information/0/Value/StringWithMarkup/25/String,string,1975
/Record/Section/2/Section/1/Information/0/Value/StringWithMarkup/26/String,string,1975
/Record/Section/2/Section/1/Information/0/Value/StringWithMarkup/27/String,string,1975
/Record/Section/2/Section/1/Information/0/Value/StringWithMarkup/28/String,string,1975
/Record/Section/2/Section/1/Information/0/Value/StringWithMarkup/29/String,string,1975
/Record/Section/2/Section/1/Information/1/ReferenceNumber,number,3
/Record/Section/2/Section/1/Information/1/Name,string,Isotope
/Record/Section/2/Section/1/Information/1/Value/StringWithMarkup/0/String,string,162Er
/Record/Section/2/Section/1/Information/1/Value/StringWithMarkup/0/Markup/0/Start,number,0
/Record/Section/2/Section/1/Information/1/Value/StringWithMarkup/0/Markup/0/Length,number,3
/Record/Section/2/Section/1/Information/1/Value/StringWithMarkup/0/Markup/0/Type,string,Superscript
/Record/Section/2/Section/1/Information/1/Value/StringWithMarkup/1/String,string,164Er
/Record/Section/2/Section/1/Information/1/Value/StringWithMarkup/1/Markup/0/Start,number,0
/Record/Section/2/Section/1/Information/1/Value/StringWithMarkup/1/Markup/0/Length,number,3
/Record/Section/2/Section/1/Information/1/Value/StringWithMarkup/1/Markup/0/Type,string,Superscript
/Record/Section/2/Section/1/Information/1/Value/StringWithMarkup/2/String,string,166Er
/Record/Section/2/Section/1/Information/1/Value/StringWithMarkup/2/Markup/0/Start,number,0
/Record/Section/2/Section/1/Information/1/Value/StringWithMarkup/2/Markup/0/Length,number,3
/Record/Section/2/Section/1/Information/1/Value/StringWithMarkup/2/Markup/0/Type,string,Superscript
/Record/Section/2/Section/1/Information/1/Value/StringWithMarkup/3/String,string,167Er
/Record/Section/2/Section/1/Information/1/Value/StringWithMarkup/3/Markup/0/Start,number,0
/Record/Section/2/Section/1/Information/1/Value/StringWithMarkup/3/Markup/0/Length,number,3
/Record/Section/2/Section/1/Information/1/Value/StringWithMarkup/3/Markup/0/Type,string,Superscript
/Record/Section/2/Section/1/Information/1/Value/StringWithMarkup/4/String,string,168Er
/Record/Section/2/Section/1/Information/1/Value/StringWithMarkup/4/Markup/0/Start,number,0
/Record/Section/2/Section/1/Information/1/Value/StringWithMarkup/4/Markup/0/Length,number,3
/Record/Section/2/Section/1/Information/1/Value/StringWithMarkup/4/Markup/0/Type,string,Superscript
/Record/Section/2/Section/1/Information/1/Value/StringWithMarkup/5/String,string,170Er
/Record/Section/2/Section/1/Information/1/Value/StringWithMarkup/5/Markup/0/Start,number,0
/Record/Section/2/Section/1/Information/1/Value/StringWithMarkup/5/Markup/0/Length,number,3
/Record/Section/2/Section/1/Information/1/Value/StringWithMarkup/5/Markup/0/Type,string,Superscript
/Record/Section/2/Section/1/Information/1/Value/StringWithMarkup/6/String,string,162Er
/Record/Section/2/Section/1/Information/1/Value/StringWithMarkup/6/Markup/0/Start,number,0
/Record/Section/2/Section/1/Information/1/Value/StringWithMarkup/6/Markup/0/Length,number,3
/Record/Section/2/Section/1/Information/1/Value/StringWithMarkup/6/Markup/0/Type,string,Superscript
/Record/Section/2/Section/1/Information/1/Value/StringWithMarkup/7/String,string,164Er
/Record/Section/2/Section/1/Information/1/Value/StringWithMarkup/7/Markup/0/Start,number,0
/Record/Section/2/Section/1/Information/1/Value/StringWithMarkup/7/Markup/0/Length,number,3
/Record/Section/2/Section/1/Information/1/Value/StringWithMarkup/7/Markup/0/Type,string,Superscript
/Record/Section/2/Section/1/Information/1/Value/StringWithMarkup/8/String,string,166Er
/Record/Section/2/Section/1/Information/1/Value/StringWithMarkup/8/Markup/0/Start,number,0
/Record/Section/2/Section/1/Information/1/Value/StringWithMarkup/8/Markup/0/Length,number,3
/Record/Section/2/Section/1/Information/1/Value/StringWithMarkup/8/Markup/0/Type,string,Superscript
/Record/Section/2/Section/1/Information/1/Value/StringWithMarkup/9/String,string,167Er
/Record/Section/2/Section/1/Information/1/Value/StringWithMarkup/9/Markup/0/Start,number,0
/Record/Section/2/Section/1/Information/1/Value/StringWithMarkup/9/Markup/0/Length,number,3
/Record/Section/2/Section/1/Information/1/Value/StringWithMarkup/9/Markup/0/Type,string,Superscript
/Record/Section/2/Section/1/Information/1/Value/StringWithMarkup/10/String,string,168Er
/Record/Section/2/Section/1/Information/1/Value/StringWithMarkup/10/Markup/0/Start,number,0
/Record/Section/2/Section/1/Information/1/Value/StringWithMarkup/10/Markup/0/Length,number,3
/Record/Section/2/Section/1/Information/1/Value/StringWithMarkup/10/Markup/0/Type,string,Superscript
/Record/Section/2/Section/1/Information/1/Value/StringWithMarkup/11/String,string,170Er
/Record/Section/2/Section/1/Information/1/Value/StringWithMarkup/11/Markup/0/Start,number,0
/Record/Section/2/Section/1/Information/1/Value/StringWithMarkup/11/Markup/0/Length,number,3
/Record/Section/2/Section/1/Information/1/Value/StringWithMarkup/11/Markup/0/Type,string,Superscript
/Record/Section/2/Section/1/Information/1/Value/StringWithMarkup/12/String,string,162Er
/Record/Section/2/Section/1/Information/1/Value/StringWithMarkup/12/Markup/0/Start,number,0
/Record/Section/2/Section/1/Information/1/Value/StringWithMarkup/12/Markup/0/Length,number,3
/Record/Section/2/Section/1/Information/1/Value/StringWithMarkup/12/Markup/0/Type,string,Superscript
/Record/Section/2/Section/1/Information/1/Value/StringWithMarkup/13/String,string,164Er
/Record/Section/2/Section/1/Information/1/Value/StringWithMarkup/13/Markup/0/Start,number,0
/Record/Section/2/Section/1/Information/1/Value/StringWithMarkup/13/Markup/0/Length,number,3
/Record/Section/2/Section/1/Information/1/Value/StringWithMarkup/13/Markup/0/Type,string,Superscript
/Record/Section/2/Section/1/Information/1/Value/StringWithMarkup/14/String,string,166Er
/Record/Section/2/Section/1/Information/1/Value/StringWithMarkup/14/Markup/0/Start,number,0
/Record/Section/2/Section/1/Information/1/Value/StringWithMarkup/14/Markup/0/Length,number,3
/Record/Section/2/Section/1/Information/1/Value/StringWithMarkup/14/Markup/0/Type,string,Superscript
/Record/Section/2/Section/1/Information/1/Value/StringWithMarkup/15/String,string,167Er
/Record/Section/2/Section/1/Information/1/Value/StringWithMarkup/15/Markup/0/Start,number,0
/Record/Section/2/Section/1/Information/1/Value/StringWithMarkup/15/Markup/0/Length,number,3
/Record/Section/2/Section/1/Information/1/Value/StringWithMarkup/15/Markup/0/Type,string,Superscript
/Record/Section/2/Section/1/Information/1/Value/StringWithMarkup/16/String,string,168Er
/Record/Section/2/Section/1/Information/1/Value/StringWithMarkup/16/Markup/0/Start,number,0
/Record/Section/2/Section/1/Information/1/Value/StringWithMarkup/16/Markup/0/Length,number,3
/Record/Section/2/Section/1/Information/1/Value/StringWithMarkup/16/Markup/0/Type,string,Superscript
/Record/Section/2/Section/1/Information/1/Value/StringWithMarkup/17/String,string,170Er
/Record/Section/2/Section/1/Information/1/Value/StringWithMarkup/17/Markup/0/Start,number,0
/Record/Section/2/Section/1/Information/1/Value/StringWithMarkup/17/Markup/0/Length,number,3
/Record/Section/2/Section/1/Information/1/Value/StringWithMarkup/17/Markup/0/Type,string,Superscript
/Record/Section/2/Section/1/Information/1/Value/StringWithMarkup/18/String,string,162Er
/Record/Section/2/Section/1/Information/1/Value/StringWithMarkup/18/Markup/0/Start,number,0
/Record/Section/2/Section/1/Information/1/Value/StringWithMarkup/18/Markup/0/Length,number,3
/Record/Section/2/Section/1/Information/1/Value/StringWithMarkup/18/Markup/0/Type,string,Superscript
/Record/Section/2/Section/1/Information/1/Value/StringWithMarkup/19/String,string,164Er
/Record/Section/2/Section/1/Information/1/Value/StringWithMarkup/19/Markup/0/Start,number,0
/Record/Section/2/Section/1/Information/1/Value/StringWithMarkup/19/Markup/0/Length,number,3
/Record/Section/2/Section/1/Information/1/Value/StringWithMarkup/19/Markup/0/Type,string,Superscript
/Record/Section/2/Section/1/Information/1/Value/StringWithMarkup/20/String,string,166Er
/Record/Section/2/Section/1/Information/1/Value/StringWithMarkup/20/Markup/0/Start,number,0
/Record/Section/2/Section/1/Information/1/Value/StringWithMarkup/20/Markup/0/Length,number,3
/Record/Section/2/Section/1/Information/1/Value/StringWithMarkup/20/Markup/0/Type,string,Superscript
/Record/Section/2/Section/1/Information/1/Value/StringWithMarkup/21/String,string,167Er
/Record/Section/2/Section/1/Information/1/Value/StringWithMarkup/21/Markup/0/Start,number,0
/Record/Section/2/Section/1/Information/1/Value/StringWithMarkup/21/Markup/0/Length,number,3
/Record/Section/2/Section/1/Information/1/Value/StringWithMarkup/21/Markup/0/Type,string,Superscript
/Record/Section/2/Section/1/Information/1/Value/StringWithMarkup/22/String,string,168Er
/Record/Section/2/Section/1/Information/1/Value/StringWithMarkup/22/Markup/0/Start,number,0
/Record/Section/2/Section/1/Information/1/Value/StringWithMarkup/22/Markup/0/Length,number,3
/Record/Section/2/Section/1/Information/1/Value/StringWithMarkup/22/Markup/0/Type,string,Superscript
/Record/Section/2/Section/1/Information/1/Value/StringWithMarkup/23/String,string,170Er
/Record/Section/2/Section/1/Information/1/Value/StringWithMarkup/23/Markup/0/Start,number,0
/Record/Section/2/Section/1/Information/1/Value/StringWithMarkup/23/Markup/0/Length,number,3
/Record/Section/2/Section/1/Information/1/Value/StringWithMarkup/23/Markup/0/Type,string,Superscript
/Record/Section/2/Section/1/Information/1/Value/StringWithMarkup/24/String,string,162Er
/Record/Section/2/Section/1/Information/1/Value/StringWithMarkup/24/Markup/0/Start,number,0
/Record/Section/2/Section/1/Information/1/Value/StringWithMarkup/24/Markup/0/Length,number,3
/Record/Section/2/Section/1/Information/1/Value/StringWithMarkup/24/Markup/0/Type,string,Superscript
/Record/Section/2/Section/1/Information/1/Value/StringWithMarkup/25/String,string,164Er
/Record/Section/2/Section/1/Information/1/Value/StringWithMarkup/25/Markup/0/Start,number,0
/Record/Section/2/Section/1/Information/1/Value/StringWithMarkup/25/Markup/0/Length,number,3
/Record/Section/2/Section/1/Information/1/Value/StringWithMarkup/25/Markup/0/Type,string,Superscript
/Record/Section/2/Section/1/Information/1/Value/StringWithMarkup/26/String,string,166Er
/Record/Section/2/Section/1/Information/1/Value/StringWithMarkup/26/Markup/0/Start,number,0
/Record/Section/2/Section/1/Information/1/Value/StringWithMarkup/26/Markup/0/Length,number,3
/Record/Section/2/Section/1/Information/1/Value/StringWithMarkup/26/Markup/0/Type,string,Superscript
/Record/Section/2/Section/1/Information/1/Value/StringWithMarkup/27/String,string,167Er
/Record/Section/2/Section/1/Information/1/Value/StringWithMarkup/27/Markup/0/Start,number,0
/Record/Section/2/Section/1/Information/1/Value/StringWithMarkup/27/Markup/0/Length,number,3
/Record/Section/2/Section/1/Information/1/Value/StringWithMarkup/27/Markup/0/Type,string,Superscript
/Record/Section/2/Section/1/Information/1/Value/StringWithMarkup/28/String,string,168Er
/Record/Section/2/Section/1/Information/1/Value/StringWithMarkup/28/Markup/0/Start,number,0
/Record/Section/2/Section/1/Information/1/Value/StringWithMarkup/28/Markup/0/Length,number,3
/Record/Section/2/Section/1/Information/1/Value/StringWithMarkup/28/Markup/0/Type,string,Superscript
/Record/Section/2/Section/1/Information/1/Value/StringWithMarkup/29/String,string,170Er
/Record/Section/2/Section/1/Information/1/Value/StringWithMarkup/29/Markup/0/Start,number,0
/Record/Section/2/Section/1/Information/1/Value/StringWithMarkup/29/Markup/0/Length,number,3
/Record/Section/2/Section/1/Information/1/Value/StringWithMarkup/29/Markup/0/Type,string,Superscript
/Record/Section/2/Section/1/Information/2/ReferenceNumber,number,3
/Record/Section/2/Section/1/Information/2/Name,string,Abundance (uncertainty)
/Record/Section/2/Section/1/Information/2/Value/StringWithMarkup/0/String,string,0.001 39(5)
/Record/Section/2/Section/1/Information/2/Value/StringWithMarkup/1/String,string,0.016 01(3)
/Record/Section/2/Section/1/Information/2/Value/StringWithMarkup/2/String,string,0.335 03(36)
/Record/Section/2/Section/1/Information/2/Value/StringWithMarkup/3/String,string,0.228 69(9)
/Record/Section/2/Section/1/Information/2/Value/StringWithMarkup/4/String,string,0.269 78(18)
/Record/Section/2/Section/1/Information/2/Value/StringWithMarkup/5/String,string,0.149 10(36)
/Record/Section/2/Section/1/Information/2/Value/StringWithMarkup/6/String,string,0.0014(1)
/Record/Section/2/Section/1/Information/2/Value/StringWithMarkup/7/String,string,0.0161(3)
/Record/Section/2/Section/1/Information/2/Value/StringWithMarkup/8/String,string,0.3361(35)
/Record/Section/2/Section/1/Information/2/Value/StringWithMarkup/9/String,string,0.2293(17)
/Record/Section/2/Section/1/Information/2/Value/StringWithMarkup/10/String,string,0.2678(26)
/Record/Section/2/Section/1/Information/2/Value/StringWithMarkup/11/String,string,0.1493(27)
/Record/Section/2/Section/1/Information/2/Value/StringWithMarkup/12/String,string,0.0014(1)
/Record/Section/2/Section/1/Information/2/Value/StringWithMarkup/13/String,string,0.0161(2)
/Record/Section/2/Section/1/Information/2/Value/StringWithMarkup/14/String,string,0.336(2)
/Record/Section/2/Section/1/Information/2/Value/StringWithMarkup/15/String,string,0.2295(15)
/Record/Section/2/Section/1/Information/2/Value/StringWithMarkup/16/String,string,0.268(2)
/Record/Section/2/Section/1/Information/2/Value/StringWithMarkup/17/String,string,0.149(2)
/Record/Section/2/Section/1/Information/2/Value/StringWithMarkup/18/String,string,0.0014(1)
/Record/Section/2/Section/1/Information/2/Value/StringWithMarkup/19/String,string,0.0156(6)
/Record/Section/2/Section/1/Information/2/Value/StringWithMarkup/20/String,string,0.334(6)
/Record/Section/2/Section/1/Information/2/Value/StringWithMarkup/21/String,string,0.229(4)
/Record/Section/2/Section/1/Information/2/Value/StringWithMarkup/22/String,string,0.271(6)
/Record/Section/2/Section/1/Information/2/Value/StringWithMarkup/23/String,string,0.149(4)
/Record/Section/2/Section/1/Information/2/Value/StringWithMarkup/24/String,string,0.001
/Record/Section/2/Section/1/Information/2/Value/StringWithMarkup/25/String,string,0.016
/Record/Section/2/Section/1/Information/2/Value/StringWithMarkup/26/String,string,0.334
/Record/Section/2/Section/1/Information/2/Value/StringWithMarkup/27/String,string,0.229
/Record/Section/2/Section/1/Information/2/Value/StringWithMarkup/28/String,string,0.27
/Record/Section/2/Section/1/Information/2/Value/StringWithMarkup/29/String,string,0.15
/Record/Section/2/Section/1/Information/3/ReferenceNumber,number,3
/Record/Section/2/Section/1/Information/3/Name,string,Reference
/Record/Section/2/Section/1/Information/3/Value/StringWithMarkup/0/String,string,doi:10.1063/1.1836764
/Record/Section/2/Section/1/Information/3/Value/StringWithMarkup/0/Markup/0/Start,number,0
/Record/Section/2/Section/1/Information/3/Value/StringWithMarkup/0/Markup/0/Length,number,21
/Record/Section/2/Section/1/Information/3/Value/StringWithMarkup/0/Markup/0/URL,string,https://doi.org/10.1063/1.1836764
/Record/Section/2/Section/1/Information/3/Value/StringWithMarkup/1/String,string,doi:10.1063/1.1836764
/Record/Section/2/Section/1/Information/3/Value/StringWithMarkup/1/Markup/0/Start,number,0
/Record/Section/2/Section/1/Information/3/Value/StringWithMarkup/1/Markup/0/Length,number,21
/Record/Section/2/Section/1/Information/3/Value/StringWithMarkup/1/Markup/0/URL,string,https://doi.org/10.1063/1.1836764
/Record/Section/2/Section/1/Information/3/Value/StringWithMarkup/2/String,string,doi:10.1063/1.1836764
/Record/Section/2/Section/1/Information/3/Value/StringWithMarkup/2/Markup/0/Start,number,0
/Record/Section/2/Section/1/Information/3/Value/StringWithMarkup/2/Markup/0/Length,number,21
/Record/Section/2/Section/1/Information/3/Value/StringWithMarkup/2/Markup/0/URL,string,https://doi.org/10.1063/1.1836764
/Record/Section/2/Section/1/Information/3/Value/StringWithMarkup/3/String,string,doi:10.1063/1.1836764
/Record/Section/2/Section/1/Information/3/Value/StringWithMarkup/3/Markup/0/Start,number,0
/Record/Section/2/Section/1/Information/3/Value/StringWithMarkup/3/Markup/0/Length,number,21
/Record/Section/2/Section/1/Information/3/Value/StringWithMarkup/3/Markup/0/URL,string,https://doi.org/10.1063/1.1836764
/Record/Section/2/Section/1/Information/3/Value/StringWithMarkup/4/String,string,doi:10.1063/1.1836764
/Record/Section/2/Section/1/Information/3/Value/StringWithMarkup/4/Markup/0/Start,number,0
/Record/Section/2/Section/1/Information/3/Value/StringWithMarkup/4/Markup/0/Length,number,21
/Record/Section/2/Section/1/Information/3/Value/StringWithMarkup/4/Markup/0/URL,string,https://doi.org/10.1063/1.1836764
/Record/Section/2/Section/1/Information/3/Value/StringWithMarkup/5/String,string,doi:10.1063/1.1836764
/Record/Section/2/Section/1/Information/3/Value/StringWithMarkup/5/Markup/0/Start,number,0
/Record/Section/2/Section/1/Information/3/Value/StringWithMarkup/5/Markup/0/Length,number,21
/Record/Section/2/Section/1/Information/3/Value/StringWithMarkup/5/Markup/0/URL,string,https://doi.org/10.1063/1.1836764
/Record/Section/2/Section/1/Information/3/Value/StringWithMarkup/6/String,string,doi:10.1351/pac199870010217
/Record/Section/2/Section/1/Information/3/Value/StringWithMarkup/6/Markup/0/Start,number,0
/Record/Section/2/Section/1/Information/3/Value/StringWithMarkup/6/Markup/0/Length,number,27
/Record/Section/2/Section/1/Information/3/Value/StringWithMarkup/6/Markup/0/URL,string,https://doi.org/10.1351/pac199870010217
/Record/Section/2/Section/1/Information/3/Value/StringWithMarkup/7/String,string,doi:10.1351/pac199870010217
/Record/Section/2/Section/1/Information/3/Value/StringWithMarkup/7/Markup/0/Start,number,0
/Record/Section/2/Section/1/Information/3/Value/StringWithMarkup/7/Markup/0/Length,number,27
/Record/Section/2/Section/1/Information/3/Value/StringWithMarkup/7/Markup/0/URL,string,https://doi.org/10.1351/pac199870010217
/Record/Section/2/Section/1/Information/3/Value/StringWithMarkup/8/String,string,doi:10.1351/pac199870010217
/Record/Section/2/Section/1/Information/3/Value/StringWithMarkup/8/Markup/0/Start,number,0
/Record/Section/2/Section/1/Information/3/Value/StringWithMarkup/8/Markup/0/Length,number,27
/Record/Section/2/Section/1/Information/3/Value/StringWithMarkup/8/Markup/0/URL,string,https://doi.org/10.1351/pac199870010217
/Record/Section/2/Section/1/Information/3/Value/StringWithMarkup/9/String,string,doi:10.1351/pac199870010217
/Record/Section/2/Section/1/Information/3/Value/StringWithMarkup/9/Markup/0/Start,number,0
/Record/Section/2/Section/1/Information/3/Value/StringWithMarkup/9/Markup/0/Length,number,27
/Record/Section/2/Section/1/Information/3/Value/StringWithMarkup/9/Markup/0/URL,string,https://doi.org/10.1351/pac199870010217
/Record/Section/2/Section/1/Information/3/Value/StringWithMarkup/10/String,string,doi:10.1351/pac199870010217
/Record/Section/2/Section/1/Information/3/Value/StringWithMarkup/10/Markup/0/Start,number,0
/Record/Section/2/Section/1/Information/3/Value/StringWithMarkup/10/Markup/0/Length,number,27
/Record/Section/2/Section/1/Information/3/Value/StringWithMarkup/10/Markup/0/URL,string,https://doi.org/10.1351/pac199870010217
/Record/Section/2/Section/1/Information/3/Value/StringWithMarkup/11/String,string,doi:10.1351/pac199870010217
/Record/Section/2/Section/1/Information/3/Value/StringWithMarkup/11/Markup/0/Start,number,0
/Record/Section/2/Section/1/Information/3/Value/StringWithMarkup/11/Markup/0/Length,number,27
/Record/Section/2/Section/1/Information/3/Value/StringWithMarkup/11/Markup/0/URL,string,https://doi.org/10.1351/pac199870010217
/Record/Section/2/Section/1/Information/3/Value/StringWithMarkup/12/String,string,doi:10.1351/pac199163070991
/Record/Section/2/Section/1/Information/3/Value/StringWithMarkup/12/Markup/0/Start,number,0
/Record/Section/2/Section/1/Information/3/Value/StringWithMarkup/12/Markup/0/Length,number,27
/Record/Section/2/Section/1/Information/3/Value/StringWithMarkup/12/Markup/0/URL,string,https://doi.org/10.1351/pac199163070991
/Record/Section/2/Section/1/Information/3/Value/StringWithMarkup/13/String,string,doi:10.1351/pac199163070991
/Record/Section/2/Section/1/Information/3/Value/StringWithMarkup/13/Markup/0/Start,number,0
/Record/Section/2/Section/1/Information/3/Value/StringWithMarkup/13/Markup/0/Length,number,27
/Record/Section/2/Section/1/Information/3/Value/StringWithMarkup/13/Markup/0/URL,string,https://doi.org/10.1351/pac199163070991
/Record/Section/2/Section/1/Information/3/Value/StringWithMarkup/14/String,string,doi:10.1351/pac199163070991
/Record/Section/2/Section/1/Information/3/Value/StringWithMarkup/14/Markup/0/Start,number,0
/Record/Section/2/Section/1/Information/3/Value/StringWithMarkup/14/Markup/0/Length,number,27
/Record/Section/2/Section/1/Information/3/Value/StringWithMarkup/14/Markup/0/URL,string,https://doi.org/10.1351/pac199163070991
/Record/Section/2/Section/1/Information/3/Value/StringWithMarkup/15/String,string,doi:10.1351/pac199163070991
/Record/Section/2/Section/1/Information/3/Value/StringWithMarkup/15/Markup/0/Start,number,0
/Record/Section/2/Section/1/Information/3/Value/StringWithMarkup/15/Markup/0/Length,number,27
/Record/Section/2/Section/1/Information/3/Value/StringWithMarkup/15/Markup/0/URL,string,https://doi.org/10.1351/pac199163070991
/Record/Section/2/Section/1/Information/3/Value/StringWithMarkup/16/String,string,doi:10.1351/pac199163070991
/Record/Section/2/Section/1/Information/3/Value/StringWithMarkup/16/Markup/0/Start,number,0
/Record/Section/2/Section/1/Information/3/Value/StringWithMarkup/16/Markup/0/Length,number,27
/Record/Section/2/Section/1/Information/3/Value/StringWithMarkup/16/Markup/0/URL,string,https://doi.org/10.1351/pac199163070991
/Record/Section/2/Section/1/Information/3/Value/StringWithMarkup/17/String,string,doi:10.1351/pac199163070991
/Record/Section/2/Section/1/Information/3/Value/StringWithMarkup/17/Markup/0/Start,number,0
/Record/Section/2/Section/1/Information/3/Value/StringWithMarkup/17/Markup/0/Length,number,27
/Record/Section/2/Section/1/Information/3/Value/StringWithMarkup/17/Markup/0/URL,string,https://doi.org/10.1351/pac199163070991
/Record/Section/2/Section/1/Information/3/Value/StringWithMarkup/18/String,string,doi:10.1351/pac198052102349
/Record/Section/2/Section/1/Information/3/Value/StringWithMarkup/18/Markup/0/Start,number,0
/Record/Section/2/Section/1/Information/3/Value/StringWithMarkup/18/Markup/0/Length,number,27
/Record/Section/2/Section/1/Information/3/Value/StringWithMarkup/18/Markup/0/URL,string,https://doi.org/10.1351/pac198052102349
/Record/Section/2/Section/1/Information/3/Value/StringWithMarkup/19/String,string,doi:10.1351/pac198052102349
/Record/Section/2/Section/1/Information/3/Value/StringWithMarkup/19/Markup/0/Start,number,0
/Record/Section/2/Section/1/Information/3/Value/StringWithMarkup/19/Markup/0/Length,number,27
/Record/Section/2/Section/1/Information/3/Value/StringWithMarkup/19/Markup/0/URL,string,https://doi.org/10.1351/pac198052102349
/Record/Section/2/Section/1/Information/3/Value/StringWithMarkup/20/String,string,doi:10.1351/pac198052102349
/Record/Section/2/Section/1/Information/3/Value/StringWithMarkup/20/Markup/0/Start,number,0
/Record/Section/2/Section/1/Information/3/Value/StringWithMarkup/20/Markup/0/Length,number,27
/Record/Section/2/Section/1/Information/3/Value/StringWithMarkup/20/Markup/0/URL,string,https://doi.org/10.1351/pac198052102349
/Record/Section/2/Section/1/Information/3/Value/StringWithMarkup/21/String,string,doi:10.1351/pac198052102349
/Record/Section/2/Section/1/Information/3/Value/StringWithMarkup/21/Markup/0/Start,number,0
/Record/Section/2/Section/1/Information/3/Value/StringWithMarkup/21/Markup/0/Length,number,27
/Record/Section/2/Section/1/Information/3/Value/StringWithMarkup/21/Markup/0/URL,string,https://doi.org/10.1351/pac198052102349
/Record/Section/2/Section/1/Information/3/Value/StringWithMarkup/22/String,string,doi:10.1351/pac198052102349
/Record/Section/2/Section/1/Information/3/Value/StringWithMarkup/22/Markup/0/Start,number,0
/Record/Section/2/Section/1/Information/3/Value/StringWithMarkup/22/Markup/0/Length,number,27
/Record/Section/2/Section/1/Information/3/Value/StringWithMarkup/22/Markup/0/URL,string,https://doi.org/10.1351/pac198052102349
/Record/Section/2/Section/1/Information/3/Value/StringWithMarkup/23/String,string,doi:10.1351/pac198052102349
/Record/Section/2/Section/1/Information/3/Value/StringWithMarkup/23/Markup/0/Start,number,0
/Record/Section/2/Section/1/Information/3/Value/StringWithMarkup/23/Markup/0/Length,number,27
/Record/Section/2/Section/1/Information/3/Value/StringWithMarkup/23/Markup/0/URL,string,https://doi.org/10.1351/pac198052102349
/Record/Section/2/Section/1/Information/3/Value/StringWithMarkup/24/String,string,doi:10.1351/pac197647010075
/Record/Section/2/Section/1/Information/3/Value/StringWithMarkup/24/Markup/0/Start,number,0
/Record/Section/2/Section/1/Information/3/Value/StringWithMarkup/24/Markup/0/Length,number,27
/Record/Section/2/Section/1/Information/3/Value/StringWithMarkup/24/Markup/0/URL,string,https://doi.org/10.1351/pac197647010075
/Record/Section/2/Section/1/Information/3/Value/StringWithMarkup/25/String,string,doi:10.1351/pac197647010075
/Record/Section/2/Section/1/Information/3/Value/StringWithMarkup/25/Markup/0/Start,number,0
/Record/Section/2/Section/1/Information/3/Value/StringWithMarkup/25/Markup/0/Length,number,27
/Record/Section/2/Section/1/Information/3/Value/StringWithMarkup/25/Markup/0/URL,string,https://doi.org/10.1351/pac197647010075
/Record/Section/2/Section/1/Information/3/Value/StringWithMarkup/26/String,string,doi:10.1351/pac197647010075
/Record/Section/2/Section/1/Information/3/Value/StringWithMarkup/26/Markup/0/Start,number,0
/Record/Section/2/Section/1/Information/3/Value/StringWithMarkup/26/Markup/0/Length,number,27
/Record/Section/2/Section/1/Information/3/Value/StringWithMarkup/26/Markup/0/URL,string,https://doi.org/10.1351/pac197647010075
/Record/Section/2/Section/1/Information/3/Value/StringWithMarkup/27/String,string,doi:10.1351/pac197647010075
/Record/Section/2/Section/1/Information/3/Value/StringWithMarkup/27/Markup/0/Start,number,0
/Record/Section/2/Section/1/Information/3/Value/StringWithMarkup/27/Markup/0/Length,number,27
/Record/Section/2/Section/1/Information/3/Value/StringWithMarkup/27/Markup/0/URL,string,https://doi.org/10.1351/pac197647010075
/Record/Section/2/Section/1/Information/3/Value/StringWithMarkup/28/String,string,doi:10.1351/pac197647010075
/Record/Section/2/Section/1/Information/3/Value/StringWithMarkup/28/Markup/0/Start,number,0
/Record/Section/2/Section/1/Information/3/Value/StringWithMarkup/28/Markup/0/Length,number,27
/Record/Section/2/Section/1/Information/3/Value/StringWithMarkup/28/Markup/0/URL,string,https://doi.org/10.1351/pac197647010075
/Record/Section/2/Section/1/Information/3/Value/StringWithMarkup/29/String,string,doi:10.1351/pac197647010075
/Record/Section/2/Section/1/Information/3/Value/StringWithMarkup/29/Markup/0/Start,number,0
/Record/Section/2/Section/1/Information/3/Value/StringWithMarkup/29/Markup/0/Length,number,27
/Record/Section/2/Section/1/Information/3/Value/StringWithMarkup/29/Markup/0/URL,string,https://doi.org/10.1351/pac197647010075
/Record/Section/3/TOCHeading,string,Description
/Record/Section/3/Description,string,"A short description of this element, provided by authoritative sources."
/Record/Section/3/Information/0/ReferenceNumber,number,6
/Record/Section/3/Information/0/Value/StringWithMarkup/0/String,string,"The pure metal is soft and malleable and has a bright, silvery, metallic luster. As with other rare-earth metals, its properties depend to a certain extent on the impurities present. The metal is fairly stable in air and does not oxidize as rapidly as some of the other rare-earth metals. Naturally occurring erbium is a mixture of six isotopes, all of which are stable. Nine radioactive isotopes of erbium are also recognized. Recent production techniques, using ion-exchange reactions, have resulted in much lower prices of the rare-earth metals and their compounds in recent years. Most of the rare-earth oxides have sharp absorption bands in the visible, ultraviolet, and near infrared. This property, associated with the electronic structure, gives beautiful pastel colors to many of the rare-earth salts."
/Record/Section/4/TOCHeading,string,Uses
/Record/Section/4/Description,string,Uses of this element in industry and other fields.
/Record/Section/4/Information/0/ReferenceNumber,number,5
/Record/Section/4/Information/0/Value/StringWithMarkup/0/String,string,Erbium is alloyed with vanadium to make it softer and easier to shape. Erbium is added to fiber optic cables as a doping agent where it is used as a signal amplifier. Erbium also has some uses in the nuclear power industry.
/Record/Section/4/Information/0/Value/StringWithMarkup/1/String,string,"Erbia, the renamed material that Mosander discovered in 1843, is erbium oxide (Er2O3), one of erbium's compounds. Erbia has a pink color and is used to color glass and glazes. Other erbium compounds include: erbium fluoride (ErF3, erbium chloride (ErCl3 and erbium iodide (ErI3)."
/Record/Section/4/Information/0/Value/StringWithMarkup/1/Markup/0/Start,number,81
/Record/Section/4/Information/0/Value/StringWithMarkup/1/Markup/0/Length,number,1
/Record/Section/4/Information/0/Value/StringWithMarkup/1/Markup/0/Type,string,Subscript
/Record/Section/4/Information/0/Value/StringWithMarkup/1/Markup/1/Start,number,83
/Record/Section/4/Information/0/Value/StringWithMarkup/1/Markup/1/Length,number,1
/Record/Section/4/Information/0/Value/StringWithMarkup/1/Markup/1/Type,string,Subscript
/Record/Section/4/Information/0/Value/StringWithMarkup/1/Markup/2/Start,number,228
/Record/Section/4/Information/0/Value/StringWithMarkup/1/Markup/2/Length,number,1
/Record/Section/4/Information/0/Value/StringWithMarkup/1/Markup/2/Type,string,Subscript
/Record/Section/4/Information/0/Value/StringWithMarkup/1/Markup/3/Start,number,252
/Record/Section/4/Information/0/Value/StringWithMarkup/1/Markup/3/Length,number,1
/Record/Section/4/Information/0/Value/StringWithMarkup/1/Markup/3/Type,string,Subscript
/Record/Section/4/Information/0/Value/StringWithMarkup/1/Markup/4/Start,number,276
/Record/Section/4/Information/0/Value/StringWithMarkup/1/Markup/4/Length,number,1
/Record/Section/4/Information/0/Value/StringWithMarkup/1/Markup/4/Type,string,Subscript
/Record/Section/4/Information/1/ReferenceNumber,number,6
/Record/Section/4/Information/1/Value/StringWithMarkup/0/String,string,"Erbium is finding nuclear and metallurgical uses. Added to vanadium, for example, erbium lowers the hardness and improves workability. Erbium oxide gives a pink color and has been used as a colorant in glasses and porcelain enamel glazes."
/Record/Section/5/TOCHeading,string,Compounds
/Record/Section/5/Description,string,Compound records related to this element.
/Record/Section/5/Information/0/ReferenceNumber,number,8
/Record/Section/5/Information/0/Name,string,Compounds
/Record/Section/5/Information/0/URL,string,https://pubchem.ncbi.nlm.nih.gov/#query=Erbium
/Record/Section/5/Information/0/Value/StringWithMarkup/0/String,string,See more information at the Erbium compound page.
/Record/Section/5/Section/0/TOCHeading,string,Element Forms
/Record/Section/5/Section/0/Description,string,"Other forms of this element, including ions, isotopes, etc."
/Record/Section/5/Section/0/DisplayControls/CreateTable/FromInformationIn,string,ThisSection
/Record/Section/5/Section/0/DisplayControls/CreateTable/NumberOfColumns,number,5
/Record/Section/5/Section/0/DisplayControls/CreateTable/ColumnsFromNamedLists/Name/0,string,CID
/Record/Section/5/Section/0/DisplayControls/CreateTable/ColumnsFromNamedLists/Name/1,string,Name
/Record/Section/5/Section/0/DisplayControls/CreateTable/ColumnsFromNamedLists/Name/2,string,Formula
/Record/Section/5/Section/0/DisplayControls/CreateTable/ColumnsFromNamedLists/Name/3,string,SMILES
/Record/Section/5/Section/0/DisplayControls/CreateTable/ColumnsFromNamedLists/Name/4,string,Molecular Weight
/Record/Section/5/Section/0/DisplayControls/CreateTable/ColumnsFromNamedLists/UseNamesAsColumnHeadings,boolean,true
/Record/Section/5/Section/0/Information/0/ReferenceNumber,number,8
/Record/Section/5/Section/0/Information/0/Name,string,CID
/Record/Section/5/Section/0/Information/0/Value/StringWithMarkup/0/String,string,23980
/Record/Section/5/Section/0/Information/0/Value/StringWithMarkup/0/Markup/0/Start,number,0
/Record/Section/5/Section/0/Information/0/Value/StringWithMarkup/0/Markup/0/Length,number,5
/Record/Section/5/Section/0/Information/0/Value/StringWithMarkup/0/Markup/0/URL,string,https://pubchem.ncbi.nlm.nih.gov/compound/23980
/Record/Section/5/Section/0/Information/0/Value/StringWithMarkup/1/String,string,3779597
/Record/Section/5/Section/0/Information/0/Value/StringWithMarkup/1/Markup/0/Start,number,0
/Record/Section/5/Section/0/Information/0/Value/StringWithMarkup/1/Markup/0/Length,number,7
/Record/Section/5/Section/0/Information/0/Value/StringWithMarkup/1/Markup/0/URL,string,https://pubchem.ncbi.nlm.nih.gov/compound/3779597
/Record/Section/5/Section/0/Information/0/Value/StringWithMarkup/2/String,string,161153
/Record/Section/5/Section/0/Information/0/Value/StringWithMarkup/2/Markup/0/Start,number,0
/Record/Section/5/Section/0/Information/0/Value/StringWithMarkup/2/Markup/0/Length,number,6
/Record/Section/5/Section/0/Information/0/Value/StringWithMarkup/2/Markup/0/URL,string,https://pubchem.ncbi.nlm.nih.gov/compound/161153
/Record/Section/5/Section/0/Information/0/Value/StringWithMarkup/3/String,string,177431
/Record/Section/5/Section/0/Information/0/Value/StringWithMarkup/3/Markup/0/Start,number,0
/Record/Section/5/Section/0/Information/0/Value/StringWithMarkup/3/Markup/0/Length,number,6
/Record/Section/5/Section/0/Information/0/Value/StringWithMarkup/3/Markup/0/URL,string,https://pubchem.ncbi.nlm.nih.gov/compound/177431
/Record/Section/5/Section/0/Information/0/Value/StringWithMarkup/4/String,string,177481
/Record/Section/5/Section/0/Information/0/Value/StringWithMarkup/4/Markup/0/Start,number,0
/Record/Section/5/Section/0/Information/0/Value/StringWithMarkup/4/Markup/0/Length,number,6
/Record/Section/5/Section/0/Information/0/Value/StringWithMarkup/4/Markup/0/URL,string,https://pubchem.ncbi.nlm.nih.gov/compound/177481
/Record/Section/5/Section/0/Information/0/Value/StringWithMarkup/5/String,string,177526
/Record/Section/5/Section/0/Information/0/Value/StringWithMarkup/5/Markup/0/Start,number,0
/Record/Section/5/Section/0/Information/0/Value/StringWithMarkup/5/Markup/0/Length,number,6
/Record/Section/5/Section/0/Information/0/Value/StringWithMarkup/5/Markup/0/URL,string,https://pubchem.ncbi.nlm.nih.gov/compound/177526
/Record/Section/5/Section/0/Information/0/Value/StringWithMarkup/6/String,string,177635
/Record/Section/5/Section/0/Information/0/Value/StringWithMarkup/6/Markup/0/Start,number,0
/Record/Section/5/Section/0/Information/0/Value/StringWithMarkup/6/Markup/0/Length,number,6
/Record/Section/5/Section/0/Information/0/Value/StringWithMarkup/6/Markup/0/URL,string,https://pubchem.ncbi.nlm.nih.gov/compound/177635
/Record/Section/5/Section/0/Information/0/Value/StringWithMarkup/7/String,string,178160
/Record/Section/5/Section/0/Information/0/Value/StringWithMarkup/7/Markup/0/Start,number,0
/Record/Section/5/Section/0/Information/0/Value/StringWithMarkup/7/Markup/0/Length,number,6
/Record/Section/5/Section/0/Information/0/Value/StringWithMarkup/7/Markup/0/URL,string,https://pubchem.ncbi.nlm.nih.gov/compound/178160
/Record/Section/5/Section/0/Information/0/Value/StringWithMarkup/8/String,string,177497
/Record/Section/5/Section/0/Information/0/Value/StringWithMarkup/8/Markup/0/Start,number,0
/Record/Section/5/Section/0/Information/0/Value/StringWithMarkup/8/Markup/0/Length,number,6
/Record/Section/5/Section/0/Information/0/Value/StringWithMarkup/8/Markup/0/URL,string,https://pubchem.ncbi.nlm.nih.gov/compound/177497
/Record/Section/5/Section/0/Information/0/Value/StringWithMarkup/9/String,string,177697
/Record/Section/5/Section/0/Information/0/Value/StringWithMarkup/9/Markup/0/Start,number,0
/Record/Section/5/Section/0/Information/0/Value/StringWithMarkup/9/Markup/0/Length,number,6
/Record/Section/5/Section/0/Information/0/Value/StringWithMarkup/9/Markup/0/URL,string,https://pubchem.ncbi.nlm.nih.gov/compound/177697
/Record/Section/5/Section/0/Information/0/Value/StringWithMarkup/10/String,string,131708394
/Record/Section/5/Section/0/Information/0/Value/StringWithMarkup/10/Markup/0/Start,number,0
/Record/Section/5/Section/0/Information/0/Value/StringWithMarkup/10/Markup/0/Length,number,9
/Record/Section/5/Section/0/Information/0/Value/StringWithMarkup/10/Markup/0/URL,string,https://pubchem.ncbi.nlm.nih.gov/compound/131708394
/Record/Section/5/Section/0/Information/0/Value/StringWithMarkup/11/String,string,131708395
/Record/Section/5/Section/0/Information/0/Value/StringWithMarkup/11/Markup/0/Start,number,0
/Record/Section/5/Section/0/Information/0/Value/StringWithMarkup/11/Markup/0/Length,number,9
/Record/Section/5/Section/0/Information/0/Value/StringWithMarkup/11/Markup/0/URL,string,https://pubchem.ncbi.nlm.nih.gov/compound/131708395
/Record/Section/5/Section/0/Information/0/Value/StringWithMarkup/12/String,string,131708396
/Record/Section/5/Section/0/Information/0/Value/StringWithMarkup/12/Markup/0/Start,number,0
/Record/Section/5/Section/0/Information/0/Value/StringWithMarkup/12/Markup/0/Length,number,9
/Record/Section/5/Section/0/Information/0/Value/StringWithMarkup/12/Markup/0/URL,string,https://pubchem.ncbi.nlm.nih.gov/compound/131708396
/Record/Section/5/Section/0/Information/1/ReferenceNumber,number,8
/Record/Section/5/Section/0/Information/1/Name,string,Name
/Record/Section/5/Section/0/Information/1/Value/StringWithMarkup/0/String,string,erbium
/Record/Section/5/Section/0/Information/1/Value/StringWithMarkup/1/String,string,erbium(3+)
/Record/Section/5/Section/0/Information/1/Value/StringWithMarkup/2/String,string,erbium-169
/Record/Section/5/Section/0/Information/1/Value/StringWithMarkup/3/String,string,erbium-171
/Record/Section/5/Section/0/Information/1/Value/StringWithMarkup/4/String,string,erbium-168
/Record/Section/5/Section/0/Information/1/Value/StringWithMarkup/5/String,string,erbium-161
/Record/Section/5/Section/0/Information/1/Value/StringWithMarkup/6/String,string,erbium-170
/Record/Section/5/Section/0/Information/1/Value/StringWithMarkup/7/String,string,erbium-165
/Record/Section/5/Section/0/Information/1/Value/StringWithMarkup/8/String,string,erbium-166
/Record/Section/5/Section/0/Information/1/Value/StringWithMarkup/9/String,string,erbium-172
/Record/Section/5/Section/0/Information/1/Value/StringWithMarkup/10/String,string,erbium-162
/Record/Section/5/Section/0/Information/1/Value/StringWithMarkup/11/String,string,erbium-164
/Record/Section/5/Section/0/Information/1/Value/StringWithMarkup/12/String,string,erbium-167
/Record/Section/5/Section/0/Information/2/ReferenceNumber,number,8
/Record/Section/5/Section/0/Information/2/Name,string,Formula
/Record/Section/5/Section/0/Information/2/Value/StringWithMarkup/0/String,string,Er
/Record/Section/5/Section/0/Information/2/Value/StringWithMarkup/1/String,string,Er+3
/Record/Section/5/Section/0/Information/2/Value/StringWithMarkup/2/String,string,Er
/Record/Section/5/Section/0/Information/2/Value/StringWithMarkup/3/String,string,Er
/Record/Section/5/Section/0/Information/2/Value/StringWithMarkup/4/String,string,Er
/Record/Section/5/Section/0/Information/2/Value/StringWithMarkup/5/String,string,Er
/Record/Section/5/Section/0/Information/2/Value/StringWithMarkup/6/String,string,Er
/Record/Section/5/Section/0/Information/2/Value/StringWithMarkup/7/String,string,Er
/Record/Section/5/Section/0/Information/2/Value/StringWithMarkup/8/String,string,Er
/Record/Section/5/Section/0/Information/2/Value/StringWithMarkup/9/String,string,Er
/Record/Section/5/Section/0/Information/2/Value/StringWithMarkup/10/String,string,Er
/Record/Section/5/Section/0/Information/2/Value/StringWithMarkup/11/String,string,Er
/Record/Section/5/Section/0/Information/2/Value/StringWithMarkup/12/String,string,Er
/Record/Section/5/Section/0/Information/3/ReferenceNumber,number,8
/Record/Section/5/Section/0/Information/3/Name,string,SMILES
/Record/Section/5/Section/0/Information/3/Value/StringWithMarkup/0/String,string,[Er]
/Record/Section/5/Section/0/Information/3/Value/StringWithMarkup/1/String,string,[Er+3]
/Record/Section/5/Section/0/Information/3/Value/StringWithMarkup/2/String,string,[169Er]
/Record/Section/5/Section/0/Information/3/Value/StringWithMarkup/3/String,string,[171Er]
/Record/Section/5/Section/0/Information/3/Value/StringWithMarkup/4/String,string,[168Er]
/Record/Section/5/Section/0/Information/3/Value/StringWithMarkup/5/String,string,[161Er]
/Record/Section/5/Section/0/Information/3/Value/StringWithMarkup/6/String,string,[170Er]
/Record/Section/5/Section/0/Information/3/Value/StringWithMarkup/7/String,string,[165Er]
/Record/Section/5/Section/0/Information/3/Value/StringWithMarkup/8/String,string,[166Er]
/Record/Section/5/Section/0/Information/3/Value/StringWithMarkup/9/String,string,[172Er]
/Record/Section/5/Section/0/Information/3/Value/StringWithMarkup/10/String,string,[162Er]
/Record/Section/5/Section/0/Information/3/Value/StringWithMarkup/11/String,string,[164Er]
/Record/Section/5/Section/0/Information/3/Value/StringWithMarkup/12/String,string,[167Er]
/Record/Section/5/Section/0/Information/4/ReferenceNumber,number,8
/Record/Section/5/Section/0/Information/4/Name,string,Molecular Weight
/Record/Section/5/Section/0/Information/4/Value/StringWithMarkup/0/String,string,167.26
/Record/Section/5/Section/0/Information/4/Value/StringWithMarkup/1/String,string,167.26
/Record/Section/5/Section/0/Information/4/Value/StringWithMarkup/2/String,string,168.934598
/Record/Section/5/Section/0/Information/4/Value/StringWithMarkup/3/String,string,170.93804
/Record/Section/5/Section/0/Information/4/Value/StringWithMarkup/4/String,string,167.932378
/Record/Section/5/Section/0/Information/4/Value/StringWithMarkup/5/String,string,160.93000
/Record/Section/5/Section/0/Information/4/Value/StringWithMarkup/6/String,string,169.93547
/Record/Section/5/Section/0/Information/4/Value/StringWithMarkup/7/String,string,164.930733
/Record/Section/5/Section/0/Information/4/Value/StringWithMarkup/8/String,string,165.930301
/Record/Section/5/Section/0/Information/4/Value/StringWithMarkup/9/String,string,171.93936
/Record/Section/5/Section/0/Information/4/Value/StringWithMarkup/10/String,string,161.928787
/Record/Section/5/Section/0/Information/4/Value/StringWithMarkup/11/String,string,163.929208
/Record/Section/5/Section/0/Information/4/Value/StringWithMarkup/12/String,string,166.932056
/Record/Section/6/TOCHeading,string,Isotopes
/Record/Section/6/Description,string,Isotopes are nuclides having the same atomic number but different mass numbers.  This section provides information on the isotopes of this element and their uses in various fields.
/Record/Section/6/URL,string,https://chem.libretexts.org/Courses/Furman_University/CHM101%3A_Chemistry_and_Global_Awareness_(Gordon)/03%3A_Atoms_and_the_Periodic_Table/3.05%3A_Isotopes
/Record/Section/6/Information/0/ReferenceNumber,number,5
/Record/Section/6/Information/0/Name,string,Stable Isotope Count
/Record/Section/6/Information/0/Value/StringWithMarkup/0/String,string,6
/Record/Section/6/Section/0/TOCHeading,string,Isotopes in Biology
/Record/Section/6/Section/0/Description,string,Information on the use of this element's isotopes in biology.
/Record/Section/6/Section/0/Information/0/ReferenceNumber,number,4
/Record/Section/6/Section/0/Information/0/Reference/0,string,"[479]  A. Parr, R. M. Beihn, M. Jay. Int. J. Pharm.32, 251 (1986)."
/Record/Section/6/Section/0/Information/0/Reference/1,string,"[480]  M. C. Theodorakis. Am. Physiol. Soc. Gastrointest. Liver Physiol.239, G39 (1980)."
/Record/Section/6/Section/0/Information/0/ExtendedReference/0/Citation,string,"[479]  A. Parr, R. M. Beihn, M. Jay. Int. J. Pharm.32, 251 (1986)."
/Record/Section/6/Section/0/Information/0/ExtendedReference/1/Citation,string,"[480]  M. C. Theodorakis. Am. Physiol. Soc. Gastrointest. Liver Physiol.239, G39 (1980)."
/Record/Section/6/Section/0/Information/0/Value/StringWithMarkup/0/String,string,"Radiolabeled 171Er (with a half-life of 7.5 h) tablets have been used to study bowel movements of individuals using external scintigraphy. Such tablets have an enteric coating and contain small amounts of stable erbium oxide (170Er) initially. The tablets are then irradiated at a low neutron flux to produce radioactively labeled 171Er tablets, via the 170Er (n, γ) 171Er reaction. This method is a noninvasive approach for determining gastric emptying rates and visualizing segments of the digestive system in an individual [479], [480]."
/Record/Section/6/Section/0/Information/0/Value/StringWithMarkup/0/Markup/0/Start,number,13
/Record/Section/6/Section/0/Information/0/Value/StringWithMarkup/0/Markup/0/Length,number,3
/Record/Section/6/Section/0/Information/0/Value/StringWithMarkup/0/Markup/0/Type,string,Superscript
/Record/Section/6/Section/0/Information/0/Value/StringWithMarkup/0/Markup/1/Start,number,226
/Record/Section/6/Section/0/Information/0/Value/StringWithMarkup/0/Markup/1/Length,number,3
/Record/Section/6/Section/0/Information/0/Value/StringWithMarkup/0/Markup/1/Type,string,Superscript
/Record/Section/6/Section/0/Information/0/Value/StringWithMarkup/0/Markup/2/Start,number,331
/Record/Section/6/Section/0/Information/0/Value/StringWithMarkup/0/Markup/2/Length,number,3
/Record/Section/6/Section/0/Information/0/Value/StringWithMarkup/0/Markup/2/Type,string,Superscript
/Record/Section/6/Section/0/Information/0/Value/StringWithMarkup/0/Markup/3/Start,number,354
/Record/Section/6/Section/0/Information/0/Value/StringWithMarkup/0/Markup/3/Length,number,3
/Record/Section/6/Section/0/Information/0/Value/StringWithMarkup/0/Markup/3/Type,string,Superscript
/Record/Section/6/Section/0/Information/0/Value/StringWithMarkup/0/Markup/4/Start,number,367
/Record/Section/6/Section/0/Information/0/Value/StringWithMarkup/0/Markup/4/Length,number,3
/Record/Section/6/Section/0/Information/0/Value/StringWithMarkup/0/Markup/4/Type,string,Superscript
/Record/Section/6/Section/1/TOCHeading,string,Isotopes in Medicine
/Record/Section/6/Section/1/Description,string,Information on the use of this element's isotopes in medicine.
/Record/Section/6/Section/1/Information/0/ReferenceNumber,number,4
/Record/Section/6/Section/1/Information/0/Reference/0,string,"[481]  F. M. van der Zanta, Z. N. Jahangierb, G. G. M. Gommansa, J. D. Moolenburghc, J. W. G. Jacobs. Appl. Radiat. Isot.65, 649 (2007)."
/Record/Section/6/Section/1/Information/0/Reference/1,string,"[482]  S. J. Kim, K. A. Jung. Clin. Med. Res.5, 244 (2007)."
/Record/Section/6/Section/1/Information/0/Reference/2,string,"[483]  M. E. A. McNeil. The First Year Rheumatoid Arthritis: An Essential Guide for the Newly Diagnosed, Marlowe & Company, New York, NY (2005)."
/Record/Section/6/Section/1/Information/0/Reference/3,string,"[484]  G. Prabhakar, S. S. Sachdev, N. Sivaprasad. Pharma Times41, 11 (2009)."
/Record/Section/6/Section/1/Information/0/Reference/4,string,[485]  National Institute of Arthritis and Musculoskeletal and Skin Diseases. Normal Joint Versus Joint Affected by Rheumatoid Arthritis.
/Record/Section/6/Section/1/Information/0/ExtendedReference/0/Citation,string,"[481]  F. M. van der Zanta, Z. N. Jahangierb, G. G. M. Gommansa, J. D. Moolenburghc, J. W. G. Jacobs. Appl. Radiat. Isot.65, 649 (2007)."
/Record/Section/6/Section/1/Information/0/ExtendedReference/1/Citation,string,"[482]  S. J. Kim, K. A. Jung. Clin. Med. Res.5, 244 (2007)."
/Record/Section/6/Section/1/Information/0/ExtendedReference/2/Citation,string,"[483]  M. E. A. McNeil. The First Year Rheumatoid Arthritis: An Essential Guide for the Newly Diagnosed, Marlowe & Company, New York, NY (2005)."
/Record/Section/6/Section/1/Information/0/ExtendedReference/3/Citation,string,"[484]  G. Prabhakar, S. S. Sachdev, N. Sivaprasad. Pharma Times41, 11 (2009)."
/Record/Section/6/Section/1/Information/0/ExtendedReference/4/Citation,string,[485]  National Institute of Arthritis and Musculoskeletal and Skin Diseases. Normal Joint Versus Joint Affected by Rheumatoid Arthritis.
/Record/Section/6/Section/1/Information/0/Value/StringWithMarkup/0/String,string,"169Er (with a half-life of 9.4 days) is used in radiosynovectomy, which is a regularly practiced radiotherapy, on rheumatoid arthritis patients whose condition is resistant to standard methods of treatment (Fig. IUPAC.68.1). Rheumatoid arthritis is a chronic, inflammatory, autoimmune disease of the joint capsule (synovial sac), which is lined with a thin membrane called the synovium, of an individual’s moveable joints (synovial joints). In radiosynovectomy, the radiopharmaceutical called 169Er- citrate colloid, which contains colloidal particles that are labeled with β-emitting 169Er, is directly injected into the synovial cavity (the cavity between the bones in a moveable joint inside of the synovium) of the affected joint. These radioactive-colloid particles are then phagocytized (engulfed) by macrophage-like synoviocytes as well as other phagocytizing inflammatory cells in the patient’s synovium. Necrosis (tissue death) and the inhabitation of cell proliferation (increase in number of cells) result from the radiation of the synovium and therefore, temporarily halts synovitis (which is the condition of when the synovium thickens with inflammation) and improves synovial joint function [481], [482], [483], [484]."
/Record/Section/6/Section/1/Information/0/Value/StringWithMarkup/0/Markup/0/Start,number,0
/Record/Section/6/Section/1/Information/0/Value/StringWithMarkup/0/Markup/0/Length,number,3
/Record/Section/6/Section/1/Information/0/Value/StringWithMarkup/0/Markup/0/Type,string,Superscript
/Record/Section/6/Section/1/Information/0/Value/StringWithMarkup/0/Markup/1/Start,number,493
/Record/Section/6/Section/1/Information/0/Value/StringWithMarkup/0/Markup/1/Length,number,3
/Record/Section/6/Section/1/Information/0/Value/StringWithMarkup/0/Markup/1/Type,string,Superscript
/Record/Section/6/Section/1/Information/0/Value/StringWithMarkup/0/Markup/2/Start,number,585
/Record/Section/6/Section/1/Information/0/Value/StringWithMarkup/0/Markup/2/Length,number,3
/Record/Section/6/Section/1/Information/0/Value/StringWithMarkup/0/Markup/2/Type,string,Superscript
/Record/Section/6/Section/1/Information/0/Value/StringWithMarkup/1/String,string,          
/Record/Section/6/Section/1/Information/0/Value/StringWithMarkup/1/Markup/0/Start,number,0
/Record/Section/6/Section/1/Information/0/Value/StringWithMarkup/1/Markup/0/Length,number,1
/Record/Section/6/Section/1/Information/0/Value/StringWithMarkup/1/Markup/0/URL,string,https://pubchem.ncbi.nlm.nih.gov/images/iupac/j_pac-2015-0703_fig_095.jpg
/Record/Section/6/Section/1/Information/0/Value/StringWithMarkup/1/Markup/0/Type,string,Image
/Record/Section/6/Section/1/Information/0/Value/StringWithMarkup/1/Markup/0/Size,string,779x1215
/Record/Section/6/Section/1/Information/0/Value/StringWithMarkup/1/Markup/0/Caption,string,Fig. IUPAC.68.1: Normal joint (top) vs. joint affected by rheumatoid arthritis (bottom) (modified from [485]). 
/Record/Section/6/Section/2/TOCHeading,string,Isotope Mass and Abundance
/Record/Section/6/Section/2/Description,string,Atomic mass and abundance (composition) information for a given isotope/nuclide. The number in the parenthesis refers to an uncertainty when exist. The unit of atomic weight is the unified atomic mass unit (u) or dalton (Da). 
/Record/Section/6/Section/2/DisplayControls/CreateTable/FromInformationIn,string,ThisSection
/Record/Section/6/Section/2/DisplayControls/CreateTable/NumberOfColumns,number,3
/Record/Section/6/Section/2/DisplayControls/CreateTable/ColumnsFromNamedLists/Name/0,string,Isotope
/Record/Section/6/Section/2/DisplayControls/CreateTable/ColumnsFromNamedLists/Name/1,string,Atomic Mass (uncertainty) [u]
/Record/Section/6/Section/2/DisplayControls/CreateTable/ColumnsFromNamedLists/Name/2,string,Abundance (uncertainty)
/Record/Section/6/Section/2/DisplayControls/CreateTable/ColumnsFromNamedLists/UseNamesAsColumnHeadings,boolean,true
/Record/Section/6/Section/2/Information/0/ReferenceNumber,number,3
/Record/Section/6/Section/2/Information/0/Name,string,Isotope
/Record/Section/6/Section/2/Information/0/Value/StringWithMarkup/0/String,string, 162Er
/Record/Section/6/Section/2/Information/0/Value/StringWithMarkup/0/Markup/0/Start,number,0
/Record/Section/6/Section/2/Information/0/Value/StringWithMarkup/0/Markup/0/Length,number,4
/Record/Section/6/Section/2/Information/0/Value/StringWithMarkup/0/Markup/0/Type,string,Superscript
/Record/Section/6/Section/2/Information/0/Value/StringWithMarkup/1/String,string, 164Er
/Record/Section/6/Section/2/Information/0/Value/StringWithMarkup/1/Markup/0/Start,number,0
/Record/Section/6/Section/2/Information/0/Value/StringWithMarkup/1/Markup/0/Length,number,4
/Record/Section/6/Section/2/Information/0/Value/StringWithMarkup/1/Markup/0/Type,string,Superscript
/Record/Section/6/Section/2/Information/0/Value/StringWithMarkup/2/String,string, 166Er
/Record/Section/6/Section/2/Information/0/Value/StringWithMarkup/2/Markup/0/Start,number,0
/Record/Section/6/Section/2/Information/0/Value/StringWithMarkup/2/Markup/0/Length,number,4
/Record/Section/6/Section/2/Information/0/Value/StringWithMarkup/2/Markup/0/Type,string,Superscript
/Record/Section/6/Section/2/Information/0/Value/StringWithMarkup/3/String,string, 167Er
/Record/Section/6/Section/2/Information/0/Value/StringWithMarkup/3/Markup/0/Start,number,0
/Record/Section/6/Section/2/Information/0/Value/StringWithMarkup/3/Markup/0/Length,number,4
/Record/Section/6/Section/2/Information/0/Value/StringWithMarkup/3/Markup/0/Type,string,Superscript
/Record/Section/6/Section/2/Information/0/Value/StringWithMarkup/4/String,string, 168Er
/Record/Section/6/Section/2/Information/0/Value/StringWithMarkup/4/Markup/0/Start,number,0
/Record/Section/6/Section/2/Information/0/Value/StringWithMarkup/4/Markup/0/Length,number,4
/Record/Section/6/Section/2/Information/0/Value/StringWithMarkup/4/Markup/0/Type,string,Superscript
/Record/Section/6/Section/2/Information/0/Value/StringWithMarkup/5/String,string, 170Er
/Record/Section/6/Section/2/Information/0/Value/StringWithMarkup/5/Markup/0/Start,number,0
/Record/Section/6/Section/2/Information/0/Value/StringWithMarkup/5/Markup/0/Length,number,4
/Record/Section/6/Section/2/Information/0/Value/StringWithMarkup/5/Markup/0/Type,string,Superscript
/Record/Section/6/Section/2/Information/1/ReferenceNumber,number,3
/Record/Section/6/Section/2/Information/1/Name,string,Atomic Mass (uncertainty)
/Record/Section/6/Section/2/Information/1/Value/StringWithMarkup/0/String,string,161.928 787(6)
/Record/Section/6/Section/2/Information/1/Value/StringWithMarkup/1/String,string,163.929 207(5)
/Record/Section/6/Section/2/Information/1/Value/StringWithMarkup/2/String,string,165.930 299(8)
/Record/Section/6/Section/2/Information/1/Value/StringWithMarkup/3/String,string,166.932 054(8)
/Record/Section/6/Section/2/Information/1/Value/StringWithMarkup/4/String,string,167.932 376(8)
/Record/Section/6/Section/2/Information/1/Value/StringWithMarkup/5/String,string,169.935 47(1)
/Record/Section/6/Section/2/Information/2/ReferenceNumber,number,3
/Record/Section/6/Section/2/Information/2/Name,string,Abundance (uncertainty)
/Record/Section/6/Section/2/Information/2/Value/StringWithMarkup/0/String,string,0.001 39(5)
/Record/Section/6/Section/2/Information/2/Value/StringWithMarkup/1/String,string,0.016 01(3)
/Record/Section/6/Section/2/Information/2/Value/StringWithMarkup/2/String,string,0.335 03(36)
/Record/Section/6/Section/2/Information/2/Value/StringWithMarkup/3/String,string,0.228 69(9)
/Record/Section/6/Section/2/Information/2/Value/StringWithMarkup/4/String,string,0.269 78(18)
/Record/Section/6/Section/2/Information/2/Value/StringWithMarkup/5/String,string,0.149 10(36)
/Record/Section/6/Section/2/Information/3/ReferenceNumber,number,7
/Record/Section/6/Section/2/Information/3/Name,string,Isotope
/Record/Section/6/Section/2/Information/3/Value/StringWithMarkup/0/String,string,162Er
/Record/Section/6/Section/2/Information/3/Value/StringWithMarkup/0/Markup/0/Start,number,0
/Record/Section/6/Section/2/Information/3/Value/StringWithMarkup/0/Markup/0/Length,number,3
/Record/Section/6/Section/2/Information/3/Value/StringWithMarkup/0/Markup/0/Type,string,Superscript
/Record/Section/6/Section/2/Information/3/Value/StringWithMarkup/1/String,string,164Er
/Record/Section/6/Section/2/Information/3/Value/StringWithMarkup/1/Markup/0/Start,number,0
/Record/Section/6/Section/2/Information/3/Value/StringWithMarkup/1/Markup/0/Length,number,3
/Record/Section/6/Section/2/Information/3/Value/StringWithMarkup/1/Markup/0/Type,string,Superscript
/Record/Section/6/Section/2/Information/3/Value/StringWithMarkup/2/String,string,166Er
/Record/Section/6/Section/2/Information/3/Value/StringWithMarkup/2/Markup/0/Start,number,0
/Record/Section/6/Section/2/Information/3/Value/StringWithMarkup/2/Markup/0/Length,number,3
/Record/Section/6/Section/2/Information/3/Value/StringWithMarkup/2/Markup/0/Type,string,Superscript
/Record/Section/6/Section/2/Information/3/Value/StringWithMarkup/3/String,string,167Er
/Record/Section/6/Section/2/Information/3/Value/StringWithMarkup/3/Markup/0/Start,number,0
/Record/Section/6/Section/2/Information/3/Value/StringWithMarkup/3/Markup/0/Length,number,3
/Record/Section/6/Section/2/Information/3/Value/StringWithMarkup/3/Markup/0/Type,string,Superscript
/Record/Section/6/Section/2/Information/3/Value/StringWithMarkup/4/String,string,168Er
/Record/Section/6/Section/2/Information/3/Value/StringWithMarkup/4/Markup/0/Start,number,0
/Record/Section/6/Section/2/Information/3/Value/StringWithMarkup/4/Markup/0/Length,number,3
/Record/Section/6/Section/2/Information/3/Value/StringWithMarkup/4/Markup/0/Type,string,Superscript
/Record/Section/6/Section/2/Information/3/Value/StringWithMarkup/5/String,string,170Er
/Record/Section/6/Section/2/Information/3/Value/StringWithMarkup/5/Markup/0/Start,number,0
/Record/Section/6/Section/2/Information/3/Value/StringWithMarkup/5/Markup/0/Length,number,3
/Record/Section/6/Section/2/Information/3/Value/StringWithMarkup/5/Markup/0/Type,string,Superscript
/Record/Section/6/Section/2/Information/4/ReferenceNumber,number,7
/Record/Section/6/Section/2/Information/4/Name,string,Atomic Mass (uncertainty) [u]
/Record/Section/6/Section/2/Information/4/Value/StringWithMarkup/0/String,string,161.9287884(20)
/Record/Section/6/Section/2/Information/4/Value/StringWithMarkup/1/String,string,163.9292088(20)
/Record/Section/6/Section/2/Information/4/Value/StringWithMarkup/2/String,string,165.9302995(22)
/Record/Section/6/Section/2/Information/4/Value/StringWithMarkup/3/String,string,166.9320546(22)
/Record/Section/6/Section/2/Information/4/Value/StringWithMarkup/4/String,string,167.9323767(22)
/Record/Section/6/Section/2/Information/4/Value/StringWithMarkup/5/String,string,169.9354702(26)
/Record/Section/6/Section/2/Information/5/ReferenceNumber,number,7
/Record/Section/6/Section/2/Information/5/Name,string,Abundance (uncertainty)
/Record/Section/6/Section/2/Information/5/Value/StringWithMarkup/0/String,string,0.00139(5)
/Record/Section/6/Section/2/Information/5/Value/StringWithMarkup/1/String,string,0.01601(3)
/Record/Section/6/Section/2/Information/5/Value/StringWithMarkup/2/String,string,0.33503(36)
/Record/Section/6/Section/2/Information/5/Value/StringWithMarkup/3/String,string,0.22869(9)
/Record/Section/6/Section/2/Information/5/Value/StringWithMarkup/4/String,string,0.26978(18)
/Record/Section/6/Section/2/Information/5/Value/StringWithMarkup/5/String,string,0.14910(36)
/Record/Section/6/Section/3/TOCHeading,string,"Atomic Mass, Half Life, and Decay"
/Record/Section/6/Section/3/Description,string,"Information on the atomic mass, half life, and decay for this element, from the the Atomic Mass Data Center. The number after the ± refers to an uncertainty when exists."
/Record/Section/6/Section/3/URL,string,https://pubchem.ncbi.nlm.nih.gov/docs/atomic-mass/
/Record/Section/6/Section/3/DisplayControls/CreateTable/FromInformationIn,string,ThisSection
/Record/Section/6/Section/3/DisplayControls/CreateTable/NumberOfColumns,number,5
/Record/Section/6/Section/3/DisplayControls/CreateTable/ColumnsFromNamedLists/Name/0,string,Nuclide
/Record/Section/6/Section/3/DisplayControls/CreateTable/ColumnsFromNamedLists/Name/1,string,Atomic Mass and Uncertainty [u]
/Record/Section/6/Section/3/DisplayControls/CreateTable/ColumnsFromNamedLists/Name/2,string,Half Life and Uncertainty
/Record/Section/6/Section/3/DisplayControls/CreateTable/ColumnsFromNamedLists/Name/3,string,Discovery Year
/Record/Section/6/Section/3/DisplayControls/CreateTable/ColumnsFromNamedLists/Name/4,string,"Decay Modes, Intensities and Uncertainties [%]"
/Record/Section/6/Section/3/DisplayControls/CreateTable/ColumnsFromNamedLists/UseNamesAsColumnHeadings,boolean,true
/Record/Section/6/Section/3/Information/0/ReferenceNumber,number,2
/Record/Section/6/Section/3/Information/0/Name,string,Nuclide
/Record/Section/6/Section/3/Information/0/Value/StringWithMarkup/0/String,string,142Er
/Record/Section/6/Section/3/Information/0/Value/StringWithMarkup/0/Markup/0/Start,number,0
/Record/Section/6/Section/3/Information/0/Value/StringWithMarkup/0/Markup/0/Length,number,3
/Record/Section/6/Section/3/Information/0/Value/StringWithMarkup/0/Markup/0/Type,string,Superscript
/Record/Section/6/Section/3/Information/0/Value/StringWithMarkup/1/String,string,143Er
/Record/Section/6/Section/3/Information/0/Value/StringWithMarkup/1/Markup/0/Start,number,0
/Record/Section/6/Section/3/Information/0/Value/StringWithMarkup/1/Markup/0/Length,number,3
/Record/Section/6/Section/3/Information/0/Value/StringWithMarkup/1/Markup/0/Type,string,Superscript
/Record/Section/6/Section/3/Information/0/Value/StringWithMarkup/2/String,string,144Er
/Record/Section/6/Section/3/Information/0/Value/StringWithMarkup/2/Markup/0/Start,number,0
/Record/Section/6/Section/3/Information/0/Value/StringWithMarkup/2/Markup/0/Length,number,3
/Record/Section/6/Section/3/Information/0/Value/StringWithMarkup/2/Markup/0/Type,string,Superscript
/Record/Section/6/Section/3/Information/0/Value/StringWithMarkup/3/String,string,145Er
/Record/Section/6/Section/3/Information/0/Value/StringWithMarkup/3/Markup/0/Start,number,0
/Record/Section/6/Section/3/Information/0/Value/StringWithMarkup/3/Markup/0/Length,number,3
/Record/Section/6/Section/3/Information/0/Value/StringWithMarkup/3/Markup/0/Type,string,Superscript
/Record/Section/6/Section/3/Information/0/Value/StringWithMarkup/4/String,string,145Erm
/Record/Section/6/Section/3/Information/0/Value/StringWithMarkup/4/Markup/0/Start,number,0
/Record/Section/6/Section/3/Information/0/Value/StringWithMarkup/4/Markup/0/Length,number,3
/Record/Section/6/Section/3/Information/0/Value/StringWithMarkup/4/Markup/0/Type,string,Superscript
/Record/Section/6/Section/3/Information/0/Value/StringWithMarkup/4/Markup/1/Start,number,5
/Record/Section/6/Section/3/Information/0/Value/StringWithMarkup/4/Markup/1/Length,number,1
/Record/Section/6/Section/3/Information/0/Value/StringWithMarkup/4/Markup/1/Type,string,Superscript
/Record/Section/6/Section/3/Information/0/Value/StringWithMarkup/5/String,string,146Er
/Record/Section/6/Section/3/Information/0/Value/StringWithMarkup/5/Markup/0/Start,number,0
/Record/Section/6/Section/3/Information/0/Value/StringWithMarkup/5/Markup/0/Length,number,3
/Record/Section/6/Section/3/Information/0/Value/StringWithMarkup/5/Markup/0/Type,string,Superscript
/Record/Section/6/Section/3/Information/0/Value/StringWithMarkup/6/String,string,147Er
/Record/Section/6/Section/3/Information/0/Value/StringWithMarkup/6/Markup/0/Start,number,0
/Record/Section/6/Section/3/Information/0/Value/StringWithMarkup/6/Markup/0/Length,number,3
/Record/Section/6/Section/3/Information/0/Value/StringWithMarkup/6/Markup/0/Type,string,Superscript
/Record/Section/6/Section/3/Information/0/Value/StringWithMarkup/7/String,string,147Erm
/Record/Section/6/Section/3/Information/0/Value/StringWithMarkup/7/Markup/0/Start,number,0
/Record/Section/6/Section/3/Information/0/Value/StringWithMarkup/7/Markup/0/Length,number,3
/Record/Section/6/Section/3/Information/0/Value/StringWithMarkup/7/Markup/0/Type,string,Superscript
/Record/Section/6/Section/3/Information/0/Value/StringWithMarkup/7/Markup/1/Start,number,5
/Record/Section/6/Section/3/Information/0/Value/StringWithMarkup/7/Markup/1/Length,number,1
/Record/Section/6/Section/3/Information/0/Value/StringWithMarkup/7/Markup/1/Type,string,Superscript
/Record/Section/6/Section/3/Information/0/Value/StringWithMarkup/8/String,string,148Er
/Record/Section/6/Section/3/Information/0/Value/StringWithMarkup/8/Markup/0/Start,number,0
/Record/Section/6/Section/3/Information/0/Value/StringWithMarkup/8/Markup/0/Length,number,3
/Record/Section/6/Section/3/Information/0/Value/StringWithMarkup/8/Markup/0/Type,string,Superscript
/Record/Section/6/Section/3/Information/0/Value/StringWithMarkup/9/String,string,148Erm
/Record/Section/6/Section/3/Information/0/Value/StringWithMarkup/9/Markup/0/Start,number,0
/Record/Section/6/Section/3/Information/0/Value/StringWithMarkup/9/Markup/0/Length,number,3
/Record/Section/6/Section/3/Information/0/Value/StringWithMarkup/9/Markup/0/Type,string,Superscript
/Record/Section/6/Section/3/Information/0/Value/StringWithMarkup/9/Markup/1/Start,number,5
/Record/Section/6/Section/3/Information/0/Value/StringWithMarkup/9/Markup/1/Length,number,1
/Record/Section/6/Section/3/Information/0/Value/StringWithMarkup/9/Markup/1/Type,string,Superscript
/Record/Section/6/Section/3/Information/0/Value/StringWithMarkup/10/String,string,149Er
/Record/Section/6/Section/3/Information/0/Value/StringWithMarkup/10/Markup/0/Start,number,0
/Record/Section/6/Section/3/Information/0/Value/StringWithMarkup/10/Markup/0/Length,number,3
/Record/Section/6/Section/3/Information/0/Value/StringWithMarkup/10/Markup/0/Type,string,Superscript
/Record/Section/6/Section/3/Information/0/Value/StringWithMarkup/11/String,string,149Erm
/Record/Section/6/Section/3/Information/0/Value/StringWithMarkup/11/Markup/0/Start,number,0
/Record/Section/6/Section/3/Information/0/Value/StringWithMarkup/11/Markup/0/Length,number,3
/Record/Section/6/Section/3/Information/0/Value/StringWithMarkup/11/Markup/0/Type,string,Superscript
/Record/Section/6/Section/3/Information/0/Value/StringWithMarkup/11/Markup/1/Start,number,5
/Record/Section/6/Section/3/Information/0/Value/StringWithMarkup/11/Markup/1/Length,number,1
/Record/Section/6/Section/3/Information/0/Value/StringWithMarkup/11/Markup/1/Type,string,Superscript
/Record/Section/6/Section/3/Information/0/Value/StringWithMarkup/12/String,string,149Ern
/Record/Section/6/Section/3/Information/0/Value/StringWithMarkup/12/Markup/0/Start,number,0
/Record/Section/6/Section/3/Information/0/Value/StringWithMarkup/12/Markup/0/Length,number,3
/Record/Section/6/Section/3/Information/0/Value/StringWithMarkup/12/Markup/0/Type,string,Superscript
/Record/Section/6/Section/3/Information/0/Value/StringWithMarkup/12/Markup/1/Start,number,5
/Record/Section/6/Section/3/Information/0/Value/StringWithMarkup/12/Markup/1/Length,number,1
/Record/Section/6/Section/3/Information/0/Value/StringWithMarkup/12/Markup/1/Type,string,Superscript
/Record/Section/6/Section/3/Information/0/Value/StringWithMarkup/13/String,string,149Erp
/Record/Section/6/Section/3/Information/0/Value/StringWithMarkup/13/Markup/0/Start,number,0
/Record/Section/6/Section/3/Information/0/Value/StringWithMarkup/13/Markup/0/Length,number,3
/Record/Section/6/Section/3/Information/0/Value/StringWithMarkup/13/Markup/0/Type,string,Superscript
/Record/Section/6/Section/3/Information/0/Value/StringWithMarkup/13/Markup/1/Start,number,5
/Record/Section/6/Section/3/Information/0/Value/StringWithMarkup/13/Markup/1/Length,number,1
/Record/Section/6/Section/3/Information/0/Value/StringWithMarkup/13/Markup/1/Type,string,Superscript
/Record/Section/6/Section/3/Information/0/Value/StringWithMarkup/14/String,string,150Er
/Record/Section/6/Section/3/Information/0/Value/StringWithMarkup/14/Markup/0/Start,number,0
/Record/Section/6/Section/3/Information/0/Value/StringWithMarkup/14/Markup/0/Length,number,3
/Record/Section/6/Section/3/Information/0/Value/StringWithMarkup/14/Markup/0/Type,string,Superscript
/Record/Section/6/Section/3/Information/0/Value/StringWithMarkup/15/String,string,150Erm
/Record/Section/6/Section/3/Information/0/Value/StringWithMarkup/15/Markup/0/Start,number,0
/Record/Section/6/Section/3/Information/0/Value/StringWithMarkup/15/Markup/0/Length,number,3
/Record/Section/6/Section/3/Information/0/Value/StringWithMarkup/15/Markup/0/Type,string,Superscript
/Record/Section/6/Section/3/Information/0/Value/StringWithMarkup/15/Markup/1/Start,number,5
/Record/Section/6/Section/3/Information/0/Value/StringWithMarkup/15/Markup/1/Length,number,1
/Record/Section/6/Section/3/Information/0/Value/StringWithMarkup/15/Markup/1/Type,string,Superscript
/Record/Section/6/Section/3/Information/0/Value/StringWithMarkup/16/String,string,151Er
/Record/Section/6/Section/3/Information/0/Value/StringWithMarkup/16/Markup/0/Start,number,0
/Record/Section/6/Section/3/Information/0/Value/StringWithMarkup/16/Markup/0/Length,number,3
/Record/Section/6/Section/3/Information/0/Value/StringWithMarkup/16/Markup/0/Type,string,Superscript
/Record/Section/6/Section/3/Information/0/Value/StringWithMarkup/17/String,string,151Erm
/Record/Section/6/Section/3/Information/0/Value/StringWithMarkup/17/Markup/0/Start,number,0
/Record/Section/6/Section/3/Information/0/Value/StringWithMarkup/17/Markup/0/Length,number,3
/Record/Section/6/Section/3/Information/0/Value/StringWithMarkup/17/Markup/0/Type,string,Superscript
/Record/Section/6/Section/3/Information/0/Value/StringWithMarkup/17/Markup/1/Start,number,5
/Record/Section/6/Section/3/Information/0/Value/StringWithMarkup/17/Markup/1/Length,number,1
/Record/Section/6/Section/3/Information/0/Value/StringWithMarkup/17/Markup/1/Type,string,Superscript
/Record/Section/6/Section/3/Information/0/Value/StringWithMarkup/18/String,string,151Ern
/Record/Section/6/Section/3/Information/0/Value/StringWithMarkup/18/Markup/0/Start,number,0
/Record/Section/6/Section/3/Information/0/Value/StringWithMarkup/18/Markup/0/Length,number,3
/Record/Section/6/Section/3/Information/0/Value/StringWithMarkup/18/Markup/0/Type,string,Superscript
/Record/Section/6/Section/3/Information/0/Value/StringWithMarkup/18/Markup/1/Start,number,5
/Record/Section/6/Section/3/Information/0/Value/StringWithMarkup/18/Markup/1/Length,number,1
/Record/Section/6/Section/3/Information/0/Value/StringWithMarkup/18/Markup/1/Type,string,Superscript
/Record/Section/6/Section/3/Information/0/Value/StringWithMarkup/19/String,string,152Er
/Record/Section/6/Section/3/Information/0/Value/StringWithMarkup/19/Markup/0/Start,number,0
/Record/Section/6/Section/3/Information/0/Value/StringWithMarkup/19/Markup/0/Length,number,3
/Record/Section/6/Section/3/Information/0/Value/StringWithMarkup/19/Markup/0/Type,string,Superscript
/Record/Section/6/Section/3/Information/0/Value/StringWithMarkup/20/String,string,153Er
/Record/Section/6/Section/3/Information/0/Value/StringWithMarkup/20/Markup/0/Start,number,0
/Record/Section/6/Section/3/Information/0/Value/StringWithMarkup/20/Markup/0/Length,number,3
/Record/Section/6/Section/3/Information/0/Value/StringWithMarkup/20/Markup/0/Type,string,Superscript
/Record/Section/6/Section/3/Information/0/Value/StringWithMarkup/21/String,string,153Erm
/Record/Section/6/Section/3/Information/0/Value/StringWithMarkup/21/Markup/0/Start,number,0
/Record/Section/6/Section/3/Information/0/Value/StringWithMarkup/21/Markup/0/Length,number,3
/Record/Section/6/Section/3/Information/0/Value/StringWithMarkup/21/Markup/0/Type,string,Superscript
/Record/Section/6/Section/3/Information/0/Value/StringWithMarkup/21/Markup/1/Start,number,5
/Record/Section/6/Section/3/Information/0/Value/StringWithMarkup/21/Markup/1/Length,number,1
/Record/Section/6/Section/3/Information/0/Value/StringWithMarkup/21/Markup/1/Type,string,Superscript
/Record/Section/6/Section/3/Information/0/Value/StringWithMarkup/22/String,string,153Ern
/Record/Section/6/Section/3/Information/0/Value/StringWithMarkup/22/Markup/0/Start,number,0
/Record/Section/6/Section/3/Information/0/Value/StringWithMarkup/22/Markup/0/Length,number,3
/Record/Section/6/Section/3/Information/0/Value/StringWithMarkup/22/Markup/0/Type,string,Superscript
/Record/Section/6/Section/3/Information/0/Value/StringWithMarkup/22/Markup/1/Start,number,5
/Record/Section/6/Section/3/Information/0/Value/StringWithMarkup/22/Markup/1/Length,number,1
/Record/Section/6/Section/3/Information/0/Value/StringWithMarkup/22/Markup/1/Type,string,Superscript
/Record/Section/6/Section/3/Information/0/Value/StringWithMarkup/23/String,string,154Er
/Record/Section/6/Section/3/Information/0/Value/StringWithMarkup/23/Markup/0/Start,number,0
/Record/Section/6/Section/3/Information/0/Value/StringWithMarkup/23/Markup/0/Length,number,3
/Record/Section/6/Section/3/Information/0/Value/StringWithMarkup/23/Markup/0/Type,string,Superscript
/Record/Section/6/Section/3/Information/0/Value/StringWithMarkup/24/String,string,155Er
/Record/Section/6/Section/3/Information/0/Value/StringWithMarkup/24/Markup/0/Start,number,0
/Record/Section/6/Section/3/Information/0/Value/StringWithMarkup/24/Markup/0/Length,number,3
/Record/Section/6/Section/3/Information/0/Value/StringWithMarkup/24/Markup/0/Type,string,Superscript
/Record/Section/6/Section/3/Information/0/Value/StringWithMarkup/25/String,string,156Er
/Record/Section/6/Section/3/Information/0/Value/StringWithMarkup/25/Markup/0/Start,number,0
/Record/Section/6/Section/3/Information/0/Value/StringWithMarkup/25/Markup/0/Length,number,3
/Record/Section/6/Section/3/Information/0/Value/StringWithMarkup/25/Markup/0/Type,string,Superscript
/Record/Section/6/Section/3/Information/0/Value/StringWithMarkup/26/String,string,157Er
/Record/Section/6/Section/3/Information/0/Value/StringWithMarkup/26/Markup/0/Start,number,0
/Record/Section/6/Section/3/Information/0/Value/StringWithMarkup/26/Markup/0/Length,number,3
/Record/Section/6/Section/3/Information/0/Value/StringWithMarkup/26/Markup/0/Type,string,Superscript
/Record/Section/6/Section/3/Information/0/Value/StringWithMarkup/27/String,string,157Erm
/Record/Section/6/Section/3/Information/0/Value/StringWithMarkup/27/Markup/0/Start,number,0
/Record/Section/6/Section/3/Information/0/Value/StringWithMarkup/27/Markup/0/Length,number,3
/Record/Section/6/Section/3/Information/0/Value/StringWithMarkup/27/Markup/0/Type,string,Superscript
/Record/Section/6/Section/3/Information/0/Value/StringWithMarkup/27/Markup/1/Start,number,5
/Record/Section/6/Section/3/Information/0/Value/StringWithMarkup/27/Markup/1/Length,number,1
/Record/Section/6/Section/3/Information/0/Value/StringWithMarkup/27/Markup/1/Type,string,Superscript
/Record/Section/6/Section/3/Information/0/Value/StringWithMarkup/28/String,string,158Er
/Record/Section/6/Section/3/Information/0/Value/StringWithMarkup/28/Markup/0/Start,number,0
/Record/Section/6/Section/3/Information/0/Value/StringWithMarkup/28/Markup/0/Length,number,3
/Record/Section/6/Section/3/Information/0/Value/StringWithMarkup/28/Markup/0/Type,string,Superscript
/Record/Section/6/Section/3/Information/0/Value/StringWithMarkup/29/String,string,159Er
/Record/Section/6/Section/3/Information/0/Value/StringWithMarkup/29/Markup/0/Start,number,0
/Record/Section/6/Section/3/Information/0/Value/StringWithMarkup/29/Markup/0/Length,number,3
/Record/Section/6/Section/3/Information/0/Value/StringWithMarkup/29/Markup/0/Type,string,Superscript
/Record/Section/6/Section/3/Information/0/Value/StringWithMarkup/30/String,string,159Erm
/Record/Section/6/Section/3/Information/0/Value/StringWithMarkup/30/Markup/0/Start,number,0
/Record/Section/6/Section/3/Information/0/Value/StringWithMarkup/30/Markup/0/Length,number,3
/Record/Section/6/Section/3/Information/0/Value/StringWithMarkup/30/Markup/0/Type,string,Superscript
/Record/Section/6/Section/3/Information/0/Value/StringWithMarkup/30/Markup/1/Start,number,5
/Record/Section/6/Section/3/Information/0/Value/StringWithMarkup/30/Markup/1/Length,number,1
/Record/Section/6/Section/3/Information/0/Value/StringWithMarkup/30/Markup/1/Type,string,Superscript
/Record/Section/6/Section/3/Information/0/Value/StringWithMarkup/31/String,string,159Ern
/Record/Section/6/Section/3/Information/0/Value/StringWithMarkup/31/Markup/0/Start,number,0
/Record/Section/6/Section/3/Information/0/Value/StringWithMarkup/31/Markup/0/Length,number,3
/Record/Section/6/Section/3/Information/0/Value/StringWithMarkup/31/Markup/0/Type,string,Superscript
/Record/Section/6/Section/3/Information/0/Value/StringWithMarkup/31/Markup/1/Start,number,5
/Record/Section/6/Section/3/Information/0/Value/StringWithMarkup/31/Markup/1/Length,number,1
/Record/Section/6/Section/3/Information/0/Value/StringWithMarkup/31/Markup/1/Type,string,Superscript
/Record/Section/6/Section/3/Information/0/Value/StringWithMarkup/32/String,string,160Er
/Record/Section/6/Section/3/Information/0/Value/StringWithMarkup/32/Markup/0/Start,number,0
/Record/Section/6/Section/3/Information/0/Value/StringWithMarkup/32/Markup/0/Length,number,3
/Record/Section/6/Section/3/Information/0/Value/StringWithMarkup/32/Markup/0/Type,string,Superscript
/Record/Section/6/Section/3/Information/0/Value/StringWithMarkup/33/String,string,161Er
/Record/Section/6/Section/3/Information/0/Value/StringWithMarkup/33/Markup/0/Start,number,0
/Record/Section/6/Section/3/Information/0/Value/StringWithMarkup/33/Markup/0/Length,number,3
/Record/Section/6/Section/3/Information/0/Value/StringWithMarkup/33/Markup/0/Type,string,Superscript
/Record/Section/6/Section/3/Information/0/Value/StringWithMarkup/34/String,string,161Erm
/Record/Section/6/Section/3/Information/0/Value/StringWithMarkup/34/Markup/0/Start,number,0
/Record/Section/6/Section/3/Information/0/Value/StringWithMarkup/34/Markup/0/Length,number,3
/Record/Section/6/Section/3/Information/0/Value/StringWithMarkup/34/Markup/0/Type,string,Superscript
/Record/Section/6/Section/3/Information/0/Value/StringWithMarkup/34/Markup/1/Start,number,5
/Record/Section/6/Section/3/Information/0/Value/StringWithMarkup/34/Markup/1/Length,number,1
/Record/Section/6/Section/3/Information/0/Value/StringWithMarkup/34/Markup/1/Type,string,Superscript
/Record/Section/6/Section/3/Information/0/Value/StringWithMarkup/35/String,string,162Er
/Record/Section/6/Section/3/Information/0/Value/StringWithMarkup/35/Markup/0/Start,number,0
/Record/Section/6/Section/3/Information/0/Value/StringWithMarkup/35/Markup/0/Length,number,3
/Record/Section/6/Section/3/Information/0/Value/StringWithMarkup/35/Markup/0/Type,string,Superscript
/Record/Section/6/Section/3/Information/0/Value/StringWithMarkup/36/String,string,162Erm
/Record/Section/6/Section/3/Information/0/Value/StringWithMarkup/36/Markup/0/Start,number,0
/Record/Section/6/Section/3/Information/0/Value/StringWithMarkup/36/Markup/0/Length,number,3
/Record/Section/6/Section/3/Information/0/Value/StringWithMarkup/36/Markup/0/Type,string,Superscript
/Record/Section/6/Section/3/Information/0/Value/StringWithMarkup/36/Markup/1/Start,number,5
/Record/Section/6/Section/3/Information/0/Value/StringWithMarkup/36/Markup/1/Length,number,1
/Record/Section/6/Section/3/Information/0/Value/StringWithMarkup/36/Markup/1/Type,string,Superscript
/Record/Section/6/Section/3/Information/0/Value/StringWithMarkup/37/String,string,163Er
/Record/Section/6/Section/3/Information/0/Value/StringWithMarkup/37/Markup/0/Start,number,0
/Record/Section/6/Section/3/Information/0/Value/StringWithMarkup/37/Markup/0/Length,number,3
/Record/Section/6/Section/3/Information/0/Value/StringWithMarkup/37/Markup/0/Type,string,Superscript
/Record/Section/6/Section/3/Information/0/Value/StringWithMarkup/38/String,string,163Erm
/Record/Section/6/Section/3/Information/0/Value/StringWithMarkup/38/Markup/0/Start,number,0
/Record/Section/6/Section/3/Information/0/Value/StringWithMarkup/38/Markup/0/Length,number,3
/Record/Section/6/Section/3/Information/0/Value/StringWithMarkup/38/Markup/0/Type,string,Superscript
/Record/Section/6/Section/3/Information/0/Value/StringWithMarkup/38/Markup/1/Start,number,5
/Record/Section/6/Section/3/Information/0/Value/StringWithMarkup/38/Markup/1/Length,number,1
/Record/Section/6/Section/3/Information/0/Value/StringWithMarkup/38/Markup/1/Type,string,Superscript
/Record/Section/6/Section/3/Information/0/Value/StringWithMarkup/39/String,string,164Er
/Record/Section/6/Section/3/Information/0/Value/StringWithMarkup/39/Markup/0/Start,number,0
/Record/Section/6/Section/3/Information/0/Value/StringWithMarkup/39/Markup/0/Length,number,3
/Record/Section/6/Section/3/Information/0/Value/StringWithMarkup/39/Markup/0/Type,string,Superscript
/Record/Section/6/Section/3/Information/0/Value/StringWithMarkup/40/String,string,165Er
/Record/Section/6/Section/3/Information/0/Value/StringWithMarkup/40/Markup/0/Start,number,0
/Record/Section/6/Section/3/Information/0/Value/StringWithMarkup/40/Markup/0/Length,number,3
/Record/Section/6/Section/3/Information/0/Value/StringWithMarkup/40/Markup/0/Type,string,Superscript
/Record/Section/6/Section/3/Information/0/Value/StringWithMarkup/41/String,string,165Erm
/Record/Section/6/Section/3/Information/0/Value/StringWithMarkup/41/Markup/0/Start,number,0
/Record/Section/6/Section/3/Information/0/Value/StringWithMarkup/41/Markup/0/Length,number,3
/Record/Section/6/Section/3/Information/0/Value/StringWithMarkup/41/Markup/0/Type,string,Superscript
/Record/Section/6/Section/3/Information/0/Value/StringWithMarkup/41/Markup/1/Start,number,5
/Record/Section/6/Section/3/Information/0/Value/StringWithMarkup/41/Markup/1/Length,number,1
/Record/Section/6/Section/3/Information/0/Value/StringWithMarkup/41/Markup/1/Type,string,Superscript
/Record/Section/6/Section/3/Information/0/Value/StringWithMarkup/42/String,string,165Ern
/Record/Section/6/Section/3/Information/0/Value/StringWithMarkup/42/Markup/0/Start,number,0
/Record/Section/6/Section/3/Information/0/Value/StringWithMarkup/42/Markup/0/Length,number,3
/Record/Section/6/Section/3/Information/0/Value/StringWithMarkup/42/Markup/0/Type,string,Superscript
/Record/Section/6/Section/3/Information/0/Value/StringWithMarkup/42/Markup/1/Start,number,5
/Record/Section/6/Section/3/Information/0/Value/StringWithMarkup/42/Markup/1/Length,number,1
/Record/Section/6/Section/3/Information/0/Value/StringWithMarkup/42/Markup/1/Type,string,Superscript
/Record/Section/6/Section/3/Information/0/Value/StringWithMarkup/43/String,string,166Er
/Record/Section/6/Section/3/Information/0/Value/StringWithMarkup/43/Markup/0/Start,number,0
/Record/Section/6/Section/3/Information/0/Value/StringWithMarkup/43/Markup/0/Length,number,3
/Record/Section/6/Section/3/Information/0/Value/StringWithMarkup/43/Markup/0/Type,string,Superscript
/Record/Section/6/Section/3/Information/0/Value/StringWithMarkup/44/String,string,167Er
/Record/Section/6/Section/3/Information/0/Value/StringWithMarkup/44/Markup/0/Start,number,0
/Record/Section/6/Section/3/Information/0/Value/StringWithMarkup/44/Markup/0/Length,number,3
/Record/Section/6/Section/3/Information/0/Value/StringWithMarkup/44/Markup/0/Type,string,Superscript
/Record/Section/6/Section/3/Information/0/Value/StringWithMarkup/45/String,string,167Erm
/Record/Section/6/Section/3/Information/0/Value/StringWithMarkup/45/Markup/0/Start,number,0
/Record/Section/6/Section/3/Information/0/Value/StringWithMarkup/45/Markup/0/Length,number,3
/Record/Section/6/Section/3/Information/0/Value/StringWithMarkup/45/Markup/0/Type,string,Superscript
/Record/Section/6/Section/3/Information/0/Value/StringWithMarkup/45/Markup/1/Start,number,5
/Record/Section/6/Section/3/Information/0/Value/StringWithMarkup/45/Markup/1/Length,number,1
/Record/Section/6/Section/3/Information/0/Value/StringWithMarkup/45/Markup/1/Type,string,Superscript
/Record/Section/6/Section/3/Information/0/Value/StringWithMarkup/46/String,string,168Er
/Record/Section/6/Section/3/Information/0/Value/StringWithMarkup/46/Markup/0/Start,number,0
/Record/Section/6/Section/3/Information/0/Value/StringWithMarkup/46/Markup/0/Length,number,3
/Record/Section/6/Section/3/Information/0/Value/StringWithMarkup/46/Markup/0/Type,string,Superscript
/Record/Section/6/Section/3/Information/0/Value/StringWithMarkup/47/String,string,168Erm
/Record/Section/6/Section/3/Information/0/Value/StringWithMarkup/47/Markup/0/Start,number,0
/Record/Section/6/Section/3/Information/0/Value/StringWithMarkup/47/Markup/0/Length,number,3
/Record/Section/6/Section/3/Information/0/Value/StringWithMarkup/47/Markup/0/Type,string,Superscript
/Record/Section/6/Section/3/Information/0/Value/StringWithMarkup/47/Markup/1/Start,number,5
/Record/Section/6/Section/3/Information/0/Value/StringWithMarkup/47/Markup/1/Length,number,1
/Record/Section/6/Section/3/Information/0/Value/StringWithMarkup/47/Markup/1/Type,string,Superscript
/Record/Section/6/Section/3/Information/0/Value/StringWithMarkup/48/String,string,169Er
/Record/Section/6/Section/3/Information/0/Value/StringWithMarkup/48/Markup/0/Start,number,0
/Record/Section/6/Section/3/Information/0/Value/StringWithMarkup/48/Markup/0/Length,number,3
/Record/Section/6/Section/3/Information/0/Value/StringWithMarkup/48/Markup/0/Type,string,Superscript
/Record/Section/6/Section/3/Information/0/Value/StringWithMarkup/49/String,string,169Erm
/Record/Section/6/Section/3/Information/0/Value/StringWithMarkup/49/Markup/0/Start,number,0
/Record/Section/6/Section/3/Information/0/Value/StringWithMarkup/49/Markup/0/Length,number,3
/Record/Section/6/Section/3/Information/0/Value/StringWithMarkup/49/Markup/0/Type,string,Superscript
/Record/Section/6/Section/3/Information/0/Value/StringWithMarkup/49/Markup/1/Start,number,5
/Record/Section/6/Section/3/Information/0/Value/StringWithMarkup/49/Markup/1/Length,number,1
/Record/Section/6/Section/3/Information/0/Value/StringWithMarkup/49/Markup/1/Type,string,Superscript
/Record/Section/6/Section/3/Information/0/Value/StringWithMarkup/50/String,string,169Ern
/Record/Section/6/Section/3/Information/0/Value/StringWithMarkup/50/Markup/0/Start,number,0
/Record/Section/6/Section/3/Information/0/Value/StringWithMarkup/50/Markup/0/Length,number,3
/Record/Section/6/Section/3/Information/0/Value/StringWithMarkup/50/Markup/0/Type,string,Superscript
/Record/Section/6/Section/3/Information/0/Value/StringWithMarkup/50/Markup/1/Start,number,5
/Record/Section/6/Section/3/Information/0/Value/StringWithMarkup/50/Markup/1/Length,number,1
/Record/Section/6/Section/3/Information/0/Value/StringWithMarkup/50/Markup/1/Type,string,Superscript
/Record/Section/6/Section/3/Information/0/Value/StringWithMarkup/51/String,string,170Er
/Record/Section/6/Section/3/Information/0/Value/StringWithMarkup/51/Markup/0/Start,number,0
/Record/Section/6/Section/3/Information/0/Value/StringWithMarkup/51/Markup/0/Length,number,3
/Record/Section/6/Section/3/Information/0/Value/StringWithMarkup/51/Markup/0/Type,string,Superscript
/Record/Section/6/Section/3/Information/0/Value/StringWithMarkup/52/String,string,171Er
/Record/Section/6/Section/3/Information/0/Value/StringWithMarkup/52/Markup/0/Start,number,0
/Record/Section/6/Section/3/Information/0/Value/StringWithMarkup/52/Markup/0/Length,number,3
/Record/Section/6/Section/3/Information/0/Value/StringWithMarkup/52/Markup/0/Type,string,Superscript
/Record/Section/6/Section/3/Information/0/Value/StringWithMarkup/53/String,string,171Erm
/Record/Section/6/Section/3/Information/0/Value/StringWithMarkup/53/Markup/0/Start,number,0
/Record/Section/6/Section/3/Information/0/Value/StringWithMarkup/53/Markup/0/Length,number,3
/Record/Section/6/Section/3/Information/0/Value/StringWithMarkup/53/Markup/0/Type,string,Superscript
/Record/Section/6/Section/3/Information/0/Value/StringWithMarkup/53/Markup/1/Start,number,5
/Record/Section/6/Section/3/Information/0/Value/StringWithMarkup/53/Markup/1/Length,number,1
/Record/Section/6/Section/3/Information/0/Value/StringWithMarkup/53/Markup/1/Type,string,Superscript
/Record/Section/6/Section/3/Information/0/Value/StringWithMarkup/54/String,string,172Er
/Record/Section/6/Section/3/Information/0/Value/StringWithMarkup/54/Markup/0/Start,number,0
/Record/Section/6/Section/3/Information/0/Value/StringWithMarkup/54/Markup/0/Length,number,3
/Record/Section/6/Section/3/Information/0/Value/StringWithMarkup/54/Markup/0/Type,string,Superscript
/Record/Section/6/Section/3/Information/0/Value/StringWithMarkup/55/String,string,172Erm
/Record/Section/6/Section/3/Information/0/Value/StringWithMarkup/55/Markup/0/Start,number,0
/Record/Section/6/Section/3/Information/0/Value/StringWithMarkup/55/Markup/0/Length,number,3
/Record/Section/6/Section/3/Information/0/Value/StringWithMarkup/55/Markup/0/Type,string,Superscript
/Record/Section/6/Section/3/Information/0/Value/StringWithMarkup/55/Markup/1/Start,number,5
/Record/Section/6/Section/3/Information/0/Value/StringWithMarkup/55/Markup/1/Length,number,1
/Record/Section/6/Section/3/Information/0/Value/StringWithMarkup/55/Markup/1/Type,string,Superscript
/Record/Section/6/Section/3/Information/0/Value/StringWithMarkup/56/String,string,173Er
/Record/Section/6/Section/3/Information/0/Value/StringWithMarkup/56/Markup/0/Start,number,0
/Record/Section/6/Section/3/Information/0/Value/StringWithMarkup/56/Markup/0/Length,number,3
/Record/Section/6/Section/3/Information/0/Value/StringWithMarkup/56/Markup/0/Type,string,Superscript
/Record/Section/6/Section/3/Information/0/Value/StringWithMarkup/57/String,string,174Er
/Record/Section/6/Section/3/Information/0/Value/StringWithMarkup/57/Markup/0/Start,number,0
/Record/Section/6/Section/3/Information/0/Value/StringWithMarkup/57/Markup/0/Length,number,3
/Record/Section/6/Section/3/Information/0/Value/StringWithMarkup/57/Markup/0/Type,string,Superscript
/Record/Section/6/Section/3/Information/0/Value/StringWithMarkup/58/String,string,174Erm
/Record/Section/6/Section/3/Information/0/Value/StringWithMarkup/58/Markup/0/Start,number,0
/Record/Section/6/Section/3/Information/0/Value/StringWithMarkup/58/Markup/0/Length,number,3
/Record/Section/6/Section/3/Information/0/Value/StringWithMarkup/58/Markup/0/Type,string,Superscript
/Record/Section/6/Section/3/Information/0/Value/StringWithMarkup/58/Markup/1/Start,number,5
/Record/Section/6/Section/3/Information/0/Value/StringWithMarkup/58/Markup/1/Length,number,1
/Record/Section/6/Section/3/Information/0/Value/StringWithMarkup/58/Markup/1/Type,string,Superscript
/Record/Section/6/Section/3/Information/0/Value/StringWithMarkup/59/String,string,175Er
/Record/Section/6/Section/3/Information/0/Value/StringWithMarkup/59/Markup/0/Start,number,0
/Record/Section/6/Section/3/Information/0/Value/StringWithMarkup/59/Markup/0/Length,number,3
/Record/Section/6/Section/3/Information/0/Value/StringWithMarkup/59/Markup/0/Type,string,Superscript
/Record/Section/6/Section/3/Information/0/Value/StringWithMarkup/60/String,string,176Er
/Record/Section/6/Section/3/Information/0/Value/StringWithMarkup/60/Markup/0/Start,number,0
/Record/Section/6/Section/3/Information/0/Value/StringWithMarkup/60/Markup/0/Length,number,3
/Record/Section/6/Section/3/Information/0/Value/StringWithMarkup/60/Markup/0/Type,string,Superscript
/Record/Section/6/Section/3/Information/0/Value/StringWithMarkup/61/String,string,177Er
/Record/Section/6/Section/3/Information/0/Value/StringWithMarkup/61/Markup/0/Start,number,0
/Record/Section/6/Section/3/Information/0/Value/StringWithMarkup/61/Markup/0/Length,number,3
/Record/Section/6/Section/3/Information/0/Value/StringWithMarkup/61/Markup/0/Type,string,Superscript
/Record/Section/6/Section/3/Information/0/Value/StringWithMarkup/62/String,string,178Er
/Record/Section/6/Section/3/Information/0/Value/StringWithMarkup/62/Markup/0/Start,number,0
/Record/Section/6/Section/3/Information/0/Value/StringWithMarkup/62/Markup/0/Length,number,3
/Record/Section/6/Section/3/Information/0/Value/StringWithMarkup/62/Markup/0/Type,string,Superscript
/Record/Section/6/Section/3/Information/0/Value/StringWithMarkup/63/String,string,179Er
/Record/Section/6/Section/3/Information/0/Value/StringWithMarkup/63/Markup/0/Start,number,0
/Record/Section/6/Section/3/Information/0/Value/StringWithMarkup/63/Markup/0/Length,number,3
/Record/Section/6/Section/3/Information/0/Value/StringWithMarkup/63/Markup/0/Type,string,Superscript
/Record/Section/6/Section/3/Information/0/Value/StringWithMarkup/64/String,string,180Er
/Record/Section/6/Section/3/Information/0/Value/StringWithMarkup/64/Markup/0/Start,number,0
/Record/Section/6/Section/3/Information/0/Value/StringWithMarkup/64/Markup/0/Length,number,3
/Record/Section/6/Section/3/Information/0/Value/StringWithMarkup/64/Markup/0/Type,string,Superscript
/Record/Section/6/Section/3/Information/1/ReferenceNumber,number,2
/Record/Section/6/Section/3/Information/1/Name,string,Atomic Mass and Uncertainty [u]
/Record/Section/6/Section/3/Information/1/Value/StringWithMarkup/0/String,string,141.970016 ± 0.000537 [Estimated]
/Record/Section/6/Section/3/Information/1/Value/StringWithMarkup/1/String,string,142.966548 ± 0.000429 [Estimated]
/Record/Section/6/Section/3/Information/1/Value/StringWithMarkup/2/String,string,143.960700 ± 0.00021 [Estimated]
/Record/Section/6/Section/3/Information/1/Value/StringWithMarkup/3/String,string,144.957874 ± 0.000215 [Estimated]
/Record/Section/6/Section/3/Information/1/Value/StringWithMarkup/4/String,string,144.957874 ± 0.000215 [Estimated]
/Record/Section/6/Section/3/Information/1/Value/StringWithMarkup/5/String,string,145.952418357 ± 0.000007197
/Record/Section/6/Section/3/Information/1/Value/StringWithMarkup/6/String,string,146.949964456 ± 0.000041
/Record/Section/6/Section/3/Information/1/Value/StringWithMarkup/7/String,string,146.949964456 ± 0.000041
/Record/Section/6/Section/3/Information/1/Value/StringWithMarkup/8/String,string,147.944735026 ± 0.000011
/Record/Section/6/Section/3/Information/1/Value/StringWithMarkup/9/String,string,147.944735026 ± 0.000011
/Record/Section/6/Section/3/Information/1/Value/StringWithMarkup/10/String,string,148.942306000 ± 0.00003
/Record/Section/6/Section/3/Information/1/Value/StringWithMarkup/11/String,string,148.942306000 ± 0.00003
/Record/Section/6/Section/3/Information/1/Value/StringWithMarkup/12/String,string,148.942306000 ± 0.00003
/Record/Section/6/Section/3/Information/1/Value/StringWithMarkup/13/String,string,148.942306000 ± 0.00003
/Record/Section/6/Section/3/Information/1/Value/StringWithMarkup/14/String,string,149.937915524 ± 0.000018458
/Record/Section/6/Section/3/Information/1/Value/StringWithMarkup/15/String,string,149.937915524 ± 0.000018458
/Record/Section/6/Section/3/Information/1/Value/StringWithMarkup/16/String,string,150.937448567 ± 0.000017681
/Record/Section/6/Section/3/Information/1/Value/StringWithMarkup/17/String,string,150.937448567 ± 0.000017681
/Record/Section/6/Section/3/Information/1/Value/StringWithMarkup/18/String,string,150.937448567 ± 0.000017681
/Record/Section/6/Section/3/Information/1/Value/StringWithMarkup/19/String,string,151.935050347 ± 0.000009478
/Record/Section/6/Section/3/Information/1/Value/StringWithMarkup/20/String,string,152.935086350 ± 0.000009967
/Record/Section/6/Section/3/Information/1/Value/StringWithMarkup/21/String,string,152.935086350 ± 0.000009967
/Record/Section/6/Section/3/Information/1/Value/StringWithMarkup/22/String,string,152.935086350 ± 0.000009967
/Record/Section/6/Section/3/Information/1/Value/StringWithMarkup/23/String,string,153.932790799 ± 0.000005325
/Record/Section/6/Section/3/Information/1/Value/StringWithMarkup/24/String,string,154.933215710 ± 0.00000652
/Record/Section/6/Section/3/Information/1/Value/StringWithMarkup/25/String,string,155.931065926 ± 0.00002644
/Record/Section/6/Section/3/Information/1/Value/StringWithMarkup/26/String,string,156.931922652 ± 0.000028454
/Record/Section/6/Section/3/Information/1/Value/StringWithMarkup/27/String,string,156.931922652 ± 0.000028454
/Record/Section/6/Section/3/Information/1/Value/StringWithMarkup/28/String,string,157.929893474 ± 0.000027074
/Record/Section/6/Section/3/Information/1/Value/StringWithMarkup/29/String,string,158.930690790 ± 0.00000391
/Record/Section/6/Section/3/Information/1/Value/StringWithMarkup/30/String,string,158.930690790 ± 0.00000391
/Record/Section/6/Section/3/Information/1/Value/StringWithMarkup/31/String,string,158.930690790 ± 0.00000391
/Record/Section/6/Section/3/Information/1/Value/StringWithMarkup/32/String,string,159.929077193 ± 0.000026029
/Record/Section/6/Section/3/Information/1/Value/StringWithMarkup/33/String,string,160.930003530 ± 0.000009419
/Record/Section/6/Section/3/Information/1/Value/StringWithMarkup/34/String,string,160.930003530 ± 0.000009419
/Record/Section/6/Section/3/Information/1/Value/StringWithMarkup/35/String,string,161.928787299 ± 0.000000811
/Record/Section/6/Section/3/Information/1/Value/StringWithMarkup/36/String,string,161.928787299 ± 0.000000811
/Record/Section/6/Section/3/Information/1/Value/StringWithMarkup/37/String,string,162.930039908 ± 0.000004967
/Record/Section/6/Section/3/Information/1/Value/StringWithMarkup/38/String,string,162.930039908 ± 0.000004967
/Record/Section/6/Section/3/Information/1/Value/StringWithMarkup/39/String,string,163.929207739 ± 0.000000755
/Record/Section/6/Section/3/Information/1/Value/StringWithMarkup/40/String,string,164.930733482 ± 0.000000985
/Record/Section/6/Section/3/Information/1/Value/StringWithMarkup/41/String,string,164.930733482 ± 0.000000985
/Record/Section/6/Section/3/Information/1/Value/StringWithMarkup/42/String,string,164.930733482 ± 0.000000985
/Record/Section/6/Section/3/Information/1/Value/StringWithMarkup/43/String,string,165.930301067 ± 0.000000358
/Record/Section/6/Section/3/Information/1/Value/StringWithMarkup/44/String,string,166.932056192 ± 0.000000306
/Record/Section/6/Section/3/Information/1/Value/StringWithMarkup/45/String,string,166.932056192 ± 0.000000306
/Record/Section/6/Section/3/Information/1/Value/StringWithMarkup/46/String,string,167.932378282 ± 0.00000028
/Record/Section/6/Section/3/Information/1/Value/StringWithMarkup/47/String,string,167.932378282 ± 0.00000028
/Record/Section/6/Section/3/Information/1/Value/StringWithMarkup/48/String,string,168.934598444 ± 0.000000326
/Record/Section/6/Section/3/Information/1/Value/StringWithMarkup/49/String,string,168.934598444 ± 0.000000326
/Record/Section/6/Section/3/Information/1/Value/StringWithMarkup/50/String,string,168.934598444 ± 0.000000326
/Record/Section/6/Section/3/Information/1/Value/StringWithMarkup/51/String,string,169.935471933 ± 0.000001488
/Record/Section/6/Section/3/Information/1/Value/StringWithMarkup/52/String,string,170.938037372 ± 0.000001511
/Record/Section/6/Section/3/Information/1/Value/StringWithMarkup/53/String,string,170.938037372 ± 0.000001511
/Record/Section/6/Section/3/Information/1/Value/StringWithMarkup/54/String,string,171.939363461 ± 0.000004253
/Record/Section/6/Section/3/Information/1/Value/StringWithMarkup/55/String,string,171.939363461 ± 0.000004253
/Record/Section/6/Section/3/Information/1/Value/StringWithMarkup/56/String,string,172.942400 ± 0.00021 [Estimated]
/Record/Section/6/Section/3/Information/1/Value/StringWithMarkup/57/String,string,173.944230 ± 0.00032 [Estimated]
/Record/Section/6/Section/3/Information/1/Value/StringWithMarkup/58/String,string,173.944230 ± 0.00032 [Estimated]
/Record/Section/6/Section/3/Information/1/Value/StringWithMarkup/59/String,string,174.947770 ± 0.00043 [Estimated]
/Record/Section/6/Section/3/Information/1/Value/StringWithMarkup/60/String,string,175.949940 ± 0.00043 [Estimated]
/Record/Section/6/Section/3/Information/1/Value/StringWithMarkup/61/String,string,176.953990 ± 0.00054 [Estimated]
/Record/Section/6/Section/3/Information/1/Value/StringWithMarkup/62/String,string,177.956779 ± 0.00064 [Estimated]
/Record/Section/6/Section/3/Information/1/Value/StringWithMarkup/63/String,string,178.961267 ± 0.000537 [Estimated]
/Record/Section/6/Section/3/Information/1/Value/StringWithMarkup/64/String,string,179.964380 ± 0.000537 [Estimated]
/Record/Section/6/Section/3/Information/2/ReferenceNumber,number,2
/Record/Section/6/Section/3/Information/2/Name,string,Half Life and Uncertainty
/Record/Section/6/Section/3/Information/2/Value/StringWithMarkup/0/String,string,10 us [Estimated]
/Record/Section/6/Section/3/Information/2/Value/StringWithMarkup/1/String,string,200 ms [Estimated]
/Record/Section/6/Section/3/Information/2/Value/StringWithMarkup/2/String,string,400 ms >200ns [Estimated]
/Record/Section/6/Section/3/Information/2/Value/StringWithMarkup/3/String,string,900 ms ± 200
/Record/Section/6/Section/3/Information/2/Value/StringWithMarkup/4/String,string,1.0 s ± 0.3
/Record/Section/6/Section/3/Information/2/Value/StringWithMarkup/5/String,string,1.7 s ± 0.6
/Record/Section/6/Section/3/Information/2/Value/StringWithMarkup/6/String,string,3.2 s ± 1.2
/Record/Section/6/Section/3/Information/2/Value/StringWithMarkup/7/String,string,1.6 s ± 0.2
/Record/Section/6/Section/3/Information/2/Value/StringWithMarkup/8/String,string,4.6 s ± 0.2
/Record/Section/6/Section/3/Information/2/Value/StringWithMarkup/9/String,string,13 us ± 3
/Record/Section/6/Section/3/Information/2/Value/StringWithMarkup/10/String,string,4 s ± 2
/Record/Section/6/Section/3/Information/2/Value/StringWithMarkup/11/String,string,8.9 s ± 0.2
/Record/Section/6/Section/3/Information/2/Value/StringWithMarkup/12/String,string,610 ns ± 80
/Record/Section/6/Section/3/Information/2/Value/StringWithMarkup/13/String,string,4.8 us ± 0.1
/Record/Section/6/Section/3/Information/2/Value/StringWithMarkup/14/String,string,18.5 s ± 0.7
/Record/Section/6/Section/3/Information/2/Value/StringWithMarkup/15/String,string,2.55 us ± 0.10
/Record/Section/6/Section/3/Information/2/Value/StringWithMarkup/16/String,string,23.5 s ± 2.0
/Record/Section/6/Section/3/Information/2/Value/StringWithMarkup/17/String,string,580 ms ± 20
/Record/Section/6/Section/3/Information/2/Value/StringWithMarkup/18/String,string,420 ns ± 50
/Record/Section/6/Section/3/Information/2/Value/StringWithMarkup/19/String,string,10.3 s ± 0.1
/Record/Section/6/Section/3/Information/2/Value/StringWithMarkup/20/String,string,37.1 s ± 0.2
/Record/Section/6/Section/3/Information/2/Value/StringWithMarkup/21/String,string,373 ns ± 9
/Record/Section/6/Section/3/Information/2/Value/StringWithMarkup/22/String,string,248 ns ± 32
/Record/Section/6/Section/3/Information/2/Value/StringWithMarkup/23/String,string,3.73 m ± 0.09
/Record/Section/6/Section/3/Information/2/Value/StringWithMarkup/24/String,string,5.3 m ± 0.3
/Record/Section/6/Section/3/Information/2/Value/StringWithMarkup/25/String,string,19.5 m ± 1.0
/Record/Section/6/Section/3/Information/2/Value/StringWithMarkup/26/String,string,18.65 m ± 0.10
/Record/Section/6/Section/3/Information/2/Value/StringWithMarkup/27/String,string,76 ms ± 6
/Record/Section/6/Section/3/Information/2/Value/StringWithMarkup/28/String,string,2.29 h ± 0.06
/Record/Section/6/Section/3/Information/2/Value/StringWithMarkup/29/String,string,36 m ± 1
/Record/Section/6/Section/3/Information/2/Value/StringWithMarkup/30/String,string,337 ns ± 14
/Record/Section/6/Section/3/Information/2/Value/StringWithMarkup/31/String,string,590 ns ± 60
/Record/Section/6/Section/3/Information/2/Value/StringWithMarkup/32/String,string,28.58 h ± 0.09
/Record/Section/6/Section/3/Information/2/Value/StringWithMarkup/33/String,string,3.21 h ± 0.03
/Record/Section/6/Section/3/Information/2/Value/StringWithMarkup/34/String,string,7.5 us ± 0.7
/Record/Section/6/Section/3/Information/2/Value/StringWithMarkup/35/String,string,Stable >140Ty
/Record/Section/6/Section/3/Information/2/Value/StringWithMarkup/36/String,string,88 ns ± 16
/Record/Section/6/Section/3/Information/2/Value/StringWithMarkup/37/String,string,75.0 m ± 0.4
/Record/Section/6/Section/3/Information/2/Value/StringWithMarkup/38/String,string,580 ns ± 100
/Record/Section/6/Section/3/Information/2/Value/StringWithMarkup/39/String,string,Stable
/Record/Section/6/Section/3/Information/2/Value/StringWithMarkup/40/String,string,10.36 h ± 0.04
/Record/Section/6/Section/3/Information/2/Value/StringWithMarkup/41/String,string,250 ns ± 30
/Record/Section/6/Section/3/Information/2/Value/StringWithMarkup/42/String,string,370 ns ± 40
/Record/Section/6/Section/3/Information/2/Value/StringWithMarkup/43/String,string,Stable
/Record/Section/6/Section/3/Information/2/Value/StringWithMarkup/44/String,string,Stable
/Record/Section/6/Section/3/Information/2/Value/StringWithMarkup/45/String,string,2.269 s ± 0.006
/Record/Section/6/Section/3/Information/2/Value/StringWithMarkup/46/String,string,Stable
/Record/Section/6/Section/3/Information/2/Value/StringWithMarkup/47/String,string,109.0 ns ± 0.7
/Record/Section/6/Section/3/Information/2/Value/StringWithMarkup/48/String,string,9.392 d ± 0.018
/Record/Section/6/Section/3/Information/2/Value/StringWithMarkup/49/String,string,285 ns ± 20
/Record/Section/6/Section/3/Information/2/Value/StringWithMarkup/50/String,string,200 ns ± 10
/Record/Section/6/Section/3/Information/2/Value/StringWithMarkup/51/String,string,Stable >410Py
/Record/Section/6/Section/3/Information/2/Value/StringWithMarkup/52/String,string,7.516 h ± 0.002
/Record/Section/6/Section/3/Information/2/Value/StringWithMarkup/53/String,string,210 ns ± 10
/Record/Section/6/Section/3/Information/2/Value/StringWithMarkup/54/String,string,49.3 h ± 0.5
/Record/Section/6/Section/3/Information/2/Value/StringWithMarkup/55/String,string,579 ns ± 62
/Record/Section/6/Section/3/Information/2/Value/StringWithMarkup/56/String,string,1.434 m ± 0.017
/Record/Section/6/Section/3/Information/2/Value/StringWithMarkup/57/String,string,3.2 m ± 0.2
/Record/Section/6/Section/3/Information/2/Value/StringWithMarkup/58/String,string,3.9 s ± 0.3
/Record/Section/6/Section/3/Information/2/Value/StringWithMarkup/59/String,string,1.2 m ± 0.3
/Record/Section/6/Section/3/Information/2/Value/StringWithMarkup/60/String,string,12 s >300ns [Estimated]
/Record/Section/6/Section/3/Information/2/Value/StringWithMarkup/61/String,string,8 s >300ns [Estimated]
/Record/Section/6/Section/3/Information/2/Value/StringWithMarkup/62/String,string,4 s >300ns [Estimated]
/Record/Section/6/Section/3/Information/2/Value/StringWithMarkup/63/String,string,3 s >550ns [Estimated]
/Record/Section/6/Section/3/Information/2/Value/StringWithMarkup/64/String,string,2 s >550ns [Estimated]
/Record/Section/6/Section/3/Information/3/ReferenceNumber,number,2
/Record/Section/6/Section/3/Information/3/Name,string,Discovery Year
/Record/Section/6/Section/3/Information/3/Value/StringWithMarkup/0/String,string,
/Record/Section/6/Section/3/Information/3/Value/StringWithMarkup/1/String,string,2005
/Record/Section/6/Section/3/Information/3/Value/StringWithMarkup/2/String,string,2003
/Record/Section/6/Section/3/Information/3/Value/StringWithMarkup/3/String,string,1989
/Record/Section/6/Section/3/Information/3/Value/StringWithMarkup/4/String,string,2010
/Record/Section/6/Section/3/Information/3/Value/StringWithMarkup/5/String,string,1993
/Record/Section/6/Section/3/Information/3/Value/StringWithMarkup/6/String,string,1992
/Record/Section/6/Section/3/Information/3/Value/StringWithMarkup/7/String,string,1982
/Record/Section/6/Section/3/Information/3/Value/StringWithMarkup/8/String,string,1982
/Record/Section/6/Section/3/Information/3/Value/StringWithMarkup/9/String,string,1982
/Record/Section/6/Section/3/Information/3/Value/StringWithMarkup/10/String,string,1984
/Record/Section/6/Section/3/Information/3/Value/StringWithMarkup/11/String,string,1984
/Record/Section/6/Section/3/Information/3/Value/StringWithMarkup/12/String,string,1987
/Record/Section/6/Section/3/Information/3/Value/StringWithMarkup/13/String,string,1987
/Record/Section/6/Section/3/Information/3/Value/StringWithMarkup/14/String,string,1982
/Record/Section/6/Section/3/Information/3/Value/StringWithMarkup/15/String,string,1984
/Record/Section/6/Section/3/Information/3/Value/StringWithMarkup/16/String,string,1970
/Record/Section/6/Section/3/Information/3/Value/StringWithMarkup/17/String,string,1980
/Record/Section/6/Section/3/Information/3/Value/StringWithMarkup/18/String,string,1990
/Record/Section/6/Section/3/Information/3/Value/StringWithMarkup/19/String,string,1963
/Record/Section/6/Section/3/Information/3/Value/StringWithMarkup/20/String,string,1963
/Record/Section/6/Section/3/Information/3/Value/StringWithMarkup/21/String,string,1979
/Record/Section/6/Section/3/Information/3/Value/StringWithMarkup/22/String,string,1979
/Record/Section/6/Section/3/Information/3/Value/StringWithMarkup/23/String,string,1963
/Record/Section/6/Section/3/Information/3/Value/StringWithMarkup/24/String,string,1969
/Record/Section/6/Section/3/Information/3/Value/StringWithMarkup/25/String,string,1967
/Record/Section/6/Section/3/Information/3/Value/StringWithMarkup/26/String,string,1966
/Record/Section/6/Section/3/Information/3/Value/StringWithMarkup/27/String,string,1971
/Record/Section/6/Section/3/Information/3/Value/StringWithMarkup/28/String,string,1961
/Record/Section/6/Section/3/Information/3/Value/StringWithMarkup/29/String,string,1962
/Record/Section/6/Section/3/Information/3/Value/StringWithMarkup/30/String,string,1971
/Record/Section/6/Section/3/Information/3/Value/StringWithMarkup/31/String,string,1971
/Record/Section/6/Section/3/Information/3/Value/StringWithMarkup/32/String,string,1954
/Record/Section/6/Section/3/Information/3/Value/StringWithMarkup/33/String,string,1954
/Record/Section/6/Section/3/Information/3/Value/StringWithMarkup/34/String,string,1969
/Record/Section/6/Section/3/Information/3/Value/StringWithMarkup/35/String,string,1938
/Record/Section/6/Section/3/Information/3/Value/StringWithMarkup/36/String,string,1974
/Record/Section/6/Section/3/Information/3/Value/StringWithMarkup/37/String,string,1953
/Record/Section/6/Section/3/Information/3/Value/StringWithMarkup/38/String,string,1974
/Record/Section/6/Section/3/Information/3/Value/StringWithMarkup/39/String,string,1938
/Record/Section/6/Section/3/Information/3/Value/StringWithMarkup/40/String,string,1950
/Record/Section/6/Section/3/Information/3/Value/StringWithMarkup/41/String,string,1970
/Record/Section/6/Section/3/Information/3/Value/StringWithMarkup/42/String,string,2012
/Record/Section/6/Section/3/Information/3/Value/StringWithMarkup/43/String,string,1934
/Record/Section/6/Section/3/Information/3/Value/StringWithMarkup/44/String,string,1934
/Record/Section/6/Section/3/Information/3/Value/StringWithMarkup/45/String,string,1986
/Record/Section/6/Section/3/Information/3/Value/StringWithMarkup/46/String,string,1934
/Record/Section/6/Section/3/Information/3/Value/StringWithMarkup/47/String,string,1974
/Record/Section/6/Section/3/Information/3/Value/StringWithMarkup/48/String,string,1956
/Record/Section/6/Section/3/Information/3/Value/StringWithMarkup/49/String,string,1969
/Record/Section/6/Section/3/Information/3/Value/StringWithMarkup/50/String,string,1969
/Record/Section/6/Section/3/Information/3/Value/StringWithMarkup/51/String,string,1934
/Record/Section/6/Section/3/Information/3/Value/StringWithMarkup/52/String,string,1938
/Record/Section/6/Section/3/Information/3/Value/StringWithMarkup/53/String,string,1969
/Record/Section/6/Section/3/Information/3/Value/StringWithMarkup/54/String,string,1956
/Record/Section/6/Section/3/Information/3/Value/StringWithMarkup/55/String,string,2006
/Record/Section/6/Section/3/Information/3/Value/StringWithMarkup/56/String,string,1972
/Record/Section/6/Section/3/Information/3/Value/StringWithMarkup/57/String,string,1989
/Record/Section/6/Section/3/Information/3/Value/StringWithMarkup/58/String,string,2006
/Record/Section/6/Section/3/Information/3/Value/StringWithMarkup/59/String,string,1996
/Record/Section/6/Section/3/Information/3/Value/StringWithMarkup/60/String,string,2012
/Record/Section/6/Section/3/Information/3/Value/StringWithMarkup/61/String,string,2012
/Record/Section/6/Section/3/Information/3/Value/StringWithMarkup/62/String,string,2012
/Record/Section/6/Section/3/Information/3/Value/StringWithMarkup/63/String,string,2018
/Record/Section/6/Section/3/Information/3/Value/StringWithMarkup/64/String,string,2018
/Record/Section/6/Section/3/Information/4/ReferenceNumber,number,2
/Record/Section/6/Section/3/Information/4/Name,string,"Decay Modes, Intensities and Uncertainties [%]"
/Record/Section/6/Section/3/Information/4/Value/StringWithMarkup/0/String,string,p ?
/Record/Section/6/Section/3/Information/4/Value/StringWithMarkup/1/String,string,β+ ?; β+p ?
/Record/Section/6/Section/3/Information/4/Value/StringWithMarkup/1/Markup/0/Start,number,1
/Record/Section/6/Section/3/Information/4/Value/StringWithMarkup/1/Markup/0/Length,number,1
/Record/Section/6/Section/3/Information/4/Value/StringWithMarkup/1/Markup/0/Type,string,Superscript
/Record/Section/6/Section/3/Information/4/Value/StringWithMarkup/1/Markup/1/Start,number,7
/Record/Section/6/Section/3/Information/4/Value/StringWithMarkup/1/Markup/1/Length,number,1
/Record/Section/6/Section/3/Information/4/Value/StringWithMarkup/1/Markup/1/Type,string,Superscript
/Record/Section/6/Section/3/Information/4/Value/StringWithMarkup/2/String,string,β+ ?
/Record/Section/6/Section/3/Information/4/Value/StringWithMarkup/2/Markup/0/Start,number,1
/Record/Section/6/Section/3/Information/4/Value/StringWithMarkup/2/Markup/0/Length,number,1
/Record/Section/6/Section/3/Information/4/Value/StringWithMarkup/2/Markup/0/Type,string,Superscript
/Record/Section/6/Section/3/Information/4/Value/StringWithMarkup/3/String,string,β+=100%; β+p=?
/Record/Section/6/Section/3/Information/4/Value/StringWithMarkup/3/Markup/0/Start,number,1
/Record/Section/6/Section/3/Information/4/Value/StringWithMarkup/3/Markup/0/Length,number,1
/Record/Section/6/Section/3/Information/4/Value/StringWithMarkup/3/Markup/0/Type,string,Superscript
/Record/Section/6/Section/3/Information/4/Value/StringWithMarkup/3/Markup/1/Start,number,10
/Record/Section/6/Section/3/Information/4/Value/StringWithMarkup/3/Markup/1/Length,number,1
/Record/Section/6/Section/3/Information/4/Value/StringWithMarkup/3/Markup/1/Type,string,Superscript
/Record/Section/6/Section/3/Information/4/Value/StringWithMarkup/4/String,string,β+=100%; IT ?; β+p=?
/Record/Section/6/Section/3/Information/4/Value/StringWithMarkup/4/Markup/0/Start,number,1
/Record/Section/6/Section/3/Information/4/Value/StringWithMarkup/4/Markup/0/Length,number,1
/Record/Section/6/Section/3/Information/4/Value/StringWithMarkup/4/Markup/0/Type,string,Superscript
/Record/Section/6/Section/3/Information/4/Value/StringWithMarkup/4/Markup/1/Start,number,16
/Record/Section/6/Section/3/Information/4/Value/StringWithMarkup/4/Markup/1/Length,number,1
/Record/Section/6/Section/3/Information/4/Value/StringWithMarkup/4/Markup/1/Type,string,Superscript
/Record/Section/6/Section/3/Information/4/Value/StringWithMarkup/5/String,string,β+=100%; β+p=?
/Record/Section/6/Section/3/Information/4/Value/StringWithMarkup/5/Markup/0/Start,number,1
/Record/Section/6/Section/3/Information/4/Value/StringWithMarkup/5/Markup/0/Length,number,1
/Record/Section/6/Section/3/Information/4/Value/StringWithMarkup/5/Markup/0/Type,string,Superscript
/Record/Section/6/Section/3/Information/4/Value/StringWithMarkup/5/Markup/1/Start,number,10
/Record/Section/6/Section/3/Information/4/Value/StringWithMarkup/5/Markup/1/Length,number,1
/Record/Section/6/Section/3/Information/4/Value/StringWithMarkup/5/Markup/1/Type,string,Superscript
/Record/Section/6/Section/3/Information/4/Value/StringWithMarkup/6/String,string,β+=100%; β+p=?
/Record/Section/6/Section/3/Information/4/Value/StringWithMarkup/6/Markup/0/Start,number,1
/Record/Section/6/Section/3/Information/4/Value/StringWithMarkup/6/Markup/0/Length,number,1
/Record/Section/6/Section/3/Information/4/Value/StringWithMarkup/6/Markup/0/Type,string,Superscript
/Record/Section/6/Section/3/Information/4/Value/StringWithMarkup/6/Markup/1/Start,number,10
/Record/Section/6/Section/3/Information/4/Value/StringWithMarkup/6/Markup/1/Length,number,1
/Record/Section/6/Section/3/Information/4/Value/StringWithMarkup/6/Markup/1/Type,string,Superscript
/Record/Section/6/Section/3/Information/4/Value/StringWithMarkup/7/String,string,β+=100%; β+p=?
/Record/Section/6/Section/3/Information/4/Value/StringWithMarkup/7/Markup/0/Start,number,1
/Record/Section/6/Section/3/Information/4/Value/StringWithMarkup/7/Markup/0/Length,number,1
/Record/Section/6/Section/3/Information/4/Value/StringWithMarkup/7/Markup/0/Type,string,Superscript
/Record/Section/6/Section/3/Information/4/Value/StringWithMarkup/7/Markup/1/Start,number,10
/Record/Section/6/Section/3/Information/4/Value/StringWithMarkup/7/Markup/1/Length,number,1
/Record/Section/6/Section/3/Information/4/Value/StringWithMarkup/7/Markup/1/Type,string,Superscript
/Record/Section/6/Section/3/Information/4/Value/StringWithMarkup/8/String,string,β+=100%; β+p≈0.15%
/Record/Section/6/Section/3/Information/4/Value/StringWithMarkup/8/Markup/0/Start,number,1
/Record/Section/6/Section/3/Information/4/Value/StringWithMarkup/8/Markup/0/Length,number,1
/Record/Section/6/Section/3/Information/4/Value/StringWithMarkup/8/Markup/0/Type,string,Superscript
/Record/Section/6/Section/3/Information/4/Value/StringWithMarkup/8/Markup/1/Start,number,10
/Record/Section/6/Section/3/Information/4/Value/StringWithMarkup/8/Markup/1/Length,number,1
/Record/Section/6/Section/3/Information/4/Value/StringWithMarkup/8/Markup/1/Type,string,Superscript
/Record/Section/6/Section/3/Information/4/Value/StringWithMarkup/9/String,string,IT=100%
/Record/Section/6/Section/3/Information/4/Value/StringWithMarkup/10/String,string,β+=100%; β+p=7±0.2%
/Record/Section/6/Section/3/Information/4/Value/StringWithMarkup/10/Markup/0/Start,number,1
/Record/Section/6/Section/3/Information/4/Value/StringWithMarkup/10/Markup/0/Length,number,1
/Record/Section/6/Section/3/Information/4/Value/StringWithMarkup/10/Markup/0/Type,string,Superscript
/Record/Section/6/Section/3/Information/4/Value/StringWithMarkup/10/Markup/1/Start,number,10
/Record/Section/6/Section/3/Information/4/Value/StringWithMarkup/10/Markup/1/Length,number,1
/Record/Section/6/Section/3/Information/4/Value/StringWithMarkup/10/Markup/1/Type,string,Superscript
/Record/Section/6/Section/3/Information/4/Value/StringWithMarkup/11/String,string,β+=96.5±0.7%; IT=3.5±0.7%; β+p=0.18±0.7%
/Record/Section/6/Section/3/Information/4/Value/StringWithMarkup/11/Markup/0/Start,number,1
/Record/Section/6/Section/3/Information/4/Value/StringWithMarkup/11/Markup/0/Length,number,1
/Record/Section/6/Section/3/Information/4/Value/StringWithMarkup/11/Markup/0/Type,string,Superscript
/Record/Section/6/Section/3/Information/4/Value/StringWithMarkup/11/Markup/1/Start,number,28
/Record/Section/6/Section/3/Information/4/Value/StringWithMarkup/11/Markup/1/Length,number,1
/Record/Section/6/Section/3/Information/4/Value/StringWithMarkup/11/Markup/1/Type,string,Superscript
/Record/Section/6/Section/3/Information/4/Value/StringWithMarkup/12/String,string,IT=100%
/Record/Section/6/Section/3/Information/4/Value/StringWithMarkup/13/String,string,IT=100%
/Record/Section/6/Section/3/Information/4/Value/StringWithMarkup/14/String,string,β+=100%
/Record/Section/6/Section/3/Information/4/Value/StringWithMarkup/14/Markup/0/Start,number,1
/Record/Section/6/Section/3/Information/4/Value/StringWithMarkup/14/Markup/0/Length,number,1
/Record/Section/6/Section/3/Information/4/Value/StringWithMarkup/14/Markup/0/Type,string,Superscript
/Record/Section/6/Section/3/Information/4/Value/StringWithMarkup/15/String,string,IT=100%
/Record/Section/6/Section/3/Information/4/Value/StringWithMarkup/16/String,string,β+=100%
/Record/Section/6/Section/3/Information/4/Value/StringWithMarkup/16/Markup/0/Start,number,1
/Record/Section/6/Section/3/Information/4/Value/StringWithMarkup/16/Markup/0/Length,number,1
/Record/Section/6/Section/3/Information/4/Value/StringWithMarkup/16/Markup/0/Type,string,Superscript
/Record/Section/6/Section/3/Information/4/Value/StringWithMarkup/17/String,string,IT=95.3±0.3%; β+=4.7±0.3%
/Record/Section/6/Section/3/Information/4/Value/StringWithMarkup/17/Markup/0/Start,number,15
/Record/Section/6/Section/3/Information/4/Value/StringWithMarkup/17/Markup/0/Length,number,1
/Record/Section/6/Section/3/Information/4/Value/StringWithMarkup/17/Markup/0/Type,string,Superscript
/Record/Section/6/Section/3/Information/4/Value/StringWithMarkup/18/String,string,IT=100%
/Record/Section/6/Section/3/Information/4/Value/StringWithMarkup/19/String,string,α=90±0.4%; β+=10±0.4%
/Record/Section/6/Section/3/Information/4/Value/StringWithMarkup/19/Markup/0/Start,number,12
/Record/Section/6/Section/3/Information/4/Value/StringWithMarkup/19/Markup/0/Length,number,1
/Record/Section/6/Section/3/Information/4/Value/StringWithMarkup/19/Markup/0/Type,string,Superscript
/Record/Section/6/Section/3/Information/4/Value/StringWithMarkup/20/String,string,α=53±0.3%; β+=47±0.3%
/Record/Section/6/Section/3/Information/4/Value/StringWithMarkup/20/Markup/0/Start,number,12
/Record/Section/6/Section/3/Information/4/Value/StringWithMarkup/20/Markup/0/Length,number,1
/Record/Section/6/Section/3/Information/4/Value/StringWithMarkup/20/Markup/0/Type,string,Superscript
/Record/Section/6/Section/3/Information/4/Value/StringWithMarkup/21/String,string,IT=100%
/Record/Section/6/Section/3/Information/4/Value/StringWithMarkup/22/String,string,IT=100%
/Record/Section/6/Section/3/Information/4/Value/StringWithMarkup/23/String,string,β+≈100%; α=0.47±1.3%
/Record/Section/6/Section/3/Information/4/Value/StringWithMarkup/23/Markup/0/Start,number,1
/Record/Section/6/Section/3/Information/4/Value/StringWithMarkup/23/Markup/0/Length,number,1
/Record/Section/6/Section/3/Information/4/Value/StringWithMarkup/23/Markup/0/Type,string,Superscript
/Record/Section/6/Section/3/Information/4/Value/StringWithMarkup/24/String,string,β+=99.978±0.7%; α=0.022±0.7%
/Record/Section/6/Section/3/Information/4/Value/StringWithMarkup/24/Markup/0/Start,number,1
/Record/Section/6/Section/3/Information/4/Value/StringWithMarkup/24/Markup/0/Length,number,1
/Record/Section/6/Section/3/Information/4/Value/StringWithMarkup/24/Markup/0/Type,string,Superscript
/Record/Section/6/Section/3/Information/4/Value/StringWithMarkup/25/String,string,β+=100%; α=1.2e-5±0.3%
/Record/Section/6/Section/3/Information/4/Value/StringWithMarkup/25/Markup/0/Start,number,1
/Record/Section/6/Section/3/Information/4/Value/StringWithMarkup/25/Markup/0/Length,number,1
/Record/Section/6/Section/3/Information/4/Value/StringWithMarkup/25/Markup/0/Type,string,Superscript
/Record/Section/6/Section/3/Information/4/Value/StringWithMarkup/26/String,string,β+=100%
/Record/Section/6/Section/3/Information/4/Value/StringWithMarkup/26/Markup/0/Start,number,1
/Record/Section/6/Section/3/Information/4/Value/StringWithMarkup/26/Markup/0/Length,number,1
/Record/Section/6/Section/3/Information/4/Value/StringWithMarkup/26/Markup/0/Type,string,Superscript
/Record/Section/6/Section/3/Information/4/Value/StringWithMarkup/27/String,string,IT=100%
/Record/Section/6/Section/3/Information/4/Value/StringWithMarkup/28/String,string,ε=100%
/Record/Section/6/Section/3/Information/4/Value/StringWithMarkup/29/String,string,β+=100%
/Record/Section/6/Section/3/Information/4/Value/StringWithMarkup/29/Markup/0/Start,number,1
/Record/Section/6/Section/3/Information/4/Value/StringWithMarkup/29/Markup/0/Length,number,1
/Record/Section/6/Section/3/Information/4/Value/StringWithMarkup/29/Markup/0/Type,string,Superscript
/Record/Section/6/Section/3/Information/4/Value/StringWithMarkup/30/String,string,IT=100%
/Record/Section/6/Section/3/Information/4/Value/StringWithMarkup/31/String,string,IT=100%
/Record/Section/6/Section/3/Information/4/Value/StringWithMarkup/32/String,string,ε=100%
/Record/Section/6/Section/3/Information/4/Value/StringWithMarkup/33/String,string,β+=100%
/Record/Section/6/Section/3/Information/4/Value/StringWithMarkup/33/Markup/0/Start,number,1
/Record/Section/6/Section/3/Information/4/Value/StringWithMarkup/33/Markup/0/Length,number,1
/Record/Section/6/Section/3/Information/4/Value/StringWithMarkup/33/Markup/0/Type,string,Superscript
/Record/Section/6/Section/3/Information/4/Value/StringWithMarkup/34/String,string,IT=100%
/Record/Section/6/Section/3/Information/4/Value/StringWithMarkup/35/String,string,IS=0.139±0.5%; α ?; 2β+ ?
/Record/Section/6/Section/3/Information/4/Value/StringWithMarkup/35/Markup/0/Start,number,22
/Record/Section/6/Section/3/Information/4/Value/StringWithMarkup/35/Markup/0/Length,number,1
/Record/Section/6/Section/3/Information/4/Value/StringWithMarkup/35/Markup/0/Type,string,Superscript
/Record/Section/6/Section/3/Information/4/Value/StringWithMarkup/36/String,string,IT=100%
/Record/Section/6/Section/3/Information/4/Value/StringWithMarkup/37/String,string,β+=100%
/Record/Section/6/Section/3/Information/4/Value/StringWithMarkup/37/Markup/0/Start,number,1
/Record/Section/6/Section/3/Information/4/Value/StringWithMarkup/37/Markup/0/Length,number,1
/Record/Section/6/Section/3/Information/4/Value/StringWithMarkup/37/Markup/0/Type,string,Superscript
/Record/Section/6/Section/3/Information/4/Value/StringWithMarkup/38/String,string,IT=100%
/Record/Section/6/Section/3/Information/4/Value/StringWithMarkup/39/String,string,IS=1.601±0.3%; α ?; 2β+ ?
/Record/Section/6/Section/3/Information/4/Value/StringWithMarkup/39/Markup/0/Start,number,22
/Record/Section/6/Section/3/Information/4/Value/StringWithMarkup/39/Markup/0/Length,number,1
/Record/Section/6/Section/3/Information/4/Value/StringWithMarkup/39/Markup/0/Type,string,Superscript
/Record/Section/6/Section/3/Information/4/Value/StringWithMarkup/40/String,string,ε=100%
/Record/Section/6/Section/3/Information/4/Value/StringWithMarkup/41/String,string,IT=100%
/Record/Section/6/Section/3/Information/4/Value/StringWithMarkup/42/String,string,IT=100%
/Record/Section/6/Section/3/Information/4/Value/StringWithMarkup/43/String,string,IS=33.503±3.6%
/Record/Section/6/Section/3/Information/4/Value/StringWithMarkup/44/String,string,IS=22.869±0.9%
/Record/Section/6/Section/3/Information/4/Value/StringWithMarkup/45/String,string,IT=100%
/Record/Section/6/Section/3/Information/4/Value/StringWithMarkup/46/String,string,IS=26.978±1.8%
/Record/Section/6/Section/3/Information/4/Value/StringWithMarkup/47/String,string,IT=100%
/Record/Section/6/Section/3/Information/4/Value/StringWithMarkup/48/String,string,β-=100%
/Record/Section/6/Section/3/Information/4/Value/StringWithMarkup/48/Markup/0/Start,number,1
/Record/Section/6/Section/3/Information/4/Value/StringWithMarkup/48/Markup/0/Length,number,1
/Record/Section/6/Section/3/Information/4/Value/StringWithMarkup/48/Markup/0/Type,string,Superscript
/Record/Section/6/Section/3/Information/4/Value/StringWithMarkup/49/String,string,IT=100%
/Record/Section/6/Section/3/Information/4/Value/StringWithMarkup/50/String,string,IT=100%
/Record/Section/6/Section/3/Information/4/Value/StringWithMarkup/51/String,string,IS=14.910±3.6%; 2β- ?; α ?
/Record/Section/6/Section/3/Information/4/Value/StringWithMarkup/51/Markup/0/Start,number,18
/Record/Section/6/Section/3/Information/4/Value/StringWithMarkup/51/Markup/0/Length,number,1
/Record/Section/6/Section/3/Information/4/Value/StringWithMarkup/51/Markup/0/Type,string,Superscript
/Record/Section/6/Section/3/Information/4/Value/StringWithMarkup/52/String,string,β-=100%
/Record/Section/6/Section/3/Information/4/Value/StringWithMarkup/52/Markup/0/Start,number,1
/Record/Section/6/Section/3/Information/4/Value/StringWithMarkup/52/Markup/0/Length,number,1
/Record/Section/6/Section/3/Information/4/Value/StringWithMarkup/52/Markup/0/Type,string,Superscript
/Record/Section/6/Section/3/Information/4/Value/StringWithMarkup/53/String,string,IT=100%
/Record/Section/6/Section/3/Information/4/Value/StringWithMarkup/54/String,string,β-=100%
/Record/Section/6/Section/3/Information/4/Value/StringWithMarkup/54/Markup/0/Start,number,1
/Record/Section/6/Section/3/Information/4/Value/StringWithMarkup/54/Markup/0/Length,number,1
/Record/Section/6/Section/3/Information/4/Value/StringWithMarkup/54/Markup/0/Type,string,Superscript
/Record/Section/6/Section/3/Information/4/Value/StringWithMarkup/55/String,string,IT=100%
/Record/Section/6/Section/3/Information/4/Value/StringWithMarkup/56/String,string,β-=100%
/Record/Section/6/Section/3/Information/4/Value/StringWithMarkup/56/Markup/0/Start,number,1
/Record/Section/6/Section/3/Information/4/Value/StringWithMarkup/56/Markup/0/Length,number,1
/Record/Section/6/Section/3/Information/4/Value/StringWithMarkup/56/Markup/0/Type,string,Superscript
/Record/Section/6/Section/3/Information/4/Value/StringWithMarkup/57/String,string,β-=100%
/Record/Section/6/Section/3/Information/4/Value/StringWithMarkup/57/Markup/0/Start,number,1
/Record/Section/6/Section/3/Information/4/Value/StringWithMarkup/57/Markup/0/Length,number,1
/Record/Section/6/Section/3/Information/4/Value/StringWithMarkup/57/Markup/0/Type,string,Superscript
/Record/Section/6/Section/3/Information/4/Value/StringWithMarkup/58/String,string,IT=100%
/Record/Section/6/Section/3/Information/4/Value/StringWithMarkup/59/String,string,β-=100%
/Record/Section/6/Section/3/Information/4/Value/StringWithMarkup/59/Markup/0/Start,number,1
/Record/Section/6/Section/3/Information/4/Value/StringWithMarkup/59/Markup/0/Length,number,1
/Record/Section/6/Section/3/Information/4/Value/StringWithMarkup/59/Markup/0/Type,string,Superscript
/Record/Section/6/Section/3/Information/4/Value/StringWithMarkup/60/String,string,β- ?
/Record/Section/6/Section/3/Information/4/Value/StringWithMarkup/60/Markup/0/Start,number,1
/Record/Section/6/Section/3/Information/4/Value/StringWithMarkup/60/Markup/0/Length,number,1
/Record/Section/6/Section/3/Information/4/Value/StringWithMarkup/60/Markup/0/Type,string,Superscript
/Record/Section/6/Section/3/Information/4/Value/StringWithMarkup/61/String,string,β- ?
/Record/Section/6/Section/3/Information/4/Value/StringWithMarkup/61/Markup/0/Start,number,1
/Record/Section/6/Section/3/Information/4/Value/StringWithMarkup/61/Markup/0/Length,number,1
/Record/Section/6/Section/3/Information/4/Value/StringWithMarkup/61/Markup/0/Type,string,Superscript
/Record/Section/6/Section/3/Information/4/Value/StringWithMarkup/62/String,string,β- ?
/Record/Section/6/Section/3/Information/4/Value/StringWithMarkup/62/Markup/0/Start,number,1
/Record/Section/6/Section/3/Information/4/Value/StringWithMarkup/62/Markup/0/Length,number,1
/Record/Section/6/Section/3/Information/4/Value/StringWithMarkup/62/Markup/0/Type,string,Superscript
/Record/Section/6/Section/3/Information/4/Value/StringWithMarkup/63/String,string,β- ?; β-n ?
/Record/Section/6/Section/3/Information/4/Value/StringWithMarkup/63/Markup/0/Start,number,1
/Record/Section/6/Section/3/Information/4/Value/StringWithMarkup/63/Markup/0/Length,number,1
/Record/Section/6/Section/3/Information/4/Value/StringWithMarkup/63/Markup/0/Type,string,Superscript
/Record/Section/6/Section/3/Information/4/Value/StringWithMarkup/63/Markup/1/Start,number,7
/Record/Section/6/Section/3/Information/4/Value/StringWithMarkup/63/Markup/1/Length,number,1
/Record/Section/6/Section/3/Information/4/Value/StringWithMarkup/63/Markup/1/Type,string,Superscript
/Record/Section/6/Section/3/Information/4/Value/StringWithMarkup/64/String,string,β- ?; β-n ?
/Record/Section/6/Section/3/Information/4/Value/StringWithMarkup/64/Markup/0/Start,number,1
/Record/Section/6/Section/3/Information/4/Value/StringWithMarkup/64/Markup/0/Length,number,1
/Record/Section/6/Section/3/Information/4/Value/StringWithMarkup/64/Markup/0/Type,string,Superscript
/Record/Section/6/Section/3/Information/4/Value/StringWithMarkup/64/Markup/1/Start,number,7
/Record/Section/6/Section/3/Information/4/Value/StringWithMarkup/64/Markup/1/Length,number,1
/Record/Section/6/Section/3/Information/4/Value/StringWithMarkup/64/Markup/1/Type,string,Superscript
/Record/Reference/0/ReferenceNumber,number,1
/Record/Reference/0/SourceName,string,PubChem
/Record/Reference/0/SourceID,string,PubChem
/Record/Reference/0/Description,string,Data deposited in or computed by PubChem
/Record/Reference/0/URL,string,https://pubchem.ncbi.nlm.nih.gov
/Record/Reference/1/ReferenceNumber,number,2
/Record/Reference/1/SourceName,string,"Atomic Mass Data Center (AMDC), International Atomic Energy Agency (IAEA)"
/Record/Reference/1/SourceID,string,e68
/Record/Reference/1/Name,string,Er
/Record/Reference/1/Description,string,The half-life and atomic mass data was provided by the Atomic Mass Data Center at the International Atomic Energy Agency.
/Record/Reference/1/URL,string,https://www-nds.iaea.org/amdc/
/Record/Reference/1/LicenseURL,string,https://www-nds.iaea.org/disclaimer.html
/Record/Reference/1/ANID,number,6590295
/Record/Reference/2/ReferenceNumber,number,3
/Record/Reference/2/SourceName,string,IUPAC Commission on Isotopic Abundances and Atomic Weights (CIAAW)
/Record/Reference/2/SourceID,string,a68
/Record/Reference/2/Name,string,Erbium
/Record/Reference/2/Description,string,Element data are cited from the Atomic weights of the elements (an IUPAC Technical Report). The IUPAC periodic table of elements can be found at https://iupac.org/what-we-do/periodic-table-of-elements/. Additional information can be found within IUPAC publication doi:10.1515/pac-2015-0703 Copyright © 2020 International Union of Pure and Applied Chemistry.
/Record/Reference/2/URL,string,https://www.ciaaw.org/erbium.htm
/Record/Reference/2/LicenseURL,string,http://www.ciaaw.org/bylaws.htm
/Record/Reference/2/ANID,number,2292449
/Record/Reference/3/ReferenceNumber,number,5
/Record/Reference/3/SourceName,string,"Jefferson Lab, U.S. Department of Energy"
/Record/Reference/3/SourceID,string,jlab68
/Record/Reference/3/Name,string,Erbium
/Record/Reference/3/Description,string,"Thomas Jefferson National Accelerator Facility (Jefferson Lab) is one of 17 national laboratories funded by the U.S. Department of Energy. The lab's primary mission is to conduct basic research of the atom's nucleus using the lab's unique particle accelerator, known as the Continuous Electron Beam Accelerator Facility (CEBAF). For more information visit https://www.jlab.org/"
/Record/Reference/3/URL,string,https://education.jlab.org/itselemental/ele068.html
/Record/Reference/3/LicenseNote,string,Please see citation and linking information: https://education.jlab.org/faq/index.html
/Record/Reference/3/LicenseURL,string,https://www.jlab.org/privacy-and-security-notice
/Record/Reference/3/ANID,number,507130
/Record/Reference/4/ReferenceNumber,number,6
/Record/Reference/4/SourceName,string,"Los Alamos National Laboratory, U.S. Department of Energy"
/Record/Reference/4/SourceID,string,lanl68
/Record/Reference/4/Name,string,Erbium
/Record/Reference/4/Description,string,"The periodic table at the LANL (Los Alamos National Laboratory) contains basic element information together with the history, source, properties, use, handling and more. The provenance data may be found from the link under the source name."
/Record/Reference/4/URL,string,https://periodic.lanl.gov/68.shtml
/Record/Reference/4/ANID,number,507248
/Record/Reference/5/ReferenceNumber,number,7
/Record/Reference/5/SourceName,string,NIST Physical Measurement Laboratory
/Record/Reference/5/SourceID,string,e68
/Record/Reference/5/Name,string,Erbium
/Record/Reference/5/Description,string,"The periodic table contains NIST's critically-evaluated data on atomic properties of the elements. The provenance data that include data for atomic spectroscopy, X-ray and gamma ray, radiation dosimetry, nuclear physics, and condensed matter physics may be found from the link under the source name. Ref: https://www.nist.gov/pml/atomic-spectra-database"
/Record/Reference/5/URL,string,https://physics.nist.gov/cgi-bin/Elements/elInfo.pl?element=68
/Record/Reference/5/LicenseURL,string,https://www.nist.gov/pml/database-disclaimer
/Record/Reference/5/ANID,number,2292685
/Record/Reference/6/ReferenceNumber,number,4
/Record/Reference/6/SourceName,string,IUPAC Periodic Table of the Elements and Isotopes (IPTEI)
/Record/Reference/6/SourceID,string,p68
/Record/Reference/6/Description,string,"The information are cited from Pure Appl. Chem. 2018; 90(12): 1833-2092, https://doi.org/10.1515/pac-2015-0703."
/Record/Reference/6/URL,string,https://doi.org/10.1515/pac-2015-0703
/Record/Reference/6/LicenseNote,string,"Copyright (c) 2020 International Union of Pure and Applied Chemistry.

The International Union of Pure and Applied Chemistry (IUPAC) contribution within Pubchem is provided under a CC-BY-NC-ND 4.0 license, unless otherwise stated."
/Record/Reference/6/LicenseURL,string,https://creativecommons.org/licenses/by-nc-nd/4.0/
/Record/Reference/6/ANID,number,13296473
/Record/Reference/7/ReferenceNumber,number,9
/Record/Reference/7/SourceName,string,PubChem Elements
/Record/Reference/7/SourceID,string,ep_68
/Record/Reference/7/Name,string,Erbium
/Record/Reference/7/Description,string,The element property data was retrieved from publications.
/Record/Reference/7/LicenseURL,string,https://www.nlm.nih.gov/copyright.html
/Record/Reference/7/ANID,number,24834172
/Record/Reference/8/ReferenceNumber,number,8
/Record/Reference/8/SourceName,string,PubChem Elements
/Record/Reference/8/SourceID,string,ef_68
/Record/Reference/8/Name,string,Erbium
/Record/Reference/8/Description,string,This section provides all form of data related to element Erbium.
/Record/Reference/8/LicenseURL,string,https://www.nlm.nih.gov/copyright.html
/Record/Reference/8/ANID,number,24833996
