path,type,value
/Record/RecordType,string,AtomicNumber
/Record/RecordNumber,number,27
/Record/RecordTitle,string,Cobalt
/Record/Section/0/TOCHeading,string,Identifiers
/Record/Section/0/Description,string,"Identifiers for this element, including element name, element symbol, InChI string, and InChIKey."
/Record/Section/0/Section/0/TOCHeading,string,Element Name
/Record/Section/0/Section/0/Description,string,"The formal, standard name for a given element, originating from factors such as common usage and the person or place involved in its discovery. Element, also called chemical element, refers to a species of atom; all varieties of atoms with the same number of protons in the nucleus (but possibly a different number of neutrons) are considered to be the same element."
/Record/Section/0/Section/0/Information/0/ReferenceNumber,number,1
/Record/Section/0/Section/0/Information/0/Name,string,Element Name
/Record/Section/0/Section/0/Information/0/Value/StringWithMarkup/0/String,string,Cobalt
/Record/Section/0/Section/0/Information/1/ReferenceNumber,number,3
/Record/Section/0/Section/0/Information/1/Name,string,Element Name
/Record/Section/0/Section/0/Information/1/Value/StringWithMarkup/0/String,string,Cobalt
/Record/Section/0/Section/1/TOCHeading,string,Element Symbol
/Record/Section/0/Section/1/Description,string,"Element symbol, also called atomic symbol, typically consists of one or two letters from the Latin alphabet derived from the element name in one of several languages."
/Record/Section/0/Section/1/Information/0/ReferenceNumber,number,1
/Record/Section/0/Section/1/Information/0/Name,string,Element Symbol
/Record/Section/0/Section/1/Information/0/Value/StringWithMarkup/0/String,string,Co
/Record/Section/0/Section/1/Information/1/ReferenceNumber,number,3
/Record/Section/0/Section/1/Information/1/Name,string,Element Symbol
/Record/Section/0/Section/1/Information/1/Value/StringWithMarkup/0/String,string,Co
/Record/Section/0/Section/2/TOCHeading,string,InChI
/Record/Section/0/Section/2/Description,string,"The International Chemical Identifier (InChI) is a computed, non-proprietary identifier for a chemical structure.  The InChI is an International Union of Pure and Applied Chemistry (IUPAC) standard."
/Record/Section/0/Section/2/URL,string,https://iupac.org/who-we-are/divisions/division-details/inchi/
/Record/Section/0/Section/2/Information/0/ReferenceNumber,number,1
/Record/Section/0/Section/2/Information/0/Name,string,InChI
/Record/Section/0/Section/2/Information/0/Value/StringWithMarkup/0/String,string,InChI=1S/Co
/Record/Section/0/Section/3/TOCHeading,string,InChIKey
/Record/Section/0/Section/3/Description,string,"An InChIKey is a 27-character hashed code derived from an InChI.  The International Chemical Identifier (InChI) is a computed, non-proprietary identifier for a chemical structure.  The InChI is an International Union of Pure and Applied Chemistry (IUPAC) standard."
/Record/Section/0/Section/3/URL,string,https://iupac.org/who-we-are/divisions/division-details/inchi/
/Record/Section/0/Section/3/Information/0/ReferenceNumber,number,1
/Record/Section/0/Section/3/Information/0/Name,string,InChIKey
/Record/Section/0/Section/3/Information/0/Value/StringWithMarkup/0/String,string,GUTLYIVDDKVIGB-UHFFFAOYSA-N
/Record/Section/1/TOCHeading,string,Properties
/Record/Section/1/Description,string,"Characteristics of this element, such as atomic number, atomic mass, density, melting point, boiling point and so on."
/Record/Section/1/Section/0/TOCHeading,string,Atomic Weight
/Record/Section/1/Section/0/Description,string,"Also called relative atomic mass, is the ratio of the average mass of the atom to the unified atomic mass unit, defined as one twelfth of the mass of a carbon-12 atom in its ground state and used to express masses of atomic particles, u=1.660 5402(10) * 10**(-27) kg. The Standard atomic weights refer to recommended values of relative atomic masses of the elements revised biennially by the IUPAC Commission on Atomic Weights and Isotopic Abundances and applicable to elements in any normal sample with a high level of confidence. The number in the parenthesis refers to an uncertainty when exists. The unit of atomic weight is the dalton or unified atomic mass unit (symbol: Da or u)."
/Record/Section/1/Section/0/Information/0/ReferenceNumber,number,3
/Record/Section/1/Section/0/Information/0/Name,string,Atomic Weight
/Record/Section/1/Section/0/Information/0/Value/StringWithMarkup/0/String,string,58.933 194(3)
/Record/Section/1/Section/0/Information/1/ReferenceNumber,number,5
/Record/Section/1/Section/0/Information/1/Value/StringWithMarkup/0/String,string,58.933194
/Record/Section/1/Section/0/Information/2/ReferenceNumber,number,6
/Record/Section/1/Section/0/Information/2/Value/StringWithMarkup/0/String,string,58.93
/Record/Section/1/Section/0/Information/3/ReferenceNumber,number,7
/Record/Section/1/Section/0/Information/3/Value/StringWithMarkup/0/String,string,58.933194(4)
/Record/Section/1/Section/1/TOCHeading,string,Electron Configuration
/Record/Section/1/Section/1/Description,string,"The electron configuration refers a distribution of the electrons of an atom or a molecular entity over a set of one-electron wavefunctions (called orbitals), according to the Pauli principle. From one configuration several states with different multiplicities may result."
/Record/Section/1/Section/1/URL,string,https://chem.libretexts.org/Courses/Sacramento_City_College/SCC%3A_Chem_420_-_Organic_Chemistry_I/Text/01%3A_Introduction_and_Review/1.04%3A_Electron_Configurations
/Record/Section/1/Section/1/Information/0/ReferenceNumber,number,6
/Record/Section/1/Section/1/Information/0/Value/StringWithMarkup/0/String,string,[Ar]4s23d7
/Record/Section/1/Section/1/Information/0/Value/StringWithMarkup/0/Markup/0/Start,number,6
/Record/Section/1/Section/1/Information/0/Value/StringWithMarkup/0/Markup/0/Length,number,1
/Record/Section/1/Section/1/Information/0/Value/StringWithMarkup/0/Markup/0/Type,string,Superscript
/Record/Section/1/Section/1/Information/0/Value/StringWithMarkup/0/Markup/1/Start,number,9
/Record/Section/1/Section/1/Information/0/Value/StringWithMarkup/0/Markup/1/Length,number,1
/Record/Section/1/Section/1/Information/0/Value/StringWithMarkup/0/Markup/1/Type,string,Superscript
/Record/Section/1/Section/2/TOCHeading,string,Atomic Radius
/Record/Section/1/Section/2/Description,string,"The atomic radius of a chemical element is a measure of the size of its atom, usually, the distance from the center of the nucleus to the outermost isolated electron.  Because an atom does not have a discrete boundary, there are various non-equivalent definitions of atomic radius, such as Van der Waals radius and covalent radius."
/Record/Section/1/Section/2/Information/0/ReferenceNumber,number,6
/Record/Section/1/Section/2/Information/0/Name,string,Van der Waals Atomic Radius
/Record/Section/1/Section/2/Information/0/Value/StringWithMarkup/0/String,string,192 pm (Van der Waals)
/Record/Section/1/Section/2/Information/1/ReferenceNumber,number,9
/Record/Section/1/Section/2/Information/1/Name,string,Empirical Atomic Radius
/Record/Section/1/Section/2/Information/1/Reference/0,string,"J.C. Slater, J Chem Phys, 1964, 41(10), 3199-3205. DOI:10.1063/1.1725697"
/Record/Section/1/Section/2/Information/1/ExtendedReference/0/Citation,string,"J.C. Slater, J Chem Phys, 1964, 41(10), 3199-3205. DOI:10.1063/1.1725697"
/Record/Section/1/Section/2/Information/1/Value/Number/0,number,135
/Record/Section/1/Section/2/Information/1/Value/Unit,string,pm (Empirical)
/Record/Section/1/Section/2/Information/2/ReferenceNumber,number,9
/Record/Section/1/Section/2/Information/2/Name,string,Covalent Atomic Radius
/Record/Section/1/Section/2/Information/2/Reference/0,string,"B. Cordero, V. Gómez, A.E. Platero-Prats, M. Revés, J. Echeverría, E. Cremades, F. Barragán, S. Alvarez, Dalton Trans. 2008, 21, 2832-2838. DOI:10.1039/b801115j PMID:18478144."
/Record/Section/1/Section/2/Information/2/ExtendedReference/0/Citation,string,"B. Cordero, V. Gómez, A.E. Platero-Prats, M. Revés, J. Echeverría, E. Cremades, F. Barragán, S. Alvarez, Dalton Trans. 2008, 21, 2832-2838. DOI:10.1039/b801115j PMID:18478144."
/Record/Section/1/Section/2/Information/2/Value/StringWithMarkup/0/String,string,"126(3)[l.s.], 150(7)[h.s.] pm (Covalent)"
/Record/Section/1/Section/3/TOCHeading,string,Oxidation States
/Record/Section/1/Section/3/Description,string,"The oxidation state(s) that this element commonly has in a compound.  The oxidation state of an atom is defined as the hypothetical charge that would be held by that atom if all of its bonds to other atoms were completely ionic in nature. For example, the oxidation state of carbon in CO2 would be +4 since the hypothetical charge held by the carbon atom if both of the carbon-oxygen double bonds were completely ionic would be equal to +4 (each oxygen atom would hold a charge of -2 since oxygen is more electronegative than carbon)."
/Record/Section/1/Section/3/URL,string,https://chem.libretexts.org/Bookshelves/General_Chemistry/Map%3A_Chemistry_-_The_Central_Science_(Brown_et_al.)/20%3A_Electrochemistry/20.01%3A_Oxidation_States_and_Redox_Reactions
/Record/Section/1/Section/3/Information/0/ReferenceNumber,number,5
/Record/Section/1/Section/3/Information/0/Value/StringWithMarkup/0/String,string,"+3, +2"
/Record/Section/1/Section/3/Information/1/ReferenceNumber,number,6
/Record/Section/1/Section/3/Information/1/Value/StringWithMarkup/0/String,string,"-3, -1, +1, +2, +3, +4, +5 ​(an amphoteric oxide)"
/Record/Section/1/Section/4/TOCHeading,string,Ground Level
/Record/Section/1/Section/4/Description,string,Also called ground-state level. The ground state electron configuration is the arrangement of electrons around the nucleus of an atom with lower energy levels.
/Record/Section/1/Section/4/Information/0/ReferenceNumber,number,7
/Record/Section/1/Section/4/Information/0/Value/StringWithMarkup/0/String,string,4F9/2
/Record/Section/1/Section/4/Information/0/Value/StringWithMarkup/0/Markup/0/Start,number,0
/Record/Section/1/Section/4/Information/0/Value/StringWithMarkup/0/Markup/0/Length,number,1
/Record/Section/1/Section/4/Information/0/Value/StringWithMarkup/0/Markup/0/Type,string,Superscript
/Record/Section/1/Section/4/Information/0/Value/StringWithMarkup/0/Markup/1/Start,number,2
/Record/Section/1/Section/4/Information/0/Value/StringWithMarkup/0/Markup/1/Length,number,3
/Record/Section/1/Section/4/Information/0/Value/StringWithMarkup/0/Markup/1/Type,string,Subscript
/Record/Section/1/Section/5/TOCHeading,string,Ionization Energy
/Record/Section/1/Section/5/Description,string,"Ionization energy, also called ionization potential, is the amount of energy required to remove an electron from an isolated atom or molecule."
/Record/Section/1/Section/5/URL,string,https://www.britannica.com/science/ionization-energy
/Record/Section/1/Section/5/Information/0/ReferenceNumber,number,5
/Record/Section/1/Section/5/Information/0/Value/StringWithMarkup/0/String,string,7.881 eV
/Record/Section/1/Section/5/Information/1/ReferenceNumber,number,7
/Record/Section/1/Section/5/Information/1/Reference/0,string,"Completing the Iron Period: Double-Resonance, Fluorescence-Dip Rydberg Spectroscopy and Ionization Potentials of Titanium, Vanadium, Iron, Cobalt, and Nickel, R. H. Page and C. S. Gudeman, J. Opt. Soc. Am. B 7, 1761–1771 (1990) DOI:10.1364/JOSAB.7.001761"
/Record/Section/1/Section/5/Information/1/ExtendedReference/0/Citation,string,"Completing the Iron Period: Double-Resonance, Fluorescence-Dip Rydberg Spectroscopy and Ionization Potentials of Titanium, Vanadium, Iron, Cobalt, and Nickel, R. H. Page and C. S. Gudeman, J. Opt. Soc. Am. B 7, 1761–1771 (1990) DOI:10.1364/JOSAB.7.001761"
/Record/Section/1/Section/5/Information/1/Value/StringWithMarkup/0/String,string,7.88101 ± 0.00012 eV
/Record/Section/1/Section/6/TOCHeading,string,Electronegativity
/Record/Section/1/Section/6/Description,string,Electronegativity is a measure of the tendency of an atom to attract a bonding pair of electrons.
/Record/Section/1/Section/6/URL,string,https://chem.libretexts.org/Bookshelves/Physical_and_Theoretical_Chemistry_Textbook_Maps/Supplemental_Modules_(Physical_and_Theoretical_Chemistry)/Physical_Properties_of_Matter/Atomic_and_Molecular_Properties/Electronegativity
/Record/Section/1/Section/6/Information/0/ReferenceNumber,number,9
/Record/Section/1/Section/6/Information/0/Name,string,Pauling Scale Electronegativity
/Record/Section/1/Section/6/Information/0/Reference/0,string,"A.L. Allred, J. Inorg. Nucl. Chem., 1961, 17(3-4), 215-221. DOI:10.1016/0022-1902(61)80142-5"
/Record/Section/1/Section/6/Information/0/ExtendedReference/0/Citation,string,"A.L. Allred, J. Inorg. Nucl. Chem., 1961, 17(3-4), 215-221. DOI:10.1016/0022-1902(61)80142-5"
/Record/Section/1/Section/6/Information/0/Value/Number/0,number,1.88
/Record/Section/1/Section/6/Information/0/Value/Unit,string,(Pauling Scale)
/Record/Section/1/Section/6/Information/1/ReferenceNumber,number,9
/Record/Section/1/Section/6/Information/1/Name,string,Allen Scale Electronegativity
/Record/Section/1/Section/6/Information/1/Reference/0,string,"L.C. Allen, J. Am. Chem. Soc., 1989, 111, 9003. DOI:10.1021/ja00207a003"
/Record/Section/1/Section/6/Information/1/Reference/1,string,"J.B. Mann, T.L. Meek and L.C. Allen, J. Am. Chem. Soc., 2000, 122, 2780. DOI:10.1021/ja992866e"
/Record/Section/1/Section/6/Information/1/Reference/2,string,"J.B. Mann, T.L. Meek, E.T. Knight, J.F. Capitani and L.C Allen, J. Am. Chem. Soc., 2000, 122, 5132. DOI:10.1021/ja9928677"
/Record/Section/1/Section/6/Information/1/ExtendedReference/0/Citation,string,"L.C. Allen, J. Am. Chem. Soc., 1989, 111, 9003. DOI:10.1021/ja00207a003"
/Record/Section/1/Section/6/Information/1/ExtendedReference/1/Citation,string,"J.B. Mann, T.L. Meek and L.C. Allen, J. Am. Chem. Soc., 2000, 122, 2780. DOI:10.1021/ja992866e"
/Record/Section/1/Section/6/Information/1/ExtendedReference/2/Citation,string,"J.B. Mann, T.L. Meek, E.T. Knight, J.F. Capitani and L.C Allen, J. Am. Chem. Soc., 2000, 122, 5132. DOI:10.1021/ja9928677"
/Record/Section/1/Section/6/Information/1/Value/Number/0,number,1.84
/Record/Section/1/Section/6/Information/1/Value/Unit,string,(Allen Scale)
/Record/Section/1/Section/7/TOCHeading,string,Electron Affinity
/Record/Section/1/Section/7/Description,string,"Electron affinity refers to the energy released when an additional electron is attached to a neutral atom to form a singly charged negative ion.  Alternatively, it can also be defined as the energy required to detach an electron from the singly charged negative ion."
/Record/Section/1/Section/7/URL,string,https://chem.libretexts.org/Bookshelves/Physical_and_Theoretical_Chemistry_Textbook_Maps/Supplemental_Modules_(Physical_and_Theoretical_Chemistry)/Physical_Properties_of_Matter/Atomic_and_Molecular_Properties/Electron_Affinity
/Record/Section/1/Section/7/Information/0/ReferenceNumber,number,9
/Record/Section/1/Section/7/Information/0/Reference/0,string,"R.T Myers, J. Chem. Edu., 1990, 67(4), 307. DOI:10.1021/ed067p307"
/Record/Section/1/Section/7/Information/0/ExtendedReference/0/Citation,string,"R.T Myers, J. Chem. Edu., 1990, 67(4), 307. DOI:10.1021/ed067p307"
/Record/Section/1/Section/7/Information/0/Value/Number/0,number,0.661
/Record/Section/1/Section/7/Information/0/Value/Unit,string,eV
/Record/Section/1/Section/7/Information/1/ReferenceNumber,number,9
/Record/Section/1/Section/7/Information/1/Reference/0,string,"R.J. Zollweg, J. Chem. Phys., 1969, 50, 4251. DOI:10.1063/1.1670890"
/Record/Section/1/Section/7/Information/1/ExtendedReference/0/Citation,string,"R.J. Zollweg, J. Chem. Phys., 1969, 50, 4251. DOI:10.1063/1.1670890"
/Record/Section/1/Section/7/Information/1/Value/Number/0,number,1.06
/Record/Section/1/Section/7/Information/1/Value/Unit,string,eV
/Record/Section/1/Section/8/TOCHeading,string,Atomic Spectra
/Record/Section/1/Section/8/Description,string,The spectrum of the electromagnetic radiation emitted or absorbed by an electron during transitions between different energy levels within an atom.
/Record/Section/1/Section/8/Information/0/ReferenceNumber,number,7
/Record/Section/1/Section/8/Information/0/URL,string,https://physics.nist.gov/cgi-bin/ASD/lines_hold.pl?el=Co
/Record/Section/1/Section/8/Information/0/Value/StringWithMarkup/0/String,string,Lines Holdings
/Record/Section/1/Section/8/Information/1/ReferenceNumber,number,7
/Record/Section/1/Section/8/Information/1/URL,string,https://physics.nist.gov/cgi-bin/ASD/levels_hold.pl?el=Co
/Record/Section/1/Section/8/Information/1/Value/StringWithMarkup/0/String,string,Levels Holdings
/Record/Section/1/Section/9/TOCHeading,string,Physical Description
/Record/Section/1/Section/9/Description,string,"The appearance or features of this element, including color, odor, state, taste and more in general."
/Record/Section/1/Section/9/Information/0/ReferenceNumber,number,5
/Record/Section/1/Section/9/Information/0/Value/StringWithMarkup/0/String,string,Solid
/Record/Section/1/Section/10/TOCHeading,string,Element Classification
/Record/Section/1/Section/10/Description,string,"Classification according to the element's chemical and physical properties, and location within the periodic table."
/Record/Section/1/Section/10/Information/0/ReferenceNumber,number,5
/Record/Section/1/Section/10/Information/0/Value/StringWithMarkup/0/String,string,Metal
/Record/Section/1/Section/11/TOCHeading,string,Element Period Number
/Record/Section/1/Section/11/Description,string,The element period number refers to a horizontal row of the periodic table. The periodic table has 7 periods.
/Record/Section/1/Section/11/Information/0/ReferenceNumber,number,5
/Record/Section/1/Section/11/Information/0/Value/StringWithMarkup/0/String,string,4
/Record/Section/1/Section/12/TOCHeading,string,Element Group Number
/Record/Section/1/Section/12/Description,string,Element group refers to a set of chemical elements in the same vertical column of the periodic table
/Record/Section/1/Section/12/Information/0/ReferenceNumber,number,5
/Record/Section/1/Section/12/Information/0/Value/StringWithMarkup/0/String,string,9
/Record/Section/1/Section/13/TOCHeading,string,Density
/Record/Section/1/Section/13/Description,string,This section provides information on the density of an element. It is the mass of a unit volume of the element and commonly expressed in units of kg/m3 or g/cm3.
/Record/Section/1/Section/13/URL,string,https://chem.libretexts.org/Bookshelves/Introductory_Chemistry/Map%3A_Fundamentals_of_General_Organic_and_Biological_Chemistry_(McMurry_et_al.)/01%3A_Matter_and_Measurements/1.12%3A_Density_and_Specific_Gravity
/Record/Section/1/Section/13/Information/0/ReferenceNumber,number,5
/Record/Section/1/Section/13/Information/0/Value/StringWithMarkup/0/String,string,8.86 grams per cubic centimeter
/Record/Section/1/Section/14/TOCHeading,string,Melting Point
/Record/Section/1/Section/14/Description,string,"This section provides the melting point and/or freezing point. The melting point is the temperature at which a substance changes state from solid to liquid at atmospheric pressure. When considered as the temperature of the reverse change (from liquid to solid), it is referred to as the freezing point."
/Record/Section/1/Section/14/URL,string,https://chem.libretexts.org/Bookshelves/Organic_Chemistry/Organic_Chemistry_Lab_Techniques_(Nichols)/06%3A_Miscellaneous_Techniques/6.01%3A_Melting_Point
/Record/Section/1/Section/14/Information/0/ReferenceNumber,number,5
/Record/Section/1/Section/14/Information/0/Value/StringWithMarkup/0/String,string,1768 K (1495°C or 2723°F)
/Record/Section/1/Section/14/Information/1/ReferenceNumber,number,6
/Record/Section/1/Section/14/Information/1/Value/StringWithMarkup/0/String,string,1495°C
/Record/Section/1/Section/15/TOCHeading,string,Boiling Point
/Record/Section/1/Section/15/Description,string,The temperature at which this element changes state from liquid to gas at a given atmospheric pressure.
/Record/Section/1/Section/15/URL,string,https://chem.libretexts.org/Bookshelves/Organic_Chemistry/Organic_Chemistry_Lab_Techniques_(Nichols)/06%3A_Miscellaneous_Techniques/6.02%3A_Boiling_Point
/Record/Section/1/Section/15/Information/0/ReferenceNumber,number,5
/Record/Section/1/Section/15/Information/0/Value/StringWithMarkup/0/String,string,3200 K (2927°C or 5301°F)
/Record/Section/1/Section/15/Information/1/ReferenceNumber,number,6
/Record/Section/1/Section/15/Information/1/Value/StringWithMarkup/0/String,string,2927°C
/Record/Section/1/Section/16/TOCHeading,string,Estimated Crustal Abundance
/Record/Section/1/Section/16/Description,string,The estimated element abundance in the earth's crust.
/Record/Section/1/Section/16/Information/0/ReferenceNumber,number,5
/Record/Section/1/Section/16/Information/0/Value/StringWithMarkup/0/String,string,2.5×101 milligrams per kilogram
/Record/Section/1/Section/16/Information/0/Value/StringWithMarkup/0/Markup/0/Start,number,6
/Record/Section/1/Section/16/Information/0/Value/StringWithMarkup/0/Markup/0/Length,number,1
/Record/Section/1/Section/16/Information/0/Value/StringWithMarkup/0/Markup/0/Type,string,Superscript
/Record/Section/1/Section/17/TOCHeading,string,Estimated Oceanic Abundance
/Record/Section/1/Section/17/Description,string,The estimated element abundance in the earth's oceans.
/Record/Section/1/Section/17/Information/0/ReferenceNumber,number,5
/Record/Section/1/Section/17/Information/0/Value/StringWithMarkup/0/String,string,2×10-5 milligrams per liter
/Record/Section/1/Section/17/Information/0/Value/StringWithMarkup/0/Markup/0/Start,number,4
/Record/Section/1/Section/17/Information/0/Value/StringWithMarkup/0/Markup/0/Length,number,2
/Record/Section/1/Section/17/Information/0/Value/StringWithMarkup/0/Markup/0/Type,string,Superscript
/Record/Section/2/TOCHeading,string,History
/Record/Section/2/Description,string,The history of the discovery and use of this element.
/Record/Section/2/Information/0/ReferenceNumber,number,3
/Record/Section/2/Information/0/Name,string,History
/Record/Section/2/Information/0/Value/StringWithMarkup/0/String,string,"The name derives from the German Kobold for ""evil spirits"" or ""goblins"", who were superstitiously thought to cause trouble for miners because the mineral contained arsenic that injured their health and the metallic ores did not yield metals when treated with the normal methods. Cobalt was discovered in 1735 by the Swedish chemist Georg Brandt."
/Record/Section/2/Information/0/Value/StringWithMarkup/0/Markup/0/Start,number,33
/Record/Section/2/Information/0/Value/StringWithMarkup/0/Markup/0/Length,number,6
/Record/Section/2/Information/0/Value/StringWithMarkup/0/Markup/0/Type,string,Italics
/Record/Section/2/Information/1/ReferenceNumber,number,5
/Record/Section/2/Information/1/Value/StringWithMarkup/0/String,string,"Cobalt was discovered by Georg Brandt, a Swedish chemist, in 1739. Brandt was attempting to prove that the ability of certain minerals to color glass blue was due to an unknown element and not to bismuth, as was commonly believed at the time. Cobalt's primary ores are cobaltite (CoAsS) and erythrite (Co3(AsO4)2). Cobalt is usually recovered as a byproduct of mining and refining nickel, silver, lead, copper and iron."
/Record/Section/2/Information/1/Value/StringWithMarkup/0/Markup/0/Start,number,304
/Record/Section/2/Information/1/Value/StringWithMarkup/0/Markup/0/Length,number,1
/Record/Section/2/Information/1/Value/StringWithMarkup/0/Markup/0/Type,string,Subscript
/Record/Section/2/Information/1/Value/StringWithMarkup/0/Markup/1/Start,number,309
/Record/Section/2/Information/1/Value/StringWithMarkup/0/Markup/1/Length,number,1
/Record/Section/2/Information/1/Value/StringWithMarkup/0/Markup/1/Type,string,Subscript
/Record/Section/2/Information/1/Value/StringWithMarkup/0/Markup/2/Start,number,311
/Record/Section/2/Information/1/Value/StringWithMarkup/0/Markup/2/Length,number,1
/Record/Section/2/Information/1/Value/StringWithMarkup/0/Markup/2/Type,string,Subscript
/Record/Section/2/Information/2/ReferenceNumber,number,6
/Record/Section/2/Information/2/Value/StringWithMarkup/0/String,string,"From the German word Kobald, goblin or evil spirit; also from the Greek cobalos, mine. George Brandt discovered cobalt in 1735."
/Record/Section/2/Section/0/TOCHeading,string,Historical Atomic Weights
/Record/Section/2/Section/0/Description,string,This section provides the historical atomic weights. The atomic weight shown in brackets means the value range while others shown with uncertainty in parenthesis.
/Record/Section/2/Section/0/DisplayControls/CreateTable/FromInformationIn,string,ThisSection
/Record/Section/2/Section/0/DisplayControls/CreateTable/NumberOfColumns,number,3
/Record/Section/2/Section/0/DisplayControls/CreateTable/ColumnsFromNamedLists/Name/0,string,Year
/Record/Section/2/Section/0/DisplayControls/CreateTable/ColumnsFromNamedLists/Name/1,string,Atomic Weight (uncertainty) [u]
/Record/Section/2/Section/0/DisplayControls/CreateTable/ColumnsFromNamedLists/Name/2,string,Reference
/Record/Section/2/Section/0/DisplayControls/CreateTable/ColumnsFromNamedLists/UseNamesAsColumnHeadings,boolean,true
/Record/Section/2/Section/0/Information/0/ReferenceNumber,number,3
/Record/Section/2/Section/0/Information/0/Name,string,Year
/Record/Section/2/Section/0/Information/0/Value/StringWithMarkup/0/String,string,2017
/Record/Section/2/Section/0/Information/0/Value/StringWithMarkup/1/String,string,2013
/Record/Section/2/Section/0/Information/0/Value/StringWithMarkup/2/String,string,2005
/Record/Section/2/Section/0/Information/0/Value/StringWithMarkup/3/String,string,1995
/Record/Section/2/Section/0/Information/0/Value/StringWithMarkup/4/String,string,1985
/Record/Section/2/Section/0/Information/0/Value/StringWithMarkup/5/String,string,1969
/Record/Section/2/Section/0/Information/0/Value/StringWithMarkup/6/String,string,1961
/Record/Section/2/Section/0/Information/0/Value/StringWithMarkup/7/String,string,1925
/Record/Section/2/Section/0/Information/0/Value/StringWithMarkup/8/String,string,1909
/Record/Section/2/Section/0/Information/0/Value/StringWithMarkup/9/String,string,1902
/Record/Section/2/Section/0/Information/1/ReferenceNumber,number,3
/Record/Section/2/Section/0/Information/1/Name,string,Atomic Weight (uncertainty)
/Record/Section/2/Section/0/Information/1/Value/StringWithMarkup/0/String,string,58.933 194(3)
/Record/Section/2/Section/0/Information/1/Value/StringWithMarkup/1/String,string,58.933 194(4)
/Record/Section/2/Section/0/Information/1/Value/StringWithMarkup/2/String,string,58.933 195(5)
/Record/Section/2/Section/0/Information/1/Value/StringWithMarkup/3/String,string,58.933 200(9)
/Record/Section/2/Section/0/Information/1/Value/StringWithMarkup/4/String,string,58.933 20(1)
/Record/Section/2/Section/0/Information/1/Value/StringWithMarkup/5/String,string,58.9332(1)
/Record/Section/2/Section/0/Information/1/Value/StringWithMarkup/6/String,string,58.9332
/Record/Section/2/Section/0/Information/1/Value/StringWithMarkup/7/String,string,58.94
/Record/Section/2/Section/0/Information/1/Value/StringWithMarkup/8/String,string,58.97
/Record/Section/2/Section/0/Information/1/Value/StringWithMarkup/9/String,string,59.0
/Record/Section/2/Section/0/Information/2/ReferenceNumber,number,3
/Record/Section/2/Section/0/Information/2/Name,string,Reference
/Record/Section/2/Section/0/Information/2/Value/StringWithMarkup/0/String,string,doi:10.1515/pac-2019-0603
/Record/Section/2/Section/0/Information/2/Value/StringWithMarkup/0/Markup/0/Start,number,0
/Record/Section/2/Section/0/Information/2/Value/StringWithMarkup/0/Markup/0/Length,number,25
/Record/Section/2/Section/0/Information/2/Value/StringWithMarkup/0/Markup/0/URL,string,https://doi.org/10.1515/pac-2019-0603
/Record/Section/2/Section/0/Information/2/Value/StringWithMarkup/1/String,string,doi:10.1515/pac-2015-0305
/Record/Section/2/Section/0/Information/2/Value/StringWithMarkup/1/Markup/0/Start,number,0
/Record/Section/2/Section/0/Information/2/Value/StringWithMarkup/1/Markup/0/Length,number,25
/Record/Section/2/Section/0/Information/2/Value/StringWithMarkup/1/Markup/0/URL,string,https://doi.org/10.1515/pac-2015-0305
/Record/Section/2/Section/0/Information/2/Value/StringWithMarkup/2/String,string,doi:10.1351/pac200678112051
/Record/Section/2/Section/0/Information/2/Value/StringWithMarkup/2/Markup/0/Start,number,0
/Record/Section/2/Section/0/Information/2/Value/StringWithMarkup/2/Markup/0/Length,number,27
/Record/Section/2/Section/0/Information/2/Value/StringWithMarkup/2/Markup/0/URL,string,https://doi.org/10.1351/pac200678112051
/Record/Section/2/Section/0/Information/2/Value/StringWithMarkup/3/String,string,doi:10.1351/pac199668122339
/Record/Section/2/Section/0/Information/2/Value/StringWithMarkup/3/Markup/0/Start,number,0
/Record/Section/2/Section/0/Information/2/Value/StringWithMarkup/3/Markup/0/Length,number,27
/Record/Section/2/Section/0/Information/2/Value/StringWithMarkup/3/Markup/0/URL,string,https://doi.org/10.1351/pac199668122339
/Record/Section/2/Section/0/Information/2/Value/StringWithMarkup/4/String,string,doi:10.1351/pac198658121677
/Record/Section/2/Section/0/Information/2/Value/StringWithMarkup/4/Markup/0/Start,number,0
/Record/Section/2/Section/0/Information/2/Value/StringWithMarkup/4/Markup/0/Length,number,27
/Record/Section/2/Section/0/Information/2/Value/StringWithMarkup/4/Markup/0/URL,string,https://doi.org/10.1351/pac198658121677
/Record/Section/2/Section/0/Information/2/Value/StringWithMarkup/5/String,string,doi:10.1351/pac197021010091
/Record/Section/2/Section/0/Information/2/Value/StringWithMarkup/5/Markup/0/Start,number,0
/Record/Section/2/Section/0/Information/2/Value/StringWithMarkup/5/Markup/0/Length,number,27
/Record/Section/2/Section/0/Information/2/Value/StringWithMarkup/5/Markup/0/URL,string,https://doi.org/10.1351/pac197021010091
/Record/Section/2/Section/0/Information/2/Value/StringWithMarkup/6/String,string,doi:10.1021/ja00881a001
/Record/Section/2/Section/0/Information/2/Value/StringWithMarkup/6/Markup/0/Start,number,0
/Record/Section/2/Section/0/Information/2/Value/StringWithMarkup/6/Markup/0/Length,number,23
/Record/Section/2/Section/0/Information/2/Value/StringWithMarkup/6/Markup/0/URL,string,https://doi.org/10.1021/ja00881a001
/Record/Section/2/Section/0/Information/2/Value/StringWithMarkup/7/String,string,doi:10.1039/CT9252700913
/Record/Section/2/Section/0/Information/2/Value/StringWithMarkup/7/Markup/0/Start,number,0
/Record/Section/2/Section/0/Information/2/Value/StringWithMarkup/7/Markup/0/Length,number,24
/Record/Section/2/Section/0/Information/2/Value/StringWithMarkup/7/Markup/0/URL,string,https://doi.org/10.1039/CT9252700913
/Record/Section/2/Section/0/Information/2/Value/StringWithMarkup/8/String,string,doi:10.1021/ja01931a001
/Record/Section/2/Section/0/Information/2/Value/StringWithMarkup/8/Markup/0/Start,number,0
/Record/Section/2/Section/0/Information/2/Value/StringWithMarkup/8/Markup/0/Length,number,23
/Record/Section/2/Section/0/Information/2/Value/StringWithMarkup/8/Markup/0/URL,string,https://doi.org/10.1021/ja01931a001
/Record/Section/2/Section/0/Information/2/Value/StringWithMarkup/9/String,string,doi:10.1007/BF01370337
/Record/Section/2/Section/0/Information/2/Value/StringWithMarkup/9/Markup/0/Start,number,0
/Record/Section/2/Section/0/Information/2/Value/StringWithMarkup/9/Markup/0/Length,number,22
/Record/Section/2/Section/0/Information/2/Value/StringWithMarkup/9/Markup/0/URL,string,https://doi.org/10.1007/BF01370337
/Record/Section/2/Section/1/TOCHeading,string,Historical Isotopic Abundances
/Record/Section/2/Section/1/Description,string,This section provides the historical isotopic abundance information. The abundance value shown in brackets means the value range while others shown with uncertainty in parenthesis.
/Record/Section/2/Section/1/DisplayControls/CreateTable/FromInformationIn,string,ThisSection
/Record/Section/2/Section/1/DisplayControls/CreateTable/NumberOfColumns,number,4
/Record/Section/2/Section/1/DisplayControls/CreateTable/ColumnsFromNamedLists/Name/0,string,Year
/Record/Section/2/Section/1/DisplayControls/CreateTable/ColumnsFromNamedLists/Name/1,string,Isotope
/Record/Section/2/Section/1/DisplayControls/CreateTable/ColumnsFromNamedLists/Name/2,string,Abundance (uncertainty)
/Record/Section/2/Section/1/DisplayControls/CreateTable/ColumnsFromNamedLists/Name/3,string,Reference
/Record/Section/2/Section/1/DisplayControls/CreateTable/ColumnsFromNamedLists/UseNamesAsColumnHeadings,boolean,true
/Record/Section/2/Section/1/Information/0/ReferenceNumber,number,3
/Record/Section/2/Section/1/Information/0/Name,string,Year
/Record/Section/2/Section/1/Information/0/Value/StringWithMarkup/0/String,string,1975
/Record/Section/2/Section/1/Information/1/ReferenceNumber,number,3
/Record/Section/2/Section/1/Information/1/Name,string,Isotope
/Record/Section/2/Section/1/Information/1/Value/StringWithMarkup/0/String,string,59Co
/Record/Section/2/Section/1/Information/1/Value/StringWithMarkup/0/Markup/0/Start,number,0
/Record/Section/2/Section/1/Information/1/Value/StringWithMarkup/0/Markup/0/Length,number,2
/Record/Section/2/Section/1/Information/1/Value/StringWithMarkup/0/Markup/0/Type,string,Superscript
/Record/Section/2/Section/1/Information/2/ReferenceNumber,number,3
/Record/Section/2/Section/1/Information/2/Name,string,Abundance (uncertainty)
/Record/Section/2/Section/1/Information/2/Value/StringWithMarkup/0/String,string,1
/Record/Section/2/Section/1/Information/3/ReferenceNumber,number,3
/Record/Section/2/Section/1/Information/3/Name,string,Reference
/Record/Section/2/Section/1/Information/3/Value/StringWithMarkup/0/String,string,doi:10.1351/pac197647010075
/Record/Section/2/Section/1/Information/3/Value/StringWithMarkup/0/Markup/0/Start,number,0
/Record/Section/2/Section/1/Information/3/Value/StringWithMarkup/0/Markup/0/Length,number,27
/Record/Section/2/Section/1/Information/3/Value/StringWithMarkup/0/Markup/0/URL,string,https://doi.org/10.1351/pac197647010075
/Record/Section/3/TOCHeading,string,Description
/Record/Section/3/Description,string,"A short description of this element, provided by authoritative sources."
/Record/Section/3/Information/0/ReferenceNumber,number,6
/Record/Section/3/Information/0/Value/StringWithMarkup/0/String,string,"Cobalt is a brittle, hard metal, resembling iron and nickel in appearance. It has a metallic permeability of about two thirds that of iron. Cobalt tends to exist as a mixture of two allotropes over a wide temperature range. The transformation is sluggish and accounts in part for the wide variation in reported data on physical properties of cobalt."
/Record/Section/4/TOCHeading,string,Uses
/Record/Section/4/Description,string,Uses of this element in industry and other fields.
/Record/Section/4/Information/0/ReferenceNumber,number,5
/Record/Section/4/Information/0/Value/StringWithMarkup/0/String,string,"Although cobalt is used in electroplating to give objects an attractive surface that resists oxidation, it is more widely used to form alloys. Alnico, an alloy consisting of aluminum, nickel and cobalt is used to make powerful permanent magnets. Stellite alloys, which contain cobalt, chromium and tungsten, are used to make high-speed and high temperature cutting tools and dyes. Cobalt is also used to make alloys for jet engines and gas turbines, magnetic steels and some types of stainless steels."
/Record/Section/4/Information/0/Value/StringWithMarkup/1/String,string,"Cobalt-60, a radioactive isotope of cobalt, is an important source of gamma rays and is used to treat some forms of cancer and as a medical tracer. Cobalt-60 has a half-life of 5.27 years and decays into nickel-60 through beta decay."
/Record/Section/4/Information/0/Value/StringWithMarkup/2/String,string,"Cobalt compounds have been used for centuries to color porcelain, glass, pottery, tile and enamel. Some of these compounds are known as: cobalt blue, ceruleum, new blue, smalt, cobalt yellow and cobalt green. In addition to being used as a dye, cobalt is also important to human nutrition as it is an essential part of vitamin B12."
/Record/Section/4/Information/0/Value/StringWithMarkup/2/Markup/0/Start,number,328
/Record/Section/4/Information/0/Value/StringWithMarkup/2/Markup/0/Length,number,2
/Record/Section/4/Information/0/Value/StringWithMarkup/2/Markup/0/Type,string,Subscript
/Record/Section/4/Information/1/ReferenceNumber,number,6
/Record/Section/4/Information/1/Value/StringWithMarkup/0/String,string,"It is alloyed with iron, nickel and other metals to make Alnico, an alloy of unusual magnetic strength with many important uses. Stellite alloys, containing cobalt, chromium, and tungsten, are used for high-speed, heavy-duty, high temperature cutting tools, and for dies."
/Record/Section/4/Information/1/Value/StringWithMarkup/1/String,string,"Cobalt is also used in other magnetic steels and stainless steels, and in alloys used in jet turbines and gas turbine generators. The metal is used in electroplating because of its appearance, hardness, and resistance to oxidation."
/Record/Section/4/Information/1/Value/StringWithMarkup/2/String,string,"Cobalt salts have been used for centuries to produce brilliant and permanent blue colors in porcelain, glass, pottery, tiles, and enamels. It is the principal ingredient in Sevre's and Thenard's blue. A solution of the chloride is used as a sympathetic ink. Cobalt carefully used in the form of the chloride, sulfate, acetate, or nitrate has been found effective in correcting a certain mineral deficiency disease in animals."
/Record/Section/4/Information/1/Value/StringWithMarkup/3/String,string,Soils should contain 0.13 to 0.30 ppm of cobalt for proper animal nutrition.
/Record/Section/5/TOCHeading,string,Sources
/Record/Section/5/Description,string,Sources of this element.
/Record/Section/5/Information/0/ReferenceNumber,number,6
/Record/Section/5/Information/0/Value/StringWithMarkup/0/String,string,"Cobalt occurs in the minerals cobaltite, smaltite, and erythrite, and is often associated with nickel, silver, lead, copper, and iron ores, from which it is most frequently obtained as a by-product. It is also present in meteorites."
/Record/Section/5/Information/0/Value/StringWithMarkup/1/String,string,"Important ore deposits are found in Zaire, Morocco, and Canada. The U.S. Geological Survey has announced that the bottom of the north central Pacific Ocean may have cobalt-rich deposits at relatively shallow depths in water close to the the Hawaiian Islands and other U.S. Pacific territories."
/Record/Section/6/TOCHeading,string,Compounds
/Record/Section/6/Description,string,Compound records related to this element.
/Record/Section/6/Information/0/ReferenceNumber,number,8
/Record/Section/6/Information/0/Name,string,Compounds
/Record/Section/6/Information/0/URL,string,https://pubchem.ncbi.nlm.nih.gov/#query=Cobalt
/Record/Section/6/Information/0/Value/StringWithMarkup/0/String,string,See more information at the Cobalt compound page.
/Record/Section/6/Section/0/TOCHeading,string,Element Forms
/Record/Section/6/Section/0/Description,string,"Other forms of this element, including ions, isotopes, etc."
/Record/Section/6/Section/0/DisplayControls/CreateTable/FromInformationIn,string,ThisSection
/Record/Section/6/Section/0/DisplayControls/CreateTable/NumberOfColumns,number,5
/Record/Section/6/Section/0/DisplayControls/CreateTable/ColumnsFromNamedLists/Name/0,string,CID
/Record/Section/6/Section/0/DisplayControls/CreateTable/ColumnsFromNamedLists/Name/1,string,Name
/Record/Section/6/Section/0/DisplayControls/CreateTable/ColumnsFromNamedLists/Name/2,string,Formula
/Record/Section/6/Section/0/DisplayControls/CreateTable/ColumnsFromNamedLists/Name/3,string,SMILES
/Record/Section/6/Section/0/DisplayControls/CreateTable/ColumnsFromNamedLists/Name/4,string,Molecular Weight
/Record/Section/6/Section/0/DisplayControls/CreateTable/ColumnsFromNamedLists/UseNamesAsColumnHeadings,boolean,true
/Record/Section/6/Section/0/Information/0/ReferenceNumber,number,8
/Record/Section/6/Section/0/Information/0/Name,string,CID
/Record/Section/6/Section/0/Information/0/Value/StringWithMarkup/0/String,string,104730
/Record/Section/6/Section/0/Information/0/Value/StringWithMarkup/0/Markup/0/Start,number,0
/Record/Section/6/Section/0/Information/0/Value/StringWithMarkup/0/Markup/0/Length,number,6
/Record/Section/6/Section/0/Information/0/Value/StringWithMarkup/0/Markup/0/URL,string,https://pubchem.ncbi.nlm.nih.gov/compound/104730
/Record/Section/6/Section/0/Information/0/Value/StringWithMarkup/1/String,string,104729
/Record/Section/6/Section/0/Information/0/Value/StringWithMarkup/1/Markup/0/Start,number,0
/Record/Section/6/Section/0/Information/0/Value/StringWithMarkup/1/Markup/0/Length,number,6
/Record/Section/6/Section/0/Information/0/Value/StringWithMarkup/1/Markup/0/URL,string,https://pubchem.ncbi.nlm.nih.gov/compound/104729
/Record/Section/6/Section/0/Information/0/Value/StringWithMarkup/2/String,string,61492
/Record/Section/6/Section/0/Information/0/Value/StringWithMarkup/2/Markup/0/Start,number,0
/Record/Section/6/Section/0/Information/0/Value/StringWithMarkup/2/Markup/0/Length,number,5
/Record/Section/6/Section/0/Information/0/Value/StringWithMarkup/2/Markup/0/URL,string,https://pubchem.ncbi.nlm.nih.gov/compound/61492
/Record/Section/6/Section/0/Information/0/Value/StringWithMarkup/3/String,string,105146
/Record/Section/6/Section/0/Information/0/Value/StringWithMarkup/3/Markup/0/Start,number,0
/Record/Section/6/Section/0/Information/0/Value/StringWithMarkup/3/Markup/0/Length,number,6
/Record/Section/6/Section/0/Information/0/Value/StringWithMarkup/3/Markup/0/URL,string,https://pubchem.ncbi.nlm.nih.gov/compound/105146
/Record/Section/6/Section/0/Information/0/Value/StringWithMarkup/4/String,string,104844
/Record/Section/6/Section/0/Information/0/Value/StringWithMarkup/4/Markup/0/Start,number,0
/Record/Section/6/Section/0/Information/0/Value/StringWithMarkup/4/Markup/0/Length,number,6
/Record/Section/6/Section/0/Information/0/Value/StringWithMarkup/4/Markup/0/URL,string,https://pubchem.ncbi.nlm.nih.gov/compound/104844
/Record/Section/6/Section/0/Information/0/Value/StringWithMarkup/5/String,string,104851
/Record/Section/6/Section/0/Information/0/Value/StringWithMarkup/5/Markup/0/Start,number,0
/Record/Section/6/Section/0/Information/0/Value/StringWithMarkup/5/Markup/0/Length,number,6
/Record/Section/6/Section/0/Information/0/Value/StringWithMarkup/5/Markup/0/URL,string,https://pubchem.ncbi.nlm.nih.gov/compound/104851
/Record/Section/6/Section/0/Information/0/Value/StringWithMarkup/6/String,string,166968
/Record/Section/6/Section/0/Information/0/Value/StringWithMarkup/6/Markup/0/Start,number,0
/Record/Section/6/Section/0/Information/0/Value/StringWithMarkup/6/Markup/0/Length,number,6
/Record/Section/6/Section/0/Information/0/Value/StringWithMarkup/6/Markup/0/URL,string,https://pubchem.ncbi.nlm.nih.gov/compound/166968
/Record/Section/6/Section/0/Information/0/Value/StringWithMarkup/7/String,string,166998
/Record/Section/6/Section/0/Information/0/Value/StringWithMarkup/7/Markup/0/Start,number,0
/Record/Section/6/Section/0/Information/0/Value/StringWithMarkup/7/Markup/0/Length,number,6
/Record/Section/6/Section/0/Information/0/Value/StringWithMarkup/7/Markup/0/URL,string,https://pubchem.ncbi.nlm.nih.gov/compound/166998
/Record/Section/6/Section/0/Information/0/Value/StringWithMarkup/8/String,string,71510781
/Record/Section/6/Section/0/Information/0/Value/StringWithMarkup/8/Markup/0/Start,number,0
/Record/Section/6/Section/0/Information/0/Value/StringWithMarkup/8/Markup/0/Length,number,8
/Record/Section/6/Section/0/Information/0/Value/StringWithMarkup/8/Markup/0/URL,string,https://pubchem.ncbi.nlm.nih.gov/compound/71510781
/Record/Section/6/Section/0/Information/0/Value/StringWithMarkup/9/String,string,182512
/Record/Section/6/Section/0/Information/0/Value/StringWithMarkup/9/Markup/0/Start,number,0
/Record/Section/6/Section/0/Information/0/Value/StringWithMarkup/9/Markup/0/Length,number,6
/Record/Section/6/Section/0/Information/0/Value/StringWithMarkup/9/Markup/0/URL,string,https://pubchem.ncbi.nlm.nih.gov/compound/182512
/Record/Section/6/Section/0/Information/0/Value/StringWithMarkup/10/String,string,71510783
/Record/Section/6/Section/0/Information/0/Value/StringWithMarkup/10/Markup/0/Start,number,0
/Record/Section/6/Section/0/Information/0/Value/StringWithMarkup/10/Markup/0/Length,number,8
/Record/Section/6/Section/0/Information/0/Value/StringWithMarkup/10/Markup/0/URL,string,https://pubchem.ncbi.nlm.nih.gov/compound/71510783
/Record/Section/6/Section/0/Information/0/Value/StringWithMarkup/11/String,string,177473
/Record/Section/6/Section/0/Information/0/Value/StringWithMarkup/11/Markup/0/Start,number,0
/Record/Section/6/Section/0/Information/0/Value/StringWithMarkup/11/Markup/0/Length,number,6
/Record/Section/6/Section/0/Information/0/Value/StringWithMarkup/11/Markup/0/URL,string,https://pubchem.ncbi.nlm.nih.gov/compound/177473
/Record/Section/6/Section/0/Information/0/Value/StringWithMarkup/12/String,string,178158
/Record/Section/6/Section/0/Information/0/Value/StringWithMarkup/12/Markup/0/Start,number,0
/Record/Section/6/Section/0/Information/0/Value/StringWithMarkup/12/Markup/0/Length,number,6
/Record/Section/6/Section/0/Information/0/Value/StringWithMarkup/12/Markup/0/URL,string,https://pubchem.ncbi.nlm.nih.gov/compound/178158
/Record/Section/6/Section/0/Information/0/Value/StringWithMarkup/13/String,string,11528329
/Record/Section/6/Section/0/Information/0/Value/StringWithMarkup/13/Markup/0/Start,number,0
/Record/Section/6/Section/0/Information/0/Value/StringWithMarkup/13/Markup/0/Length,number,8
/Record/Section/6/Section/0/Information/0/Value/StringWithMarkup/13/Markup/0/URL,string,https://pubchem.ncbi.nlm.nih.gov/compound/11528329
/Record/Section/6/Section/0/Information/0/Value/StringWithMarkup/14/String,string,156022700
/Record/Section/6/Section/0/Information/0/Value/StringWithMarkup/14/Markup/0/Start,number,0
/Record/Section/6/Section/0/Information/0/Value/StringWithMarkup/14/Markup/0/Length,number,9
/Record/Section/6/Section/0/Information/0/Value/StringWithMarkup/14/Markup/0/URL,string,https://pubchem.ncbi.nlm.nih.gov/compound/156022700
/Record/Section/6/Section/0/Information/1/ReferenceNumber,number,8
/Record/Section/6/Section/0/Information/1/Name,string,Name
/Record/Section/6/Section/0/Information/1/Value/StringWithMarkup/0/String,string,cobalt
/Record/Section/6/Section/0/Information/1/Value/StringWithMarkup/1/String,string,cobalt(2+)
/Record/Section/6/Section/0/Information/1/Value/StringWithMarkup/2/String,string,cobalt-60
/Record/Section/6/Section/0/Information/1/Value/StringWithMarkup/3/String,string,cobalt(3+)
/Record/Section/6/Section/0/Information/1/Value/StringWithMarkup/4/String,string,cobalt-58
/Record/Section/6/Section/0/Information/1/Value/StringWithMarkup/5/String,string,cobalt-57
/Record/Section/6/Section/0/Information/1/Value/StringWithMarkup/6/String,string,cobalt-55
/Record/Section/6/Section/0/Information/1/Value/StringWithMarkup/7/String,string,cobalt-56
/Record/Section/6/Section/0/Information/1/Value/StringWithMarkup/8/String,string,cobalt-57(2+)
/Record/Section/6/Section/0/Information/1/Value/StringWithMarkup/9/String,string,cobalt-60(2+)
/Record/Section/6/Section/0/Information/1/Value/StringWithMarkup/10/String,string,cobalt-58(2+)
/Record/Section/6/Section/0/Information/1/Value/StringWithMarkup/11/String,string,cobalt-62
/Record/Section/6/Section/0/Information/1/Value/StringWithMarkup/12/String,string,cobalt-61
/Record/Section/6/Section/0/Information/1/Value/StringWithMarkup/13/String,string,cobalt-59
/Record/Section/6/Section/0/Information/1/Value/StringWithMarkup/14/String,string,cobalt-59(3+)
/Record/Section/6/Section/0/Information/2/ReferenceNumber,number,8
/Record/Section/6/Section/0/Information/2/Name,string,Formula
/Record/Section/6/Section/0/Information/2/Value/StringWithMarkup/0/String,string,Co
/Record/Section/6/Section/0/Information/2/Value/StringWithMarkup/1/String,string,Co+2
/Record/Section/6/Section/0/Information/2/Value/StringWithMarkup/2/String,string,Co
/Record/Section/6/Section/0/Information/2/Value/StringWithMarkup/3/String,string,Co+3
/Record/Section/6/Section/0/Information/2/Value/StringWithMarkup/4/String,string,Co
/Record/Section/6/Section/0/Information/2/Value/StringWithMarkup/5/String,string,Co
/Record/Section/6/Section/0/Information/2/Value/StringWithMarkup/6/String,string,Co
/Record/Section/6/Section/0/Information/2/Value/StringWithMarkup/7/String,string,Co
/Record/Section/6/Section/0/Information/2/Value/StringWithMarkup/8/String,string,Co+2
/Record/Section/6/Section/0/Information/2/Value/StringWithMarkup/9/String,string,Co+2
/Record/Section/6/Section/0/Information/2/Value/StringWithMarkup/10/String,string,Co+2
/Record/Section/6/Section/0/Information/2/Value/StringWithMarkup/11/String,string,Co
/Record/Section/6/Section/0/Information/2/Value/StringWithMarkup/12/String,string,Co
/Record/Section/6/Section/0/Information/2/Value/StringWithMarkup/13/String,string,Co
/Record/Section/6/Section/0/Information/2/Value/StringWithMarkup/14/String,string,Co+3
/Record/Section/6/Section/0/Information/3/ReferenceNumber,number,8
/Record/Section/6/Section/0/Information/3/Name,string,SMILES
/Record/Section/6/Section/0/Information/3/Value/StringWithMarkup/0/String,string,[Co]
/Record/Section/6/Section/0/Information/3/Value/StringWithMarkup/1/String,string,[Co+2]
/Record/Section/6/Section/0/Information/3/Value/StringWithMarkup/2/String,string,[60Co]
/Record/Section/6/Section/0/Information/3/Value/StringWithMarkup/3/String,string,[Co+3]
/Record/Section/6/Section/0/Information/3/Value/StringWithMarkup/4/String,string,[58Co]
/Record/Section/6/Section/0/Information/3/Value/StringWithMarkup/5/String,string,[57Co]
/Record/Section/6/Section/0/Information/3/Value/StringWithMarkup/6/String,string,[55Co]
/Record/Section/6/Section/0/Information/3/Value/StringWithMarkup/7/String,string,[56Co]
/Record/Section/6/Section/0/Information/3/Value/StringWithMarkup/8/String,string,[57Co+2]
/Record/Section/6/Section/0/Information/3/Value/StringWithMarkup/9/String,string,[60Co+2]
/Record/Section/6/Section/0/Information/3/Value/StringWithMarkup/10/String,string,[58Co+2]
/Record/Section/6/Section/0/Information/3/Value/StringWithMarkup/11/String,string,[62Co]
/Record/Section/6/Section/0/Information/3/Value/StringWithMarkup/12/String,string,[61Co]
/Record/Section/6/Section/0/Information/3/Value/StringWithMarkup/13/String,string,[59Co]
/Record/Section/6/Section/0/Information/3/Value/StringWithMarkup/14/String,string,[59Co+3]
/Record/Section/6/Section/0/Information/4/ReferenceNumber,number,8
/Record/Section/6/Section/0/Information/4/Name,string,Molecular Weight
/Record/Section/6/Section/0/Information/4/Value/StringWithMarkup/0/String,string,58.93319
/Record/Section/6/Section/0/Information/4/Value/StringWithMarkup/1/String,string,58.93319
/Record/Section/6/Section/0/Information/4/Value/StringWithMarkup/2/String,string,59.933816
/Record/Section/6/Section/0/Information/4/Value/StringWithMarkup/3/String,string,58.93319
/Record/Section/6/Section/0/Information/4/Value/StringWithMarkup/4/String,string,57.93575
/Record/Section/6/Section/0/Information/4/Value/StringWithMarkup/5/String,string,56.936290
/Record/Section/6/Section/0/Information/4/Value/StringWithMarkup/6/String,string,54.941996
/Record/Section/6/Section/0/Information/4/Value/StringWithMarkup/7/String,string,55.939838
/Record/Section/6/Section/0/Information/4/Value/StringWithMarkup/8/String,string,56.936290
/Record/Section/6/Section/0/Information/4/Value/StringWithMarkup/9/String,string,59.933816
/Record/Section/6/Section/0/Information/4/Value/StringWithMarkup/10/String,string,57.93575
/Record/Section/6/Section/0/Information/4/Value/StringWithMarkup/11/String,string,61.9341
/Record/Section/6/Section/0/Information/4/Value/StringWithMarkup/12/String,string,60.932476
/Record/Section/6/Section/0/Information/4/Value/StringWithMarkup/13/String,string,58.933194
/Record/Section/6/Section/0/Information/4/Value/StringWithMarkup/14/String,string,58.933194
/Record/Section/7/TOCHeading,string,Handling and Storage
/Record/Section/7/Description,string,This section provides guidance on the safe handling practices and storage conditions for this element.
/Record/Section/7/Information/0/ReferenceNumber,number,6
/Record/Section/7/Information/0/Value/StringWithMarkup/0/String,string,Exposure to cobalt (metal fumes and dust) should be limited to 0.05 mg/m3 (8-hour time-weighted average 40-hour week).
/Record/Section/7/Information/0/Value/StringWithMarkup/0/Markup/0/Start,number,72
/Record/Section/7/Information/0/Value/StringWithMarkup/0/Markup/0/Length,number,1
/Record/Section/7/Information/0/Value/StringWithMarkup/0/Markup/0/Type,string,Superscript
/Record/Section/8/TOCHeading,string,Isotopes
/Record/Section/8/Description,string,Isotopes are nuclides having the same atomic number but different mass numbers.  This section provides information on the isotopes of this element and their uses in various fields.
/Record/Section/8/URL,string,https://chem.libretexts.org/Courses/Furman_University/CHM101%3A_Chemistry_and_Global_Awareness_(Gordon)/03%3A_Atoms_and_the_Periodic_Table/3.05%3A_Isotopes
/Record/Section/8/Information/0/ReferenceNumber,number,5
/Record/Section/8/Information/0/Name,string,Stable Isotope Count
/Record/Section/8/Information/0/Value/StringWithMarkup/0/String,string,1
/Record/Section/8/Information/1/ReferenceNumber,number,6
/Record/Section/8/Information/1/Name,string,Summary
/Record/Section/8/Information/1/Value/StringWithMarkup/0/String,string,"Cobalt-60, an artificial isotope, is an important gamma ray source, and is extensively used as a tracer and a radiotherapeutic agent."
/Record/Section/8/Section/0/TOCHeading,string,Isotopes in Industry
/Record/Section/8/Section/0/Description,string,Information on the use of this element's isotopes in industry.
/Record/Section/8/Section/0/Information/0/ReferenceNumber,number,4
/Record/Section/8/Section/0/Information/0/Reference/0,string,"[108]  World Nuclear Association. Radioisotopes in Industry: Industrial Uses of Radioisotopes, World Nuclear Association (2014), Feb. 24; http://www.world-nuclear.org/info/inf56.html."
/Record/Section/8/Section/0/Information/0/Reference/1,string,"[223]  Atomic Gardens, Public Perceptions and Public Policy, in LSF Magazine."
/Record/Section/8/Section/0/Information/0/ExtendedReference/0/Citation,string,"[108]  World Nuclear Association. Radioisotopes in Industry: Industrial Uses of Radioisotopes, World Nuclear Association (2014), Feb. 24; http://www.world-nuclear.org/info/inf56.html."
/Record/Section/8/Section/0/Information/0/ExtendedReference/1/Citation,string,"[223]  Atomic Gardens, Public Perceptions and Public Policy, in LSF Magazine."
/Record/Section/8/Section/0/Information/0/Value/StringWithMarkup/0/String,string,"60Co (with a half-life of 5.27 years) is used to irradiate food sources as a method of preserving food (Fig. IUPAC.27.1). The gamma radiation from 60Co kills bacteria and other organisms that cause disease and spoilage of food (see Fig. IUPAC.27.1). The use of radioactive compounds for preserving food is not always viewed positively. Some individuals are concerned that harmful compounds will be produced during the irradiation process. However, there is no evidence to support the claim that irradiation is dangerous for food preservation [108]. Many medical products today are sterilized using gamma rays from a 60Co source. This technique of sterilization is generally much cheaper and more effective than steam-heat sterilization because it is a cold process. For example, it can be performed on packaged items, such as disposable syringes. This sterilization technique is applicable to a wide range of heat-sensitive items, such as powders, ointments, and solutions, as well as biological preparations, such as bone, nerve, skin, etc., used in tissue grafts [108]."
/Record/Section/8/Section/0/Information/0/Value/StringWithMarkup/0/Markup/0/Start,number,0
/Record/Section/8/Section/0/Information/0/Value/StringWithMarkup/0/Markup/0/Length,number,2
/Record/Section/8/Section/0/Information/0/Value/StringWithMarkup/0/Markup/0/Type,string,Superscript
/Record/Section/8/Section/0/Information/0/Value/StringWithMarkup/0/Markup/1/Start,number,147
/Record/Section/8/Section/0/Information/0/Value/StringWithMarkup/0/Markup/1/Length,number,2
/Record/Section/8/Section/0/Information/0/Value/StringWithMarkup/0/Markup/1/Type,string,Superscript
/Record/Section/8/Section/0/Information/0/Value/StringWithMarkup/0/Markup/2/Start,number,616
/Record/Section/8/Section/0/Information/0/Value/StringWithMarkup/0/Markup/2/Length,number,2
/Record/Section/8/Section/0/Information/0/Value/StringWithMarkup/0/Markup/2/Type,string,Superscript
/Record/Section/8/Section/0/Information/0/Value/StringWithMarkup/1/String,string,"60Co is also used in industrial radiography to detect structural flaws in metal parts. The radiation can penetrate metals and the X-ray pattern produced by the radiating material can provide information on its strength, composition, and other properties [108]. Because of the above property, 60Co is also used in leveling devices and thickness gauges used to test welds and castings [108]."
/Record/Section/8/Section/0/Information/0/Value/StringWithMarkup/1/Markup/0/Start,number,0
/Record/Section/8/Section/0/Information/0/Value/StringWithMarkup/1/Markup/0/Length,number,2
/Record/Section/8/Section/0/Information/0/Value/StringWithMarkup/1/Markup/0/Type,string,Superscript
/Record/Section/8/Section/0/Information/0/Value/StringWithMarkup/1/Markup/1/Start,number,292
/Record/Section/8/Section/0/Information/0/Value/StringWithMarkup/1/Markup/1/Length,number,2
/Record/Section/8/Section/0/Information/0/Value/StringWithMarkup/1/Markup/1/Type,string,Superscript
/Record/Section/8/Section/0/Information/0/Value/StringWithMarkup/2/String,string,          
/Record/Section/8/Section/0/Information/0/Value/StringWithMarkup/2/Markup/0/Start,number,0
/Record/Section/8/Section/0/Information/0/Value/StringWithMarkup/2/Markup/0/Length,number,1
/Record/Section/8/Section/0/Information/0/Value/StringWithMarkup/2/Markup/0/URL,string,https://pubchem.ncbi.nlm.nih.gov/images/iupac/j_pac-2015-0703_fig_043.jpg
/Record/Section/8/Section/0/Information/0/Value/StringWithMarkup/2/Markup/0/Type,string,Image
/Record/Section/8/Section/0/Information/0/Value/StringWithMarkup/2/Markup/0/Size,string,814x588
/Record/Section/8/Section/0/Information/0/Value/StringWithMarkup/2/Markup/0/Caption,string,"Fig. IUPAC.27.1: Plants growing in the gamma greenhouse at Brookhaven National Laboratory. The plants are arranged in concentric rings around the radioactive ⁶⁰Co source, which is in the pipe extending into the floor (circa 1959) [223]. (Photo Source: Life Sciences Foundation (LSF) Magazine). "
/Record/Section/8/Section/1/TOCHeading,string,Isotopes in Medicine
/Record/Section/8/Section/1/Description,string,Information on the use of this element's isotopes in medicine.
/Record/Section/8/Section/1/Information/0/ReferenceNumber,number,4
/Record/Section/8/Section/1/Information/0/Reference/0,string,"[75]  J. Peterson, M. McDonell, L. Haroun, F. Monette, R. D. Hildebrand, A. Taboas. Radiological and Chemical Fact Sheets to Support Health Risk Analyses for Contaminated Areas, Prepared by Argonne National Laboratory Environmental Science Division in collaboration with U.S. Department of Energy, Richland Operations Office and Chicago Operations Office (2014), Feb. 22; http://www.remm.nlm.gov/ANL_ContaminantFactSheets_All_070418.pdf."
/Record/Section/8/Section/1/Information/0/Reference/1,string,"[99]  World Nuclear Association. Radioisotopes in Medicine, World Nuclear Association (2014), Feb. 23; http://www.world-nuclear.org/info/inf55.html."
/Record/Section/8/Section/1/Information/0/Reference/2,string,"[224]  B. R. Krynyckyi, L. S. Zuckier. J. Nucl. Med.36, 1659 (1995)."
/Record/Section/8/Section/1/Information/0/Reference/3,string,"[225]  Royal Society of Chemistry. Cobalt, Royal Society of Chemistry (2017), Feb. 26; http://www.rsc.org/periodic-table/element/27/cobalt."
/Record/Section/8/Section/1/Information/0/Reference/4,string,"[226]  US Environmental Protection Agency. Cobalt, US Environmental Protection Agency (2017), Feb. 26; https://www.epa.gov/radiation/radionuclide-basics-cobalt-60."
/Record/Section/8/Section/1/Information/0/Reference/5,string,"[227]  Washington State Department of Health. Cobalt-60, Washington State Department of Health (2014), Feb. 26; http://www.doh.wa.gov/Portals/1/Documents/Pubs/320-078_co60_fs.pdf."
/Record/Section/8/Section/1/Information/0/ExtendedReference/0/Citation,string,"[75]  J. Peterson, M. McDonell, L. Haroun, F. Monette, R. D. Hildebrand, A. Taboas. Radiological and Chemical Fact Sheets to Support Health Risk Analyses for Contaminated Areas, Prepared by Argonne National Laboratory Environmental Science Division in collaboration with U.S. Department of Energy, Richland Operations Office and Chicago Operations Office (2014), Feb. 22; http://www.remm.nlm.gov/ANL_ContaminantFactSheets_All_070418.pdf."
/Record/Section/8/Section/1/Information/0/ExtendedReference/1/Citation,string,"[99]  World Nuclear Association. Radioisotopes in Medicine, World Nuclear Association (2014), Feb. 23; http://www.world-nuclear.org/info/inf55.html."
/Record/Section/8/Section/1/Information/0/ExtendedReference/2/Citation,string,"[224]  B. R. Krynyckyi, L. S. Zuckier. J. Nucl. Med.36, 1659 (1995)."
/Record/Section/8/Section/1/Information/0/ExtendedReference/3/Citation,string,"[225]  Royal Society of Chemistry. Cobalt, Royal Society of Chemistry (2017), Feb. 26; http://www.rsc.org/periodic-table/element/27/cobalt."
/Record/Section/8/Section/1/Information/0/ExtendedReference/4/Citation,string,"[226]  US Environmental Protection Agency. Cobalt, US Environmental Protection Agency (2017), Feb. 26; https://www.epa.gov/radiation/radionuclide-basics-cobalt-60."
/Record/Section/8/Section/1/Information/0/ExtendedReference/5/Citation,string,"[227]  Washington State Department of Health. Cobalt-60, Washington State Department of Health (2014), Feb. 26; http://www.doh.wa.gov/Portals/1/Documents/Pubs/320-078_co60_fs.pdf."
/Record/Section/8/Section/1/Information/0/Value/StringWithMarkup/0/String,string,"60Co is a radioactive metal isotope that is used in cancer treatments by radiotherapy. When 60Co undergoes radioactive decay, high-energy gamma rays (energies of 1.17 MeV and 1.33 MeV) are emitted and have been used in brachytherapy to treat various types of cancer. Brachytherapy (brachy is Greek meaning “short distance”) is a method of radiation treatment in which sealed sources are used to deliver a radiation dose at a distance of up to a few centimeters by surface, intracavitary (insertion of the radioactive isotope in a body cavity), or interstitial (between cells) application [75]. 60Co is used as a source of high-energy ionizing gamma radiation that can be directed to cancer cells from a device outside the body (external radiotherapy)."
/Record/Section/8/Section/1/Information/0/Value/StringWithMarkup/0/Markup/0/Start,number,0
/Record/Section/8/Section/1/Information/0/Value/StringWithMarkup/0/Markup/0/Length,number,2
/Record/Section/8/Section/1/Information/0/Value/StringWithMarkup/0/Markup/0/Type,string,Superscript
/Record/Section/8/Section/1/Information/0/Value/StringWithMarkup/0/Markup/1/Start,number,92
/Record/Section/8/Section/1/Information/0/Value/StringWithMarkup/0/Markup/1/Length,number,2
/Record/Section/8/Section/1/Information/0/Value/StringWithMarkup/0/Markup/1/Type,string,Superscript
/Record/Section/8/Section/1/Information/0/Value/StringWithMarkup/0/Markup/2/Start,number,594
/Record/Section/8/Section/1/Information/0/Value/StringWithMarkup/0/Markup/2/Length,number,2
/Record/Section/8/Section/1/Information/0/Value/StringWithMarkup/0/Markup/2/Type,string,Superscript
/Record/Section/8/Section/1/Information/0/Value/StringWithMarkup/1/String,string,"60Co (and sometimes 57Co and 58Co, with half-lives of 0.75 year and 71 days, respectively) is the key component of the Schilling test, which is a method for determining whether a patient’s body is making and using vitamin B12 properly. The cobalt isotope is used to label cobalt in vitamin B12 to monitor how the body processes this essential vitamin [224]."
/Record/Section/8/Section/1/Information/0/Value/StringWithMarkup/1/Markup/0/Start,number,0
/Record/Section/8/Section/1/Information/0/Value/StringWithMarkup/1/Markup/0/Length,number,2
/Record/Section/8/Section/1/Information/0/Value/StringWithMarkup/1/Markup/0/Type,string,Superscript
/Record/Section/8/Section/1/Information/0/Value/StringWithMarkup/1/Markup/1/Start,number,20
/Record/Section/8/Section/1/Information/0/Value/StringWithMarkup/1/Markup/1/Length,number,2
/Record/Section/8/Section/1/Information/0/Value/StringWithMarkup/1/Markup/1/Type,string,Superscript
/Record/Section/8/Section/1/Information/0/Value/StringWithMarkup/1/Markup/2/Start,number,29
/Record/Section/8/Section/1/Information/0/Value/StringWithMarkup/1/Markup/2/Length,number,2
/Record/Section/8/Section/1/Information/0/Value/StringWithMarkup/1/Markup/2/Type,string,Superscript
/Record/Section/8/Section/1/Information/0/Value/StringWithMarkup/2/String,string,"57Co delivers the smallest radiation dose of all the cobalt isotopes. As a result, it has been used in the past for imaging and estimating organ size and location and in evaluating tumors of the head and neck [75], [99], [225], [226], [227]."
/Record/Section/8/Section/1/Information/0/Value/StringWithMarkup/2/Markup/0/Start,number,0
/Record/Section/8/Section/1/Information/0/Value/StringWithMarkup/2/Markup/0/Length,number,2
/Record/Section/8/Section/1/Information/0/Value/StringWithMarkup/2/Markup/0/Type,string,Superscript
/Record/Section/8/Section/2/TOCHeading,string,Isotope Mass and Abundance
/Record/Section/8/Section/2/Description,string,Atomic mass and abundance (composition) information for a given isotope/nuclide. The number in the parenthesis refers to an uncertainty when exist. The unit of atomic weight is the unified atomic mass unit (u) or dalton (Da). 
/Record/Section/8/Section/2/DisplayControls/CreateTable/FromInformationIn,string,ThisSection
/Record/Section/8/Section/2/DisplayControls/CreateTable/NumberOfColumns,number,3
/Record/Section/8/Section/2/DisplayControls/CreateTable/ColumnsFromNamedLists/Name/0,string,Isotope
/Record/Section/8/Section/2/DisplayControls/CreateTable/ColumnsFromNamedLists/Name/1,string,Atomic Mass (uncertainty) [u]
/Record/Section/8/Section/2/DisplayControls/CreateTable/ColumnsFromNamedLists/Name/2,string,Abundance (uncertainty)
/Record/Section/8/Section/2/DisplayControls/CreateTable/ColumnsFromNamedLists/UseNamesAsColumnHeadings,boolean,true
/Record/Section/8/Section/2/Information/0/ReferenceNumber,number,3
/Record/Section/8/Section/2/Information/0/Name,string,Isotope
/Record/Section/8/Section/2/Information/0/Value/StringWithMarkup/0/String,string, 59Co
/Record/Section/8/Section/2/Information/0/Value/StringWithMarkup/0/Markup/0/Start,number,0
/Record/Section/8/Section/2/Information/0/Value/StringWithMarkup/0/Markup/0/Length,number,3
/Record/Section/8/Section/2/Information/0/Value/StringWithMarkup/0/Markup/0/Type,string,Superscript
/Record/Section/8/Section/2/Information/1/ReferenceNumber,number,3
/Record/Section/8/Section/2/Information/1/Name,string,Atomic Mass (uncertainty)
/Record/Section/8/Section/2/Information/1/Value/StringWithMarkup/0/String,string,58.933 194(3)
/Record/Section/8/Section/2/Information/2/ReferenceNumber,number,3
/Record/Section/8/Section/2/Information/2/Name,string,Abundance (uncertainty)
/Record/Section/8/Section/2/Information/2/Value/StringWithMarkup/0/String,string,1
/Record/Section/8/Section/2/Information/3/ReferenceNumber,number,7
/Record/Section/8/Section/2/Information/3/Name,string,Isotope
/Record/Section/8/Section/2/Information/3/Value/StringWithMarkup/0/String,string,59Co
/Record/Section/8/Section/2/Information/3/Value/StringWithMarkup/0/Markup/0/Start,number,0
/Record/Section/8/Section/2/Information/3/Value/StringWithMarkup/0/Markup/0/Length,number,2
/Record/Section/8/Section/2/Information/3/Value/StringWithMarkup/0/Markup/0/Type,string,Superscript
/Record/Section/8/Section/2/Information/4/ReferenceNumber,number,7
/Record/Section/8/Section/2/Information/4/Name,string,Atomic Mass (uncertainty) [u]
/Record/Section/8/Section/2/Information/4/Value/StringWithMarkup/0/String,string,58.93319429(56)
/Record/Section/8/Section/2/Information/5/ReferenceNumber,number,7
/Record/Section/8/Section/2/Information/5/Name,string,Abundance (uncertainty)
/Record/Section/8/Section/2/Information/5/Value/StringWithMarkup/0/String,string,1
/Record/Section/8/Section/3/TOCHeading,string,"Atomic Mass, Half Life, and Decay"
/Record/Section/8/Section/3/Description,string,"Information on the atomic mass, half life, and decay for this element, from the the Atomic Mass Data Center. The number after the ± refers to an uncertainty when exists."
/Record/Section/8/Section/3/URL,string,https://pubchem.ncbi.nlm.nih.gov/docs/atomic-mass/
/Record/Section/8/Section/3/DisplayControls/CreateTable/FromInformationIn,string,ThisSection
/Record/Section/8/Section/3/DisplayControls/CreateTable/NumberOfColumns,number,5
/Record/Section/8/Section/3/DisplayControls/CreateTable/ColumnsFromNamedLists/Name/0,string,Nuclide
/Record/Section/8/Section/3/DisplayControls/CreateTable/ColumnsFromNamedLists/Name/1,string,Atomic Mass and Uncertainty [u]
/Record/Section/8/Section/3/DisplayControls/CreateTable/ColumnsFromNamedLists/Name/2,string,Half Life and Uncertainty
/Record/Section/8/Section/3/DisplayControls/CreateTable/ColumnsFromNamedLists/Name/3,string,Discovery Year
/Record/Section/8/Section/3/DisplayControls/CreateTable/ColumnsFromNamedLists/Name/4,string,"Decay Modes, Intensities and Uncertainties [%]"
/Record/Section/8/Section/3/DisplayControls/CreateTable/ColumnsFromNamedLists/UseNamesAsColumnHeadings,boolean,true
/Record/Section/8/Section/3/Information/0/ReferenceNumber,number,2
/Record/Section/8/Section/3/Information/0/Name,string,Nuclide
/Record/Section/8/Section/3/Information/0/Value/StringWithMarkup/0/String,string,47Co
/Record/Section/8/Section/3/Information/0/Value/StringWithMarkup/0/Markup/0/Start,number,0
/Record/Section/8/Section/3/Information/0/Value/StringWithMarkup/0/Markup/0/Length,number,2
/Record/Section/8/Section/3/Information/0/Value/StringWithMarkup/0/Markup/0/Type,string,Superscript
/Record/Section/8/Section/3/Information/0/Value/StringWithMarkup/1/String,string,48Co
/Record/Section/8/Section/3/Information/0/Value/StringWithMarkup/1/Markup/0/Start,number,0
/Record/Section/8/Section/3/Information/0/Value/StringWithMarkup/1/Markup/0/Length,number,2
/Record/Section/8/Section/3/Information/0/Value/StringWithMarkup/1/Markup/0/Type,string,Superscript
/Record/Section/8/Section/3/Information/0/Value/StringWithMarkup/2/String,string,49Co
/Record/Section/8/Section/3/Information/0/Value/StringWithMarkup/2/Markup/0/Start,number,0
/Record/Section/8/Section/3/Information/0/Value/StringWithMarkup/2/Markup/0/Length,number,2
/Record/Section/8/Section/3/Information/0/Value/StringWithMarkup/2/Markup/0/Type,string,Superscript
/Record/Section/8/Section/3/Information/0/Value/StringWithMarkup/3/String,string,50Co
/Record/Section/8/Section/3/Information/0/Value/StringWithMarkup/3/Markup/0/Start,number,0
/Record/Section/8/Section/3/Information/0/Value/StringWithMarkup/3/Markup/0/Length,number,2
/Record/Section/8/Section/3/Information/0/Value/StringWithMarkup/3/Markup/0/Type,string,Superscript
/Record/Section/8/Section/3/Information/0/Value/StringWithMarkup/4/String,string,51Co
/Record/Section/8/Section/3/Information/0/Value/StringWithMarkup/4/Markup/0/Start,number,0
/Record/Section/8/Section/3/Information/0/Value/StringWithMarkup/4/Markup/0/Length,number,2
/Record/Section/8/Section/3/Information/0/Value/StringWithMarkup/4/Markup/0/Type,string,Superscript
/Record/Section/8/Section/3/Information/0/Value/StringWithMarkup/5/String,string,52Co
/Record/Section/8/Section/3/Information/0/Value/StringWithMarkup/5/Markup/0/Start,number,0
/Record/Section/8/Section/3/Information/0/Value/StringWithMarkup/5/Markup/0/Length,number,2
/Record/Section/8/Section/3/Information/0/Value/StringWithMarkup/5/Markup/0/Type,string,Superscript
/Record/Section/8/Section/3/Information/0/Value/StringWithMarkup/6/String,string,52Com
/Record/Section/8/Section/3/Information/0/Value/StringWithMarkup/6/Markup/0/Start,number,0
/Record/Section/8/Section/3/Information/0/Value/StringWithMarkup/6/Markup/0/Length,number,2
/Record/Section/8/Section/3/Information/0/Value/StringWithMarkup/6/Markup/0/Type,string,Superscript
/Record/Section/8/Section/3/Information/0/Value/StringWithMarkup/6/Markup/1/Start,number,4
/Record/Section/8/Section/3/Information/0/Value/StringWithMarkup/6/Markup/1/Length,number,1
/Record/Section/8/Section/3/Information/0/Value/StringWithMarkup/6/Markup/1/Type,string,Superscript
/Record/Section/8/Section/3/Information/0/Value/StringWithMarkup/7/String,string,53Co
/Record/Section/8/Section/3/Information/0/Value/StringWithMarkup/7/Markup/0/Start,number,0
/Record/Section/8/Section/3/Information/0/Value/StringWithMarkup/7/Markup/0/Length,number,2
/Record/Section/8/Section/3/Information/0/Value/StringWithMarkup/7/Markup/0/Type,string,Superscript
/Record/Section/8/Section/3/Information/0/Value/StringWithMarkup/8/String,string,53Com
/Record/Section/8/Section/3/Information/0/Value/StringWithMarkup/8/Markup/0/Start,number,0
/Record/Section/8/Section/3/Information/0/Value/StringWithMarkup/8/Markup/0/Length,number,2
/Record/Section/8/Section/3/Information/0/Value/StringWithMarkup/8/Markup/0/Type,string,Superscript
/Record/Section/8/Section/3/Information/0/Value/StringWithMarkup/8/Markup/1/Start,number,4
/Record/Section/8/Section/3/Information/0/Value/StringWithMarkup/8/Markup/1/Length,number,1
/Record/Section/8/Section/3/Information/0/Value/StringWithMarkup/8/Markup/1/Type,string,Superscript
/Record/Section/8/Section/3/Information/0/Value/StringWithMarkup/9/String,string,54Co
/Record/Section/8/Section/3/Information/0/Value/StringWithMarkup/9/Markup/0/Start,number,0
/Record/Section/8/Section/3/Information/0/Value/StringWithMarkup/9/Markup/0/Length,number,2
/Record/Section/8/Section/3/Information/0/Value/StringWithMarkup/9/Markup/0/Type,string,Superscript
/Record/Section/8/Section/3/Information/0/Value/StringWithMarkup/10/String,string,54Com
/Record/Section/8/Section/3/Information/0/Value/StringWithMarkup/10/Markup/0/Start,number,0
/Record/Section/8/Section/3/Information/0/Value/StringWithMarkup/10/Markup/0/Length,number,2
/Record/Section/8/Section/3/Information/0/Value/StringWithMarkup/10/Markup/0/Type,string,Superscript
/Record/Section/8/Section/3/Information/0/Value/StringWithMarkup/10/Markup/1/Start,number,4
/Record/Section/8/Section/3/Information/0/Value/StringWithMarkup/10/Markup/1/Length,number,1
/Record/Section/8/Section/3/Information/0/Value/StringWithMarkup/10/Markup/1/Type,string,Superscript
/Record/Section/8/Section/3/Information/0/Value/StringWithMarkup/11/String,string,55Co
/Record/Section/8/Section/3/Information/0/Value/StringWithMarkup/11/Markup/0/Start,number,0
/Record/Section/8/Section/3/Information/0/Value/StringWithMarkup/11/Markup/0/Length,number,2
/Record/Section/8/Section/3/Information/0/Value/StringWithMarkup/11/Markup/0/Type,string,Superscript
/Record/Section/8/Section/3/Information/0/Value/StringWithMarkup/12/String,string,56Co
/Record/Section/8/Section/3/Information/0/Value/StringWithMarkup/12/Markup/0/Start,number,0
/Record/Section/8/Section/3/Information/0/Value/StringWithMarkup/12/Markup/0/Length,number,2
/Record/Section/8/Section/3/Information/0/Value/StringWithMarkup/12/Markup/0/Type,string,Superscript
/Record/Section/8/Section/3/Information/0/Value/StringWithMarkup/13/String,string,57Co
/Record/Section/8/Section/3/Information/0/Value/StringWithMarkup/13/Markup/0/Start,number,0
/Record/Section/8/Section/3/Information/0/Value/StringWithMarkup/13/Markup/0/Length,number,2
/Record/Section/8/Section/3/Information/0/Value/StringWithMarkup/13/Markup/0/Type,string,Superscript
/Record/Section/8/Section/3/Information/0/Value/StringWithMarkup/14/String,string,58Co
/Record/Section/8/Section/3/Information/0/Value/StringWithMarkup/14/Markup/0/Start,number,0
/Record/Section/8/Section/3/Information/0/Value/StringWithMarkup/14/Markup/0/Length,number,2
/Record/Section/8/Section/3/Information/0/Value/StringWithMarkup/14/Markup/0/Type,string,Superscript
/Record/Section/8/Section/3/Information/0/Value/StringWithMarkup/15/String,string,58Com
/Record/Section/8/Section/3/Information/0/Value/StringWithMarkup/15/Markup/0/Start,number,0
/Record/Section/8/Section/3/Information/0/Value/StringWithMarkup/15/Markup/0/Length,number,2
/Record/Section/8/Section/3/Information/0/Value/StringWithMarkup/15/Markup/0/Type,string,Superscript
/Record/Section/8/Section/3/Information/0/Value/StringWithMarkup/15/Markup/1/Start,number,4
/Record/Section/8/Section/3/Information/0/Value/StringWithMarkup/15/Markup/1/Length,number,1
/Record/Section/8/Section/3/Information/0/Value/StringWithMarkup/15/Markup/1/Type,string,Superscript
/Record/Section/8/Section/3/Information/0/Value/StringWithMarkup/16/String,string,58Con
/Record/Section/8/Section/3/Information/0/Value/StringWithMarkup/16/Markup/0/Start,number,0
/Record/Section/8/Section/3/Information/0/Value/StringWithMarkup/16/Markup/0/Length,number,2
/Record/Section/8/Section/3/Information/0/Value/StringWithMarkup/16/Markup/0/Type,string,Superscript
/Record/Section/8/Section/3/Information/0/Value/StringWithMarkup/16/Markup/1/Start,number,4
/Record/Section/8/Section/3/Information/0/Value/StringWithMarkup/16/Markup/1/Length,number,1
/Record/Section/8/Section/3/Information/0/Value/StringWithMarkup/16/Markup/1/Type,string,Superscript
/Record/Section/8/Section/3/Information/0/Value/StringWithMarkup/17/String,string,59Co
/Record/Section/8/Section/3/Information/0/Value/StringWithMarkup/17/Markup/0/Start,number,0
/Record/Section/8/Section/3/Information/0/Value/StringWithMarkup/17/Markup/0/Length,number,2
/Record/Section/8/Section/3/Information/0/Value/StringWithMarkup/17/Markup/0/Type,string,Superscript
/Record/Section/8/Section/3/Information/0/Value/StringWithMarkup/18/String,string,60Co
/Record/Section/8/Section/3/Information/0/Value/StringWithMarkup/18/Markup/0/Start,number,0
/Record/Section/8/Section/3/Information/0/Value/StringWithMarkup/18/Markup/0/Length,number,2
/Record/Section/8/Section/3/Information/0/Value/StringWithMarkup/18/Markup/0/Type,string,Superscript
/Record/Section/8/Section/3/Information/0/Value/StringWithMarkup/19/String,string,60Com
/Record/Section/8/Section/3/Information/0/Value/StringWithMarkup/19/Markup/0/Start,number,0
/Record/Section/8/Section/3/Information/0/Value/StringWithMarkup/19/Markup/0/Length,number,2
/Record/Section/8/Section/3/Information/0/Value/StringWithMarkup/19/Markup/0/Type,string,Superscript
/Record/Section/8/Section/3/Information/0/Value/StringWithMarkup/19/Markup/1/Start,number,4
/Record/Section/8/Section/3/Information/0/Value/StringWithMarkup/19/Markup/1/Length,number,1
/Record/Section/8/Section/3/Information/0/Value/StringWithMarkup/19/Markup/1/Type,string,Superscript
/Record/Section/8/Section/3/Information/0/Value/StringWithMarkup/20/String,string,61Co
/Record/Section/8/Section/3/Information/0/Value/StringWithMarkup/20/Markup/0/Start,number,0
/Record/Section/8/Section/3/Information/0/Value/StringWithMarkup/20/Markup/0/Length,number,2
/Record/Section/8/Section/3/Information/0/Value/StringWithMarkup/20/Markup/0/Type,string,Superscript
/Record/Section/8/Section/3/Information/0/Value/StringWithMarkup/21/String,string,62Co
/Record/Section/8/Section/3/Information/0/Value/StringWithMarkup/21/Markup/0/Start,number,0
/Record/Section/8/Section/3/Information/0/Value/StringWithMarkup/21/Markup/0/Length,number,2
/Record/Section/8/Section/3/Information/0/Value/StringWithMarkup/21/Markup/0/Type,string,Superscript
/Record/Section/8/Section/3/Information/0/Value/StringWithMarkup/22/String,string,62Com
/Record/Section/8/Section/3/Information/0/Value/StringWithMarkup/22/Markup/0/Start,number,0
/Record/Section/8/Section/3/Information/0/Value/StringWithMarkup/22/Markup/0/Length,number,2
/Record/Section/8/Section/3/Information/0/Value/StringWithMarkup/22/Markup/0/Type,string,Superscript
/Record/Section/8/Section/3/Information/0/Value/StringWithMarkup/22/Markup/1/Start,number,4
/Record/Section/8/Section/3/Information/0/Value/StringWithMarkup/22/Markup/1/Length,number,1
/Record/Section/8/Section/3/Information/0/Value/StringWithMarkup/22/Markup/1/Type,string,Superscript
/Record/Section/8/Section/3/Information/0/Value/StringWithMarkup/23/String,string,63Co
/Record/Section/8/Section/3/Information/0/Value/StringWithMarkup/23/Markup/0/Start,number,0
/Record/Section/8/Section/3/Information/0/Value/StringWithMarkup/23/Markup/0/Length,number,2
/Record/Section/8/Section/3/Information/0/Value/StringWithMarkup/23/Markup/0/Type,string,Superscript
/Record/Section/8/Section/3/Information/0/Value/StringWithMarkup/24/String,string,64Co
/Record/Section/8/Section/3/Information/0/Value/StringWithMarkup/24/Markup/0/Start,number,0
/Record/Section/8/Section/3/Information/0/Value/StringWithMarkup/24/Markup/0/Length,number,2
/Record/Section/8/Section/3/Information/0/Value/StringWithMarkup/24/Markup/0/Type,string,Superscript
/Record/Section/8/Section/3/Information/0/Value/StringWithMarkup/25/String,string,64Com
/Record/Section/8/Section/3/Information/0/Value/StringWithMarkup/25/Markup/0/Start,number,0
/Record/Section/8/Section/3/Information/0/Value/StringWithMarkup/25/Markup/0/Length,number,2
/Record/Section/8/Section/3/Information/0/Value/StringWithMarkup/25/Markup/0/Type,string,Superscript
/Record/Section/8/Section/3/Information/0/Value/StringWithMarkup/25/Markup/1/Start,number,4
/Record/Section/8/Section/3/Information/0/Value/StringWithMarkup/25/Markup/1/Length,number,1
/Record/Section/8/Section/3/Information/0/Value/StringWithMarkup/25/Markup/1/Type,string,Superscript
/Record/Section/8/Section/3/Information/0/Value/StringWithMarkup/26/String,string,65Co
/Record/Section/8/Section/3/Information/0/Value/StringWithMarkup/26/Markup/0/Start,number,0
/Record/Section/8/Section/3/Information/0/Value/StringWithMarkup/26/Markup/0/Length,number,2
/Record/Section/8/Section/3/Information/0/Value/StringWithMarkup/26/Markup/0/Type,string,Superscript
/Record/Section/8/Section/3/Information/0/Value/StringWithMarkup/27/String,string,66Co
/Record/Section/8/Section/3/Information/0/Value/StringWithMarkup/27/Markup/0/Start,number,0
/Record/Section/8/Section/3/Information/0/Value/StringWithMarkup/27/Markup/0/Length,number,2
/Record/Section/8/Section/3/Information/0/Value/StringWithMarkup/27/Markup/0/Type,string,Superscript
/Record/Section/8/Section/3/Information/0/Value/StringWithMarkup/28/String,string,66Com
/Record/Section/8/Section/3/Information/0/Value/StringWithMarkup/28/Markup/0/Start,number,0
/Record/Section/8/Section/3/Information/0/Value/StringWithMarkup/28/Markup/0/Length,number,2
/Record/Section/8/Section/3/Information/0/Value/StringWithMarkup/28/Markup/0/Type,string,Superscript
/Record/Section/8/Section/3/Information/0/Value/StringWithMarkup/28/Markup/1/Start,number,4
/Record/Section/8/Section/3/Information/0/Value/StringWithMarkup/28/Markup/1/Length,number,1
/Record/Section/8/Section/3/Information/0/Value/StringWithMarkup/28/Markup/1/Type,string,Superscript
/Record/Section/8/Section/3/Information/0/Value/StringWithMarkup/29/String,string,66Con
/Record/Section/8/Section/3/Information/0/Value/StringWithMarkup/29/Markup/0/Start,number,0
/Record/Section/8/Section/3/Information/0/Value/StringWithMarkup/29/Markup/0/Length,number,2
/Record/Section/8/Section/3/Information/0/Value/StringWithMarkup/29/Markup/0/Type,string,Superscript
/Record/Section/8/Section/3/Information/0/Value/StringWithMarkup/29/Markup/1/Start,number,4
/Record/Section/8/Section/3/Information/0/Value/StringWithMarkup/29/Markup/1/Length,number,1
/Record/Section/8/Section/3/Information/0/Value/StringWithMarkup/29/Markup/1/Type,string,Superscript
/Record/Section/8/Section/3/Information/0/Value/StringWithMarkup/30/String,string,67Co
/Record/Section/8/Section/3/Information/0/Value/StringWithMarkup/30/Markup/0/Start,number,0
/Record/Section/8/Section/3/Information/0/Value/StringWithMarkup/30/Markup/0/Length,number,2
/Record/Section/8/Section/3/Information/0/Value/StringWithMarkup/30/Markup/0/Type,string,Superscript
/Record/Section/8/Section/3/Information/0/Value/StringWithMarkup/31/String,string,67Com
/Record/Section/8/Section/3/Information/0/Value/StringWithMarkup/31/Markup/0/Start,number,0
/Record/Section/8/Section/3/Information/0/Value/StringWithMarkup/31/Markup/0/Length,number,2
/Record/Section/8/Section/3/Information/0/Value/StringWithMarkup/31/Markup/0/Type,string,Superscript
/Record/Section/8/Section/3/Information/0/Value/StringWithMarkup/31/Markup/1/Start,number,4
/Record/Section/8/Section/3/Information/0/Value/StringWithMarkup/31/Markup/1/Length,number,1
/Record/Section/8/Section/3/Information/0/Value/StringWithMarkup/31/Markup/1/Type,string,Superscript
/Record/Section/8/Section/3/Information/0/Value/StringWithMarkup/32/String,string,68Co
/Record/Section/8/Section/3/Information/0/Value/StringWithMarkup/32/Markup/0/Start,number,0
/Record/Section/8/Section/3/Information/0/Value/StringWithMarkup/32/Markup/0/Length,number,2
/Record/Section/8/Section/3/Information/0/Value/StringWithMarkup/32/Markup/0/Type,string,Superscript
/Record/Section/8/Section/3/Information/0/Value/StringWithMarkup/33/String,string,68Com
/Record/Section/8/Section/3/Information/0/Value/StringWithMarkup/33/Markup/0/Start,number,0
/Record/Section/8/Section/3/Information/0/Value/StringWithMarkup/33/Markup/0/Length,number,2
/Record/Section/8/Section/3/Information/0/Value/StringWithMarkup/33/Markup/0/Type,string,Superscript
/Record/Section/8/Section/3/Information/0/Value/StringWithMarkup/33/Markup/1/Start,number,4
/Record/Section/8/Section/3/Information/0/Value/StringWithMarkup/33/Markup/1/Length,number,1
/Record/Section/8/Section/3/Information/0/Value/StringWithMarkup/33/Markup/1/Type,string,Superscript
/Record/Section/8/Section/3/Information/0/Value/StringWithMarkup/34/String,string,68Con
/Record/Section/8/Section/3/Information/0/Value/StringWithMarkup/34/Markup/0/Start,number,0
/Record/Section/8/Section/3/Information/0/Value/StringWithMarkup/34/Markup/0/Length,number,2
/Record/Section/8/Section/3/Information/0/Value/StringWithMarkup/34/Markup/0/Type,string,Superscript
/Record/Section/8/Section/3/Information/0/Value/StringWithMarkup/34/Markup/1/Start,number,4
/Record/Section/8/Section/3/Information/0/Value/StringWithMarkup/34/Markup/1/Length,number,1
/Record/Section/8/Section/3/Information/0/Value/StringWithMarkup/34/Markup/1/Type,string,Superscript
/Record/Section/8/Section/3/Information/0/Value/StringWithMarkup/35/String,string,69Co
/Record/Section/8/Section/3/Information/0/Value/StringWithMarkup/35/Markup/0/Start,number,0
/Record/Section/8/Section/3/Information/0/Value/StringWithMarkup/35/Markup/0/Length,number,2
/Record/Section/8/Section/3/Information/0/Value/StringWithMarkup/35/Markup/0/Type,string,Superscript
/Record/Section/8/Section/3/Information/0/Value/StringWithMarkup/36/String,string,69Com
/Record/Section/8/Section/3/Information/0/Value/StringWithMarkup/36/Markup/0/Start,number,0
/Record/Section/8/Section/3/Information/0/Value/StringWithMarkup/36/Markup/0/Length,number,2
/Record/Section/8/Section/3/Information/0/Value/StringWithMarkup/36/Markup/0/Type,string,Superscript
/Record/Section/8/Section/3/Information/0/Value/StringWithMarkup/36/Markup/1/Start,number,4
/Record/Section/8/Section/3/Information/0/Value/StringWithMarkup/36/Markup/1/Length,number,1
/Record/Section/8/Section/3/Information/0/Value/StringWithMarkup/36/Markup/1/Type,string,Superscript
/Record/Section/8/Section/3/Information/0/Value/StringWithMarkup/37/String,string,70Co
/Record/Section/8/Section/3/Information/0/Value/StringWithMarkup/37/Markup/0/Start,number,0
/Record/Section/8/Section/3/Information/0/Value/StringWithMarkup/37/Markup/0/Length,number,2
/Record/Section/8/Section/3/Information/0/Value/StringWithMarkup/37/Markup/0/Type,string,Superscript
/Record/Section/8/Section/3/Information/0/Value/StringWithMarkup/38/String,string,70Com
/Record/Section/8/Section/3/Information/0/Value/StringWithMarkup/38/Markup/0/Start,number,0
/Record/Section/8/Section/3/Information/0/Value/StringWithMarkup/38/Markup/0/Length,number,2
/Record/Section/8/Section/3/Information/0/Value/StringWithMarkup/38/Markup/0/Type,string,Superscript
/Record/Section/8/Section/3/Information/0/Value/StringWithMarkup/38/Markup/1/Start,number,4
/Record/Section/8/Section/3/Information/0/Value/StringWithMarkup/38/Markup/1/Length,number,1
/Record/Section/8/Section/3/Information/0/Value/StringWithMarkup/38/Markup/1/Type,string,Superscript
/Record/Section/8/Section/3/Information/0/Value/StringWithMarkup/39/String,string,71Co
/Record/Section/8/Section/3/Information/0/Value/StringWithMarkup/39/Markup/0/Start,number,0
/Record/Section/8/Section/3/Information/0/Value/StringWithMarkup/39/Markup/0/Length,number,2
/Record/Section/8/Section/3/Information/0/Value/StringWithMarkup/39/Markup/0/Type,string,Superscript
/Record/Section/8/Section/3/Information/0/Value/StringWithMarkup/40/String,string,72Co
/Record/Section/8/Section/3/Information/0/Value/StringWithMarkup/40/Markup/0/Start,number,0
/Record/Section/8/Section/3/Information/0/Value/StringWithMarkup/40/Markup/0/Length,number,2
/Record/Section/8/Section/3/Information/0/Value/StringWithMarkup/40/Markup/0/Type,string,Superscript
/Record/Section/8/Section/3/Information/0/Value/StringWithMarkup/41/String,string,72Com
/Record/Section/8/Section/3/Information/0/Value/StringWithMarkup/41/Markup/0/Start,number,0
/Record/Section/8/Section/3/Information/0/Value/StringWithMarkup/41/Markup/0/Length,number,2
/Record/Section/8/Section/3/Information/0/Value/StringWithMarkup/41/Markup/0/Type,string,Superscript
/Record/Section/8/Section/3/Information/0/Value/StringWithMarkup/41/Markup/1/Start,number,4
/Record/Section/8/Section/3/Information/0/Value/StringWithMarkup/41/Markup/1/Length,number,1
/Record/Section/8/Section/3/Information/0/Value/StringWithMarkup/41/Markup/1/Type,string,Superscript
/Record/Section/8/Section/3/Information/0/Value/StringWithMarkup/42/String,string,73Co
/Record/Section/8/Section/3/Information/0/Value/StringWithMarkup/42/Markup/0/Start,number,0
/Record/Section/8/Section/3/Information/0/Value/StringWithMarkup/42/Markup/0/Length,number,2
/Record/Section/8/Section/3/Information/0/Value/StringWithMarkup/42/Markup/0/Type,string,Superscript
/Record/Section/8/Section/3/Information/0/Value/StringWithMarkup/43/String,string,74Co
/Record/Section/8/Section/3/Information/0/Value/StringWithMarkup/43/Markup/0/Start,number,0
/Record/Section/8/Section/3/Information/0/Value/StringWithMarkup/43/Markup/0/Length,number,2
/Record/Section/8/Section/3/Information/0/Value/StringWithMarkup/43/Markup/0/Type,string,Superscript
/Record/Section/8/Section/3/Information/0/Value/StringWithMarkup/44/String,string,75Co
/Record/Section/8/Section/3/Information/0/Value/StringWithMarkup/44/Markup/0/Start,number,0
/Record/Section/8/Section/3/Information/0/Value/StringWithMarkup/44/Markup/0/Length,number,2
/Record/Section/8/Section/3/Information/0/Value/StringWithMarkup/44/Markup/0/Type,string,Superscript
/Record/Section/8/Section/3/Information/0/Value/StringWithMarkup/45/String,string,76Co
/Record/Section/8/Section/3/Information/0/Value/StringWithMarkup/45/Markup/0/Start,number,0
/Record/Section/8/Section/3/Information/0/Value/StringWithMarkup/45/Markup/0/Length,number,2
/Record/Section/8/Section/3/Information/0/Value/StringWithMarkup/45/Markup/0/Type,string,Superscript
/Record/Section/8/Section/3/Information/0/Value/StringWithMarkup/46/String,string,76Com
/Record/Section/8/Section/3/Information/0/Value/StringWithMarkup/46/Markup/0/Start,number,0
/Record/Section/8/Section/3/Information/0/Value/StringWithMarkup/46/Markup/0/Length,number,2
/Record/Section/8/Section/3/Information/0/Value/StringWithMarkup/46/Markup/0/Type,string,Superscript
/Record/Section/8/Section/3/Information/0/Value/StringWithMarkup/46/Markup/1/Start,number,4
/Record/Section/8/Section/3/Information/0/Value/StringWithMarkup/46/Markup/1/Length,number,1
/Record/Section/8/Section/3/Information/0/Value/StringWithMarkup/46/Markup/1/Type,string,Superscript
/Record/Section/8/Section/3/Information/0/Value/StringWithMarkup/47/String,string,76Con
/Record/Section/8/Section/3/Information/0/Value/StringWithMarkup/47/Markup/0/Start,number,0
/Record/Section/8/Section/3/Information/0/Value/StringWithMarkup/47/Markup/0/Length,number,2
/Record/Section/8/Section/3/Information/0/Value/StringWithMarkup/47/Markup/0/Type,string,Superscript
/Record/Section/8/Section/3/Information/0/Value/StringWithMarkup/47/Markup/1/Start,number,4
/Record/Section/8/Section/3/Information/0/Value/StringWithMarkup/47/Markup/1/Length,number,1
/Record/Section/8/Section/3/Information/0/Value/StringWithMarkup/47/Markup/1/Type,string,Superscript
/Record/Section/8/Section/3/Information/0/Value/StringWithMarkup/48/String,string,77Co
/Record/Section/8/Section/3/Information/0/Value/StringWithMarkup/48/Markup/0/Start,number,0
/Record/Section/8/Section/3/Information/0/Value/StringWithMarkup/48/Markup/0/Length,number,2
/Record/Section/8/Section/3/Information/0/Value/StringWithMarkup/48/Markup/0/Type,string,Superscript
/Record/Section/8/Section/3/Information/0/Value/StringWithMarkup/49/String,string,78Co
/Record/Section/8/Section/3/Information/0/Value/StringWithMarkup/49/Markup/0/Start,number,0
/Record/Section/8/Section/3/Information/0/Value/StringWithMarkup/49/Markup/0/Length,number,2
/Record/Section/8/Section/3/Information/0/Value/StringWithMarkup/49/Markup/0/Type,string,Superscript
/Record/Section/8/Section/3/Information/1/ReferenceNumber,number,2
/Record/Section/8/Section/3/Information/1/Name,string,Atomic Mass and Uncertainty [u]
/Record/Section/8/Section/3/Information/1/Value/StringWithMarkup/0/String,string,47.011401 ± 0.000644 [Estimated]
/Record/Section/8/Section/3/Information/1/Value/StringWithMarkup/1/String,string,48.001857 ± 0.000537 [Estimated]
/Record/Section/8/Section/3/Information/1/Value/StringWithMarkup/2/String,string,48.989501 ± 0.000537 [Estimated]
/Record/Section/8/Section/3/Information/1/Value/StringWithMarkup/3/String,string,49.981117000 ± 0.000135
/Record/Section/8/Section/3/Information/1/Value/StringWithMarkup/4/String,string,50.970647000 ± 0.000052
/Record/Section/8/Section/3/Information/1/Value/StringWithMarkup/5/String,string,51.963130224 ± 0.000005669
/Record/Section/8/Section/3/Information/1/Value/StringWithMarkup/6/String,string,51.963130224 ± 0.000005669
/Record/Section/8/Section/3/Information/1/Value/StringWithMarkup/7/String,string,52.954203278 ± 0.000001854
/Record/Section/8/Section/3/Information/1/Value/StringWithMarkup/8/String,string,52.954203278 ± 0.000001854
/Record/Section/8/Section/3/Information/1/Value/StringWithMarkup/9/String,string,53.948459075 ± 0.00000038
/Record/Section/8/Section/3/Information/1/Value/StringWithMarkup/10/String,string,53.948459075 ± 0.00000038
/Record/Section/8/Section/3/Information/1/Value/StringWithMarkup/11/String,string,54.941996416 ± 0.000000434
/Record/Section/8/Section/3/Information/1/Value/StringWithMarkup/12/String,string,55.939838032 ± 0.00000051
/Record/Section/8/Section/3/Information/1/Value/StringWithMarkup/13/String,string,56.936289819 ± 0.000000553
/Record/Section/8/Section/3/Information/1/Value/StringWithMarkup/14/String,string,57.935751292 ± 0.000001237
/Record/Section/8/Section/3/Information/1/Value/StringWithMarkup/15/String,string,57.935751292 ± 0.000001237
/Record/Section/8/Section/3/Information/1/Value/StringWithMarkup/16/String,string,57.935751292 ± 0.000001237
/Record/Section/8/Section/3/Information/1/Value/StringWithMarkup/17/String,string,58.933193524 ± 0.000000426
/Record/Section/8/Section/3/Information/1/Value/StringWithMarkup/18/String,string,59.933815536 ± 0.000000433
/Record/Section/8/Section/3/Information/1/Value/StringWithMarkup/19/String,string,59.933815536 ± 0.000000433
/Record/Section/8/Section/3/Information/1/Value/StringWithMarkup/20/String,string,60.932476031 ± 0.000000901
/Record/Section/8/Section/3/Information/1/Value/StringWithMarkup/21/String,string,61.934058198 ± 0.00001994
/Record/Section/8/Section/3/Information/1/Value/StringWithMarkup/22/String,string,61.934058198 ± 0.00001994
/Record/Section/8/Section/3/Information/1/Value/StringWithMarkup/23/String,string,62.933599630 ± 0.000019941
/Record/Section/8/Section/3/Information/1/Value/StringWithMarkup/24/String,string,63.935810176 ± 0.000021476
/Record/Section/8/Section/3/Information/1/Value/StringWithMarkup/25/String,string,63.935810176 ± 0.000021476
/Record/Section/8/Section/3/Information/1/Value/StringWithMarkup/26/String,string,64.936462071 ± 0.000002235
/Record/Section/8/Section/3/Information/1/Value/StringWithMarkup/27/String,string,65.939442943 ± 0.000015
/Record/Section/8/Section/3/Information/1/Value/StringWithMarkup/28/String,string,65.939442943 ± 0.000015
/Record/Section/8/Section/3/Information/1/Value/StringWithMarkup/29/String,string,65.939442943 ± 0.000015
/Record/Section/8/Section/3/Information/1/Value/StringWithMarkup/30/String,string,66.940609625 ± 0.000006917
/Record/Section/8/Section/3/Information/1/Value/StringWithMarkup/31/String,string,66.940609625 ± 0.000006917
/Record/Section/8/Section/3/Information/1/Value/StringWithMarkup/32/String,string,67.944559401 ± 0.000004142
/Record/Section/8/Section/3/Information/1/Value/StringWithMarkup/33/String,string,67.944559401 ± 0.000004142
/Record/Section/8/Section/3/Information/1/Value/StringWithMarkup/34/String,string,67.944559401 ± 0.000004142
/Record/Section/8/Section/3/Information/1/Value/StringWithMarkup/35/String,string,68.945909000 ± 0.000092
/Record/Section/8/Section/3/Information/1/Value/StringWithMarkup/36/String,string,68.945909000 ± 0.000092
/Record/Section/8/Section/3/Information/1/Value/StringWithMarkup/37/String,string,69.950053400 ± 0.0000118
/Record/Section/8/Section/3/Information/1/Value/StringWithMarkup/38/String,string,69.950053400 ± 0.0000118
/Record/Section/8/Section/3/Information/1/Value/StringWithMarkup/39/String,string,70.952366923 ± 0.00049923
/Record/Section/8/Section/3/Information/1/Value/StringWithMarkup/40/String,string,71.956736 ± 0.000322 [Estimated]
/Record/Section/8/Section/3/Information/1/Value/StringWithMarkup/41/String,string,71.956736 ± 0.000322 [Estimated]
/Record/Section/8/Section/3/Information/1/Value/StringWithMarkup/42/String,string,72.959238 ± 0.000322 [Estimated]
/Record/Section/8/Section/3/Information/1/Value/StringWithMarkup/43/String,string,73.963993 ± 0.000429 [Estimated]
/Record/Section/8/Section/3/Information/1/Value/StringWithMarkup/44/String,string,74.967192 ± 0.000429 [Estimated]
/Record/Section/8/Section/3/Information/1/Value/StringWithMarkup/45/String,string,75.972453 ± 0.000537 [Estimated]
/Record/Section/8/Section/3/Information/1/Value/StringWithMarkup/46/String,string,75.972453 ± 0.000537 [Estimated]
/Record/Section/8/Section/3/Information/1/Value/StringWithMarkup/47/String,string,75.972453 ± 0.000537 [Estimated]
/Record/Section/8/Section/3/Information/1/Value/StringWithMarkup/48/String,string,76.976479 ± 0.000644 [Estimated]
/Record/Section/8/Section/3/Information/1/Value/StringWithMarkup/49/String,string,77.983553 ± 0.000751 [Estimated]
/Record/Section/8/Section/3/Information/2/ReferenceNumber,number,2
/Record/Section/8/Section/3/Information/2/Name,string,Half Life and Uncertainty
/Record/Section/8/Section/3/Information/2/Value/StringWithMarkup/0/String,string,Not-specified
/Record/Section/8/Section/3/Information/2/Value/StringWithMarkup/1/String,string,Not-specified
/Record/Section/8/Section/3/Information/2/Value/StringWithMarkup/2/String,string,Not-specified <35ns
/Record/Section/8/Section/3/Information/2/Value/StringWithMarkup/3/String,string,38.8 ms ± 0.2
/Record/Section/8/Section/3/Information/2/Value/StringWithMarkup/4/String,string,68.8 ms ± 1.9
/Record/Section/8/Section/3/Information/2/Value/StringWithMarkup/5/String,string,111.7 ms ± 2.1
/Record/Section/8/Section/3/Information/2/Value/StringWithMarkup/6/String,string,102 ms ± 5
/Record/Section/8/Section/3/Information/2/Value/StringWithMarkup/7/String,string,244.6 ms ± 2.8
/Record/Section/8/Section/3/Information/2/Value/StringWithMarkup/8/String,string,250 ms ± 10
/Record/Section/8/Section/3/Information/2/Value/StringWithMarkup/9/String,string,193.27 ms ± 0.06
/Record/Section/8/Section/3/Information/2/Value/StringWithMarkup/10/String,string,1.48 m ± 0.02
/Record/Section/8/Section/3/Information/2/Value/StringWithMarkup/11/String,string,17.53 h ± 0.03
/Record/Section/8/Section/3/Information/2/Value/StringWithMarkup/12/String,string,77.236 d ± 0.026
/Record/Section/8/Section/3/Information/2/Value/StringWithMarkup/13/String,string,271.811 d ± 0.032
/Record/Section/8/Section/3/Information/2/Value/StringWithMarkup/14/String,string,70.844 d ± 0.020
/Record/Section/8/Section/3/Information/2/Value/StringWithMarkup/15/String,string,8.853 h ± 0.023
/Record/Section/8/Section/3/Information/2/Value/StringWithMarkup/16/String,string,10.5 us ± 0.3
/Record/Section/8/Section/3/Information/2/Value/StringWithMarkup/17/String,string,Stable
/Record/Section/8/Section/3/Information/2/Value/StringWithMarkup/18/String,string,5.2714 y ± 0.0006
/Record/Section/8/Section/3/Information/2/Value/StringWithMarkup/19/String,string,10.467 m ± 0.006
/Record/Section/8/Section/3/Information/2/Value/StringWithMarkup/20/String,string,1.649 h ± 0.005
/Record/Section/8/Section/3/Information/2/Value/StringWithMarkup/21/String,string,1.54 m ± 0.10
/Record/Section/8/Section/3/Information/2/Value/StringWithMarkup/22/String,string,13.86 m ± 0.09
/Record/Section/8/Section/3/Information/2/Value/StringWithMarkup/23/String,string,26.9 s ± 0.4
/Record/Section/8/Section/3/Information/2/Value/StringWithMarkup/24/String,string,300 ms ± 30
/Record/Section/8/Section/3/Information/2/Value/StringWithMarkup/25/String,string,300 ms [Estimated]
/Record/Section/8/Section/3/Information/2/Value/StringWithMarkup/26/String,string,1.16 s ± 0.03
/Record/Section/8/Section/3/Information/2/Value/StringWithMarkup/27/String,string,194 ms ± 17
/Record/Section/8/Section/3/Information/2/Value/StringWithMarkup/28/String,string,824 ns ± 22
/Record/Section/8/Section/3/Information/2/Value/StringWithMarkup/29/String,string,>100 us
/Record/Section/8/Section/3/Information/2/Value/StringWithMarkup/30/String,string,329 ms ± 28
/Record/Section/8/Section/3/Information/2/Value/StringWithMarkup/31/String,string,496 ms ± 33
/Record/Section/8/Section/3/Information/2/Value/StringWithMarkup/32/String,string,200 ms ± 20
/Record/Section/8/Section/3/Information/2/Value/StringWithMarkup/33/String,string,1.6 s ± 0.3
/Record/Section/8/Section/3/Information/2/Value/StringWithMarkup/34/String,string,101 ns ± 10
/Record/Section/8/Section/3/Information/2/Value/StringWithMarkup/35/String,string,180 ms ± 20
/Record/Section/8/Section/3/Information/2/Value/StringWithMarkup/36/String,string,750 ms ± 250
/Record/Section/8/Section/3/Information/2/Value/StringWithMarkup/37/String,string,508 ms ± 7
/Record/Section/8/Section/3/Information/2/Value/StringWithMarkup/38/String,string,112 ms ± 7
/Record/Section/8/Section/3/Information/2/Value/StringWithMarkup/39/String,string,80 ms ± 3
/Record/Section/8/Section/3/Information/2/Value/StringWithMarkup/40/String,string,51.5 ms ± 0.3
/Record/Section/8/Section/3/Information/2/Value/StringWithMarkup/41/String,string,47.8 ms ± 0.5
/Record/Section/8/Section/3/Information/2/Value/StringWithMarkup/42/String,string,42.0 ms ± 0.8
/Record/Section/8/Section/3/Information/2/Value/StringWithMarkup/43/String,string,31.3 ms ± 1.3
/Record/Section/8/Section/3/Information/2/Value/StringWithMarkup/44/String,string,26.5 ms ± 1.2
/Record/Section/8/Section/3/Information/2/Value/StringWithMarkup/45/String,string,23 ms ± 6
/Record/Section/8/Section/3/Information/2/Value/StringWithMarkup/46/String,string,16 ms ± 4
/Record/Section/8/Section/3/Information/2/Value/StringWithMarkup/47/String,string,2.99 us ± 0.27
/Record/Section/8/Section/3/Information/2/Value/StringWithMarkup/48/String,string,15 ms ± 6
/Record/Section/8/Section/3/Information/2/Value/StringWithMarkup/49/String,string,11 ms >410ns [Estimated]
/Record/Section/8/Section/3/Information/3/ReferenceNumber,number,2
/Record/Section/8/Section/3/Information/3/Name,string,Discovery Year
/Record/Section/8/Section/3/Information/3/Value/StringWithMarkup/0/String,string,
/Record/Section/8/Section/3/Information/3/Value/StringWithMarkup/1/String,string,
/Record/Section/8/Section/3/Information/3/Value/StringWithMarkup/2/String,string,
/Record/Section/8/Section/3/Information/3/Value/StringWithMarkup/3/String,string,1987
/Record/Section/8/Section/3/Information/3/Value/StringWithMarkup/4/String,string,1987
/Record/Section/8/Section/3/Information/3/Value/StringWithMarkup/5/String,string,1987
/Record/Section/8/Section/3/Information/3/Value/StringWithMarkup/6/String,string,2016
/Record/Section/8/Section/3/Information/3/Value/StringWithMarkup/7/String,string,1970
/Record/Section/8/Section/3/Information/3/Value/StringWithMarkup/8/String,string,1970
/Record/Section/8/Section/3/Information/3/Value/StringWithMarkup/9/String,string,1952
/Record/Section/8/Section/3/Information/3/Value/StringWithMarkup/10/String,string,1962
/Record/Section/8/Section/3/Information/3/Value/StringWithMarkup/11/String,string,1938
/Record/Section/8/Section/3/Information/3/Value/StringWithMarkup/12/String,string,1941
/Record/Section/8/Section/3/Information/3/Value/StringWithMarkup/13/String,string,1941
/Record/Section/8/Section/3/Information/3/Value/StringWithMarkup/14/String,string,1941
/Record/Section/8/Section/3/Information/3/Value/StringWithMarkup/15/String,string,1950
/Record/Section/8/Section/3/Information/3/Value/StringWithMarkup/16/String,string,1964
/Record/Section/8/Section/3/Information/3/Value/StringWithMarkup/17/String,string,1923
/Record/Section/8/Section/3/Information/3/Value/StringWithMarkup/18/String,string,1941
/Record/Section/8/Section/3/Information/3/Value/StringWithMarkup/19/String,string,1963
/Record/Section/8/Section/3/Information/3/Value/StringWithMarkup/20/String,string,1947
/Record/Section/8/Section/3/Information/3/Value/StringWithMarkup/21/String,string,1949
/Record/Section/8/Section/3/Information/3/Value/StringWithMarkup/22/String,string,1957
/Record/Section/8/Section/3/Information/3/Value/StringWithMarkup/23/String,string,1960
/Record/Section/8/Section/3/Information/3/Value/StringWithMarkup/24/String,string,1969
/Record/Section/8/Section/3/Information/3/Value/StringWithMarkup/25/String,string,2008
/Record/Section/8/Section/3/Information/3/Value/StringWithMarkup/26/String,string,1978
/Record/Section/8/Section/3/Information/3/Value/StringWithMarkup/27/String,string,1985
/Record/Section/8/Section/3/Information/3/Value/StringWithMarkup/28/String,string,1998
/Record/Section/8/Section/3/Information/3/Value/StringWithMarkup/29/String,string,1998
/Record/Section/8/Section/3/Information/3/Value/StringWithMarkup/30/String,string,1985
/Record/Section/8/Section/3/Information/3/Value/StringWithMarkup/31/String,string,2008
/Record/Section/8/Section/3/Information/3/Value/StringWithMarkup/32/String,string,1985
/Record/Section/8/Section/3/Information/3/Value/StringWithMarkup/33/String,string,1998
/Record/Section/8/Section/3/Information/3/Value/StringWithMarkup/34/String,string,2010
/Record/Section/8/Section/3/Information/3/Value/StringWithMarkup/35/String,string,1985
/Record/Section/8/Section/3/Information/3/Value/StringWithMarkup/36/String,string,2015
/Record/Section/8/Section/3/Information/3/Value/StringWithMarkup/37/String,string,1998
/Record/Section/8/Section/3/Information/3/Value/StringWithMarkup/38/String,string,1985
/Record/Section/8/Section/3/Information/3/Value/StringWithMarkup/39/String,string,1992
/Record/Section/8/Section/3/Information/3/Value/StringWithMarkup/40/String,string,1992
/Record/Section/8/Section/3/Information/3/Value/StringWithMarkup/41/String,string,2016
/Record/Section/8/Section/3/Information/3/Value/StringWithMarkup/42/String,string,1995
/Record/Section/8/Section/3/Information/3/Value/StringWithMarkup/43/String,string,1995
/Record/Section/8/Section/3/Information/3/Value/StringWithMarkup/44/String,string,1995
/Record/Section/8/Section/3/Information/3/Value/StringWithMarkup/45/String,string,2010
/Record/Section/8/Section/3/Information/3/Value/StringWithMarkup/46/String,string,2015
/Record/Section/8/Section/3/Information/3/Value/StringWithMarkup/47/String,string,2015
/Record/Section/8/Section/3/Information/3/Value/StringWithMarkup/48/String,string,2014
/Record/Section/8/Section/3/Information/3/Value/StringWithMarkup/49/String,string,2017
/Record/Section/8/Section/3/Information/4/ReferenceNumber,number,2
/Record/Section/8/Section/3/Information/4/Name,string,"Decay Modes, Intensities and Uncertainties [%]"
/Record/Section/8/Section/3/Information/4/Value/StringWithMarkup/0/String,string,p ?
/Record/Section/8/Section/3/Information/4/Value/StringWithMarkup/1/String,string,p ?
/Record/Section/8/Section/3/Information/4/Value/StringWithMarkup/2/String,string,p ?
/Record/Section/8/Section/3/Information/4/Value/StringWithMarkup/3/String,string,β+=100%; β+p=70.5±0.7%; β+2p ?
/Record/Section/8/Section/3/Information/4/Value/StringWithMarkup/3/Markup/0/Start,number,1
/Record/Section/8/Section/3/Information/4/Value/StringWithMarkup/3/Markup/0/Length,number,1
/Record/Section/8/Section/3/Information/4/Value/StringWithMarkup/3/Markup/0/Type,string,Superscript
/Record/Section/8/Section/3/Information/4/Value/StringWithMarkup/3/Markup/1/Start,number,10
/Record/Section/8/Section/3/Information/4/Value/StringWithMarkup/3/Markup/1/Length,number,1
/Record/Section/8/Section/3/Information/4/Value/StringWithMarkup/3/Markup/1/Type,string,Superscript
/Record/Section/8/Section/3/Information/4/Value/StringWithMarkup/3/Markup/2/Start,number,25
/Record/Section/8/Section/3/Information/4/Value/StringWithMarkup/3/Markup/2/Length,number,1
/Record/Section/8/Section/3/Information/4/Value/StringWithMarkup/3/Markup/2/Type,string,Superscript
/Record/Section/8/Section/3/Information/4/Value/StringWithMarkup/4/String,string,β+=100%; β+p<3.8%
/Record/Section/8/Section/3/Information/4/Value/StringWithMarkup/4/Markup/0/Start,number,1
/Record/Section/8/Section/3/Information/4/Value/StringWithMarkup/4/Markup/0/Length,number,1
/Record/Section/8/Section/3/Information/4/Value/StringWithMarkup/4/Markup/0/Type,string,Superscript
/Record/Section/8/Section/3/Information/4/Value/StringWithMarkup/4/Markup/1/Start,number,10
/Record/Section/8/Section/3/Information/4/Value/StringWithMarkup/4/Markup/1/Length,number,1
/Record/Section/8/Section/3/Information/4/Value/StringWithMarkup/4/Markup/1/Type,string,Superscript
/Record/Section/8/Section/3/Information/4/Value/StringWithMarkup/5/String,string,β+=100%; β+p ?
/Record/Section/8/Section/3/Information/4/Value/StringWithMarkup/5/Markup/0/Start,number,1
/Record/Section/8/Section/3/Information/4/Value/StringWithMarkup/5/Markup/0/Length,number,1
/Record/Section/8/Section/3/Information/4/Value/StringWithMarkup/5/Markup/0/Type,string,Superscript
/Record/Section/8/Section/3/Information/4/Value/StringWithMarkup/5/Markup/1/Start,number,10
/Record/Section/8/Section/3/Information/4/Value/StringWithMarkup/5/Markup/1/Length,number,1
/Record/Section/8/Section/3/Information/4/Value/StringWithMarkup/5/Markup/1/Type,string,Superscript
/Record/Section/8/Section/3/Information/4/Value/StringWithMarkup/6/String,string,β+≈100%; IT ?; β+p ?
/Record/Section/8/Section/3/Information/4/Value/StringWithMarkup/6/Markup/0/Start,number,1
/Record/Section/8/Section/3/Information/4/Value/StringWithMarkup/6/Markup/0/Length,number,1
/Record/Section/8/Section/3/Information/4/Value/StringWithMarkup/6/Markup/0/Type,string,Superscript
/Record/Section/8/Section/3/Information/4/Value/StringWithMarkup/6/Markup/1/Start,number,16
/Record/Section/8/Section/3/Information/4/Value/StringWithMarkup/6/Markup/1/Length,number,1
/Record/Section/8/Section/3/Information/4/Value/StringWithMarkup/6/Markup/1/Type,string,Superscript
/Record/Section/8/Section/3/Information/4/Value/StringWithMarkup/7/String,string,β+=100%
/Record/Section/8/Section/3/Information/4/Value/StringWithMarkup/7/Markup/0/Start,number,1
/Record/Section/8/Section/3/Information/4/Value/StringWithMarkup/7/Markup/0/Length,number,1
/Record/Section/8/Section/3/Information/4/Value/StringWithMarkup/7/Markup/0/Type,string,Superscript
/Record/Section/8/Section/3/Information/4/Value/StringWithMarkup/8/String,string,β+=?; p≈1.5%
/Record/Section/8/Section/3/Information/4/Value/StringWithMarkup/8/Markup/0/Start,number,1
/Record/Section/8/Section/3/Information/4/Value/StringWithMarkup/8/Markup/0/Length,number,1
/Record/Section/8/Section/3/Information/4/Value/StringWithMarkup/8/Markup/0/Type,string,Superscript
/Record/Section/8/Section/3/Information/4/Value/StringWithMarkup/9/String,string,β+=100%
/Record/Section/8/Section/3/Information/4/Value/StringWithMarkup/9/Markup/0/Start,number,1
/Record/Section/8/Section/3/Information/4/Value/StringWithMarkup/9/Markup/0/Length,number,1
/Record/Section/8/Section/3/Information/4/Value/StringWithMarkup/9/Markup/0/Type,string,Superscript
/Record/Section/8/Section/3/Information/4/Value/StringWithMarkup/10/String,string,β+=100%
/Record/Section/8/Section/3/Information/4/Value/StringWithMarkup/10/Markup/0/Start,number,1
/Record/Section/8/Section/3/Information/4/Value/StringWithMarkup/10/Markup/0/Length,number,1
/Record/Section/8/Section/3/Information/4/Value/StringWithMarkup/10/Markup/0/Type,string,Superscript
/Record/Section/8/Section/3/Information/4/Value/StringWithMarkup/11/String,string,β+=100%
/Record/Section/8/Section/3/Information/4/Value/StringWithMarkup/11/Markup/0/Start,number,1
/Record/Section/8/Section/3/Information/4/Value/StringWithMarkup/11/Markup/0/Length,number,1
/Record/Section/8/Section/3/Information/4/Value/StringWithMarkup/11/Markup/0/Type,string,Superscript
/Record/Section/8/Section/3/Information/4/Value/StringWithMarkup/12/String,string,β+=100%
/Record/Section/8/Section/3/Information/4/Value/StringWithMarkup/12/Markup/0/Start,number,1
/Record/Section/8/Section/3/Information/4/Value/StringWithMarkup/12/Markup/0/Length,number,1
/Record/Section/8/Section/3/Information/4/Value/StringWithMarkup/12/Markup/0/Type,string,Superscript
/Record/Section/8/Section/3/Information/4/Value/StringWithMarkup/13/String,string,ε=100%
/Record/Section/8/Section/3/Information/4/Value/StringWithMarkup/14/String,string,β+=100%; e+=14.79±2.4%; ε=85.21±2.4%
/Record/Section/8/Section/3/Information/4/Value/StringWithMarkup/14/Markup/0/Start,number,1
/Record/Section/8/Section/3/Information/4/Value/StringWithMarkup/14/Markup/0/Length,number,1
/Record/Section/8/Section/3/Information/4/Value/StringWithMarkup/14/Markup/0/Type,string,Superscript
/Record/Section/8/Section/3/Information/4/Value/StringWithMarkup/14/Markup/1/Start,number,10
/Record/Section/8/Section/3/Information/4/Value/StringWithMarkup/14/Markup/1/Length,number,1
/Record/Section/8/Section/3/Information/4/Value/StringWithMarkup/14/Markup/1/Type,string,Superscript
/Record/Section/8/Section/3/Information/4/Value/StringWithMarkup/15/String,string,IT=99.99880±0.5%; ε=0.00120±0.5%
/Record/Section/8/Section/3/Information/4/Value/StringWithMarkup/16/String,string,IT=100%
/Record/Section/8/Section/3/Information/4/Value/StringWithMarkup/17/String,string,IS=100%
/Record/Section/8/Section/3/Information/4/Value/StringWithMarkup/18/String,string,β-=100%
/Record/Section/8/Section/3/Information/4/Value/StringWithMarkup/18/Markup/0/Start,number,1
/Record/Section/8/Section/3/Information/4/Value/StringWithMarkup/18/Markup/0/Length,number,1
/Record/Section/8/Section/3/Information/4/Value/StringWithMarkup/18/Markup/0/Type,string,Superscript
/Record/Section/8/Section/3/Information/4/Value/StringWithMarkup/19/String,string,IT≈100%; β-=0.25±0.3%
/Record/Section/8/Section/3/Information/4/Value/StringWithMarkup/19/Markup/0/Start,number,10
/Record/Section/8/Section/3/Information/4/Value/StringWithMarkup/19/Markup/0/Length,number,1
/Record/Section/8/Section/3/Information/4/Value/StringWithMarkup/19/Markup/0/Type,string,Superscript
/Record/Section/8/Section/3/Information/4/Value/StringWithMarkup/20/String,string,β-=100%
/Record/Section/8/Section/3/Information/4/Value/StringWithMarkup/20/Markup/0/Start,number,1
/Record/Section/8/Section/3/Information/4/Value/StringWithMarkup/20/Markup/0/Length,number,1
/Record/Section/8/Section/3/Information/4/Value/StringWithMarkup/20/Markup/0/Type,string,Superscript
/Record/Section/8/Section/3/Information/4/Value/StringWithMarkup/21/String,string,β-=100%
/Record/Section/8/Section/3/Information/4/Value/StringWithMarkup/21/Markup/0/Start,number,1
/Record/Section/8/Section/3/Information/4/Value/StringWithMarkup/21/Markup/0/Length,number,1
/Record/Section/8/Section/3/Information/4/Value/StringWithMarkup/21/Markup/0/Type,string,Superscript
/Record/Section/8/Section/3/Information/4/Value/StringWithMarkup/22/String,string,β-≈100%; IT<0.5%
/Record/Section/8/Section/3/Information/4/Value/StringWithMarkup/22/Markup/0/Start,number,1
/Record/Section/8/Section/3/Information/4/Value/StringWithMarkup/22/Markup/0/Length,number,1
/Record/Section/8/Section/3/Information/4/Value/StringWithMarkup/22/Markup/0/Type,string,Superscript
/Record/Section/8/Section/3/Information/4/Value/StringWithMarkup/23/String,string,β-=100%
/Record/Section/8/Section/3/Information/4/Value/StringWithMarkup/23/Markup/0/Start,number,1
/Record/Section/8/Section/3/Information/4/Value/StringWithMarkup/23/Markup/0/Length,number,1
/Record/Section/8/Section/3/Information/4/Value/StringWithMarkup/23/Markup/0/Type,string,Superscript
/Record/Section/8/Section/3/Information/4/Value/StringWithMarkup/24/String,string,β-=100%
/Record/Section/8/Section/3/Information/4/Value/StringWithMarkup/24/Markup/0/Start,number,1
/Record/Section/8/Section/3/Information/4/Value/StringWithMarkup/24/Markup/0/Length,number,1
/Record/Section/8/Section/3/Information/4/Value/StringWithMarkup/24/Markup/0/Type,string,Superscript
/Record/Section/8/Section/3/Information/4/Value/StringWithMarkup/25/String,string,β- ?; IT ?
/Record/Section/8/Section/3/Information/4/Value/StringWithMarkup/25/Markup/0/Start,number,1
/Record/Section/8/Section/3/Information/4/Value/StringWithMarkup/25/Markup/0/Length,number,1
/Record/Section/8/Section/3/Information/4/Value/StringWithMarkup/25/Markup/0/Type,string,Superscript
/Record/Section/8/Section/3/Information/4/Value/StringWithMarkup/26/String,string,β-=100%
/Record/Section/8/Section/3/Information/4/Value/StringWithMarkup/26/Markup/0/Start,number,1
/Record/Section/8/Section/3/Information/4/Value/StringWithMarkup/26/Markup/0/Length,number,1
/Record/Section/8/Section/3/Information/4/Value/StringWithMarkup/26/Markup/0/Type,string,Superscript
/Record/Section/8/Section/3/Information/4/Value/StringWithMarkup/27/String,string,β-=100%; β-n ?
/Record/Section/8/Section/3/Information/4/Value/StringWithMarkup/27/Markup/0/Start,number,1
/Record/Section/8/Section/3/Information/4/Value/StringWithMarkup/27/Markup/0/Length,number,1
/Record/Section/8/Section/3/Information/4/Value/StringWithMarkup/27/Markup/0/Type,string,Superscript
/Record/Section/8/Section/3/Information/4/Value/StringWithMarkup/27/Markup/1/Start,number,10
/Record/Section/8/Section/3/Information/4/Value/StringWithMarkup/27/Markup/1/Length,number,1
/Record/Section/8/Section/3/Information/4/Value/StringWithMarkup/27/Markup/1/Type,string,Superscript
/Record/Section/8/Section/3/Information/4/Value/StringWithMarkup/28/String,string,IT=100%
/Record/Section/8/Section/3/Information/4/Value/StringWithMarkup/29/String,string,IT=100%
/Record/Section/8/Section/3/Information/4/Value/StringWithMarkup/30/String,string,β-=100%; β-n ?
/Record/Section/8/Section/3/Information/4/Value/StringWithMarkup/30/Markup/0/Start,number,1
/Record/Section/8/Section/3/Information/4/Value/StringWithMarkup/30/Markup/0/Length,number,1
/Record/Section/8/Section/3/Information/4/Value/StringWithMarkup/30/Markup/0/Type,string,Superscript
/Record/Section/8/Section/3/Information/4/Value/StringWithMarkup/30/Markup/1/Start,number,10
/Record/Section/8/Section/3/Information/4/Value/StringWithMarkup/30/Markup/1/Length,number,1
/Record/Section/8/Section/3/Information/4/Value/StringWithMarkup/30/Markup/1/Type,string,Superscript
/Record/Section/8/Section/3/Information/4/Value/StringWithMarkup/31/String,string,IT>80%; β- ?
/Record/Section/8/Section/3/Information/4/Value/StringWithMarkup/31/Markup/0/Start,number,9
/Record/Section/8/Section/3/Information/4/Value/StringWithMarkup/31/Markup/0/Length,number,1
/Record/Section/8/Section/3/Information/4/Value/StringWithMarkup/31/Markup/0/Type,string,Superscript
/Record/Section/8/Section/3/Information/4/Value/StringWithMarkup/32/String,string,β-=100%; β-n ?
/Record/Section/8/Section/3/Information/4/Value/StringWithMarkup/32/Markup/0/Start,number,1
/Record/Section/8/Section/3/Information/4/Value/StringWithMarkup/32/Markup/0/Length,number,1
/Record/Section/8/Section/3/Information/4/Value/StringWithMarkup/32/Markup/0/Type,string,Superscript
/Record/Section/8/Section/3/Information/4/Value/StringWithMarkup/32/Markup/1/Start,number,10
/Record/Section/8/Section/3/Information/4/Value/StringWithMarkup/32/Markup/1/Length,number,1
/Record/Section/8/Section/3/Information/4/Value/StringWithMarkup/32/Markup/1/Type,string,Superscript
/Record/Section/8/Section/3/Information/4/Value/StringWithMarkup/33/String,string,β-=100%; β-n>2.6%
/Record/Section/8/Section/3/Information/4/Value/StringWithMarkup/33/Markup/0/Start,number,1
/Record/Section/8/Section/3/Information/4/Value/StringWithMarkup/33/Markup/0/Length,number,1
/Record/Section/8/Section/3/Information/4/Value/StringWithMarkup/33/Markup/0/Type,string,Superscript
/Record/Section/8/Section/3/Information/4/Value/StringWithMarkup/33/Markup/1/Start,number,10
/Record/Section/8/Section/3/Information/4/Value/StringWithMarkup/33/Markup/1/Length,number,1
/Record/Section/8/Section/3/Information/4/Value/StringWithMarkup/33/Markup/1/Type,string,Superscript
/Record/Section/8/Section/3/Information/4/Value/StringWithMarkup/34/String,string,IT=100%
/Record/Section/8/Section/3/Information/4/Value/StringWithMarkup/35/String,string,β-=100%; β-n ?
/Record/Section/8/Section/3/Information/4/Value/StringWithMarkup/35/Markup/0/Start,number,1
/Record/Section/8/Section/3/Information/4/Value/StringWithMarkup/35/Markup/0/Length,number,1
/Record/Section/8/Section/3/Information/4/Value/StringWithMarkup/35/Markup/0/Type,string,Superscript
/Record/Section/8/Section/3/Information/4/Value/StringWithMarkup/35/Markup/1/Start,number,10
/Record/Section/8/Section/3/Information/4/Value/StringWithMarkup/35/Markup/1/Length,number,1
/Record/Section/8/Section/3/Information/4/Value/StringWithMarkup/35/Markup/1/Type,string,Superscript
/Record/Section/8/Section/3/Information/4/Value/StringWithMarkup/36/String,string,β-=100%
/Record/Section/8/Section/3/Information/4/Value/StringWithMarkup/36/Markup/0/Start,number,1
/Record/Section/8/Section/3/Information/4/Value/StringWithMarkup/36/Markup/0/Length,number,1
/Record/Section/8/Section/3/Information/4/Value/StringWithMarkup/36/Markup/0/Type,string,Superscript
/Record/Section/8/Section/3/Information/4/Value/StringWithMarkup/37/String,string,β-=100%; β-n ?; β-2n ?
/Record/Section/8/Section/3/Information/4/Value/StringWithMarkup/37/Markup/0/Start,number,1
/Record/Section/8/Section/3/Information/4/Value/StringWithMarkup/37/Markup/0/Length,number,1
/Record/Section/8/Section/3/Information/4/Value/StringWithMarkup/37/Markup/0/Type,string,Superscript
/Record/Section/8/Section/3/Information/4/Value/StringWithMarkup/37/Markup/1/Start,number,10
/Record/Section/8/Section/3/Information/4/Value/StringWithMarkup/37/Markup/1/Length,number,1
/Record/Section/8/Section/3/Information/4/Value/StringWithMarkup/37/Markup/1/Type,string,Superscript
/Record/Section/8/Section/3/Information/4/Value/StringWithMarkup/37/Markup/2/Start,number,17
/Record/Section/8/Section/3/Information/4/Value/StringWithMarkup/37/Markup/2/Length,number,1
/Record/Section/8/Section/3/Information/4/Value/StringWithMarkup/37/Markup/2/Type,string,Superscript
/Record/Section/8/Section/3/Information/4/Value/StringWithMarkup/38/String,string,β-=100%; IT ?; β-n ?; β-2n ?
/Record/Section/8/Section/3/Information/4/Value/StringWithMarkup/38/Markup/0/Start,number,1
/Record/Section/8/Section/3/Information/4/Value/StringWithMarkup/38/Markup/0/Length,number,1
/Record/Section/8/Section/3/Information/4/Value/StringWithMarkup/38/Markup/0/Type,string,Superscript
/Record/Section/8/Section/3/Information/4/Value/StringWithMarkup/38/Markup/1/Start,number,16
/Record/Section/8/Section/3/Information/4/Value/StringWithMarkup/38/Markup/1/Length,number,1
/Record/Section/8/Section/3/Information/4/Value/StringWithMarkup/38/Markup/1/Type,string,Superscript
/Record/Section/8/Section/3/Information/4/Value/StringWithMarkup/38/Markup/2/Start,number,23
/Record/Section/8/Section/3/Information/4/Value/StringWithMarkup/38/Markup/2/Length,number,1
/Record/Section/8/Section/3/Information/4/Value/StringWithMarkup/38/Markup/2/Type,string,Superscript
/Record/Section/8/Section/3/Information/4/Value/StringWithMarkup/39/String,string,β-=100%; β-n=3±0.1%
/Record/Section/8/Section/3/Information/4/Value/StringWithMarkup/39/Markup/0/Start,number,1
/Record/Section/8/Section/3/Information/4/Value/StringWithMarkup/39/Markup/0/Length,number,1
/Record/Section/8/Section/3/Information/4/Value/StringWithMarkup/39/Markup/0/Type,string,Superscript
/Record/Section/8/Section/3/Information/4/Value/StringWithMarkup/39/Markup/1/Start,number,10
/Record/Section/8/Section/3/Information/4/Value/StringWithMarkup/39/Markup/1/Length,number,1
/Record/Section/8/Section/3/Information/4/Value/StringWithMarkup/39/Markup/1/Type,string,Superscript
/Record/Section/8/Section/3/Information/4/Value/StringWithMarkup/40/String,string,β-=100%; β-n>4%; β-2n ?
/Record/Section/8/Section/3/Information/4/Value/StringWithMarkup/40/Markup/0/Start,number,1
/Record/Section/8/Section/3/Information/4/Value/StringWithMarkup/40/Markup/0/Length,number,1
/Record/Section/8/Section/3/Information/4/Value/StringWithMarkup/40/Markup/0/Type,string,Superscript
/Record/Section/8/Section/3/Information/4/Value/StringWithMarkup/40/Markup/1/Start,number,10
/Record/Section/8/Section/3/Information/4/Value/StringWithMarkup/40/Markup/1/Length,number,1
/Record/Section/8/Section/3/Information/4/Value/StringWithMarkup/40/Markup/1/Type,string,Superscript
/Record/Section/8/Section/3/Information/4/Value/StringWithMarkup/40/Markup/2/Start,number,18
/Record/Section/8/Section/3/Information/4/Value/StringWithMarkup/40/Markup/2/Length,number,1
/Record/Section/8/Section/3/Information/4/Value/StringWithMarkup/40/Markup/2/Type,string,Superscript
/Record/Section/8/Section/3/Information/4/Value/StringWithMarkup/41/String,string,β-=100%
/Record/Section/8/Section/3/Information/4/Value/StringWithMarkup/41/Markup/0/Start,number,1
/Record/Section/8/Section/3/Information/4/Value/StringWithMarkup/41/Markup/0/Length,number,1
/Record/Section/8/Section/3/Information/4/Value/StringWithMarkup/41/Markup/0/Type,string,Superscript
/Record/Section/8/Section/3/Information/4/Value/StringWithMarkup/42/String,string,β-=100%; β-n=6±0.3%; β-2n ?
/Record/Section/8/Section/3/Information/4/Value/StringWithMarkup/42/Markup/0/Start,number,1
/Record/Section/8/Section/3/Information/4/Value/StringWithMarkup/42/Markup/0/Length,number,1
/Record/Section/8/Section/3/Information/4/Value/StringWithMarkup/42/Markup/0/Type,string,Superscript
/Record/Section/8/Section/3/Information/4/Value/StringWithMarkup/42/Markup/1/Start,number,10
/Record/Section/8/Section/3/Information/4/Value/StringWithMarkup/42/Markup/1/Length,number,1
/Record/Section/8/Section/3/Information/4/Value/StringWithMarkup/42/Markup/1/Type,string,Superscript
/Record/Section/8/Section/3/Information/4/Value/StringWithMarkup/42/Markup/2/Start,number,22
/Record/Section/8/Section/3/Information/4/Value/StringWithMarkup/42/Markup/2/Length,number,1
/Record/Section/8/Section/3/Information/4/Value/StringWithMarkup/42/Markup/2/Type,string,Superscript
/Record/Section/8/Section/3/Information/4/Value/StringWithMarkup/43/String,string,β-=100%; β-n=18±1.5%; β-2n ?
/Record/Section/8/Section/3/Information/4/Value/StringWithMarkup/43/Markup/0/Start,number,1
/Record/Section/8/Section/3/Information/4/Value/StringWithMarkup/43/Markup/0/Length,number,1
/Record/Section/8/Section/3/Information/4/Value/StringWithMarkup/43/Markup/0/Type,string,Superscript
/Record/Section/8/Section/3/Information/4/Value/StringWithMarkup/43/Markup/1/Start,number,10
/Record/Section/8/Section/3/Information/4/Value/StringWithMarkup/43/Markup/1/Length,number,1
/Record/Section/8/Section/3/Information/4/Value/StringWithMarkup/43/Markup/1/Type,string,Superscript
/Record/Section/8/Section/3/Information/4/Value/StringWithMarkup/43/Markup/2/Start,number,23
/Record/Section/8/Section/3/Information/4/Value/StringWithMarkup/43/Markup/2/Length,number,1
/Record/Section/8/Section/3/Information/4/Value/StringWithMarkup/43/Markup/2/Type,string,Superscript
/Record/Section/8/Section/3/Information/4/Value/StringWithMarkup/44/String,string,β-=100%; β-n<16%; β-2n ?
/Record/Section/8/Section/3/Information/4/Value/StringWithMarkup/44/Markup/0/Start,number,1
/Record/Section/8/Section/3/Information/4/Value/StringWithMarkup/44/Markup/0/Length,number,1
/Record/Section/8/Section/3/Information/4/Value/StringWithMarkup/44/Markup/0/Type,string,Superscript
/Record/Section/8/Section/3/Information/4/Value/StringWithMarkup/44/Markup/1/Start,number,10
/Record/Section/8/Section/3/Information/4/Value/StringWithMarkup/44/Markup/1/Length,number,1
/Record/Section/8/Section/3/Information/4/Value/StringWithMarkup/44/Markup/1/Type,string,Superscript
/Record/Section/8/Section/3/Information/4/Value/StringWithMarkup/44/Markup/2/Start,number,19
/Record/Section/8/Section/3/Information/4/Value/StringWithMarkup/44/Markup/2/Length,number,1
/Record/Section/8/Section/3/Information/4/Value/StringWithMarkup/44/Markup/2/Type,string,Superscript
/Record/Section/8/Section/3/Information/4/Value/StringWithMarkup/45/String,string,β-=100%; β-n ?; β-2n ?
/Record/Section/8/Section/3/Information/4/Value/StringWithMarkup/45/Markup/0/Start,number,1
/Record/Section/8/Section/3/Information/4/Value/StringWithMarkup/45/Markup/0/Length,number,1
/Record/Section/8/Section/3/Information/4/Value/StringWithMarkup/45/Markup/0/Type,string,Superscript
/Record/Section/8/Section/3/Information/4/Value/StringWithMarkup/45/Markup/1/Start,number,10
/Record/Section/8/Section/3/Information/4/Value/StringWithMarkup/45/Markup/1/Length,number,1
/Record/Section/8/Section/3/Information/4/Value/StringWithMarkup/45/Markup/1/Type,string,Superscript
/Record/Section/8/Section/3/Information/4/Value/StringWithMarkup/45/Markup/2/Start,number,17
/Record/Section/8/Section/3/Information/4/Value/StringWithMarkup/45/Markup/2/Length,number,1
/Record/Section/8/Section/3/Information/4/Value/StringWithMarkup/45/Markup/2/Type,string,Superscript
/Record/Section/8/Section/3/Information/4/Value/StringWithMarkup/46/String,string,β-=100%
/Record/Section/8/Section/3/Information/4/Value/StringWithMarkup/46/Markup/0/Start,number,1
/Record/Section/8/Section/3/Information/4/Value/StringWithMarkup/46/Markup/0/Length,number,1
/Record/Section/8/Section/3/Information/4/Value/StringWithMarkup/46/Markup/0/Type,string,Superscript
/Record/Section/8/Section/3/Information/4/Value/StringWithMarkup/47/String,string,IT=100%
/Record/Section/8/Section/3/Information/4/Value/StringWithMarkup/48/String,string,β-=100%; β-n ?; β-2n ?; β-3n ?
/Record/Section/8/Section/3/Information/4/Value/StringWithMarkup/48/Markup/0/Start,number,1
/Record/Section/8/Section/3/Information/4/Value/StringWithMarkup/48/Markup/0/Length,number,1
/Record/Section/8/Section/3/Information/4/Value/StringWithMarkup/48/Markup/0/Type,string,Superscript
/Record/Section/8/Section/3/Information/4/Value/StringWithMarkup/48/Markup/1/Start,number,10
/Record/Section/8/Section/3/Information/4/Value/StringWithMarkup/48/Markup/1/Length,number,1
/Record/Section/8/Section/3/Information/4/Value/StringWithMarkup/48/Markup/1/Type,string,Superscript
/Record/Section/8/Section/3/Information/4/Value/StringWithMarkup/48/Markup/2/Start,number,17
/Record/Section/8/Section/3/Information/4/Value/StringWithMarkup/48/Markup/2/Length,number,1
/Record/Section/8/Section/3/Information/4/Value/StringWithMarkup/48/Markup/2/Type,string,Superscript
/Record/Section/8/Section/3/Information/4/Value/StringWithMarkup/48/Markup/3/Start,number,25
/Record/Section/8/Section/3/Information/4/Value/StringWithMarkup/48/Markup/3/Length,number,1
/Record/Section/8/Section/3/Information/4/Value/StringWithMarkup/48/Markup/3/Type,string,Superscript
/Record/Section/8/Section/3/Information/4/Value/StringWithMarkup/49/String,string,β- ?
/Record/Section/8/Section/3/Information/4/Value/StringWithMarkup/49/Markup/0/Start,number,1
/Record/Section/8/Section/3/Information/4/Value/StringWithMarkup/49/Markup/0/Length,number,1
/Record/Section/8/Section/3/Information/4/Value/StringWithMarkup/49/Markup/0/Type,string,Superscript
/Record/Reference/0/ReferenceNumber,number,1
/Record/Reference/0/SourceName,string,PubChem
/Record/Reference/0/SourceID,string,PubChem
/Record/Reference/0/Description,string,Data deposited in or computed by PubChem
/Record/Reference/0/URL,string,https://pubchem.ncbi.nlm.nih.gov
/Record/Reference/1/ReferenceNumber,number,2
/Record/Reference/1/SourceName,string,"Atomic Mass Data Center (AMDC), International Atomic Energy Agency (IAEA)"
/Record/Reference/1/SourceID,string,e27
/Record/Reference/1/Name,string,Co
/Record/Reference/1/Description,string,The half-life and atomic mass data was provided by the Atomic Mass Data Center at the International Atomic Energy Agency.
/Record/Reference/1/URL,string,https://www-nds.iaea.org/amdc/
/Record/Reference/1/LicenseURL,string,https://www-nds.iaea.org/disclaimer.html
/Record/Reference/1/ANID,number,6590254
/Record/Reference/2/ReferenceNumber,number,3
/Record/Reference/2/SourceName,string,IUPAC Commission on Isotopic Abundances and Atomic Weights (CIAAW)
/Record/Reference/2/SourceID,string,a27
/Record/Reference/2/Name,string,Cobalt
/Record/Reference/2/Description,string,Element data are cited from the Atomic weights of the elements (an IUPAC Technical Report). The IUPAC periodic table of elements can be found at https://iupac.org/what-we-do/periodic-table-of-elements/. Additional information can be found within IUPAC publication doi:10.1515/pac-2015-0703 Copyright © 2020 International Union of Pure and Applied Chemistry.
/Record/Reference/2/URL,string,https://www.ciaaw.org/cobalt.htm
/Record/Reference/2/LicenseURL,string,http://www.ciaaw.org/bylaws.htm
/Record/Reference/2/ANID,number,2292408
/Record/Reference/3/ReferenceNumber,number,5
/Record/Reference/3/SourceName,string,"Jefferson Lab, U.S. Department of Energy"
/Record/Reference/3/SourceID,string,jlab27
/Record/Reference/3/Name,string,Cobalt
/Record/Reference/3/Description,string,"Thomas Jefferson National Accelerator Facility (Jefferson Lab) is one of 17 national laboratories funded by the U.S. Department of Energy. The lab's primary mission is to conduct basic research of the atom's nucleus using the lab's unique particle accelerator, known as the Continuous Electron Beam Accelerator Facility (CEBAF). For more information visit https://www.jlab.org/"
/Record/Reference/3/URL,string,https://education.jlab.org/itselemental/ele027.html
/Record/Reference/3/LicenseNote,string,Please see citation and linking information: https://education.jlab.org/faq/index.html
/Record/Reference/3/LicenseURL,string,https://www.jlab.org/privacy-and-security-notice
/Record/Reference/3/ANID,number,507089
/Record/Reference/4/ReferenceNumber,number,6
/Record/Reference/4/SourceName,string,"Los Alamos National Laboratory, U.S. Department of Energy"
/Record/Reference/4/SourceID,string,lanl27
/Record/Reference/4/Name,string,Cobalt
/Record/Reference/4/Description,string,"The periodic table at the LANL (Los Alamos National Laboratory) contains basic element information together with the history, source, properties, use, handling and more. The provenance data may be found from the link under the source name."
/Record/Reference/4/URL,string,https://periodic.lanl.gov/27.shtml
/Record/Reference/4/ANID,number,507207
/Record/Reference/5/ReferenceNumber,number,7
/Record/Reference/5/SourceName,string,NIST Physical Measurement Laboratory
/Record/Reference/5/SourceID,string,e27
/Record/Reference/5/Name,string,Cobalt
/Record/Reference/5/Description,string,"The periodic table contains NIST's critically-evaluated data on atomic properties of the elements. The provenance data that include data for atomic spectroscopy, X-ray and gamma ray, radiation dosimetry, nuclear physics, and condensed matter physics may be found from the link under the source name. Ref: https://www.nist.gov/pml/atomic-spectra-database"
/Record/Reference/5/URL,string,https://physics.nist.gov/cgi-bin/Elements/elInfo.pl?element=27
/Record/Reference/5/LicenseURL,string,https://www.nist.gov/pml/database-disclaimer
/Record/Reference/5/ANID,number,2292644
/Record/Reference/6/ReferenceNumber,number,4
/Record/Reference/6/SourceName,string,IUPAC Periodic Table of the Elements and Isotopes (IPTEI)
/Record/Reference/6/SourceID,string,p27
/Record/Reference/6/Description,string,"The information are cited from Pure Appl. Chem. 2018; 90(12): 1833-2092, https://doi.org/10.1515/pac-2015-0703."
/Record/Reference/6/URL,string,https://doi.org/10.1515/pac-2015-0703
/Record/Reference/6/LicenseNote,string,"Copyright (c) 2020 International Union of Pure and Applied Chemistry.

The International Union of Pure and Applied Chemistry (IUPAC) contribution within Pubchem is provided under a CC-BY-NC-ND 4.0 license, unless otherwise stated."
/Record/Reference/6/LicenseURL,string,https://creativecommons.org/licenses/by-nc-nd/4.0/
/Record/Reference/6/ANID,number,13296432
/Record/Reference/7/ReferenceNumber,number,9
/Record/Reference/7/SourceName,string,PubChem Elements
/Record/Reference/7/SourceID,string,ep_27
/Record/Reference/7/Name,string,Cobalt
/Record/Reference/7/Description,string,The element property data was retrieved from publications.
/Record/Reference/7/LicenseURL,string,https://www.nlm.nih.gov/copyright.html
/Record/Reference/7/ANID,number,24834090
/Record/Reference/8/ReferenceNumber,number,8
/Record/Reference/8/SourceName,string,PubChem Elements
/Record/Reference/8/SourceID,string,ef_27
/Record/Reference/8/Name,string,Cobalt
/Record/Reference/8/Description,string,This section provides all form of data related to element Cobalt.
/Record/Reference/8/LicenseURL,string,https://www.nlm.nih.gov/copyright.html
/Record/Reference/8/ANID,number,24833955
