path,type,value
/Record/RecordType,string,AtomicNumber
/Record/RecordNumber,number,17
/Record/RecordTitle,string,Chlorine
/Record/Section/0/TOCHeading,string,Identifiers
/Record/Section/0/Description,string,"Identifiers for this element, including element name, element symbol, InChI string, and InChIKey."
/Record/Section/0/Section/0/TOCHeading,string,Element Name
/Record/Section/0/Section/0/Description,string,"The formal, standard name for a given element, originating from factors such as common usage and the person or place involved in its discovery. Element, also called chemical element, refers to a species of atom; all varieties of atoms with the same number of protons in the nucleus (but possibly a different number of neutrons) are considered to be the same element."
/Record/Section/0/Section/0/Information/0/ReferenceNumber,number,1
/Record/Section/0/Section/0/Information/0/Name,string,Element Name
/Record/Section/0/Section/0/Information/0/Value/StringWithMarkup/0/String,string,Chlorine
/Record/Section/0/Section/0/Information/1/ReferenceNumber,number,3
/Record/Section/0/Section/0/Information/1/Name,string,Element Name
/Record/Section/0/Section/0/Information/1/Value/StringWithMarkup/0/String,string,Chlorine
/Record/Section/0/Section/1/TOCHeading,string,Element Symbol
/Record/Section/0/Section/1/Description,string,"Element symbol, also called atomic symbol, typically consists of one or two letters from the Latin alphabet derived from the element name in one of several languages."
/Record/Section/0/Section/1/Information/0/ReferenceNumber,number,1
/Record/Section/0/Section/1/Information/0/Name,string,Element Symbol
/Record/Section/0/Section/1/Information/0/Value/StringWithMarkup/0/String,string,Cl
/Record/Section/0/Section/1/Information/1/ReferenceNumber,number,3
/Record/Section/0/Section/1/Information/1/Name,string,Element Symbol
/Record/Section/0/Section/1/Information/1/Value/StringWithMarkup/0/String,string,Cl
/Record/Section/0/Section/2/TOCHeading,string,InChI
/Record/Section/0/Section/2/Description,string,"The International Chemical Identifier (InChI) is a computed, non-proprietary identifier for a chemical structure.  The InChI is an International Union of Pure and Applied Chemistry (IUPAC) standard."
/Record/Section/0/Section/2/URL,string,https://iupac.org/who-we-are/divisions/division-details/inchi/
/Record/Section/0/Section/2/Information/0/ReferenceNumber,number,1
/Record/Section/0/Section/2/Information/0/Name,string,InChI
/Record/Section/0/Section/2/Information/0/Value/StringWithMarkup/0/String,string,InChI=1S/Cl
/Record/Section/0/Section/3/TOCHeading,string,InChIKey
/Record/Section/0/Section/3/Description,string,"An InChIKey is a 27-character hashed code derived from an InChI.  The International Chemical Identifier (InChI) is a computed, non-proprietary identifier for a chemical structure.  The InChI is an International Union of Pure and Applied Chemistry (IUPAC) standard."
/Record/Section/0/Section/3/URL,string,https://iupac.org/who-we-are/divisions/division-details/inchi/
/Record/Section/0/Section/3/Information/0/ReferenceNumber,number,1
/Record/Section/0/Section/3/Information/0/Name,string,InChIKey
/Record/Section/0/Section/3/Information/0/Value/StringWithMarkup/0/String,string,ZAMOUSCENKQFHK-UHFFFAOYSA-N
/Record/Section/1/TOCHeading,string,Properties
/Record/Section/1/Description,string,"Characteristics of this element, such as atomic number, atomic mass, density, melting point, boiling point and so on."
/Record/Section/1/Section/0/TOCHeading,string,Atomic Weight
/Record/Section/1/Section/0/Description,string,"Also called relative atomic mass, is the ratio of the average mass of the atom to the unified atomic mass unit, defined as one twelfth of the mass of a carbon-12 atom in its ground state and used to express masses of atomic particles, u=1.660 5402(10) * 10**(-27) kg. The Standard atomic weights refer to recommended values of relative atomic masses of the elements revised biennially by the IUPAC Commission on Atomic Weights and Isotopic Abundances and applicable to elements in any normal sample with a high level of confidence. The number in the parenthesis refers to an uncertainty when exists. The unit of atomic weight is the dalton or unified atomic mass unit (symbol: Da or u)."
/Record/Section/1/Section/0/Information/0/ReferenceNumber,number,3
/Record/Section/1/Section/0/Information/0/Name,string,Atomic Weight
/Record/Section/1/Section/0/Information/0/Value/StringWithMarkup/0/String,string,"[35.446, 35.457]"
/Record/Section/1/Section/0/Information/1/ReferenceNumber,number,5
/Record/Section/1/Section/0/Information/1/Value/StringWithMarkup/0/String,string,35.4527
/Record/Section/1/Section/0/Information/2/ReferenceNumber,number,6
/Record/Section/1/Section/0/Information/2/Value/StringWithMarkup/0/String,string,35.45
/Record/Section/1/Section/0/Information/3/ReferenceNumber,number,7
/Record/Section/1/Section/0/Information/3/Value/StringWithMarkup/0/String,string,"[35.446,35.457]"
/Record/Section/1/Section/1/TOCHeading,string,Electron Configuration
/Record/Section/1/Section/1/Description,string,"The electron configuration refers a distribution of the electrons of an atom or a molecular entity over a set of one-electron wavefunctions (called orbitals), according to the Pauli principle. From one configuration several states with different multiplicities may result."
/Record/Section/1/Section/1/URL,string,https://chem.libretexts.org/Courses/Sacramento_City_College/SCC%3A_Chem_420_-_Organic_Chemistry_I/Text/01%3A_Introduction_and_Review/1.04%3A_Electron_Configurations
/Record/Section/1/Section/1/Information/0/ReferenceNumber,number,6
/Record/Section/1/Section/1/Information/0/Value/StringWithMarkup/0/String,string,[Ne]3s23p5
/Record/Section/1/Section/1/Information/0/Value/StringWithMarkup/0/Markup/0/Start,number,6
/Record/Section/1/Section/1/Information/0/Value/StringWithMarkup/0/Markup/0/Length,number,1
/Record/Section/1/Section/1/Information/0/Value/StringWithMarkup/0/Markup/0/Type,string,Superscript
/Record/Section/1/Section/1/Information/0/Value/StringWithMarkup/0/Markup/1/Start,number,9
/Record/Section/1/Section/1/Information/0/Value/StringWithMarkup/0/Markup/1/Length,number,1
/Record/Section/1/Section/1/Information/0/Value/StringWithMarkup/0/Markup/1/Type,string,Superscript
/Record/Section/1/Section/2/TOCHeading,string,Atomic Radius
/Record/Section/1/Section/2/Description,string,"The atomic radius of a chemical element is a measure of the size of its atom, usually, the distance from the center of the nucleus to the outermost isolated electron.  Because an atom does not have a discrete boundary, there are various non-equivalent definitions of atomic radius, such as Van der Waals radius and covalent radius."
/Record/Section/1/Section/2/Information/0/ReferenceNumber,number,6
/Record/Section/1/Section/2/Information/0/Name,string,Van der Waals Atomic Radius
/Record/Section/1/Section/2/Information/0/Value/StringWithMarkup/0/String,string,175 pm (Van der Waals)
/Record/Section/1/Section/2/Information/1/ReferenceNumber,number,9
/Record/Section/1/Section/2/Information/1/Name,string,Empirical Atomic Radius
/Record/Section/1/Section/2/Information/1/Reference/0,string,"J.C. Slater, J Chem Phys, 1964, 41(10), 3199-3205. DOI:10.1063/1.1725697"
/Record/Section/1/Section/2/Information/1/ExtendedReference/0/Citation,string,"J.C. Slater, J Chem Phys, 1964, 41(10), 3199-3205. DOI:10.1063/1.1725697"
/Record/Section/1/Section/2/Information/1/Value/Number/0,number,100
/Record/Section/1/Section/2/Information/1/Value/Unit,string,pm (Empirical)
/Record/Section/1/Section/2/Information/2/ReferenceNumber,number,9
/Record/Section/1/Section/2/Information/2/Name,string,Covalent Atomic Radius
/Record/Section/1/Section/2/Information/2/Reference/0,string,"B. Cordero, V. Gómez, A.E. Platero-Prats, M. Revés, J. Echeverría, E. Cremades, F. Barragán, S. Alvarez, Dalton Trans. 2008, 21, 2832-2838. DOI:10.1039/b801115j PMID:18478144."
/Record/Section/1/Section/2/Information/2/ExtendedReference/0/Citation,string,"B. Cordero, V. Gómez, A.E. Platero-Prats, M. Revés, J. Echeverría, E. Cremades, F. Barragán, S. Alvarez, Dalton Trans. 2008, 21, 2832-2838. DOI:10.1039/b801115j PMID:18478144."
/Record/Section/1/Section/2/Information/2/Value/StringWithMarkup/0/String,string,102(4) pm (Covalent)
/Record/Section/1/Section/3/TOCHeading,string,Oxidation States
/Record/Section/1/Section/3/Description,string,"The oxidation state(s) that this element commonly has in a compound.  The oxidation state of an atom is defined as the hypothetical charge that would be held by that atom if all of its bonds to other atoms were completely ionic in nature. For example, the oxidation state of carbon in CO2 would be +4 since the hypothetical charge held by the carbon atom if both of the carbon-oxygen double bonds were completely ionic would be equal to +4 (each oxygen atom would hold a charge of -2 since oxygen is more electronegative than carbon)."
/Record/Section/1/Section/3/URL,string,https://chem.libretexts.org/Bookshelves/General_Chemistry/Map%3A_Chemistry_-_The_Central_Science_(Brown_et_al.)/20%3A_Electrochemistry/20.01%3A_Oxidation_States_and_Redox_Reactions
/Record/Section/1/Section/3/Information/0/ReferenceNumber,number,5
/Record/Section/1/Section/3/Information/0/Value/StringWithMarkup/0/String,string,"+7, +5, +1, -1"
/Record/Section/1/Section/3/Information/1/ReferenceNumber,number,6
/Record/Section/1/Section/3/Information/1/Value/StringWithMarkup/0/String,string,"7, 6, 5, 4, 3, 2, 1, -1 ​(a strongly acidic oxide)"
/Record/Section/1/Section/4/TOCHeading,string,Ground Level
/Record/Section/1/Section/4/Description,string,Also called ground-state level. The ground state electron configuration is the arrangement of electrons around the nucleus of an atom with lower energy levels.
/Record/Section/1/Section/4/Information/0/ReferenceNumber,number,7
/Record/Section/1/Section/4/Information/0/Value/StringWithMarkup/0/String,string,2P°3/2
/Record/Section/1/Section/4/Information/0/Value/StringWithMarkup/0/Markup/0/Start,number,0
/Record/Section/1/Section/4/Information/0/Value/StringWithMarkup/0/Markup/0/Length,number,1
/Record/Section/1/Section/4/Information/0/Value/StringWithMarkup/0/Markup/0/Type,string,Superscript
/Record/Section/1/Section/4/Information/0/Value/StringWithMarkup/0/Markup/1/Start,number,3
/Record/Section/1/Section/4/Information/0/Value/StringWithMarkup/0/Markup/1/Length,number,3
/Record/Section/1/Section/4/Information/0/Value/StringWithMarkup/0/Markup/1/Type,string,Subscript
/Record/Section/1/Section/5/TOCHeading,string,Ionization Energy
/Record/Section/1/Section/5/Description,string,"Ionization energy, also called ionization potential, is the amount of energy required to remove an electron from an isolated atom or molecule."
/Record/Section/1/Section/5/URL,string,https://www.britannica.com/science/ionization-energy
/Record/Section/1/Section/5/Information/0/ReferenceNumber,number,5
/Record/Section/1/Section/5/Information/0/Value/StringWithMarkup/0/String,string,12.968 eV
/Record/Section/1/Section/5/Information/1/ReferenceNumber,number,7
/Record/Section/1/Section/5/Information/1/Reference/0,string,"Vacuum Ultraviolet Laser Photoion and Pulsed Field Ionization-Photoion Study of Rydberg Series of Chlorine Atoms Prepared in the 2PJ (J = 3/2 and 1/2) Fine-Structure States, L. Yang, H. Gao, J.-G. Zhou, and C. Y. Ng, Astrophys. J. 810, 132 (2015) DOI:10.1088/0004-637X/810/2/132"
/Record/Section/1/Section/5/Information/1/ExtendedReference/0/Citation,string,"Vacuum Ultraviolet Laser Photoion and Pulsed Field Ionization-Photoion Study of Rydberg Series of Chlorine Atoms Prepared in the 2PJ (J = 3/2 and 1/2) Fine-Structure States, L. Yang, H. Gao, J.-G. Zhou, and C. Y. Ng, Astrophys. J. 810, 132 (2015) DOI:10.1088/0004-637X/810/2/132"
/Record/Section/1/Section/5/Information/1/Value/StringWithMarkup/0/String,string,12.967633 ± 0.000016 eV
/Record/Section/1/Section/6/TOCHeading,string,Electronegativity
/Record/Section/1/Section/6/Description,string,Electronegativity is a measure of the tendency of an atom to attract a bonding pair of electrons.
/Record/Section/1/Section/6/URL,string,https://chem.libretexts.org/Bookshelves/Physical_and_Theoretical_Chemistry_Textbook_Maps/Supplemental_Modules_(Physical_and_Theoretical_Chemistry)/Physical_Properties_of_Matter/Atomic_and_Molecular_Properties/Electronegativity
/Record/Section/1/Section/6/Information/0/ReferenceNumber,number,9
/Record/Section/1/Section/6/Information/0/Name,string,Pauling Scale Electronegativity
/Record/Section/1/Section/6/Information/0/Reference/0,string,"A.L. Allred, J. Inorg. Nucl. Chem., 1961, 17(3-4), 215-221. DOI:10.1016/0022-1902(61)80142-5"
/Record/Section/1/Section/6/Information/0/ExtendedReference/0/Citation,string,"A.L. Allred, J. Inorg. Nucl. Chem., 1961, 17(3-4), 215-221. DOI:10.1016/0022-1902(61)80142-5"
/Record/Section/1/Section/6/Information/0/Value/Number/0,number,3.16
/Record/Section/1/Section/6/Information/0/Value/Unit,string,(Pauling Scale)
/Record/Section/1/Section/6/Information/1/ReferenceNumber,number,9
/Record/Section/1/Section/6/Information/1/Name,string,Allen Scale Electronegativity
/Record/Section/1/Section/6/Information/1/Reference/0,string,"L.C. Allen, J. Am. Chem. Soc., 1989, 111, 9003. DOI:10.1021/ja00207a003"
/Record/Section/1/Section/6/Information/1/Reference/1,string,"J.B. Mann, T.L. Meek and L.C. Allen, J. Am. Chem. Soc., 2000, 122, 2780. DOI:10.1021/ja992866e"
/Record/Section/1/Section/6/Information/1/Reference/2,string,"J.B. Mann, T.L. Meek, E.T. Knight, J.F. Capitani and L.C Allen, J. Am. Chem. Soc., 2000, 122, 5132. DOI:10.1021/ja9928677"
/Record/Section/1/Section/6/Information/1/ExtendedReference/0/Citation,string,"L.C. Allen, J. Am. Chem. Soc., 1989, 111, 9003. DOI:10.1021/ja00207a003"
/Record/Section/1/Section/6/Information/1/ExtendedReference/1/Citation,string,"J.B. Mann, T.L. Meek and L.C. Allen, J. Am. Chem. Soc., 2000, 122, 2780. DOI:10.1021/ja992866e"
/Record/Section/1/Section/6/Information/1/ExtendedReference/2/Citation,string,"J.B. Mann, T.L. Meek, E.T. Knight, J.F. Capitani and L.C Allen, J. Am. Chem. Soc., 2000, 122, 5132. DOI:10.1021/ja9928677"
/Record/Section/1/Section/6/Information/1/Value/Number/0,number,2.869
/Record/Section/1/Section/6/Information/1/Value/Unit,string,(Allen Scale)
/Record/Section/1/Section/7/TOCHeading,string,Electron Affinity
/Record/Section/1/Section/7/Description,string,"Electron affinity refers to the energy released when an additional electron is attached to a neutral atom to form a singly charged negative ion.  Alternatively, it can also be defined as the energy required to detach an electron from the singly charged negative ion."
/Record/Section/1/Section/7/URL,string,https://chem.libretexts.org/Bookshelves/Physical_and_Theoretical_Chemistry_Textbook_Maps/Supplemental_Modules_(Physical_and_Theoretical_Chemistry)/Physical_Properties_of_Matter/Atomic_and_Molecular_Properties/Electron_Affinity
/Record/Section/1/Section/7/Information/0/ReferenceNumber,number,9
/Record/Section/1/Section/7/Information/0/Reference/0,string,"R.T Myers, J. Chem. Edu., 1990, 67(4), 307. DOI:10.1021/ed067p307"
/Record/Section/1/Section/7/Information/0/ExtendedReference/0/Citation,string,"R.T Myers, J. Chem. Edu., 1990, 67(4), 307. DOI:10.1021/ed067p307"
/Record/Section/1/Section/7/Information/0/Value/Number/0,number,3.617
/Record/Section/1/Section/7/Information/0/Value/Unit,string,eV
/Record/Section/1/Section/7/Information/1/ReferenceNumber,number,9
/Record/Section/1/Section/7/Information/1/Reference/0,string,"R.J. Zollweg, J. Chem. Phys., 1969, 50, 4251. DOI:10.1063/1.1670890"
/Record/Section/1/Section/7/Information/1/ExtendedReference/0/Citation,string,"R.J. Zollweg, J. Chem. Phys., 1969, 50, 4251. DOI:10.1063/1.1670890"
/Record/Section/1/Section/7/Information/1/Value/Number/0,number,3.62
/Record/Section/1/Section/7/Information/1/Value/Unit,string,eV
/Record/Section/1/Section/8/TOCHeading,string,Atomic Spectra
/Record/Section/1/Section/8/Description,string,The spectrum of the electromagnetic radiation emitted or absorbed by an electron during transitions between different energy levels within an atom.
/Record/Section/1/Section/8/Information/0/ReferenceNumber,number,7
/Record/Section/1/Section/8/Information/0/URL,string,https://physics.nist.gov/cgi-bin/ASD/lines_hold.pl?el=Cl
/Record/Section/1/Section/8/Information/0/Value/StringWithMarkup/0/String,string,Lines Holdings
/Record/Section/1/Section/8/Information/1/ReferenceNumber,number,7
/Record/Section/1/Section/8/Information/1/URL,string,https://physics.nist.gov/cgi-bin/ASD/levels_hold.pl?el=Cl
/Record/Section/1/Section/8/Information/1/Value/StringWithMarkup/0/String,string,Levels Holdings
/Record/Section/1/Section/9/TOCHeading,string,Physical Description
/Record/Section/1/Section/9/Description,string,"The appearance or features of this element, including color, odor, state, taste and more in general."
/Record/Section/1/Section/9/Information/0/ReferenceNumber,number,5
/Record/Section/1/Section/9/Information/0/Value/StringWithMarkup/0/String,string,Gas
/Record/Section/1/Section/10/TOCHeading,string,Element Classification
/Record/Section/1/Section/10/Description,string,"Classification according to the element's chemical and physical properties, and location within the periodic table."
/Record/Section/1/Section/10/Information/0/ReferenceNumber,number,5
/Record/Section/1/Section/10/Information/0/Value/StringWithMarkup/0/String,string,Non-metal
/Record/Section/1/Section/11/TOCHeading,string,Element Period Number
/Record/Section/1/Section/11/Description,string,The element period number refers to a horizontal row of the periodic table. The periodic table has 7 periods.
/Record/Section/1/Section/11/Information/0/ReferenceNumber,number,5
/Record/Section/1/Section/11/Information/0/Value/StringWithMarkup/0/String,string,3
/Record/Section/1/Section/12/TOCHeading,string,Element Group Number
/Record/Section/1/Section/12/Description,string,Element group refers to a set of chemical elements in the same vertical column of the periodic table
/Record/Section/1/Section/12/Information/0/ReferenceNumber,number,5
/Record/Section/1/Section/12/Information/0/Value/StringWithMarkup/0/String,string,17 - Halogen
/Record/Section/1/Section/13/TOCHeading,string,Density
/Record/Section/1/Section/13/Description,string,This section provides information on the density of an element. It is the mass of a unit volume of the element and commonly expressed in units of kg/m3 or g/cm3.
/Record/Section/1/Section/13/URL,string,https://chem.libretexts.org/Bookshelves/Introductory_Chemistry/Map%3A_Fundamentals_of_General_Organic_and_Biological_Chemistry_(McMurry_et_al.)/01%3A_Matter_and_Measurements/1.12%3A_Density_and_Specific_Gravity
/Record/Section/1/Section/13/Information/0/ReferenceNumber,number,5
/Record/Section/1/Section/13/Information/0/Value/StringWithMarkup/0/String,string,0.003214 grams per cubic centimeter
/Record/Section/1/Section/14/TOCHeading,string,Melting Point
/Record/Section/1/Section/14/Description,string,"This section provides the melting point and/or freezing point. The melting point is the temperature at which a substance changes state from solid to liquid at atmospheric pressure. When considered as the temperature of the reverse change (from liquid to solid), it is referred to as the freezing point."
/Record/Section/1/Section/14/URL,string,https://chem.libretexts.org/Bookshelves/Organic_Chemistry/Organic_Chemistry_Lab_Techniques_(Nichols)/06%3A_Miscellaneous_Techniques/6.01%3A_Melting_Point
/Record/Section/1/Section/14/Information/0/ReferenceNumber,number,5
/Record/Section/1/Section/14/Information/0/Value/StringWithMarkup/0/String,string,171.65 K (-101.5°C or -150.7°F)
/Record/Section/1/Section/14/Information/1/ReferenceNumber,number,6
/Record/Section/1/Section/14/Information/1/Value/StringWithMarkup/0/String,string,-101.5°C
/Record/Section/1/Section/15/TOCHeading,string,Boiling Point
/Record/Section/1/Section/15/Description,string,The temperature at which this element changes state from liquid to gas at a given atmospheric pressure.
/Record/Section/1/Section/15/URL,string,https://chem.libretexts.org/Bookshelves/Organic_Chemistry/Organic_Chemistry_Lab_Techniques_(Nichols)/06%3A_Miscellaneous_Techniques/6.02%3A_Boiling_Point
/Record/Section/1/Section/15/Information/0/ReferenceNumber,number,5
/Record/Section/1/Section/15/Information/0/Value/StringWithMarkup/0/String,string,239.11 K (-34.04°C or -29.27°F)
/Record/Section/1/Section/15/Information/1/ReferenceNumber,number,6
/Record/Section/1/Section/15/Information/1/Value/StringWithMarkup/0/String,string,-34.04°C
/Record/Section/1/Section/16/TOCHeading,string,Estimated Crustal Abundance
/Record/Section/1/Section/16/Description,string,The estimated element abundance in the earth's crust.
/Record/Section/1/Section/16/Information/0/ReferenceNumber,number,5
/Record/Section/1/Section/16/Information/0/Value/StringWithMarkup/0/String,string,1.45×102 milligrams per kilogram
/Record/Section/1/Section/16/Information/0/Value/StringWithMarkup/0/Markup/0/Start,number,7
/Record/Section/1/Section/16/Information/0/Value/StringWithMarkup/0/Markup/0/Length,number,1
/Record/Section/1/Section/16/Information/0/Value/StringWithMarkup/0/Markup/0/Type,string,Superscript
/Record/Section/1/Section/17/TOCHeading,string,Estimated Oceanic Abundance
/Record/Section/1/Section/17/Description,string,The estimated element abundance in the earth's oceans.
/Record/Section/1/Section/17/Information/0/ReferenceNumber,number,5
/Record/Section/1/Section/17/Information/0/Value/StringWithMarkup/0/String,string,1.94×104 milligrams per liter
/Record/Section/1/Section/17/Information/0/Value/StringWithMarkup/0/Markup/0/Start,number,7
/Record/Section/1/Section/17/Information/0/Value/StringWithMarkup/0/Markup/0/Length,number,1
/Record/Section/1/Section/17/Information/0/Value/StringWithMarkup/0/Markup/0/Type,string,Superscript
/Record/Section/2/TOCHeading,string,History
/Record/Section/2/Description,string,The history of the discovery and use of this element.
/Record/Section/2/Information/0/ReferenceNumber,number,3
/Record/Section/2/Information/0/Name,string,History
/Record/Section/2/Information/0/Value/StringWithMarkup/0/String,string,"The name derives from the Greek chloros for ""pale green"" or ""greenish yellow"" colour of the element. It was discovered by the Swedish pharmacist and chemist Carl-Wilhelm Scheele in 1774. In 1810, the English chemist Humphry Davy proved it was an element."
/Record/Section/2/Information/0/Value/StringWithMarkup/0/Markup/0/Start,number,32
/Record/Section/2/Information/0/Value/StringWithMarkup/0/Markup/0/Length,number,7
/Record/Section/2/Information/0/Value/StringWithMarkup/0/Markup/0/Type,string,Italics
/Record/Section/2/Information/1/ReferenceNumber,number,5
/Record/Section/2/Information/1/Value/StringWithMarkup/0/String,string,"Since it combines directly with nearly every element, chlorine is never found free in nature. Chlorine was first produced by Carl Wilhelm Scheele, a Swedish chemist, when he combined the mineral pyrolusite (MnO2) with hydrochloric acid (HCl) in 1774. Although Scheele thought the gas produced in his experiment contained oxygen, Sir Humphry Davy proved in 1810 that it was actually a distinct element. Today, most chlorine is produced through the electrolysis of aqueous sodium chloride (NaCl)."
/Record/Section/2/Information/1/Value/StringWithMarkup/0/Markup/0/Start,number,210
/Record/Section/2/Information/1/Value/StringWithMarkup/0/Markup/0/Length,number,1
/Record/Section/2/Information/1/Value/StringWithMarkup/0/Markup/0/Type,string,Subscript
/Record/Section/2/Information/2/ReferenceNumber,number,6
/Record/Section/2/Information/2/Value/StringWithMarkup/0/String,string,"From the Greek word chloro, greenish yellow. Discovered in 1774 by Scheele, who thought it contained oxygen. Chlorine was named in 1810 by Davy, who insisted it was an element."
/Record/Section/2/Section/0/TOCHeading,string,Historical Atomic Weights
/Record/Section/2/Section/0/Description,string,This section provides the historical atomic weights. The atomic weight shown in brackets means the value range while others shown with uncertainty in parenthesis.
/Record/Section/2/Section/0/DisplayControls/CreateTable/FromInformationIn,string,ThisSection
/Record/Section/2/Section/0/DisplayControls/CreateTable/NumberOfColumns,number,3
/Record/Section/2/Section/0/DisplayControls/CreateTable/ColumnsFromNamedLists/Name/0,string,Year
/Record/Section/2/Section/0/DisplayControls/CreateTable/ColumnsFromNamedLists/Name/1,string,Atomic Weight (uncertainty) [u]
/Record/Section/2/Section/0/DisplayControls/CreateTable/ColumnsFromNamedLists/Name/2,string,Reference
/Record/Section/2/Section/0/DisplayControls/CreateTable/ColumnsFromNamedLists/UseNamesAsColumnHeadings,boolean,true
/Record/Section/2/Section/0/Information/0/ReferenceNumber,number,3
/Record/Section/2/Section/0/Information/0/Name,string,Year
/Record/Section/2/Section/0/Information/0/Value/StringWithMarkup/0/String,string,2009
/Record/Section/2/Section/0/Information/0/Value/StringWithMarkup/1/String,string,1999
/Record/Section/2/Section/0/Information/0/Value/StringWithMarkup/2/String,string,1985
/Record/Section/2/Section/0/Information/0/Value/StringWithMarkup/3/String,string,1961
/Record/Section/2/Section/0/Information/0/Value/StringWithMarkup/4/String,string,1925
/Record/Section/2/Section/0/Information/0/Value/StringWithMarkup/5/String,string,1909
/Record/Section/2/Section/0/Information/0/Value/StringWithMarkup/6/String,string,1902
/Record/Section/2/Section/0/Information/1/ReferenceNumber,number,3
/Record/Section/2/Section/0/Information/1/Name,string,Atomic Weight (uncertainty)
/Record/Section/2/Section/0/Information/1/Value/StringWithMarkup/0/String,string,"[35.446, 35.457]"
/Record/Section/2/Section/0/Information/1/Value/StringWithMarkup/1/String,string,35.453(2)
/Record/Section/2/Section/0/Information/1/Value/StringWithMarkup/2/String,string,35.4527(9)
/Record/Section/2/Section/0/Information/1/Value/StringWithMarkup/3/String,string,35.453(1)
/Record/Section/2/Section/0/Information/1/Value/StringWithMarkup/4/String,string,35.457
/Record/Section/2/Section/0/Information/1/Value/StringWithMarkup/5/String,string,35.46
/Record/Section/2/Section/0/Information/1/Value/StringWithMarkup/6/String,string,35.45
/Record/Section/2/Section/0/Information/2/ReferenceNumber,number,3
/Record/Section/2/Section/0/Information/2/Name,string,Reference
/Record/Section/2/Section/0/Information/2/Value/StringWithMarkup/0/String,string,doi:10.1351/PAC-REP-10-09-14
/Record/Section/2/Section/0/Information/2/Value/StringWithMarkup/0/Markup/0/Start,number,0
/Record/Section/2/Section/0/Information/2/Value/StringWithMarkup/0/Markup/0/Length,number,28
/Record/Section/2/Section/0/Information/2/Value/StringWithMarkup/0/Markup/0/URL,string,https://doi.org/10.1351/PAC-REP-10-09-14
/Record/Section/2/Section/0/Information/2/Value/StringWithMarkup/1/String,string,doi:10.1351/pac200173040667
/Record/Section/2/Section/0/Information/2/Value/StringWithMarkup/1/Markup/0/Start,number,0
/Record/Section/2/Section/0/Information/2/Value/StringWithMarkup/1/Markup/0/Length,number,27
/Record/Section/2/Section/0/Information/2/Value/StringWithMarkup/1/Markup/0/URL,string,https://doi.org/10.1351/pac200173040667
/Record/Section/2/Section/0/Information/2/Value/StringWithMarkup/2/String,string,doi:10.1351/pac198658121677
/Record/Section/2/Section/0/Information/2/Value/StringWithMarkup/2/Markup/0/Start,number,0
/Record/Section/2/Section/0/Information/2/Value/StringWithMarkup/2/Markup/0/Length,number,27
/Record/Section/2/Section/0/Information/2/Value/StringWithMarkup/2/Markup/0/URL,string,https://doi.org/10.1351/pac198658121677
/Record/Section/2/Section/0/Information/2/Value/StringWithMarkup/3/String,string,doi:10.1021/ja00881a001
/Record/Section/2/Section/0/Information/2/Value/StringWithMarkup/3/Markup/0/Start,number,0
/Record/Section/2/Section/0/Information/2/Value/StringWithMarkup/3/Markup/0/Length,number,23
/Record/Section/2/Section/0/Information/2/Value/StringWithMarkup/3/Markup/0/URL,string,https://doi.org/10.1021/ja00881a001
/Record/Section/2/Section/0/Information/2/Value/StringWithMarkup/4/String,string,doi:10.1039/CT9252700913
/Record/Section/2/Section/0/Information/2/Value/StringWithMarkup/4/Markup/0/Start,number,0
/Record/Section/2/Section/0/Information/2/Value/StringWithMarkup/4/Markup/0/Length,number,24
/Record/Section/2/Section/0/Information/2/Value/StringWithMarkup/4/Markup/0/URL,string,https://doi.org/10.1039/CT9252700913
/Record/Section/2/Section/0/Information/2/Value/StringWithMarkup/5/String,string,doi:10.1021/ja01931a001
/Record/Section/2/Section/0/Information/2/Value/StringWithMarkup/5/Markup/0/Start,number,0
/Record/Section/2/Section/0/Information/2/Value/StringWithMarkup/5/Markup/0/Length,number,23
/Record/Section/2/Section/0/Information/2/Value/StringWithMarkup/5/Markup/0/URL,string,https://doi.org/10.1021/ja01931a001
/Record/Section/2/Section/0/Information/2/Value/StringWithMarkup/6/String,string,doi:10.1007/BF01370337
/Record/Section/2/Section/0/Information/2/Value/StringWithMarkup/6/Markup/0/Start,number,0
/Record/Section/2/Section/0/Information/2/Value/StringWithMarkup/6/Markup/0/Length,number,22
/Record/Section/2/Section/0/Information/2/Value/StringWithMarkup/6/Markup/0/URL,string,https://doi.org/10.1007/BF01370337
/Record/Section/2/Section/1/TOCHeading,string,Historical Isotopic Abundances
/Record/Section/2/Section/1/Description,string,This section provides the historical isotopic abundance information. The abundance value shown in brackets means the value range while others shown with uncertainty in parenthesis.
/Record/Section/2/Section/1/DisplayControls/CreateTable/FromInformationIn,string,ThisSection
/Record/Section/2/Section/1/DisplayControls/CreateTable/NumberOfColumns,number,4
/Record/Section/2/Section/1/DisplayControls/CreateTable/ColumnsFromNamedLists/Name/0,string,Year
/Record/Section/2/Section/1/DisplayControls/CreateTable/ColumnsFromNamedLists/Name/1,string,Isotope
/Record/Section/2/Section/1/DisplayControls/CreateTable/ColumnsFromNamedLists/Name/2,string,Abundance (uncertainty)
/Record/Section/2/Section/1/DisplayControls/CreateTable/ColumnsFromNamedLists/Name/3,string,Reference
/Record/Section/2/Section/1/DisplayControls/CreateTable/ColumnsFromNamedLists/UseNamesAsColumnHeadings,boolean,true
/Record/Section/2/Section/1/Information/0/ReferenceNumber,number,3
/Record/Section/2/Section/1/Information/0/Name,string,Year
/Record/Section/2/Section/1/Information/0/Value/StringWithMarkup/0/String,string,2013
/Record/Section/2/Section/1/Information/0/Value/StringWithMarkup/1/String,string,2013
/Record/Section/2/Section/1/Information/0/Value/StringWithMarkup/2/String,string,2001
/Record/Section/2/Section/1/Information/0/Value/StringWithMarkup/3/String,string,2001
/Record/Section/2/Section/1/Information/0/Value/StringWithMarkup/4/String,string,1997
/Record/Section/2/Section/1/Information/0/Value/StringWithMarkup/5/String,string,1997
/Record/Section/2/Section/1/Information/0/Value/StringWithMarkup/6/String,string,1989
/Record/Section/2/Section/1/Information/0/Value/StringWithMarkup/7/String,string,1989
/Record/Section/2/Section/1/Information/0/Value/StringWithMarkup/8/String,string,1975
/Record/Section/2/Section/1/Information/0/Value/StringWithMarkup/9/String,string,1975
/Record/Section/2/Section/1/Information/1/ReferenceNumber,number,3
/Record/Section/2/Section/1/Information/1/Name,string,Isotope
/Record/Section/2/Section/1/Information/1/Value/StringWithMarkup/0/String,string,35Cl
/Record/Section/2/Section/1/Information/1/Value/StringWithMarkup/0/Markup/0/Start,number,0
/Record/Section/2/Section/1/Information/1/Value/StringWithMarkup/0/Markup/0/Length,number,2
/Record/Section/2/Section/1/Information/1/Value/StringWithMarkup/0/Markup/0/Type,string,Superscript
/Record/Section/2/Section/1/Information/1/Value/StringWithMarkup/1/String,string,37Cl
/Record/Section/2/Section/1/Information/1/Value/StringWithMarkup/1/Markup/0/Start,number,0
/Record/Section/2/Section/1/Information/1/Value/StringWithMarkup/1/Markup/0/Length,number,2
/Record/Section/2/Section/1/Information/1/Value/StringWithMarkup/1/Markup/0/Type,string,Superscript
/Record/Section/2/Section/1/Information/1/Value/StringWithMarkup/2/String,string,35Cl
/Record/Section/2/Section/1/Information/1/Value/StringWithMarkup/2/Markup/0/Start,number,0
/Record/Section/2/Section/1/Information/1/Value/StringWithMarkup/2/Markup/0/Length,number,2
/Record/Section/2/Section/1/Information/1/Value/StringWithMarkup/2/Markup/0/Type,string,Superscript
/Record/Section/2/Section/1/Information/1/Value/StringWithMarkup/3/String,string,37Cl
/Record/Section/2/Section/1/Information/1/Value/StringWithMarkup/3/Markup/0/Start,number,0
/Record/Section/2/Section/1/Information/1/Value/StringWithMarkup/3/Markup/0/Length,number,2
/Record/Section/2/Section/1/Information/1/Value/StringWithMarkup/3/Markup/0/Type,string,Superscript
/Record/Section/2/Section/1/Information/1/Value/StringWithMarkup/4/String,string,35Cl
/Record/Section/2/Section/1/Information/1/Value/StringWithMarkup/4/Markup/0/Start,number,0
/Record/Section/2/Section/1/Information/1/Value/StringWithMarkup/4/Markup/0/Length,number,2
/Record/Section/2/Section/1/Information/1/Value/StringWithMarkup/4/Markup/0/Type,string,Superscript
/Record/Section/2/Section/1/Information/1/Value/StringWithMarkup/5/String,string,35Cl
/Record/Section/2/Section/1/Information/1/Value/StringWithMarkup/5/Markup/0/Start,number,0
/Record/Section/2/Section/1/Information/1/Value/StringWithMarkup/5/Markup/0/Length,number,2
/Record/Section/2/Section/1/Information/1/Value/StringWithMarkup/5/Markup/0/Type,string,Superscript
/Record/Section/2/Section/1/Information/1/Value/StringWithMarkup/6/String,string,35Cl
/Record/Section/2/Section/1/Information/1/Value/StringWithMarkup/6/Markup/0/Start,number,0
/Record/Section/2/Section/1/Information/1/Value/StringWithMarkup/6/Markup/0/Length,number,2
/Record/Section/2/Section/1/Information/1/Value/StringWithMarkup/6/Markup/0/Type,string,Superscript
/Record/Section/2/Section/1/Information/1/Value/StringWithMarkup/7/String,string,37Cl
/Record/Section/2/Section/1/Information/1/Value/StringWithMarkup/7/Markup/0/Start,number,0
/Record/Section/2/Section/1/Information/1/Value/StringWithMarkup/7/Markup/0/Length,number,2
/Record/Section/2/Section/1/Information/1/Value/StringWithMarkup/7/Markup/0/Type,string,Superscript
/Record/Section/2/Section/1/Information/1/Value/StringWithMarkup/8/String,string,35Cl
/Record/Section/2/Section/1/Information/1/Value/StringWithMarkup/8/Markup/0/Start,number,0
/Record/Section/2/Section/1/Information/1/Value/StringWithMarkup/8/Markup/0/Length,number,2
/Record/Section/2/Section/1/Information/1/Value/StringWithMarkup/8/Markup/0/Type,string,Superscript
/Record/Section/2/Section/1/Information/1/Value/StringWithMarkup/9/String,string,37Cl
/Record/Section/2/Section/1/Information/1/Value/StringWithMarkup/9/Markup/0/Start,number,0
/Record/Section/2/Section/1/Information/1/Value/StringWithMarkup/9/Markup/0/Length,number,2
/Record/Section/2/Section/1/Information/1/Value/StringWithMarkup/9/Markup/0/Type,string,Superscript
/Record/Section/2/Section/1/Information/2/ReferenceNumber,number,3
/Record/Section/2/Section/1/Information/2/Name,string,Abundance (uncertainty)
/Record/Section/2/Section/1/Information/2/Value/StringWithMarkup/0/String,string,"[0.755, 0.761]"
/Record/Section/2/Section/1/Information/2/Value/StringWithMarkup/1/String,string,"[0.239, 0.245]"
/Record/Section/2/Section/1/Information/2/Value/StringWithMarkup/2/String,string,0.7576(10)
/Record/Section/2/Section/1/Information/2/Value/StringWithMarkup/3/String,string,0.2424(10)
/Record/Section/2/Section/1/Information/2/Value/StringWithMarkup/4/String,string,0.7578(4)
/Record/Section/2/Section/1/Information/2/Value/StringWithMarkup/5/String,string,0.2422(4)
/Record/Section/2/Section/1/Information/2/Value/StringWithMarkup/6/String,string,0.7577(7)
/Record/Section/2/Section/1/Information/2/Value/StringWithMarkup/7/String,string,0.2423(7)
/Record/Section/2/Section/1/Information/2/Value/StringWithMarkup/8/String,string,0.7577
/Record/Section/2/Section/1/Information/2/Value/StringWithMarkup/9/String,string,0.2423
/Record/Section/2/Section/1/Information/3/ReferenceNumber,number,3
/Record/Section/2/Section/1/Information/3/Name,string,Reference
/Record/Section/2/Section/1/Information/3/Value/StringWithMarkup/0/String,string,doi:10.1515/pac-2015-0503
/Record/Section/2/Section/1/Information/3/Value/StringWithMarkup/0/Markup/0/Start,number,0
/Record/Section/2/Section/1/Information/3/Value/StringWithMarkup/0/Markup/0/Length,number,25
/Record/Section/2/Section/1/Information/3/Value/StringWithMarkup/0/Markup/0/URL,string,https://doi.org/10.1515/pac-2015-0503
/Record/Section/2/Section/1/Information/3/Value/StringWithMarkup/1/String,string,doi:10.1515/pac-2015-0503
/Record/Section/2/Section/1/Information/3/Value/StringWithMarkup/1/Markup/0/Start,number,0
/Record/Section/2/Section/1/Information/3/Value/StringWithMarkup/1/Markup/0/Length,number,25
/Record/Section/2/Section/1/Information/3/Value/StringWithMarkup/1/Markup/0/URL,string,https://doi.org/10.1515/pac-2015-0503
/Record/Section/2/Section/1/Information/3/Value/StringWithMarkup/2/String,string,doi:10.1063/1.1836764
/Record/Section/2/Section/1/Information/3/Value/StringWithMarkup/2/Markup/0/Start,number,0
/Record/Section/2/Section/1/Information/3/Value/StringWithMarkup/2/Markup/0/Length,number,21
/Record/Section/2/Section/1/Information/3/Value/StringWithMarkup/2/Markup/0/URL,string,https://doi.org/10.1063/1.1836764
/Record/Section/2/Section/1/Information/3/Value/StringWithMarkup/3/String,string,doi:10.1063/1.1836764
/Record/Section/2/Section/1/Information/3/Value/StringWithMarkup/3/Markup/0/Start,number,0
/Record/Section/2/Section/1/Information/3/Value/StringWithMarkup/3/Markup/0/Length,number,21
/Record/Section/2/Section/1/Information/3/Value/StringWithMarkup/3/Markup/0/URL,string,https://doi.org/10.1063/1.1836764
/Record/Section/2/Section/1/Information/3/Value/StringWithMarkup/4/String,string,doi:10.1351/pac199870010217
/Record/Section/2/Section/1/Information/3/Value/StringWithMarkup/4/Markup/0/Start,number,0
/Record/Section/2/Section/1/Information/3/Value/StringWithMarkup/4/Markup/0/Length,number,27
/Record/Section/2/Section/1/Information/3/Value/StringWithMarkup/4/Markup/0/URL,string,https://doi.org/10.1351/pac199870010217
/Record/Section/2/Section/1/Information/3/Value/StringWithMarkup/5/String,string,doi:10.1351/pac199870010217
/Record/Section/2/Section/1/Information/3/Value/StringWithMarkup/5/Markup/0/Start,number,0
/Record/Section/2/Section/1/Information/3/Value/StringWithMarkup/5/Markup/0/Length,number,27
/Record/Section/2/Section/1/Information/3/Value/StringWithMarkup/5/Markup/0/URL,string,https://doi.org/10.1351/pac199870010217
/Record/Section/2/Section/1/Information/3/Value/StringWithMarkup/6/String,string,doi:10.1351/pac199163070991
/Record/Section/2/Section/1/Information/3/Value/StringWithMarkup/6/Markup/0/Start,number,0
/Record/Section/2/Section/1/Information/3/Value/StringWithMarkup/6/Markup/0/Length,number,27
/Record/Section/2/Section/1/Information/3/Value/StringWithMarkup/6/Markup/0/URL,string,https://doi.org/10.1351/pac199163070991
/Record/Section/2/Section/1/Information/3/Value/StringWithMarkup/7/String,string,doi:10.1351/pac199163070991
/Record/Section/2/Section/1/Information/3/Value/StringWithMarkup/7/Markup/0/Start,number,0
/Record/Section/2/Section/1/Information/3/Value/StringWithMarkup/7/Markup/0/Length,number,27
/Record/Section/2/Section/1/Information/3/Value/StringWithMarkup/7/Markup/0/URL,string,https://doi.org/10.1351/pac199163070991
/Record/Section/2/Section/1/Information/3/Value/StringWithMarkup/8/String,string,doi:10.1351/pac197647010075
/Record/Section/2/Section/1/Information/3/Value/StringWithMarkup/8/Markup/0/Start,number,0
/Record/Section/2/Section/1/Information/3/Value/StringWithMarkup/8/Markup/0/Length,number,27
/Record/Section/2/Section/1/Information/3/Value/StringWithMarkup/8/Markup/0/URL,string,https://doi.org/10.1351/pac197647010075
/Record/Section/2/Section/1/Information/3/Value/StringWithMarkup/9/String,string,doi:10.1351/pac197647010075
/Record/Section/2/Section/1/Information/3/Value/StringWithMarkup/9/Markup/0/Start,number,0
/Record/Section/2/Section/1/Information/3/Value/StringWithMarkup/9/Markup/0/Length,number,27
/Record/Section/2/Section/1/Information/3/Value/StringWithMarkup/9/Markup/0/URL,string,https://doi.org/10.1351/pac197647010075
/Record/Section/3/TOCHeading,string,Description
/Record/Section/3/Description,string,"A short description of this element, provided by authoritative sources."
/Record/Section/3/Information/0/ReferenceNumber,number,6
/Record/Section/3/Information/0/Value/StringWithMarkup/0/String,string,"It is a member of the halogen (salt-forming) group of elements and is obtained from chlorides by the action of oxidizing agents and more often by electrolysis; it is a greenish-yellow gas, combining directly with nearly all elements. At 10°C one volume of water dissolves 3.10 volumes of chlorine, at 30°C only 1.77 volumes."
/Record/Section/4/TOCHeading,string,Uses
/Record/Section/4/Description,string,Uses of this element in industry and other fields.
/Record/Section/4/Information/0/ReferenceNumber,number,5
/Record/Section/4/Information/0/Value/StringWithMarkup/0/String,string,"Chlorine is commonly used as an antiseptic and is used to make drinking water safe and to treat swimming pools. Large amounts of chlorine are used in many industrial processes, such as in the production of paper products, plastics, dyes, textiles, medicines, antiseptics, insecticides, solvents and paints."
/Record/Section/4/Information/0/Value/StringWithMarkup/1/String,string,"Two of the most familiar chlorine compounds are sodium chloride (NaCl) and hydrogen chloride (HCl). Sodium chloride, commonly known as table salt, is used to season food and in some industrial processes. Hydrogen chloride, when mixed with water (H2O), forms hydrochloric acid, a strong and commercially important acid. Other chlorine compounds include: chloroform (CHCl3), carbon tetrachloride (CCl4), potassium chloride (KCl), lithium chloride (LiCl), magnesium chloride (MgCl2) and chlorine dioxide (ClO2)."
/Record/Section/4/Information/0/Value/StringWithMarkup/1/Markup/0/Start,number,247
/Record/Section/4/Information/0/Value/StringWithMarkup/1/Markup/0/Length,number,1
/Record/Section/4/Information/0/Value/StringWithMarkup/1/Markup/0/Type,string,Subscript
/Record/Section/4/Information/0/Value/StringWithMarkup/1/Markup/1/Start,number,369
/Record/Section/4/Information/0/Value/StringWithMarkup/1/Markup/1/Length,number,1
/Record/Section/4/Information/0/Value/StringWithMarkup/1/Markup/1/Type,string,Subscript
/Record/Section/4/Information/0/Value/StringWithMarkup/1/Markup/2/Start,number,398
/Record/Section/4/Information/0/Value/StringWithMarkup/1/Markup/2/Length,number,1
/Record/Section/4/Information/0/Value/StringWithMarkup/1/Markup/2/Type,string,Subscript
/Record/Section/4/Information/0/Value/StringWithMarkup/1/Markup/3/Start,number,477
/Record/Section/4/Information/0/Value/StringWithMarkup/1/Markup/3/Length,number,1
/Record/Section/4/Information/0/Value/StringWithMarkup/1/Markup/3/Type,string,Subscript
/Record/Section/4/Information/0/Value/StringWithMarkup/1/Markup/4/Start,number,505
/Record/Section/4/Information/0/Value/StringWithMarkup/1/Markup/4/Length,number,1
/Record/Section/4/Information/0/Value/StringWithMarkup/1/Markup/4/Type,string,Subscript
/Record/Section/4/Information/0/Value/StringWithMarkup/2/String,string,Chlorine is a very dangerous material. Liquid chlorine burns the skin and gaseous chlorine irritates the mucus membranes. Concentrations of the gas as low as 3.5 parts per million can be detected by smell while concentrations of 1000 parts per million can be fatal after a few deep breaths.
/Record/Section/4/Information/1/ReferenceNumber,number,6
/Record/Section/4/Information/1/Value/StringWithMarkup/0/String,string,Chlorine is widely used in making many everyday products. It is used for producing safe drinking water the world over. Even the smallest water supplies are now usually chlorinated.
/Record/Section/4/Information/1/Value/StringWithMarkup/1/String,string,"It is also extensively used in the production of paper products, dyestuffs, textiles, petroleum products, medicines, antiseptics, insecticides, food, solvents, paints, plastics, and many other consumer products."
/Record/Section/4/Information/1/Value/StringWithMarkup/2/String,string,"Most of the chlorine produced is used in the manufacture of chlorinated compounds for sanitation, pulp bleaching, disinfectants, and textile processing. Further use is in the manufacture of chlorates, chloroform, carbon tetrachloride, and in the extraction of bromine."
/Record/Section/4/Information/1/Value/StringWithMarkup/3/String,string,"Organic chemistry demands much from chlorine, both as an oxidizing agent and in substitution, since it often brings many desired properties in an organic compound when substituted for hydrogen, as in one form of synthetic rubber."
/Record/Section/5/TOCHeading,string,Sources
/Record/Section/5/Description,string,Sources of this element.
/Record/Section/5/Information/0/ReferenceNumber,number,6
/Record/Section/5/Information/0/Value/StringWithMarkup/0/String,string,"In nature it is found in the combined state only, chiefly with sodium as common salt (NaCl), carnallite, and sylvite."
/Record/Section/6/TOCHeading,string,Compounds
/Record/Section/6/Description,string,Compound records related to this element.
/Record/Section/6/Information/0/ReferenceNumber,number,8
/Record/Section/6/Information/0/Name,string,Compounds
/Record/Section/6/Information/0/URL,string,https://pubchem.ncbi.nlm.nih.gov/#query=Chlorine
/Record/Section/6/Information/0/Value/StringWithMarkup/0/String,string,See more information at the Chlorine compound page.
/Record/Section/6/Section/0/TOCHeading,string,Element Forms
/Record/Section/6/Section/0/Description,string,"Other forms of this element, including ions, isotopes, etc."
/Record/Section/6/Section/0/DisplayControls/CreateTable/FromInformationIn,string,ThisSection
/Record/Section/6/Section/0/DisplayControls/CreateTable/NumberOfColumns,number,5
/Record/Section/6/Section/0/DisplayControls/CreateTable/ColumnsFromNamedLists/Name/0,string,CID
/Record/Section/6/Section/0/DisplayControls/CreateTable/ColumnsFromNamedLists/Name/1,string,Name
/Record/Section/6/Section/0/DisplayControls/CreateTable/ColumnsFromNamedLists/Name/2,string,Formula
/Record/Section/6/Section/0/DisplayControls/CreateTable/ColumnsFromNamedLists/Name/3,string,SMILES
/Record/Section/6/Section/0/DisplayControls/CreateTable/ColumnsFromNamedLists/Name/4,string,Molecular Weight
/Record/Section/6/Section/0/DisplayControls/CreateTable/ColumnsFromNamedLists/UseNamesAsColumnHeadings,boolean,true
/Record/Section/6/Section/0/Information/0/ReferenceNumber,number,8
/Record/Section/6/Section/0/Information/0/Name,string,CID
/Record/Section/6/Section/0/Information/0/Value/StringWithMarkup/0/String,string,312
/Record/Section/6/Section/0/Information/0/Value/StringWithMarkup/0/Markup/0/Start,number,0
/Record/Section/6/Section/0/Information/0/Value/StringWithMarkup/0/Markup/0/Length,number,3
/Record/Section/6/Section/0/Information/0/Value/StringWithMarkup/0/Markup/0/URL,string,https://pubchem.ncbi.nlm.nih.gov/compound/312
/Record/Section/6/Section/0/Information/0/Value/StringWithMarkup/1/String,string,5360523
/Record/Section/6/Section/0/Information/0/Value/StringWithMarkup/1/Markup/0/Start,number,0
/Record/Section/6/Section/0/Information/0/Value/StringWithMarkup/1/Markup/0/Length,number,7
/Record/Section/6/Section/0/Information/0/Value/StringWithMarkup/1/Markup/0/URL,string,https://pubchem.ncbi.nlm.nih.gov/compound/5360523
/Record/Section/6/Section/0/Information/0/Value/StringWithMarkup/2/String,string,6857643
/Record/Section/6/Section/0/Information/0/Value/StringWithMarkup/2/Markup/0/Start,number,0
/Record/Section/6/Section/0/Information/0/Value/StringWithMarkup/2/Markup/0/Length,number,7
/Record/Section/6/Section/0/Information/0/Value/StringWithMarkup/2/Markup/0/URL,string,https://pubchem.ncbi.nlm.nih.gov/compound/6857643
/Record/Section/6/Section/0/Information/0/Value/StringWithMarkup/3/String,string,9877332
/Record/Section/6/Section/0/Information/0/Value/StringWithMarkup/3/Markup/0/Start,number,0
/Record/Section/6/Section/0/Information/0/Value/StringWithMarkup/3/Markup/0/Length,number,7
/Record/Section/6/Section/0/Information/0/Value/StringWithMarkup/3/Markup/0/URL,string,https://pubchem.ncbi.nlm.nih.gov/compound/9877332
/Record/Section/6/Section/0/Information/0/Value/StringWithMarkup/4/String,string,10313040
/Record/Section/6/Section/0/Information/0/Value/StringWithMarkup/4/Markup/0/Start,number,0
/Record/Section/6/Section/0/Information/0/Value/StringWithMarkup/4/Markup/0/Length,number,8
/Record/Section/6/Section/0/Information/0/Value/StringWithMarkup/4/Markup/0/URL,string,https://pubchem.ncbi.nlm.nih.gov/compound/10313040
/Record/Section/6/Section/0/Information/0/Value/StringWithMarkup/5/String,string,10313043
/Record/Section/6/Section/0/Information/0/Value/StringWithMarkup/5/Markup/0/Start,number,0
/Record/Section/6/Section/0/Information/0/Value/StringWithMarkup/5/Markup/0/Length,number,8
/Record/Section/6/Section/0/Information/0/Value/StringWithMarkup/5/Markup/0/URL,string,https://pubchem.ncbi.nlm.nih.gov/compound/10313043
/Record/Section/6/Section/0/Information/0/Value/StringWithMarkup/6/String,string,25191441
/Record/Section/6/Section/0/Information/0/Value/StringWithMarkup/6/Markup/0/Start,number,0
/Record/Section/6/Section/0/Information/0/Value/StringWithMarkup/6/Markup/0/Length,number,8
/Record/Section/6/Section/0/Information/0/Value/StringWithMarkup/6/Markup/0/URL,string,https://pubchem.ncbi.nlm.nih.gov/compound/25191441
/Record/Section/6/Section/0/Information/0/Value/StringWithMarkup/7/String,string,131873438
/Record/Section/6/Section/0/Information/0/Value/StringWithMarkup/7/Markup/0/Start,number,0
/Record/Section/6/Section/0/Information/0/Value/StringWithMarkup/7/Markup/0/Length,number,9
/Record/Section/6/Section/0/Information/0/Value/StringWithMarkup/7/Markup/0/URL,string,https://pubchem.ncbi.nlm.nih.gov/compound/131873438
/Record/Section/6/Section/0/Information/1/ReferenceNumber,number,8
/Record/Section/6/Section/0/Information/1/Name,string,Name
/Record/Section/6/Section/0/Information/1/Value/StringWithMarkup/0/String,string,chloride
/Record/Section/6/Section/0/Information/1/Value/StringWithMarkup/1/String,string,chlorine
/Record/Section/6/Section/0/Information/1/Value/StringWithMarkup/2/String,string,chlorine(1+)
/Record/Section/6/Section/0/Information/1/Value/StringWithMarkup/3/String,string,chlorine-36(1-)
/Record/Section/6/Section/0/Information/1/Value/StringWithMarkup/4/String,string,chlorine-34(1-)
/Record/Section/6/Section/0/Information/1/Value/StringWithMarkup/5/String,string,chlorine-38(1-)
/Record/Section/6/Section/0/Information/1/Value/StringWithMarkup/6/String,string,chlorine-37(1-)
/Record/Section/6/Section/0/Information/1/Value/StringWithMarkup/7/String,string,chlorine-36
/Record/Section/6/Section/0/Information/2/ReferenceNumber,number,8
/Record/Section/6/Section/0/Information/2/Name,string,Formula
/Record/Section/6/Section/0/Information/2/Value/StringWithMarkup/0/String,string,Cl-
/Record/Section/6/Section/0/Information/2/Value/StringWithMarkup/1/String,string,Cl
/Record/Section/6/Section/0/Information/2/Value/StringWithMarkup/2/String,string,Cl+
/Record/Section/6/Section/0/Information/2/Value/StringWithMarkup/3/String,string,Cl-
/Record/Section/6/Section/0/Information/2/Value/StringWithMarkup/4/String,string,Cl-
/Record/Section/6/Section/0/Information/2/Value/StringWithMarkup/5/String,string,Cl-
/Record/Section/6/Section/0/Information/2/Value/StringWithMarkup/6/String,string,Cl-
/Record/Section/6/Section/0/Information/2/Value/StringWithMarkup/7/String,string,Cl
/Record/Section/6/Section/0/Information/3/ReferenceNumber,number,8
/Record/Section/6/Section/0/Information/3/Name,string,SMILES
/Record/Section/6/Section/0/Information/3/Value/StringWithMarkup/0/String,string,[Cl-]
/Record/Section/6/Section/0/Information/3/Value/StringWithMarkup/1/String,string,[Cl]
/Record/Section/6/Section/0/Information/3/Value/StringWithMarkup/2/String,string,[Cl+]
/Record/Section/6/Section/0/Information/3/Value/StringWithMarkup/3/String,string,[36Cl-]
/Record/Section/6/Section/0/Information/3/Value/StringWithMarkup/4/String,string,[34Cl-]
/Record/Section/6/Section/0/Information/3/Value/StringWithMarkup/5/String,string,[38Cl-]
/Record/Section/6/Section/0/Information/3/Value/StringWithMarkup/6/String,string,[37Cl-]
/Record/Section/6/Section/0/Information/3/Value/StringWithMarkup/7/String,string,[36Cl]
/Record/Section/6/Section/0/Information/4/ReferenceNumber,number,8
/Record/Section/6/Section/0/Information/4/Name,string,Molecular Weight
/Record/Section/6/Section/0/Information/4/Value/StringWithMarkup/0/String,string,35.45
/Record/Section/6/Section/0/Information/4/Value/StringWithMarkup/1/String,string,35.45
/Record/Section/6/Section/0/Information/4/Value/StringWithMarkup/2/String,string,35.45
/Record/Section/6/Section/0/Information/4/Value/StringWithMarkup/3/String,string,35.9683068
/Record/Section/6/Section/0/Information/4/Value/StringWithMarkup/4/String,string,33.9737625
/Record/Section/6/Section/0/Information/4/Value/StringWithMarkup/5/String,string,37.968010
/Record/Section/6/Section/0/Information/4/Value/StringWithMarkup/6/String,string,36.9659026
/Record/Section/6/Section/0/Information/4/Value/StringWithMarkup/7/String,string,35.9683068
/Record/Section/7/TOCHeading,string,Handling and Storage
/Record/Section/7/Description,string,This section provides guidance on the safe handling practices and storage conditions for this element.
/Record/Section/7/Information/0/ReferenceNumber,number,6
/Record/Section/7/Information/0/Value/StringWithMarkup/0/String,string,"Chlorine is a respiratory irritant. The gas irritates the mucus membranes and the liquid burns the skin. As little as 3.5 ppm can be detected as an odor, and 1000 ppm is likely to be fatal after a few deep breaths. In fact, chlorine was used as a war gas in 1915."
/Record/Section/7/Information/0/Value/StringWithMarkup/1/String,string,Exposure to chlorine should not exceed 0.5 ppm (8-hour time-weighted average - 40 hour week).
/Record/Section/8/TOCHeading,string,Isotopes
/Record/Section/8/Description,string,Isotopes are nuclides having the same atomic number but different mass numbers.  This section provides information on the isotopes of this element and their uses in various fields.
/Record/Section/8/URL,string,https://chem.libretexts.org/Courses/Furman_University/CHM101%3A_Chemistry_and_Global_Awareness_(Gordon)/03%3A_Atoms_and_the_Periodic_Table/3.05%3A_Isotopes
/Record/Section/8/Information/0/ReferenceNumber,number,5
/Record/Section/8/Information/0/Name,string,Stable Isotope Count
/Record/Section/8/Information/0/Value/StringWithMarkup/0/String,string,2
/Record/Section/8/Section/0/TOCHeading,string,Isotopes in Earth/Planetary Science
/Record/Section/8/Section/0/Description,string,Information on the use of this element's isotopes in earth/planetary science.
/Record/Section/8/Section/0/Information/0/ReferenceNumber,number,4
/Record/Section/8/Section/0/Information/0/Reference/0,string,"[13]  M. W. Wieser, T. B. Coplen. Pure Appl Chem.83, 359 (2011)."
/Record/Section/8/Section/0/Information/0/Reference/1,string,"[17]  T. B. Coplen, J. A. Hopple, J. K. Böhlke, H. S. Peiser, S. E. Rieder, H. R. Krouse, K. J. R. Rosman, T. Ding, R. D. Vocke, K. Revesz, A. Lamberty, P. D. P. Taylor, P. D. Bièvre. United States Geological Survey Water-Resources Investigations Report, 01-4222, (2002)."
/Record/Section/8/Section/0/Information/0/Reference/2,string,"[151]  H. G. M. Eggenkamp, R. Kreulen, A. F. Koster Van Groos. Geochim. Cosmochim. Acta59, 5169 (1995)."
/Record/Section/8/Section/0/Information/0/Reference/3,string,"[152]  M. A. Stewart, A. J. Spivack. Rev. Mineral. Geochem.55, 231 (2004)."
/Record/Section/8/Section/0/Information/0/ExtendedReference/0/Citation,string,"[13]  M. W. Wieser, T. B. Coplen. Pure Appl Chem.83, 359 (2011)."
/Record/Section/8/Section/0/Information/0/ExtendedReference/1/Citation,string,"[17]  T. B. Coplen, J. A. Hopple, J. K. Böhlke, H. S. Peiser, S. E. Rieder, H. R. Krouse, K. J. R. Rosman, T. Ding, R. D. Vocke, K. Revesz, A. Lamberty, P. D. P. Taylor, P. D. Bièvre. United States Geological Survey Water-Resources Investigations Report, 01-4222, (2002)."
/Record/Section/8/Section/0/Information/0/ExtendedReference/2/Citation,string,"[151]  H. G. M. Eggenkamp, R. Kreulen, A. F. Koster Van Groos. Geochim. Cosmochim. Acta59, 5169 (1995)."
/Record/Section/8/Section/0/Information/0/ExtendedReference/3/Citation,string,"[152]  M. A. Stewart, A. J. Spivack. Rev. Mineral. Geochem.55, 231 (2004)."
/Record/Section/8/Section/0/Information/0/Value/StringWithMarkup/0/String,string,"Because molecules, atoms, and ions of the stable isotopes of chlorine possess slightly different physical and chemical properties, they commonly will be fractionated during physical, chemical, and biological processes, giving rise to variations in isotopic abundances and in atomic weights. There are substantial variations in the isotopic abundances of chlorine in natural terrestrial materials (Fig. IUPAC.17.1). These variations are useful for investigating the origin of substances and studying environmental, hydrological, and geological processes. Chlorine is subject to isotopic fractionation by physical and chemical processes. Variations in isotopic compositions of stable chlorine isotopes provide evidence for ultrafiltration and crystallization of brines and indicate sources of chlorine-bearing contaminants, such as solvents and rocket fuels, in the environment [151], [152]."
/Record/Section/8/Section/0/Information/0/Value/StringWithMarkup/1/String,string,          
/Record/Section/8/Section/0/Information/0/Value/StringWithMarkup/1/Markup/0/Start,number,0
/Record/Section/8/Section/0/Information/0/Value/StringWithMarkup/1/Markup/0/Length,number,1
/Record/Section/8/Section/0/Information/0/Value/StringWithMarkup/1/Markup/0/URL,string,https://pubchem.ncbi.nlm.nih.gov/images/iupac/j_pac-2015-0703_fig_031.jpg
/Record/Section/8/Section/0/Information/0/Value/StringWithMarkup/1/Markup/0/Type,string,Image
/Record/Section/8/Section/0/Information/0/Value/StringWithMarkup/1/Markup/0/Size,string,1359x899
/Record/Section/8/Section/0/Information/0/Value/StringWithMarkup/1/Markup/0/Caption,string,"Fig. IUPAC.17.1: Variation in atomic weight with isotopic composition of selected chlorine-bearing materials (modified from [13], [17]). "
/Record/Section/8/Section/1/TOCHeading,string,Isotopes in Forensic Science and Anthropology
/Record/Section/8/Section/1/Description,string,Information on the use of this element's isotopes in forensic science and anthropology.
/Record/Section/8/Section/1/Information/0/ReferenceNumber,number,4
/Record/Section/8/Section/1/Information/0/Reference/0,string,"[152]  M. A. Stewart, A. J. Spivack. Rev. Mineral. Geochem.55, 231 (2004)."
/Record/Section/8/Section/1/Information/0/Reference/1,string,"[153]  J. K. Böhlke, N. C. Sturchio, B. Gu, J. Horita, G. M. Brown, W. A. Jackson, J. R. Batista, P. B. Hatzinger. Anal. Chem.77, 7838 (2005)."
/Record/Section/8/Section/1/Information/0/Reference/2,string,"[154]  J. K. Böhlke, P. Hatzinger, N. C. Sturchio, B. Gu, I. J. Abbene, S. J. Mroczkowski. Environ. Sci. Technol.43, 5619 (2009)."
/Record/Section/8/Section/1/Information/0/ExtendedReference/0/Citation,string,"[152]  M. A. Stewart, A. J. Spivack. Rev. Mineral. Geochem.55, 231 (2004)."
/Record/Section/8/Section/1/Information/0/ExtendedReference/1/Citation,string,"[153]  J. K. Böhlke, N. C. Sturchio, B. Gu, J. Horita, G. M. Brown, W. A. Jackson, J. R. Batista, P. B. Hatzinger. Anal. Chem.77, 7838 (2005)."
/Record/Section/8/Section/1/Information/0/ExtendedReference/2/Citation,string,"[154]  J. K. Böhlke, P. Hatzinger, N. C. Sturchio, B. Gu, I. J. Abbene, S. J. Mroczkowski. Environ. Sci. Technol.43, 5619 (2009)."
/Record/Section/8/Section/1/Information/0/Value/StringWithMarkup/0/String,string,"Analyses of chlorine isotopes and other environmental tracers can help to identify whether an environmental contaminant is of anthropogenic origin or naturally occurring. For example, perchlorate (ClO4 -) can be of anthropogenic origin and is also found naturally. Perchlorate is a widespread groundwater contaminant that can interfere with hormone production in the thyroid gland by displacing iodide. Both the stable chlorine isotope-amount ratio n(37Cl)/n(35Cl) and the mole fraction of 36Cl, n(36Cl)/n(Cl), can provide useful information about origins of perchlorate in the environment (Fig. IUPAC.17.2). Such information may be important for legal reasons and for remediation of contaminated areas [152], [153]."
/Record/Section/8/Section/1/Information/0/Value/StringWithMarkup/0/Markup/0/Start,number,200
/Record/Section/8/Section/1/Information/0/Value/StringWithMarkup/0/Markup/0/Length,number,1
/Record/Section/8/Section/1/Information/0/Value/StringWithMarkup/0/Markup/0/Type,string,Subscript
/Record/Section/8/Section/1/Information/0/Value/StringWithMarkup/0/Markup/1/Start,number,202
/Record/Section/8/Section/1/Information/0/Value/StringWithMarkup/0/Markup/1/Length,number,1
/Record/Section/8/Section/1/Information/0/Value/StringWithMarkup/0/Markup/1/Type,string,Superscript
/Record/Section/8/Section/1/Information/0/Value/StringWithMarkup/0/Markup/2/Start,number,451
/Record/Section/8/Section/1/Information/0/Value/StringWithMarkup/0/Markup/2/Length,number,2
/Record/Section/8/Section/1/Information/0/Value/StringWithMarkup/0/Markup/2/Type,string,Superscript
/Record/Section/8/Section/1/Information/0/Value/StringWithMarkup/0/Markup/3/Start,number,459
/Record/Section/8/Section/1/Information/0/Value/StringWithMarkup/0/Markup/3/Length,number,2
/Record/Section/8/Section/1/Information/0/Value/StringWithMarkup/0/Markup/3/Type,string,Superscript
/Record/Section/8/Section/1/Information/0/Value/StringWithMarkup/0/Markup/4/Start,number,490
/Record/Section/8/Section/1/Information/0/Value/StringWithMarkup/0/Markup/4/Length,number,2
/Record/Section/8/Section/1/Information/0/Value/StringWithMarkup/0/Markup/4/Type,string,Superscript
/Record/Section/8/Section/1/Information/0/Value/StringWithMarkup/0/Markup/5/Start,number,498
/Record/Section/8/Section/1/Information/0/Value/StringWithMarkup/0/Markup/5/Length,number,2
/Record/Section/8/Section/1/Information/0/Value/StringWithMarkup/0/Markup/5/Type,string,Superscript
/Record/Section/8/Section/1/Information/0/Value/StringWithMarkup/1/String,string,          
/Record/Section/8/Section/1/Information/0/Value/StringWithMarkup/1/Markup/0/Start,number,0
/Record/Section/8/Section/1/Information/0/Value/StringWithMarkup/1/Markup/0/Length,number,1
/Record/Section/8/Section/1/Information/0/Value/StringWithMarkup/1/Markup/0/URL,string,https://pubchem.ncbi.nlm.nih.gov/images/iupac/j_pac-2015-0703_fig_032.jpg
/Record/Section/8/Section/1/Information/0/Value/StringWithMarkup/1/Markup/0/Type,string,Image
/Record/Section/8/Section/1/Information/0/Value/StringWithMarkup/1/Markup/0/Size,string,1417x988
/Record/Section/8/Section/1/Information/0/Value/StringWithMarkup/1/Markup/0/Caption,string,"Fig. IUPAC.17.2: By analyzing the isotopic composition of chlorine and oxygen in perchlorate in groundwaters of Long Island, NY, sources of perchlorate contamination could be identified [154]. Isotopic compositions indicate that wells in different parts of Long Island were contaminated by different sources. The agriculture source of perchlorate (upper photo) is identified as nitrate fertilizer from Chile, where natural perchlorate-bearing nitrate salt deposits were mined and processed for export. The synthetic source is attributed to contamination from a fireworks disposal area (lower photo). (Image Source: J.K. Böhlke, U.S. Geological Survey). "
/Record/Section/8/Section/2/TOCHeading,string,Isotopes in Geochronology
/Record/Section/8/Section/2/Description,string,Information on the use of this element's isotopes in geochronology.
/Record/Section/8/Section/2/Information/0/ReferenceNumber,number,4
/Record/Section/8/Section/2/Information/0/Reference/0,string,"[155]  F. M. Phillips. “Chlorine-36”, in Environmental Tracers in Subsurface Hydrology, P. G. Cook and A. L. Herczeg (Eds.), Kluwer Academic Publishers, Boston MA (2000)."
/Record/Section/8/Section/2/Information/0/Reference/1,string,"[156]  F. M. Phillips, J. L. Mattick, T. A. Duval, D. Elmore, P. W. Kubik. Water Resour. Res.24, 877 (1988)."
/Record/Section/8/Section/2/Information/0/ExtendedReference/0/Citation,string,"[155]  F. M. Phillips. “Chlorine-36”, in Environmental Tracers in Subsurface Hydrology, P. G. Cook and A. L. Herczeg (Eds.), Kluwer Academic Publishers, Boston MA (2000)."
/Record/Section/8/Section/2/Information/0/ExtendedReference/1/Citation,string,"[156]  F. M. Phillips, J. L. Mattick, T. A. Duval, D. Elmore, P. W. Kubik. Water Resour. Res.24, 877 (1988)."
/Record/Section/8/Section/2/Information/0/Value/StringWithMarkup/0/String,string,"Radioactive 36Cl provides a useful tool to determine ages in geology and hydrology. Some radioactive 36Cl is cosmogenic and enters the terrestrial environment in precipitation. Because of its long half-life of 3.01×105 years, the level of 36Cl in aquifers can be measured and used to estimate ages (on the order of 105 to 106 years) of old meteoric groundwater (water that was originally precipitation) [155]."
/Record/Section/8/Section/2/Information/0/Value/StringWithMarkup/0/Markup/0/Start,number,12
/Record/Section/8/Section/2/Information/0/Value/StringWithMarkup/0/Markup/0/Length,number,2
/Record/Section/8/Section/2/Information/0/Value/StringWithMarkup/0/Markup/0/Type,string,Superscript
/Record/Section/8/Section/2/Information/0/Value/StringWithMarkup/0/Markup/1/Start,number,101
/Record/Section/8/Section/2/Information/0/Value/StringWithMarkup/0/Markup/1/Length,number,2
/Record/Section/8/Section/2/Information/0/Value/StringWithMarkup/0/Markup/1/Type,string,Superscript
/Record/Section/8/Section/2/Information/0/Value/StringWithMarkup/0/Markup/2/Start,number,217
/Record/Section/8/Section/2/Information/0/Value/StringWithMarkup/0/Markup/2/Length,number,1
/Record/Section/8/Section/2/Information/0/Value/StringWithMarkup/0/Markup/2/Type,string,Superscript
/Record/Section/8/Section/2/Information/0/Value/StringWithMarkup/0/Markup/3/Start,number,239
/Record/Section/8/Section/2/Information/0/Value/StringWithMarkup/0/Markup/3/Length,number,2
/Record/Section/8/Section/2/Information/0/Value/StringWithMarkup/0/Markup/3/Type,string,Superscript
/Record/Section/8/Section/2/Information/0/Value/StringWithMarkup/0/Markup/4/Start,number,317
/Record/Section/8/Section/2/Information/0/Value/StringWithMarkup/0/Markup/4/Length,number,1
/Record/Section/8/Section/2/Information/0/Value/StringWithMarkup/0/Markup/4/Type,string,Superscript
/Record/Section/8/Section/2/Information/0/Value/StringWithMarkup/0/Markup/5/Start,number,324
/Record/Section/8/Section/2/Information/0/Value/StringWithMarkup/0/Markup/5/Length,number,1
/Record/Section/8/Section/2/Information/0/Value/StringWithMarkup/0/Markup/5/Type,string,Superscript
/Record/Section/8/Section/2/Information/0/Value/StringWithMarkup/1/String,string,"Thermonuclear bomb tests in the ocean produced large amounts of 36Cl by neutron reactions with 35Cl in seawater. This was especially prevalent in the late 1950s. Large amounts of this anthropogenic 36Cl were distributed throughout the atmosphere, deposited with precipitation, and incorporated into terrestrial soils and groundwater. This enriched 36Cl has been used as a tracer of meteoric water from that era [156]."
/Record/Section/8/Section/2/Information/0/Value/StringWithMarkup/1/Markup/0/Start,number,64
/Record/Section/8/Section/2/Information/0/Value/StringWithMarkup/1/Markup/0/Length,number,2
/Record/Section/8/Section/2/Information/0/Value/StringWithMarkup/1/Markup/0/Type,string,Superscript
/Record/Section/8/Section/2/Information/0/Value/StringWithMarkup/1/Markup/1/Start,number,95
/Record/Section/8/Section/2/Information/0/Value/StringWithMarkup/1/Markup/1/Length,number,2
/Record/Section/8/Section/2/Information/0/Value/StringWithMarkup/1/Markup/1/Type,string,Superscript
/Record/Section/8/Section/2/Information/0/Value/StringWithMarkup/1/Markup/2/Start,number,198
/Record/Section/8/Section/2/Information/0/Value/StringWithMarkup/1/Markup/2/Length,number,2
/Record/Section/8/Section/2/Information/0/Value/StringWithMarkup/1/Markup/2/Type,string,Superscript
/Record/Section/8/Section/2/Information/0/Value/StringWithMarkup/1/Markup/3/Start,number,348
/Record/Section/8/Section/2/Information/0/Value/StringWithMarkup/1/Markup/3/Length,number,2
/Record/Section/8/Section/2/Information/0/Value/StringWithMarkup/1/Markup/3/Type,string,Superscript
/Record/Section/8/Section/3/TOCHeading,string,Isotope Mass and Abundance
/Record/Section/8/Section/3/Description,string,Atomic mass and abundance (composition) information for a given isotope/nuclide. The number in the parenthesis refers to an uncertainty when exist. The unit of atomic weight is the unified atomic mass unit (u) or dalton (Da). 
/Record/Section/8/Section/3/DisplayControls/CreateTable/FromInformationIn,string,ThisSection
/Record/Section/8/Section/3/DisplayControls/CreateTable/NumberOfColumns,number,3
/Record/Section/8/Section/3/DisplayControls/CreateTable/ColumnsFromNamedLists/Name/0,string,Isotope
/Record/Section/8/Section/3/DisplayControls/CreateTable/ColumnsFromNamedLists/Name/1,string,Atomic Mass (uncertainty) [u]
/Record/Section/8/Section/3/DisplayControls/CreateTable/ColumnsFromNamedLists/Name/2,string,Abundance (uncertainty)
/Record/Section/8/Section/3/DisplayControls/CreateTable/ColumnsFromNamedLists/UseNamesAsColumnHeadings,boolean,true
/Record/Section/8/Section/3/Information/0/ReferenceNumber,number,3
/Record/Section/8/Section/3/Information/0/Name,string,Isotope
/Record/Section/8/Section/3/Information/0/Value/StringWithMarkup/0/String,string, 35Cl
/Record/Section/8/Section/3/Information/0/Value/StringWithMarkup/0/Markup/0/Start,number,0
/Record/Section/8/Section/3/Information/0/Value/StringWithMarkup/0/Markup/0/Length,number,3
/Record/Section/8/Section/3/Information/0/Value/StringWithMarkup/0/Markup/0/Type,string,Superscript
/Record/Section/8/Section/3/Information/0/Value/StringWithMarkup/1/String,string, 37Cl
/Record/Section/8/Section/3/Information/0/Value/StringWithMarkup/1/Markup/0/Start,number,0
/Record/Section/8/Section/3/Information/0/Value/StringWithMarkup/1/Markup/0/Length,number,3
/Record/Section/8/Section/3/Information/0/Value/StringWithMarkup/1/Markup/0/Type,string,Superscript
/Record/Section/8/Section/3/Information/1/ReferenceNumber,number,3
/Record/Section/8/Section/3/Information/1/Name,string,Atomic Mass (uncertainty)
/Record/Section/8/Section/3/Information/1/Value/StringWithMarkup/0/String,string,34.968 8527(3)
/Record/Section/8/Section/3/Information/1/Value/StringWithMarkup/1/String,string,36.965 9026(4)
/Record/Section/8/Section/3/Information/2/ReferenceNumber,number,3
/Record/Section/8/Section/3/Information/2/Name,string,Abundance (uncertainty)
/Record/Section/8/Section/3/Information/2/Value/StringWithMarkup/0/String,string,"[0.755, 0.761]"
/Record/Section/8/Section/3/Information/2/Value/StringWithMarkup/1/String,string,"[0.239, 0.245]"
/Record/Section/8/Section/3/Information/3/ReferenceNumber,number,7
/Record/Section/8/Section/3/Information/3/Name,string,Isotope
/Record/Section/8/Section/3/Information/3/Value/StringWithMarkup/0/String,string,35Cl
/Record/Section/8/Section/3/Information/3/Value/StringWithMarkup/0/Markup/0/Start,number,0
/Record/Section/8/Section/3/Information/3/Value/StringWithMarkup/0/Markup/0/Length,number,2
/Record/Section/8/Section/3/Information/3/Value/StringWithMarkup/0/Markup/0/Type,string,Superscript
/Record/Section/8/Section/3/Information/3/Value/StringWithMarkup/1/String,string,37Cl
/Record/Section/8/Section/3/Information/3/Value/StringWithMarkup/1/Markup/0/Start,number,0
/Record/Section/8/Section/3/Information/3/Value/StringWithMarkup/1/Markup/0/Length,number,2
/Record/Section/8/Section/3/Information/3/Value/StringWithMarkup/1/Markup/0/Type,string,Superscript
/Record/Section/8/Section/3/Information/4/ReferenceNumber,number,7
/Record/Section/8/Section/3/Information/4/Name,string,Atomic Mass (uncertainty) [u]
/Record/Section/8/Section/3/Information/4/Value/StringWithMarkup/0/String,string,34.968852682(37)
/Record/Section/8/Section/3/Information/4/Value/StringWithMarkup/1/String,string,36.965902602(55)
/Record/Section/8/Section/3/Information/5/ReferenceNumber,number,7
/Record/Section/8/Section/3/Information/5/Name,string,Abundance (uncertainty)
/Record/Section/8/Section/3/Information/5/Value/StringWithMarkup/0/String,string,0.7576(10)
/Record/Section/8/Section/3/Information/5/Value/StringWithMarkup/1/String,string,0.2424(10)
/Record/Section/8/Section/4/TOCHeading,string,"Atomic Mass, Half Life, and Decay"
/Record/Section/8/Section/4/Description,string,"Information on the atomic mass, half life, and decay for this element, from the the Atomic Mass Data Center. The number after the ± refers to an uncertainty when exists."
/Record/Section/8/Section/4/URL,string,https://pubchem.ncbi.nlm.nih.gov/docs/atomic-mass/
/Record/Section/8/Section/4/DisplayControls/CreateTable/FromInformationIn,string,ThisSection
/Record/Section/8/Section/4/DisplayControls/CreateTable/NumberOfColumns,number,5
/Record/Section/8/Section/4/DisplayControls/CreateTable/ColumnsFromNamedLists/Name/0,string,Nuclide
/Record/Section/8/Section/4/DisplayControls/CreateTable/ColumnsFromNamedLists/Name/1,string,Atomic Mass and Uncertainty [u]
/Record/Section/8/Section/4/DisplayControls/CreateTable/ColumnsFromNamedLists/Name/2,string,Half Life and Uncertainty
/Record/Section/8/Section/4/DisplayControls/CreateTable/ColumnsFromNamedLists/Name/3,string,Discovery Year
/Record/Section/8/Section/4/DisplayControls/CreateTable/ColumnsFromNamedLists/Name/4,string,"Decay Modes, Intensities and Uncertainties [%]"
/Record/Section/8/Section/4/DisplayControls/CreateTable/ColumnsFromNamedLists/UseNamesAsColumnHeadings,boolean,true
/Record/Section/8/Section/4/Information/0/ReferenceNumber,number,2
/Record/Section/8/Section/4/Information/0/Name,string,Nuclide
/Record/Section/8/Section/4/Information/0/Value/StringWithMarkup/0/String,string,28Cl
/Record/Section/8/Section/4/Information/0/Value/StringWithMarkup/0/Markup/0/Start,number,0
/Record/Section/8/Section/4/Information/0/Value/StringWithMarkup/0/Markup/0/Length,number,2
/Record/Section/8/Section/4/Information/0/Value/StringWithMarkup/0/Markup/0/Type,string,Superscript
/Record/Section/8/Section/4/Information/0/Value/StringWithMarkup/1/String,string,29Cl
/Record/Section/8/Section/4/Information/0/Value/StringWithMarkup/1/Markup/0/Start,number,0
/Record/Section/8/Section/4/Information/0/Value/StringWithMarkup/1/Markup/0/Length,number,2
/Record/Section/8/Section/4/Information/0/Value/StringWithMarkup/1/Markup/0/Type,string,Superscript
/Record/Section/8/Section/4/Information/0/Value/StringWithMarkup/2/String,string,30Cl
/Record/Section/8/Section/4/Information/0/Value/StringWithMarkup/2/Markup/0/Start,number,0
/Record/Section/8/Section/4/Information/0/Value/StringWithMarkup/2/Markup/0/Length,number,2
/Record/Section/8/Section/4/Information/0/Value/StringWithMarkup/2/Markup/0/Type,string,Superscript
/Record/Section/8/Section/4/Information/0/Value/StringWithMarkup/3/String,string,31Cl
/Record/Section/8/Section/4/Information/0/Value/StringWithMarkup/3/Markup/0/Start,number,0
/Record/Section/8/Section/4/Information/0/Value/StringWithMarkup/3/Markup/0/Length,number,2
/Record/Section/8/Section/4/Information/0/Value/StringWithMarkup/3/Markup/0/Type,string,Superscript
/Record/Section/8/Section/4/Information/0/Value/StringWithMarkup/4/String,string,32Cl
/Record/Section/8/Section/4/Information/0/Value/StringWithMarkup/4/Markup/0/Start,number,0
/Record/Section/8/Section/4/Information/0/Value/StringWithMarkup/4/Markup/0/Length,number,2
/Record/Section/8/Section/4/Information/0/Value/StringWithMarkup/4/Markup/0/Type,string,Superscript
/Record/Section/8/Section/4/Information/0/Value/StringWithMarkup/5/String,string,33Cl
/Record/Section/8/Section/4/Information/0/Value/StringWithMarkup/5/Markup/0/Start,number,0
/Record/Section/8/Section/4/Information/0/Value/StringWithMarkup/5/Markup/0/Length,number,2
/Record/Section/8/Section/4/Information/0/Value/StringWithMarkup/5/Markup/0/Type,string,Superscript
/Record/Section/8/Section/4/Information/0/Value/StringWithMarkup/6/String,string,34Cl
/Record/Section/8/Section/4/Information/0/Value/StringWithMarkup/6/Markup/0/Start,number,0
/Record/Section/8/Section/4/Information/0/Value/StringWithMarkup/6/Markup/0/Length,number,2
/Record/Section/8/Section/4/Information/0/Value/StringWithMarkup/6/Markup/0/Type,string,Superscript
/Record/Section/8/Section/4/Information/0/Value/StringWithMarkup/7/String,string,34Clm
/Record/Section/8/Section/4/Information/0/Value/StringWithMarkup/7/Markup/0/Start,number,0
/Record/Section/8/Section/4/Information/0/Value/StringWithMarkup/7/Markup/0/Length,number,2
/Record/Section/8/Section/4/Information/0/Value/StringWithMarkup/7/Markup/0/Type,string,Superscript
/Record/Section/8/Section/4/Information/0/Value/StringWithMarkup/7/Markup/1/Start,number,4
/Record/Section/8/Section/4/Information/0/Value/StringWithMarkup/7/Markup/1/Length,number,1
/Record/Section/8/Section/4/Information/0/Value/StringWithMarkup/7/Markup/1/Type,string,Superscript
/Record/Section/8/Section/4/Information/0/Value/StringWithMarkup/8/String,string,35Cl
/Record/Section/8/Section/4/Information/0/Value/StringWithMarkup/8/Markup/0/Start,number,0
/Record/Section/8/Section/4/Information/0/Value/StringWithMarkup/8/Markup/0/Length,number,2
/Record/Section/8/Section/4/Information/0/Value/StringWithMarkup/8/Markup/0/Type,string,Superscript
/Record/Section/8/Section/4/Information/0/Value/StringWithMarkup/9/String,string,36Cl
/Record/Section/8/Section/4/Information/0/Value/StringWithMarkup/9/Markup/0/Start,number,0
/Record/Section/8/Section/4/Information/0/Value/StringWithMarkup/9/Markup/0/Length,number,2
/Record/Section/8/Section/4/Information/0/Value/StringWithMarkup/9/Markup/0/Type,string,Superscript
/Record/Section/8/Section/4/Information/0/Value/StringWithMarkup/10/String,string,37Cl
/Record/Section/8/Section/4/Information/0/Value/StringWithMarkup/10/Markup/0/Start,number,0
/Record/Section/8/Section/4/Information/0/Value/StringWithMarkup/10/Markup/0/Length,number,2
/Record/Section/8/Section/4/Information/0/Value/StringWithMarkup/10/Markup/0/Type,string,Superscript
/Record/Section/8/Section/4/Information/0/Value/StringWithMarkup/11/String,string,38Cl
/Record/Section/8/Section/4/Information/0/Value/StringWithMarkup/11/Markup/0/Start,number,0
/Record/Section/8/Section/4/Information/0/Value/StringWithMarkup/11/Markup/0/Length,number,2
/Record/Section/8/Section/4/Information/0/Value/StringWithMarkup/11/Markup/0/Type,string,Superscript
/Record/Section/8/Section/4/Information/0/Value/StringWithMarkup/12/String,string,38Clm
/Record/Section/8/Section/4/Information/0/Value/StringWithMarkup/12/Markup/0/Start,number,0
/Record/Section/8/Section/4/Information/0/Value/StringWithMarkup/12/Markup/0/Length,number,2
/Record/Section/8/Section/4/Information/0/Value/StringWithMarkup/12/Markup/0/Type,string,Superscript
/Record/Section/8/Section/4/Information/0/Value/StringWithMarkup/12/Markup/1/Start,number,4
/Record/Section/8/Section/4/Information/0/Value/StringWithMarkup/12/Markup/1/Length,number,1
/Record/Section/8/Section/4/Information/0/Value/StringWithMarkup/12/Markup/1/Type,string,Superscript
/Record/Section/8/Section/4/Information/0/Value/StringWithMarkup/13/String,string,39Cl
/Record/Section/8/Section/4/Information/0/Value/StringWithMarkup/13/Markup/0/Start,number,0
/Record/Section/8/Section/4/Information/0/Value/StringWithMarkup/13/Markup/0/Length,number,2
/Record/Section/8/Section/4/Information/0/Value/StringWithMarkup/13/Markup/0/Type,string,Superscript
/Record/Section/8/Section/4/Information/0/Value/StringWithMarkup/14/String,string,40Cl
/Record/Section/8/Section/4/Information/0/Value/StringWithMarkup/14/Markup/0/Start,number,0
/Record/Section/8/Section/4/Information/0/Value/StringWithMarkup/14/Markup/0/Length,number,2
/Record/Section/8/Section/4/Information/0/Value/StringWithMarkup/14/Markup/0/Type,string,Superscript
/Record/Section/8/Section/4/Information/0/Value/StringWithMarkup/15/String,string,41Cl
/Record/Section/8/Section/4/Information/0/Value/StringWithMarkup/15/Markup/0/Start,number,0
/Record/Section/8/Section/4/Information/0/Value/StringWithMarkup/15/Markup/0/Length,number,2
/Record/Section/8/Section/4/Information/0/Value/StringWithMarkup/15/Markup/0/Type,string,Superscript
/Record/Section/8/Section/4/Information/0/Value/StringWithMarkup/16/String,string,42Cl
/Record/Section/8/Section/4/Information/0/Value/StringWithMarkup/16/Markup/0/Start,number,0
/Record/Section/8/Section/4/Information/0/Value/StringWithMarkup/16/Markup/0/Length,number,2
/Record/Section/8/Section/4/Information/0/Value/StringWithMarkup/16/Markup/0/Type,string,Superscript
/Record/Section/8/Section/4/Information/0/Value/StringWithMarkup/17/String,string,43Cl
/Record/Section/8/Section/4/Information/0/Value/StringWithMarkup/17/Markup/0/Start,number,0
/Record/Section/8/Section/4/Information/0/Value/StringWithMarkup/17/Markup/0/Length,number,2
/Record/Section/8/Section/4/Information/0/Value/StringWithMarkup/17/Markup/0/Type,string,Superscript
/Record/Section/8/Section/4/Information/0/Value/StringWithMarkup/18/String,string,44Cl
/Record/Section/8/Section/4/Information/0/Value/StringWithMarkup/18/Markup/0/Start,number,0
/Record/Section/8/Section/4/Information/0/Value/StringWithMarkup/18/Markup/0/Length,number,2
/Record/Section/8/Section/4/Information/0/Value/StringWithMarkup/18/Markup/0/Type,string,Superscript
/Record/Section/8/Section/4/Information/0/Value/StringWithMarkup/19/String,string,45Cl
/Record/Section/8/Section/4/Information/0/Value/StringWithMarkup/19/Markup/0/Start,number,0
/Record/Section/8/Section/4/Information/0/Value/StringWithMarkup/19/Markup/0/Length,number,2
/Record/Section/8/Section/4/Information/0/Value/StringWithMarkup/19/Markup/0/Type,string,Superscript
/Record/Section/8/Section/4/Information/0/Value/StringWithMarkup/20/String,string,46Cl
/Record/Section/8/Section/4/Information/0/Value/StringWithMarkup/20/Markup/0/Start,number,0
/Record/Section/8/Section/4/Information/0/Value/StringWithMarkup/20/Markup/0/Length,number,2
/Record/Section/8/Section/4/Information/0/Value/StringWithMarkup/20/Markup/0/Type,string,Superscript
/Record/Section/8/Section/4/Information/0/Value/StringWithMarkup/21/String,string,47Cl
/Record/Section/8/Section/4/Information/0/Value/StringWithMarkup/21/Markup/0/Start,number,0
/Record/Section/8/Section/4/Information/0/Value/StringWithMarkup/21/Markup/0/Length,number,2
/Record/Section/8/Section/4/Information/0/Value/StringWithMarkup/21/Markup/0/Type,string,Superscript
/Record/Section/8/Section/4/Information/0/Value/StringWithMarkup/22/String,string,48Cl
/Record/Section/8/Section/4/Information/0/Value/StringWithMarkup/22/Markup/0/Start,number,0
/Record/Section/8/Section/4/Information/0/Value/StringWithMarkup/22/Markup/0/Length,number,2
/Record/Section/8/Section/4/Information/0/Value/StringWithMarkup/22/Markup/0/Type,string,Superscript
/Record/Section/8/Section/4/Information/0/Value/StringWithMarkup/23/String,string,49Cl
/Record/Section/8/Section/4/Information/0/Value/StringWithMarkup/23/Markup/0/Start,number,0
/Record/Section/8/Section/4/Information/0/Value/StringWithMarkup/23/Markup/0/Length,number,2
/Record/Section/8/Section/4/Information/0/Value/StringWithMarkup/23/Markup/0/Type,string,Superscript
/Record/Section/8/Section/4/Information/0/Value/StringWithMarkup/24/String,string,50Cl
/Record/Section/8/Section/4/Information/0/Value/StringWithMarkup/24/Markup/0/Start,number,0
/Record/Section/8/Section/4/Information/0/Value/StringWithMarkup/24/Markup/0/Length,number,2
/Record/Section/8/Section/4/Information/0/Value/StringWithMarkup/24/Markup/0/Type,string,Superscript
/Record/Section/8/Section/4/Information/0/Value/StringWithMarkup/25/String,string,51Cl
/Record/Section/8/Section/4/Information/0/Value/StringWithMarkup/25/Markup/0/Start,number,0
/Record/Section/8/Section/4/Information/0/Value/StringWithMarkup/25/Markup/0/Length,number,2
/Record/Section/8/Section/4/Information/0/Value/StringWithMarkup/25/Markup/0/Type,string,Superscript
/Record/Section/8/Section/4/Information/0/Value/StringWithMarkup/26/String,string,52Cl
/Record/Section/8/Section/4/Information/0/Value/StringWithMarkup/26/Markup/0/Start,number,0
/Record/Section/8/Section/4/Information/0/Value/StringWithMarkup/26/Markup/0/Length,number,2
/Record/Section/8/Section/4/Information/0/Value/StringWithMarkup/26/Markup/0/Type,string,Superscript
/Record/Section/8/Section/4/Information/1/ReferenceNumber,number,2
/Record/Section/8/Section/4/Information/1/Name,string,Atomic Mass and Uncertainty [u]
/Record/Section/8/Section/4/Information/1/Value/StringWithMarkup/0/String,string,28.030349 ± 0.000537 [Estimated]
/Record/Section/8/Section/4/Information/1/Value/StringWithMarkup/1/String,string,29.015053 ± 0.000203 [Estimated]
/Record/Section/8/Section/4/Information/1/Value/StringWithMarkup/2/String,string,30.005018333 ± 0.000025631
/Record/Section/8/Section/4/Information/1/Value/StringWithMarkup/3/String,string,30.992448097 ± 0.0000037
/Record/Section/8/Section/4/Information/1/Value/StringWithMarkup/4/String,string,31.985684605 ± 0.000000603
/Record/Section/8/Section/4/Information/1/Value/StringWithMarkup/5/String,string,32.977451988 ± 0.000000419
/Record/Section/8/Section/4/Information/1/Value/StringWithMarkup/6/String,string,33.973762490 ± 0.000000052
/Record/Section/8/Section/4/Information/1/Value/StringWithMarkup/7/String,string,33.973762490 ± 0.000000052
/Record/Section/8/Section/4/Information/1/Value/StringWithMarkup/8/String,string,34.968852694 ± 0.000000038
/Record/Section/8/Section/4/Information/1/Value/StringWithMarkup/9/String,string,35.968306822 ± 0.000000038
/Record/Section/8/Section/4/Information/1/Value/StringWithMarkup/10/String,string,36.965902573 ± 0.000000055
/Record/Section/8/Section/4/Information/1/Value/StringWithMarkup/11/String,string,37.968010408 ± 0.000000105
/Record/Section/8/Section/4/Information/1/Value/StringWithMarkup/12/String,string,37.968010408 ± 0.000000105
/Record/Section/8/Section/4/Information/1/Value/StringWithMarkup/13/String,string,38.968008151 ± 0.000001859
/Record/Section/8/Section/4/Information/1/Value/StringWithMarkup/14/String,string,39.970415466 ± 0.000034423
/Record/Section/8/Section/4/Information/1/Value/StringWithMarkup/15/String,string,40.970684525 ± 0.000073777
/Record/Section/8/Section/4/Information/1/Value/StringWithMarkup/16/String,string,41.973342000 ± 0.000064
/Record/Section/8/Section/4/Information/1/Value/StringWithMarkup/17/String,string,42.974063700 ± 0.000066407
/Record/Section/8/Section/4/Information/1/Value/StringWithMarkup/18/String,string,43.978014918 ± 0.000091859
/Record/Section/8/Section/4/Information/1/Value/StringWithMarkup/19/String,string,44.980394353 ± 0.000146177
/Record/Section/8/Section/4/Information/1/Value/StringWithMarkup/20/String,string,45.985254926 ± 0.0001044
/Record/Section/8/Section/4/Information/1/Value/StringWithMarkup/21/String,string,46.989715 ± 0.000215 [Estimated]
/Record/Section/8/Section/4/Information/1/Value/StringWithMarkup/22/String,string,47.995405 ± 0.000537 [Estimated]
/Record/Section/8/Section/4/Information/1/Value/StringWithMarkup/23/String,string,49.000794 ± 0.000429 [Estimated]
/Record/Section/8/Section/4/Information/1/Value/StringWithMarkup/24/String,string,50.008266 ± 0.000429 [Estimated]
/Record/Section/8/Section/4/Information/1/Value/StringWithMarkup/25/String,string,51.015341 ± 0.000751 [Estimated]
/Record/Section/8/Section/4/Information/1/Value/StringWithMarkup/26/String,string,52.024004 ± 0.000751 [Estimated]
/Record/Section/8/Section/4/Information/2/ReferenceNumber,number,2
/Record/Section/8/Section/4/Information/2/Name,string,Half Life and Uncertainty
/Record/Section/8/Section/4/Information/2/Value/StringWithMarkup/0/String,string,Not-specified >100ns
/Record/Section/8/Section/4/Information/2/Value/StringWithMarkup/1/String,string,5.4 zs ± 1.9
/Record/Section/8/Section/4/Information/2/Value/StringWithMarkup/2/String,string,Not-specified >100ns
/Record/Section/8/Section/4/Information/2/Value/StringWithMarkup/3/String,string,190 ms ± 1
/Record/Section/8/Section/4/Information/2/Value/StringWithMarkup/4/String,string,298 ms ± 1
/Record/Section/8/Section/4/Information/2/Value/StringWithMarkup/5/String,string,2.5038 s ± 0.0022
/Record/Section/8/Section/4/Information/2/Value/StringWithMarkup/6/String,string,1.5267 s ± 0.0004
/Record/Section/8/Section/4/Information/2/Value/StringWithMarkup/7/String,string,31.99 m ± 0.03
/Record/Section/8/Section/4/Information/2/Value/StringWithMarkup/8/String,string,Stable
/Record/Section/8/Section/4/Information/2/Value/StringWithMarkup/9/String,string,301.3 ky ± 1.5
/Record/Section/8/Section/4/Information/2/Value/StringWithMarkup/10/String,string,Stable
/Record/Section/8/Section/4/Information/2/Value/StringWithMarkup/11/String,string,37.230 m ± 0.014
/Record/Section/8/Section/4/Information/2/Value/StringWithMarkup/12/String,string,715 ms ± 3
/Record/Section/8/Section/4/Information/2/Value/StringWithMarkup/13/String,string,56.2 m ± 0.6
/Record/Section/8/Section/4/Information/2/Value/StringWithMarkup/14/String,string,1.35 m ± 0.03
/Record/Section/8/Section/4/Information/2/Value/StringWithMarkup/15/String,string,38.4 s ± 0.8
/Record/Section/8/Section/4/Information/2/Value/StringWithMarkup/16/String,string,6.8 s ± 0.3
/Record/Section/8/Section/4/Information/2/Value/StringWithMarkup/17/String,string,3.13 s ± 0.09
/Record/Section/8/Section/4/Information/2/Value/StringWithMarkup/18/String,string,562 ms ± 106
/Record/Section/8/Section/4/Information/2/Value/StringWithMarkup/19/String,string,413 ms ± 25
/Record/Section/8/Section/4/Information/2/Value/StringWithMarkup/20/String,string,232 ms ± 2
/Record/Section/8/Section/4/Information/2/Value/StringWithMarkup/21/String,string,101 ms ± 5
/Record/Section/8/Section/4/Information/2/Value/StringWithMarkup/22/String,string,30 ms >200ns [Estimated]
/Record/Section/8/Section/4/Information/2/Value/StringWithMarkup/23/String,string,35 ms >200ns [Estimated]
/Record/Section/8/Section/4/Information/2/Value/StringWithMarkup/24/String,string,10 ms >620ns [Estimated]
/Record/Section/8/Section/4/Information/2/Value/StringWithMarkup/25/String,string,5 ms >200ns [Estimated]
/Record/Section/8/Section/4/Information/2/Value/StringWithMarkup/26/String,string,2 ms >400ns [Estimated]
/Record/Section/8/Section/4/Information/3/ReferenceNumber,number,2
/Record/Section/8/Section/4/Information/3/Name,string,Discovery Year
/Record/Section/8/Section/4/Information/3/Value/StringWithMarkup/0/String,string,2018
/Record/Section/8/Section/4/Information/3/Value/StringWithMarkup/1/String,string,1993
/Record/Section/8/Section/4/Information/3/Value/StringWithMarkup/2/String,string,2018
/Record/Section/8/Section/4/Information/3/Value/StringWithMarkup/3/String,string,1977
/Record/Section/8/Section/4/Information/3/Value/StringWithMarkup/4/String,string,1953
/Record/Section/8/Section/4/Information/3/Value/StringWithMarkup/5/String,string,1940
/Record/Section/8/Section/4/Information/3/Value/StringWithMarkup/6/String,string,1934
/Record/Section/8/Section/4/Information/3/Value/StringWithMarkup/7/String,string,1965
/Record/Section/8/Section/4/Information/3/Value/StringWithMarkup/8/String,string,1919
/Record/Section/8/Section/4/Information/3/Value/StringWithMarkup/9/String,string,1941
/Record/Section/8/Section/4/Information/3/Value/StringWithMarkup/10/String,string,1919
/Record/Section/8/Section/4/Information/3/Value/StringWithMarkup/11/String,string,1940
/Record/Section/8/Section/4/Information/3/Value/StringWithMarkup/12/String,string,1954
/Record/Section/8/Section/4/Information/3/Value/StringWithMarkup/13/String,string,1949
/Record/Section/8/Section/4/Information/3/Value/StringWithMarkup/14/String,string,1956
/Record/Section/8/Section/4/Information/3/Value/StringWithMarkup/15/String,string,1971
/Record/Section/8/Section/4/Information/3/Value/StringWithMarkup/16/String,string,1971
/Record/Section/8/Section/4/Information/3/Value/StringWithMarkup/17/String,string,1976
/Record/Section/8/Section/4/Information/3/Value/StringWithMarkup/18/String,string,1979
/Record/Section/8/Section/4/Information/3/Value/StringWithMarkup/19/String,string,1979
/Record/Section/8/Section/4/Information/3/Value/StringWithMarkup/20/String,string,1989
/Record/Section/8/Section/4/Information/3/Value/StringWithMarkup/21/String,string,1989
/Record/Section/8/Section/4/Information/3/Value/StringWithMarkup/22/String,string,1989
/Record/Section/8/Section/4/Information/3/Value/StringWithMarkup/23/String,string,1989
/Record/Section/8/Section/4/Information/3/Value/StringWithMarkup/24/String,string,2009
/Record/Section/8/Section/4/Information/3/Value/StringWithMarkup/25/String,string,1990
/Record/Section/8/Section/4/Information/3/Value/StringWithMarkup/26/String,string,2018
/Record/Section/8/Section/4/Information/4/ReferenceNumber,number,2
/Record/Section/8/Section/4/Information/4/Name,string,"Decay Modes, Intensities and Uncertainties [%]"
/Record/Section/8/Section/4/Information/4/Value/StringWithMarkup/0/String,string,p=100%
/Record/Section/8/Section/4/Information/4/Value/StringWithMarkup/1/String,string,p=100%
/Record/Section/8/Section/4/Information/4/Value/StringWithMarkup/2/String,string,p=100%
/Record/Section/8/Section/4/Information/4/Value/StringWithMarkup/3/String,string,β+=100%; β+p=2.4±0.2%
/Record/Section/8/Section/4/Information/4/Value/StringWithMarkup/3/Markup/0/Start,number,1
/Record/Section/8/Section/4/Information/4/Value/StringWithMarkup/3/Markup/0/Length,number,1
/Record/Section/8/Section/4/Information/4/Value/StringWithMarkup/3/Markup/0/Type,string,Superscript
/Record/Section/8/Section/4/Information/4/Value/StringWithMarkup/3/Markup/1/Start,number,10
/Record/Section/8/Section/4/Information/4/Value/StringWithMarkup/3/Markup/1/Length,number,1
/Record/Section/8/Section/4/Information/4/Value/StringWithMarkup/3/Markup/1/Type,string,Superscript
/Record/Section/8/Section/4/Information/4/Value/StringWithMarkup/4/String,string,β+=100%; β+α=0.054±0.8%; β+p=0.026±0.5%
/Record/Section/8/Section/4/Information/4/Value/StringWithMarkup/4/Markup/0/Start,number,1
/Record/Section/8/Section/4/Information/4/Value/StringWithMarkup/4/Markup/0/Length,number,1
/Record/Section/8/Section/4/Information/4/Value/StringWithMarkup/4/Markup/0/Type,string,Superscript
/Record/Section/8/Section/4/Information/4/Value/StringWithMarkup/4/Markup/1/Start,number,10
/Record/Section/8/Section/4/Information/4/Value/StringWithMarkup/4/Markup/1/Length,number,1
/Record/Section/8/Section/4/Information/4/Value/StringWithMarkup/4/Markup/1/Type,string,Superscript
/Record/Section/8/Section/4/Information/4/Value/StringWithMarkup/4/Markup/2/Start,number,26
/Record/Section/8/Section/4/Information/4/Value/StringWithMarkup/4/Markup/2/Length,number,1
/Record/Section/8/Section/4/Information/4/Value/StringWithMarkup/4/Markup/2/Type,string,Superscript
/Record/Section/8/Section/4/Information/4/Value/StringWithMarkup/5/String,string,β+=100%
/Record/Section/8/Section/4/Information/4/Value/StringWithMarkup/5/Markup/0/Start,number,1
/Record/Section/8/Section/4/Information/4/Value/StringWithMarkup/5/Markup/0/Length,number,1
/Record/Section/8/Section/4/Information/4/Value/StringWithMarkup/5/Markup/0/Type,string,Superscript
/Record/Section/8/Section/4/Information/4/Value/StringWithMarkup/6/String,string,β+=100%
/Record/Section/8/Section/4/Information/4/Value/StringWithMarkup/6/Markup/0/Start,number,1
/Record/Section/8/Section/4/Information/4/Value/StringWithMarkup/6/Markup/0/Length,number,1
/Record/Section/8/Section/4/Information/4/Value/StringWithMarkup/6/Markup/0/Type,string,Superscript
/Record/Section/8/Section/4/Information/4/Value/StringWithMarkup/7/String,string,β+=55.4±0.6%; IT=44.6±0.6%
/Record/Section/8/Section/4/Information/4/Value/StringWithMarkup/7/Markup/0/Start,number,1
/Record/Section/8/Section/4/Information/4/Value/StringWithMarkup/7/Markup/0/Length,number,1
/Record/Section/8/Section/4/Information/4/Value/StringWithMarkup/7/Markup/0/Type,string,Superscript
/Record/Section/8/Section/4/Information/4/Value/StringWithMarkup/8/String,string,IS=75.8±0.2%
/Record/Section/8/Section/4/Information/4/Value/StringWithMarkup/9/String,string,β-=98.1±0.1%; β+=1.9±0.1%
/Record/Section/8/Section/4/Information/4/Value/StringWithMarkup/9/Markup/0/Start,number,1
/Record/Section/8/Section/4/Information/4/Value/StringWithMarkup/9/Markup/0/Length,number,1
/Record/Section/8/Section/4/Information/4/Value/StringWithMarkup/9/Markup/0/Type,string,Superscript
/Record/Section/8/Section/4/Information/4/Value/StringWithMarkup/9/Markup/1/Start,number,15
/Record/Section/8/Section/4/Information/4/Value/StringWithMarkup/9/Markup/1/Length,number,1
/Record/Section/8/Section/4/Information/4/Value/StringWithMarkup/9/Markup/1/Type,string,Superscript
/Record/Section/8/Section/4/Information/4/Value/StringWithMarkup/10/String,string,IS=24.2±0.2%
/Record/Section/8/Section/4/Information/4/Value/StringWithMarkup/11/String,string,β-=100%
/Record/Section/8/Section/4/Information/4/Value/StringWithMarkup/11/Markup/0/Start,number,1
/Record/Section/8/Section/4/Information/4/Value/StringWithMarkup/11/Markup/0/Length,number,1
/Record/Section/8/Section/4/Information/4/Value/StringWithMarkup/11/Markup/0/Type,string,Superscript
/Record/Section/8/Section/4/Information/4/Value/StringWithMarkup/12/String,string,IT=100%
/Record/Section/8/Section/4/Information/4/Value/StringWithMarkup/13/String,string,β-=100%
/Record/Section/8/Section/4/Information/4/Value/StringWithMarkup/13/Markup/0/Start,number,1
/Record/Section/8/Section/4/Information/4/Value/StringWithMarkup/13/Markup/0/Length,number,1
/Record/Section/8/Section/4/Information/4/Value/StringWithMarkup/13/Markup/0/Type,string,Superscript
/Record/Section/8/Section/4/Information/4/Value/StringWithMarkup/14/String,string,β-=100%
/Record/Section/8/Section/4/Information/4/Value/StringWithMarkup/14/Markup/0/Start,number,1
/Record/Section/8/Section/4/Information/4/Value/StringWithMarkup/14/Markup/0/Length,number,1
/Record/Section/8/Section/4/Information/4/Value/StringWithMarkup/14/Markup/0/Type,string,Superscript
/Record/Section/8/Section/4/Information/4/Value/StringWithMarkup/15/String,string,β-=100%
/Record/Section/8/Section/4/Information/4/Value/StringWithMarkup/15/Markup/0/Start,number,1
/Record/Section/8/Section/4/Information/4/Value/StringWithMarkup/15/Markup/0/Length,number,1
/Record/Section/8/Section/4/Information/4/Value/StringWithMarkup/15/Markup/0/Type,string,Superscript
/Record/Section/8/Section/4/Information/4/Value/StringWithMarkup/16/String,string,β-=100%; β-n ?
/Record/Section/8/Section/4/Information/4/Value/StringWithMarkup/16/Markup/0/Start,number,1
/Record/Section/8/Section/4/Information/4/Value/StringWithMarkup/16/Markup/0/Length,number,1
/Record/Section/8/Section/4/Information/4/Value/StringWithMarkup/16/Markup/0/Type,string,Superscript
/Record/Section/8/Section/4/Information/4/Value/StringWithMarkup/16/Markup/1/Start,number,10
/Record/Section/8/Section/4/Information/4/Value/StringWithMarkup/16/Markup/1/Length,number,1
/Record/Section/8/Section/4/Information/4/Value/StringWithMarkup/16/Markup/1/Type,string,Superscript
/Record/Section/8/Section/4/Information/4/Value/StringWithMarkup/17/String,string,β-=100%; β-n ?
/Record/Section/8/Section/4/Information/4/Value/StringWithMarkup/17/Markup/0/Start,number,1
/Record/Section/8/Section/4/Information/4/Value/StringWithMarkup/17/Markup/0/Length,number,1
/Record/Section/8/Section/4/Information/4/Value/StringWithMarkup/17/Markup/0/Type,string,Superscript
/Record/Section/8/Section/4/Information/4/Value/StringWithMarkup/17/Markup/1/Start,number,10
/Record/Section/8/Section/4/Information/4/Value/StringWithMarkup/17/Markup/1/Length,number,1
/Record/Section/8/Section/4/Information/4/Value/StringWithMarkup/17/Markup/1/Type,string,Superscript
/Record/Section/8/Section/4/Information/4/Value/StringWithMarkup/18/String,string,β-=100%; β-n<8%
/Record/Section/8/Section/4/Information/4/Value/StringWithMarkup/18/Markup/0/Start,number,1
/Record/Section/8/Section/4/Information/4/Value/StringWithMarkup/18/Markup/0/Length,number,1
/Record/Section/8/Section/4/Information/4/Value/StringWithMarkup/18/Markup/0/Type,string,Superscript
/Record/Section/8/Section/4/Information/4/Value/StringWithMarkup/18/Markup/1/Start,number,10
/Record/Section/8/Section/4/Information/4/Value/StringWithMarkup/18/Markup/1/Length,number,1
/Record/Section/8/Section/4/Information/4/Value/StringWithMarkup/18/Markup/1/Type,string,Superscript
/Record/Section/8/Section/4/Information/4/Value/StringWithMarkup/19/String,string,β-=100%; β-n=24±0.4%
/Record/Section/8/Section/4/Information/4/Value/StringWithMarkup/19/Markup/0/Start,number,1
/Record/Section/8/Section/4/Information/4/Value/StringWithMarkup/19/Markup/0/Length,number,1
/Record/Section/8/Section/4/Information/4/Value/StringWithMarkup/19/Markup/0/Type,string,Superscript
/Record/Section/8/Section/4/Information/4/Value/StringWithMarkup/19/Markup/1/Start,number,10
/Record/Section/8/Section/4/Information/4/Value/StringWithMarkup/19/Markup/1/Length,number,1
/Record/Section/8/Section/4/Information/4/Value/StringWithMarkup/19/Markup/1/Type,string,Superscript
/Record/Section/8/Section/4/Information/4/Value/StringWithMarkup/20/String,string,β-=100%; β-n=60±0.9%; β-2n ?
/Record/Section/8/Section/4/Information/4/Value/StringWithMarkup/20/Markup/0/Start,number,1
/Record/Section/8/Section/4/Information/4/Value/StringWithMarkup/20/Markup/0/Length,number,1
/Record/Section/8/Section/4/Information/4/Value/StringWithMarkup/20/Markup/0/Type,string,Superscript
/Record/Section/8/Section/4/Information/4/Value/StringWithMarkup/20/Markup/1/Start,number,10
/Record/Section/8/Section/4/Information/4/Value/StringWithMarkup/20/Markup/1/Length,number,1
/Record/Section/8/Section/4/Information/4/Value/StringWithMarkup/20/Markup/1/Type,string,Superscript
/Record/Section/8/Section/4/Information/4/Value/StringWithMarkup/20/Markup/2/Start,number,23
/Record/Section/8/Section/4/Information/4/Value/StringWithMarkup/20/Markup/2/Length,number,1
/Record/Section/8/Section/4/Information/4/Value/StringWithMarkup/20/Markup/2/Type,string,Superscript
/Record/Section/8/Section/4/Information/4/Value/StringWithMarkup/21/String,string,β-=100%; β-n<3%; β-2n ?
/Record/Section/8/Section/4/Information/4/Value/StringWithMarkup/21/Markup/0/Start,number,1
/Record/Section/8/Section/4/Information/4/Value/StringWithMarkup/21/Markup/0/Length,number,1
/Record/Section/8/Section/4/Information/4/Value/StringWithMarkup/21/Markup/0/Type,string,Superscript
/Record/Section/8/Section/4/Information/4/Value/StringWithMarkup/21/Markup/1/Start,number,10
/Record/Section/8/Section/4/Information/4/Value/StringWithMarkup/21/Markup/1/Length,number,1
/Record/Section/8/Section/4/Information/4/Value/StringWithMarkup/21/Markup/1/Type,string,Superscript
/Record/Section/8/Section/4/Information/4/Value/StringWithMarkup/21/Markup/2/Start,number,18
/Record/Section/8/Section/4/Information/4/Value/StringWithMarkup/21/Markup/2/Length,number,1
/Record/Section/8/Section/4/Information/4/Value/StringWithMarkup/21/Markup/2/Type,string,Superscript
/Record/Section/8/Section/4/Information/4/Value/StringWithMarkup/22/String,string,β- ?; β-n ?; β-2n ?
/Record/Section/8/Section/4/Information/4/Value/StringWithMarkup/22/Markup/0/Start,number,1
/Record/Section/8/Section/4/Information/4/Value/StringWithMarkup/22/Markup/0/Length,number,1
/Record/Section/8/Section/4/Information/4/Value/StringWithMarkup/22/Markup/0/Type,string,Superscript
/Record/Section/8/Section/4/Information/4/Value/StringWithMarkup/22/Markup/1/Start,number,7
/Record/Section/8/Section/4/Information/4/Value/StringWithMarkup/22/Markup/1/Length,number,1
/Record/Section/8/Section/4/Information/4/Value/StringWithMarkup/22/Markup/1/Type,string,Superscript
/Record/Section/8/Section/4/Information/4/Value/StringWithMarkup/22/Markup/2/Start,number,14
/Record/Section/8/Section/4/Information/4/Value/StringWithMarkup/22/Markup/2/Length,number,1
/Record/Section/8/Section/4/Information/4/Value/StringWithMarkup/22/Markup/2/Type,string,Superscript
/Record/Section/8/Section/4/Information/4/Value/StringWithMarkup/23/String,string,β- ?; β-n ?; β-2n ?
/Record/Section/8/Section/4/Information/4/Value/StringWithMarkup/23/Markup/0/Start,number,1
/Record/Section/8/Section/4/Information/4/Value/StringWithMarkup/23/Markup/0/Length,number,1
/Record/Section/8/Section/4/Information/4/Value/StringWithMarkup/23/Markup/0/Type,string,Superscript
/Record/Section/8/Section/4/Information/4/Value/StringWithMarkup/23/Markup/1/Start,number,7
/Record/Section/8/Section/4/Information/4/Value/StringWithMarkup/23/Markup/1/Length,number,1
/Record/Section/8/Section/4/Information/4/Value/StringWithMarkup/23/Markup/1/Type,string,Superscript
/Record/Section/8/Section/4/Information/4/Value/StringWithMarkup/23/Markup/2/Start,number,14
/Record/Section/8/Section/4/Information/4/Value/StringWithMarkup/23/Markup/2/Length,number,1
/Record/Section/8/Section/4/Information/4/Value/StringWithMarkup/23/Markup/2/Type,string,Superscript
/Record/Section/8/Section/4/Information/4/Value/StringWithMarkup/24/String,string,β- ?; β-n ?; β-2n ?
/Record/Section/8/Section/4/Information/4/Value/StringWithMarkup/24/Markup/0/Start,number,1
/Record/Section/8/Section/4/Information/4/Value/StringWithMarkup/24/Markup/0/Length,number,1
/Record/Section/8/Section/4/Information/4/Value/StringWithMarkup/24/Markup/0/Type,string,Superscript
/Record/Section/8/Section/4/Information/4/Value/StringWithMarkup/24/Markup/1/Start,number,7
/Record/Section/8/Section/4/Information/4/Value/StringWithMarkup/24/Markup/1/Length,number,1
/Record/Section/8/Section/4/Information/4/Value/StringWithMarkup/24/Markup/1/Type,string,Superscript
/Record/Section/8/Section/4/Information/4/Value/StringWithMarkup/24/Markup/2/Start,number,14
/Record/Section/8/Section/4/Information/4/Value/StringWithMarkup/24/Markup/2/Length,number,1
/Record/Section/8/Section/4/Information/4/Value/StringWithMarkup/24/Markup/2/Type,string,Superscript
/Record/Section/8/Section/4/Information/4/Value/StringWithMarkup/25/String,string,β- ?; β-n ?; β-2n ?
/Record/Section/8/Section/4/Information/4/Value/StringWithMarkup/25/Markup/0/Start,number,1
/Record/Section/8/Section/4/Information/4/Value/StringWithMarkup/25/Markup/0/Length,number,1
/Record/Section/8/Section/4/Information/4/Value/StringWithMarkup/25/Markup/0/Type,string,Superscript
/Record/Section/8/Section/4/Information/4/Value/StringWithMarkup/25/Markup/1/Start,number,7
/Record/Section/8/Section/4/Information/4/Value/StringWithMarkup/25/Markup/1/Length,number,1
/Record/Section/8/Section/4/Information/4/Value/StringWithMarkup/25/Markup/1/Type,string,Superscript
/Record/Section/8/Section/4/Information/4/Value/StringWithMarkup/25/Markup/2/Start,number,14
/Record/Section/8/Section/4/Information/4/Value/StringWithMarkup/25/Markup/2/Length,number,1
/Record/Section/8/Section/4/Information/4/Value/StringWithMarkup/25/Markup/2/Type,string,Superscript
/Record/Section/8/Section/4/Information/4/Value/StringWithMarkup/26/String,string,β- ?; β-n ?; β-2n ?
/Record/Section/8/Section/4/Information/4/Value/StringWithMarkup/26/Markup/0/Start,number,1
/Record/Section/8/Section/4/Information/4/Value/StringWithMarkup/26/Markup/0/Length,number,1
/Record/Section/8/Section/4/Information/4/Value/StringWithMarkup/26/Markup/0/Type,string,Superscript
/Record/Section/8/Section/4/Information/4/Value/StringWithMarkup/26/Markup/1/Start,number,7
/Record/Section/8/Section/4/Information/4/Value/StringWithMarkup/26/Markup/1/Length,number,1
/Record/Section/8/Section/4/Information/4/Value/StringWithMarkup/26/Markup/1/Type,string,Superscript
/Record/Section/8/Section/4/Information/4/Value/StringWithMarkup/26/Markup/2/Start,number,14
/Record/Section/8/Section/4/Information/4/Value/StringWithMarkup/26/Markup/2/Length,number,1
/Record/Section/8/Section/4/Information/4/Value/StringWithMarkup/26/Markup/2/Type,string,Superscript
/Record/Reference/0/ReferenceNumber,number,1
/Record/Reference/0/SourceName,string,PubChem
/Record/Reference/0/SourceID,string,PubChem
/Record/Reference/0/Description,string,Data deposited in or computed by PubChem
/Record/Reference/0/URL,string,https://pubchem.ncbi.nlm.nih.gov
/Record/Reference/1/ReferenceNumber,number,2
/Record/Reference/1/SourceName,string,"Atomic Mass Data Center (AMDC), International Atomic Energy Agency (IAEA)"
/Record/Reference/1/SourceID,string,e17
/Record/Reference/1/Name,string,Cl
/Record/Reference/1/Description,string,The half-life and atomic mass data was provided by the Atomic Mass Data Center at the International Atomic Energy Agency.
/Record/Reference/1/URL,string,https://www-nds.iaea.org/amdc/
/Record/Reference/1/LicenseURL,string,https://www-nds.iaea.org/disclaimer.html
/Record/Reference/1/ANID,number,6590244
/Record/Reference/2/ReferenceNumber,number,3
/Record/Reference/2/SourceName,string,IUPAC Commission on Isotopic Abundances and Atomic Weights (CIAAW)
/Record/Reference/2/SourceID,string,a17
/Record/Reference/2/Name,string,Chlorine
/Record/Reference/2/Description,string,Element data are cited from the Atomic weights of the elements (an IUPAC Technical Report). The IUPAC periodic table of elements can be found at https://iupac.org/what-we-do/periodic-table-of-elements/. Additional information can be found within IUPAC publication doi:10.1515/pac-2015-0703 Copyright © 2020 International Union of Pure and Applied Chemistry.
/Record/Reference/2/URL,string,https://www.ciaaw.org/chlorine.htm
/Record/Reference/2/LicenseURL,string,http://www.ciaaw.org/bylaws.htm
/Record/Reference/2/ANID,number,2292398
/Record/Reference/3/ReferenceNumber,number,5
/Record/Reference/3/SourceName,string,"Jefferson Lab, U.S. Department of Energy"
/Record/Reference/3/SourceID,string,jlab17
/Record/Reference/3/Name,string,Chlorine
/Record/Reference/3/Description,string,"Thomas Jefferson National Accelerator Facility (Jefferson Lab) is one of 17 national laboratories funded by the U.S. Department of Energy. The lab's primary mission is to conduct basic research of the atom's nucleus using the lab's unique particle accelerator, known as the Continuous Electron Beam Accelerator Facility (CEBAF). For more information visit https://www.jlab.org/"
/Record/Reference/3/URL,string,https://education.jlab.org/itselemental/ele017.html
/Record/Reference/3/LicenseNote,string,Please see citation and linking information: https://education.jlab.org/faq/index.html
/Record/Reference/3/LicenseURL,string,https://www.jlab.org/privacy-and-security-notice
/Record/Reference/3/ANID,number,507079
/Record/Reference/4/ReferenceNumber,number,6
/Record/Reference/4/SourceName,string,"Los Alamos National Laboratory, U.S. Department of Energy"
/Record/Reference/4/SourceID,string,lanl17
/Record/Reference/4/Name,string,Chlorine
/Record/Reference/4/Description,string,"The periodic table at the LANL (Los Alamos National Laboratory) contains basic element information together with the history, source, properties, use, handling and more. The provenance data may be found from the link under the source name."
/Record/Reference/4/URL,string,https://periodic.lanl.gov/17.shtml
/Record/Reference/4/ANID,number,507197
/Record/Reference/5/ReferenceNumber,number,7
/Record/Reference/5/SourceName,string,NIST Physical Measurement Laboratory
/Record/Reference/5/SourceID,string,e17
/Record/Reference/5/Name,string,Chlorine
/Record/Reference/5/Description,string,"The periodic table contains NIST's critically-evaluated data on atomic properties of the elements. The provenance data that include data for atomic spectroscopy, X-ray and gamma ray, radiation dosimetry, nuclear physics, and condensed matter physics may be found from the link under the source name. Ref: https://www.nist.gov/pml/atomic-spectra-database"
/Record/Reference/5/URL,string,https://physics.nist.gov/cgi-bin/Elements/elInfo.pl?element=17
/Record/Reference/5/LicenseURL,string,https://www.nist.gov/pml/database-disclaimer
/Record/Reference/5/ANID,number,2292634
/Record/Reference/6/ReferenceNumber,number,4
/Record/Reference/6/SourceName,string,IUPAC Periodic Table of the Elements and Isotopes (IPTEI)
/Record/Reference/6/SourceID,string,p17
/Record/Reference/6/Description,string,"The information are cited from Pure Appl. Chem. 2018; 90(12): 1833-2092, https://doi.org/10.1515/pac-2015-0703."
/Record/Reference/6/URL,string,https://doi.org/10.1515/pac-2015-0703
/Record/Reference/6/LicenseNote,string,"Copyright (c) 2020 International Union of Pure and Applied Chemistry.

The International Union of Pure and Applied Chemistry (IUPAC) contribution within Pubchem is provided under a CC-BY-NC-ND 4.0 license, unless otherwise stated."
/Record/Reference/6/LicenseURL,string,https://creativecommons.org/licenses/by-nc-nd/4.0/
/Record/Reference/6/ANID,number,13296422
/Record/Reference/7/ReferenceNumber,number,9
/Record/Reference/7/SourceName,string,PubChem Elements
/Record/Reference/7/SourceID,string,ep_17
/Record/Reference/7/Name,string,Chlorine
/Record/Reference/7/Description,string,The element property data was retrieved from publications.
/Record/Reference/7/LicenseURL,string,https://www.nlm.nih.gov/copyright.html
/Record/Reference/7/ANID,number,24834070
/Record/Reference/8/ReferenceNumber,number,8
/Record/Reference/8/SourceName,string,PubChem Elements
/Record/Reference/8/SourceID,string,ef_17
/Record/Reference/8/Name,string,Chlorine
/Record/Reference/8/Description,string,This section provides all form of data related to element Chlorine.
/Record/Reference/8/LicenseURL,string,https://www.nlm.nih.gov/copyright.html
/Record/Reference/8/ANID,number,24833945
