path,type,value
/Record/RecordType,string,AtomicNumber
/Record/RecordNumber,number,31
/Record/RecordTitle,string,Gallium
/Record/Section/0/TOCHeading,string,Identifiers
/Record/Section/0/Description,string,"Identifiers for this element, including element name, element symbol, InChI string, and InChIKey."
/Record/Section/0/Section/0/TOCHeading,string,Element Name
/Record/Section/0/Section/0/Description,string,"The formal, standard name for a given element, originating from factors such as common usage and the person or place involved in its discovery. Element, also called chemical element, refers to a species of atom; all varieties of atoms with the same number of protons in the nucleus (but possibly a different number of neutrons) are considered to be the same element."
/Record/Section/0/Section/0/Information/0/ReferenceNumber,number,1
/Record/Section/0/Section/0/Information/0/Name,string,Element Name
/Record/Section/0/Section/0/Information/0/Value/StringWithMarkup/0/String,string,Gallium
/Record/Section/0/Section/0/Information/1/ReferenceNumber,number,3
/Record/Section/0/Section/0/Information/1/Name,string,Element Name
/Record/Section/0/Section/0/Information/1/Value/StringWithMarkup/0/String,string,Gallium
/Record/Section/0/Section/1/TOCHeading,string,Element Symbol
/Record/Section/0/Section/1/Description,string,"Element symbol, also called atomic symbol, typically consists of one or two letters from the Latin alphabet derived from the element name in one of several languages."
/Record/Section/0/Section/1/Information/0/ReferenceNumber,number,1
/Record/Section/0/Section/1/Information/0/Name,string,Element Symbol
/Record/Section/0/Section/1/Information/0/Value/StringWithMarkup/0/String,string,Ga
/Record/Section/0/Section/1/Information/1/ReferenceNumber,number,3
/Record/Section/0/Section/1/Information/1/Name,string,Element Symbol
/Record/Section/0/Section/1/Information/1/Value/StringWithMarkup/0/String,string,Ga
/Record/Section/0/Section/2/TOCHeading,string,InChI
/Record/Section/0/Section/2/Description,string,"The International Chemical Identifier (InChI) is a computed, non-proprietary identifier for a chemical structure.  The InChI is an International Union of Pure and Applied Chemistry (IUPAC) standard."
/Record/Section/0/Section/2/URL,string,https://iupac.org/who-we-are/divisions/division-details/inchi/
/Record/Section/0/Section/2/Information/0/ReferenceNumber,number,1
/Record/Section/0/Section/2/Information/0/Name,string,InChI
/Record/Section/0/Section/2/Information/0/Value/StringWithMarkup/0/String,string,InChI=1S/Ga
/Record/Section/0/Section/3/TOCHeading,string,InChIKey
/Record/Section/0/Section/3/Description,string,"An InChIKey is a 27-character hashed code derived from an InChI.  The International Chemical Identifier (InChI) is a computed, non-proprietary identifier for a chemical structure.  The InChI is an International Union of Pure and Applied Chemistry (IUPAC) standard."
/Record/Section/0/Section/3/URL,string,https://iupac.org/who-we-are/divisions/division-details/inchi/
/Record/Section/0/Section/3/Information/0/ReferenceNumber,number,1
/Record/Section/0/Section/3/Information/0/Name,string,InChIKey
/Record/Section/0/Section/3/Information/0/Value/StringWithMarkup/0/String,string,GYHNNYVSQQEPJS-UHFFFAOYSA-N
/Record/Section/1/TOCHeading,string,Properties
/Record/Section/1/Description,string,"Characteristics of this element, such as atomic number, atomic mass, density, melting point, boiling point and so on."
/Record/Section/1/Section/0/TOCHeading,string,Atomic Weight
/Record/Section/1/Section/0/Description,string,"Also called relative atomic mass, is the ratio of the average mass of the atom to the unified atomic mass unit, defined as one twelfth of the mass of a carbon-12 atom in its ground state and used to express masses of atomic particles, u=1.660 5402(10) * 10**(-27) kg. The Standard atomic weights refer to recommended values of relative atomic masses of the elements revised biennially by the IUPAC Commission on Atomic Weights and Isotopic Abundances and applicable to elements in any normal sample with a high level of confidence. The number in the parenthesis refers to an uncertainty when exists. The unit of atomic weight is the dalton or unified atomic mass unit (symbol: Da or u)."
/Record/Section/1/Section/0/Information/0/ReferenceNumber,number,3
/Record/Section/1/Section/0/Information/0/Name,string,Atomic Weight
/Record/Section/1/Section/0/Information/0/Value/StringWithMarkup/0/String,string,69.723(1)
/Record/Section/1/Section/0/Information/1/ReferenceNumber,number,5
/Record/Section/1/Section/0/Information/1/Value/StringWithMarkup/0/String,string,69.723
/Record/Section/1/Section/0/Information/2/ReferenceNumber,number,6
/Record/Section/1/Section/0/Information/2/Value/StringWithMarkup/0/String,string,69.72
/Record/Section/1/Section/0/Information/3/ReferenceNumber,number,7
/Record/Section/1/Section/0/Information/3/Value/StringWithMarkup/0/String,string,69.723(1)
/Record/Section/1/Section/1/TOCHeading,string,Electron Configuration
/Record/Section/1/Section/1/Description,string,"The electron configuration refers a distribution of the electrons of an atom or a molecular entity over a set of one-electron wavefunctions (called orbitals), according to the Pauli principle. From one configuration several states with different multiplicities may result."
/Record/Section/1/Section/1/URL,string,https://chem.libretexts.org/Courses/Sacramento_City_College/SCC%3A_Chem_420_-_Organic_Chemistry_I/Text/01%3A_Introduction_and_Review/1.04%3A_Electron_Configurations
/Record/Section/1/Section/1/Information/0/ReferenceNumber,number,6
/Record/Section/1/Section/1/Information/0/Value/StringWithMarkup/0/String,string,[Ar]4s23d104p1
/Record/Section/1/Section/1/Information/0/Value/StringWithMarkup/0/Markup/0/Start,number,6
/Record/Section/1/Section/1/Information/0/Value/StringWithMarkup/0/Markup/0/Length,number,1
/Record/Section/1/Section/1/Information/0/Value/StringWithMarkup/0/Markup/0/Type,string,Superscript
/Record/Section/1/Section/1/Information/0/Value/StringWithMarkup/0/Markup/1/Start,number,9
/Record/Section/1/Section/1/Information/0/Value/StringWithMarkup/0/Markup/1/Length,number,2
/Record/Section/1/Section/1/Information/0/Value/StringWithMarkup/0/Markup/1/Type,string,Superscript
/Record/Section/1/Section/1/Information/0/Value/StringWithMarkup/0/Markup/2/Start,number,13
/Record/Section/1/Section/1/Information/0/Value/StringWithMarkup/0/Markup/2/Length,number,1
/Record/Section/1/Section/1/Information/0/Value/StringWithMarkup/0/Markup/2/Type,string,Superscript
/Record/Section/1/Section/2/TOCHeading,string,Atomic Radius
/Record/Section/1/Section/2/Description,string,"The atomic radius of a chemical element is a measure of the size of its atom, usually, the distance from the center of the nucleus to the outermost isolated electron.  Because an atom does not have a discrete boundary, there are various non-equivalent definitions of atomic radius, such as Van der Waals radius and covalent radius."
/Record/Section/1/Section/2/Information/0/ReferenceNumber,number,6
/Record/Section/1/Section/2/Information/0/Name,string,Van der Waals Atomic Radius
/Record/Section/1/Section/2/Information/0/Value/StringWithMarkup/0/String,string,187 pm (Van der Waals)
/Record/Section/1/Section/2/Information/1/ReferenceNumber,number,9
/Record/Section/1/Section/2/Information/1/Name,string,Empirical Atomic Radius
/Record/Section/1/Section/2/Information/1/Reference/0,string,"J.C. Slater, J Chem Phys, 1964, 41(10), 3199-3205. DOI:10.1063/1.1725697"
/Record/Section/1/Section/2/Information/1/ExtendedReference/0/Citation,string,"J.C. Slater, J Chem Phys, 1964, 41(10), 3199-3205. DOI:10.1063/1.1725697"
/Record/Section/1/Section/2/Information/1/Value/Number/0,number,130
/Record/Section/1/Section/2/Information/1/Value/Unit,string,pm (Empirical)
/Record/Section/1/Section/2/Information/2/ReferenceNumber,number,9
/Record/Section/1/Section/2/Information/2/Name,string,Covalent Atomic Radius
/Record/Section/1/Section/2/Information/2/Reference/0,string,"B. Cordero, V. Gómez, A.E. Platero-Prats, M. Revés, J. Echeverría, E. Cremades, F. Barragán, S. Alvarez, Dalton Trans. 2008, 21, 2832-2838. DOI:10.1039/b801115j PMID:18478144."
/Record/Section/1/Section/2/Information/2/ExtendedReference/0/Citation,string,"B. Cordero, V. Gómez, A.E. Platero-Prats, M. Revés, J. Echeverría, E. Cremades, F. Barragán, S. Alvarez, Dalton Trans. 2008, 21, 2832-2838. DOI:10.1039/b801115j PMID:18478144."
/Record/Section/1/Section/2/Information/2/Value/StringWithMarkup/0/String,string,122(3) pm (Covalent)
/Record/Section/1/Section/3/TOCHeading,string,Oxidation States
/Record/Section/1/Section/3/Description,string,"The oxidation state(s) that this element commonly has in a compound.  The oxidation state of an atom is defined as the hypothetical charge that would be held by that atom if all of its bonds to other atoms were completely ionic in nature. For example, the oxidation state of carbon in CO2 would be +4 since the hypothetical charge held by the carbon atom if both of the carbon-oxygen double bonds were completely ionic would be equal to +4 (each oxygen atom would hold a charge of -2 since oxygen is more electronegative than carbon)."
/Record/Section/1/Section/3/URL,string,https://chem.libretexts.org/Bookshelves/General_Chemistry/Map%3A_Chemistry_-_The_Central_Science_(Brown_et_al.)/20%3A_Electrochemistry/20.01%3A_Oxidation_States_and_Redox_Reactions
/Record/Section/1/Section/3/Information/0/ReferenceNumber,number,5
/Record/Section/1/Section/3/Information/0/Value/StringWithMarkup/0/String,string,+3
/Record/Section/1/Section/3/Information/1/ReferenceNumber,number,6
/Record/Section/1/Section/3/Information/1/Value/StringWithMarkup/0/String,string,"3, 2, 1, -1, -2, -4, -5 ​(an amphoteric oxide)"
/Record/Section/1/Section/4/TOCHeading,string,Ground Level
/Record/Section/1/Section/4/Description,string,Also called ground-state level. The ground state electron configuration is the arrangement of electrons around the nucleus of an atom with lower energy levels.
/Record/Section/1/Section/4/Information/0/ReferenceNumber,number,7
/Record/Section/1/Section/4/Information/0/Value/StringWithMarkup/0/String,string,2P°1/2
/Record/Section/1/Section/4/Information/0/Value/StringWithMarkup/0/Markup/0/Start,number,0
/Record/Section/1/Section/4/Information/0/Value/StringWithMarkup/0/Markup/0/Length,number,1
/Record/Section/1/Section/4/Information/0/Value/StringWithMarkup/0/Markup/0/Type,string,Superscript
/Record/Section/1/Section/4/Information/0/Value/StringWithMarkup/0/Markup/1/Start,number,3
/Record/Section/1/Section/4/Information/0/Value/StringWithMarkup/0/Markup/1/Length,number,3
/Record/Section/1/Section/4/Information/0/Value/StringWithMarkup/0/Markup/1/Type,string,Subscript
/Record/Section/1/Section/5/TOCHeading,string,Ionization Energy
/Record/Section/1/Section/5/Description,string,"Ionization energy, also called ionization potential, is the amount of energy required to remove an electron from an isolated atom or molecule."
/Record/Section/1/Section/5/URL,string,https://www.britannica.com/science/ionization-energy
/Record/Section/1/Section/5/Information/0/ReferenceNumber,number,5
/Record/Section/1/Section/5/Information/0/Value/StringWithMarkup/0/String,string,5.999 eV
/Record/Section/1/Section/5/Information/1/ReferenceNumber,number,7
/Record/Section/1/Section/5/Information/1/Reference/0,string,"Dye Laser Study of the np 2P1/2,3/2 Rydberg Series in Neutral Gallium and Indium Atoms, J. H. M. Neijzen and A. Dönszelmann, Physica B+C 114, 241–250 (1982) DOI:10.1016/0378-4363(82)90043-2"
/Record/Section/1/Section/5/Information/1/ExtendedReference/0/Citation,string,"Dye Laser Study of the np 2P1/2,3/2 Rydberg Series in Neutral Gallium and Indium Atoms, J. H. M. Neijzen and A. Dönszelmann, Physica B+C 114, 241–250 (1982) DOI:10.1016/0378-4363(82)90043-2"
/Record/Section/1/Section/5/Information/1/Value/StringWithMarkup/0/String,string,5.9993020 ± 0.0000012 eV
/Record/Section/1/Section/6/TOCHeading,string,Electronegativity
/Record/Section/1/Section/6/Description,string,Electronegativity is a measure of the tendency of an atom to attract a bonding pair of electrons.
/Record/Section/1/Section/6/URL,string,https://chem.libretexts.org/Bookshelves/Physical_and_Theoretical_Chemistry_Textbook_Maps/Supplemental_Modules_(Physical_and_Theoretical_Chemistry)/Physical_Properties_of_Matter/Atomic_and_Molecular_Properties/Electronegativity
/Record/Section/1/Section/6/Information/0/ReferenceNumber,number,9
/Record/Section/1/Section/6/Information/0/Name,string,Pauling Scale Electronegativity
/Record/Section/1/Section/6/Information/0/Reference/0,string,"A.L. Allred, J. Inorg. Nucl. Chem., 1961, 17(3-4), 215-221. DOI:10.1016/0022-1902(61)80142-5"
/Record/Section/1/Section/6/Information/0/ExtendedReference/0/Citation,string,"A.L. Allred, J. Inorg. Nucl. Chem., 1961, 17(3-4), 215-221. DOI:10.1016/0022-1902(61)80142-5"
/Record/Section/1/Section/6/Information/0/Value/Number/0,number,1.81
/Record/Section/1/Section/6/Information/0/Value/Unit,string,(Pauling Scale)
/Record/Section/1/Section/6/Information/1/ReferenceNumber,number,9
/Record/Section/1/Section/6/Information/1/Name,string,Allen Scale Electronegativity
/Record/Section/1/Section/6/Information/1/Reference/0,string,"L.C. Allen, J. Am. Chem. Soc., 1989, 111, 9003. DOI:10.1021/ja00207a003"
/Record/Section/1/Section/6/Information/1/Reference/1,string,"J.B. Mann, T.L. Meek and L.C. Allen, J. Am. Chem. Soc., 2000, 122, 2780. DOI:10.1021/ja992866e"
/Record/Section/1/Section/6/Information/1/Reference/2,string,"J.B. Mann, T.L. Meek, E.T. Knight, J.F. Capitani and L.C Allen, J. Am. Chem. Soc., 2000, 122, 5132. DOI:10.1021/ja9928677"
/Record/Section/1/Section/6/Information/1/ExtendedReference/0/Citation,string,"L.C. Allen, J. Am. Chem. Soc., 1989, 111, 9003. DOI:10.1021/ja00207a003"
/Record/Section/1/Section/6/Information/1/ExtendedReference/1/Citation,string,"J.B. Mann, T.L. Meek and L.C. Allen, J. Am. Chem. Soc., 2000, 122, 2780. DOI:10.1021/ja992866e"
/Record/Section/1/Section/6/Information/1/ExtendedReference/2/Citation,string,"J.B. Mann, T.L. Meek, E.T. Knight, J.F. Capitani and L.C Allen, J. Am. Chem. Soc., 2000, 122, 5132. DOI:10.1021/ja9928677"
/Record/Section/1/Section/6/Information/1/Value/Number/0,number,1.756
/Record/Section/1/Section/6/Information/1/Value/Unit,string,(Allen Scale)
/Record/Section/1/Section/7/TOCHeading,string,Electron Affinity
/Record/Section/1/Section/7/Description,string,"Electron affinity refers to the energy released when an additional electron is attached to a neutral atom to form a singly charged negative ion.  Alternatively, it can also be defined as the energy required to detach an electron from the singly charged negative ion."
/Record/Section/1/Section/7/URL,string,https://chem.libretexts.org/Bookshelves/Physical_and_Theoretical_Chemistry_Textbook_Maps/Supplemental_Modules_(Physical_and_Theoretical_Chemistry)/Physical_Properties_of_Matter/Atomic_and_Molecular_Properties/Electron_Affinity
/Record/Section/1/Section/7/Information/0/ReferenceNumber,number,9
/Record/Section/1/Section/7/Information/0/Reference/0,string,"R.T Myers, J. Chem. Edu., 1990, 67(4), 307. DOI:10.1021/ed067p307"
/Record/Section/1/Section/7/Information/0/ExtendedReference/0/Citation,string,"R.T Myers, J. Chem. Edu., 1990, 67(4), 307. DOI:10.1021/ed067p307"
/Record/Section/1/Section/7/Information/0/Value/Number/0,number,0.3
/Record/Section/1/Section/7/Information/0/Value/Unit,string,eV
/Record/Section/1/Section/7/Information/1/ReferenceNumber,number,9
/Record/Section/1/Section/7/Information/1/Reference/0,string,"R.J. Zollweg, J. Chem. Phys., 1969, 50, 4251. DOI:10.1063/1.1670890"
/Record/Section/1/Section/7/Information/1/ExtendedReference/0/Citation,string,"R.J. Zollweg, J. Chem. Phys., 1969, 50, 4251. DOI:10.1063/1.1670890"
/Record/Section/1/Section/7/Information/1/Value/Number/0,number,0.37
/Record/Section/1/Section/7/Information/1/Value/Unit,string,eV
/Record/Section/1/Section/8/TOCHeading,string,Atomic Spectra
/Record/Section/1/Section/8/Description,string,The spectrum of the electromagnetic radiation emitted or absorbed by an electron during transitions between different energy levels within an atom.
/Record/Section/1/Section/8/Information/0/ReferenceNumber,number,7
/Record/Section/1/Section/8/Information/0/URL,string,https://physics.nist.gov/cgi-bin/ASD/lines_hold.pl?el=Ga
/Record/Section/1/Section/8/Information/0/Value/StringWithMarkup/0/String,string,Lines Holdings
/Record/Section/1/Section/8/Information/1/ReferenceNumber,number,7
/Record/Section/1/Section/8/Information/1/URL,string,https://physics.nist.gov/cgi-bin/ASD/levels_hold.pl?el=Ga
/Record/Section/1/Section/8/Information/1/Value/StringWithMarkup/0/String,string,Levels Holdings
/Record/Section/1/Section/9/TOCHeading,string,Physical Description
/Record/Section/1/Section/9/Description,string,"The appearance or features of this element, including color, odor, state, taste and more in general."
/Record/Section/1/Section/9/Information/0/ReferenceNumber,number,5
/Record/Section/1/Section/9/Information/0/Value/StringWithMarkup/0/String,string,Solid
/Record/Section/1/Section/10/TOCHeading,string,Element Classification
/Record/Section/1/Section/10/Description,string,"Classification according to the element's chemical and physical properties, and location within the periodic table."
/Record/Section/1/Section/10/Information/0/ReferenceNumber,number,5
/Record/Section/1/Section/10/Information/0/Value/StringWithMarkup/0/String,string,Metal
/Record/Section/1/Section/11/TOCHeading,string,Element Period Number
/Record/Section/1/Section/11/Description,string,The element period number refers to a horizontal row of the periodic table. The periodic table has 7 periods.
/Record/Section/1/Section/11/Information/0/ReferenceNumber,number,5
/Record/Section/1/Section/11/Information/0/Value/StringWithMarkup/0/String,string,4
/Record/Section/1/Section/12/TOCHeading,string,Element Group Number
/Record/Section/1/Section/12/Description,string,Element group refers to a set of chemical elements in the same vertical column of the periodic table
/Record/Section/1/Section/12/Information/0/ReferenceNumber,number,5
/Record/Section/1/Section/12/Information/0/Value/StringWithMarkup/0/String,string,13
/Record/Section/1/Section/13/TOCHeading,string,Density
/Record/Section/1/Section/13/Description,string,This section provides information on the density of an element. It is the mass of a unit volume of the element and commonly expressed in units of kg/m3 or g/cm3.
/Record/Section/1/Section/13/URL,string,https://chem.libretexts.org/Bookshelves/Introductory_Chemistry/Map%3A_Fundamentals_of_General_Organic_and_Biological_Chemistry_(McMurry_et_al.)/01%3A_Matter_and_Measurements/1.12%3A_Density_and_Specific_Gravity
/Record/Section/1/Section/13/Information/0/ReferenceNumber,number,5
/Record/Section/1/Section/13/Information/0/Value/StringWithMarkup/0/String,string,5.91 grams per cubic centimeter
/Record/Section/1/Section/14/TOCHeading,string,Melting Point
/Record/Section/1/Section/14/Description,string,"This section provides the melting point and/or freezing point. The melting point is the temperature at which a substance changes state from solid to liquid at atmospheric pressure. When considered as the temperature of the reverse change (from liquid to solid), it is referred to as the freezing point."
/Record/Section/1/Section/14/URL,string,https://chem.libretexts.org/Bookshelves/Organic_Chemistry/Organic_Chemistry_Lab_Techniques_(Nichols)/06%3A_Miscellaneous_Techniques/6.01%3A_Melting_Point
/Record/Section/1/Section/14/Information/0/ReferenceNumber,number,5
/Record/Section/1/Section/14/Information/0/Value/StringWithMarkup/0/String,string,302.91 K (29.76°C or 85.57°F)
/Record/Section/1/Section/14/Information/1/ReferenceNumber,number,6
/Record/Section/1/Section/14/Information/1/Value/StringWithMarkup/0/String,string,29.76°C
/Record/Section/1/Section/15/TOCHeading,string,Boiling Point
/Record/Section/1/Section/15/Description,string,The temperature at which this element changes state from liquid to gas at a given atmospheric pressure.
/Record/Section/1/Section/15/URL,string,https://chem.libretexts.org/Bookshelves/Organic_Chemistry/Organic_Chemistry_Lab_Techniques_(Nichols)/06%3A_Miscellaneous_Techniques/6.02%3A_Boiling_Point
/Record/Section/1/Section/15/Information/0/ReferenceNumber,number,5
/Record/Section/1/Section/15/Information/0/Value/StringWithMarkup/0/String,string,2477 K (2204°C or 3999°F)
/Record/Section/1/Section/15/Information/1/ReferenceNumber,number,6
/Record/Section/1/Section/15/Information/1/Value/StringWithMarkup/0/String,string,2400°C
/Record/Section/1/Section/16/TOCHeading,string,Estimated Crustal Abundance
/Record/Section/1/Section/16/Description,string,The estimated element abundance in the earth's crust.
/Record/Section/1/Section/16/Information/0/ReferenceNumber,number,5
/Record/Section/1/Section/16/Information/0/Value/StringWithMarkup/0/String,string,1.9×101 milligrams per kilogram
/Record/Section/1/Section/16/Information/0/Value/StringWithMarkup/0/Markup/0/Start,number,6
/Record/Section/1/Section/16/Information/0/Value/StringWithMarkup/0/Markup/0/Length,number,1
/Record/Section/1/Section/16/Information/0/Value/StringWithMarkup/0/Markup/0/Type,string,Superscript
/Record/Section/1/Section/17/TOCHeading,string,Estimated Oceanic Abundance
/Record/Section/1/Section/17/Description,string,The estimated element abundance in the earth's oceans.
/Record/Section/1/Section/17/Information/0/ReferenceNumber,number,5
/Record/Section/1/Section/17/Information/0/Value/StringWithMarkup/0/String,string,3×10-5 milligrams per liter
/Record/Section/1/Section/17/Information/0/Value/StringWithMarkup/0/Markup/0/Start,number,4
/Record/Section/1/Section/17/Information/0/Value/StringWithMarkup/0/Markup/0/Length,number,2
/Record/Section/1/Section/17/Information/0/Value/StringWithMarkup/0/Markup/0/Type,string,Superscript
/Record/Section/2/TOCHeading,string,History
/Record/Section/2/Description,string,The history of the discovery and use of this element.
/Record/Section/2/Information/0/ReferenceNumber,number,3
/Record/Section/2/Information/0/Name,string,History
/Record/Section/2/Information/0/Value/StringWithMarkup/0/String,string,The name derives from the Latin gallia for France. It was discovered in zinc blende by the French chemist Paul-Emile Lecoq de Boisbaudran in 1875. It was first isolated in 1878 by Lecoq de Boisbaudran and the French chemist Émile-Clément Jungflesch.
/Record/Section/2/Information/0/Value/StringWithMarkup/0/Markup/0/Start,number,32
/Record/Section/2/Information/0/Value/StringWithMarkup/0/Markup/0/Length,number,6
/Record/Section/2/Information/0/Value/StringWithMarkup/0/Markup/0/Type,string,Italics
/Record/Section/2/Information/1/ReferenceNumber,number,5
/Record/Section/2/Information/1/Value/StringWithMarkup/0/String,string,"First proposed to exist by Dmitri Mendeleyev in 1871 based on gaps in his newly created Periodic Table of Elements, gallium was discovered spectroscopically by the French chemist Paul-Émile Lecoq de Boisbaudran in 1875. Later that same year, Lecoq was able to obtain pure gallium through the electrolysis of a solution of gallium hydroxide (Ga(OH)3) in potassium hydroxide (KOH). Trace amounts of gallium are found in diaspore, sphalerite, germanite and bauxite as well as in the byproducts of burning coal."
/Record/Section/2/Information/1/Value/StringWithMarkup/0/Markup/0/Start,number,347
/Record/Section/2/Information/1/Value/StringWithMarkup/0/Markup/0/Length,number,1
/Record/Section/2/Information/1/Value/StringWithMarkup/0/Markup/0/Type,string,Subscript
/Record/Section/2/Information/1/Value/StringWithMarkup/0/Markup/1/Start,number,88
/Record/Section/2/Information/1/Value/StringWithMarkup/0/Markup/1/Length,number,14
/Record/Section/2/Information/1/Value/StringWithMarkup/0/Markup/1/URL,string,https://pubchem.ncbi.nlm.nih.gov/ptable
/Record/Section/2/Information/2/ReferenceNumber,number,6
/Record/Section/2/Information/2/Value/StringWithMarkup/0/String,string,"From the Latin word Gallia, France; also from Latin, gallus, a translation of ""Lecoq,"" a cock. Predicted and described by Mendeleev as ekaaluminum, and discovered spectroscopically by Lecoq de Boisbaudran in 1875, who in the same year obtained the free metal by electrolysis of a solution of the hydroxide in KOH."
/Record/Section/2/Section/0/TOCHeading,string,Historical Atomic Weights
/Record/Section/2/Section/0/Description,string,This section provides the historical atomic weights. The atomic weight shown in brackets means the value range while others shown with uncertainty in parenthesis.
/Record/Section/2/Section/0/DisplayControls/CreateTable/FromInformationIn,string,ThisSection
/Record/Section/2/Section/0/DisplayControls/CreateTable/NumberOfColumns,number,3
/Record/Section/2/Section/0/DisplayControls/CreateTable/ColumnsFromNamedLists/Name/0,string,Year
/Record/Section/2/Section/0/DisplayControls/CreateTable/ColumnsFromNamedLists/Name/1,string,Atomic Weight (uncertainty) [u]
/Record/Section/2/Section/0/DisplayControls/CreateTable/ColumnsFromNamedLists/Name/2,string,Reference
/Record/Section/2/Section/0/DisplayControls/CreateTable/ColumnsFromNamedLists/UseNamesAsColumnHeadings,boolean,true
/Record/Section/2/Section/0/Information/0/ReferenceNumber,number,3
/Record/Section/2/Section/0/Information/0/Name,string,Year
/Record/Section/2/Section/0/Information/0/Value/StringWithMarkup/0/String,string,1987
/Record/Section/2/Section/0/Information/0/Value/StringWithMarkup/1/String,string,1983
/Record/Section/2/Section/0/Information/0/Value/StringWithMarkup/2/String,string,1969
/Record/Section/2/Section/0/Information/0/Value/StringWithMarkup/3/String,string,1925
/Record/Section/2/Section/0/Information/0/Value/StringWithMarkup/4/String,string,1920
/Record/Section/2/Section/0/Information/0/Value/StringWithMarkup/5/String,string,1909
/Record/Section/2/Section/0/Information/0/Value/StringWithMarkup/6/String,string,1902
/Record/Section/2/Section/0/Information/1/ReferenceNumber,number,3
/Record/Section/2/Section/0/Information/1/Name,string,Atomic Weight (uncertainty)
/Record/Section/2/Section/0/Information/1/Value/StringWithMarkup/0/String,string,69.723(1)
/Record/Section/2/Section/0/Information/1/Value/StringWithMarkup/1/String,string,69.723(4)
/Record/Section/2/Section/0/Information/1/Value/StringWithMarkup/2/String,string,69.72(1)
/Record/Section/2/Section/0/Information/1/Value/StringWithMarkup/3/String,string,69.72
/Record/Section/2/Section/0/Information/1/Value/StringWithMarkup/4/String,string,70.1
/Record/Section/2/Section/0/Information/1/Value/StringWithMarkup/5/String,string,69.9
/Record/Section/2/Section/0/Information/1/Value/StringWithMarkup/6/String,string,70.0
/Record/Section/2/Section/0/Information/2/ReferenceNumber,number,3
/Record/Section/2/Section/0/Information/2/Name,string,Reference
/Record/Section/2/Section/0/Information/2/Value/StringWithMarkup/0/String,string,doi:10.1351/pac198860060841
/Record/Section/2/Section/0/Information/2/Value/StringWithMarkup/0/Markup/0/Start,number,0
/Record/Section/2/Section/0/Information/2/Value/StringWithMarkup/0/Markup/0/Length,number,27
/Record/Section/2/Section/0/Information/2/Value/StringWithMarkup/0/Markup/0/URL,string,https://doi.org/10.1351/pac198860060841
/Record/Section/2/Section/0/Information/2/Value/StringWithMarkup/1/String,string,doi:10.1351/pac198456060653
/Record/Section/2/Section/0/Information/2/Value/StringWithMarkup/1/Markup/0/Start,number,0
/Record/Section/2/Section/0/Information/2/Value/StringWithMarkup/1/Markup/0/Length,number,27
/Record/Section/2/Section/0/Information/2/Value/StringWithMarkup/1/Markup/0/URL,string,https://doi.org/10.1351/pac198456060653
/Record/Section/2/Section/0/Information/2/Value/StringWithMarkup/2/String,string,doi:10.1351/pac197021010091
/Record/Section/2/Section/0/Information/2/Value/StringWithMarkup/2/Markup/0/Start,number,0
/Record/Section/2/Section/0/Information/2/Value/StringWithMarkup/2/Markup/0/Length,number,27
/Record/Section/2/Section/0/Information/2/Value/StringWithMarkup/2/Markup/0/URL,string,https://doi.org/10.1351/pac197021010091
/Record/Section/2/Section/0/Information/2/Value/StringWithMarkup/3/String,string,doi:10.1039/CT9252700913
/Record/Section/2/Section/0/Information/2/Value/StringWithMarkup/3/Markup/0/Start,number,0
/Record/Section/2/Section/0/Information/2/Value/StringWithMarkup/3/Markup/0/Length,number,24
/Record/Section/2/Section/0/Information/2/Value/StringWithMarkup/3/Markup/0/URL,string,https://doi.org/10.1039/CT9252700913
/Record/Section/2/Section/0/Information/2/Value/StringWithMarkup/4/String,string,doi:10.1021/ja02233a600
/Record/Section/2/Section/0/Information/2/Value/StringWithMarkup/4/Markup/0/Start,number,0
/Record/Section/2/Section/0/Information/2/Value/StringWithMarkup/4/Markup/0/Length,number,23
/Record/Section/2/Section/0/Information/2/Value/StringWithMarkup/4/Markup/0/URL,string,https://doi.org/10.1021/ja02233a600
/Record/Section/2/Section/0/Information/2/Value/StringWithMarkup/5/String,string,doi:10.1021/ja01931a001
/Record/Section/2/Section/0/Information/2/Value/StringWithMarkup/5/Markup/0/Start,number,0
/Record/Section/2/Section/0/Information/2/Value/StringWithMarkup/5/Markup/0/Length,number,23
/Record/Section/2/Section/0/Information/2/Value/StringWithMarkup/5/Markup/0/URL,string,https://doi.org/10.1021/ja01931a001
/Record/Section/2/Section/0/Information/2/Value/StringWithMarkup/6/String,string,doi:10.1007/BF01370337
/Record/Section/2/Section/0/Information/2/Value/StringWithMarkup/6/Markup/0/Start,number,0
/Record/Section/2/Section/0/Information/2/Value/StringWithMarkup/6/Markup/0/Length,number,22
/Record/Section/2/Section/0/Information/2/Value/StringWithMarkup/6/Markup/0/URL,string,https://doi.org/10.1007/BF01370337
/Record/Section/2/Section/1/TOCHeading,string,Historical Isotopic Abundances
/Record/Section/2/Section/1/Description,string,This section provides the historical isotopic abundance information. The abundance value shown in brackets means the value range while others shown with uncertainty in parenthesis.
/Record/Section/2/Section/1/DisplayControls/CreateTable/FromInformationIn,string,ThisSection
/Record/Section/2/Section/1/DisplayControls/CreateTable/NumberOfColumns,number,4
/Record/Section/2/Section/1/DisplayControls/CreateTable/ColumnsFromNamedLists/Name/0,string,Year
/Record/Section/2/Section/1/DisplayControls/CreateTable/ColumnsFromNamedLists/Name/1,string,Isotope
/Record/Section/2/Section/1/DisplayControls/CreateTable/ColumnsFromNamedLists/Name/2,string,Abundance (uncertainty)
/Record/Section/2/Section/1/DisplayControls/CreateTable/ColumnsFromNamedLists/Name/3,string,Reference
/Record/Section/2/Section/1/DisplayControls/CreateTable/ColumnsFromNamedLists/UseNamesAsColumnHeadings,boolean,true
/Record/Section/2/Section/1/Information/0/ReferenceNumber,number,3
/Record/Section/2/Section/1/Information/0/Name,string,Year
/Record/Section/2/Section/1/Information/0/Value/StringWithMarkup/0/String,string,2013
/Record/Section/2/Section/1/Information/0/Value/StringWithMarkup/1/String,string,2013
/Record/Section/2/Section/1/Information/0/Value/StringWithMarkup/2/String,string,1989
/Record/Section/2/Section/1/Information/0/Value/StringWithMarkup/3/String,string,1989
/Record/Section/2/Section/1/Information/0/Value/StringWithMarkup/4/String,string,1981
/Record/Section/2/Section/1/Information/0/Value/StringWithMarkup/5/String,string,1981
/Record/Section/2/Section/1/Information/0/Value/StringWithMarkup/6/String,string,1975
/Record/Section/2/Section/1/Information/0/Value/StringWithMarkup/7/String,string,1975
/Record/Section/2/Section/1/Information/1/ReferenceNumber,number,3
/Record/Section/2/Section/1/Information/1/Name,string,Isotope
/Record/Section/2/Section/1/Information/1/Value/StringWithMarkup/0/String,string,69Ga
/Record/Section/2/Section/1/Information/1/Value/StringWithMarkup/0/Markup/0/Start,number,0
/Record/Section/2/Section/1/Information/1/Value/StringWithMarkup/0/Markup/0/Length,number,2
/Record/Section/2/Section/1/Information/1/Value/StringWithMarkup/0/Markup/0/Type,string,Superscript
/Record/Section/2/Section/1/Information/1/Value/StringWithMarkup/1/String,string,71Ga
/Record/Section/2/Section/1/Information/1/Value/StringWithMarkup/1/Markup/0/Start,number,0
/Record/Section/2/Section/1/Information/1/Value/StringWithMarkup/1/Markup/0/Length,number,2
/Record/Section/2/Section/1/Information/1/Value/StringWithMarkup/1/Markup/0/Type,string,Superscript
/Record/Section/2/Section/1/Information/1/Value/StringWithMarkup/2/String,string,69Ga
/Record/Section/2/Section/1/Information/1/Value/StringWithMarkup/2/Markup/0/Start,number,0
/Record/Section/2/Section/1/Information/1/Value/StringWithMarkup/2/Markup/0/Length,number,2
/Record/Section/2/Section/1/Information/1/Value/StringWithMarkup/2/Markup/0/Type,string,Superscript
/Record/Section/2/Section/1/Information/1/Value/StringWithMarkup/3/String,string,71Ga
/Record/Section/2/Section/1/Information/1/Value/StringWithMarkup/3/Markup/0/Start,number,0
/Record/Section/2/Section/1/Information/1/Value/StringWithMarkup/3/Markup/0/Length,number,2
/Record/Section/2/Section/1/Information/1/Value/StringWithMarkup/3/Markup/0/Type,string,Superscript
/Record/Section/2/Section/1/Information/1/Value/StringWithMarkup/4/String,string,69Ga
/Record/Section/2/Section/1/Information/1/Value/StringWithMarkup/4/Markup/0/Start,number,0
/Record/Section/2/Section/1/Information/1/Value/StringWithMarkup/4/Markup/0/Length,number,2
/Record/Section/2/Section/1/Information/1/Value/StringWithMarkup/4/Markup/0/Type,string,Superscript
/Record/Section/2/Section/1/Information/1/Value/StringWithMarkup/5/String,string,71Ga
/Record/Section/2/Section/1/Information/1/Value/StringWithMarkup/5/Markup/0/Start,number,0
/Record/Section/2/Section/1/Information/1/Value/StringWithMarkup/5/Markup/0/Length,number,2
/Record/Section/2/Section/1/Information/1/Value/StringWithMarkup/5/Markup/0/Type,string,Superscript
/Record/Section/2/Section/1/Information/1/Value/StringWithMarkup/6/String,string,69Ga
/Record/Section/2/Section/1/Information/1/Value/StringWithMarkup/6/Markup/0/Start,number,0
/Record/Section/2/Section/1/Information/1/Value/StringWithMarkup/6/Markup/0/Length,number,2
/Record/Section/2/Section/1/Information/1/Value/StringWithMarkup/6/Markup/0/Type,string,Superscript
/Record/Section/2/Section/1/Information/1/Value/StringWithMarkup/7/String,string,71Ga
/Record/Section/2/Section/1/Information/1/Value/StringWithMarkup/7/Markup/0/Start,number,0
/Record/Section/2/Section/1/Information/1/Value/StringWithMarkup/7/Markup/0/Length,number,2
/Record/Section/2/Section/1/Information/1/Value/StringWithMarkup/7/Markup/0/Type,string,Superscript
/Record/Section/2/Section/1/Information/2/ReferenceNumber,number,3
/Record/Section/2/Section/1/Information/2/Name,string,Abundance (uncertainty)
/Record/Section/2/Section/1/Information/2/Value/StringWithMarkup/0/String,string,0.601 08(50)
/Record/Section/2/Section/1/Information/2/Value/StringWithMarkup/1/String,string,0.398 92(50)
/Record/Section/2/Section/1/Information/2/Value/StringWithMarkup/2/String,string,0.601 08(9)
/Record/Section/2/Section/1/Information/2/Value/StringWithMarkup/3/String,string,0.398 92(9)
/Record/Section/2/Section/1/Information/2/Value/StringWithMarkup/4/String,string,0.601(2)
/Record/Section/2/Section/1/Information/2/Value/StringWithMarkup/5/String,string,0.399(2)
/Record/Section/2/Section/1/Information/2/Value/StringWithMarkup/6/String,string,0.6
/Record/Section/2/Section/1/Information/2/Value/StringWithMarkup/7/String,string,0.4
/Record/Section/2/Section/1/Information/3/ReferenceNumber,number,3
/Record/Section/2/Section/1/Information/3/Name,string,Reference
/Record/Section/2/Section/1/Information/3/Value/StringWithMarkup/0/String,string,doi:10.1515/pac-2015-0503
/Record/Section/2/Section/1/Information/3/Value/StringWithMarkup/0/Markup/0/Start,number,0
/Record/Section/2/Section/1/Information/3/Value/StringWithMarkup/0/Markup/0/Length,number,25
/Record/Section/2/Section/1/Information/3/Value/StringWithMarkup/0/Markup/0/URL,string,https://doi.org/10.1515/pac-2015-0503
/Record/Section/2/Section/1/Information/3/Value/StringWithMarkup/1/String,string,doi:10.1515/pac-2015-0503
/Record/Section/2/Section/1/Information/3/Value/StringWithMarkup/1/Markup/0/Start,number,0
/Record/Section/2/Section/1/Information/3/Value/StringWithMarkup/1/Markup/0/Length,number,25
/Record/Section/2/Section/1/Information/3/Value/StringWithMarkup/1/Markup/0/URL,string,https://doi.org/10.1515/pac-2015-0503
/Record/Section/2/Section/1/Information/3/Value/StringWithMarkup/2/String,string,doi:10.1351/pac199163070991
/Record/Section/2/Section/1/Information/3/Value/StringWithMarkup/2/Markup/0/Start,number,0
/Record/Section/2/Section/1/Information/3/Value/StringWithMarkup/2/Markup/0/Length,number,27
/Record/Section/2/Section/1/Information/3/Value/StringWithMarkup/2/Markup/0/URL,string,https://doi.org/10.1351/pac199163070991
/Record/Section/2/Section/1/Information/3/Value/StringWithMarkup/3/String,string,doi:10.1351/pac199163070991
/Record/Section/2/Section/1/Information/3/Value/StringWithMarkup/3/Markup/0/Start,number,0
/Record/Section/2/Section/1/Information/3/Value/StringWithMarkup/3/Markup/0/Length,number,27
/Record/Section/2/Section/1/Information/3/Value/StringWithMarkup/3/Markup/0/URL,string,https://doi.org/10.1351/pac199163070991
/Record/Section/2/Section/1/Information/3/Value/StringWithMarkup/4/String,string,doi:10.1351/pac198355071119
/Record/Section/2/Section/1/Information/3/Value/StringWithMarkup/4/Markup/0/Start,number,0
/Record/Section/2/Section/1/Information/3/Value/StringWithMarkup/4/Markup/0/Length,number,27
/Record/Section/2/Section/1/Information/3/Value/StringWithMarkup/4/Markup/0/URL,string,https://doi.org/10.1351/pac198355071119
/Record/Section/2/Section/1/Information/3/Value/StringWithMarkup/5/String,string,doi:10.1351/pac198355071119
/Record/Section/2/Section/1/Information/3/Value/StringWithMarkup/5/Markup/0/Start,number,0
/Record/Section/2/Section/1/Information/3/Value/StringWithMarkup/5/Markup/0/Length,number,27
/Record/Section/2/Section/1/Information/3/Value/StringWithMarkup/5/Markup/0/URL,string,https://doi.org/10.1351/pac198355071119
/Record/Section/2/Section/1/Information/3/Value/StringWithMarkup/6/String,string,doi:10.1351/pac197647010075
/Record/Section/2/Section/1/Information/3/Value/StringWithMarkup/6/Markup/0/Start,number,0
/Record/Section/2/Section/1/Information/3/Value/StringWithMarkup/6/Markup/0/Length,number,27
/Record/Section/2/Section/1/Information/3/Value/StringWithMarkup/6/Markup/0/URL,string,https://doi.org/10.1351/pac197647010075
/Record/Section/2/Section/1/Information/3/Value/StringWithMarkup/7/String,string,doi:10.1351/pac197647010075
/Record/Section/2/Section/1/Information/3/Value/StringWithMarkup/7/Markup/0/Start,number,0
/Record/Section/2/Section/1/Information/3/Value/StringWithMarkup/7/Markup/0/Length,number,27
/Record/Section/2/Section/1/Information/3/Value/StringWithMarkup/7/Markup/0/URL,string,https://doi.org/10.1351/pac197647010075
/Record/Section/3/TOCHeading,string,Description
/Record/Section/3/Description,string,"A short description of this element, provided by authoritative sources."
/Record/Section/3/Information/0/ReferenceNumber,number,6
/Record/Section/3/Information/0/Value/StringWithMarkup/0/String,string,"It is one of four metals  mercury, cesium, and rubidium  which can be liquid near room temperature and, thus, can be used in high-temperature thermometers. It has one of the longest liquid ranges of any metal and has a low vapor pressure even at high temperatures."
/Record/Section/3/Information/0/Value/StringWithMarkup/1/String,string,"There is a strong tendency for gallium to supercool below its freezing point. Therefore, seeding may be necessary to initiate solidification."
/Record/Section/3/Information/0/Value/StringWithMarkup/2/String,string,"Ultra-pure gallium has a beautiful, silvery appearance, and the solid metal exhibits a conchoidal fracture similar to glass. The metal expands 3.1 percent on solidifying; therefore, it should not be stored in glass or metal containers, because they may break as the metal solidifies."
/Record/Section/3/Information/0/Value/StringWithMarkup/3/String,string,High-purity gallium is attacked only slowly by mineral acids.
/Record/Section/4/TOCHeading,string,Uses
/Record/Section/4/Description,string,Uses of this element in industry and other fields.
/Record/Section/4/Information/0/ReferenceNumber,number,5
/Record/Section/4/Information/0/Value/StringWithMarkup/0/String,string,"Gallium melts near room temperature and has one of the largest liquid ranges of any metal, so it has found use in high temperature thermometers. Gallium easily forms alloys with most metals and has been used to create low melting alloys. Gallium is used as a doping material for semiconductors and has been used to produce solid-state items like transistors and light emitting diodes. Gallium arsenide (GaAs) can produce laser light directly from electricity. Large amounts of gallium trichloride (GaCl3) have been gathered to build the Gallium Neutrino Observatory, an observatory located in Italy built to study particles called neutrinos which are produced inside the sun during the process of nuclear fusion."
/Record/Section/4/Information/0/Value/StringWithMarkup/0/Markup/0/Start,number,502
/Record/Section/4/Information/0/Value/StringWithMarkup/0/Markup/0/Length,number,1
/Record/Section/4/Information/0/Value/StringWithMarkup/0/Markup/0/Type,string,Subscript
/Record/Section/4/Information/1/ReferenceNumber,number,6
/Record/Section/4/Information/1/Value/StringWithMarkup/0/String,string,Gallium wets glass or porcelain and forms a brilliant mirror when it is painted on glass. It is widely used in doping semiconductors and producing solid-state devices such as transistors.
/Record/Section/4/Information/1/Value/StringWithMarkup/1/String,string,"Magnesium gallate containing divalent impurities, such as Mn+2, is finding use in commercial ultraviolet-activated powder phosphors. Gallium arsenide is capable of converting electricity directly into coherent light. Gallium readily alloys with most metals, and has been used as a component in low-melting alloys."
/Record/Section/4/Information/1/Value/StringWithMarkup/1/Markup/0/Start,number,60
/Record/Section/4/Information/1/Value/StringWithMarkup/1/Markup/0/Length,number,2
/Record/Section/4/Information/1/Value/StringWithMarkup/1/Markup/0/Type,string,Superscript
/Record/Section/5/TOCHeading,string,Sources
/Record/Section/5/Description,string,Sources of this element.
/Record/Section/5/Information/0/ReferenceNumber,number,6
/Record/Section/5/Information/0/Value/StringWithMarkup/0/String,string,"Gallium is often found as a trace element in diaspore, sphalerite, germanite, bauxite, and coal. Some flue dusts from burning coal have been shown to contain as much 1.5 percent gallium."
/Record/Section/6/TOCHeading,string,Compounds
/Record/Section/6/Description,string,Compound records related to this element.
/Record/Section/6/Information/0/ReferenceNumber,number,8
/Record/Section/6/Information/0/Name,string,Compounds
/Record/Section/6/Information/0/URL,string,https://pubchem.ncbi.nlm.nih.gov/#query=Gallium
/Record/Section/6/Information/0/Value/StringWithMarkup/0/String,string,See more information at the Gallium compound page.
/Record/Section/6/Section/0/TOCHeading,string,Element Forms
/Record/Section/6/Section/0/Description,string,"Other forms of this element, including ions, isotopes, etc."
/Record/Section/6/Section/0/DisplayControls/CreateTable/FromInformationIn,string,ThisSection
/Record/Section/6/Section/0/DisplayControls/CreateTable/NumberOfColumns,number,5
/Record/Section/6/Section/0/DisplayControls/CreateTable/ColumnsFromNamedLists/Name/0,string,CID
/Record/Section/6/Section/0/DisplayControls/CreateTable/ColumnsFromNamedLists/Name/1,string,Name
/Record/Section/6/Section/0/DisplayControls/CreateTable/ColumnsFromNamedLists/Name/2,string,Formula
/Record/Section/6/Section/0/DisplayControls/CreateTable/ColumnsFromNamedLists/Name/3,string,SMILES
/Record/Section/6/Section/0/DisplayControls/CreateTable/ColumnsFromNamedLists/Name/4,string,Molecular Weight
/Record/Section/6/Section/0/DisplayControls/CreateTable/ColumnsFromNamedLists/UseNamesAsColumnHeadings,boolean,true
/Record/Section/6/Section/0/Information/0/ReferenceNumber,number,8
/Record/Section/6/Section/0/Information/0/Name,string,CID
/Record/Section/6/Section/0/Information/0/Value/StringWithMarkup/0/String,string,5360835
/Record/Section/6/Section/0/Information/0/Value/StringWithMarkup/0/Markup/0/Start,number,0
/Record/Section/6/Section/0/Information/0/Value/StringWithMarkup/0/Markup/0/Length,number,7
/Record/Section/6/Section/0/Information/0/Value/StringWithMarkup/0/Markup/0/URL,string,https://pubchem.ncbi.nlm.nih.gov/compound/5360835
/Record/Section/6/Section/0/Information/0/Value/StringWithMarkup/1/String,string,105145
/Record/Section/6/Section/0/Information/0/Value/StringWithMarkup/1/Markup/0/Start,number,0
/Record/Section/6/Section/0/Information/0/Value/StringWithMarkup/1/Markup/0/Length,number,6
/Record/Section/6/Section/0/Information/0/Value/StringWithMarkup/1/Markup/0/URL,string,https://pubchem.ncbi.nlm.nih.gov/compound/105145
/Record/Section/6/Section/0/Information/0/Value/StringWithMarkup/2/String,string,5464084
/Record/Section/6/Section/0/Information/0/Value/StringWithMarkup/2/Markup/0/Start,number,0
/Record/Section/6/Section/0/Information/0/Value/StringWithMarkup/2/Markup/0/Length,number,7
/Record/Section/6/Section/0/Information/0/Value/StringWithMarkup/2/Markup/0/URL,string,https://pubchem.ncbi.nlm.nih.gov/compound/5464084
/Record/Section/6/Section/0/Information/0/Value/StringWithMarkup/3/String,string,6337047
/Record/Section/6/Section/0/Information/0/Value/StringWithMarkup/3/Markup/0/Start,number,0
/Record/Section/6/Section/0/Information/0/Value/StringWithMarkup/3/Markup/0/Length,number,7
/Record/Section/6/Section/0/Information/0/Value/StringWithMarkup/3/Markup/0/URL,string,https://pubchem.ncbi.nlm.nih.gov/compound/6337047
/Record/Section/6/Section/0/Information/0/Value/StringWithMarkup/4/String,string,5488452
/Record/Section/6/Section/0/Information/0/Value/StringWithMarkup/4/Markup/0/Start,number,0
/Record/Section/6/Section/0/Information/0/Value/StringWithMarkup/4/Markup/0/Length,number,7
/Record/Section/6/Section/0/Information/0/Value/StringWithMarkup/4/Markup/0/URL,string,https://pubchem.ncbi.nlm.nih.gov/compound/5488452
/Record/Section/6/Section/0/Information/0/Value/StringWithMarkup/5/String,string,6336609
/Record/Section/6/Section/0/Information/0/Value/StringWithMarkup/5/Markup/0/Start,number,0
/Record/Section/6/Section/0/Information/0/Value/StringWithMarkup/5/Markup/0/Length,number,7
/Record/Section/6/Section/0/Information/0/Value/StringWithMarkup/5/Markup/0/URL,string,https://pubchem.ncbi.nlm.nih.gov/compound/6336609
/Record/Section/6/Section/0/Information/0/Value/StringWithMarkup/6/String,string,6337616
/Record/Section/6/Section/0/Information/0/Value/StringWithMarkup/6/Markup/0/Start,number,0
/Record/Section/6/Section/0/Information/0/Value/StringWithMarkup/6/Markup/0/Length,number,7
/Record/Section/6/Section/0/Information/0/Value/StringWithMarkup/6/Markup/0/URL,string,https://pubchem.ncbi.nlm.nih.gov/compound/6337616
/Record/Section/6/Section/0/Information/0/Value/StringWithMarkup/7/String,string,44151867
/Record/Section/6/Section/0/Information/0/Value/StringWithMarkup/7/Markup/0/Start,number,0
/Record/Section/6/Section/0/Information/0/Value/StringWithMarkup/7/Markup/0/Length,number,8
/Record/Section/6/Section/0/Information/0/Value/StringWithMarkup/7/Markup/0/URL,string,https://pubchem.ncbi.nlm.nih.gov/compound/44151867
/Record/Section/6/Section/0/Information/0/Value/StringWithMarkup/8/String,string,6337546
/Record/Section/6/Section/0/Information/0/Value/StringWithMarkup/8/Markup/0/Start,number,0
/Record/Section/6/Section/0/Information/0/Value/StringWithMarkup/8/Markup/0/Length,number,7
/Record/Section/6/Section/0/Information/0/Value/StringWithMarkup/8/Markup/0/URL,string,https://pubchem.ncbi.nlm.nih.gov/compound/6337546
/Record/Section/6/Section/0/Information/0/Value/StringWithMarkup/9/String,string,6337567
/Record/Section/6/Section/0/Information/0/Value/StringWithMarkup/9/Markup/0/Start,number,0
/Record/Section/6/Section/0/Information/0/Value/StringWithMarkup/9/Markup/0/Length,number,7
/Record/Section/6/Section/0/Information/0/Value/StringWithMarkup/9/Markup/0/URL,string,https://pubchem.ncbi.nlm.nih.gov/compound/6337567
/Record/Section/6/Section/0/Information/0/Value/StringWithMarkup/10/String,string,6337602
/Record/Section/6/Section/0/Information/0/Value/StringWithMarkup/10/Markup/0/Start,number,0
/Record/Section/6/Section/0/Information/0/Value/StringWithMarkup/10/Markup/0/Length,number,7
/Record/Section/6/Section/0/Information/0/Value/StringWithMarkup/10/Markup/0/URL,string,https://pubchem.ncbi.nlm.nih.gov/compound/6337602
/Record/Section/6/Section/0/Information/0/Value/StringWithMarkup/11/String,string,11240419
/Record/Section/6/Section/0/Information/0/Value/StringWithMarkup/11/Markup/0/Start,number,0
/Record/Section/6/Section/0/Information/0/Value/StringWithMarkup/11/Markup/0/Length,number,8
/Record/Section/6/Section/0/Information/0/Value/StringWithMarkup/11/Markup/0/URL,string,https://pubchem.ncbi.nlm.nih.gov/compound/11240419
/Record/Section/6/Section/0/Information/0/Value/StringWithMarkup/12/String,string,11457651
/Record/Section/6/Section/0/Information/0/Value/StringWithMarkup/12/Markup/0/Start,number,0
/Record/Section/6/Section/0/Information/0/Value/StringWithMarkup/12/Markup/0/Length,number,8
/Record/Section/6/Section/0/Information/0/Value/StringWithMarkup/12/Markup/0/URL,string,https://pubchem.ncbi.nlm.nih.gov/compound/11457651
/Record/Section/6/Section/0/Information/0/Value/StringWithMarkup/13/String,string,11147669
/Record/Section/6/Section/0/Information/0/Value/StringWithMarkup/13/Markup/0/Start,number,0
/Record/Section/6/Section/0/Information/0/Value/StringWithMarkup/13/Markup/0/Length,number,8
/Record/Section/6/Section/0/Information/0/Value/StringWithMarkup/13/Markup/0/URL,string,https://pubchem.ncbi.nlm.nih.gov/compound/11147669
/Record/Section/6/Section/0/Information/0/Value/StringWithMarkup/14/String,string,11665394
/Record/Section/6/Section/0/Information/0/Value/StringWithMarkup/14/Markup/0/Start,number,0
/Record/Section/6/Section/0/Information/0/Value/StringWithMarkup/14/Markup/0/Length,number,8
/Record/Section/6/Section/0/Information/0/Value/StringWithMarkup/14/Markup/0/URL,string,https://pubchem.ncbi.nlm.nih.gov/compound/11665394
/Record/Section/6/Section/0/Information/0/Value/StringWithMarkup/15/String,string,25008869
/Record/Section/6/Section/0/Information/0/Value/StringWithMarkup/15/Markup/0/Start,number,0
/Record/Section/6/Section/0/Information/0/Value/StringWithMarkup/15/Markup/0/Length,number,8
/Record/Section/6/Section/0/Information/0/Value/StringWithMarkup/15/Markup/0/URL,string,https://pubchem.ncbi.nlm.nih.gov/compound/25008869
/Record/Section/6/Section/0/Information/1/ReferenceNumber,number,8
/Record/Section/6/Section/0/Information/1/Name,string,Name
/Record/Section/6/Section/0/Information/1/Value/StringWithMarkup/0/String,string,gallium
/Record/Section/6/Section/0/Information/1/Value/StringWithMarkup/1/String,string,gallium(3+)
/Record/Section/6/Section/0/Information/1/Value/StringWithMarkup/2/String,string,gallium-67
/Record/Section/6/Section/0/Information/1/Value/StringWithMarkup/3/String,string,gallium-69
/Record/Section/6/Section/0/Information/1/Value/StringWithMarkup/4/String,string,gallium-68
/Record/Section/6/Section/0/Information/1/Value/StringWithMarkup/5/String,string,gallium-72
/Record/Section/6/Section/0/Information/1/Value/StringWithMarkup/6/String,string,gallium-66
/Record/Section/6/Section/0/Information/1/Value/StringWithMarkup/7/String,string,gallium-71
/Record/Section/6/Section/0/Information/1/Value/StringWithMarkup/8/String,string,gallium-70
/Record/Section/6/Section/0/Information/1/Value/StringWithMarkup/9/String,string,gallium-73
/Record/Section/6/Section/0/Information/1/Value/StringWithMarkup/10/String,string,gallium-65
/Record/Section/6/Section/0/Information/1/Value/StringWithMarkup/11/String,string,gallium-67(3+)
/Record/Section/6/Section/0/Information/1/Value/StringWithMarkup/12/String,string,gallium-68(3+)
/Record/Section/6/Section/0/Information/1/Value/StringWithMarkup/13/String,string,gallium-66(3+)
/Record/Section/6/Section/0/Information/1/Value/StringWithMarkup/14/String,string,gallium-64
/Record/Section/6/Section/0/Information/1/Value/StringWithMarkup/15/String,string,gallium-62
/Record/Section/6/Section/0/Information/2/ReferenceNumber,number,8
/Record/Section/6/Section/0/Information/2/Name,string,Formula
/Record/Section/6/Section/0/Information/2/Value/StringWithMarkup/0/String,string,Ga
/Record/Section/6/Section/0/Information/2/Value/StringWithMarkup/1/String,string,Ga+3
/Record/Section/6/Section/0/Information/2/Value/StringWithMarkup/2/String,string,Ga
/Record/Section/6/Section/0/Information/2/Value/StringWithMarkup/3/String,string,Ga
/Record/Section/6/Section/0/Information/2/Value/StringWithMarkup/4/String,string,Ga
/Record/Section/6/Section/0/Information/2/Value/StringWithMarkup/5/String,string,Ga
/Record/Section/6/Section/0/Information/2/Value/StringWithMarkup/6/String,string,Ga
/Record/Section/6/Section/0/Information/2/Value/StringWithMarkup/7/String,string,Ga
/Record/Section/6/Section/0/Information/2/Value/StringWithMarkup/8/String,string,Ga
/Record/Section/6/Section/0/Information/2/Value/StringWithMarkup/9/String,string,Ga
/Record/Section/6/Section/0/Information/2/Value/StringWithMarkup/10/String,string,Ga
/Record/Section/6/Section/0/Information/2/Value/StringWithMarkup/11/String,string,Ga+3
/Record/Section/6/Section/0/Information/2/Value/StringWithMarkup/12/String,string,Ga+3
/Record/Section/6/Section/0/Information/2/Value/StringWithMarkup/13/String,string,Ga+3
/Record/Section/6/Section/0/Information/2/Value/StringWithMarkup/14/String,string,Ga
/Record/Section/6/Section/0/Information/2/Value/StringWithMarkup/15/String,string,Ga
/Record/Section/6/Section/0/Information/3/ReferenceNumber,number,8
/Record/Section/6/Section/0/Information/3/Name,string,SMILES
/Record/Section/6/Section/0/Information/3/Value/StringWithMarkup/0/String,string,[Ga]
/Record/Section/6/Section/0/Information/3/Value/StringWithMarkup/1/String,string,[Ga+3]
/Record/Section/6/Section/0/Information/3/Value/StringWithMarkup/2/String,string,[67Ga]
/Record/Section/6/Section/0/Information/3/Value/StringWithMarkup/3/String,string,[69Ga]
/Record/Section/6/Section/0/Information/3/Value/StringWithMarkup/4/String,string,[68Ga]
/Record/Section/6/Section/0/Information/3/Value/StringWithMarkup/5/String,string,[72Ga]
/Record/Section/6/Section/0/Information/3/Value/StringWithMarkup/6/String,string,[66Ga]
/Record/Section/6/Section/0/Information/3/Value/StringWithMarkup/7/String,string,[71Ga]
/Record/Section/6/Section/0/Information/3/Value/StringWithMarkup/8/String,string,[70Ga]
/Record/Section/6/Section/0/Information/3/Value/StringWithMarkup/9/String,string,[73Ga]
/Record/Section/6/Section/0/Information/3/Value/StringWithMarkup/10/String,string,[65Ga]
/Record/Section/6/Section/0/Information/3/Value/StringWithMarkup/11/String,string,[67Ga+3]
/Record/Section/6/Section/0/Information/3/Value/StringWithMarkup/12/String,string,[68Ga+3]
/Record/Section/6/Section/0/Information/3/Value/StringWithMarkup/13/String,string,[66Ga+3]
/Record/Section/6/Section/0/Information/3/Value/StringWithMarkup/14/String,string,[64Ga]
/Record/Section/6/Section/0/Information/3/Value/StringWithMarkup/15/String,string,[62Ga]
/Record/Section/6/Section/0/Information/4/ReferenceNumber,number,8
/Record/Section/6/Section/0/Information/4/Name,string,Molecular Weight
/Record/Section/6/Section/0/Information/4/Value/StringWithMarkup/0/String,string,69.723
/Record/Section/6/Section/0/Information/4/Value/StringWithMarkup/1/String,string,69.723
/Record/Section/6/Section/0/Information/4/Value/StringWithMarkup/2/String,string,66.92820
/Record/Section/6/Section/0/Information/4/Value/StringWithMarkup/3/String,string,68.92557
/Record/Section/6/Section/0/Information/4/Value/StringWithMarkup/4/String,string,67.92798
/Record/Section/6/Section/0/Information/4/Value/StringWithMarkup/5/String,string,71.926367
/Record/Section/6/Section/0/Information/4/Value/StringWithMarkup/6/String,string,65.93159
/Record/Section/6/Section/0/Information/4/Value/StringWithMarkup/7/String,string,70.924703
/Record/Section/6/Section/0/Information/4/Value/StringWithMarkup/8/String,string,69.92602
/Record/Section/6/Section/0/Information/4/Value/StringWithMarkup/9/String,string,72.92517
/Record/Section/6/Section/0/Information/4/Value/StringWithMarkup/10/String,string,64.932734
/Record/Section/6/Section/0/Information/4/Value/StringWithMarkup/11/String,string,66.92820
/Record/Section/6/Section/0/Information/4/Value/StringWithMarkup/12/String,string,67.92798
/Record/Section/6/Section/0/Information/4/Value/StringWithMarkup/13/String,string,65.93159
/Record/Section/6/Section/0/Information/4/Value/StringWithMarkup/14/String,string,63.93684
/Record/Section/6/Section/0/Information/4/Value/StringWithMarkup/15/String,string,61.944190
/Record/Section/7/TOCHeading,string,Handling and Storage
/Record/Section/7/Description,string,This section provides guidance on the safe handling practices and storage conditions for this element.
/Record/Section/7/Information/0/ReferenceNumber,number,6
/Record/Section/7/Information/0/Value/StringWithMarkup/0/String,string,"Its toxicity appears to be of a low order, but should be handled with care until more data is available."
/Record/Section/8/TOCHeading,string,Isotopes
/Record/Section/8/Description,string,Isotopes are nuclides having the same atomic number but different mass numbers.  This section provides information on the isotopes of this element and their uses in various fields.
/Record/Section/8/URL,string,https://chem.libretexts.org/Courses/Furman_University/CHM101%3A_Chemistry_and_Global_Awareness_(Gordon)/03%3A_Atoms_and_the_Periodic_Table/3.05%3A_Isotopes
/Record/Section/8/Information/0/ReferenceNumber,number,5
/Record/Section/8/Information/0/Name,string,Stable Isotope Count
/Record/Section/8/Information/0/Value/StringWithMarkup/0/String,string,2
/Record/Section/8/Section/0/TOCHeading,string,Isotopes in Medicine
/Record/Section/8/Section/0/Description,string,Information on the use of this element's isotopes in medicine.
/Record/Section/8/Section/0/Information/0/ReferenceNumber,number,4
/Record/Section/8/Section/0/Information/0/Reference/0,string,"[256]  I. Kayani, B. G. Conry, A. M. Groves, T. Win, J. Dickson, M. Caplin, J. B. Bomanji. J. Nucl. Med.50, 1927 (2009)."
/Record/Section/8/Section/0/Information/0/Reference/1,string,"[257]  M. Fani, J. P. André, H. R. Maecke. Contrast Media Mol. Imaging3, 67 (2008)."
/Record/Section/8/Section/0/Information/0/Reference/2,string,"[258]  G. J. Ehrhardt, M. J. Welch. J. Nucl. Med.19, 925 (1978)."
/Record/Section/8/Section/0/Information/0/Reference/3,string,"[259]  G. Ehrhardt, S. Wagner, M. J. Welch. J. Labelled Compd. Radiopharm.16, 111 (1979)."
/Record/Section/8/Section/0/Information/0/Reference/4,string,"[260]  M. V. Cantorias, S. D. Figueroa, T. P. Quinn, J. R. Lever, T. J. Hoffman, L. D. Watkinson, T. L. Carmack, C. S. Cutler. Nucl. Med. Biol.36, 505 (2009)."
/Record/Section/8/Section/0/Information/0/Reference/5,string,"[261]  J. C. Rold, T. L. Sieckman, G. L. Figueroa, S. D. Sublett, S. V. Engelbrecht, H. Cutler, C. S. Jurisson, S. S. Hoffman, T. J. Bottenus, B. N. Garrison. Trans. Am. Nucl. Soc.98, 802 (2008)."
/Record/Section/8/Section/0/Information/0/Reference/6,string,"[262]  J. Fitzsimmons, M. Fassbender, R. Atcher. J. Nucl. Med.48, 319 (2007)."
/Record/Section/8/Section/0/Information/0/Reference/7,string,"[263]  S. M. Larson, P. B. Hoffer. “Normal patterns of localization”, in Gallium-67 Imaging, P. B. Hoffer, C. Bekerman, and R. E. Henkin (Eds.), John Wiley, New York (1978)."
/Record/Section/8/Section/0/Information/0/Reference/8,string,"[264]  A. Wirth, J. F. Seymour, R. J. Hicks, R. Ware, R. Fisher, M. Prince, M. P. MacManus, G. Ryan, H. Januszewicz, M. Wolf. Am. J. Med.112, 262 (2002)."
/Record/Section/8/Section/0/Information/0/Reference/9,string,"[265]  A. Vijayananthan, A. V. Arumugam, G. Kumar, D. Harichandra. Int. J. Biomed. Imaging4 (2), e23 (2008)."
/Record/Section/8/Section/0/Information/0/ExtendedReference/0/Citation,string,"[256]  I. Kayani, B. G. Conry, A. M. Groves, T. Win, J. Dickson, M. Caplin, J. B. Bomanji. J. Nucl. Med.50, 1927 (2009)."
/Record/Section/8/Section/0/Information/0/ExtendedReference/1/Citation,string,"[257]  M. Fani, J. P. André, H. R. Maecke. Contrast Media Mol. Imaging3, 67 (2008)."
/Record/Section/8/Section/0/Information/0/ExtendedReference/2/Citation,string,"[258]  G. J. Ehrhardt, M. J. Welch. J. Nucl. Med.19, 925 (1978)."
/Record/Section/8/Section/0/Information/0/ExtendedReference/3/Citation,string,"[259]  G. Ehrhardt, S. Wagner, M. J. Welch. J. Labelled Compd. Radiopharm.16, 111 (1979)."
/Record/Section/8/Section/0/Information/0/ExtendedReference/4/Citation,string,"[260]  M. V. Cantorias, S. D. Figueroa, T. P. Quinn, J. R. Lever, T. J. Hoffman, L. D. Watkinson, T. L. Carmack, C. S. Cutler. Nucl. Med. Biol.36, 505 (2009)."
/Record/Section/8/Section/0/Information/0/ExtendedReference/5/Citation,string,"[261]  J. C. Rold, T. L. Sieckman, G. L. Figueroa, S. D. Sublett, S. V. Engelbrecht, H. Cutler, C. S. Jurisson, S. S. Hoffman, T. J. Bottenus, B. N. Garrison. Trans. Am. Nucl. Soc.98, 802 (2008)."
/Record/Section/8/Section/0/Information/0/ExtendedReference/6/Citation,string,"[262]  J. Fitzsimmons, M. Fassbender, R. Atcher. J. Nucl. Med.48, 319 (2007)."
/Record/Section/8/Section/0/Information/0/ExtendedReference/7/Citation,string,"[263]  S. M. Larson, P. B. Hoffer. “Normal patterns of localization”, in Gallium-67 Imaging, P. B. Hoffer, C. Bekerman, and R. E. Henkin (Eds.), John Wiley, New York (1978)."
/Record/Section/8/Section/0/Information/0/ExtendedReference/8/Citation,string,"[264]  A. Wirth, J. F. Seymour, R. J. Hicks, R. Ware, R. Fisher, M. Prince, M. P. MacManus, G. Ryan, H. Januszewicz, M. Wolf. Am. J. Med.112, 262 (2002)."
/Record/Section/8/Section/0/Information/0/ExtendedReference/9/Citation,string,"[265]  A. Vijayananthan, A. V. Arumugam, G. Kumar, D. Harichandra. Int. J. Biomed. Imaging4 (2), e23 (2008)."
/Record/Section/8/Section/0/Information/0/Value/StringWithMarkup/0/String,string,"68Ga (with a half-life of 68 min) is a radioactive isotope that emits positrons, which are used to produce high-resolution imaging with positron emission tomography (PET). Unlike 18F, which is most commonly used, 68Ga is more easily produced using a cost-effective generator with the parent radionuclide 68Ge (with a half-life of 271 days) (Fig. IUPAC.31.1). Once produced, 68Ga easily couples to biomolecules (most commonly peptides) that target G-protein coupled receptors, which are over-expressed on human tumor cells. The labeled protein acts as a radioactive tracer for cancer diagnostics. PET images are often coupled with CT images to get a more complete picture of the body [256], [257], [258], [259], [260], [261], [262]. Radiopharmaceutical 67Ga (with a half-life of 78 h) is a gamma-emitting isotope used in scintigraphy for medical imaging [263], [264], [265]."
/Record/Section/8/Section/0/Information/0/Value/StringWithMarkup/0/Markup/0/Start,number,0
/Record/Section/8/Section/0/Information/0/Value/StringWithMarkup/0/Markup/0/Length,number,2
/Record/Section/8/Section/0/Information/0/Value/StringWithMarkup/0/Markup/0/Type,string,Superscript
/Record/Section/8/Section/0/Information/0/Value/StringWithMarkup/0/Markup/1/Start,number,179
/Record/Section/8/Section/0/Information/0/Value/StringWithMarkup/0/Markup/1/Length,number,2
/Record/Section/8/Section/0/Information/0/Value/StringWithMarkup/0/Markup/1/Type,string,Superscript
/Record/Section/8/Section/0/Information/0/Value/StringWithMarkup/0/Markup/2/Start,number,213
/Record/Section/8/Section/0/Information/0/Value/StringWithMarkup/0/Markup/2/Length,number,2
/Record/Section/8/Section/0/Information/0/Value/StringWithMarkup/0/Markup/2/Type,string,Superscript
/Record/Section/8/Section/0/Information/0/Value/StringWithMarkup/0/Markup/3/Start,number,304
/Record/Section/8/Section/0/Information/0/Value/StringWithMarkup/0/Markup/3/Length,number,2
/Record/Section/8/Section/0/Information/0/Value/StringWithMarkup/0/Markup/3/Type,string,Superscript
/Record/Section/8/Section/0/Information/0/Value/StringWithMarkup/0/Markup/4/Start,number,374
/Record/Section/8/Section/0/Information/0/Value/StringWithMarkup/0/Markup/4/Length,number,2
/Record/Section/8/Section/0/Information/0/Value/StringWithMarkup/0/Markup/4/Type,string,Superscript
/Record/Section/8/Section/0/Information/0/Value/StringWithMarkup/0/Markup/5/Start,number,752
/Record/Section/8/Section/0/Information/0/Value/StringWithMarkup/0/Markup/5/Length,number,2
/Record/Section/8/Section/0/Information/0/Value/StringWithMarkup/0/Markup/5/Type,string,Superscript
/Record/Section/8/Section/0/Information/0/Value/StringWithMarkup/1/String,string,          
/Record/Section/8/Section/0/Information/0/Value/StringWithMarkup/1/Markup/0/Start,number,0
/Record/Section/8/Section/0/Information/0/Value/StringWithMarkup/1/Markup/0/Length,number,1
/Record/Section/8/Section/0/Information/0/Value/StringWithMarkup/1/Markup/0/URL,string,https://pubchem.ncbi.nlm.nih.gov/images/iupac/j_pac-2015-0703_fig_049.jpg
/Record/Section/8/Section/0/Information/0/Value/StringWithMarkup/1/Markup/0/Type,string,Image
/Record/Section/8/Section/0/Information/0/Value/StringWithMarkup/1/Markup/0/Size,string,591x1014
/Record/Section/8/Section/0/Information/0/Value/StringWithMarkup/1/Markup/0/Caption,string,"Fig. IUPAC.31.1: Gallium-68 generator used to provide medical therapy with the positron-emitting radionuclide ⁶⁸Ga. The parent radionuclide, ⁶⁸Ge, has a half-life of 271 days and has been used as the source of ⁶⁸Ga, which has a half-life of only 68 min. Image kindly provided by Dr. Anatolii Razbash, Cyclotron Co. Ltd., Obninsk, Russia. "
/Record/Section/8/Section/1/TOCHeading,string,Isotope Mass and Abundance
/Record/Section/8/Section/1/Description,string,Atomic mass and abundance (composition) information for a given isotope/nuclide. The number in the parenthesis refers to an uncertainty when exist. The unit of atomic weight is the unified atomic mass unit (u) or dalton (Da). 
/Record/Section/8/Section/1/DisplayControls/CreateTable/FromInformationIn,string,ThisSection
/Record/Section/8/Section/1/DisplayControls/CreateTable/NumberOfColumns,number,3
/Record/Section/8/Section/1/DisplayControls/CreateTable/ColumnsFromNamedLists/Name/0,string,Isotope
/Record/Section/8/Section/1/DisplayControls/CreateTable/ColumnsFromNamedLists/Name/1,string,Atomic Mass (uncertainty) [u]
/Record/Section/8/Section/1/DisplayControls/CreateTable/ColumnsFromNamedLists/Name/2,string,Abundance (uncertainty)
/Record/Section/8/Section/1/DisplayControls/CreateTable/ColumnsFromNamedLists/UseNamesAsColumnHeadings,boolean,true
/Record/Section/8/Section/1/Information/0/ReferenceNumber,number,3
/Record/Section/8/Section/1/Information/0/Name,string,Isotope
/Record/Section/8/Section/1/Information/0/Value/StringWithMarkup/0/String,string, 69Ga
/Record/Section/8/Section/1/Information/0/Value/StringWithMarkup/0/Markup/0/Start,number,0
/Record/Section/8/Section/1/Information/0/Value/StringWithMarkup/0/Markup/0/Length,number,3
/Record/Section/8/Section/1/Information/0/Value/StringWithMarkup/0/Markup/0/Type,string,Superscript
/Record/Section/8/Section/1/Information/0/Value/StringWithMarkup/1/String,string, 71Ga
/Record/Section/8/Section/1/Information/0/Value/StringWithMarkup/1/Markup/0/Start,number,0
/Record/Section/8/Section/1/Information/0/Value/StringWithMarkup/1/Markup/0/Length,number,3
/Record/Section/8/Section/1/Information/0/Value/StringWithMarkup/1/Markup/0/Type,string,Superscript
/Record/Section/8/Section/1/Information/1/ReferenceNumber,number,3
/Record/Section/8/Section/1/Information/1/Name,string,Atomic Mass (uncertainty)
/Record/Section/8/Section/1/Information/1/Value/StringWithMarkup/0/String,string,68.925 573(8)
/Record/Section/8/Section/1/Information/1/Value/StringWithMarkup/1/String,string,70.924 702(6)
/Record/Section/8/Section/1/Information/2/ReferenceNumber,number,3
/Record/Section/8/Section/1/Information/2/Name,string,Abundance (uncertainty)
/Record/Section/8/Section/1/Information/2/Value/StringWithMarkup/0/String,string,0.601 08(50)
/Record/Section/8/Section/1/Information/2/Value/StringWithMarkup/1/String,string,0.398 92(50)
/Record/Section/8/Section/1/Information/3/ReferenceNumber,number,7
/Record/Section/8/Section/1/Information/3/Name,string,Isotope
/Record/Section/8/Section/1/Information/3/Value/StringWithMarkup/0/String,string,69Ga
/Record/Section/8/Section/1/Information/3/Value/StringWithMarkup/0/Markup/0/Start,number,0
/Record/Section/8/Section/1/Information/3/Value/StringWithMarkup/0/Markup/0/Length,number,2
/Record/Section/8/Section/1/Information/3/Value/StringWithMarkup/0/Markup/0/Type,string,Superscript
/Record/Section/8/Section/1/Information/3/Value/StringWithMarkup/1/String,string,71Ga
/Record/Section/8/Section/1/Information/3/Value/StringWithMarkup/1/Markup/0/Start,number,0
/Record/Section/8/Section/1/Information/3/Value/StringWithMarkup/1/Markup/0/Length,number,2
/Record/Section/8/Section/1/Information/3/Value/StringWithMarkup/1/Markup/0/Type,string,Superscript
/Record/Section/8/Section/1/Information/4/ReferenceNumber,number,7
/Record/Section/8/Section/1/Information/4/Name,string,Atomic Mass (uncertainty) [u]
/Record/Section/8/Section/1/Information/4/Value/StringWithMarkup/0/String,string,68.9255735(13)
/Record/Section/8/Section/1/Information/4/Value/StringWithMarkup/1/String,string,70.92470258(87)
/Record/Section/8/Section/1/Information/5/ReferenceNumber,number,7
/Record/Section/8/Section/1/Information/5/Name,string,Abundance (uncertainty)
/Record/Section/8/Section/1/Information/5/Value/StringWithMarkup/0/String,string,0.60108(9)
/Record/Section/8/Section/1/Information/5/Value/StringWithMarkup/1/String,string,0.39892(9)
/Record/Section/8/Section/2/TOCHeading,string,"Atomic Mass, Half Life, and Decay"
/Record/Section/8/Section/2/Description,string,"Information on the atomic mass, half life, and decay for this element, from the the Atomic Mass Data Center. The number after the ± refers to an uncertainty when exists."
/Record/Section/8/Section/2/URL,string,https://pubchem.ncbi.nlm.nih.gov/docs/atomic-mass/
/Record/Section/8/Section/2/DisplayControls/CreateTable/FromInformationIn,string,ThisSection
/Record/Section/8/Section/2/DisplayControls/CreateTable/NumberOfColumns,number,5
/Record/Section/8/Section/2/DisplayControls/CreateTable/ColumnsFromNamedLists/Name/0,string,Nuclide
/Record/Section/8/Section/2/DisplayControls/CreateTable/ColumnsFromNamedLists/Name/1,string,Atomic Mass and Uncertainty [u]
/Record/Section/8/Section/2/DisplayControls/CreateTable/ColumnsFromNamedLists/Name/2,string,Half Life and Uncertainty
/Record/Section/8/Section/2/DisplayControls/CreateTable/ColumnsFromNamedLists/Name/3,string,Discovery Year
/Record/Section/8/Section/2/DisplayControls/CreateTable/ColumnsFromNamedLists/Name/4,string,"Decay Modes, Intensities and Uncertainties [%]"
/Record/Section/8/Section/2/DisplayControls/CreateTable/ColumnsFromNamedLists/UseNamesAsColumnHeadings,boolean,true
/Record/Section/8/Section/2/Information/0/ReferenceNumber,number,2
/Record/Section/8/Section/2/Information/0/Name,string,Nuclide
/Record/Section/8/Section/2/Information/0/Value/StringWithMarkup/0/String,string,56Ga
/Record/Section/8/Section/2/Information/0/Value/StringWithMarkup/0/Markup/0/Start,number,0
/Record/Section/8/Section/2/Information/0/Value/StringWithMarkup/0/Markup/0/Length,number,2
/Record/Section/8/Section/2/Information/0/Value/StringWithMarkup/0/Markup/0/Type,string,Superscript
/Record/Section/8/Section/2/Information/0/Value/StringWithMarkup/1/String,string,57Ga
/Record/Section/8/Section/2/Information/0/Value/StringWithMarkup/1/Markup/0/Start,number,0
/Record/Section/8/Section/2/Information/0/Value/StringWithMarkup/1/Markup/0/Length,number,2
/Record/Section/8/Section/2/Information/0/Value/StringWithMarkup/1/Markup/0/Type,string,Superscript
/Record/Section/8/Section/2/Information/0/Value/StringWithMarkup/2/String,string,58Ga
/Record/Section/8/Section/2/Information/0/Value/StringWithMarkup/2/Markup/0/Start,number,0
/Record/Section/8/Section/2/Information/0/Value/StringWithMarkup/2/Markup/0/Length,number,2
/Record/Section/8/Section/2/Information/0/Value/StringWithMarkup/2/Markup/0/Type,string,Superscript
/Record/Section/8/Section/2/Information/0/Value/StringWithMarkup/3/String,string,58Gam
/Record/Section/8/Section/2/Information/0/Value/StringWithMarkup/3/Markup/0/Start,number,0
/Record/Section/8/Section/2/Information/0/Value/StringWithMarkup/3/Markup/0/Length,number,2
/Record/Section/8/Section/2/Information/0/Value/StringWithMarkup/3/Markup/0/Type,string,Superscript
/Record/Section/8/Section/2/Information/0/Value/StringWithMarkup/3/Markup/1/Start,number,4
/Record/Section/8/Section/2/Information/0/Value/StringWithMarkup/3/Markup/1/Length,number,1
/Record/Section/8/Section/2/Information/0/Value/StringWithMarkup/3/Markup/1/Type,string,Superscript
/Record/Section/8/Section/2/Information/0/Value/StringWithMarkup/4/String,string,59Ga
/Record/Section/8/Section/2/Information/0/Value/StringWithMarkup/4/Markup/0/Start,number,0
/Record/Section/8/Section/2/Information/0/Value/StringWithMarkup/4/Markup/0/Length,number,2
/Record/Section/8/Section/2/Information/0/Value/StringWithMarkup/4/Markup/0/Type,string,Superscript
/Record/Section/8/Section/2/Information/0/Value/StringWithMarkup/5/String,string,60Ga
/Record/Section/8/Section/2/Information/0/Value/StringWithMarkup/5/Markup/0/Start,number,0
/Record/Section/8/Section/2/Information/0/Value/StringWithMarkup/5/Markup/0/Length,number,2
/Record/Section/8/Section/2/Information/0/Value/StringWithMarkup/5/Markup/0/Type,string,Superscript
/Record/Section/8/Section/2/Information/0/Value/StringWithMarkup/6/String,string,61Ga
/Record/Section/8/Section/2/Information/0/Value/StringWithMarkup/6/Markup/0/Start,number,0
/Record/Section/8/Section/2/Information/0/Value/StringWithMarkup/6/Markup/0/Length,number,2
/Record/Section/8/Section/2/Information/0/Value/StringWithMarkup/6/Markup/0/Type,string,Superscript
/Record/Section/8/Section/2/Information/0/Value/StringWithMarkup/7/String,string,61Gam
/Record/Section/8/Section/2/Information/0/Value/StringWithMarkup/7/Markup/0/Start,number,0
/Record/Section/8/Section/2/Information/0/Value/StringWithMarkup/7/Markup/0/Length,number,2
/Record/Section/8/Section/2/Information/0/Value/StringWithMarkup/7/Markup/0/Type,string,Superscript
/Record/Section/8/Section/2/Information/0/Value/StringWithMarkup/7/Markup/1/Start,number,4
/Record/Section/8/Section/2/Information/0/Value/StringWithMarkup/7/Markup/1/Length,number,1
/Record/Section/8/Section/2/Information/0/Value/StringWithMarkup/7/Markup/1/Type,string,Superscript
/Record/Section/8/Section/2/Information/0/Value/StringWithMarkup/8/String,string,62Ga
/Record/Section/8/Section/2/Information/0/Value/StringWithMarkup/8/Markup/0/Start,number,0
/Record/Section/8/Section/2/Information/0/Value/StringWithMarkup/8/Markup/0/Length,number,2
/Record/Section/8/Section/2/Information/0/Value/StringWithMarkup/8/Markup/0/Type,string,Superscript
/Record/Section/8/Section/2/Information/0/Value/StringWithMarkup/9/String,string,63Ga
/Record/Section/8/Section/2/Information/0/Value/StringWithMarkup/9/Markup/0/Start,number,0
/Record/Section/8/Section/2/Information/0/Value/StringWithMarkup/9/Markup/0/Length,number,2
/Record/Section/8/Section/2/Information/0/Value/StringWithMarkup/9/Markup/0/Type,string,Superscript
/Record/Section/8/Section/2/Information/0/Value/StringWithMarkup/10/String,string,64Ga
/Record/Section/8/Section/2/Information/0/Value/StringWithMarkup/10/Markup/0/Start,number,0
/Record/Section/8/Section/2/Information/0/Value/StringWithMarkup/10/Markup/0/Length,number,2
/Record/Section/8/Section/2/Information/0/Value/StringWithMarkup/10/Markup/0/Type,string,Superscript
/Record/Section/8/Section/2/Information/0/Value/StringWithMarkup/11/String,string,64Gam
/Record/Section/8/Section/2/Information/0/Value/StringWithMarkup/11/Markup/0/Start,number,0
/Record/Section/8/Section/2/Information/0/Value/StringWithMarkup/11/Markup/0/Length,number,2
/Record/Section/8/Section/2/Information/0/Value/StringWithMarkup/11/Markup/0/Type,string,Superscript
/Record/Section/8/Section/2/Information/0/Value/StringWithMarkup/11/Markup/1/Start,number,4
/Record/Section/8/Section/2/Information/0/Value/StringWithMarkup/11/Markup/1/Length,number,1
/Record/Section/8/Section/2/Information/0/Value/StringWithMarkup/11/Markup/1/Type,string,Superscript
/Record/Section/8/Section/2/Information/0/Value/StringWithMarkup/12/String,string,65Ga
/Record/Section/8/Section/2/Information/0/Value/StringWithMarkup/12/Markup/0/Start,number,0
/Record/Section/8/Section/2/Information/0/Value/StringWithMarkup/12/Markup/0/Length,number,2
/Record/Section/8/Section/2/Information/0/Value/StringWithMarkup/12/Markup/0/Type,string,Superscript
/Record/Section/8/Section/2/Information/0/Value/StringWithMarkup/13/String,string,66Ga
/Record/Section/8/Section/2/Information/0/Value/StringWithMarkup/13/Markup/0/Start,number,0
/Record/Section/8/Section/2/Information/0/Value/StringWithMarkup/13/Markup/0/Length,number,2
/Record/Section/8/Section/2/Information/0/Value/StringWithMarkup/13/Markup/0/Type,string,Superscript
/Record/Section/8/Section/2/Information/0/Value/StringWithMarkup/14/String,string,67Ga
/Record/Section/8/Section/2/Information/0/Value/StringWithMarkup/14/Markup/0/Start,number,0
/Record/Section/8/Section/2/Information/0/Value/StringWithMarkup/14/Markup/0/Length,number,2
/Record/Section/8/Section/2/Information/0/Value/StringWithMarkup/14/Markup/0/Type,string,Superscript
/Record/Section/8/Section/2/Information/0/Value/StringWithMarkup/15/String,string,68Ga
/Record/Section/8/Section/2/Information/0/Value/StringWithMarkup/15/Markup/0/Start,number,0
/Record/Section/8/Section/2/Information/0/Value/StringWithMarkup/15/Markup/0/Length,number,2
/Record/Section/8/Section/2/Information/0/Value/StringWithMarkup/15/Markup/0/Type,string,Superscript
/Record/Section/8/Section/2/Information/0/Value/StringWithMarkup/16/String,string,69Ga
/Record/Section/8/Section/2/Information/0/Value/StringWithMarkup/16/Markup/0/Start,number,0
/Record/Section/8/Section/2/Information/0/Value/StringWithMarkup/16/Markup/0/Length,number,2
/Record/Section/8/Section/2/Information/0/Value/StringWithMarkup/16/Markup/0/Type,string,Superscript
/Record/Section/8/Section/2/Information/0/Value/StringWithMarkup/17/String,string,70Ga
/Record/Section/8/Section/2/Information/0/Value/StringWithMarkup/17/Markup/0/Start,number,0
/Record/Section/8/Section/2/Information/0/Value/StringWithMarkup/17/Markup/0/Length,number,2
/Record/Section/8/Section/2/Information/0/Value/StringWithMarkup/17/Markup/0/Type,string,Superscript
/Record/Section/8/Section/2/Information/0/Value/StringWithMarkup/18/String,string,71Ga
/Record/Section/8/Section/2/Information/0/Value/StringWithMarkup/18/Markup/0/Start,number,0
/Record/Section/8/Section/2/Information/0/Value/StringWithMarkup/18/Markup/0/Length,number,2
/Record/Section/8/Section/2/Information/0/Value/StringWithMarkup/18/Markup/0/Type,string,Superscript
/Record/Section/8/Section/2/Information/0/Value/StringWithMarkup/19/String,string,72Ga
/Record/Section/8/Section/2/Information/0/Value/StringWithMarkup/19/Markup/0/Start,number,0
/Record/Section/8/Section/2/Information/0/Value/StringWithMarkup/19/Markup/0/Length,number,2
/Record/Section/8/Section/2/Information/0/Value/StringWithMarkup/19/Markup/0/Type,string,Superscript
/Record/Section/8/Section/2/Information/0/Value/StringWithMarkup/20/String,string,72Gam
/Record/Section/8/Section/2/Information/0/Value/StringWithMarkup/20/Markup/0/Start,number,0
/Record/Section/8/Section/2/Information/0/Value/StringWithMarkup/20/Markup/0/Length,number,2
/Record/Section/8/Section/2/Information/0/Value/StringWithMarkup/20/Markup/0/Type,string,Superscript
/Record/Section/8/Section/2/Information/0/Value/StringWithMarkup/20/Markup/1/Start,number,4
/Record/Section/8/Section/2/Information/0/Value/StringWithMarkup/20/Markup/1/Length,number,1
/Record/Section/8/Section/2/Information/0/Value/StringWithMarkup/20/Markup/1/Type,string,Superscript
/Record/Section/8/Section/2/Information/0/Value/StringWithMarkup/21/String,string,73Ga
/Record/Section/8/Section/2/Information/0/Value/StringWithMarkup/21/Markup/0/Start,number,0
/Record/Section/8/Section/2/Information/0/Value/StringWithMarkup/21/Markup/0/Length,number,2
/Record/Section/8/Section/2/Information/0/Value/StringWithMarkup/21/Markup/0/Type,string,Superscript
/Record/Section/8/Section/2/Information/0/Value/StringWithMarkup/22/String,string,73Gam
/Record/Section/8/Section/2/Information/0/Value/StringWithMarkup/22/Markup/0/Start,number,0
/Record/Section/8/Section/2/Information/0/Value/StringWithMarkup/22/Markup/0/Length,number,2
/Record/Section/8/Section/2/Information/0/Value/StringWithMarkup/22/Markup/0/Type,string,Superscript
/Record/Section/8/Section/2/Information/0/Value/StringWithMarkup/22/Markup/1/Start,number,4
/Record/Section/8/Section/2/Information/0/Value/StringWithMarkup/22/Markup/1/Length,number,1
/Record/Section/8/Section/2/Information/0/Value/StringWithMarkup/22/Markup/1/Type,string,Superscript
/Record/Section/8/Section/2/Information/0/Value/StringWithMarkup/23/String,string,74Ga
/Record/Section/8/Section/2/Information/0/Value/StringWithMarkup/23/Markup/0/Start,number,0
/Record/Section/8/Section/2/Information/0/Value/StringWithMarkup/23/Markup/0/Length,number,2
/Record/Section/8/Section/2/Information/0/Value/StringWithMarkup/23/Markup/0/Type,string,Superscript
/Record/Section/8/Section/2/Information/0/Value/StringWithMarkup/24/String,string,74Gam
/Record/Section/8/Section/2/Information/0/Value/StringWithMarkup/24/Markup/0/Start,number,0
/Record/Section/8/Section/2/Information/0/Value/StringWithMarkup/24/Markup/0/Length,number,2
/Record/Section/8/Section/2/Information/0/Value/StringWithMarkup/24/Markup/0/Type,string,Superscript
/Record/Section/8/Section/2/Information/0/Value/StringWithMarkup/24/Markup/1/Start,number,4
/Record/Section/8/Section/2/Information/0/Value/StringWithMarkup/24/Markup/1/Length,number,1
/Record/Section/8/Section/2/Information/0/Value/StringWithMarkup/24/Markup/1/Type,string,Superscript
/Record/Section/8/Section/2/Information/0/Value/StringWithMarkup/25/String,string,75Ga
/Record/Section/8/Section/2/Information/0/Value/StringWithMarkup/25/Markup/0/Start,number,0
/Record/Section/8/Section/2/Information/0/Value/StringWithMarkup/25/Markup/0/Length,number,2
/Record/Section/8/Section/2/Information/0/Value/StringWithMarkup/25/Markup/0/Type,string,Superscript
/Record/Section/8/Section/2/Information/0/Value/StringWithMarkup/26/String,string,76Ga
/Record/Section/8/Section/2/Information/0/Value/StringWithMarkup/26/Markup/0/Start,number,0
/Record/Section/8/Section/2/Information/0/Value/StringWithMarkup/26/Markup/0/Length,number,2
/Record/Section/8/Section/2/Information/0/Value/StringWithMarkup/26/Markup/0/Type,string,Superscript
/Record/Section/8/Section/2/Information/0/Value/StringWithMarkup/27/String,string,77Ga
/Record/Section/8/Section/2/Information/0/Value/StringWithMarkup/27/Markup/0/Start,number,0
/Record/Section/8/Section/2/Information/0/Value/StringWithMarkup/27/Markup/0/Length,number,2
/Record/Section/8/Section/2/Information/0/Value/StringWithMarkup/27/Markup/0/Type,string,Superscript
/Record/Section/8/Section/2/Information/0/Value/StringWithMarkup/28/String,string,78Ga
/Record/Section/8/Section/2/Information/0/Value/StringWithMarkup/28/Markup/0/Start,number,0
/Record/Section/8/Section/2/Information/0/Value/StringWithMarkup/28/Markup/0/Length,number,2
/Record/Section/8/Section/2/Information/0/Value/StringWithMarkup/28/Markup/0/Type,string,Superscript
/Record/Section/8/Section/2/Information/0/Value/StringWithMarkup/29/String,string,78Gam
/Record/Section/8/Section/2/Information/0/Value/StringWithMarkup/29/Markup/0/Start,number,0
/Record/Section/8/Section/2/Information/0/Value/StringWithMarkup/29/Markup/0/Length,number,2
/Record/Section/8/Section/2/Information/0/Value/StringWithMarkup/29/Markup/0/Type,string,Superscript
/Record/Section/8/Section/2/Information/0/Value/StringWithMarkup/29/Markup/1/Start,number,4
/Record/Section/8/Section/2/Information/0/Value/StringWithMarkup/29/Markup/1/Length,number,1
/Record/Section/8/Section/2/Information/0/Value/StringWithMarkup/29/Markup/1/Type,string,Superscript
/Record/Section/8/Section/2/Information/0/Value/StringWithMarkup/30/String,string,79Ga
/Record/Section/8/Section/2/Information/0/Value/StringWithMarkup/30/Markup/0/Start,number,0
/Record/Section/8/Section/2/Information/0/Value/StringWithMarkup/30/Markup/0/Length,number,2
/Record/Section/8/Section/2/Information/0/Value/StringWithMarkup/30/Markup/0/Type,string,Superscript
/Record/Section/8/Section/2/Information/0/Value/StringWithMarkup/31/String,string,80Ga
/Record/Section/8/Section/2/Information/0/Value/StringWithMarkup/31/Markup/0/Start,number,0
/Record/Section/8/Section/2/Information/0/Value/StringWithMarkup/31/Markup/0/Length,number,2
/Record/Section/8/Section/2/Information/0/Value/StringWithMarkup/31/Markup/0/Type,string,Superscript
/Record/Section/8/Section/2/Information/0/Value/StringWithMarkup/32/String,string,80Gam
/Record/Section/8/Section/2/Information/0/Value/StringWithMarkup/32/Markup/0/Start,number,0
/Record/Section/8/Section/2/Information/0/Value/StringWithMarkup/32/Markup/0/Length,number,2
/Record/Section/8/Section/2/Information/0/Value/StringWithMarkup/32/Markup/0/Type,string,Superscript
/Record/Section/8/Section/2/Information/0/Value/StringWithMarkup/32/Markup/1/Start,number,4
/Record/Section/8/Section/2/Information/0/Value/StringWithMarkup/32/Markup/1/Length,number,1
/Record/Section/8/Section/2/Information/0/Value/StringWithMarkup/32/Markup/1/Type,string,Superscript
/Record/Section/8/Section/2/Information/0/Value/StringWithMarkup/33/String,string,81Ga
/Record/Section/8/Section/2/Information/0/Value/StringWithMarkup/33/Markup/0/Start,number,0
/Record/Section/8/Section/2/Information/0/Value/StringWithMarkup/33/Markup/0/Length,number,2
/Record/Section/8/Section/2/Information/0/Value/StringWithMarkup/33/Markup/0/Type,string,Superscript
/Record/Section/8/Section/2/Information/0/Value/StringWithMarkup/34/String,string,82Ga
/Record/Section/8/Section/2/Information/0/Value/StringWithMarkup/34/Markup/0/Start,number,0
/Record/Section/8/Section/2/Information/0/Value/StringWithMarkup/34/Markup/0/Length,number,2
/Record/Section/8/Section/2/Information/0/Value/StringWithMarkup/34/Markup/0/Type,string,Superscript
/Record/Section/8/Section/2/Information/0/Value/StringWithMarkup/35/String,string,82Gam
/Record/Section/8/Section/2/Information/0/Value/StringWithMarkup/35/Markup/0/Start,number,0
/Record/Section/8/Section/2/Information/0/Value/StringWithMarkup/35/Markup/0/Length,number,2
/Record/Section/8/Section/2/Information/0/Value/StringWithMarkup/35/Markup/0/Type,string,Superscript
/Record/Section/8/Section/2/Information/0/Value/StringWithMarkup/35/Markup/1/Start,number,4
/Record/Section/8/Section/2/Information/0/Value/StringWithMarkup/35/Markup/1/Length,number,1
/Record/Section/8/Section/2/Information/0/Value/StringWithMarkup/35/Markup/1/Type,string,Superscript
/Record/Section/8/Section/2/Information/0/Value/StringWithMarkup/36/String,string,83Ga
/Record/Section/8/Section/2/Information/0/Value/StringWithMarkup/36/Markup/0/Start,number,0
/Record/Section/8/Section/2/Information/0/Value/StringWithMarkup/36/Markup/0/Length,number,2
/Record/Section/8/Section/2/Information/0/Value/StringWithMarkup/36/Markup/0/Type,string,Superscript
/Record/Section/8/Section/2/Information/0/Value/StringWithMarkup/37/String,string,84Ga
/Record/Section/8/Section/2/Information/0/Value/StringWithMarkup/37/Markup/0/Start,number,0
/Record/Section/8/Section/2/Information/0/Value/StringWithMarkup/37/Markup/0/Length,number,2
/Record/Section/8/Section/2/Information/0/Value/StringWithMarkup/37/Markup/0/Type,string,Superscript
/Record/Section/8/Section/2/Information/0/Value/StringWithMarkup/38/String,string,84Gam
/Record/Section/8/Section/2/Information/0/Value/StringWithMarkup/38/Markup/0/Start,number,0
/Record/Section/8/Section/2/Information/0/Value/StringWithMarkup/38/Markup/0/Length,number,2
/Record/Section/8/Section/2/Information/0/Value/StringWithMarkup/38/Markup/0/Type,string,Superscript
/Record/Section/8/Section/2/Information/0/Value/StringWithMarkup/38/Markup/1/Start,number,4
/Record/Section/8/Section/2/Information/0/Value/StringWithMarkup/38/Markup/1/Length,number,1
/Record/Section/8/Section/2/Information/0/Value/StringWithMarkup/38/Markup/1/Type,string,Superscript
/Record/Section/8/Section/2/Information/0/Value/StringWithMarkup/39/String,string,85Ga
/Record/Section/8/Section/2/Information/0/Value/StringWithMarkup/39/Markup/0/Start,number,0
/Record/Section/8/Section/2/Information/0/Value/StringWithMarkup/39/Markup/0/Length,number,2
/Record/Section/8/Section/2/Information/0/Value/StringWithMarkup/39/Markup/0/Type,string,Superscript
/Record/Section/8/Section/2/Information/0/Value/StringWithMarkup/40/String,string,86Ga
/Record/Section/8/Section/2/Information/0/Value/StringWithMarkup/40/Markup/0/Start,number,0
/Record/Section/8/Section/2/Information/0/Value/StringWithMarkup/40/Markup/0/Length,number,2
/Record/Section/8/Section/2/Information/0/Value/StringWithMarkup/40/Markup/0/Type,string,Superscript
/Record/Section/8/Section/2/Information/0/Value/StringWithMarkup/41/String,string,87Ga
/Record/Section/8/Section/2/Information/0/Value/StringWithMarkup/41/Markup/0/Start,number,0
/Record/Section/8/Section/2/Information/0/Value/StringWithMarkup/41/Markup/0/Length,number,2
/Record/Section/8/Section/2/Information/0/Value/StringWithMarkup/41/Markup/0/Type,string,Superscript
/Record/Section/8/Section/2/Information/0/Value/StringWithMarkup/42/String,string,88Ga
/Record/Section/8/Section/2/Information/0/Value/StringWithMarkup/42/Markup/0/Start,number,0
/Record/Section/8/Section/2/Information/0/Value/StringWithMarkup/42/Markup/0/Length,number,2
/Record/Section/8/Section/2/Information/0/Value/StringWithMarkup/42/Markup/0/Type,string,Superscript
/Record/Section/8/Section/2/Information/1/ReferenceNumber,number,2
/Record/Section/8/Section/2/Information/1/Name,string,Atomic Mass and Uncertainty [u]
/Record/Section/8/Section/2/Information/1/Value/StringWithMarkup/0/String,string,55.995878 ± 0.000537 [Estimated]
/Record/Section/8/Section/2/Information/1/Value/StringWithMarkup/1/String,string,56.983457 ± 0.000429 [Estimated]
/Record/Section/8/Section/2/Information/1/Value/StringWithMarkup/2/String,string,57.974729 ± 0.000322 [Estimated]
/Record/Section/8/Section/2/Information/1/Value/StringWithMarkup/3/String,string,57.974729 ± 0.000322 [Estimated]
/Record/Section/8/Section/2/Information/1/Value/StringWithMarkup/4/String,string,58.963757 ± 0.000183 [Estimated]
/Record/Section/8/Section/2/Information/1/Value/StringWithMarkup/5/String,string,59.957498 ± 0.000215 [Estimated]
/Record/Section/8/Section/2/Information/1/Value/StringWithMarkup/6/String,string,60.949398861 ± 0.000040787
/Record/Section/8/Section/2/Information/1/Value/StringWithMarkup/7/String,string,60.949398861 ± 0.000040787
/Record/Section/8/Section/2/Information/1/Value/StringWithMarkup/8/String,string,61.944189639 ± 0.000000684
/Record/Section/8/Section/2/Information/1/Value/StringWithMarkup/9/String,string,62.939294194 ± 0.0000014
/Record/Section/8/Section/2/Information/1/Value/StringWithMarkup/10/String,string,63.936840366 ± 0.000001533
/Record/Section/8/Section/2/Information/1/Value/StringWithMarkup/11/String,string,63.936840366 ± 0.000001533
/Record/Section/8/Section/2/Information/1/Value/StringWithMarkup/12/String,string,64.932734424 ± 0.000000849
/Record/Section/8/Section/2/Information/1/Value/StringWithMarkup/13/String,string,65.931589766 ± 0.000001172
/Record/Section/8/Section/2/Information/1/Value/StringWithMarkup/14/String,string,66.928202276 ± 0.000001262
/Record/Section/8/Section/2/Information/1/Value/StringWithMarkup/15/String,string,67.927980161 ± 0.000001535
/Record/Section/8/Section/2/Information/1/Value/StringWithMarkup/16/String,string,68.925573528 ± 0.000001285
/Record/Section/8/Section/2/Information/1/Value/StringWithMarkup/17/String,string,69.926021914 ± 0.000001289
/Record/Section/8/Section/2/Information/1/Value/StringWithMarkup/18/String,string,70.924702554 ± 0.00000087
/Record/Section/8/Section/2/Information/1/Value/StringWithMarkup/19/String,string,71.926367452 ± 0.000000878
/Record/Section/8/Section/2/Information/1/Value/StringWithMarkup/20/String,string,71.926367452 ± 0.000000878
/Record/Section/8/Section/2/Information/1/Value/StringWithMarkup/21/String,string,72.925174680 ± 0.0000018
/Record/Section/8/Section/2/Information/1/Value/StringWithMarkup/22/String,string,72.925174680 ± 0.0000018
/Record/Section/8/Section/2/Information/1/Value/StringWithMarkup/23/String,string,73.926945725 ± 0.000003214
/Record/Section/8/Section/2/Information/1/Value/StringWithMarkup/24/String,string,73.926945725 ± 0.000003214
/Record/Section/8/Section/2/Information/1/Value/StringWithMarkup/25/String,string,74.926504484 ± 0.00000072
/Record/Section/8/Section/2/Information/1/Value/StringWithMarkup/26/String,string,75.928827624 ± 0.0000021
/Record/Section/8/Section/2/Information/1/Value/StringWithMarkup/27/String,string,76.929154299 ± 0.0000026
/Record/Section/8/Section/2/Information/1/Value/StringWithMarkup/28/String,string,77.931610854 ± 0.000001127
/Record/Section/8/Section/2/Information/1/Value/StringWithMarkup/29/String,string,77.931610854 ± 0.000001127
/Record/Section/8/Section/2/Information/1/Value/StringWithMarkup/30/String,string,78.932851582 ± 0.000001296
/Record/Section/8/Section/2/Information/1/Value/StringWithMarkup/31/String,string,79.936420773 ± 0.000003103
/Record/Section/8/Section/2/Information/1/Value/StringWithMarkup/32/String,string,79.936420773 ± 0.000003103
/Record/Section/8/Section/2/Information/1/Value/StringWithMarkup/33/String,string,80.938133841 ± 0.000003503
/Record/Section/8/Section/2/Information/1/Value/StringWithMarkup/34/String,string,81.943176531 ± 0.000002604
/Record/Section/8/Section/2/Information/1/Value/StringWithMarkup/35/String,string,81.943176531 ± 0.000002604
/Record/Section/8/Section/2/Information/1/Value/StringWithMarkup/36/String,string,82.947120300 ± 0.000002804
/Record/Section/8/Section/2/Information/1/Value/StringWithMarkup/37/String,string,83.952663000 ± 0.000032
/Record/Section/8/Section/2/Information/1/Value/StringWithMarkup/38/String,string,83.952663000 ± 0.000032
/Record/Section/8/Section/2/Information/1/Value/StringWithMarkup/39/String,string,84.957333000 ± 0.00004
/Record/Section/8/Section/2/Information/1/Value/StringWithMarkup/40/String,string,85.963757 ± 0.000429 [Estimated]
/Record/Section/8/Section/2/Information/1/Value/StringWithMarkup/41/String,string,86.969007 ± 0.000537 [Estimated]
/Record/Section/8/Section/2/Information/1/Value/StringWithMarkup/42/String,string,87.975963 ± 0.000537 [Estimated]
/Record/Section/8/Section/2/Information/2/ReferenceNumber,number,2
/Record/Section/8/Section/2/Information/2/Name,string,Half Life and Uncertainty
/Record/Section/8/Section/2/Information/2/Value/StringWithMarkup/0/String,string,Not-specified
/Record/Section/8/Section/2/Information/2/Value/StringWithMarkup/1/String,string,Not-specified
/Record/Section/8/Section/2/Information/2/Value/StringWithMarkup/2/String,string,Not-specified
/Record/Section/8/Section/2/Information/2/Value/StringWithMarkup/3/String,string,Not-specified
/Record/Section/8/Section/2/Information/2/Value/StringWithMarkup/4/String,string,Not-specified <43ns
/Record/Section/8/Section/2/Information/2/Value/StringWithMarkup/5/String,string,72.4 ms ± 1.7
/Record/Section/8/Section/2/Information/2/Value/StringWithMarkup/6/String,string,165.9 ms ± 2.5
/Record/Section/8/Section/2/Information/2/Value/StringWithMarkup/7/String,string,Not-specified
/Record/Section/8/Section/2/Information/2/Value/StringWithMarkup/8/String,string,116.122 ms ± 0.021
/Record/Section/8/Section/2/Information/2/Value/StringWithMarkup/9/String,string,32.4 s ± 0.5
/Record/Section/8/Section/2/Information/2/Value/StringWithMarkup/10/String,string,2.627 m ± 0.012
/Record/Section/8/Section/2/Information/2/Value/StringWithMarkup/11/String,string,21.9 us ± 0.7
/Record/Section/8/Section/2/Information/2/Value/StringWithMarkup/12/String,string,15.133 m ± 0.028
/Record/Section/8/Section/2/Information/2/Value/StringWithMarkup/13/String,string,9.304 h ± 0.008
/Record/Section/8/Section/2/Information/2/Value/StringWithMarkup/14/String,string,3.2617 d ± 0.0004
/Record/Section/8/Section/2/Information/2/Value/StringWithMarkup/15/String,string,67.842 m ± 0.016
/Record/Section/8/Section/2/Information/2/Value/StringWithMarkup/16/String,string,Stable
/Record/Section/8/Section/2/Information/2/Value/StringWithMarkup/17/String,string,21.14 m ± 0.05
/Record/Section/8/Section/2/Information/2/Value/StringWithMarkup/18/String,string,Stable
/Record/Section/8/Section/2/Information/2/Value/StringWithMarkup/19/String,string,14.025 h ± 0.010
/Record/Section/8/Section/2/Information/2/Value/StringWithMarkup/20/String,string,39.68 ms ± 0.13
/Record/Section/8/Section/2/Information/2/Value/StringWithMarkup/21/String,string,4.86 h ± 0.03
/Record/Section/8/Section/2/Information/2/Value/StringWithMarkup/22/String,string,<200 ms
/Record/Section/8/Section/2/Information/2/Value/StringWithMarkup/23/String,string,8.12 m ± 0.12
/Record/Section/8/Section/2/Information/2/Value/StringWithMarkup/24/String,string,9.5 s ± 1.0
/Record/Section/8/Section/2/Information/2/Value/StringWithMarkup/25/String,string,126 s ± 2
/Record/Section/8/Section/2/Information/2/Value/StringWithMarkup/26/String,string,30.6 s ± 0.6
/Record/Section/8/Section/2/Information/2/Value/StringWithMarkup/27/String,string,13.2 s ± 0.2
/Record/Section/8/Section/2/Information/2/Value/StringWithMarkup/28/String,string,5.09 s ± 0.05
/Record/Section/8/Section/2/Information/2/Value/StringWithMarkup/29/String,string,110 ns ± 3
/Record/Section/8/Section/2/Information/2/Value/StringWithMarkup/30/String,string,2.848 s ± 0.003
/Record/Section/8/Section/2/Information/2/Value/StringWithMarkup/31/String,string,1.9 s ± 0.1
/Record/Section/8/Section/2/Information/2/Value/StringWithMarkup/32/String,string,1.3 s ± 0.2
/Record/Section/8/Section/2/Information/2/Value/StringWithMarkup/33/String,string,1.217 s ± 0.005
/Record/Section/8/Section/2/Information/2/Value/StringWithMarkup/34/String,string,600 ms ± 2
/Record/Section/8/Section/2/Information/2/Value/StringWithMarkup/35/String,string,93.5 ns ± 6.7
/Record/Section/8/Section/2/Information/2/Value/StringWithMarkup/36/String,string,310.0 ms ± 0.7
/Record/Section/8/Section/2/Information/2/Value/StringWithMarkup/37/String,string,97.6 ms ± 1.2
/Record/Section/8/Section/2/Information/2/Value/StringWithMarkup/38/String,string,<85 ms
/Record/Section/8/Section/2/Information/2/Value/StringWithMarkup/39/String,string,95.3 ms ± 1.0
/Record/Section/8/Section/2/Information/2/Value/StringWithMarkup/40/String,string,49 ms ± 2
/Record/Section/8/Section/2/Information/2/Value/StringWithMarkup/41/String,string,29 ms ± 4
/Record/Section/8/Section/2/Information/2/Value/StringWithMarkup/42/String,string,Not-specified
/Record/Section/8/Section/2/Information/3/ReferenceNumber,number,2
/Record/Section/8/Section/2/Information/3/Name,string,Discovery Year
/Record/Section/8/Section/2/Information/3/Value/StringWithMarkup/0/String,string,
/Record/Section/8/Section/2/Information/3/Value/StringWithMarkup/1/String,string,
/Record/Section/8/Section/2/Information/3/Value/StringWithMarkup/2/String,string,
/Record/Section/8/Section/2/Information/3/Value/StringWithMarkup/3/String,string,
/Record/Section/8/Section/2/Information/3/Value/StringWithMarkup/4/String,string,
/Record/Section/8/Section/2/Information/3/Value/StringWithMarkup/5/String,string,1995
/Record/Section/8/Section/2/Information/3/Value/StringWithMarkup/6/String,string,1987
/Record/Section/8/Section/2/Information/3/Value/StringWithMarkup/7/String,string,
/Record/Section/8/Section/2/Information/3/Value/StringWithMarkup/8/String,string,1978
/Record/Section/8/Section/2/Information/3/Value/StringWithMarkup/9/String,string,1965
/Record/Section/8/Section/2/Information/3/Value/StringWithMarkup/10/String,string,1953
/Record/Section/8/Section/2/Information/3/Value/StringWithMarkup/11/String,string,1999
/Record/Section/8/Section/2/Information/3/Value/StringWithMarkup/12/String,string,1938
/Record/Section/8/Section/2/Information/3/Value/StringWithMarkup/13/String,string,1937
/Record/Section/8/Section/2/Information/3/Value/StringWithMarkup/14/String,string,1938
/Record/Section/8/Section/2/Information/3/Value/StringWithMarkup/15/String,string,1937
/Record/Section/8/Section/2/Information/3/Value/StringWithMarkup/16/String,string,1923
/Record/Section/8/Section/2/Information/3/Value/StringWithMarkup/17/String,string,1937
/Record/Section/8/Section/2/Information/3/Value/StringWithMarkup/18/String,string,1923
/Record/Section/8/Section/2/Information/3/Value/StringWithMarkup/19/String,string,1939
/Record/Section/8/Section/2/Information/3/Value/StringWithMarkup/20/String,string,1968
/Record/Section/8/Section/2/Information/3/Value/StringWithMarkup/21/String,string,1949
/Record/Section/8/Section/2/Information/3/Value/StringWithMarkup/22/String,string,1949
/Record/Section/8/Section/2/Information/3/Value/StringWithMarkup/23/String,string,1956
/Record/Section/8/Section/2/Information/3/Value/StringWithMarkup/24/String,string,1974
/Record/Section/8/Section/2/Information/3/Value/StringWithMarkup/25/String,string,1960
/Record/Section/8/Section/2/Information/3/Value/StringWithMarkup/26/String,string,1961
/Record/Section/8/Section/2/Information/3/Value/StringWithMarkup/27/String,string,1968
/Record/Section/8/Section/2/Information/3/Value/StringWithMarkup/28/String,string,1972
/Record/Section/8/Section/2/Information/3/Value/StringWithMarkup/29/String,string,2010
/Record/Section/8/Section/2/Information/3/Value/StringWithMarkup/30/String,string,1974
/Record/Section/8/Section/2/Information/3/Value/StringWithMarkup/31/String,string,1974
/Record/Section/8/Section/2/Information/3/Value/StringWithMarkup/32/String,string,2011
/Record/Section/8/Section/2/Information/3/Value/StringWithMarkup/33/String,string,1976
/Record/Section/8/Section/2/Information/3/Value/StringWithMarkup/34/String,string,1976
/Record/Section/8/Section/2/Information/3/Value/StringWithMarkup/35/String,string,2009
/Record/Section/8/Section/2/Information/3/Value/StringWithMarkup/36/String,string,1976
/Record/Section/8/Section/2/Information/3/Value/StringWithMarkup/37/String,string,1991
/Record/Section/8/Section/2/Information/3/Value/StringWithMarkup/38/String,string,
/Record/Section/8/Section/2/Information/3/Value/StringWithMarkup/39/String,string,1997
/Record/Section/8/Section/2/Information/3/Value/StringWithMarkup/40/String,string,1997
/Record/Section/8/Section/2/Information/3/Value/StringWithMarkup/41/String,string,2010
/Record/Section/8/Section/2/Information/3/Value/StringWithMarkup/42/String,string,
/Record/Section/8/Section/2/Information/4/ReferenceNumber,number,2
/Record/Section/8/Section/2/Information/4/Name,string,"Decay Modes, Intensities and Uncertainties [%]"
/Record/Section/8/Section/2/Information/4/Value/StringWithMarkup/0/String,string,p ?
/Record/Section/8/Section/2/Information/4/Value/StringWithMarkup/1/String,string,p ?
/Record/Section/8/Section/2/Information/4/Value/StringWithMarkup/2/String,string,p ?
/Record/Section/8/Section/2/Information/4/Value/StringWithMarkup/3/String,string,p ?
/Record/Section/8/Section/2/Information/4/Value/StringWithMarkup/4/String,string,p ?
/Record/Section/8/Section/2/Information/4/Value/StringWithMarkup/5/String,string,β+=100%; β+p=1.6±0.7%; β+α<0.023±2%
/Record/Section/8/Section/2/Information/4/Value/StringWithMarkup/5/Markup/0/Start,number,1
/Record/Section/8/Section/2/Information/4/Value/StringWithMarkup/5/Markup/0/Length,number,1
/Record/Section/8/Section/2/Information/4/Value/StringWithMarkup/5/Markup/0/Type,string,Superscript
/Record/Section/8/Section/2/Information/4/Value/StringWithMarkup/5/Markup/1/Start,number,10
/Record/Section/8/Section/2/Information/4/Value/StringWithMarkup/5/Markup/1/Length,number,1
/Record/Section/8/Section/2/Information/4/Value/StringWithMarkup/5/Markup/1/Type,string,Superscript
/Record/Section/8/Section/2/Information/4/Value/StringWithMarkup/5/Markup/2/Start,number,24
/Record/Section/8/Section/2/Information/4/Value/StringWithMarkup/5/Markup/2/Length,number,1
/Record/Section/8/Section/2/Information/4/Value/StringWithMarkup/5/Markup/2/Type,string,Superscript
/Record/Section/8/Section/2/Information/4/Value/StringWithMarkup/6/String,string,β+=100%; β+p<0.25%
/Record/Section/8/Section/2/Information/4/Value/StringWithMarkup/6/Markup/0/Start,number,1
/Record/Section/8/Section/2/Information/4/Value/StringWithMarkup/6/Markup/0/Length,number,1
/Record/Section/8/Section/2/Information/4/Value/StringWithMarkup/6/Markup/0/Type,string,Superscript
/Record/Section/8/Section/2/Information/4/Value/StringWithMarkup/6/Markup/1/Start,number,10
/Record/Section/8/Section/2/Information/4/Value/StringWithMarkup/6/Markup/1/Length,number,1
/Record/Section/8/Section/2/Information/4/Value/StringWithMarkup/6/Markup/1/Type,string,Superscript
/Record/Section/8/Section/2/Information/4/Value/StringWithMarkup/7/String,string,
/Record/Section/8/Section/2/Information/4/Value/StringWithMarkup/8/String,string,β+=100%
/Record/Section/8/Section/2/Information/4/Value/StringWithMarkup/8/Markup/0/Start,number,1
/Record/Section/8/Section/2/Information/4/Value/StringWithMarkup/8/Markup/0/Length,number,1
/Record/Section/8/Section/2/Information/4/Value/StringWithMarkup/8/Markup/0/Type,string,Superscript
/Record/Section/8/Section/2/Information/4/Value/StringWithMarkup/9/String,string,β+=100%
/Record/Section/8/Section/2/Information/4/Value/StringWithMarkup/9/Markup/0/Start,number,1
/Record/Section/8/Section/2/Information/4/Value/StringWithMarkup/9/Markup/0/Length,number,1
/Record/Section/8/Section/2/Information/4/Value/StringWithMarkup/9/Markup/0/Type,string,Superscript
/Record/Section/8/Section/2/Information/4/Value/StringWithMarkup/10/String,string,β+=100%
/Record/Section/8/Section/2/Information/4/Value/StringWithMarkup/10/Markup/0/Start,number,1
/Record/Section/8/Section/2/Information/4/Value/StringWithMarkup/10/Markup/0/Length,number,1
/Record/Section/8/Section/2/Information/4/Value/StringWithMarkup/10/Markup/0/Type,string,Superscript
/Record/Section/8/Section/2/Information/4/Value/StringWithMarkup/11/String,string,IT=100%
/Record/Section/8/Section/2/Information/4/Value/StringWithMarkup/12/String,string,β+=100%
/Record/Section/8/Section/2/Information/4/Value/StringWithMarkup/12/Markup/0/Start,number,1
/Record/Section/8/Section/2/Information/4/Value/StringWithMarkup/12/Markup/0/Length,number,1
/Record/Section/8/Section/2/Information/4/Value/StringWithMarkup/12/Markup/0/Type,string,Superscript
/Record/Section/8/Section/2/Information/4/Value/StringWithMarkup/13/String,string,β+=100%
/Record/Section/8/Section/2/Information/4/Value/StringWithMarkup/13/Markup/0/Start,number,1
/Record/Section/8/Section/2/Information/4/Value/StringWithMarkup/13/Markup/0/Length,number,1
/Record/Section/8/Section/2/Information/4/Value/StringWithMarkup/13/Markup/0/Type,string,Superscript
/Record/Section/8/Section/2/Information/4/Value/StringWithMarkup/14/String,string,ε=100%
/Record/Section/8/Section/2/Information/4/Value/StringWithMarkup/15/String,string,β+=100%
/Record/Section/8/Section/2/Information/4/Value/StringWithMarkup/15/Markup/0/Start,number,1
/Record/Section/8/Section/2/Information/4/Value/StringWithMarkup/15/Markup/0/Length,number,1
/Record/Section/8/Section/2/Information/4/Value/StringWithMarkup/15/Markup/0/Type,string,Superscript
/Record/Section/8/Section/2/Information/4/Value/StringWithMarkup/16/String,string,IS=60.108±5%
/Record/Section/8/Section/2/Information/4/Value/StringWithMarkup/17/String,string,β-=99.59±0.5%; ε=0.41±0.5%
/Record/Section/8/Section/2/Information/4/Value/StringWithMarkup/17/Markup/0/Start,number,1
/Record/Section/8/Section/2/Information/4/Value/StringWithMarkup/17/Markup/0/Length,number,1
/Record/Section/8/Section/2/Information/4/Value/StringWithMarkup/17/Markup/0/Type,string,Superscript
/Record/Section/8/Section/2/Information/4/Value/StringWithMarkup/18/String,string,IS=39.892±5%
/Record/Section/8/Section/2/Information/4/Value/StringWithMarkup/19/String,string,β-=100%
/Record/Section/8/Section/2/Information/4/Value/StringWithMarkup/19/Markup/0/Start,number,1
/Record/Section/8/Section/2/Information/4/Value/StringWithMarkup/19/Markup/0/Length,number,1
/Record/Section/8/Section/2/Information/4/Value/StringWithMarkup/19/Markup/0/Type,string,Superscript
/Record/Section/8/Section/2/Information/4/Value/StringWithMarkup/20/String,string,IT=100%
/Record/Section/8/Section/2/Information/4/Value/StringWithMarkup/21/String,string,β-=100%
/Record/Section/8/Section/2/Information/4/Value/StringWithMarkup/21/Markup/0/Start,number,1
/Record/Section/8/Section/2/Information/4/Value/StringWithMarkup/21/Markup/0/Length,number,1
/Record/Section/8/Section/2/Information/4/Value/StringWithMarkup/21/Markup/0/Type,string,Superscript
/Record/Section/8/Section/2/Information/4/Value/StringWithMarkup/22/String,string,β- ?; IT ?
/Record/Section/8/Section/2/Information/4/Value/StringWithMarkup/22/Markup/0/Start,number,1
/Record/Section/8/Section/2/Information/4/Value/StringWithMarkup/22/Markup/0/Length,number,1
/Record/Section/8/Section/2/Information/4/Value/StringWithMarkup/22/Markup/0/Type,string,Superscript
/Record/Section/8/Section/2/Information/4/Value/StringWithMarkup/23/String,string,β-=100%
/Record/Section/8/Section/2/Information/4/Value/StringWithMarkup/23/Markup/0/Start,number,1
/Record/Section/8/Section/2/Information/4/Value/StringWithMarkup/23/Markup/0/Length,number,1
/Record/Section/8/Section/2/Information/4/Value/StringWithMarkup/23/Markup/0/Type,string,Superscript
/Record/Section/8/Section/2/Information/4/Value/StringWithMarkup/24/String,string,IT=75±2.5%; β- ?
/Record/Section/8/Section/2/Information/4/Value/StringWithMarkup/24/Markup/0/Start,number,13
/Record/Section/8/Section/2/Information/4/Value/StringWithMarkup/24/Markup/0/Length,number,1
/Record/Section/8/Section/2/Information/4/Value/StringWithMarkup/24/Markup/0/Type,string,Superscript
/Record/Section/8/Section/2/Information/4/Value/StringWithMarkup/25/String,string,β-=100%
/Record/Section/8/Section/2/Information/4/Value/StringWithMarkup/25/Markup/0/Start,number,1
/Record/Section/8/Section/2/Information/4/Value/StringWithMarkup/25/Markup/0/Length,number,1
/Record/Section/8/Section/2/Information/4/Value/StringWithMarkup/25/Markup/0/Type,string,Superscript
/Record/Section/8/Section/2/Information/4/Value/StringWithMarkup/26/String,string,β-=100%
/Record/Section/8/Section/2/Information/4/Value/StringWithMarkup/26/Markup/0/Start,number,1
/Record/Section/8/Section/2/Information/4/Value/StringWithMarkup/26/Markup/0/Length,number,1
/Record/Section/8/Section/2/Information/4/Value/StringWithMarkup/26/Markup/0/Type,string,Superscript
/Record/Section/8/Section/2/Information/4/Value/StringWithMarkup/27/String,string,"β-=100[gs=12,m=88]"
/Record/Section/8/Section/2/Information/4/Value/StringWithMarkup/27/Markup/0/Start,number,1
/Record/Section/8/Section/2/Information/4/Value/StringWithMarkup/27/Markup/0/Length,number,1
/Record/Section/8/Section/2/Information/4/Value/StringWithMarkup/27/Markup/0/Type,string,Superscript
/Record/Section/8/Section/2/Information/4/Value/StringWithMarkup/28/String,string,β-=100%
/Record/Section/8/Section/2/Information/4/Value/StringWithMarkup/28/Markup/0/Start,number,1
/Record/Section/8/Section/2/Information/4/Value/StringWithMarkup/28/Markup/0/Length,number,1
/Record/Section/8/Section/2/Information/4/Value/StringWithMarkup/28/Markup/0/Type,string,Superscript
/Record/Section/8/Section/2/Information/4/Value/StringWithMarkup/29/String,string,IT=100%
/Record/Section/8/Section/2/Information/4/Value/StringWithMarkup/30/String,string,β-=100%; β-n=0.089±1.9%
/Record/Section/8/Section/2/Information/4/Value/StringWithMarkup/30/Markup/0/Start,number,1
/Record/Section/8/Section/2/Information/4/Value/StringWithMarkup/30/Markup/0/Length,number,1
/Record/Section/8/Section/2/Information/4/Value/StringWithMarkup/30/Markup/0/Type,string,Superscript
/Record/Section/8/Section/2/Information/4/Value/StringWithMarkup/30/Markup/1/Start,number,10
/Record/Section/8/Section/2/Information/4/Value/StringWithMarkup/30/Markup/1/Length,number,1
/Record/Section/8/Section/2/Information/4/Value/StringWithMarkup/30/Markup/1/Type,string,Superscript
/Record/Section/8/Section/2/Information/4/Value/StringWithMarkup/31/String,string,β-=100%; β-n=0.86±0.7%
/Record/Section/8/Section/2/Information/4/Value/StringWithMarkup/31/Markup/0/Start,number,1
/Record/Section/8/Section/2/Information/4/Value/StringWithMarkup/31/Markup/0/Length,number,1
/Record/Section/8/Section/2/Information/4/Value/StringWithMarkup/31/Markup/0/Type,string,Superscript
/Record/Section/8/Section/2/Information/4/Value/StringWithMarkup/31/Markup/1/Start,number,10
/Record/Section/8/Section/2/Information/4/Value/StringWithMarkup/31/Markup/1/Length,number,1
/Record/Section/8/Section/2/Information/4/Value/StringWithMarkup/31/Markup/1/Type,string,Superscript
/Record/Section/8/Section/2/Information/4/Value/StringWithMarkup/32/String,string,β-≈100%; β-n ?; IT ?
/Record/Section/8/Section/2/Information/4/Value/StringWithMarkup/32/Markup/0/Start,number,1
/Record/Section/8/Section/2/Information/4/Value/StringWithMarkup/32/Markup/0/Length,number,1
/Record/Section/8/Section/2/Information/4/Value/StringWithMarkup/32/Markup/0/Type,string,Superscript
/Record/Section/8/Section/2/Information/4/Value/StringWithMarkup/32/Markup/1/Start,number,10
/Record/Section/8/Section/2/Information/4/Value/StringWithMarkup/32/Markup/1/Length,number,1
/Record/Section/8/Section/2/Information/4/Value/StringWithMarkup/32/Markup/1/Type,string,Superscript
/Record/Section/8/Section/2/Information/4/Value/StringWithMarkup/33/String,string,β-=100%; β-n=12.5±0.5%
/Record/Section/8/Section/2/Information/4/Value/StringWithMarkup/33/Markup/0/Start,number,1
/Record/Section/8/Section/2/Information/4/Value/StringWithMarkup/33/Markup/0/Length,number,1
/Record/Section/8/Section/2/Information/4/Value/StringWithMarkup/33/Markup/0/Type,string,Superscript
/Record/Section/8/Section/2/Information/4/Value/StringWithMarkup/33/Markup/1/Start,number,10
/Record/Section/8/Section/2/Information/4/Value/StringWithMarkup/33/Markup/1/Length,number,1
/Record/Section/8/Section/2/Information/4/Value/StringWithMarkup/33/Markup/1/Type,string,Superscript
/Record/Section/8/Section/2/Information/4/Value/StringWithMarkup/34/String,string,β-=100%; β-n=21.2±1%; β-2n ?
/Record/Section/8/Section/2/Information/4/Value/StringWithMarkup/34/Markup/0/Start,number,1
/Record/Section/8/Section/2/Information/4/Value/StringWithMarkup/34/Markup/0/Length,number,1
/Record/Section/8/Section/2/Information/4/Value/StringWithMarkup/34/Markup/0/Type,string,Superscript
/Record/Section/8/Section/2/Information/4/Value/StringWithMarkup/34/Markup/1/Start,number,10
/Record/Section/8/Section/2/Information/4/Value/StringWithMarkup/34/Markup/1/Length,number,1
/Record/Section/8/Section/2/Information/4/Value/StringWithMarkup/34/Markup/1/Type,string,Superscript
/Record/Section/8/Section/2/Information/4/Value/StringWithMarkup/34/Markup/2/Start,number,23
/Record/Section/8/Section/2/Information/4/Value/StringWithMarkup/34/Markup/2/Length,number,1
/Record/Section/8/Section/2/Information/4/Value/StringWithMarkup/34/Markup/2/Type,string,Superscript
/Record/Section/8/Section/2/Information/4/Value/StringWithMarkup/35/String,string,IT=100%
/Record/Section/8/Section/2/Information/4/Value/StringWithMarkup/36/String,string,β-=100%; β-n=85±0.4%; β-2n ?
/Record/Section/8/Section/2/Information/4/Value/StringWithMarkup/36/Markup/0/Start,number,1
/Record/Section/8/Section/2/Information/4/Value/StringWithMarkup/36/Markup/0/Length,number,1
/Record/Section/8/Section/2/Information/4/Value/StringWithMarkup/36/Markup/0/Type,string,Superscript
/Record/Section/8/Section/2/Information/4/Value/StringWithMarkup/36/Markup/1/Start,number,10
/Record/Section/8/Section/2/Information/4/Value/StringWithMarkup/36/Markup/1/Length,number,1
/Record/Section/8/Section/2/Information/4/Value/StringWithMarkup/36/Markup/1/Type,string,Superscript
/Record/Section/8/Section/2/Information/4/Value/StringWithMarkup/36/Markup/2/Start,number,23
/Record/Section/8/Section/2/Information/4/Value/StringWithMarkup/36/Markup/2/Length,number,1
/Record/Section/8/Section/2/Information/4/Value/StringWithMarkup/36/Markup/2/Type,string,Superscript
/Record/Section/8/Section/2/Information/4/Value/StringWithMarkup/37/String,string,β-=100%; β-n=43±0.4%; β-2n=1.6±0.2%
/Record/Section/8/Section/2/Information/4/Value/StringWithMarkup/37/Markup/0/Start,number,1
/Record/Section/8/Section/2/Information/4/Value/StringWithMarkup/37/Markup/0/Length,number,1
/Record/Section/8/Section/2/Information/4/Value/StringWithMarkup/37/Markup/0/Type,string,Superscript
/Record/Section/8/Section/2/Information/4/Value/StringWithMarkup/37/Markup/1/Start,number,10
/Record/Section/8/Section/2/Information/4/Value/StringWithMarkup/37/Markup/1/Length,number,1
/Record/Section/8/Section/2/Information/4/Value/StringWithMarkup/37/Markup/1/Type,string,Superscript
/Record/Section/8/Section/2/Information/4/Value/StringWithMarkup/37/Markup/2/Start,number,23
/Record/Section/8/Section/2/Information/4/Value/StringWithMarkup/37/Markup/2/Length,number,1
/Record/Section/8/Section/2/Information/4/Value/StringWithMarkup/37/Markup/2/Type,string,Superscript
/Record/Section/8/Section/2/Information/4/Value/StringWithMarkup/38/String,string,β- ?; IT ?
/Record/Section/8/Section/2/Information/4/Value/StringWithMarkup/38/Markup/0/Start,number,1
/Record/Section/8/Section/2/Information/4/Value/StringWithMarkup/38/Markup/0/Length,number,1
/Record/Section/8/Section/2/Information/4/Value/StringWithMarkup/38/Markup/0/Type,string,Superscript
/Record/Section/8/Section/2/Information/4/Value/StringWithMarkup/39/String,string,β-=100%; β-n=77±0.4%; β-2n=1.3±0.2%
/Record/Section/8/Section/2/Information/4/Value/StringWithMarkup/39/Markup/0/Start,number,1
/Record/Section/8/Section/2/Information/4/Value/StringWithMarkup/39/Markup/0/Length,number,1
/Record/Section/8/Section/2/Information/4/Value/StringWithMarkup/39/Markup/0/Type,string,Superscript
/Record/Section/8/Section/2/Information/4/Value/StringWithMarkup/39/Markup/1/Start,number,10
/Record/Section/8/Section/2/Information/4/Value/StringWithMarkup/39/Markup/1/Length,number,1
/Record/Section/8/Section/2/Information/4/Value/StringWithMarkup/39/Markup/1/Type,string,Superscript
/Record/Section/8/Section/2/Information/4/Value/StringWithMarkup/39/Markup/2/Start,number,23
/Record/Section/8/Section/2/Information/4/Value/StringWithMarkup/39/Markup/2/Length,number,1
/Record/Section/8/Section/2/Information/4/Value/StringWithMarkup/39/Markup/2/Type,string,Superscript
/Record/Section/8/Section/2/Information/4/Value/StringWithMarkup/40/String,string,β-=100%; β-n=69±0.6%; β-2n=16.2±1.1%
/Record/Section/8/Section/2/Information/4/Value/StringWithMarkup/40/Markup/0/Start,number,1
/Record/Section/8/Section/2/Information/4/Value/StringWithMarkup/40/Markup/0/Length,number,1
/Record/Section/8/Section/2/Information/4/Value/StringWithMarkup/40/Markup/0/Type,string,Superscript
/Record/Section/8/Section/2/Information/4/Value/StringWithMarkup/40/Markup/1/Start,number,10
/Record/Section/8/Section/2/Information/4/Value/StringWithMarkup/40/Markup/1/Length,number,1
/Record/Section/8/Section/2/Information/4/Value/StringWithMarkup/40/Markup/1/Type,string,Superscript
/Record/Section/8/Section/2/Information/4/Value/StringWithMarkup/40/Markup/2/Start,number,23
/Record/Section/8/Section/2/Information/4/Value/StringWithMarkup/40/Markup/2/Length,number,1
/Record/Section/8/Section/2/Information/4/Value/StringWithMarkup/40/Markup/2/Type,string,Superscript
/Record/Section/8/Section/2/Information/4/Value/StringWithMarkup/41/String,string,β-=100%; β-n=81±1.2%; β-2n=10.2±0.28%
/Record/Section/8/Section/2/Information/4/Value/StringWithMarkup/41/Markup/0/Start,number,1
/Record/Section/8/Section/2/Information/4/Value/StringWithMarkup/41/Markup/0/Length,number,1
/Record/Section/8/Section/2/Information/4/Value/StringWithMarkup/41/Markup/0/Type,string,Superscript
/Record/Section/8/Section/2/Information/4/Value/StringWithMarkup/41/Markup/1/Start,number,10
/Record/Section/8/Section/2/Information/4/Value/StringWithMarkup/41/Markup/1/Length,number,1
/Record/Section/8/Section/2/Information/4/Value/StringWithMarkup/41/Markup/1/Type,string,Superscript
/Record/Section/8/Section/2/Information/4/Value/StringWithMarkup/41/Markup/2/Start,number,23
/Record/Section/8/Section/2/Information/4/Value/StringWithMarkup/41/Markup/2/Length,number,1
/Record/Section/8/Section/2/Information/4/Value/StringWithMarkup/41/Markup/2/Type,string,Superscript
/Record/Section/8/Section/2/Information/4/Value/StringWithMarkup/42/String,string,β- ?; β-n ?
/Record/Section/8/Section/2/Information/4/Value/StringWithMarkup/42/Markup/0/Start,number,1
/Record/Section/8/Section/2/Information/4/Value/StringWithMarkup/42/Markup/0/Length,number,1
/Record/Section/8/Section/2/Information/4/Value/StringWithMarkup/42/Markup/0/Type,string,Superscript
/Record/Section/8/Section/2/Information/4/Value/StringWithMarkup/42/Markup/1/Start,number,7
/Record/Section/8/Section/2/Information/4/Value/StringWithMarkup/42/Markup/1/Length,number,1
/Record/Section/8/Section/2/Information/4/Value/StringWithMarkup/42/Markup/1/Type,string,Superscript
/Record/Reference/0/ReferenceNumber,number,1
/Record/Reference/0/SourceName,string,PubChem
/Record/Reference/0/SourceID,string,PubChem
/Record/Reference/0/Description,string,Data deposited in or computed by PubChem
/Record/Reference/0/URL,string,https://pubchem.ncbi.nlm.nih.gov
/Record/Reference/1/ReferenceNumber,number,2
/Record/Reference/1/SourceName,string,"Atomic Mass Data Center (AMDC), International Atomic Energy Agency (IAEA)"
/Record/Reference/1/SourceID,string,e31
/Record/Reference/1/Name,string,Ga
/Record/Reference/1/Description,string,The half-life and atomic mass data was provided by the Atomic Mass Data Center at the International Atomic Energy Agency.
/Record/Reference/1/URL,string,https://www-nds.iaea.org/amdc/
/Record/Reference/1/LicenseURL,string,https://www-nds.iaea.org/disclaimer.html
/Record/Reference/1/ANID,number,6590258
/Record/Reference/2/ReferenceNumber,number,3
/Record/Reference/2/SourceName,string,IUPAC Commission on Isotopic Abundances and Atomic Weights (CIAAW)
/Record/Reference/2/SourceID,string,a31
/Record/Reference/2/Name,string,Gallium
/Record/Reference/2/Description,string,Element data are cited from the Atomic weights of the elements (an IUPAC Technical Report). The IUPAC periodic table of elements can be found at https://iupac.org/what-we-do/periodic-table-of-elements/. Additional information can be found within IUPAC publication doi:10.1515/pac-2015-0703 Copyright © 2020 International Union of Pure and Applied Chemistry.
/Record/Reference/2/URL,string,https://www.ciaaw.org/gallium.htm
/Record/Reference/2/LicenseURL,string,http://www.ciaaw.org/bylaws.htm
/Record/Reference/2/ANID,number,2292412
/Record/Reference/3/ReferenceNumber,number,5
/Record/Reference/3/SourceName,string,"Jefferson Lab, U.S. Department of Energy"
/Record/Reference/3/SourceID,string,jlab31
/Record/Reference/3/Name,string,Gallium
/Record/Reference/3/Description,string,"Thomas Jefferson National Accelerator Facility (Jefferson Lab) is one of 17 national laboratories funded by the U.S. Department of Energy. The lab's primary mission is to conduct basic research of the atom's nucleus using the lab's unique particle accelerator, known as the Continuous Electron Beam Accelerator Facility (CEBAF). For more information visit https://www.jlab.org/"
/Record/Reference/3/URL,string,https://education.jlab.org/itselemental/ele031.html
/Record/Reference/3/LicenseNote,string,Please see citation and linking information: https://education.jlab.org/faq/index.html
/Record/Reference/3/LicenseURL,string,https://www.jlab.org/privacy-and-security-notice
/Record/Reference/3/ANID,number,507093
/Record/Reference/4/ReferenceNumber,number,6
/Record/Reference/4/SourceName,string,"Los Alamos National Laboratory, U.S. Department of Energy"
/Record/Reference/4/SourceID,string,lanl31
/Record/Reference/4/Name,string,Gallium
/Record/Reference/4/Description,string,"The periodic table at the LANL (Los Alamos National Laboratory) contains basic element information together with the history, source, properties, use, handling and more. The provenance data may be found from the link under the source name."
/Record/Reference/4/URL,string,https://periodic.lanl.gov/31.shtml
/Record/Reference/4/ANID,number,507211
/Record/Reference/5/ReferenceNumber,number,7
/Record/Reference/5/SourceName,string,NIST Physical Measurement Laboratory
/Record/Reference/5/SourceID,string,e31
/Record/Reference/5/Name,string,Gallium
/Record/Reference/5/Description,string,"The periodic table contains NIST's critically-evaluated data on atomic properties of the elements. The provenance data that include data for atomic spectroscopy, X-ray and gamma ray, radiation dosimetry, nuclear physics, and condensed matter physics may be found from the link under the source name. Ref: https://www.nist.gov/pml/atomic-spectra-database"
/Record/Reference/5/URL,string,https://physics.nist.gov/cgi-bin/Elements/elInfo.pl?element=31
/Record/Reference/5/LicenseURL,string,https://www.nist.gov/pml/database-disclaimer
/Record/Reference/5/ANID,number,2292648
/Record/Reference/6/ReferenceNumber,number,4
/Record/Reference/6/SourceName,string,IUPAC Periodic Table of the Elements and Isotopes (IPTEI)
/Record/Reference/6/SourceID,string,p31
/Record/Reference/6/Description,string,"The information are cited from Pure Appl. Chem. 2018; 90(12): 1833-2092, https://doi.org/10.1515/pac-2015-0703."
/Record/Reference/6/URL,string,https://doi.org/10.1515/pac-2015-0703
/Record/Reference/6/LicenseNote,string,"Copyright (c) 2020 International Union of Pure and Applied Chemistry.

The International Union of Pure and Applied Chemistry (IUPAC) contribution within Pubchem is provided under a CC-BY-NC-ND 4.0 license, unless otherwise stated."
/Record/Reference/6/LicenseURL,string,https://creativecommons.org/licenses/by-nc-nd/4.0/
/Record/Reference/6/ANID,number,13296436
/Record/Reference/7/ReferenceNumber,number,9
/Record/Reference/7/SourceName,string,PubChem Elements
/Record/Reference/7/SourceID,string,ep_31
/Record/Reference/7/Name,string,Gallium
/Record/Reference/7/Description,string,The element property data was retrieved from publications.
/Record/Reference/7/LicenseURL,string,https://www.nlm.nih.gov/copyright.html
/Record/Reference/7/ANID,number,24834098
/Record/Reference/8/ReferenceNumber,number,8
/Record/Reference/8/SourceName,string,PubChem Elements
/Record/Reference/8/SourceID,string,ef_31
/Record/Reference/8/Name,string,Gallium
/Record/Reference/8/Description,string,This section provides all form of data related to element Gallium.
/Record/Reference/8/LicenseURL,string,https://www.nlm.nih.gov/copyright.html
/Record/Reference/8/ANID,number,24833959
