path,type,value
/Record/RecordType,string,AtomicNumber
/Record/RecordNumber,number,66
/Record/RecordTitle,string,Dysprosium
/Record/Section/0/TOCHeading,string,Identifiers
/Record/Section/0/Description,string,"Identifiers for this element, including element name, element symbol, InChI string, and InChIKey."
/Record/Section/0/Section/0/TOCHeading,string,Element Name
/Record/Section/0/Section/0/Description,string,"The formal, standard name for a given element, originating from factors such as common usage and the person or place involved in its discovery. Element, also called chemical element, refers to a species of atom; all varieties of atoms with the same number of protons in the nucleus (but possibly a different number of neutrons) are considered to be the same element."
/Record/Section/0/Section/0/Information/0/ReferenceNumber,number,1
/Record/Section/0/Section/0/Information/0/Name,string,Element Name
/Record/Section/0/Section/0/Information/0/Value/StringWithMarkup/0/String,string,Dysprosium
/Record/Section/0/Section/0/Information/1/ReferenceNumber,number,3
/Record/Section/0/Section/0/Information/1/Name,string,Element Name
/Record/Section/0/Section/0/Information/1/Value/StringWithMarkup/0/String,string,Dysprosium
/Record/Section/0/Section/1/TOCHeading,string,Element Symbol
/Record/Section/0/Section/1/Description,string,"Element symbol, also called atomic symbol, typically consists of one or two letters from the Latin alphabet derived from the element name in one of several languages."
/Record/Section/0/Section/1/Information/0/ReferenceNumber,number,1
/Record/Section/0/Section/1/Information/0/Name,string,Element Symbol
/Record/Section/0/Section/1/Information/0/Value/StringWithMarkup/0/String,string,Dy
/Record/Section/0/Section/1/Information/1/ReferenceNumber,number,3
/Record/Section/0/Section/1/Information/1/Name,string,Element Symbol
/Record/Section/0/Section/1/Information/1/Value/StringWithMarkup/0/String,string,Dy
/Record/Section/0/Section/2/TOCHeading,string,InChI
/Record/Section/0/Section/2/Description,string,"The International Chemical Identifier (InChI) is a computed, non-proprietary identifier for a chemical structure.  The InChI is an International Union of Pure and Applied Chemistry (IUPAC) standard."
/Record/Section/0/Section/2/URL,string,https://iupac.org/who-we-are/divisions/division-details/inchi/
/Record/Section/0/Section/2/Information/0/ReferenceNumber,number,1
/Record/Section/0/Section/2/Information/0/Name,string,InChI
/Record/Section/0/Section/2/Information/0/Value/StringWithMarkup/0/String,string,InChI=1S/Dy
/Record/Section/0/Section/3/TOCHeading,string,InChIKey
/Record/Section/0/Section/3/Description,string,"An InChIKey is a 27-character hashed code derived from an InChI.  The International Chemical Identifier (InChI) is a computed, non-proprietary identifier for a chemical structure.  The InChI is an International Union of Pure and Applied Chemistry (IUPAC) standard."
/Record/Section/0/Section/3/URL,string,https://iupac.org/who-we-are/divisions/division-details/inchi/
/Record/Section/0/Section/3/Information/0/ReferenceNumber,number,1
/Record/Section/0/Section/3/Information/0/Name,string,InChIKey
/Record/Section/0/Section/3/Information/0/Value/StringWithMarkup/0/String,string,KBQHZAAAGSGFKK-UHFFFAOYSA-N
/Record/Section/1/TOCHeading,string,Properties
/Record/Section/1/Description,string,"Characteristics of this element, such as atomic number, atomic mass, density, melting point, boiling point and so on."
/Record/Section/1/Section/0/TOCHeading,string,Atomic Weight
/Record/Section/1/Section/0/Description,string,"Also called relative atomic mass, is the ratio of the average mass of the atom to the unified atomic mass unit, defined as one twelfth of the mass of a carbon-12 atom in its ground state and used to express masses of atomic particles, u=1.660 5402(10) * 10**(-27) kg. The Standard atomic weights refer to recommended values of relative atomic masses of the elements revised biennially by the IUPAC Commission on Atomic Weights and Isotopic Abundances and applicable to elements in any normal sample with a high level of confidence. The number in the parenthesis refers to an uncertainty when exists. The unit of atomic weight is the dalton or unified atomic mass unit (symbol: Da or u)."
/Record/Section/1/Section/0/Information/0/ReferenceNumber,number,3
/Record/Section/1/Section/0/Information/0/Name,string,Atomic Weight
/Record/Section/1/Section/0/Information/0/Value/StringWithMarkup/0/String,string,162.500(1)
/Record/Section/1/Section/0/Information/1/ReferenceNumber,number,5
/Record/Section/1/Section/0/Information/1/Value/StringWithMarkup/0/String,string,162.500
/Record/Section/1/Section/0/Information/2/ReferenceNumber,number,6
/Record/Section/1/Section/0/Information/2/Value/StringWithMarkup/0/String,string,162.5
/Record/Section/1/Section/0/Information/3/ReferenceNumber,number,7
/Record/Section/1/Section/0/Information/3/Value/StringWithMarkup/0/String,string,162.500(1)
/Record/Section/1/Section/1/TOCHeading,string,Electron Configuration
/Record/Section/1/Section/1/Description,string,"The electron configuration refers a distribution of the electrons of an atom or a molecular entity over a set of one-electron wavefunctions (called orbitals), according to the Pauli principle. From one configuration several states with different multiplicities may result."
/Record/Section/1/Section/1/URL,string,https://chem.libretexts.org/Courses/Sacramento_City_College/SCC%3A_Chem_420_-_Organic_Chemistry_I/Text/01%3A_Introduction_and_Review/1.04%3A_Electron_Configurations
/Record/Section/1/Section/1/Information/0/ReferenceNumber,number,6
/Record/Section/1/Section/1/Information/0/Value/StringWithMarkup/0/String,string,[Xe]6s24f10
/Record/Section/1/Section/1/Information/0/Value/StringWithMarkup/0/Markup/0/Start,number,6
/Record/Section/1/Section/1/Information/0/Value/StringWithMarkup/0/Markup/0/Length,number,1
/Record/Section/1/Section/1/Information/0/Value/StringWithMarkup/0/Markup/0/Type,string,Superscript
/Record/Section/1/Section/1/Information/0/Value/StringWithMarkup/0/Markup/1/Start,number,9
/Record/Section/1/Section/1/Information/0/Value/StringWithMarkup/0/Markup/1/Length,number,2
/Record/Section/1/Section/1/Information/0/Value/StringWithMarkup/0/Markup/1/Type,string,Superscript
/Record/Section/1/Section/2/TOCHeading,string,Atomic Radius
/Record/Section/1/Section/2/Description,string,"The atomic radius of a chemical element is a measure of the size of its atom, usually, the distance from the center of the nucleus to the outermost isolated electron.  Because an atom does not have a discrete boundary, there are various non-equivalent definitions of atomic radius, such as Van der Waals radius and covalent radius."
/Record/Section/1/Section/2/Information/0/ReferenceNumber,number,6
/Record/Section/1/Section/2/Information/0/Name,string,Van der Waals Atomic Radius
/Record/Section/1/Section/2/Information/0/Value/StringWithMarkup/0/String,string,229 pm (Van der Waals)
/Record/Section/1/Section/2/Information/1/ReferenceNumber,number,9
/Record/Section/1/Section/2/Information/1/Name,string,Empirical Atomic Radius
/Record/Section/1/Section/2/Information/1/Reference/0,string,"J.C. Slater, J Chem Phys, 1964, 41(10), 3199-3205. DOI:10.1063/1.1725697"
/Record/Section/1/Section/2/Information/1/ExtendedReference/0/Citation,string,"J.C. Slater, J Chem Phys, 1964, 41(10), 3199-3205. DOI:10.1063/1.1725697"
/Record/Section/1/Section/2/Information/1/Value/Number/0,number,175
/Record/Section/1/Section/2/Information/1/Value/Unit,string,pm (Empirical)
/Record/Section/1/Section/2/Information/2/ReferenceNumber,number,9
/Record/Section/1/Section/2/Information/2/Name,string,Covalent Atomic Radius
/Record/Section/1/Section/2/Information/2/Reference/0,string,"B. Cordero, V. Gómez, A.E. Platero-Prats, M. Revés, J. Echeverría, E. Cremades, F. Barragán, S. Alvarez, Dalton Trans. 2008, 21, 2832-2838. DOI:10.1039/b801115j PMID:18478144."
/Record/Section/1/Section/2/Information/2/ExtendedReference/0/Citation,string,"B. Cordero, V. Gómez, A.E. Platero-Prats, M. Revés, J. Echeverría, E. Cremades, F. Barragán, S. Alvarez, Dalton Trans. 2008, 21, 2832-2838. DOI:10.1039/b801115j PMID:18478144."
/Record/Section/1/Section/2/Information/2/Value/StringWithMarkup/0/String,string,192(7) pm (Covalent)
/Record/Section/1/Section/3/TOCHeading,string,Oxidation States
/Record/Section/1/Section/3/Description,string,"The oxidation state(s) that this element commonly has in a compound.  The oxidation state of an atom is defined as the hypothetical charge that would be held by that atom if all of its bonds to other atoms were completely ionic in nature. For example, the oxidation state of carbon in CO2 would be +4 since the hypothetical charge held by the carbon atom if both of the carbon-oxygen double bonds were completely ionic would be equal to +4 (each oxygen atom would hold a charge of -2 since oxygen is more electronegative than carbon)."
/Record/Section/1/Section/3/URL,string,https://chem.libretexts.org/Bookshelves/General_Chemistry/Map%3A_Chemistry_-_The_Central_Science_(Brown_et_al.)/20%3A_Electrochemistry/20.01%3A_Oxidation_States_and_Redox_Reactions
/Record/Section/1/Section/3/Information/0/ReferenceNumber,number,5
/Record/Section/1/Section/3/Information/0/Value/StringWithMarkup/0/String,string,+3
/Record/Section/1/Section/3/Information/1/ReferenceNumber,number,6
/Record/Section/1/Section/3/Information/1/Value/StringWithMarkup/0/String,string,"3, 2, 1 ​(a basic oxide)"
/Record/Section/1/Section/4/TOCHeading,string,Ground Level
/Record/Section/1/Section/4/Description,string,Also called ground-state level. The ground state electron configuration is the arrangement of electrons around the nucleus of an atom with lower energy levels.
/Record/Section/1/Section/4/Information/0/ReferenceNumber,number,7
/Record/Section/1/Section/4/Information/0/Value/StringWithMarkup/0/String,string,5I8
/Record/Section/1/Section/4/Information/0/Value/StringWithMarkup/0/Markup/0/Start,number,0
/Record/Section/1/Section/4/Information/0/Value/StringWithMarkup/0/Markup/0/Length,number,1
/Record/Section/1/Section/4/Information/0/Value/StringWithMarkup/0/Markup/0/Type,string,Superscript
/Record/Section/1/Section/4/Information/0/Value/StringWithMarkup/0/Markup/1/Start,number,2
/Record/Section/1/Section/4/Information/0/Value/StringWithMarkup/0/Markup/1/Length,number,1
/Record/Section/1/Section/4/Information/0/Value/StringWithMarkup/0/Markup/1/Type,string,Subscript
/Record/Section/1/Section/5/TOCHeading,string,Ionization Energy
/Record/Section/1/Section/5/Description,string,"Ionization energy, also called ionization potential, is the amount of energy required to remove an electron from an isolated atom or molecule."
/Record/Section/1/Section/5/URL,string,https://www.britannica.com/science/ionization-energy
/Record/Section/1/Section/5/Information/0/ReferenceNumber,number,5
/Record/Section/1/Section/5/Information/0/Value/StringWithMarkup/0/String,string,5.939 eV
/Record/Section/1/Section/5/Information/1/ReferenceNumber,number,7
/Record/Section/1/Section/5/Information/1/Reference/0,string,"Resonance Ionization Spectroscopy in Dysprosium, D. Studer, P. Dyrauf, P. Naubereit, R. Heinke, and K. Wendt, Hyperfine Interact. 238, 8 (2017) DOI:10.1007/s10751-016-1384-4"
/Record/Section/1/Section/5/Information/1/ExtendedReference/0/Citation,string,"Resonance Ionization Spectroscopy in Dysprosium, D. Studer, P. Dyrauf, P. Naubereit, R. Heinke, and K. Wendt, Hyperfine Interact. 238, 8 (2017) DOI:10.1007/s10751-016-1384-4"
/Record/Section/1/Section/5/Information/1/Value/StringWithMarkup/0/String,string,5.939061 ± 0.000006 eV
/Record/Section/1/Section/6/TOCHeading,string,Electronegativity
/Record/Section/1/Section/6/Description,string,Electronegativity is a measure of the tendency of an atom to attract a bonding pair of electrons.
/Record/Section/1/Section/6/URL,string,https://chem.libretexts.org/Bookshelves/Physical_and_Theoretical_Chemistry_Textbook_Maps/Supplemental_Modules_(Physical_and_Theoretical_Chemistry)/Physical_Properties_of_Matter/Atomic_and_Molecular_Properties/Electronegativity
/Record/Section/1/Section/6/Information/0/ReferenceNumber,number,9
/Record/Section/1/Section/6/Information/0/Name,string,Pauling Scale Electronegativity
/Record/Section/1/Section/6/Information/0/Reference/0,string,"A.L. Allred, J. Inorg. Nucl. Chem., 1961, 17(3-4), 215-221. DOI:10.1016/0022-1902(61)80142-5"
/Record/Section/1/Section/6/Information/0/ExtendedReference/0/Citation,string,"A.L. Allred, J. Inorg. Nucl. Chem., 1961, 17(3-4), 215-221. DOI:10.1016/0022-1902(61)80142-5"
/Record/Section/1/Section/6/Information/0/Value/Number/0,number,1.22
/Record/Section/1/Section/6/Information/0/Value/Unit,string,(Pauling Scale)
/Record/Section/1/Section/7/TOCHeading,string,Atomic Spectra
/Record/Section/1/Section/7/Description,string,The spectrum of the electromagnetic radiation emitted or absorbed by an electron during transitions between different energy levels within an atom.
/Record/Section/1/Section/7/Information/0/ReferenceNumber,number,7
/Record/Section/1/Section/7/Information/0/URL,string,https://physics.nist.gov/cgi-bin/ASD/lines_hold.pl?el=Dy
/Record/Section/1/Section/7/Information/0/Value/StringWithMarkup/0/String,string,Lines Holdings
/Record/Section/1/Section/7/Information/1/ReferenceNumber,number,7
/Record/Section/1/Section/7/Information/1/URL,string,https://physics.nist.gov/cgi-bin/ASD/levels_hold.pl?el=Dy
/Record/Section/1/Section/7/Information/1/Value/StringWithMarkup/0/String,string,Levels Holdings
/Record/Section/1/Section/8/TOCHeading,string,Physical Description
/Record/Section/1/Section/8/Description,string,"The appearance or features of this element, including color, odor, state, taste and more in general."
/Record/Section/1/Section/8/Information/0/ReferenceNumber,number,5
/Record/Section/1/Section/8/Information/0/Value/StringWithMarkup/0/String,string,Solid
/Record/Section/1/Section/9/TOCHeading,string,Element Classification
/Record/Section/1/Section/9/Description,string,"Classification according to the element's chemical and physical properties, and location within the periodic table."
/Record/Section/1/Section/9/Information/0/ReferenceNumber,number,5
/Record/Section/1/Section/9/Information/0/Value/StringWithMarkup/0/String,string,Metal
/Record/Section/1/Section/10/TOCHeading,string,Element Period Number
/Record/Section/1/Section/10/Description,string,The element period number refers to a horizontal row of the periodic table. The periodic table has 7 periods.
/Record/Section/1/Section/10/Information/0/ReferenceNumber,number,5
/Record/Section/1/Section/10/Information/0/Value/StringWithMarkup/0/String,string,6
/Record/Section/1/Section/11/TOCHeading,string,Element Group Number
/Record/Section/1/Section/11/Description,string,Element group refers to a set of chemical elements in the same vertical column of the periodic table
/Record/Section/1/Section/11/Information/0/ReferenceNumber,number,5
/Record/Section/1/Section/11/Information/0/Value/StringWithMarkup/0/String,string,- Lanthanide
/Record/Section/1/Section/12/TOCHeading,string,Density
/Record/Section/1/Section/12/Description,string,This section provides information on the density of an element. It is the mass of a unit volume of the element and commonly expressed in units of kg/m3 or g/cm3.
/Record/Section/1/Section/12/URL,string,https://chem.libretexts.org/Bookshelves/Introductory_Chemistry/Map%3A_Fundamentals_of_General_Organic_and_Biological_Chemistry_(McMurry_et_al.)/01%3A_Matter_and_Measurements/1.12%3A_Density_and_Specific_Gravity
/Record/Section/1/Section/12/Information/0/ReferenceNumber,number,5
/Record/Section/1/Section/12/Information/0/Value/StringWithMarkup/0/String,string,8.55 grams per cubic centimeter
/Record/Section/1/Section/13/TOCHeading,string,Melting Point
/Record/Section/1/Section/13/Description,string,"This section provides the melting point and/or freezing point. The melting point is the temperature at which a substance changes state from solid to liquid at atmospheric pressure. When considered as the temperature of the reverse change (from liquid to solid), it is referred to as the freezing point."
/Record/Section/1/Section/13/URL,string,https://chem.libretexts.org/Bookshelves/Organic_Chemistry/Organic_Chemistry_Lab_Techniques_(Nichols)/06%3A_Miscellaneous_Techniques/6.01%3A_Melting_Point
/Record/Section/1/Section/13/Information/0/ReferenceNumber,number,5
/Record/Section/1/Section/13/Information/0/Value/StringWithMarkup/0/String,string,1685 K (1412°C or 2574°F)
/Record/Section/1/Section/13/Information/1/ReferenceNumber,number,6
/Record/Section/1/Section/13/Information/1/Value/StringWithMarkup/0/String,string,1407°C
/Record/Section/1/Section/14/TOCHeading,string,Boiling Point
/Record/Section/1/Section/14/Description,string,The temperature at which this element changes state from liquid to gas at a given atmospheric pressure.
/Record/Section/1/Section/14/URL,string,https://chem.libretexts.org/Bookshelves/Organic_Chemistry/Organic_Chemistry_Lab_Techniques_(Nichols)/06%3A_Miscellaneous_Techniques/6.02%3A_Boiling_Point
/Record/Section/1/Section/14/Information/0/ReferenceNumber,number,5
/Record/Section/1/Section/14/Information/0/Value/StringWithMarkup/0/String,string,2840 K (2567°C or 4653°F)
/Record/Section/1/Section/14/Information/1/ReferenceNumber,number,6
/Record/Section/1/Section/14/Information/1/Value/StringWithMarkup/0/String,string,2562°C
/Record/Section/1/Section/15/TOCHeading,string,Estimated Crustal Abundance
/Record/Section/1/Section/15/Description,string,The estimated element abundance in the earth's crust.
/Record/Section/1/Section/15/Information/0/ReferenceNumber,number,5
/Record/Section/1/Section/15/Information/0/Value/StringWithMarkup/0/String,string,5.2 milligrams per kilogram
/Record/Section/1/Section/16/TOCHeading,string,Estimated Oceanic Abundance
/Record/Section/1/Section/16/Description,string,The estimated element abundance in the earth's oceans.
/Record/Section/1/Section/16/Information/0/ReferenceNumber,number,5
/Record/Section/1/Section/16/Information/0/Value/StringWithMarkup/0/String,string,9.1×10-7 milligrams per liter
/Record/Section/1/Section/16/Information/0/Value/StringWithMarkup/0/Markup/0/Start,number,6
/Record/Section/1/Section/16/Information/0/Value/StringWithMarkup/0/Markup/0/Length,number,2
/Record/Section/1/Section/16/Information/0/Value/StringWithMarkup/0/Markup/0/Type,string,Superscript
/Record/Section/2/TOCHeading,string,History
/Record/Section/2/Description,string,The history of the discovery and use of this element.
/Record/Section/2/Information/0/ReferenceNumber,number,3
/Record/Section/2/Information/0/Name,string,History
/Record/Section/2/Information/0/Value/StringWithMarkup/0/String,string,"The name derives from the Greek dysprositos for ""hard to get at"", owing to the difficulty in separating this rare earth element from a holmium mineral in which it was found. It was discovered by the Swiss chemist Marc Delafontaine in the mineral samarskite in 1878 and called philippia. Philippia was subsequently thought to be a mixture of terbium and yttrium. It was later rediscovered in a holmium sample by the French chemist Paul-Emile Lecoq de Boisbaudran in 1886, who was then credited with the discovery. Dysprosium was first isolated by the French chemist Georges Urbain in 1906."
/Record/Section/2/Information/0/Value/StringWithMarkup/0/Markup/0/Start,number,32
/Record/Section/2/Information/0/Value/StringWithMarkup/0/Markup/0/Length,number,11
/Record/Section/2/Information/0/Value/StringWithMarkup/0/Markup/0/Type,string,Italics
/Record/Section/2/Information/1/ReferenceNumber,number,5
/Record/Section/2/Information/1/Value/StringWithMarkup/0/String,string,"Dysprosium was discovered by Paul-Émile Lecoq de Boisbaudran, a French chemist, in 1886 as an impurity in erbia, the oxide of erbium. The metal was isolated by Georges Urbain, another French chemist, in 1906. Pure samples of dysprosium were first produced in the 1950s. Today, dysprosium is primarily obtained through an ion exchange process from monazite sand ((Ce, La, Th, Nd, Y)PO4), a material rich in rare earth elements."
/Record/Section/2/Information/1/Value/StringWithMarkup/0/Markup/0/Start,number,383
/Record/Section/2/Information/1/Value/StringWithMarkup/0/Markup/0/Length,number,1
/Record/Section/2/Information/1/Value/StringWithMarkup/0/Markup/0/Type,string,Subscript
/Record/Section/2/Information/2/ReferenceNumber,number,6
/Record/Section/2/Information/2/Value/StringWithMarkup/0/String,string,"From the Greek word dysprositos, meaning hard to get at. Dysprosium was discovered in 1886 by Lecoq de Boisbaudran, but not isolated. Neither the oxide nor the metal was available in relatively pure form until 1950, when the development of ion-exchange separation and metallographic reduction techniques were created by Spedding and associates. Dysprosium occurs along with other so-called rare-earth or lanthanide elements in a variety of minerals such as xenotime, fergusonite, gadolinite, euxenite, polycrase, and blomstrandine. The most important sources, however, are from monaziate and bastnasite. Dysprosium can be prepared by reduction of the trifluoride with calcium."
/Record/Section/2/Section/0/TOCHeading,string,Historical Atomic Weights
/Record/Section/2/Section/0/Description,string,This section provides the historical atomic weights. The atomic weight shown in brackets means the value range while others shown with uncertainty in parenthesis.
/Record/Section/2/Section/0/DisplayControls/CreateTable/FromInformationIn,string,ThisSection
/Record/Section/2/Section/0/DisplayControls/CreateTable/NumberOfColumns,number,3
/Record/Section/2/Section/0/DisplayControls/CreateTable/ColumnsFromNamedLists/Name/0,string,Year
/Record/Section/2/Section/0/DisplayControls/CreateTable/ColumnsFromNamedLists/Name/1,string,Atomic Weight (uncertainty) [u]
/Record/Section/2/Section/0/DisplayControls/CreateTable/ColumnsFromNamedLists/Name/2,string,Reference
/Record/Section/2/Section/0/DisplayControls/CreateTable/ColumnsFromNamedLists/UseNamesAsColumnHeadings,boolean,true
/Record/Section/2/Section/0/Information/0/ReferenceNumber,number,3
/Record/Section/2/Section/0/Information/0/Name,string,Year
/Record/Section/2/Section/0/Information/0/Value/StringWithMarkup/0/String,string,2001
/Record/Section/2/Section/0/Information/0/Value/StringWithMarkup/1/String,string,1969
/Record/Section/2/Section/0/Information/0/Value/StringWithMarkup/2/String,string,1961
/Record/Section/2/Section/0/Information/0/Value/StringWithMarkup/3/String,string,1955
/Record/Section/2/Section/0/Information/0/Value/StringWithMarkup/4/String,string,1931
/Record/Section/2/Section/0/Information/0/Value/StringWithMarkup/5/String,string,1925
/Record/Section/2/Section/0/Information/0/Value/StringWithMarkup/6/String,string,1908
/Record/Section/2/Section/0/Information/1/ReferenceNumber,number,3
/Record/Section/2/Section/0/Information/1/Name,string,Atomic Weight (uncertainty)
/Record/Section/2/Section/0/Information/1/Value/StringWithMarkup/0/String,string,162.500(1)
/Record/Section/2/Section/0/Information/1/Value/StringWithMarkup/1/String,string,162.50(3)
/Record/Section/2/Section/0/Information/1/Value/StringWithMarkup/2/String,string,162.50
/Record/Section/2/Section/0/Information/1/Value/StringWithMarkup/3/String,string,162.51
/Record/Section/2/Section/0/Information/1/Value/StringWithMarkup/4/String,string,162.46
/Record/Section/2/Section/0/Information/1/Value/StringWithMarkup/5/String,string,162.52
/Record/Section/2/Section/0/Information/1/Value/StringWithMarkup/6/String,string,162.5
/Record/Section/2/Section/0/Information/2/ReferenceNumber,number,3
/Record/Section/2/Section/0/Information/2/Name,string,Reference
/Record/Section/2/Section/0/Information/2/Value/StringWithMarkup/0/String,string,doi:10.1351/pac200375081107
/Record/Section/2/Section/0/Information/2/Value/StringWithMarkup/0/Markup/0/Start,number,0
/Record/Section/2/Section/0/Information/2/Value/StringWithMarkup/0/Markup/0/Length,number,27
/Record/Section/2/Section/0/Information/2/Value/StringWithMarkup/0/Markup/0/URL,string,https://doi.org/10.1351/pac200375081107
/Record/Section/2/Section/0/Information/2/Value/StringWithMarkup/1/String,string,doi:10.1351/pac197021010091
/Record/Section/2/Section/0/Information/2/Value/StringWithMarkup/1/Markup/0/Start,number,0
/Record/Section/2/Section/0/Information/2/Value/StringWithMarkup/1/Markup/0/Length,number,27
/Record/Section/2/Section/0/Information/2/Value/StringWithMarkup/1/Markup/0/URL,string,https://doi.org/10.1351/pac197021010091
/Record/Section/2/Section/0/Information/2/Value/StringWithMarkup/2/String,string,doi:10.1021/ja00881a001
/Record/Section/2/Section/0/Information/2/Value/StringWithMarkup/2/Markup/0/Start,number,0
/Record/Section/2/Section/0/Information/2/Value/StringWithMarkup/2/Markup/0/Length,number,23
/Record/Section/2/Section/0/Information/2/Value/StringWithMarkup/2/Markup/0/URL,string,https://doi.org/10.1021/ja00881a001
/Record/Section/2/Section/0/Information/2/Value/StringWithMarkup/3/String,string,doi:10.1021/ja01595a001
/Record/Section/2/Section/0/Information/2/Value/StringWithMarkup/3/Markup/0/Start,number,0
/Record/Section/2/Section/0/Information/2/Value/StringWithMarkup/3/Markup/0/Length,number,23
/Record/Section/2/Section/0/Information/2/Value/StringWithMarkup/3/Markup/0/URL,string,https://doi.org/10.1021/ja01595a001
/Record/Section/2/Section/0/Information/2/Value/StringWithMarkup/4/String,string,doi:10.1039/JR9310001617
/Record/Section/2/Section/0/Information/2/Value/StringWithMarkup/4/Markup/0/Start,number,0
/Record/Section/2/Section/0/Information/2/Value/StringWithMarkup/4/Markup/0/Length,number,24
/Record/Section/2/Section/0/Information/2/Value/StringWithMarkup/4/Markup/0/URL,string,https://doi.org/10.1039/JR9310001617
/Record/Section/2/Section/0/Information/2/Value/StringWithMarkup/5/String,string,doi:10.1039/CT9252700913
/Record/Section/2/Section/0/Information/2/Value/StringWithMarkup/5/Markup/0/Start,number,0
/Record/Section/2/Section/0/Information/2/Value/StringWithMarkup/5/Markup/0/Length,number,24
/Record/Section/2/Section/0/Information/2/Value/StringWithMarkup/5/Markup/0/URL,string,https://doi.org/10.1039/CT9252700913
/Record/Section/2/Section/0/Information/2/Value/StringWithMarkup/6/String,string,doi:10.1021/ja01943a001
/Record/Section/2/Section/0/Information/2/Value/StringWithMarkup/6/Markup/0/Start,number,0
/Record/Section/2/Section/0/Information/2/Value/StringWithMarkup/6/Markup/0/Length,number,23
/Record/Section/2/Section/0/Information/2/Value/StringWithMarkup/6/Markup/0/URL,string,https://doi.org/10.1021/ja01943a001
/Record/Section/2/Section/1/TOCHeading,string,Historical Isotopic Abundances
/Record/Section/2/Section/1/Description,string,This section provides the historical isotopic abundance information. The abundance value shown in brackets means the value range while others shown with uncertainty in parenthesis.
/Record/Section/2/Section/1/DisplayControls/CreateTable/FromInformationIn,string,ThisSection
/Record/Section/2/Section/1/DisplayControls/CreateTable/NumberOfColumns,number,4
/Record/Section/2/Section/1/DisplayControls/CreateTable/ColumnsFromNamedLists/Name/0,string,Year
/Record/Section/2/Section/1/DisplayControls/CreateTable/ColumnsFromNamedLists/Name/1,string,Isotope
/Record/Section/2/Section/1/DisplayControls/CreateTable/ColumnsFromNamedLists/Name/2,string,Abundance (uncertainty)
/Record/Section/2/Section/1/DisplayControls/CreateTable/ColumnsFromNamedLists/Name/3,string,Reference
/Record/Section/2/Section/1/DisplayControls/CreateTable/ColumnsFromNamedLists/UseNamesAsColumnHeadings,boolean,true
/Record/Section/2/Section/1/Information/0/ReferenceNumber,number,3
/Record/Section/2/Section/1/Information/0/Name,string,Year
/Record/Section/2/Section/1/Information/0/Value/StringWithMarkup/0/String,string,2001
/Record/Section/2/Section/1/Information/0/Value/StringWithMarkup/1/String,string,2001
/Record/Section/2/Section/1/Information/0/Value/StringWithMarkup/2/String,string,2001
/Record/Section/2/Section/1/Information/0/Value/StringWithMarkup/3/String,string,2001
/Record/Section/2/Section/1/Information/0/Value/StringWithMarkup/4/String,string,2001
/Record/Section/2/Section/1/Information/0/Value/StringWithMarkup/5/String,string,2001
/Record/Section/2/Section/1/Information/0/Value/StringWithMarkup/6/String,string,2001
/Record/Section/2/Section/1/Information/0/Value/StringWithMarkup/7/String,string,1997
/Record/Section/2/Section/1/Information/0/Value/StringWithMarkup/8/String,string,1997
/Record/Section/2/Section/1/Information/0/Value/StringWithMarkup/9/String,string,1997
/Record/Section/2/Section/1/Information/0/Value/StringWithMarkup/10/String,string,1997
/Record/Section/2/Section/1/Information/0/Value/StringWithMarkup/11/String,string,1997
/Record/Section/2/Section/1/Information/0/Value/StringWithMarkup/12/String,string,1997
/Record/Section/2/Section/1/Information/0/Value/StringWithMarkup/13/String,string,1997
/Record/Section/2/Section/1/Information/0/Value/StringWithMarkup/14/String,string,1989
/Record/Section/2/Section/1/Information/0/Value/StringWithMarkup/15/String,string,1989
/Record/Section/2/Section/1/Information/0/Value/StringWithMarkup/16/String,string,1989
/Record/Section/2/Section/1/Information/0/Value/StringWithMarkup/17/String,string,1989
/Record/Section/2/Section/1/Information/0/Value/StringWithMarkup/18/String,string,1989
/Record/Section/2/Section/1/Information/0/Value/StringWithMarkup/19/String,string,1989
/Record/Section/2/Section/1/Information/0/Value/StringWithMarkup/20/String,string,1989
/Record/Section/2/Section/1/Information/0/Value/StringWithMarkup/21/String,string,1979
/Record/Section/2/Section/1/Information/0/Value/StringWithMarkup/22/String,string,1979
/Record/Section/2/Section/1/Information/0/Value/StringWithMarkup/23/String,string,1979
/Record/Section/2/Section/1/Information/0/Value/StringWithMarkup/24/String,string,1979
/Record/Section/2/Section/1/Information/0/Value/StringWithMarkup/25/String,string,1979
/Record/Section/2/Section/1/Information/0/Value/StringWithMarkup/26/String,string,1979
/Record/Section/2/Section/1/Information/0/Value/StringWithMarkup/27/String,string,1979
/Record/Section/2/Section/1/Information/0/Value/StringWithMarkup/28/String,string,1975
/Record/Section/2/Section/1/Information/0/Value/StringWithMarkup/29/String,string,1975
/Record/Section/2/Section/1/Information/0/Value/StringWithMarkup/30/String,string,1975
/Record/Section/2/Section/1/Information/0/Value/StringWithMarkup/31/String,string,1975
/Record/Section/2/Section/1/Information/0/Value/StringWithMarkup/32/String,string,1975
/Record/Section/2/Section/1/Information/0/Value/StringWithMarkup/33/String,string,1975
/Record/Section/2/Section/1/Information/0/Value/StringWithMarkup/34/String,string,1975
/Record/Section/2/Section/1/Information/1/ReferenceNumber,number,3
/Record/Section/2/Section/1/Information/1/Name,string,Isotope
/Record/Section/2/Section/1/Information/1/Value/StringWithMarkup/0/String,string,156Dy
/Record/Section/2/Section/1/Information/1/Value/StringWithMarkup/0/Markup/0/Start,number,0
/Record/Section/2/Section/1/Information/1/Value/StringWithMarkup/0/Markup/0/Length,number,3
/Record/Section/2/Section/1/Information/1/Value/StringWithMarkup/0/Markup/0/Type,string,Superscript
/Record/Section/2/Section/1/Information/1/Value/StringWithMarkup/1/String,string,158Dy
/Record/Section/2/Section/1/Information/1/Value/StringWithMarkup/1/Markup/0/Start,number,0
/Record/Section/2/Section/1/Information/1/Value/StringWithMarkup/1/Markup/0/Length,number,3
/Record/Section/2/Section/1/Information/1/Value/StringWithMarkup/1/Markup/0/Type,string,Superscript
/Record/Section/2/Section/1/Information/1/Value/StringWithMarkup/2/String,string,160Dy
/Record/Section/2/Section/1/Information/1/Value/StringWithMarkup/2/Markup/0/Start,number,0
/Record/Section/2/Section/1/Information/1/Value/StringWithMarkup/2/Markup/0/Length,number,3
/Record/Section/2/Section/1/Information/1/Value/StringWithMarkup/2/Markup/0/Type,string,Superscript
/Record/Section/2/Section/1/Information/1/Value/StringWithMarkup/3/String,string,161Dy
/Record/Section/2/Section/1/Information/1/Value/StringWithMarkup/3/Markup/0/Start,number,0
/Record/Section/2/Section/1/Information/1/Value/StringWithMarkup/3/Markup/0/Length,number,3
/Record/Section/2/Section/1/Information/1/Value/StringWithMarkup/3/Markup/0/Type,string,Superscript
/Record/Section/2/Section/1/Information/1/Value/StringWithMarkup/4/String,string,162Dy
/Record/Section/2/Section/1/Information/1/Value/StringWithMarkup/4/Markup/0/Start,number,0
/Record/Section/2/Section/1/Information/1/Value/StringWithMarkup/4/Markup/0/Length,number,3
/Record/Section/2/Section/1/Information/1/Value/StringWithMarkup/4/Markup/0/Type,string,Superscript
/Record/Section/2/Section/1/Information/1/Value/StringWithMarkup/5/String,string,163Dy
/Record/Section/2/Section/1/Information/1/Value/StringWithMarkup/5/Markup/0/Start,number,0
/Record/Section/2/Section/1/Information/1/Value/StringWithMarkup/5/Markup/0/Length,number,3
/Record/Section/2/Section/1/Information/1/Value/StringWithMarkup/5/Markup/0/Type,string,Superscript
/Record/Section/2/Section/1/Information/1/Value/StringWithMarkup/6/String,string,164Dy
/Record/Section/2/Section/1/Information/1/Value/StringWithMarkup/6/Markup/0/Start,number,0
/Record/Section/2/Section/1/Information/1/Value/StringWithMarkup/6/Markup/0/Length,number,3
/Record/Section/2/Section/1/Information/1/Value/StringWithMarkup/6/Markup/0/Type,string,Superscript
/Record/Section/2/Section/1/Information/1/Value/StringWithMarkup/7/String,string,156Dy
/Record/Section/2/Section/1/Information/1/Value/StringWithMarkup/7/Markup/0/Start,number,0
/Record/Section/2/Section/1/Information/1/Value/StringWithMarkup/7/Markup/0/Length,number,3
/Record/Section/2/Section/1/Information/1/Value/StringWithMarkup/7/Markup/0/Type,string,Superscript
/Record/Section/2/Section/1/Information/1/Value/StringWithMarkup/8/String,string,158Dy
/Record/Section/2/Section/1/Information/1/Value/StringWithMarkup/8/Markup/0/Start,number,0
/Record/Section/2/Section/1/Information/1/Value/StringWithMarkup/8/Markup/0/Length,number,3
/Record/Section/2/Section/1/Information/1/Value/StringWithMarkup/8/Markup/0/Type,string,Superscript
/Record/Section/2/Section/1/Information/1/Value/StringWithMarkup/9/String,string,160Dy
/Record/Section/2/Section/1/Information/1/Value/StringWithMarkup/9/Markup/0/Start,number,0
/Record/Section/2/Section/1/Information/1/Value/StringWithMarkup/9/Markup/0/Length,number,3
/Record/Section/2/Section/1/Information/1/Value/StringWithMarkup/9/Markup/0/Type,string,Superscript
/Record/Section/2/Section/1/Information/1/Value/StringWithMarkup/10/String,string,161Dy
/Record/Section/2/Section/1/Information/1/Value/StringWithMarkup/10/Markup/0/Start,number,0
/Record/Section/2/Section/1/Information/1/Value/StringWithMarkup/10/Markup/0/Length,number,3
/Record/Section/2/Section/1/Information/1/Value/StringWithMarkup/10/Markup/0/Type,string,Superscript
/Record/Section/2/Section/1/Information/1/Value/StringWithMarkup/11/String,string,162Dy
/Record/Section/2/Section/1/Information/1/Value/StringWithMarkup/11/Markup/0/Start,number,0
/Record/Section/2/Section/1/Information/1/Value/StringWithMarkup/11/Markup/0/Length,number,3
/Record/Section/2/Section/1/Information/1/Value/StringWithMarkup/11/Markup/0/Type,string,Superscript
/Record/Section/2/Section/1/Information/1/Value/StringWithMarkup/12/String,string,163Dy
/Record/Section/2/Section/1/Information/1/Value/StringWithMarkup/12/Markup/0/Start,number,0
/Record/Section/2/Section/1/Information/1/Value/StringWithMarkup/12/Markup/0/Length,number,3
/Record/Section/2/Section/1/Information/1/Value/StringWithMarkup/12/Markup/0/Type,string,Superscript
/Record/Section/2/Section/1/Information/1/Value/StringWithMarkup/13/String,string,164Dy
/Record/Section/2/Section/1/Information/1/Value/StringWithMarkup/13/Markup/0/Start,number,0
/Record/Section/2/Section/1/Information/1/Value/StringWithMarkup/13/Markup/0/Length,number,3
/Record/Section/2/Section/1/Information/1/Value/StringWithMarkup/13/Markup/0/Type,string,Superscript
/Record/Section/2/Section/1/Information/1/Value/StringWithMarkup/14/String,string,156Dy
/Record/Section/2/Section/1/Information/1/Value/StringWithMarkup/14/Markup/0/Start,number,0
/Record/Section/2/Section/1/Information/1/Value/StringWithMarkup/14/Markup/0/Length,number,3
/Record/Section/2/Section/1/Information/1/Value/StringWithMarkup/14/Markup/0/Type,string,Superscript
/Record/Section/2/Section/1/Information/1/Value/StringWithMarkup/15/String,string,158Dy
/Record/Section/2/Section/1/Information/1/Value/StringWithMarkup/15/Markup/0/Start,number,0
/Record/Section/2/Section/1/Information/1/Value/StringWithMarkup/15/Markup/0/Length,number,3
/Record/Section/2/Section/1/Information/1/Value/StringWithMarkup/15/Markup/0/Type,string,Superscript
/Record/Section/2/Section/1/Information/1/Value/StringWithMarkup/16/String,string,160Dy
/Record/Section/2/Section/1/Information/1/Value/StringWithMarkup/16/Markup/0/Start,number,0
/Record/Section/2/Section/1/Information/1/Value/StringWithMarkup/16/Markup/0/Length,number,3
/Record/Section/2/Section/1/Information/1/Value/StringWithMarkup/16/Markup/0/Type,string,Superscript
/Record/Section/2/Section/1/Information/1/Value/StringWithMarkup/17/String,string,161Dy
/Record/Section/2/Section/1/Information/1/Value/StringWithMarkup/17/Markup/0/Start,number,0
/Record/Section/2/Section/1/Information/1/Value/StringWithMarkup/17/Markup/0/Length,number,3
/Record/Section/2/Section/1/Information/1/Value/StringWithMarkup/17/Markup/0/Type,string,Superscript
/Record/Section/2/Section/1/Information/1/Value/StringWithMarkup/18/String,string,162Dy
/Record/Section/2/Section/1/Information/1/Value/StringWithMarkup/18/Markup/0/Start,number,0
/Record/Section/2/Section/1/Information/1/Value/StringWithMarkup/18/Markup/0/Length,number,3
/Record/Section/2/Section/1/Information/1/Value/StringWithMarkup/18/Markup/0/Type,string,Superscript
/Record/Section/2/Section/1/Information/1/Value/StringWithMarkup/19/String,string,163Dy
/Record/Section/2/Section/1/Information/1/Value/StringWithMarkup/19/Markup/0/Start,number,0
/Record/Section/2/Section/1/Information/1/Value/StringWithMarkup/19/Markup/0/Length,number,3
/Record/Section/2/Section/1/Information/1/Value/StringWithMarkup/19/Markup/0/Type,string,Superscript
/Record/Section/2/Section/1/Information/1/Value/StringWithMarkup/20/String,string,164Dy
/Record/Section/2/Section/1/Information/1/Value/StringWithMarkup/20/Markup/0/Start,number,0
/Record/Section/2/Section/1/Information/1/Value/StringWithMarkup/20/Markup/0/Length,number,3
/Record/Section/2/Section/1/Information/1/Value/StringWithMarkup/20/Markup/0/Type,string,Superscript
/Record/Section/2/Section/1/Information/1/Value/StringWithMarkup/21/String,string,156Dy
/Record/Section/2/Section/1/Information/1/Value/StringWithMarkup/21/Markup/0/Start,number,0
/Record/Section/2/Section/1/Information/1/Value/StringWithMarkup/21/Markup/0/Length,number,3
/Record/Section/2/Section/1/Information/1/Value/StringWithMarkup/21/Markup/0/Type,string,Superscript
/Record/Section/2/Section/1/Information/1/Value/StringWithMarkup/22/String,string,158Dy
/Record/Section/2/Section/1/Information/1/Value/StringWithMarkup/22/Markup/0/Start,number,0
/Record/Section/2/Section/1/Information/1/Value/StringWithMarkup/22/Markup/0/Length,number,3
/Record/Section/2/Section/1/Information/1/Value/StringWithMarkup/22/Markup/0/Type,string,Superscript
/Record/Section/2/Section/1/Information/1/Value/StringWithMarkup/23/String,string,160Dy
/Record/Section/2/Section/1/Information/1/Value/StringWithMarkup/23/Markup/0/Start,number,0
/Record/Section/2/Section/1/Information/1/Value/StringWithMarkup/23/Markup/0/Length,number,3
/Record/Section/2/Section/1/Information/1/Value/StringWithMarkup/23/Markup/0/Type,string,Superscript
/Record/Section/2/Section/1/Information/1/Value/StringWithMarkup/24/String,string,161Dy
/Record/Section/2/Section/1/Information/1/Value/StringWithMarkup/24/Markup/0/Start,number,0
/Record/Section/2/Section/1/Information/1/Value/StringWithMarkup/24/Markup/0/Length,number,3
/Record/Section/2/Section/1/Information/1/Value/StringWithMarkup/24/Markup/0/Type,string,Superscript
/Record/Section/2/Section/1/Information/1/Value/StringWithMarkup/25/String,string,162Dy
/Record/Section/2/Section/1/Information/1/Value/StringWithMarkup/25/Markup/0/Start,number,0
/Record/Section/2/Section/1/Information/1/Value/StringWithMarkup/25/Markup/0/Length,number,3
/Record/Section/2/Section/1/Information/1/Value/StringWithMarkup/25/Markup/0/Type,string,Superscript
/Record/Section/2/Section/1/Information/1/Value/StringWithMarkup/26/String,string,163Dy
/Record/Section/2/Section/1/Information/1/Value/StringWithMarkup/26/Markup/0/Start,number,0
/Record/Section/2/Section/1/Information/1/Value/StringWithMarkup/26/Markup/0/Length,number,3
/Record/Section/2/Section/1/Information/1/Value/StringWithMarkup/26/Markup/0/Type,string,Superscript
/Record/Section/2/Section/1/Information/1/Value/StringWithMarkup/27/String,string,164Dy
/Record/Section/2/Section/1/Information/1/Value/StringWithMarkup/27/Markup/0/Start,number,0
/Record/Section/2/Section/1/Information/1/Value/StringWithMarkup/27/Markup/0/Length,number,3
/Record/Section/2/Section/1/Information/1/Value/StringWithMarkup/27/Markup/0/Type,string,Superscript
/Record/Section/2/Section/1/Information/1/Value/StringWithMarkup/28/String,string,156Dy
/Record/Section/2/Section/1/Information/1/Value/StringWithMarkup/28/Markup/0/Start,number,0
/Record/Section/2/Section/1/Information/1/Value/StringWithMarkup/28/Markup/0/Length,number,3
/Record/Section/2/Section/1/Information/1/Value/StringWithMarkup/28/Markup/0/Type,string,Superscript
/Record/Section/2/Section/1/Information/1/Value/StringWithMarkup/29/String,string,158Dy
/Record/Section/2/Section/1/Information/1/Value/StringWithMarkup/29/Markup/0/Start,number,0
/Record/Section/2/Section/1/Information/1/Value/StringWithMarkup/29/Markup/0/Length,number,3
/Record/Section/2/Section/1/Information/1/Value/StringWithMarkup/29/Markup/0/Type,string,Superscript
/Record/Section/2/Section/1/Information/1/Value/StringWithMarkup/30/String,string,160Dy
/Record/Section/2/Section/1/Information/1/Value/StringWithMarkup/30/Markup/0/Start,number,0
/Record/Section/2/Section/1/Information/1/Value/StringWithMarkup/30/Markup/0/Length,number,3
/Record/Section/2/Section/1/Information/1/Value/StringWithMarkup/30/Markup/0/Type,string,Superscript
/Record/Section/2/Section/1/Information/1/Value/StringWithMarkup/31/String,string,161Dy
/Record/Section/2/Section/1/Information/1/Value/StringWithMarkup/31/Markup/0/Start,number,0
/Record/Section/2/Section/1/Information/1/Value/StringWithMarkup/31/Markup/0/Length,number,3
/Record/Section/2/Section/1/Information/1/Value/StringWithMarkup/31/Markup/0/Type,string,Superscript
/Record/Section/2/Section/1/Information/1/Value/StringWithMarkup/32/String,string,162Dy
/Record/Section/2/Section/1/Information/1/Value/StringWithMarkup/32/Markup/0/Start,number,0
/Record/Section/2/Section/1/Information/1/Value/StringWithMarkup/32/Markup/0/Length,number,3
/Record/Section/2/Section/1/Information/1/Value/StringWithMarkup/32/Markup/0/Type,string,Superscript
/Record/Section/2/Section/1/Information/1/Value/StringWithMarkup/33/String,string,163Dy
/Record/Section/2/Section/1/Information/1/Value/StringWithMarkup/33/Markup/0/Start,number,0
/Record/Section/2/Section/1/Information/1/Value/StringWithMarkup/33/Markup/0/Length,number,3
/Record/Section/2/Section/1/Information/1/Value/StringWithMarkup/33/Markup/0/Type,string,Superscript
/Record/Section/2/Section/1/Information/1/Value/StringWithMarkup/34/String,string,164Dy
/Record/Section/2/Section/1/Information/1/Value/StringWithMarkup/34/Markup/0/Start,number,0
/Record/Section/2/Section/1/Information/1/Value/StringWithMarkup/34/Markup/0/Length,number,3
/Record/Section/2/Section/1/Information/1/Value/StringWithMarkup/34/Markup/0/Type,string,Superscript
/Record/Section/2/Section/1/Information/2/ReferenceNumber,number,3
/Record/Section/2/Section/1/Information/2/Name,string,Abundance (uncertainty)
/Record/Section/2/Section/1/Information/2/Value/StringWithMarkup/0/String,string,0.000 56(3)
/Record/Section/2/Section/1/Information/2/Value/StringWithMarkup/1/String,string,0.000 95(3)
/Record/Section/2/Section/1/Information/2/Value/StringWithMarkup/2/String,string,0.023 29(18)
/Record/Section/2/Section/1/Information/2/Value/StringWithMarkup/3/String,string,0.188 89(42)
/Record/Section/2/Section/1/Information/2/Value/StringWithMarkup/4/String,string,0.254 75(36)
/Record/Section/2/Section/1/Information/2/Value/StringWithMarkup/5/String,string,0.248 96(42)
/Record/Section/2/Section/1/Information/2/Value/StringWithMarkup/6/String,string,0.282 60(54)
/Record/Section/2/Section/1/Information/2/Value/StringWithMarkup/7/String,string,0.0006(1)
/Record/Section/2/Section/1/Information/2/Value/StringWithMarkup/8/String,string,0.0010(1)
/Record/Section/2/Section/1/Information/2/Value/StringWithMarkup/9/String,string,0.0234(8)
/Record/Section/2/Section/1/Information/2/Value/StringWithMarkup/10/String,string,0.1891(24)
/Record/Section/2/Section/1/Information/2/Value/StringWithMarkup/11/String,string,0.2551(26)
/Record/Section/2/Section/1/Information/2/Value/StringWithMarkup/12/String,string,0.2490(16)
/Record/Section/2/Section/1/Information/2/Value/StringWithMarkup/13/String,string,0.2818(37)
/Record/Section/2/Section/1/Information/2/Value/StringWithMarkup/14/String,string,0.0006(1)
/Record/Section/2/Section/1/Information/2/Value/StringWithMarkup/15/String,string,0.0010(1)
/Record/Section/2/Section/1/Information/2/Value/StringWithMarkup/16/String,string,0.0234(6)
/Record/Section/2/Section/1/Information/2/Value/StringWithMarkup/17/String,string,0.189(2)
/Record/Section/2/Section/1/Information/2/Value/StringWithMarkup/18/String,string,0.255(2)
/Record/Section/2/Section/1/Information/2/Value/StringWithMarkup/19/String,string,0.249(2)
/Record/Section/2/Section/1/Information/2/Value/StringWithMarkup/20/String,string,0.282(2)
/Record/Section/2/Section/1/Information/2/Value/StringWithMarkup/21/String,string,0.0006(1)
/Record/Section/2/Section/1/Information/2/Value/StringWithMarkup/22/String,string,0.0010(1)
/Record/Section/2/Section/1/Information/2/Value/StringWithMarkup/23/String,string,0.0234(4)
/Record/Section/2/Section/1/Information/2/Value/StringWithMarkup/24/String,string,0.190(2)
/Record/Section/2/Section/1/Information/2/Value/StringWithMarkup/25/String,string,0.255(4)
/Record/Section/2/Section/1/Information/2/Value/StringWithMarkup/26/String,string,0.249(4)
/Record/Section/2/Section/1/Information/2/Value/StringWithMarkup/27/String,string,0.281(4)
/Record/Section/2/Section/1/Information/2/Value/StringWithMarkup/28/String,string,0.0006
/Record/Section/2/Section/1/Information/2/Value/StringWithMarkup/29/String,string,0.001
/Record/Section/2/Section/1/Information/2/Value/StringWithMarkup/30/String,string,0.0234
/Record/Section/2/Section/1/Information/2/Value/StringWithMarkup/31/String,string,0.189
/Record/Section/2/Section/1/Information/2/Value/StringWithMarkup/32/String,string,0.255
/Record/Section/2/Section/1/Information/2/Value/StringWithMarkup/33/String,string,0.249
/Record/Section/2/Section/1/Information/2/Value/StringWithMarkup/34/String,string,0.282
/Record/Section/2/Section/1/Information/3/ReferenceNumber,number,3
/Record/Section/2/Section/1/Information/3/Name,string,Reference
/Record/Section/2/Section/1/Information/3/Value/StringWithMarkup/0/String,string,doi:10.1063/1.1836764
/Record/Section/2/Section/1/Information/3/Value/StringWithMarkup/0/Markup/0/Start,number,0
/Record/Section/2/Section/1/Information/3/Value/StringWithMarkup/0/Markup/0/Length,number,21
/Record/Section/2/Section/1/Information/3/Value/StringWithMarkup/0/Markup/0/URL,string,https://doi.org/10.1063/1.1836764
/Record/Section/2/Section/1/Information/3/Value/StringWithMarkup/1/String,string,doi:10.1063/1.1836764
/Record/Section/2/Section/1/Information/3/Value/StringWithMarkup/1/Markup/0/Start,number,0
/Record/Section/2/Section/1/Information/3/Value/StringWithMarkup/1/Markup/0/Length,number,21
/Record/Section/2/Section/1/Information/3/Value/StringWithMarkup/1/Markup/0/URL,string,https://doi.org/10.1063/1.1836764
/Record/Section/2/Section/1/Information/3/Value/StringWithMarkup/2/String,string,doi:10.1063/1.1836764
/Record/Section/2/Section/1/Information/3/Value/StringWithMarkup/2/Markup/0/Start,number,0
/Record/Section/2/Section/1/Information/3/Value/StringWithMarkup/2/Markup/0/Length,number,21
/Record/Section/2/Section/1/Information/3/Value/StringWithMarkup/2/Markup/0/URL,string,https://doi.org/10.1063/1.1836764
/Record/Section/2/Section/1/Information/3/Value/StringWithMarkup/3/String,string,doi:10.1063/1.1836764
/Record/Section/2/Section/1/Information/3/Value/StringWithMarkup/3/Markup/0/Start,number,0
/Record/Section/2/Section/1/Information/3/Value/StringWithMarkup/3/Markup/0/Length,number,21
/Record/Section/2/Section/1/Information/3/Value/StringWithMarkup/3/Markup/0/URL,string,https://doi.org/10.1063/1.1836764
/Record/Section/2/Section/1/Information/3/Value/StringWithMarkup/4/String,string,doi:10.1063/1.1836764
/Record/Section/2/Section/1/Information/3/Value/StringWithMarkup/4/Markup/0/Start,number,0
/Record/Section/2/Section/1/Information/3/Value/StringWithMarkup/4/Markup/0/Length,number,21
/Record/Section/2/Section/1/Information/3/Value/StringWithMarkup/4/Markup/0/URL,string,https://doi.org/10.1063/1.1836764
/Record/Section/2/Section/1/Information/3/Value/StringWithMarkup/5/String,string,doi:10.1063/1.1836764
/Record/Section/2/Section/1/Information/3/Value/StringWithMarkup/5/Markup/0/Start,number,0
/Record/Section/2/Section/1/Information/3/Value/StringWithMarkup/5/Markup/0/Length,number,21
/Record/Section/2/Section/1/Information/3/Value/StringWithMarkup/5/Markup/0/URL,string,https://doi.org/10.1063/1.1836764
/Record/Section/2/Section/1/Information/3/Value/StringWithMarkup/6/String,string,doi:10.1063/1.1836764
/Record/Section/2/Section/1/Information/3/Value/StringWithMarkup/6/Markup/0/Start,number,0
/Record/Section/2/Section/1/Information/3/Value/StringWithMarkup/6/Markup/0/Length,number,21
/Record/Section/2/Section/1/Information/3/Value/StringWithMarkup/6/Markup/0/URL,string,https://doi.org/10.1063/1.1836764
/Record/Section/2/Section/1/Information/3/Value/StringWithMarkup/7/String,string,doi:10.1351/pac199870010217
/Record/Section/2/Section/1/Information/3/Value/StringWithMarkup/7/Markup/0/Start,number,0
/Record/Section/2/Section/1/Information/3/Value/StringWithMarkup/7/Markup/0/Length,number,27
/Record/Section/2/Section/1/Information/3/Value/StringWithMarkup/7/Markup/0/URL,string,https://doi.org/10.1351/pac199870010217
/Record/Section/2/Section/1/Information/3/Value/StringWithMarkup/8/String,string,doi:10.1351/pac199870010217
/Record/Section/2/Section/1/Information/3/Value/StringWithMarkup/8/Markup/0/Start,number,0
/Record/Section/2/Section/1/Information/3/Value/StringWithMarkup/8/Markup/0/Length,number,27
/Record/Section/2/Section/1/Information/3/Value/StringWithMarkup/8/Markup/0/URL,string,https://doi.org/10.1351/pac199870010217
/Record/Section/2/Section/1/Information/3/Value/StringWithMarkup/9/String,string,doi:10.1351/pac199870010217
/Record/Section/2/Section/1/Information/3/Value/StringWithMarkup/9/Markup/0/Start,number,0
/Record/Section/2/Section/1/Information/3/Value/StringWithMarkup/9/Markup/0/Length,number,27
/Record/Section/2/Section/1/Information/3/Value/StringWithMarkup/9/Markup/0/URL,string,https://doi.org/10.1351/pac199870010217
/Record/Section/2/Section/1/Information/3/Value/StringWithMarkup/10/String,string,doi:10.1351/pac199870010217
/Record/Section/2/Section/1/Information/3/Value/StringWithMarkup/10/Markup/0/Start,number,0
/Record/Section/2/Section/1/Information/3/Value/StringWithMarkup/10/Markup/0/Length,number,27
/Record/Section/2/Section/1/Information/3/Value/StringWithMarkup/10/Markup/0/URL,string,https://doi.org/10.1351/pac199870010217
/Record/Section/2/Section/1/Information/3/Value/StringWithMarkup/11/String,string,doi:10.1351/pac199870010217
/Record/Section/2/Section/1/Information/3/Value/StringWithMarkup/11/Markup/0/Start,number,0
/Record/Section/2/Section/1/Information/3/Value/StringWithMarkup/11/Markup/0/Length,number,27
/Record/Section/2/Section/1/Information/3/Value/StringWithMarkup/11/Markup/0/URL,string,https://doi.org/10.1351/pac199870010217
/Record/Section/2/Section/1/Information/3/Value/StringWithMarkup/12/String,string,doi:10.1351/pac199870010217
/Record/Section/2/Section/1/Information/3/Value/StringWithMarkup/12/Markup/0/Start,number,0
/Record/Section/2/Section/1/Information/3/Value/StringWithMarkup/12/Markup/0/Length,number,27
/Record/Section/2/Section/1/Information/3/Value/StringWithMarkup/12/Markup/0/URL,string,https://doi.org/10.1351/pac199870010217
/Record/Section/2/Section/1/Information/3/Value/StringWithMarkup/13/String,string,doi:10.1351/pac199870010217
/Record/Section/2/Section/1/Information/3/Value/StringWithMarkup/13/Markup/0/Start,number,0
/Record/Section/2/Section/1/Information/3/Value/StringWithMarkup/13/Markup/0/Length,number,27
/Record/Section/2/Section/1/Information/3/Value/StringWithMarkup/13/Markup/0/URL,string,https://doi.org/10.1351/pac199870010217
/Record/Section/2/Section/1/Information/3/Value/StringWithMarkup/14/String,string,doi:10.1351/pac199163070991
/Record/Section/2/Section/1/Information/3/Value/StringWithMarkup/14/Markup/0/Start,number,0
/Record/Section/2/Section/1/Information/3/Value/StringWithMarkup/14/Markup/0/Length,number,27
/Record/Section/2/Section/1/Information/3/Value/StringWithMarkup/14/Markup/0/URL,string,https://doi.org/10.1351/pac199163070991
/Record/Section/2/Section/1/Information/3/Value/StringWithMarkup/15/String,string,doi:10.1351/pac199163070991
/Record/Section/2/Section/1/Information/3/Value/StringWithMarkup/15/Markup/0/Start,number,0
/Record/Section/2/Section/1/Information/3/Value/StringWithMarkup/15/Markup/0/Length,number,27
/Record/Section/2/Section/1/Information/3/Value/StringWithMarkup/15/Markup/0/URL,string,https://doi.org/10.1351/pac199163070991
/Record/Section/2/Section/1/Information/3/Value/StringWithMarkup/16/String,string,doi:10.1351/pac199163070991
/Record/Section/2/Section/1/Information/3/Value/StringWithMarkup/16/Markup/0/Start,number,0
/Record/Section/2/Section/1/Information/3/Value/StringWithMarkup/16/Markup/0/Length,number,27
/Record/Section/2/Section/1/Information/3/Value/StringWithMarkup/16/Markup/0/URL,string,https://doi.org/10.1351/pac199163070991
/Record/Section/2/Section/1/Information/3/Value/StringWithMarkup/17/String,string,doi:10.1351/pac199163070991
/Record/Section/2/Section/1/Information/3/Value/StringWithMarkup/17/Markup/0/Start,number,0
/Record/Section/2/Section/1/Information/3/Value/StringWithMarkup/17/Markup/0/Length,number,27
/Record/Section/2/Section/1/Information/3/Value/StringWithMarkup/17/Markup/0/URL,string,https://doi.org/10.1351/pac199163070991
/Record/Section/2/Section/1/Information/3/Value/StringWithMarkup/18/String,string,doi:10.1351/pac199163070991
/Record/Section/2/Section/1/Information/3/Value/StringWithMarkup/18/Markup/0/Start,number,0
/Record/Section/2/Section/1/Information/3/Value/StringWithMarkup/18/Markup/0/Length,number,27
/Record/Section/2/Section/1/Information/3/Value/StringWithMarkup/18/Markup/0/URL,string,https://doi.org/10.1351/pac199163070991
/Record/Section/2/Section/1/Information/3/Value/StringWithMarkup/19/String,string,doi:10.1351/pac199163070991
/Record/Section/2/Section/1/Information/3/Value/StringWithMarkup/19/Markup/0/Start,number,0
/Record/Section/2/Section/1/Information/3/Value/StringWithMarkup/19/Markup/0/Length,number,27
/Record/Section/2/Section/1/Information/3/Value/StringWithMarkup/19/Markup/0/URL,string,https://doi.org/10.1351/pac199163070991
/Record/Section/2/Section/1/Information/3/Value/StringWithMarkup/20/String,string,doi:10.1351/pac199163070991
/Record/Section/2/Section/1/Information/3/Value/StringWithMarkup/20/Markup/0/Start,number,0
/Record/Section/2/Section/1/Information/3/Value/StringWithMarkup/20/Markup/0/Length,number,27
/Record/Section/2/Section/1/Information/3/Value/StringWithMarkup/20/Markup/0/URL,string,https://doi.org/10.1351/pac199163070991
/Record/Section/2/Section/1/Information/3/Value/StringWithMarkup/21/String,string,doi:10.1351/pac198052102349
/Record/Section/2/Section/1/Information/3/Value/StringWithMarkup/21/Markup/0/Start,number,0
/Record/Section/2/Section/1/Information/3/Value/StringWithMarkup/21/Markup/0/Length,number,27
/Record/Section/2/Section/1/Information/3/Value/StringWithMarkup/21/Markup/0/URL,string,https://doi.org/10.1351/pac198052102349
/Record/Section/2/Section/1/Information/3/Value/StringWithMarkup/22/String,string,doi:10.1351/pac198052102349
/Record/Section/2/Section/1/Information/3/Value/StringWithMarkup/22/Markup/0/Start,number,0
/Record/Section/2/Section/1/Information/3/Value/StringWithMarkup/22/Markup/0/Length,number,27
/Record/Section/2/Section/1/Information/3/Value/StringWithMarkup/22/Markup/0/URL,string,https://doi.org/10.1351/pac198052102349
/Record/Section/2/Section/1/Information/3/Value/StringWithMarkup/23/String,string,doi:10.1351/pac198052102349
/Record/Section/2/Section/1/Information/3/Value/StringWithMarkup/23/Markup/0/Start,number,0
/Record/Section/2/Section/1/Information/3/Value/StringWithMarkup/23/Markup/0/Length,number,27
/Record/Section/2/Section/1/Information/3/Value/StringWithMarkup/23/Markup/0/URL,string,https://doi.org/10.1351/pac198052102349
/Record/Section/2/Section/1/Information/3/Value/StringWithMarkup/24/String,string,doi:10.1351/pac198052102349
/Record/Section/2/Section/1/Information/3/Value/StringWithMarkup/24/Markup/0/Start,number,0
/Record/Section/2/Section/1/Information/3/Value/StringWithMarkup/24/Markup/0/Length,number,27
/Record/Section/2/Section/1/Information/3/Value/StringWithMarkup/24/Markup/0/URL,string,https://doi.org/10.1351/pac198052102349
/Record/Section/2/Section/1/Information/3/Value/StringWithMarkup/25/String,string,doi:10.1351/pac198052102349
/Record/Section/2/Section/1/Information/3/Value/StringWithMarkup/25/Markup/0/Start,number,0
/Record/Section/2/Section/1/Information/3/Value/StringWithMarkup/25/Markup/0/Length,number,27
/Record/Section/2/Section/1/Information/3/Value/StringWithMarkup/25/Markup/0/URL,string,https://doi.org/10.1351/pac198052102349
/Record/Section/2/Section/1/Information/3/Value/StringWithMarkup/26/String,string,doi:10.1351/pac198052102349
/Record/Section/2/Section/1/Information/3/Value/StringWithMarkup/26/Markup/0/Start,number,0
/Record/Section/2/Section/1/Information/3/Value/StringWithMarkup/26/Markup/0/Length,number,27
/Record/Section/2/Section/1/Information/3/Value/StringWithMarkup/26/Markup/0/URL,string,https://doi.org/10.1351/pac198052102349
/Record/Section/2/Section/1/Information/3/Value/StringWithMarkup/27/String,string,doi:10.1351/pac198052102349
/Record/Section/2/Section/1/Information/3/Value/StringWithMarkup/27/Markup/0/Start,number,0
/Record/Section/2/Section/1/Information/3/Value/StringWithMarkup/27/Markup/0/Length,number,27
/Record/Section/2/Section/1/Information/3/Value/StringWithMarkup/27/Markup/0/URL,string,https://doi.org/10.1351/pac198052102349
/Record/Section/2/Section/1/Information/3/Value/StringWithMarkup/28/String,string,doi:10.1351/pac197647010075
/Record/Section/2/Section/1/Information/3/Value/StringWithMarkup/28/Markup/0/Start,number,0
/Record/Section/2/Section/1/Information/3/Value/StringWithMarkup/28/Markup/0/Length,number,27
/Record/Section/2/Section/1/Information/3/Value/StringWithMarkup/28/Markup/0/URL,string,https://doi.org/10.1351/pac197647010075
/Record/Section/2/Section/1/Information/3/Value/StringWithMarkup/29/String,string,doi:10.1351/pac197647010075
/Record/Section/2/Section/1/Information/3/Value/StringWithMarkup/29/Markup/0/Start,number,0
/Record/Section/2/Section/1/Information/3/Value/StringWithMarkup/29/Markup/0/Length,number,27
/Record/Section/2/Section/1/Information/3/Value/StringWithMarkup/29/Markup/0/URL,string,https://doi.org/10.1351/pac197647010075
/Record/Section/2/Section/1/Information/3/Value/StringWithMarkup/30/String,string,doi:10.1351/pac197647010075
/Record/Section/2/Section/1/Information/3/Value/StringWithMarkup/30/Markup/0/Start,number,0
/Record/Section/2/Section/1/Information/3/Value/StringWithMarkup/30/Markup/0/Length,number,27
/Record/Section/2/Section/1/Information/3/Value/StringWithMarkup/30/Markup/0/URL,string,https://doi.org/10.1351/pac197647010075
/Record/Section/2/Section/1/Information/3/Value/StringWithMarkup/31/String,string,doi:10.1351/pac197647010075
/Record/Section/2/Section/1/Information/3/Value/StringWithMarkup/31/Markup/0/Start,number,0
/Record/Section/2/Section/1/Information/3/Value/StringWithMarkup/31/Markup/0/Length,number,27
/Record/Section/2/Section/1/Information/3/Value/StringWithMarkup/31/Markup/0/URL,string,https://doi.org/10.1351/pac197647010075
/Record/Section/2/Section/1/Information/3/Value/StringWithMarkup/32/String,string,doi:10.1351/pac197647010075
/Record/Section/2/Section/1/Information/3/Value/StringWithMarkup/32/Markup/0/Start,number,0
/Record/Section/2/Section/1/Information/3/Value/StringWithMarkup/32/Markup/0/Length,number,27
/Record/Section/2/Section/1/Information/3/Value/StringWithMarkup/32/Markup/0/URL,string,https://doi.org/10.1351/pac197647010075
/Record/Section/2/Section/1/Information/3/Value/StringWithMarkup/33/String,string,doi:10.1351/pac197647010075
/Record/Section/2/Section/1/Information/3/Value/StringWithMarkup/33/Markup/0/Start,number,0
/Record/Section/2/Section/1/Information/3/Value/StringWithMarkup/33/Markup/0/Length,number,27
/Record/Section/2/Section/1/Information/3/Value/StringWithMarkup/33/Markup/0/URL,string,https://doi.org/10.1351/pac197647010075
/Record/Section/2/Section/1/Information/3/Value/StringWithMarkup/34/String,string,doi:10.1351/pac197647010075
/Record/Section/2/Section/1/Information/3/Value/StringWithMarkup/34/Markup/0/Start,number,0
/Record/Section/2/Section/1/Information/3/Value/StringWithMarkup/34/Markup/0/Length,number,27
/Record/Section/2/Section/1/Information/3/Value/StringWithMarkup/34/Markup/0/URL,string,https://doi.org/10.1351/pac197647010075
/Record/Section/3/TOCHeading,string,Description
/Record/Section/3/Description,string,"A short description of this element, provided by authoritative sources."
/Record/Section/3/Information/0/ReferenceNumber,number,6
/Record/Section/3/Information/0/Value/StringWithMarkup/0/String,string,"The element has a metallic, bright silver luster. It is relatively stable in air at room temperature, and is readily attacked and dissolved by dilute and concentrated mineral acids, to evolve hydrogen. The metal is soft enough to be cut with a knife and can be machined without sparking if overheating is avoided. Small amounts of impurities can greatly affect its physical properties."
/Record/Section/4/TOCHeading,string,Uses
/Record/Section/4/Description,string,Uses of this element in industry and other fields.
/Record/Section/4/Information/0/ReferenceNumber,number,5
/Record/Section/4/Information/0/Value/StringWithMarkup/0/String,string,"There are no commercial applications for dysprosium. Since it easily absorbs neutrons and has a high melting point, dysprosium might be alloyed with steel for use in nuclear reactors. When combined with vanadium and other rare earth elements, dysprosium is used as a laser material."
/Record/Section/4/Information/0/Value/StringWithMarkup/1/String,string,"Dysprosium oxide (Dy2O3), also known as dysprosia, is combined with nickel and added to a special cement used to cool nuclear reactor rods. Other dysprosium compounds include: dysprosium fluoride (DyF3), dysprosium iodide (DyI3) and dysprosium sulfate (Dy2(SO4)3)."
/Record/Section/4/Information/0/Value/StringWithMarkup/1/Markup/0/Start,number,20
/Record/Section/4/Information/0/Value/StringWithMarkup/1/Markup/0/Length,number,1
/Record/Section/4/Information/0/Value/StringWithMarkup/1/Markup/0/Type,string,Subscript
/Record/Section/4/Information/0/Value/StringWithMarkup/1/Markup/1/Start,number,22
/Record/Section/4/Information/0/Value/StringWithMarkup/1/Markup/1/Length,number,1
/Record/Section/4/Information/0/Value/StringWithMarkup/1/Markup/1/Type,string,Subscript
/Record/Section/4/Information/0/Value/StringWithMarkup/1/Markup/2/Start,number,200
/Record/Section/4/Information/0/Value/StringWithMarkup/1/Markup/2/Length,number,1
/Record/Section/4/Information/0/Value/StringWithMarkup/1/Markup/2/Type,string,Subscript
/Record/Section/4/Information/0/Value/StringWithMarkup/1/Markup/3/Start,number,226
/Record/Section/4/Information/0/Value/StringWithMarkup/1/Markup/3/Length,number,1
/Record/Section/4/Information/0/Value/StringWithMarkup/1/Markup/3/Type,string,Subscript
/Record/Section/4/Information/0/Value/StringWithMarkup/1/Markup/4/Start,number,255
/Record/Section/4/Information/0/Value/StringWithMarkup/1/Markup/4/Length,number,1
/Record/Section/4/Information/0/Value/StringWithMarkup/1/Markup/4/Type,string,Subscript
/Record/Section/4/Information/0/Value/StringWithMarkup/1/Markup/5/Start,number,259
/Record/Section/4/Information/0/Value/StringWithMarkup/1/Markup/5/Length,number,1
/Record/Section/4/Information/0/Value/StringWithMarkup/1/Markup/5/Type,string,Subscript
/Record/Section/4/Information/0/Value/StringWithMarkup/1/Markup/6/Start,number,261
/Record/Section/4/Information/0/Value/StringWithMarkup/1/Markup/6/Length,number,1
/Record/Section/4/Information/0/Value/StringWithMarkup/1/Markup/6/Type,string,Subscript
/Record/Section/4/Information/1/ReferenceNumber,number,6
/Record/Section/4/Information/1/Value/StringWithMarkup/0/String,string,"While we have not found many applications for dysprosium, its thermal neutron absorption cross-section and high melting point suggest metallurgical uses in nuclear control applications and for alloying with special stainless steels. A dysprosium oxide-nickel cement has found use in cooling nuclear reactor rods. This cement absorbs neutrons readily without swelling or contracting under prolonged neutron bombardment. In combination with vanadium and other rare earths, dysprosium has been used in making laser materials. Dysprosium-cadmium chalcogenides, as sources of infrared radiation, have been used for studying chemical reactions."
/Record/Section/5/TOCHeading,string,Compounds
/Record/Section/5/Description,string,Compound records related to this element.
/Record/Section/5/Information/0/ReferenceNumber,number,8
/Record/Section/5/Information/0/Name,string,Compounds
/Record/Section/5/Information/0/URL,string,https://pubchem.ncbi.nlm.nih.gov/#query=Dysprosium
/Record/Section/5/Information/0/Value/StringWithMarkup/0/String,string,See more information at the Dysprosium compound page.
/Record/Section/5/Section/0/TOCHeading,string,Element Forms
/Record/Section/5/Section/0/Description,string,"Other forms of this element, including ions, isotopes, etc."
/Record/Section/5/Section/0/DisplayControls/CreateTable/FromInformationIn,string,ThisSection
/Record/Section/5/Section/0/DisplayControls/CreateTable/NumberOfColumns,number,5
/Record/Section/5/Section/0/DisplayControls/CreateTable/ColumnsFromNamedLists/Name/0,string,CID
/Record/Section/5/Section/0/DisplayControls/CreateTable/ColumnsFromNamedLists/Name/1,string,Name
/Record/Section/5/Section/0/DisplayControls/CreateTable/ColumnsFromNamedLists/Name/2,string,Formula
/Record/Section/5/Section/0/DisplayControls/CreateTable/ColumnsFromNamedLists/Name/3,string,SMILES
/Record/Section/5/Section/0/DisplayControls/CreateTable/ColumnsFromNamedLists/Name/4,string,Molecular Weight
/Record/Section/5/Section/0/DisplayControls/CreateTable/ColumnsFromNamedLists/UseNamesAsColumnHeadings,boolean,true
/Record/Section/5/Section/0/Information/0/ReferenceNumber,number,8
/Record/Section/5/Section/0/Information/0/Name,string,CID
/Record/Section/5/Section/0/Information/0/Value/StringWithMarkup/0/String,string,23912
/Record/Section/5/Section/0/Information/0/Value/StringWithMarkup/0/Markup/0/Start,number,0
/Record/Section/5/Section/0/Information/0/Value/StringWithMarkup/0/Markup/0/Length,number,5
/Record/Section/5/Section/0/Information/0/Value/StringWithMarkup/0/Markup/0/URL,string,https://pubchem.ncbi.nlm.nih.gov/compound/23912
/Record/Section/5/Section/0/Information/0/Value/StringWithMarkup/1/String,string,166954
/Record/Section/5/Section/0/Information/0/Value/StringWithMarkup/1/Markup/0/Start,number,0
/Record/Section/5/Section/0/Information/0/Value/StringWithMarkup/1/Markup/0/Length,number,6
/Record/Section/5/Section/0/Information/0/Value/StringWithMarkup/1/Markup/0/URL,string,https://pubchem.ncbi.nlm.nih.gov/compound/166954
/Record/Section/5/Section/0/Information/0/Value/StringWithMarkup/2/String,string,167438
/Record/Section/5/Section/0/Information/0/Value/StringWithMarkup/2/Markup/0/Start,number,0
/Record/Section/5/Section/0/Information/0/Value/StringWithMarkup/2/Markup/0/Length,number,6
/Record/Section/5/Section/0/Information/0/Value/StringWithMarkup/2/Markup/0/URL,string,https://pubchem.ncbi.nlm.nih.gov/compound/167438
/Record/Section/5/Section/0/Information/0/Value/StringWithMarkup/3/String,string,178181
/Record/Section/5/Section/0/Information/0/Value/StringWithMarkup/3/Markup/0/Start,number,0
/Record/Section/5/Section/0/Information/0/Value/StringWithMarkup/3/Markup/0/Length,number,6
/Record/Section/5/Section/0/Information/0/Value/StringWithMarkup/3/Markup/0/URL,string,https://pubchem.ncbi.nlm.nih.gov/compound/178181
/Record/Section/5/Section/0/Information/0/Value/StringWithMarkup/4/String,string,6442238
/Record/Section/5/Section/0/Information/0/Value/StringWithMarkup/4/Markup/0/Start,number,0
/Record/Section/5/Section/0/Information/0/Value/StringWithMarkup/4/Markup/0/Length,number,7
/Record/Section/5/Section/0/Information/0/Value/StringWithMarkup/4/Markup/0/URL,string,https://pubchem.ncbi.nlm.nih.gov/compound/6442238
/Record/Section/5/Section/0/Information/0/Value/StringWithMarkup/5/String,string,44152848
/Record/Section/5/Section/0/Information/0/Value/StringWithMarkup/5/Markup/0/Start,number,0
/Record/Section/5/Section/0/Information/0/Value/StringWithMarkup/5/Markup/0/Length,number,8
/Record/Section/5/Section/0/Information/0/Value/StringWithMarkup/5/Markup/0/URL,string,https://pubchem.ncbi.nlm.nih.gov/compound/44152848
/Record/Section/5/Section/0/Information/0/Value/StringWithMarkup/6/String,string,177532
/Record/Section/5/Section/0/Information/0/Value/StringWithMarkup/6/Markup/0/Start,number,0
/Record/Section/5/Section/0/Information/0/Value/StringWithMarkup/6/Markup/0/Length,number,6
/Record/Section/5/Section/0/Information/0/Value/StringWithMarkup/6/Markup/0/URL,string,https://pubchem.ncbi.nlm.nih.gov/compound/177532
/Record/Section/5/Section/0/Information/0/Value/StringWithMarkup/7/String,string,177489
/Record/Section/5/Section/0/Information/0/Value/StringWithMarkup/7/Markup/0/Start,number,0
/Record/Section/5/Section/0/Information/0/Value/StringWithMarkup/7/Markup/0/Length,number,6
/Record/Section/5/Section/0/Information/0/Value/StringWithMarkup/7/Markup/0/URL,string,https://pubchem.ncbi.nlm.nih.gov/compound/177489
/Record/Section/5/Section/0/Information/0/Value/StringWithMarkup/8/String,string,185492
/Record/Section/5/Section/0/Information/0/Value/StringWithMarkup/8/Markup/0/Start,number,0
/Record/Section/5/Section/0/Information/0/Value/StringWithMarkup/8/Markup/0/Length,number,6
/Record/Section/5/Section/0/Information/0/Value/StringWithMarkup/8/Markup/0/URL,string,https://pubchem.ncbi.nlm.nih.gov/compound/185492
/Record/Section/5/Section/0/Information/0/Value/StringWithMarkup/9/String,string,10125089
/Record/Section/5/Section/0/Information/0/Value/StringWithMarkup/9/Markup/0/Start,number,0
/Record/Section/5/Section/0/Information/0/Value/StringWithMarkup/9/Markup/0/Length,number,8
/Record/Section/5/Section/0/Information/0/Value/StringWithMarkup/9/Markup/0/URL,string,https://pubchem.ncbi.nlm.nih.gov/compound/10125089
/Record/Section/5/Section/0/Information/0/Value/StringWithMarkup/10/String,string,10419363
/Record/Section/5/Section/0/Information/0/Value/StringWithMarkup/10/Markup/0/Start,number,0
/Record/Section/5/Section/0/Information/0/Value/StringWithMarkup/10/Markup/0/Length,number,8
/Record/Section/5/Section/0/Information/0/Value/StringWithMarkup/10/Markup/0/URL,string,https://pubchem.ncbi.nlm.nih.gov/compound/10419363
/Record/Section/5/Section/0/Information/0/Value/StringWithMarkup/11/String,string,11389607
/Record/Section/5/Section/0/Information/0/Value/StringWithMarkup/11/Markup/0/Start,number,0
/Record/Section/5/Section/0/Information/0/Value/StringWithMarkup/11/Markup/0/Length,number,8
/Record/Section/5/Section/0/Information/0/Value/StringWithMarkup/11/Markup/0/URL,string,https://pubchem.ncbi.nlm.nih.gov/compound/11389607
/Record/Section/5/Section/0/Information/0/Value/StringWithMarkup/12/String,string,131708390
/Record/Section/5/Section/0/Information/0/Value/StringWithMarkup/12/Markup/0/Start,number,0
/Record/Section/5/Section/0/Information/0/Value/StringWithMarkup/12/Markup/0/Length,number,9
/Record/Section/5/Section/0/Information/0/Value/StringWithMarkup/12/Markup/0/URL,string,https://pubchem.ncbi.nlm.nih.gov/compound/131708390
/Record/Section/5/Section/0/Information/0/Value/StringWithMarkup/13/String,string,131708391
/Record/Section/5/Section/0/Information/0/Value/StringWithMarkup/13/Markup/0/Start,number,0
/Record/Section/5/Section/0/Information/0/Value/StringWithMarkup/13/Markup/0/Length,number,9
/Record/Section/5/Section/0/Information/0/Value/StringWithMarkup/13/Markup/0/URL,string,https://pubchem.ncbi.nlm.nih.gov/compound/131708391
/Record/Section/5/Section/0/Information/0/Value/StringWithMarkup/14/String,string,131708392
/Record/Section/5/Section/0/Information/0/Value/StringWithMarkup/14/Markup/0/Start,number,0
/Record/Section/5/Section/0/Information/0/Value/StringWithMarkup/14/Markup/0/Length,number,9
/Record/Section/5/Section/0/Information/0/Value/StringWithMarkup/14/Markup/0/URL,string,https://pubchem.ncbi.nlm.nih.gov/compound/131708392
/Record/Section/5/Section/0/Information/0/Value/StringWithMarkup/15/String,string,131708393
/Record/Section/5/Section/0/Information/0/Value/StringWithMarkup/15/Markup/0/Start,number,0
/Record/Section/5/Section/0/Information/0/Value/StringWithMarkup/15/Markup/0/Length,number,9
/Record/Section/5/Section/0/Information/0/Value/StringWithMarkup/15/Markup/0/URL,string,https://pubchem.ncbi.nlm.nih.gov/compound/131708393
/Record/Section/5/Section/0/Information/1/ReferenceNumber,number,8
/Record/Section/5/Section/0/Information/1/Name,string,Name
/Record/Section/5/Section/0/Information/1/Value/StringWithMarkup/0/String,string,dysprosium
/Record/Section/5/Section/0/Information/1/Value/StringWithMarkup/1/String,string,dysprosium-165
/Record/Section/5/Section/0/Information/1/Value/StringWithMarkup/2/String,string,dysprosium-166
/Record/Section/5/Section/0/Information/1/Value/StringWithMarkup/3/String,string,dysprosium-159
/Record/Section/5/Section/0/Information/1/Value/StringWithMarkup/4/String,string,dysprosium-157
/Record/Section/5/Section/0/Information/1/Value/StringWithMarkup/5/String,string,dysprosium-161
/Record/Section/5/Section/0/Information/1/Value/StringWithMarkup/6/String,string,dysprosium-155
/Record/Section/5/Section/0/Information/1/Value/StringWithMarkup/7/String,string,dysprosium-162
/Record/Section/5/Section/0/Information/1/Value/StringWithMarkup/8/String,string,dysprosium(3+)
/Record/Section/5/Section/0/Information/1/Value/StringWithMarkup/9/String,string,dysprosium-164
/Record/Section/5/Section/0/Information/1/Value/StringWithMarkup/10/String,string,dysprosium-152
/Record/Section/5/Section/0/Information/1/Value/StringWithMarkup/11/String,string,dysprosium-167
/Record/Section/5/Section/0/Information/1/Value/StringWithMarkup/12/String,string,dysprosium-156
/Record/Section/5/Section/0/Information/1/Value/StringWithMarkup/13/String,string,dysprosium-158
/Record/Section/5/Section/0/Information/1/Value/StringWithMarkup/14/String,string,dysprosium-160
/Record/Section/5/Section/0/Information/1/Value/StringWithMarkup/15/String,string,dysprosium-163
/Record/Section/5/Section/0/Information/2/ReferenceNumber,number,8
/Record/Section/5/Section/0/Information/2/Name,string,Formula
/Record/Section/5/Section/0/Information/2/Value/StringWithMarkup/0/String,string,Dy
/Record/Section/5/Section/0/Information/2/Value/StringWithMarkup/1/String,string,Dy
/Record/Section/5/Section/0/Information/2/Value/StringWithMarkup/2/String,string,Dy
/Record/Section/5/Section/0/Information/2/Value/StringWithMarkup/3/String,string,Dy
/Record/Section/5/Section/0/Information/2/Value/StringWithMarkup/4/String,string,Dy
/Record/Section/5/Section/0/Information/2/Value/StringWithMarkup/5/String,string,Dy
/Record/Section/5/Section/0/Information/2/Value/StringWithMarkup/6/String,string,Dy
/Record/Section/5/Section/0/Information/2/Value/StringWithMarkup/7/String,string,Dy
/Record/Section/5/Section/0/Information/2/Value/StringWithMarkup/8/String,string,Dy+3
/Record/Section/5/Section/0/Information/2/Value/StringWithMarkup/9/String,string,Dy
/Record/Section/5/Section/0/Information/2/Value/StringWithMarkup/10/String,string,Dy
/Record/Section/5/Section/0/Information/2/Value/StringWithMarkup/11/String,string,Dy
/Record/Section/5/Section/0/Information/2/Value/StringWithMarkup/12/String,string,Dy
/Record/Section/5/Section/0/Information/2/Value/StringWithMarkup/13/String,string,Dy
/Record/Section/5/Section/0/Information/2/Value/StringWithMarkup/14/String,string,Dy
/Record/Section/5/Section/0/Information/2/Value/StringWithMarkup/15/String,string,Dy
/Record/Section/5/Section/0/Information/3/ReferenceNumber,number,8
/Record/Section/5/Section/0/Information/3/Name,string,SMILES
/Record/Section/5/Section/0/Information/3/Value/StringWithMarkup/0/String,string,[Dy]
/Record/Section/5/Section/0/Information/3/Value/StringWithMarkup/1/String,string,[165Dy]
/Record/Section/5/Section/0/Information/3/Value/StringWithMarkup/2/String,string,[166Dy]
/Record/Section/5/Section/0/Information/3/Value/StringWithMarkup/3/String,string,[159Dy]
/Record/Section/5/Section/0/Information/3/Value/StringWithMarkup/4/String,string,[157Dy]
/Record/Section/5/Section/0/Information/3/Value/StringWithMarkup/5/String,string,[161Dy]
/Record/Section/5/Section/0/Information/3/Value/StringWithMarkup/6/String,string,[155Dy]
/Record/Section/5/Section/0/Information/3/Value/StringWithMarkup/7/String,string,[162Dy]
/Record/Section/5/Section/0/Information/3/Value/StringWithMarkup/8/String,string,[Dy+3]
/Record/Section/5/Section/0/Information/3/Value/StringWithMarkup/9/String,string,[164Dy]
/Record/Section/5/Section/0/Information/3/Value/StringWithMarkup/10/String,string,[152Dy]
/Record/Section/5/Section/0/Information/3/Value/StringWithMarkup/11/String,string,[167Dy]
/Record/Section/5/Section/0/Information/3/Value/StringWithMarkup/12/String,string,[156Dy]
/Record/Section/5/Section/0/Information/3/Value/StringWithMarkup/13/String,string,[158Dy]
/Record/Section/5/Section/0/Information/3/Value/StringWithMarkup/14/String,string,[160Dy]
/Record/Section/5/Section/0/Information/3/Value/StringWithMarkup/15/String,string,[163Dy]
/Record/Section/5/Section/0/Information/4/ReferenceNumber,number,8
/Record/Section/5/Section/0/Information/4/Name,string,Molecular Weight
/Record/Section/5/Section/0/Information/4/Value/StringWithMarkup/0/String,string,162.500
/Record/Section/5/Section/0/Information/4/Value/StringWithMarkup/1/String,string,164.931709
/Record/Section/5/Section/0/Information/4/Value/StringWithMarkup/2/String,string,165.932813
/Record/Section/5/Section/0/Information/4/Value/StringWithMarkup/3/String,string,158.92575
/Record/Section/5/Section/0/Information/4/Value/StringWithMarkup/4/String,string,156.92547
/Record/Section/5/Section/0/Information/4/Value/StringWithMarkup/5/String,string,160.926939
/Record/Section/5/Section/0/Information/4/Value/StringWithMarkup/6/String,string,154.9258
/Record/Section/5/Section/0/Information/4/Value/StringWithMarkup/7/String,string,161.926805
/Record/Section/5/Section/0/Information/4/Value/StringWithMarkup/8/String,string,162.500
/Record/Section/5/Section/0/Information/4/Value/StringWithMarkup/9/String,string,163.929181
/Record/Section/5/Section/0/Information/4/Value/StringWithMarkup/10/String,string,151.92473
/Record/Section/5/Section/0/Information/4/Value/StringWithMarkup/11/String,string,166.93568
/Record/Section/5/Section/0/Information/4/Value/StringWithMarkup/12/String,string,155.92428
/Record/Section/5/Section/0/Information/4/Value/StringWithMarkup/13/String,string,157.92441
/Record/Section/5/Section/0/Information/4/Value/StringWithMarkup/14/String,string,159.925204
/Record/Section/5/Section/0/Information/4/Value/StringWithMarkup/15/String,string,162.928737
/Record/Section/6/TOCHeading,string,Isotopes
/Record/Section/6/Description,string,Isotopes are nuclides having the same atomic number but different mass numbers.  This section provides information on the isotopes of this element and their uses in various fields.
/Record/Section/6/URL,string,https://chem.libretexts.org/Courses/Furman_University/CHM101%3A_Chemistry_and_Global_Awareness_(Gordon)/03%3A_Atoms_and_the_Periodic_Table/3.05%3A_Isotopes
/Record/Section/6/Information/0/ReferenceNumber,number,5
/Record/Section/6/Information/0/Name,string,Stable Isotope Count
/Record/Section/6/Information/0/Value/StringWithMarkup/0/String,string,7
/Record/Section/6/Section/0/TOCHeading,string,Isotopes in Industry
/Record/Section/6/Section/0/Description,string,Information on the use of this element's isotopes in industry.
/Record/Section/6/Section/0/Information/0/ReferenceNumber,number,4
/Record/Section/6/Section/0/Information/0/Reference/0,string,"[462]  S. H. Youn, M. Lu, U. Ray, B. L. Lev. Am. Phys. Soc. Phys. Rev. A.82, 043425 (2010). https://doi.org/10.1103/PhysRevA.82.043425."
/Record/Section/6/Section/0/Information/0/Reference/1,string,"[463]  C. M. Elliott. First Dysprosium MOT, Physics Illinois-University of Illinois at Urbana-Champaign (2017), Feb. 28; http://engineering.illinois.edu/news/article/2009-07-31-first-dysprosium-mot."
/Record/Section/6/Section/0/Information/0/Reference/2,string,"[464]  V. E. Ceron, J. G. Hirsch. Phys. Lett. B471, 1 (1999)."
/Record/Section/6/Section/0/Information/0/Reference/3,string,"[465]  R. L. Cohen. Phys. Rev.137, 1809 (1965)."
/Record/Section/6/Section/0/Information/0/Reference/4,string,"[466]  B. Lev. Research-Announcing the World’s First Dysprosium MOT (Magneto-Optical Trap)! Stanford University (2017), Feb. 28; http://levlab.stanford.edu/news-events/worlds-first-dy-mot."
/Record/Section/6/Section/0/Information/0/ExtendedReference/0/Citation,string,"[462]  S. H. Youn, M. Lu, U. Ray, B. L. Lev. Am. Phys. Soc. Phys. Rev. A.82, 043425 (2010). https://doi.org/10.1103/PhysRevA.82.043425."
/Record/Section/6/Section/0/Information/0/ExtendedReference/1/Citation,string,"[463]  C. M. Elliott. First Dysprosium MOT, Physics Illinois-University of Illinois at Urbana-Champaign (2017), Feb. 28; http://engineering.illinois.edu/news/article/2009-07-31-first-dysprosium-mot."
/Record/Section/6/Section/0/Information/0/ExtendedReference/2/Citation,string,"[464]  V. E. Ceron, J. G. Hirsch. Phys. Lett. B471, 1 (1999)."
/Record/Section/6/Section/0/Information/0/ExtendedReference/3/Citation,string,"[465]  R. L. Cohen. Phys. Rev.137, 1809 (1965)."
/Record/Section/6/Section/0/Information/0/ExtendedReference/4/Citation,string,"[466]  B. Lev. Research-Announcing the World’s First Dysprosium MOT (Magneto-Optical Trap)! Stanford University (2017), Feb. 28; http://levlab.stanford.edu/news-events/worlds-first-dy-mot."
/Record/Section/6/Section/0/Information/0/Value/StringWithMarkup/0/String,string,"The isotopes of dysprosium are highly magnetic and have been the subject of physics research involving interactions of isotopes and the structure of lattice supersolids (spatially ordered material with superfluid properties, i.e. zero viscosity). The Magneto-Optical Trapping (MOT) chamber is used for slowing atoms (isotopes) to study the physics of neutral atoms by using a laser light to cool atoms (“Doppler cooling”) and magnetic quadrupole fields to slow and “trap” the neutral atoms (Fig. IUPAC.66.1) [462], [463]."
/Record/Section/6/Section/0/Information/0/Value/StringWithMarkup/1/String,string,"164Dy has a large neutron absorption cross section, so dysprosium is used for control rods [464]. 161Dy has been a key isotope for studying the Mössbauer Effect, which is the resonance and absorption of gamma ray emissions on nearby atoms in a solid state [465]."
/Record/Section/6/Section/0/Information/0/Value/StringWithMarkup/1/Markup/0/Start,number,0
/Record/Section/6/Section/0/Information/0/Value/StringWithMarkup/1/Markup/0/Length,number,3
/Record/Section/6/Section/0/Information/0/Value/StringWithMarkup/1/Markup/0/Type,string,Superscript
/Record/Section/6/Section/0/Information/0/Value/StringWithMarkup/1/Markup/1/Start,number,98
/Record/Section/6/Section/0/Information/0/Value/StringWithMarkup/1/Markup/1/Length,number,3
/Record/Section/6/Section/0/Information/0/Value/StringWithMarkup/1/Markup/1/Type,string,Superscript
/Record/Section/6/Section/0/Information/0/Value/StringWithMarkup/2/String,string,          
/Record/Section/6/Section/0/Information/0/Value/StringWithMarkup/2/Markup/0/Start,number,0
/Record/Section/6/Section/0/Information/0/Value/StringWithMarkup/2/Markup/0/Length,number,1
/Record/Section/6/Section/0/Information/0/Value/StringWithMarkup/2/Markup/0/URL,string,https://pubchem.ncbi.nlm.nih.gov/images/iupac/j_pac-2015-0703_fig_093.jpg
/Record/Section/6/Section/0/Information/0/Value/StringWithMarkup/2/Markup/0/Type,string,Image
/Record/Section/6/Section/0/Information/0/Value/StringWithMarkup/2/Markup/0/Size,string,945x707
/Record/Section/6/Section/0/Information/0/Value/StringWithMarkup/2/Markup/0/Caption,string,"Fig. IUPAC.66.1: Magneto-Optical Trapping (MOT) of isotopes of dysprosium. (Used with permission from: Prof. Benjamin Lev, Stanford University) [466]. "
/Record/Section/6/Section/1/TOCHeading,string,Isotopes in Medicine
/Record/Section/6/Section/1/Description,string,Information on the use of this element's isotopes in medicine.
/Record/Section/6/Section/1/Information/0/ReferenceNumber,number,4
/Record/Section/6/Section/1/Information/0/Reference/0,string,"[467]  C. B. Sledge, J. D. Zuckerman, M. R. Zalutsky, R. W. Atcher, S. Shortkroff, D. R. Lionberger, H. A. Rose, B. J. Hurson, P. A. Lankenner, R. J. Anderson, W. A. Bloomer. Arthritis Rheum.29, 153 (1986)."
/Record/Section/6/Section/1/Information/0/ExtendedReference/0/Citation,string,"[467]  C. B. Sledge, J. D. Zuckerman, M. R. Zalutsky, R. W. Atcher, S. Shortkroff, D. R. Lionberger, H. A. Rose, B. J. Hurson, P. A. Lankenner, R. J. Anderson, W. A. Bloomer. Arthritis Rheum.29, 153 (1986)."
/Record/Section/6/Section/1/Information/0/Value/StringWithMarkup/0/String,string,165Dy (with a half-life of 140 min) is commonly used in arthritis therapy (radiosynovectomy). Rheumatic inflammation of the membranes of joints is often treated by the injection of 165Dy-ferric oxide directly into the joint space of the knee. Leakage from the joint has been shown to be minimal [467].
/Record/Section/6/Section/1/Information/0/Value/StringWithMarkup/0/Markup/0/Start,number,0
/Record/Section/6/Section/1/Information/0/Value/StringWithMarkup/0/Markup/0/Length,number,3
/Record/Section/6/Section/1/Information/0/Value/StringWithMarkup/0/Markup/0/Type,string,Superscript
/Record/Section/6/Section/1/Information/0/Value/StringWithMarkup/0/Markup/1/Start,number,181
/Record/Section/6/Section/1/Information/0/Value/StringWithMarkup/0/Markup/1/Length,number,3
/Record/Section/6/Section/1/Information/0/Value/StringWithMarkup/0/Markup/1/Type,string,Superscript
/Record/Section/6/Section/2/TOCHeading,string,Isotopes Used as a Source of Radioactive Isotope(s)
/Record/Section/6/Section/2/Description,string,Information on the use of this element's isotopes to generate radioactive isotopes.
/Record/Section/6/Section/2/Information/0/ReferenceNumber,number,4
/Record/Section/6/Section/2/Information/0/Reference/0,string,"[468]  D. Ma, A. R. Ketring, G. J. Ehrhardt, W. Jia. J. Radioanal. Nucl. Chem.206, 119 (1996)."
/Record/Section/6/Section/2/Information/0/Reference/1,string,"[469]  S. Mirzadeh, R. E. Schenter, A. P. Callahan, F. F. Knapp. Production Capabilities in U.S. Nuclear Reactors for Medical Radioisotopes, Tm-12010, Oak Ridge National Laboratory Oak Ridge, Tenn (1992)."
/Record/Section/6/Section/2/Information/0/Reference/2,string,"[470]  S. Lahiri, K. J. Volkers, B. Wierczinski. Appl. Radiat. Isot.61, 1157 (2004)."
/Record/Section/6/Section/2/Information/0/Reference/3,string,"[471]  G. Ferro-Flores, O. Hernandez-Oviedo, C. Arteaga de Murphy, J. I. Tendilla, F. Monroy-Guzman, M. Pedraza-Lopez, K. Aldama-Alvarado. Appl. Radiat. Isot.61, 1227 (2004)."
/Record/Section/6/Section/2/Information/0/ExtendedReference/0/Citation,string,"[468]  D. Ma, A. R. Ketring, G. J. Ehrhardt, W. Jia. J. Radioanal. Nucl. Chem.206, 119 (1996)."
/Record/Section/6/Section/2/Information/0/ExtendedReference/1/Citation,string,"[469]  S. Mirzadeh, R. E. Schenter, A. P. Callahan, F. F. Knapp. Production Capabilities in U.S. Nuclear Reactors for Medical Radioisotopes, Tm-12010, Oak Ridge National Laboratory Oak Ridge, Tenn (1992)."
/Record/Section/6/Section/2/Information/0/ExtendedReference/2/Citation,string,"[470]  S. Lahiri, K. J. Volkers, B. Wierczinski. Appl. Radiat. Isot.61, 1157 (2004)."
/Record/Section/6/Section/2/Information/0/ExtendedReference/3/Citation,string,"[471]  G. Ferro-Flores, O. Hernandez-Oviedo, C. Arteaga de Murphy, J. I. Tendilla, F. Monroy-Guzman, M. Pedraza-Lopez, K. Aldama-Alvarado. Appl. Radiat. Isot.61, 1227 (2004)."
/Record/Section/6/Section/2/Information/0/Value/StringWithMarkup/0/String,string,"164Dy is used to produce 166Dy (with a half-life of 3.4 days) via double neutron capture [468], [469], [470]. 166Dy, which decays to 166Ho, is used in cancer and arthritis therapy [468], [471]."
/Record/Section/6/Section/2/Information/0/Value/StringWithMarkup/0/Markup/0/Start,number,0
/Record/Section/6/Section/2/Information/0/Value/StringWithMarkup/0/Markup/0/Length,number,3
/Record/Section/6/Section/2/Information/0/Value/StringWithMarkup/0/Markup/0/Type,string,Superscript
/Record/Section/6/Section/2/Information/0/Value/StringWithMarkup/0/Markup/1/Start,number,25
/Record/Section/6/Section/2/Information/0/Value/StringWithMarkup/0/Markup/1/Length,number,3
/Record/Section/6/Section/2/Information/0/Value/StringWithMarkup/0/Markup/1/Type,string,Superscript
/Record/Section/6/Section/2/Information/0/Value/StringWithMarkup/0/Markup/2/Start,number,110
/Record/Section/6/Section/2/Information/0/Value/StringWithMarkup/0/Markup/2/Length,number,3
/Record/Section/6/Section/2/Information/0/Value/StringWithMarkup/0/Markup/2/Type,string,Superscript
/Record/Section/6/Section/2/Information/0/Value/StringWithMarkup/0/Markup/3/Start,number,133
/Record/Section/6/Section/2/Information/0/Value/StringWithMarkup/0/Markup/3/Length,number,3
/Record/Section/6/Section/2/Information/0/Value/StringWithMarkup/0/Markup/3/Type,string,Superscript
/Record/Section/6/Section/3/TOCHeading,string,Isotope Mass and Abundance
/Record/Section/6/Section/3/Description,string,Atomic mass and abundance (composition) information for a given isotope/nuclide. The number in the parenthesis refers to an uncertainty when exist. The unit of atomic weight is the unified atomic mass unit (u) or dalton (Da). 
/Record/Section/6/Section/3/DisplayControls/CreateTable/FromInformationIn,string,ThisSection
/Record/Section/6/Section/3/DisplayControls/CreateTable/NumberOfColumns,number,3
/Record/Section/6/Section/3/DisplayControls/CreateTable/ColumnsFromNamedLists/Name/0,string,Isotope
/Record/Section/6/Section/3/DisplayControls/CreateTable/ColumnsFromNamedLists/Name/1,string,Atomic Mass (uncertainty) [u]
/Record/Section/6/Section/3/DisplayControls/CreateTable/ColumnsFromNamedLists/Name/2,string,Abundance (uncertainty)
/Record/Section/6/Section/3/DisplayControls/CreateTable/ColumnsFromNamedLists/UseNamesAsColumnHeadings,boolean,true
/Record/Section/6/Section/3/Information/0/ReferenceNumber,number,3
/Record/Section/6/Section/3/Information/0/Name,string,Isotope
/Record/Section/6/Section/3/Information/0/Value/StringWithMarkup/0/String,string, 156Dy
/Record/Section/6/Section/3/Information/0/Value/StringWithMarkup/0/Markup/0/Start,number,0
/Record/Section/6/Section/3/Information/0/Value/StringWithMarkup/0/Markup/0/Length,number,4
/Record/Section/6/Section/3/Information/0/Value/StringWithMarkup/0/Markup/0/Type,string,Superscript
/Record/Section/6/Section/3/Information/0/Value/StringWithMarkup/1/String,string, 158Dy
/Record/Section/6/Section/3/Information/0/Value/StringWithMarkup/1/Markup/0/Start,number,0
/Record/Section/6/Section/3/Information/0/Value/StringWithMarkup/1/Markup/0/Length,number,4
/Record/Section/6/Section/3/Information/0/Value/StringWithMarkup/1/Markup/0/Type,string,Superscript
/Record/Section/6/Section/3/Information/0/Value/StringWithMarkup/2/String,string, 160Dy
/Record/Section/6/Section/3/Information/0/Value/StringWithMarkup/2/Markup/0/Start,number,0
/Record/Section/6/Section/3/Information/0/Value/StringWithMarkup/2/Markup/0/Length,number,4
/Record/Section/6/Section/3/Information/0/Value/StringWithMarkup/2/Markup/0/Type,string,Superscript
/Record/Section/6/Section/3/Information/0/Value/StringWithMarkup/3/String,string, 161Dy
/Record/Section/6/Section/3/Information/0/Value/StringWithMarkup/3/Markup/0/Start,number,0
/Record/Section/6/Section/3/Information/0/Value/StringWithMarkup/3/Markup/0/Length,number,4
/Record/Section/6/Section/3/Information/0/Value/StringWithMarkup/3/Markup/0/Type,string,Superscript
/Record/Section/6/Section/3/Information/0/Value/StringWithMarkup/4/String,string, 162Dy
/Record/Section/6/Section/3/Information/0/Value/StringWithMarkup/4/Markup/0/Start,number,0
/Record/Section/6/Section/3/Information/0/Value/StringWithMarkup/4/Markup/0/Length,number,4
/Record/Section/6/Section/3/Information/0/Value/StringWithMarkup/4/Markup/0/Type,string,Superscript
/Record/Section/6/Section/3/Information/0/Value/StringWithMarkup/5/String,string, 163Dy
/Record/Section/6/Section/3/Information/0/Value/StringWithMarkup/5/Markup/0/Start,number,0
/Record/Section/6/Section/3/Information/0/Value/StringWithMarkup/5/Markup/0/Length,number,4
/Record/Section/6/Section/3/Information/0/Value/StringWithMarkup/5/Markup/0/Type,string,Superscript
/Record/Section/6/Section/3/Information/0/Value/StringWithMarkup/6/String,string, 164Dy
/Record/Section/6/Section/3/Information/0/Value/StringWithMarkup/6/Markup/0/Start,number,0
/Record/Section/6/Section/3/Information/0/Value/StringWithMarkup/6/Markup/0/Length,number,4
/Record/Section/6/Section/3/Information/0/Value/StringWithMarkup/6/Markup/0/Type,string,Superscript
/Record/Section/6/Section/3/Information/1/ReferenceNumber,number,3
/Record/Section/6/Section/3/Information/1/Name,string,Atomic Mass (uncertainty)
/Record/Section/6/Section/3/Information/1/Value/StringWithMarkup/0/String,string,155.924 284(8)
/Record/Section/6/Section/3/Information/1/Value/StringWithMarkup/1/String,string,157.924 41(2)
/Record/Section/6/Section/3/Information/1/Value/StringWithMarkup/2/String,string,159.925 203(5)
/Record/Section/6/Section/3/Information/1/Value/StringWithMarkup/3/String,string,160.926 939(5)
/Record/Section/6/Section/3/Information/1/Value/StringWithMarkup/4/String,string,161.926 804(5)
/Record/Section/6/Section/3/Information/1/Value/StringWithMarkup/5/String,string,162.928 737(5)
/Record/Section/6/Section/3/Information/1/Value/StringWithMarkup/6/String,string,163.929 181(5)
/Record/Section/6/Section/3/Information/2/ReferenceNumber,number,3
/Record/Section/6/Section/3/Information/2/Name,string,Abundance (uncertainty)
/Record/Section/6/Section/3/Information/2/Value/StringWithMarkup/0/String,string,0.000 56(3)
/Record/Section/6/Section/3/Information/2/Value/StringWithMarkup/1/String,string,0.000 95(3)
/Record/Section/6/Section/3/Information/2/Value/StringWithMarkup/2/String,string,0.023 29(18)
/Record/Section/6/Section/3/Information/2/Value/StringWithMarkup/3/String,string,0.188 89(42)
/Record/Section/6/Section/3/Information/2/Value/StringWithMarkup/4/String,string,0.254 75(36)
/Record/Section/6/Section/3/Information/2/Value/StringWithMarkup/5/String,string,0.248 96(42)
/Record/Section/6/Section/3/Information/2/Value/StringWithMarkup/6/String,string,0.282 60(54)
/Record/Section/6/Section/3/Information/3/ReferenceNumber,number,7
/Record/Section/6/Section/3/Information/3/Name,string,Isotope
/Record/Section/6/Section/3/Information/3/Value/StringWithMarkup/0/String,string,156Dy
/Record/Section/6/Section/3/Information/3/Value/StringWithMarkup/0/Markup/0/Start,number,0
/Record/Section/6/Section/3/Information/3/Value/StringWithMarkup/0/Markup/0/Length,number,3
/Record/Section/6/Section/3/Information/3/Value/StringWithMarkup/0/Markup/0/Type,string,Superscript
/Record/Section/6/Section/3/Information/3/Value/StringWithMarkup/1/String,string,158Dy
/Record/Section/6/Section/3/Information/3/Value/StringWithMarkup/1/Markup/0/Start,number,0
/Record/Section/6/Section/3/Information/3/Value/StringWithMarkup/1/Markup/0/Length,number,3
/Record/Section/6/Section/3/Information/3/Value/StringWithMarkup/1/Markup/0/Type,string,Superscript
/Record/Section/6/Section/3/Information/3/Value/StringWithMarkup/2/String,string,160Dy
/Record/Section/6/Section/3/Information/3/Value/StringWithMarkup/2/Markup/0/Start,number,0
/Record/Section/6/Section/3/Information/3/Value/StringWithMarkup/2/Markup/0/Length,number,3
/Record/Section/6/Section/3/Information/3/Value/StringWithMarkup/2/Markup/0/Type,string,Superscript
/Record/Section/6/Section/3/Information/3/Value/StringWithMarkup/3/String,string,161Dy
/Record/Section/6/Section/3/Information/3/Value/StringWithMarkup/3/Markup/0/Start,number,0
/Record/Section/6/Section/3/Information/3/Value/StringWithMarkup/3/Markup/0/Length,number,3
/Record/Section/6/Section/3/Information/3/Value/StringWithMarkup/3/Markup/0/Type,string,Superscript
/Record/Section/6/Section/3/Information/3/Value/StringWithMarkup/4/String,string,162Dy
/Record/Section/6/Section/3/Information/3/Value/StringWithMarkup/4/Markup/0/Start,number,0
/Record/Section/6/Section/3/Information/3/Value/StringWithMarkup/4/Markup/0/Length,number,3
/Record/Section/6/Section/3/Information/3/Value/StringWithMarkup/4/Markup/0/Type,string,Superscript
/Record/Section/6/Section/3/Information/3/Value/StringWithMarkup/5/String,string,163Dy
/Record/Section/6/Section/3/Information/3/Value/StringWithMarkup/5/Markup/0/Start,number,0
/Record/Section/6/Section/3/Information/3/Value/StringWithMarkup/5/Markup/0/Length,number,3
/Record/Section/6/Section/3/Information/3/Value/StringWithMarkup/5/Markup/0/Type,string,Superscript
/Record/Section/6/Section/3/Information/3/Value/StringWithMarkup/6/String,string,164Dy
/Record/Section/6/Section/3/Information/3/Value/StringWithMarkup/6/Markup/0/Start,number,0
/Record/Section/6/Section/3/Information/3/Value/StringWithMarkup/6/Markup/0/Length,number,3
/Record/Section/6/Section/3/Information/3/Value/StringWithMarkup/6/Markup/0/Type,string,Superscript
/Record/Section/6/Section/3/Information/4/ReferenceNumber,number,7
/Record/Section/6/Section/3/Information/4/Name,string,Atomic Mass (uncertainty) [u]
/Record/Section/6/Section/3/Information/4/Value/StringWithMarkup/0/String,string,155.9242847(17)
/Record/Section/6/Section/3/Information/4/Value/StringWithMarkup/1/String,string,157.9244159(31)
/Record/Section/6/Section/3/Information/4/Value/StringWithMarkup/2/String,string,159.9252046(20)
/Record/Section/6/Section/3/Information/4/Value/StringWithMarkup/3/String,string,160.9269405(20)
/Record/Section/6/Section/3/Information/4/Value/StringWithMarkup/4/String,string,161.9268056(20)
/Record/Section/6/Section/3/Information/4/Value/StringWithMarkup/5/String,string,162.9287383(20)
/Record/Section/6/Section/3/Information/4/Value/StringWithMarkup/6/String,string,163.9291819(20)
/Record/Section/6/Section/3/Information/5/ReferenceNumber,number,7
/Record/Section/6/Section/3/Information/5/Name,string,Abundance (uncertainty)
/Record/Section/6/Section/3/Information/5/Value/StringWithMarkup/0/String,string,0.00056(3)
/Record/Section/6/Section/3/Information/5/Value/StringWithMarkup/1/String,string,0.00095(3)
/Record/Section/6/Section/3/Information/5/Value/StringWithMarkup/2/String,string,0.02329(18)
/Record/Section/6/Section/3/Information/5/Value/StringWithMarkup/3/String,string,0.18889(42)
/Record/Section/6/Section/3/Information/5/Value/StringWithMarkup/4/String,string,0.25475(36)
/Record/Section/6/Section/3/Information/5/Value/StringWithMarkup/5/String,string,0.24896(42)
/Record/Section/6/Section/3/Information/5/Value/StringWithMarkup/6/String,string,0.28260(54)
/Record/Section/6/Section/4/TOCHeading,string,"Atomic Mass, Half Life, and Decay"
/Record/Section/6/Section/4/Description,string,"Information on the atomic mass, half life, and decay for this element, from the the Atomic Mass Data Center. The number after the ± refers to an uncertainty when exists."
/Record/Section/6/Section/4/URL,string,https://pubchem.ncbi.nlm.nih.gov/docs/atomic-mass/
/Record/Section/6/Section/4/DisplayControls/CreateTable/FromInformationIn,string,ThisSection
/Record/Section/6/Section/4/DisplayControls/CreateTable/NumberOfColumns,number,5
/Record/Section/6/Section/4/DisplayControls/CreateTable/ColumnsFromNamedLists/Name/0,string,Nuclide
/Record/Section/6/Section/4/DisplayControls/CreateTable/ColumnsFromNamedLists/Name/1,string,Atomic Mass and Uncertainty [u]
/Record/Section/6/Section/4/DisplayControls/CreateTable/ColumnsFromNamedLists/Name/2,string,Half Life and Uncertainty
/Record/Section/6/Section/4/DisplayControls/CreateTable/ColumnsFromNamedLists/Name/3,string,Discovery Year
/Record/Section/6/Section/4/DisplayControls/CreateTable/ColumnsFromNamedLists/Name/4,string,"Decay Modes, Intensities and Uncertainties [%]"
/Record/Section/6/Section/4/DisplayControls/CreateTable/ColumnsFromNamedLists/UseNamesAsColumnHeadings,boolean,true
/Record/Section/6/Section/4/Information/0/ReferenceNumber,number,2
/Record/Section/6/Section/4/Information/0/Name,string,Nuclide
/Record/Section/6/Section/4/Information/0/Value/StringWithMarkup/0/String,string,138Dy
/Record/Section/6/Section/4/Information/0/Value/StringWithMarkup/0/Markup/0/Start,number,0
/Record/Section/6/Section/4/Information/0/Value/StringWithMarkup/0/Markup/0/Length,number,3
/Record/Section/6/Section/4/Information/0/Value/StringWithMarkup/0/Markup/0/Type,string,Superscript
/Record/Section/6/Section/4/Information/0/Value/StringWithMarkup/1/String,string,139Dy
/Record/Section/6/Section/4/Information/0/Value/StringWithMarkup/1/Markup/0/Start,number,0
/Record/Section/6/Section/4/Information/0/Value/StringWithMarkup/1/Markup/0/Length,number,3
/Record/Section/6/Section/4/Information/0/Value/StringWithMarkup/1/Markup/0/Type,string,Superscript
/Record/Section/6/Section/4/Information/0/Value/StringWithMarkup/2/String,string,140Dy
/Record/Section/6/Section/4/Information/0/Value/StringWithMarkup/2/Markup/0/Start,number,0
/Record/Section/6/Section/4/Information/0/Value/StringWithMarkup/2/Markup/0/Length,number,3
/Record/Section/6/Section/4/Information/0/Value/StringWithMarkup/2/Markup/0/Type,string,Superscript
/Record/Section/6/Section/4/Information/0/Value/StringWithMarkup/3/String,string,140Dym
/Record/Section/6/Section/4/Information/0/Value/StringWithMarkup/3/Markup/0/Start,number,0
/Record/Section/6/Section/4/Information/0/Value/StringWithMarkup/3/Markup/0/Length,number,3
/Record/Section/6/Section/4/Information/0/Value/StringWithMarkup/3/Markup/0/Type,string,Superscript
/Record/Section/6/Section/4/Information/0/Value/StringWithMarkup/3/Markup/1/Start,number,5
/Record/Section/6/Section/4/Information/0/Value/StringWithMarkup/3/Markup/1/Length,number,1
/Record/Section/6/Section/4/Information/0/Value/StringWithMarkup/3/Markup/1/Type,string,Superscript
/Record/Section/6/Section/4/Information/0/Value/StringWithMarkup/4/String,string,141Dy
/Record/Section/6/Section/4/Information/0/Value/StringWithMarkup/4/Markup/0/Start,number,0
/Record/Section/6/Section/4/Information/0/Value/StringWithMarkup/4/Markup/0/Length,number,3
/Record/Section/6/Section/4/Information/0/Value/StringWithMarkup/4/Markup/0/Type,string,Superscript
/Record/Section/6/Section/4/Information/0/Value/StringWithMarkup/5/String,string,142Dy
/Record/Section/6/Section/4/Information/0/Value/StringWithMarkup/5/Markup/0/Start,number,0
/Record/Section/6/Section/4/Information/0/Value/StringWithMarkup/5/Markup/0/Length,number,3
/Record/Section/6/Section/4/Information/0/Value/StringWithMarkup/5/Markup/0/Type,string,Superscript
/Record/Section/6/Section/4/Information/0/Value/StringWithMarkup/6/String,string,143Dy
/Record/Section/6/Section/4/Information/0/Value/StringWithMarkup/6/Markup/0/Start,number,0
/Record/Section/6/Section/4/Information/0/Value/StringWithMarkup/6/Markup/0/Length,number,3
/Record/Section/6/Section/4/Information/0/Value/StringWithMarkup/6/Markup/0/Type,string,Superscript
/Record/Section/6/Section/4/Information/0/Value/StringWithMarkup/7/String,string,143Dym
/Record/Section/6/Section/4/Information/0/Value/StringWithMarkup/7/Markup/0/Start,number,0
/Record/Section/6/Section/4/Information/0/Value/StringWithMarkup/7/Markup/0/Length,number,3
/Record/Section/6/Section/4/Information/0/Value/StringWithMarkup/7/Markup/0/Type,string,Superscript
/Record/Section/6/Section/4/Information/0/Value/StringWithMarkup/7/Markup/1/Start,number,5
/Record/Section/6/Section/4/Information/0/Value/StringWithMarkup/7/Markup/1/Length,number,1
/Record/Section/6/Section/4/Information/0/Value/StringWithMarkup/7/Markup/1/Type,string,Superscript
/Record/Section/6/Section/4/Information/0/Value/StringWithMarkup/8/String,string,143Dyn
/Record/Section/6/Section/4/Information/0/Value/StringWithMarkup/8/Markup/0/Start,number,0
/Record/Section/6/Section/4/Information/0/Value/StringWithMarkup/8/Markup/0/Length,number,3
/Record/Section/6/Section/4/Information/0/Value/StringWithMarkup/8/Markup/0/Type,string,Superscript
/Record/Section/6/Section/4/Information/0/Value/StringWithMarkup/8/Markup/1/Start,number,5
/Record/Section/6/Section/4/Information/0/Value/StringWithMarkup/8/Markup/1/Length,number,1
/Record/Section/6/Section/4/Information/0/Value/StringWithMarkup/8/Markup/1/Type,string,Superscript
/Record/Section/6/Section/4/Information/0/Value/StringWithMarkup/9/String,string,144Dy
/Record/Section/6/Section/4/Information/0/Value/StringWithMarkup/9/Markup/0/Start,number,0
/Record/Section/6/Section/4/Information/0/Value/StringWithMarkup/9/Markup/0/Length,number,3
/Record/Section/6/Section/4/Information/0/Value/StringWithMarkup/9/Markup/0/Type,string,Superscript
/Record/Section/6/Section/4/Information/0/Value/StringWithMarkup/10/String,string,145Dy
/Record/Section/6/Section/4/Information/0/Value/StringWithMarkup/10/Markup/0/Start,number,0
/Record/Section/6/Section/4/Information/0/Value/StringWithMarkup/10/Markup/0/Length,number,3
/Record/Section/6/Section/4/Information/0/Value/StringWithMarkup/10/Markup/0/Type,string,Superscript
/Record/Section/6/Section/4/Information/0/Value/StringWithMarkup/11/String,string,145Dym
/Record/Section/6/Section/4/Information/0/Value/StringWithMarkup/11/Markup/0/Start,number,0
/Record/Section/6/Section/4/Information/0/Value/StringWithMarkup/11/Markup/0/Length,number,3
/Record/Section/6/Section/4/Information/0/Value/StringWithMarkup/11/Markup/0/Type,string,Superscript
/Record/Section/6/Section/4/Information/0/Value/StringWithMarkup/11/Markup/1/Start,number,5
/Record/Section/6/Section/4/Information/0/Value/StringWithMarkup/11/Markup/1/Length,number,1
/Record/Section/6/Section/4/Information/0/Value/StringWithMarkup/11/Markup/1/Type,string,Superscript
/Record/Section/6/Section/4/Information/0/Value/StringWithMarkup/12/String,string,146Dy
/Record/Section/6/Section/4/Information/0/Value/StringWithMarkup/12/Markup/0/Start,number,0
/Record/Section/6/Section/4/Information/0/Value/StringWithMarkup/12/Markup/0/Length,number,3
/Record/Section/6/Section/4/Information/0/Value/StringWithMarkup/12/Markup/0/Type,string,Superscript
/Record/Section/6/Section/4/Information/0/Value/StringWithMarkup/13/String,string,146Dym
/Record/Section/6/Section/4/Information/0/Value/StringWithMarkup/13/Markup/0/Start,number,0
/Record/Section/6/Section/4/Information/0/Value/StringWithMarkup/13/Markup/0/Length,number,3
/Record/Section/6/Section/4/Information/0/Value/StringWithMarkup/13/Markup/0/Type,string,Superscript
/Record/Section/6/Section/4/Information/0/Value/StringWithMarkup/13/Markup/1/Start,number,5
/Record/Section/6/Section/4/Information/0/Value/StringWithMarkup/13/Markup/1/Length,number,1
/Record/Section/6/Section/4/Information/0/Value/StringWithMarkup/13/Markup/1/Type,string,Superscript
/Record/Section/6/Section/4/Information/0/Value/StringWithMarkup/14/String,string,147Dy
/Record/Section/6/Section/4/Information/0/Value/StringWithMarkup/14/Markup/0/Start,number,0
/Record/Section/6/Section/4/Information/0/Value/StringWithMarkup/14/Markup/0/Length,number,3
/Record/Section/6/Section/4/Information/0/Value/StringWithMarkup/14/Markup/0/Type,string,Superscript
/Record/Section/6/Section/4/Information/0/Value/StringWithMarkup/15/String,string,147Dym
/Record/Section/6/Section/4/Information/0/Value/StringWithMarkup/15/Markup/0/Start,number,0
/Record/Section/6/Section/4/Information/0/Value/StringWithMarkup/15/Markup/0/Length,number,3
/Record/Section/6/Section/4/Information/0/Value/StringWithMarkup/15/Markup/0/Type,string,Superscript
/Record/Section/6/Section/4/Information/0/Value/StringWithMarkup/15/Markup/1/Start,number,5
/Record/Section/6/Section/4/Information/0/Value/StringWithMarkup/15/Markup/1/Length,number,1
/Record/Section/6/Section/4/Information/0/Value/StringWithMarkup/15/Markup/1/Type,string,Superscript
/Record/Section/6/Section/4/Information/0/Value/StringWithMarkup/16/String,string,147Dyn
/Record/Section/6/Section/4/Information/0/Value/StringWithMarkup/16/Markup/0/Start,number,0
/Record/Section/6/Section/4/Information/0/Value/StringWithMarkup/16/Markup/0/Length,number,3
/Record/Section/6/Section/4/Information/0/Value/StringWithMarkup/16/Markup/0/Type,string,Superscript
/Record/Section/6/Section/4/Information/0/Value/StringWithMarkup/16/Markup/1/Start,number,5
/Record/Section/6/Section/4/Information/0/Value/StringWithMarkup/16/Markup/1/Length,number,1
/Record/Section/6/Section/4/Information/0/Value/StringWithMarkup/16/Markup/1/Type,string,Superscript
/Record/Section/6/Section/4/Information/0/Value/StringWithMarkup/17/String,string,148Dy
/Record/Section/6/Section/4/Information/0/Value/StringWithMarkup/17/Markup/0/Start,number,0
/Record/Section/6/Section/4/Information/0/Value/StringWithMarkup/17/Markup/0/Length,number,3
/Record/Section/6/Section/4/Information/0/Value/StringWithMarkup/17/Markup/0/Type,string,Superscript
/Record/Section/6/Section/4/Information/0/Value/StringWithMarkup/18/String,string,148Dym
/Record/Section/6/Section/4/Information/0/Value/StringWithMarkup/18/Markup/0/Start,number,0
/Record/Section/6/Section/4/Information/0/Value/StringWithMarkup/18/Markup/0/Length,number,3
/Record/Section/6/Section/4/Information/0/Value/StringWithMarkup/18/Markup/0/Type,string,Superscript
/Record/Section/6/Section/4/Information/0/Value/StringWithMarkup/18/Markup/1/Start,number,5
/Record/Section/6/Section/4/Information/0/Value/StringWithMarkup/18/Markup/1/Length,number,1
/Record/Section/6/Section/4/Information/0/Value/StringWithMarkup/18/Markup/1/Type,string,Superscript
/Record/Section/6/Section/4/Information/0/Value/StringWithMarkup/19/String,string,149Dy
/Record/Section/6/Section/4/Information/0/Value/StringWithMarkup/19/Markup/0/Start,number,0
/Record/Section/6/Section/4/Information/0/Value/StringWithMarkup/19/Markup/0/Length,number,3
/Record/Section/6/Section/4/Information/0/Value/StringWithMarkup/19/Markup/0/Type,string,Superscript
/Record/Section/6/Section/4/Information/0/Value/StringWithMarkup/20/String,string,149Dym
/Record/Section/6/Section/4/Information/0/Value/StringWithMarkup/20/Markup/0/Start,number,0
/Record/Section/6/Section/4/Information/0/Value/StringWithMarkup/20/Markup/0/Length,number,3
/Record/Section/6/Section/4/Information/0/Value/StringWithMarkup/20/Markup/0/Type,string,Superscript
/Record/Section/6/Section/4/Information/0/Value/StringWithMarkup/20/Markup/1/Start,number,5
/Record/Section/6/Section/4/Information/0/Value/StringWithMarkup/20/Markup/1/Length,number,1
/Record/Section/6/Section/4/Information/0/Value/StringWithMarkup/20/Markup/1/Type,string,Superscript
/Record/Section/6/Section/4/Information/0/Value/StringWithMarkup/21/String,string,150Dy
/Record/Section/6/Section/4/Information/0/Value/StringWithMarkup/21/Markup/0/Start,number,0
/Record/Section/6/Section/4/Information/0/Value/StringWithMarkup/21/Markup/0/Length,number,3
/Record/Section/6/Section/4/Information/0/Value/StringWithMarkup/21/Markup/0/Type,string,Superscript
/Record/Section/6/Section/4/Information/0/Value/StringWithMarkup/22/String,string,151Dy
/Record/Section/6/Section/4/Information/0/Value/StringWithMarkup/22/Markup/0/Start,number,0
/Record/Section/6/Section/4/Information/0/Value/StringWithMarkup/22/Markup/0/Length,number,3
/Record/Section/6/Section/4/Information/0/Value/StringWithMarkup/22/Markup/0/Type,string,Superscript
/Record/Section/6/Section/4/Information/0/Value/StringWithMarkup/23/String,string,152Dy
/Record/Section/6/Section/4/Information/0/Value/StringWithMarkup/23/Markup/0/Start,number,0
/Record/Section/6/Section/4/Information/0/Value/StringWithMarkup/23/Markup/0/Length,number,3
/Record/Section/6/Section/4/Information/0/Value/StringWithMarkup/23/Markup/0/Type,string,Superscript
/Record/Section/6/Section/4/Information/0/Value/StringWithMarkup/24/String,string,153Dy
/Record/Section/6/Section/4/Information/0/Value/StringWithMarkup/24/Markup/0/Start,number,0
/Record/Section/6/Section/4/Information/0/Value/StringWithMarkup/24/Markup/0/Length,number,3
/Record/Section/6/Section/4/Information/0/Value/StringWithMarkup/24/Markup/0/Type,string,Superscript
/Record/Section/6/Section/4/Information/0/Value/StringWithMarkup/25/String,string,154Dy
/Record/Section/6/Section/4/Information/0/Value/StringWithMarkup/25/Markup/0/Start,number,0
/Record/Section/6/Section/4/Information/0/Value/StringWithMarkup/25/Markup/0/Length,number,3
/Record/Section/6/Section/4/Information/0/Value/StringWithMarkup/25/Markup/0/Type,string,Superscript
/Record/Section/6/Section/4/Information/0/Value/StringWithMarkup/26/String,string,155Dy
/Record/Section/6/Section/4/Information/0/Value/StringWithMarkup/26/Markup/0/Start,number,0
/Record/Section/6/Section/4/Information/0/Value/StringWithMarkup/26/Markup/0/Length,number,3
/Record/Section/6/Section/4/Information/0/Value/StringWithMarkup/26/Markup/0/Type,string,Superscript
/Record/Section/6/Section/4/Information/0/Value/StringWithMarkup/27/String,string,155Dym
/Record/Section/6/Section/4/Information/0/Value/StringWithMarkup/27/Markup/0/Start,number,0
/Record/Section/6/Section/4/Information/0/Value/StringWithMarkup/27/Markup/0/Length,number,3
/Record/Section/6/Section/4/Information/0/Value/StringWithMarkup/27/Markup/0/Type,string,Superscript
/Record/Section/6/Section/4/Information/0/Value/StringWithMarkup/27/Markup/1/Start,number,5
/Record/Section/6/Section/4/Information/0/Value/StringWithMarkup/27/Markup/1/Length,number,1
/Record/Section/6/Section/4/Information/0/Value/StringWithMarkup/27/Markup/1/Type,string,Superscript
/Record/Section/6/Section/4/Information/0/Value/StringWithMarkup/28/String,string,156Dy
/Record/Section/6/Section/4/Information/0/Value/StringWithMarkup/28/Markup/0/Start,number,0
/Record/Section/6/Section/4/Information/0/Value/StringWithMarkup/28/Markup/0/Length,number,3
/Record/Section/6/Section/4/Information/0/Value/StringWithMarkup/28/Markup/0/Type,string,Superscript
/Record/Section/6/Section/4/Information/0/Value/StringWithMarkup/29/String,string,157Dy
/Record/Section/6/Section/4/Information/0/Value/StringWithMarkup/29/Markup/0/Start,number,0
/Record/Section/6/Section/4/Information/0/Value/StringWithMarkup/29/Markup/0/Length,number,3
/Record/Section/6/Section/4/Information/0/Value/StringWithMarkup/29/Markup/0/Type,string,Superscript
/Record/Section/6/Section/4/Information/0/Value/StringWithMarkup/30/String,string,157Dym
/Record/Section/6/Section/4/Information/0/Value/StringWithMarkup/30/Markup/0/Start,number,0
/Record/Section/6/Section/4/Information/0/Value/StringWithMarkup/30/Markup/0/Length,number,3
/Record/Section/6/Section/4/Information/0/Value/StringWithMarkup/30/Markup/0/Type,string,Superscript
/Record/Section/6/Section/4/Information/0/Value/StringWithMarkup/30/Markup/1/Start,number,5
/Record/Section/6/Section/4/Information/0/Value/StringWithMarkup/30/Markup/1/Length,number,1
/Record/Section/6/Section/4/Information/0/Value/StringWithMarkup/30/Markup/1/Type,string,Superscript
/Record/Section/6/Section/4/Information/0/Value/StringWithMarkup/31/String,string,157Dyn
/Record/Section/6/Section/4/Information/0/Value/StringWithMarkup/31/Markup/0/Start,number,0
/Record/Section/6/Section/4/Information/0/Value/StringWithMarkup/31/Markup/0/Length,number,3
/Record/Section/6/Section/4/Information/0/Value/StringWithMarkup/31/Markup/0/Type,string,Superscript
/Record/Section/6/Section/4/Information/0/Value/StringWithMarkup/31/Markup/1/Start,number,5
/Record/Section/6/Section/4/Information/0/Value/StringWithMarkup/31/Markup/1/Length,number,1
/Record/Section/6/Section/4/Information/0/Value/StringWithMarkup/31/Markup/1/Type,string,Superscript
/Record/Section/6/Section/4/Information/0/Value/StringWithMarkup/32/String,string,158Dy
/Record/Section/6/Section/4/Information/0/Value/StringWithMarkup/32/Markup/0/Start,number,0
/Record/Section/6/Section/4/Information/0/Value/StringWithMarkup/32/Markup/0/Length,number,3
/Record/Section/6/Section/4/Information/0/Value/StringWithMarkup/32/Markup/0/Type,string,Superscript
/Record/Section/6/Section/4/Information/0/Value/StringWithMarkup/33/String,string,159Dy
/Record/Section/6/Section/4/Information/0/Value/StringWithMarkup/33/Markup/0/Start,number,0
/Record/Section/6/Section/4/Information/0/Value/StringWithMarkup/33/Markup/0/Length,number,3
/Record/Section/6/Section/4/Information/0/Value/StringWithMarkup/33/Markup/0/Type,string,Superscript
/Record/Section/6/Section/4/Information/0/Value/StringWithMarkup/34/String,string,159Dym
/Record/Section/6/Section/4/Information/0/Value/StringWithMarkup/34/Markup/0/Start,number,0
/Record/Section/6/Section/4/Information/0/Value/StringWithMarkup/34/Markup/0/Length,number,3
/Record/Section/6/Section/4/Information/0/Value/StringWithMarkup/34/Markup/0/Type,string,Superscript
/Record/Section/6/Section/4/Information/0/Value/StringWithMarkup/34/Markup/1/Start,number,5
/Record/Section/6/Section/4/Information/0/Value/StringWithMarkup/34/Markup/1/Length,number,1
/Record/Section/6/Section/4/Information/0/Value/StringWithMarkup/34/Markup/1/Type,string,Superscript
/Record/Section/6/Section/4/Information/0/Value/StringWithMarkup/35/String,string,160Dy
/Record/Section/6/Section/4/Information/0/Value/StringWithMarkup/35/Markup/0/Start,number,0
/Record/Section/6/Section/4/Information/0/Value/StringWithMarkup/35/Markup/0/Length,number,3
/Record/Section/6/Section/4/Information/0/Value/StringWithMarkup/35/Markup/0/Type,string,Superscript
/Record/Section/6/Section/4/Information/0/Value/StringWithMarkup/36/String,string,161Dy
/Record/Section/6/Section/4/Information/0/Value/StringWithMarkup/36/Markup/0/Start,number,0
/Record/Section/6/Section/4/Information/0/Value/StringWithMarkup/36/Markup/0/Length,number,3
/Record/Section/6/Section/4/Information/0/Value/StringWithMarkup/36/Markup/0/Type,string,Superscript
/Record/Section/6/Section/4/Information/0/Value/StringWithMarkup/37/String,string,161Dym
/Record/Section/6/Section/4/Information/0/Value/StringWithMarkup/37/Markup/0/Start,number,0
/Record/Section/6/Section/4/Information/0/Value/StringWithMarkup/37/Markup/0/Length,number,3
/Record/Section/6/Section/4/Information/0/Value/StringWithMarkup/37/Markup/0/Type,string,Superscript
/Record/Section/6/Section/4/Information/0/Value/StringWithMarkup/37/Markup/1/Start,number,5
/Record/Section/6/Section/4/Information/0/Value/StringWithMarkup/37/Markup/1/Length,number,1
/Record/Section/6/Section/4/Information/0/Value/StringWithMarkup/37/Markup/1/Type,string,Superscript
/Record/Section/6/Section/4/Information/0/Value/StringWithMarkup/38/String,string,162Dy
/Record/Section/6/Section/4/Information/0/Value/StringWithMarkup/38/Markup/0/Start,number,0
/Record/Section/6/Section/4/Information/0/Value/StringWithMarkup/38/Markup/0/Length,number,3
/Record/Section/6/Section/4/Information/0/Value/StringWithMarkup/38/Markup/0/Type,string,Superscript
/Record/Section/6/Section/4/Information/0/Value/StringWithMarkup/39/String,string,162Dym
/Record/Section/6/Section/4/Information/0/Value/StringWithMarkup/39/Markup/0/Start,number,0
/Record/Section/6/Section/4/Information/0/Value/StringWithMarkup/39/Markup/0/Length,number,3
/Record/Section/6/Section/4/Information/0/Value/StringWithMarkup/39/Markup/0/Type,string,Superscript
/Record/Section/6/Section/4/Information/0/Value/StringWithMarkup/39/Markup/1/Start,number,5
/Record/Section/6/Section/4/Information/0/Value/StringWithMarkup/39/Markup/1/Length,number,1
/Record/Section/6/Section/4/Information/0/Value/StringWithMarkup/39/Markup/1/Type,string,Superscript
/Record/Section/6/Section/4/Information/0/Value/StringWithMarkup/40/String,string,163Dy
/Record/Section/6/Section/4/Information/0/Value/StringWithMarkup/40/Markup/0/Start,number,0
/Record/Section/6/Section/4/Information/0/Value/StringWithMarkup/40/Markup/0/Length,number,3
/Record/Section/6/Section/4/Information/0/Value/StringWithMarkup/40/Markup/0/Type,string,Superscript
/Record/Section/6/Section/4/Information/0/Value/StringWithMarkup/41/String,string,164Dy
/Record/Section/6/Section/4/Information/0/Value/StringWithMarkup/41/Markup/0/Start,number,0
/Record/Section/6/Section/4/Information/0/Value/StringWithMarkup/41/Markup/0/Length,number,3
/Record/Section/6/Section/4/Information/0/Value/StringWithMarkup/41/Markup/0/Type,string,Superscript
/Record/Section/6/Section/4/Information/0/Value/StringWithMarkup/42/String,string,165Dy
/Record/Section/6/Section/4/Information/0/Value/StringWithMarkup/42/Markup/0/Start,number,0
/Record/Section/6/Section/4/Information/0/Value/StringWithMarkup/42/Markup/0/Length,number,3
/Record/Section/6/Section/4/Information/0/Value/StringWithMarkup/42/Markup/0/Type,string,Superscript
/Record/Section/6/Section/4/Information/0/Value/StringWithMarkup/43/String,string,165Dym
/Record/Section/6/Section/4/Information/0/Value/StringWithMarkup/43/Markup/0/Start,number,0
/Record/Section/6/Section/4/Information/0/Value/StringWithMarkup/43/Markup/0/Length,number,3
/Record/Section/6/Section/4/Information/0/Value/StringWithMarkup/43/Markup/0/Type,string,Superscript
/Record/Section/6/Section/4/Information/0/Value/StringWithMarkup/43/Markup/1/Start,number,5
/Record/Section/6/Section/4/Information/0/Value/StringWithMarkup/43/Markup/1/Length,number,1
/Record/Section/6/Section/4/Information/0/Value/StringWithMarkup/43/Markup/1/Type,string,Superscript
/Record/Section/6/Section/4/Information/0/Value/StringWithMarkup/44/String,string,166Dy
/Record/Section/6/Section/4/Information/0/Value/StringWithMarkup/44/Markup/0/Start,number,0
/Record/Section/6/Section/4/Information/0/Value/StringWithMarkup/44/Markup/0/Length,number,3
/Record/Section/6/Section/4/Information/0/Value/StringWithMarkup/44/Markup/0/Type,string,Superscript
/Record/Section/6/Section/4/Information/0/Value/StringWithMarkup/45/String,string,167Dy
/Record/Section/6/Section/4/Information/0/Value/StringWithMarkup/45/Markup/0/Start,number,0
/Record/Section/6/Section/4/Information/0/Value/StringWithMarkup/45/Markup/0/Length,number,3
/Record/Section/6/Section/4/Information/0/Value/StringWithMarkup/45/Markup/0/Type,string,Superscript
/Record/Section/6/Section/4/Information/0/Value/StringWithMarkup/46/String,string,168Dy
/Record/Section/6/Section/4/Information/0/Value/StringWithMarkup/46/Markup/0/Start,number,0
/Record/Section/6/Section/4/Information/0/Value/StringWithMarkup/46/Markup/0/Length,number,3
/Record/Section/6/Section/4/Information/0/Value/StringWithMarkup/46/Markup/0/Type,string,Superscript
/Record/Section/6/Section/4/Information/0/Value/StringWithMarkup/47/String,string,168Dym
/Record/Section/6/Section/4/Information/0/Value/StringWithMarkup/47/Markup/0/Start,number,0
/Record/Section/6/Section/4/Information/0/Value/StringWithMarkup/47/Markup/0/Length,number,3
/Record/Section/6/Section/4/Information/0/Value/StringWithMarkup/47/Markup/0/Type,string,Superscript
/Record/Section/6/Section/4/Information/0/Value/StringWithMarkup/47/Markup/1/Start,number,5
/Record/Section/6/Section/4/Information/0/Value/StringWithMarkup/47/Markup/1/Length,number,1
/Record/Section/6/Section/4/Information/0/Value/StringWithMarkup/47/Markup/1/Type,string,Superscript
/Record/Section/6/Section/4/Information/0/Value/StringWithMarkup/48/String,string,169Dy
/Record/Section/6/Section/4/Information/0/Value/StringWithMarkup/48/Markup/0/Start,number,0
/Record/Section/6/Section/4/Information/0/Value/StringWithMarkup/48/Markup/0/Length,number,3
/Record/Section/6/Section/4/Information/0/Value/StringWithMarkup/48/Markup/0/Type,string,Superscript
/Record/Section/6/Section/4/Information/0/Value/StringWithMarkup/49/String,string,169Dym
/Record/Section/6/Section/4/Information/0/Value/StringWithMarkup/49/Markup/0/Start,number,0
/Record/Section/6/Section/4/Information/0/Value/StringWithMarkup/49/Markup/0/Length,number,3
/Record/Section/6/Section/4/Information/0/Value/StringWithMarkup/49/Markup/0/Type,string,Superscript
/Record/Section/6/Section/4/Information/0/Value/StringWithMarkup/49/Markup/1/Start,number,5
/Record/Section/6/Section/4/Information/0/Value/StringWithMarkup/49/Markup/1/Length,number,1
/Record/Section/6/Section/4/Information/0/Value/StringWithMarkup/49/Markup/1/Type,string,Superscript
/Record/Section/6/Section/4/Information/0/Value/StringWithMarkup/50/String,string,170Dy
/Record/Section/6/Section/4/Information/0/Value/StringWithMarkup/50/Markup/0/Start,number,0
/Record/Section/6/Section/4/Information/0/Value/StringWithMarkup/50/Markup/0/Length,number,3
/Record/Section/6/Section/4/Information/0/Value/StringWithMarkup/50/Markup/0/Type,string,Superscript
/Record/Section/6/Section/4/Information/0/Value/StringWithMarkup/51/String,string,170Dym
/Record/Section/6/Section/4/Information/0/Value/StringWithMarkup/51/Markup/0/Start,number,0
/Record/Section/6/Section/4/Information/0/Value/StringWithMarkup/51/Markup/0/Length,number,3
/Record/Section/6/Section/4/Information/0/Value/StringWithMarkup/51/Markup/0/Type,string,Superscript
/Record/Section/6/Section/4/Information/0/Value/StringWithMarkup/51/Markup/1/Start,number,5
/Record/Section/6/Section/4/Information/0/Value/StringWithMarkup/51/Markup/1/Length,number,1
/Record/Section/6/Section/4/Information/0/Value/StringWithMarkup/51/Markup/1/Type,string,Superscript
/Record/Section/6/Section/4/Information/0/Value/StringWithMarkup/52/String,string,171Dy
/Record/Section/6/Section/4/Information/0/Value/StringWithMarkup/52/Markup/0/Start,number,0
/Record/Section/6/Section/4/Information/0/Value/StringWithMarkup/52/Markup/0/Length,number,3
/Record/Section/6/Section/4/Information/0/Value/StringWithMarkup/52/Markup/0/Type,string,Superscript
/Record/Section/6/Section/4/Information/0/Value/StringWithMarkup/53/String,string,172Dy
/Record/Section/6/Section/4/Information/0/Value/StringWithMarkup/53/Markup/0/Start,number,0
/Record/Section/6/Section/4/Information/0/Value/StringWithMarkup/53/Markup/0/Length,number,3
/Record/Section/6/Section/4/Information/0/Value/StringWithMarkup/53/Markup/0/Type,string,Superscript
/Record/Section/6/Section/4/Information/0/Value/StringWithMarkup/54/String,string,172Dym
/Record/Section/6/Section/4/Information/0/Value/StringWithMarkup/54/Markup/0/Start,number,0
/Record/Section/6/Section/4/Information/0/Value/StringWithMarkup/54/Markup/0/Length,number,3
/Record/Section/6/Section/4/Information/0/Value/StringWithMarkup/54/Markup/0/Type,string,Superscript
/Record/Section/6/Section/4/Information/0/Value/StringWithMarkup/54/Markup/1/Start,number,5
/Record/Section/6/Section/4/Information/0/Value/StringWithMarkup/54/Markup/1/Length,number,1
/Record/Section/6/Section/4/Information/0/Value/StringWithMarkup/54/Markup/1/Type,string,Superscript
/Record/Section/6/Section/4/Information/0/Value/StringWithMarkup/55/String,string,173Dy
/Record/Section/6/Section/4/Information/0/Value/StringWithMarkup/55/Markup/0/Start,number,0
/Record/Section/6/Section/4/Information/0/Value/StringWithMarkup/55/Markup/0/Length,number,3
/Record/Section/6/Section/4/Information/0/Value/StringWithMarkup/55/Markup/0/Type,string,Superscript
/Record/Section/6/Section/4/Information/0/Value/StringWithMarkup/56/String,string,174Dy
/Record/Section/6/Section/4/Information/0/Value/StringWithMarkup/56/Markup/0/Start,number,0
/Record/Section/6/Section/4/Information/0/Value/StringWithMarkup/56/Markup/0/Length,number,3
/Record/Section/6/Section/4/Information/0/Value/StringWithMarkup/56/Markup/0/Type,string,Superscript
/Record/Section/6/Section/4/Information/0/Value/StringWithMarkup/57/String,string,175Dy
/Record/Section/6/Section/4/Information/0/Value/StringWithMarkup/57/Markup/0/Start,number,0
/Record/Section/6/Section/4/Information/0/Value/StringWithMarkup/57/Markup/0/Length,number,3
/Record/Section/6/Section/4/Information/0/Value/StringWithMarkup/57/Markup/0/Type,string,Superscript
/Record/Section/6/Section/4/Information/0/Value/StringWithMarkup/58/String,string,176Dy
/Record/Section/6/Section/4/Information/0/Value/StringWithMarkup/58/Markup/0/Start,number,0
/Record/Section/6/Section/4/Information/0/Value/StringWithMarkup/58/Markup/0/Length,number,3
/Record/Section/6/Section/4/Information/0/Value/StringWithMarkup/58/Markup/0/Type,string,Superscript
/Record/Section/6/Section/4/Information/1/ReferenceNumber,number,2
/Record/Section/6/Section/4/Information/1/Name,string,Atomic Mass and Uncertainty [u]
/Record/Section/6/Section/4/Information/1/Value/StringWithMarkup/0/String,string,137.962500 ± 0.00054 [Estimated]
/Record/Section/6/Section/4/Information/1/Value/StringWithMarkup/1/String,string,138.959527 ± 0.000537 [Estimated]
/Record/Section/6/Section/4/Information/1/Value/StringWithMarkup/2/String,string,139.954020 ± 0.00043 [Estimated]
/Record/Section/6/Section/4/Information/1/Value/StringWithMarkup/3/String,string,139.954020 ± 0.00043 [Estimated]
/Record/Section/6/Section/4/Information/1/Value/StringWithMarkup/4/String,string,140.951280 ± 0.00032 [Estimated]
/Record/Section/6/Section/4/Information/1/Value/StringWithMarkup/5/String,string,141.946194 ± 0.000782 [Estimated]
/Record/Section/6/Section/4/Information/1/Value/StringWithMarkup/6/String,string,142.943994332 ± 0.000014
/Record/Section/6/Section/4/Information/1/Value/StringWithMarkup/7/String,string,142.943994332 ± 0.000014
/Record/Section/6/Section/4/Information/1/Value/StringWithMarkup/8/String,string,142.943994332 ± 0.000014
/Record/Section/6/Section/4/Information/1/Value/StringWithMarkup/9/String,string,143.939269512 ± 0.0000077
/Record/Section/6/Section/4/Information/1/Value/StringWithMarkup/10/String,string,144.937473992 ± 0.000007
/Record/Section/6/Section/4/Information/1/Value/StringWithMarkup/11/String,string,144.937473992 ± 0.000007
/Record/Section/6/Section/4/Information/1/Value/StringWithMarkup/12/String,string,145.932844526 ± 0.000007187
/Record/Section/6/Section/4/Information/1/Value/StringWithMarkup/13/String,string,145.932844526 ± 0.000007187
/Record/Section/6/Section/4/Information/1/Value/StringWithMarkup/14/String,string,146.931082712 ± 0.0000095
/Record/Section/6/Section/4/Information/1/Value/StringWithMarkup/15/String,string,146.931082712 ± 0.0000095
/Record/Section/6/Section/4/Information/1/Value/StringWithMarkup/16/String,string,146.931082712 ± 0.0000095
/Record/Section/6/Section/4/Information/1/Value/StringWithMarkup/17/String,string,147.927149944 ± 0.000009365
/Record/Section/6/Section/4/Information/1/Value/StringWithMarkup/18/String,string,147.927149944 ± 0.000009365
/Record/Section/6/Section/4/Information/1/Value/StringWithMarkup/19/String,string,148.927327516 ± 0.000009858
/Record/Section/6/Section/4/Information/1/Value/StringWithMarkup/20/String,string,148.927327516 ± 0.000009858
/Record/Section/6/Section/4/Information/1/Value/StringWithMarkup/21/String,string,149.925593068 ± 0.000004636
/Record/Section/6/Section/4/Information/1/Value/StringWithMarkup/22/String,string,150.926191279 ± 0.000003486
/Record/Section/6/Section/4/Information/1/Value/StringWithMarkup/23/String,string,151.924725274 ± 0.00000493
/Record/Section/6/Section/4/Information/1/Value/StringWithMarkup/24/String,string,152.925771729 ± 0.000004295
/Record/Section/6/Section/4/Information/1/Value/StringWithMarkup/25/String,string,153.924428920 ± 0.000007977
/Record/Section/6/Section/4/Information/1/Value/StringWithMarkup/26/String,string,154.925758049 ± 0.000010354
/Record/Section/6/Section/4/Information/1/Value/StringWithMarkup/27/String,string,154.925758049 ± 0.000010354
/Record/Section/6/Section/4/Information/1/Value/StringWithMarkup/28/String,string,155.924283593 ± 0.00000106
/Record/Section/6/Section/4/Information/1/Value/StringWithMarkup/29/String,string,156.925469555 ± 0.000005532
/Record/Section/6/Section/4/Information/1/Value/StringWithMarkup/30/String,string,156.925469555 ± 0.000005532
/Record/Section/6/Section/4/Information/1/Value/StringWithMarkup/31/String,string,156.925469555 ± 0.000005532
/Record/Section/6/Section/4/Information/1/Value/StringWithMarkup/32/String,string,157.924414817 ± 0.000002509
/Record/Section/6/Section/4/Information/1/Value/StringWithMarkup/33/String,string,158.925745938 ± 0.000001544
/Record/Section/6/Section/4/Information/1/Value/StringWithMarkup/34/String,string,158.925745938 ± 0.000001544
/Record/Section/6/Section/4/Information/1/Value/StringWithMarkup/35/String,string,159.925203578 ± 0.000000751
/Record/Section/6/Section/4/Information/1/Value/StringWithMarkup/36/String,string,160.926939425 ± 0.000000748
/Record/Section/6/Section/4/Information/1/Value/StringWithMarkup/37/String,string,160.926939425 ± 0.000000748
/Record/Section/6/Section/4/Information/1/Value/StringWithMarkup/38/String,string,161.926804507 ± 0.000000746
/Record/Section/6/Section/4/Information/1/Value/StringWithMarkup/39/String,string,161.926804507 ± 0.000000746
/Record/Section/6/Section/4/Information/1/Value/StringWithMarkup/40/String,string,162.928737221 ± 0.000000744
/Record/Section/6/Section/4/Information/1/Value/StringWithMarkup/41/String,string,163.929180819 ± 0.000000746
/Record/Section/6/Section/4/Information/1/Value/StringWithMarkup/42/String,string,164.931709402 ± 0.000000748
/Record/Section/6/Section/4/Information/1/Value/StringWithMarkup/43/String,string,164.931709402 ± 0.000000748
/Record/Section/6/Section/4/Information/1/Value/StringWithMarkup/44/String,string,165.932812810 ± 0.000000862
/Record/Section/6/Section/4/Information/1/Value/StringWithMarkup/45/String,string,166.935682415 ± 0.0000043
/Record/Section/6/Section/4/Information/1/Value/StringWithMarkup/46/String,string,167.937134977 ± 0.000150303
/Record/Section/6/Section/4/Information/1/Value/StringWithMarkup/47/String,string,167.937134977 ± 0.000150303
/Record/Section/6/Section/4/Information/1/Value/StringWithMarkup/48/String,string,168.940315231 ± 0.000322781
/Record/Section/6/Section/4/Information/1/Value/StringWithMarkup/49/String,string,168.940315231 ± 0.000322781
/Record/Section/6/Section/4/Information/1/Value/StringWithMarkup/50/String,string,169.942340 ± 0.000215 [Estimated]
/Record/Section/6/Section/4/Information/1/Value/StringWithMarkup/51/String,string,169.942340 ± 0.000215 [Estimated]
/Record/Section/6/Section/4/Information/1/Value/StringWithMarkup/52/String,string,170.946312 ± 0.000215 [Estimated]
/Record/Section/6/Section/4/Information/1/Value/StringWithMarkup/53/String,string,171.948728 ± 0.000322 [Estimated]
/Record/Section/6/Section/4/Information/1/Value/StringWithMarkup/54/String,string,171.948728 ± 0.000322 [Estimated]
/Record/Section/6/Section/4/Information/1/Value/StringWithMarkup/55/String,string,172.953043 ± 0.000429 [Estimated]
/Record/Section/6/Section/4/Information/1/Value/StringWithMarkup/56/String,string,173.955845 ± 0.000537 [Estimated]
/Record/Section/6/Section/4/Information/1/Value/StringWithMarkup/57/String,string,174.960569 ± 0.000537 [Estimated]
/Record/Section/6/Section/4/Information/1/Value/StringWithMarkup/58/String,string,175.963918 ± 0.000537 [Estimated]
/Record/Section/6/Section/4/Information/2/ReferenceNumber,number,2
/Record/Section/6/Section/4/Information/2/Name,string,Half Life and Uncertainty
/Record/Section/6/Section/4/Information/2/Value/StringWithMarkup/0/String,string,200 ms [Estimated]
/Record/Section/6/Section/4/Information/2/Value/StringWithMarkup/1/String,string,600 ms ± 200
/Record/Section/6/Section/4/Information/2/Value/StringWithMarkup/2/String,string,700 ms [Estimated]
/Record/Section/6/Section/4/Information/2/Value/StringWithMarkup/3/String,string,7.0 us ± 0.5
/Record/Section/6/Section/4/Information/2/Value/StringWithMarkup/4/String,string,900 ms ± 140
/Record/Section/6/Section/4/Information/2/Value/StringWithMarkup/5/String,string,2.3 s ± 0.3
/Record/Section/6/Section/4/Information/2/Value/StringWithMarkup/6/String,string,5.6 s ± 1.0
/Record/Section/6/Section/4/Information/2/Value/StringWithMarkup/7/String,string,3.0 s ± 0.3
/Record/Section/6/Section/4/Information/2/Value/StringWithMarkup/8/String,string,1.2 us ± 0.3
/Record/Section/6/Section/4/Information/2/Value/StringWithMarkup/9/String,string,9.1 s ± 0.4
/Record/Section/6/Section/4/Information/2/Value/StringWithMarkup/10/String,string,9.5 s ± 1.0
/Record/Section/6/Section/4/Information/2/Value/StringWithMarkup/11/String,string,14.1 s ± 0.7
/Record/Section/6/Section/4/Information/2/Value/StringWithMarkup/12/String,string,33.2 s ± 0.7
/Record/Section/6/Section/4/Information/2/Value/StringWithMarkup/13/String,string,150 ms ± 20
/Record/Section/6/Section/4/Information/2/Value/StringWithMarkup/14/String,string,67 s ± 7
/Record/Section/6/Section/4/Information/2/Value/StringWithMarkup/15/String,string,55.2 s ± 0.5
/Record/Section/6/Section/4/Information/2/Value/StringWithMarkup/16/String,string,400 ns ± 10
/Record/Section/6/Section/4/Information/2/Value/StringWithMarkup/17/String,string,3.3 m ± 0.2
/Record/Section/6/Section/4/Information/2/Value/StringWithMarkup/18/String,string,471 ns ± 20
/Record/Section/6/Section/4/Information/2/Value/StringWithMarkup/19/String,string,4.20 m ± 0.14
/Record/Section/6/Section/4/Information/2/Value/StringWithMarkup/20/String,string,490 ms ± 15
/Record/Section/6/Section/4/Information/2/Value/StringWithMarkup/21/String,string,7.17 m ± 0.05
/Record/Section/6/Section/4/Information/2/Value/StringWithMarkup/22/String,string,17.9 m ± 0.3
/Record/Section/6/Section/4/Information/2/Value/StringWithMarkup/23/String,string,2.38 h ± 0.02
/Record/Section/6/Section/4/Information/2/Value/StringWithMarkup/24/String,string,6.4 h ± 0.1
/Record/Section/6/Section/4/Information/2/Value/StringWithMarkup/25/String,string,3.0 My ± 1.5
/Record/Section/6/Section/4/Information/2/Value/StringWithMarkup/26/String,string,9.9 h ± 0.2
/Record/Section/6/Section/4/Information/2/Value/StringWithMarkup/27/String,string,6 us ± 1
/Record/Section/6/Section/4/Information/2/Value/StringWithMarkup/28/String,string,Stable >1Ey
/Record/Section/6/Section/4/Information/2/Value/StringWithMarkup/29/String,string,8.14 h ± 0.04
/Record/Section/6/Section/4/Information/2/Value/StringWithMarkup/30/String,string,1.3 us ± 0.2
/Record/Section/6/Section/4/Information/2/Value/StringWithMarkup/31/String,string,21.6 ms ± 1.6
/Record/Section/6/Section/4/Information/2/Value/StringWithMarkup/32/String,string,Stable
/Record/Section/6/Section/4/Information/2/Value/StringWithMarkup/33/String,string,144.4 d ± 0.2
/Record/Section/6/Section/4/Information/2/Value/StringWithMarkup/34/String,string,122 us ± 3
/Record/Section/6/Section/4/Information/2/Value/StringWithMarkup/35/String,string,Stable
/Record/Section/6/Section/4/Information/2/Value/StringWithMarkup/36/String,string,Stable
/Record/Section/6/Section/4/Information/2/Value/StringWithMarkup/37/String,string,760 ns ± 170
/Record/Section/6/Section/4/Information/2/Value/StringWithMarkup/38/String,string,Stable
/Record/Section/6/Section/4/Information/2/Value/StringWithMarkup/39/String,string,8.3 us ± 0.3
/Record/Section/6/Section/4/Information/2/Value/StringWithMarkup/40/String,string,Stable
/Record/Section/6/Section/4/Information/2/Value/StringWithMarkup/41/String,string,Stable
/Record/Section/6/Section/4/Information/2/Value/StringWithMarkup/42/String,string,2.332 h ± 0.004
/Record/Section/6/Section/4/Information/2/Value/StringWithMarkup/43/String,string,1.257 m ± 0.006
/Record/Section/6/Section/4/Information/2/Value/StringWithMarkup/44/String,string,81.6 h ± 0.1
/Record/Section/6/Section/4/Information/2/Value/StringWithMarkup/45/String,string,6.20 m ± 0.08
/Record/Section/6/Section/4/Information/2/Value/StringWithMarkup/46/String,string,8.7 m ± 0.3
/Record/Section/6/Section/4/Information/2/Value/StringWithMarkup/47/String,string,0.57 us ± 0.7
/Record/Section/6/Section/4/Information/2/Value/StringWithMarkup/48/String,string,39 s ± 8
/Record/Section/6/Section/4/Information/2/Value/StringWithMarkup/49/String,string,1.26 us ± 0.17
/Record/Section/6/Section/4/Information/2/Value/StringWithMarkup/50/String,string,54.9 s ± 8.0
/Record/Section/6/Section/4/Information/2/Value/StringWithMarkup/51/String,string,0.99 us ± 0.04
/Record/Section/6/Section/4/Information/2/Value/StringWithMarkup/52/String,string,4.07 s ± 0.40
/Record/Section/6/Section/4/Information/2/Value/StringWithMarkup/53/String,string,3.4 s ± 0.2
/Record/Section/6/Section/4/Information/2/Value/StringWithMarkup/54/String,string,710 ms ± 50
/Record/Section/6/Section/4/Information/2/Value/StringWithMarkup/55/String,string,1.43 s ± 0.20
/Record/Section/6/Section/4/Information/2/Value/StringWithMarkup/56/String,string,1 s >300ns [Estimated]
/Record/Section/6/Section/4/Information/2/Value/StringWithMarkup/57/String,string,390 ms >550ns [Estimated]
/Record/Section/6/Section/4/Information/2/Value/StringWithMarkup/58/String,string,440 ms >550ns [Estimated]
/Record/Section/6/Section/4/Information/3/ReferenceNumber,number,2
/Record/Section/6/Section/4/Information/3/Name,string,Discovery Year
/Record/Section/6/Section/4/Information/3/Value/StringWithMarkup/0/String,string,
/Record/Section/6/Section/4/Information/3/Value/StringWithMarkup/1/String,string,1999
/Record/Section/6/Section/4/Information/3/Value/StringWithMarkup/2/String,string,2002
/Record/Section/6/Section/4/Information/3/Value/StringWithMarkup/3/String,string,2002
/Record/Section/6/Section/4/Information/3/Value/StringWithMarkup/4/String,string,1984
/Record/Section/6/Section/4/Information/3/Value/StringWithMarkup/5/String,string,1986
/Record/Section/6/Section/4/Information/3/Value/StringWithMarkup/6/String,string,1983
/Record/Section/6/Section/4/Information/3/Value/StringWithMarkup/7/String,string,2003
/Record/Section/6/Section/4/Information/3/Value/StringWithMarkup/8/String,string,2005
/Record/Section/6/Section/4/Information/3/Value/StringWithMarkup/9/String,string,1986
/Record/Section/6/Section/4/Information/3/Value/StringWithMarkup/10/String,string,1982
/Record/Section/6/Section/4/Information/3/Value/StringWithMarkup/11/String,string,1982
/Record/Section/6/Section/4/Information/3/Value/StringWithMarkup/12/String,string,1981
/Record/Section/6/Section/4/Information/3/Value/StringWithMarkup/13/String,string,1982
/Record/Section/6/Section/4/Information/3/Value/StringWithMarkup/14/String,string,1975
/Record/Section/6/Section/4/Information/3/Value/StringWithMarkup/15/String,string,1976
/Record/Section/6/Section/4/Information/3/Value/StringWithMarkup/16/String,string,1985
/Record/Section/6/Section/4/Information/3/Value/StringWithMarkup/17/String,string,1974
/Record/Section/6/Section/4/Information/3/Value/StringWithMarkup/18/String,string,1978
/Record/Section/6/Section/4/Information/3/Value/StringWithMarkup/19/String,string,1958
/Record/Section/6/Section/4/Information/3/Value/StringWithMarkup/20/String,string,1976
/Record/Section/6/Section/4/Information/3/Value/StringWithMarkup/21/String,string,1959
/Record/Section/6/Section/4/Information/3/Value/StringWithMarkup/22/String,string,1959
/Record/Section/6/Section/4/Information/3/Value/StringWithMarkup/23/String,string,1958
/Record/Section/6/Section/4/Information/3/Value/StringWithMarkup/24/String,string,1958
/Record/Section/6/Section/4/Information/3/Value/StringWithMarkup/25/String,string,1961
/Record/Section/6/Section/4/Information/3/Value/StringWithMarkup/26/String,string,1958
/Record/Section/6/Section/4/Information/3/Value/StringWithMarkup/27/String,string,1970
/Record/Section/6/Section/4/Information/3/Value/StringWithMarkup/28/String,string,1948
/Record/Section/6/Section/4/Information/3/Value/StringWithMarkup/29/String,string,1953
/Record/Section/6/Section/4/Information/3/Value/StringWithMarkup/30/String,string,1974
/Record/Section/6/Section/4/Information/3/Value/StringWithMarkup/31/String,string,1970
/Record/Section/6/Section/4/Information/3/Value/StringWithMarkup/32/String,string,1938
/Record/Section/6/Section/4/Information/3/Value/StringWithMarkup/33/String,string,1951
/Record/Section/6/Section/4/Information/3/Value/StringWithMarkup/34/String,string,1965
/Record/Section/6/Section/4/Information/3/Value/StringWithMarkup/35/String,string,1938
/Record/Section/6/Section/4/Information/3/Value/StringWithMarkup/36/String,string,1934
/Record/Section/6/Section/4/Information/3/Value/StringWithMarkup/37/String,string,2012
/Record/Section/6/Section/4/Information/3/Value/StringWithMarkup/38/String,string,1934
/Record/Section/6/Section/4/Information/3/Value/StringWithMarkup/39/String,string,2011
/Record/Section/6/Section/4/Information/3/Value/StringWithMarkup/40/String,string,1934
/Record/Section/6/Section/4/Information/3/Value/StringWithMarkup/41/String,string,1934
/Record/Section/6/Section/4/Information/3/Value/StringWithMarkup/42/String,string,1935
/Record/Section/6/Section/4/Information/3/Value/StringWithMarkup/43/String,string,1963
/Record/Section/6/Section/4/Information/3/Value/StringWithMarkup/44/String,string,1949
/Record/Section/6/Section/4/Information/3/Value/StringWithMarkup/45/String,string,1960
/Record/Section/6/Section/4/Information/3/Value/StringWithMarkup/46/String,string,1982
/Record/Section/6/Section/4/Information/3/Value/StringWithMarkup/47/String,string,2019
/Record/Section/6/Section/4/Information/3/Value/StringWithMarkup/48/String,string,1990
/Record/Section/6/Section/4/Information/3/Value/StringWithMarkup/49/String,string,2019
/Record/Section/6/Section/4/Information/3/Value/StringWithMarkup/50/String,string,2010
/Record/Section/6/Section/4/Information/3/Value/StringWithMarkup/51/String,string,2016
/Record/Section/6/Section/4/Information/3/Value/StringWithMarkup/52/String,string,2012
/Record/Section/6/Section/4/Information/3/Value/StringWithMarkup/53/String,string,2012
/Record/Section/6/Section/4/Information/3/Value/StringWithMarkup/54/String,string,2016
/Record/Section/6/Section/4/Information/3/Value/StringWithMarkup/55/String,string,2012
/Record/Section/6/Section/4/Information/3/Value/StringWithMarkup/56/String,string,2012
/Record/Section/6/Section/4/Information/3/Value/StringWithMarkup/57/String,string,2018
/Record/Section/6/Section/4/Information/3/Value/StringWithMarkup/58/String,string,2018
/Record/Section/6/Section/4/Information/4/ReferenceNumber,number,2
/Record/Section/6/Section/4/Information/4/Name,string,"Decay Modes, Intensities and Uncertainties [%]"
/Record/Section/6/Section/4/Information/4/Value/StringWithMarkup/0/String,string,β+ ?; β+p ?
/Record/Section/6/Section/4/Information/4/Value/StringWithMarkup/0/Markup/0/Start,number,1
/Record/Section/6/Section/4/Information/4/Value/StringWithMarkup/0/Markup/0/Length,number,1
/Record/Section/6/Section/4/Information/4/Value/StringWithMarkup/0/Markup/0/Type,string,Superscript
/Record/Section/6/Section/4/Information/4/Value/StringWithMarkup/0/Markup/1/Start,number,7
/Record/Section/6/Section/4/Information/4/Value/StringWithMarkup/0/Markup/1/Length,number,1
/Record/Section/6/Section/4/Information/4/Value/StringWithMarkup/0/Markup/1/Type,string,Superscript
/Record/Section/6/Section/4/Information/4/Value/StringWithMarkup/1/String,string,β+=100%; β+p≈11%
/Record/Section/6/Section/4/Information/4/Value/StringWithMarkup/1/Markup/0/Start,number,1
/Record/Section/6/Section/4/Information/4/Value/StringWithMarkup/1/Markup/0/Length,number,1
/Record/Section/6/Section/4/Information/4/Value/StringWithMarkup/1/Markup/0/Type,string,Superscript
/Record/Section/6/Section/4/Information/4/Value/StringWithMarkup/1/Markup/1/Start,number,10
/Record/Section/6/Section/4/Information/4/Value/StringWithMarkup/1/Markup/1/Length,number,1
/Record/Section/6/Section/4/Information/4/Value/StringWithMarkup/1/Markup/1/Type,string,Superscript
/Record/Section/6/Section/4/Information/4/Value/StringWithMarkup/2/String,string,β+ ?; β+p ?
/Record/Section/6/Section/4/Information/4/Value/StringWithMarkup/2/Markup/0/Start,number,1
/Record/Section/6/Section/4/Information/4/Value/StringWithMarkup/2/Markup/0/Length,number,1
/Record/Section/6/Section/4/Information/4/Value/StringWithMarkup/2/Markup/0/Type,string,Superscript
/Record/Section/6/Section/4/Information/4/Value/StringWithMarkup/2/Markup/1/Start,number,7
/Record/Section/6/Section/4/Information/4/Value/StringWithMarkup/2/Markup/1/Length,number,1
/Record/Section/6/Section/4/Information/4/Value/StringWithMarkup/2/Markup/1/Type,string,Superscript
/Record/Section/6/Section/4/Information/4/Value/StringWithMarkup/3/String,string,IT=100%
/Record/Section/6/Section/4/Information/4/Value/StringWithMarkup/4/String,string,β+=100%; β+p=?
/Record/Section/6/Section/4/Information/4/Value/StringWithMarkup/4/Markup/0/Start,number,1
/Record/Section/6/Section/4/Information/4/Value/StringWithMarkup/4/Markup/0/Length,number,1
/Record/Section/6/Section/4/Information/4/Value/StringWithMarkup/4/Markup/0/Type,string,Superscript
/Record/Section/6/Section/4/Information/4/Value/StringWithMarkup/4/Markup/1/Start,number,10
/Record/Section/6/Section/4/Information/4/Value/StringWithMarkup/4/Markup/1/Length,number,1
/Record/Section/6/Section/4/Information/4/Value/StringWithMarkup/4/Markup/1/Type,string,Superscript
/Record/Section/6/Section/4/Information/4/Value/StringWithMarkup/5/String,string,β+=100%; e+=90±0.4%; ε=10±0.4%; β+p=0.06±0.3%
/Record/Section/6/Section/4/Information/4/Value/StringWithMarkup/5/Markup/0/Start,number,1
/Record/Section/6/Section/4/Information/4/Value/StringWithMarkup/5/Markup/0/Length,number,1
/Record/Section/6/Section/4/Information/4/Value/StringWithMarkup/5/Markup/0/Type,string,Superscript
/Record/Section/6/Section/4/Information/4/Value/StringWithMarkup/5/Markup/1/Start,number,10
/Record/Section/6/Section/4/Information/4/Value/StringWithMarkup/5/Markup/1/Length,number,1
/Record/Section/6/Section/4/Information/4/Value/StringWithMarkup/5/Markup/1/Type,string,Superscript
/Record/Section/6/Section/4/Information/4/Value/StringWithMarkup/5/Markup/2/Start,number,33
/Record/Section/6/Section/4/Information/4/Value/StringWithMarkup/5/Markup/2/Length,number,1
/Record/Section/6/Section/4/Information/4/Value/StringWithMarkup/5/Markup/2/Type,string,Superscript
/Record/Section/6/Section/4/Information/4/Value/StringWithMarkup/6/String,string,β+=100%; β+p=?
/Record/Section/6/Section/4/Information/4/Value/StringWithMarkup/6/Markup/0/Start,number,1
/Record/Section/6/Section/4/Information/4/Value/StringWithMarkup/6/Markup/0/Length,number,1
/Record/Section/6/Section/4/Information/4/Value/StringWithMarkup/6/Markup/0/Type,string,Superscript
/Record/Section/6/Section/4/Information/4/Value/StringWithMarkup/6/Markup/1/Start,number,10
/Record/Section/6/Section/4/Information/4/Value/StringWithMarkup/6/Markup/1/Length,number,1
/Record/Section/6/Section/4/Information/4/Value/StringWithMarkup/6/Markup/1/Type,string,Superscript
/Record/Section/6/Section/4/Information/4/Value/StringWithMarkup/7/String,string,β+=100%; β+p=?
/Record/Section/6/Section/4/Information/4/Value/StringWithMarkup/7/Markup/0/Start,number,1
/Record/Section/6/Section/4/Information/4/Value/StringWithMarkup/7/Markup/0/Length,number,1
/Record/Section/6/Section/4/Information/4/Value/StringWithMarkup/7/Markup/0/Type,string,Superscript
/Record/Section/6/Section/4/Information/4/Value/StringWithMarkup/7/Markup/1/Start,number,10
/Record/Section/6/Section/4/Information/4/Value/StringWithMarkup/7/Markup/1/Length,number,1
/Record/Section/6/Section/4/Information/4/Value/StringWithMarkup/7/Markup/1/Type,string,Superscript
/Record/Section/6/Section/4/Information/4/Value/StringWithMarkup/8/String,string,IT=100%
/Record/Section/6/Section/4/Information/4/Value/StringWithMarkup/9/String,string,β+=100%; β+p=?
/Record/Section/6/Section/4/Information/4/Value/StringWithMarkup/9/Markup/0/Start,number,1
/Record/Section/6/Section/4/Information/4/Value/StringWithMarkup/9/Markup/0/Length,number,1
/Record/Section/6/Section/4/Information/4/Value/StringWithMarkup/9/Markup/0/Type,string,Superscript
/Record/Section/6/Section/4/Information/4/Value/StringWithMarkup/9/Markup/1/Start,number,10
/Record/Section/6/Section/4/Information/4/Value/StringWithMarkup/9/Markup/1/Length,number,1
/Record/Section/6/Section/4/Information/4/Value/StringWithMarkup/9/Markup/1/Type,string,Superscript
/Record/Section/6/Section/4/Information/4/Value/StringWithMarkup/10/String,string,β+=100%; β+p=?
/Record/Section/6/Section/4/Information/4/Value/StringWithMarkup/10/Markup/0/Start,number,1
/Record/Section/6/Section/4/Information/4/Value/StringWithMarkup/10/Markup/0/Length,number,1
/Record/Section/6/Section/4/Information/4/Value/StringWithMarkup/10/Markup/0/Type,string,Superscript
/Record/Section/6/Section/4/Information/4/Value/StringWithMarkup/10/Markup/1/Start,number,10
/Record/Section/6/Section/4/Information/4/Value/StringWithMarkup/10/Markup/1/Length,number,1
/Record/Section/6/Section/4/Information/4/Value/StringWithMarkup/10/Markup/1/Type,string,Superscript
/Record/Section/6/Section/4/Information/4/Value/StringWithMarkup/11/String,string,β+=100%; β+p≈50%
/Record/Section/6/Section/4/Information/4/Value/StringWithMarkup/11/Markup/0/Start,number,1
/Record/Section/6/Section/4/Information/4/Value/StringWithMarkup/11/Markup/0/Length,number,1
/Record/Section/6/Section/4/Information/4/Value/StringWithMarkup/11/Markup/0/Type,string,Superscript
/Record/Section/6/Section/4/Information/4/Value/StringWithMarkup/11/Markup/1/Start,number,10
/Record/Section/6/Section/4/Information/4/Value/StringWithMarkup/11/Markup/1/Length,number,1
/Record/Section/6/Section/4/Information/4/Value/StringWithMarkup/11/Markup/1/Type,string,Superscript
/Record/Section/6/Section/4/Information/4/Value/StringWithMarkup/12/String,string,β+=100%
/Record/Section/6/Section/4/Information/4/Value/StringWithMarkup/12/Markup/0/Start,number,1
/Record/Section/6/Section/4/Information/4/Value/StringWithMarkup/12/Markup/0/Length,number,1
/Record/Section/6/Section/4/Information/4/Value/StringWithMarkup/12/Markup/0/Type,string,Superscript
/Record/Section/6/Section/4/Information/4/Value/StringWithMarkup/13/String,string,IT=100%
/Record/Section/6/Section/4/Information/4/Value/StringWithMarkup/14/String,string,β+=100%; β+p≈0.05%
/Record/Section/6/Section/4/Information/4/Value/StringWithMarkup/14/Markup/0/Start,number,1
/Record/Section/6/Section/4/Information/4/Value/StringWithMarkup/14/Markup/0/Length,number,1
/Record/Section/6/Section/4/Information/4/Value/StringWithMarkup/14/Markup/0/Type,string,Superscript
/Record/Section/6/Section/4/Information/4/Value/StringWithMarkup/14/Markup/1/Start,number,10
/Record/Section/6/Section/4/Information/4/Value/StringWithMarkup/14/Markup/1/Length,number,1
/Record/Section/6/Section/4/Information/4/Value/StringWithMarkup/14/Markup/1/Type,string,Superscript
/Record/Section/6/Section/4/Information/4/Value/StringWithMarkup/15/String,string,β+=68.9±2.3%; IT=31.1±2.3%
/Record/Section/6/Section/4/Information/4/Value/StringWithMarkup/15/Markup/0/Start,number,1
/Record/Section/6/Section/4/Information/4/Value/StringWithMarkup/15/Markup/0/Length,number,1
/Record/Section/6/Section/4/Information/4/Value/StringWithMarkup/15/Markup/0/Type,string,Superscript
/Record/Section/6/Section/4/Information/4/Value/StringWithMarkup/16/String,string,IT=100%
/Record/Section/6/Section/4/Information/4/Value/StringWithMarkup/17/String,string,β+=100%
/Record/Section/6/Section/4/Information/4/Value/StringWithMarkup/17/Markup/0/Start,number,1
/Record/Section/6/Section/4/Information/4/Value/StringWithMarkup/17/Markup/0/Length,number,1
/Record/Section/6/Section/4/Information/4/Value/StringWithMarkup/17/Markup/0/Type,string,Superscript
/Record/Section/6/Section/4/Information/4/Value/StringWithMarkup/18/String,string,IT=100%
/Record/Section/6/Section/4/Information/4/Value/StringWithMarkup/19/String,string,β+=100%
/Record/Section/6/Section/4/Information/4/Value/StringWithMarkup/19/Markup/0/Start,number,1
/Record/Section/6/Section/4/Information/4/Value/StringWithMarkup/19/Markup/0/Length,number,1
/Record/Section/6/Section/4/Information/4/Value/StringWithMarkup/19/Markup/0/Type,string,Superscript
/Record/Section/6/Section/4/Information/4/Value/StringWithMarkup/20/String,string,IT=99.3±0.3%; β+=0.7±0.3%
/Record/Section/6/Section/4/Information/4/Value/StringWithMarkup/20/Markup/0/Start,number,15
/Record/Section/6/Section/4/Information/4/Value/StringWithMarkup/20/Markup/0/Length,number,1
/Record/Section/6/Section/4/Information/4/Value/StringWithMarkup/20/Markup/0/Type,string,Superscript
/Record/Section/6/Section/4/Information/4/Value/StringWithMarkup/21/String,string,β+=66.4±1.8%; α=33.6±1.8%
/Record/Section/6/Section/4/Information/4/Value/StringWithMarkup/21/Markup/0/Start,number,1
/Record/Section/6/Section/4/Information/4/Value/StringWithMarkup/21/Markup/0/Length,number,1
/Record/Section/6/Section/4/Information/4/Value/StringWithMarkup/21/Markup/0/Type,string,Superscript
/Record/Section/6/Section/4/Information/4/Value/StringWithMarkup/22/String,string,β+=94.4±0.6%; α=5.6±0.4%
/Record/Section/6/Section/4/Information/4/Value/StringWithMarkup/22/Markup/0/Start,number,1
/Record/Section/6/Section/4/Information/4/Value/StringWithMarkup/22/Markup/0/Length,number,1
/Record/Section/6/Section/4/Information/4/Value/StringWithMarkup/22/Markup/0/Type,string,Superscript
/Record/Section/6/Section/4/Information/4/Value/StringWithMarkup/23/String,string,ε=99.900±0.7%; α=0.100±0.7%
/Record/Section/6/Section/4/Information/4/Value/StringWithMarkup/24/String,string,β+=99.9906±1.4%; α=0.0094±1.4%
/Record/Section/6/Section/4/Information/4/Value/StringWithMarkup/24/Markup/0/Start,number,1
/Record/Section/6/Section/4/Information/4/Value/StringWithMarkup/24/Markup/0/Length,number,1
/Record/Section/6/Section/4/Information/4/Value/StringWithMarkup/24/Markup/0/Type,string,Superscript
/Record/Section/6/Section/4/Information/4/Value/StringWithMarkup/25/String,string,α=100%; 2β+ ?
/Record/Section/6/Section/4/Information/4/Value/StringWithMarkup/25/Markup/0/Start,number,10
/Record/Section/6/Section/4/Information/4/Value/StringWithMarkup/25/Markup/0/Length,number,1
/Record/Section/6/Section/4/Information/4/Value/StringWithMarkup/25/Markup/0/Type,string,Superscript
/Record/Section/6/Section/4/Information/4/Value/StringWithMarkup/26/String,string,β+=100%
/Record/Section/6/Section/4/Information/4/Value/StringWithMarkup/26/Markup/0/Start,number,1
/Record/Section/6/Section/4/Information/4/Value/StringWithMarkup/26/Markup/0/Length,number,1
/Record/Section/6/Section/4/Information/4/Value/StringWithMarkup/26/Markup/0/Type,string,Superscript
/Record/Section/6/Section/4/Information/4/Value/StringWithMarkup/27/String,string,IT=100%
/Record/Section/6/Section/4/Information/4/Value/StringWithMarkup/28/String,string,IS=0.056±0.3%; α ?; 2β+ ?
/Record/Section/6/Section/4/Information/4/Value/StringWithMarkup/28/Markup/0/Start,number,22
/Record/Section/6/Section/4/Information/4/Value/StringWithMarkup/28/Markup/0/Length,number,1
/Record/Section/6/Section/4/Information/4/Value/StringWithMarkup/28/Markup/0/Type,string,Superscript
/Record/Section/6/Section/4/Information/4/Value/StringWithMarkup/29/String,string,β+=100%
/Record/Section/6/Section/4/Information/4/Value/StringWithMarkup/29/Markup/0/Start,number,1
/Record/Section/6/Section/4/Information/4/Value/StringWithMarkup/29/Markup/0/Length,number,1
/Record/Section/6/Section/4/Information/4/Value/StringWithMarkup/29/Markup/0/Type,string,Superscript
/Record/Section/6/Section/4/Information/4/Value/StringWithMarkup/30/String,string,IT=100%
/Record/Section/6/Section/4/Information/4/Value/StringWithMarkup/31/String,string,IT=100%
/Record/Section/6/Section/4/Information/4/Value/StringWithMarkup/32/String,string,IS=0.095±0.3%; α ?; 2β+ ?
/Record/Section/6/Section/4/Information/4/Value/StringWithMarkup/32/Markup/0/Start,number,22
/Record/Section/6/Section/4/Information/4/Value/StringWithMarkup/32/Markup/0/Length,number,1
/Record/Section/6/Section/4/Information/4/Value/StringWithMarkup/32/Markup/0/Type,string,Superscript
/Record/Section/6/Section/4/Information/4/Value/StringWithMarkup/33/String,string,ε=100%
/Record/Section/6/Section/4/Information/4/Value/StringWithMarkup/34/String,string,IT=100%
/Record/Section/6/Section/4/Information/4/Value/StringWithMarkup/35/String,string,IS=2.329±1.8%
/Record/Section/6/Section/4/Information/4/Value/StringWithMarkup/36/String,string,IS=18.889±4.2%
/Record/Section/6/Section/4/Information/4/Value/StringWithMarkup/37/String,string,IT=100%
/Record/Section/6/Section/4/Information/4/Value/StringWithMarkup/38/String,string,IS=25.475±3.6%
/Record/Section/6/Section/4/Information/4/Value/StringWithMarkup/39/String,string,IT=100%
/Record/Section/6/Section/4/Information/4/Value/StringWithMarkup/40/String,string,IS=24.896±4.2%
/Record/Section/6/Section/4/Information/4/Value/StringWithMarkup/41/String,string,IS=28.260±5.4%
/Record/Section/6/Section/4/Information/4/Value/StringWithMarkup/42/String,string,β-=100%
/Record/Section/6/Section/4/Information/4/Value/StringWithMarkup/42/Markup/0/Start,number,1
/Record/Section/6/Section/4/Information/4/Value/StringWithMarkup/42/Markup/0/Length,number,1
/Record/Section/6/Section/4/Information/4/Value/StringWithMarkup/42/Markup/0/Type,string,Superscript
/Record/Section/6/Section/4/Information/4/Value/StringWithMarkup/43/String,string,IT=97.76±1.1%; β-=2.24±1.1%
/Record/Section/6/Section/4/Information/4/Value/StringWithMarkup/43/Markup/0/Start,number,16
/Record/Section/6/Section/4/Information/4/Value/StringWithMarkup/43/Markup/0/Length,number,1
/Record/Section/6/Section/4/Information/4/Value/StringWithMarkup/43/Markup/0/Type,string,Superscript
/Record/Section/6/Section/4/Information/4/Value/StringWithMarkup/44/String,string,β-=100%
/Record/Section/6/Section/4/Information/4/Value/StringWithMarkup/44/Markup/0/Start,number,1
/Record/Section/6/Section/4/Information/4/Value/StringWithMarkup/44/Markup/0/Length,number,1
/Record/Section/6/Section/4/Information/4/Value/StringWithMarkup/44/Markup/0/Type,string,Superscript
/Record/Section/6/Section/4/Information/4/Value/StringWithMarkup/45/String,string,β-=100%
/Record/Section/6/Section/4/Information/4/Value/StringWithMarkup/45/Markup/0/Start,number,1
/Record/Section/6/Section/4/Information/4/Value/StringWithMarkup/45/Markup/0/Length,number,1
/Record/Section/6/Section/4/Information/4/Value/StringWithMarkup/45/Markup/0/Type,string,Superscript
/Record/Section/6/Section/4/Information/4/Value/StringWithMarkup/46/String,string,β-=100%
/Record/Section/6/Section/4/Information/4/Value/StringWithMarkup/46/Markup/0/Start,number,1
/Record/Section/6/Section/4/Information/4/Value/StringWithMarkup/46/Markup/0/Length,number,1
/Record/Section/6/Section/4/Information/4/Value/StringWithMarkup/46/Markup/0/Type,string,Superscript
/Record/Section/6/Section/4/Information/4/Value/StringWithMarkup/47/String,string,IT=100%
/Record/Section/6/Section/4/Information/4/Value/StringWithMarkup/48/String,string,β-=100%
/Record/Section/6/Section/4/Information/4/Value/StringWithMarkup/48/Markup/0/Start,number,1
/Record/Section/6/Section/4/Information/4/Value/StringWithMarkup/48/Markup/0/Length,number,1
/Record/Section/6/Section/4/Information/4/Value/StringWithMarkup/48/Markup/0/Type,string,Superscript
/Record/Section/6/Section/4/Information/4/Value/StringWithMarkup/49/String,string,IT=100%
/Record/Section/6/Section/4/Information/4/Value/StringWithMarkup/50/String,string,β-=100%
/Record/Section/6/Section/4/Information/4/Value/StringWithMarkup/50/Markup/0/Start,number,1
/Record/Section/6/Section/4/Information/4/Value/StringWithMarkup/50/Markup/0/Length,number,1
/Record/Section/6/Section/4/Information/4/Value/StringWithMarkup/50/Markup/0/Type,string,Superscript
/Record/Section/6/Section/4/Information/4/Value/StringWithMarkup/51/String,string,IT=100%
/Record/Section/6/Section/4/Information/4/Value/StringWithMarkup/52/String,string,β-=100%
/Record/Section/6/Section/4/Information/4/Value/StringWithMarkup/52/Markup/0/Start,number,1
/Record/Section/6/Section/4/Information/4/Value/StringWithMarkup/52/Markup/0/Length,number,1
/Record/Section/6/Section/4/Information/4/Value/StringWithMarkup/52/Markup/0/Type,string,Superscript
/Record/Section/6/Section/4/Information/4/Value/StringWithMarkup/53/String,string,β-=100%
/Record/Section/6/Section/4/Information/4/Value/StringWithMarkup/53/Markup/0/Start,number,1
/Record/Section/6/Section/4/Information/4/Value/StringWithMarkup/53/Markup/0/Length,number,1
/Record/Section/6/Section/4/Information/4/Value/StringWithMarkup/53/Markup/0/Type,string,Superscript
/Record/Section/6/Section/4/Information/4/Value/StringWithMarkup/54/String,string,β-=19±0.3%; IT=81±0.3%
/Record/Section/6/Section/4/Information/4/Value/StringWithMarkup/54/Markup/0/Start,number,1
/Record/Section/6/Section/4/Information/4/Value/StringWithMarkup/54/Markup/0/Length,number,1
/Record/Section/6/Section/4/Information/4/Value/StringWithMarkup/54/Markup/0/Type,string,Superscript
/Record/Section/6/Section/4/Information/4/Value/StringWithMarkup/55/String,string,β-=100%; β-n ?
/Record/Section/6/Section/4/Information/4/Value/StringWithMarkup/55/Markup/0/Start,number,1
/Record/Section/6/Section/4/Information/4/Value/StringWithMarkup/55/Markup/0/Length,number,1
/Record/Section/6/Section/4/Information/4/Value/StringWithMarkup/55/Markup/0/Type,string,Superscript
/Record/Section/6/Section/4/Information/4/Value/StringWithMarkup/55/Markup/1/Start,number,10
/Record/Section/6/Section/4/Information/4/Value/StringWithMarkup/55/Markup/1/Length,number,1
/Record/Section/6/Section/4/Information/4/Value/StringWithMarkup/55/Markup/1/Type,string,Superscript
/Record/Section/6/Section/4/Information/4/Value/StringWithMarkup/56/String,string,β- ?; β-n ?
/Record/Section/6/Section/4/Information/4/Value/StringWithMarkup/56/Markup/0/Start,number,1
/Record/Section/6/Section/4/Information/4/Value/StringWithMarkup/56/Markup/0/Length,number,1
/Record/Section/6/Section/4/Information/4/Value/StringWithMarkup/56/Markup/0/Type,string,Superscript
/Record/Section/6/Section/4/Information/4/Value/StringWithMarkup/56/Markup/1/Start,number,7
/Record/Section/6/Section/4/Information/4/Value/StringWithMarkup/56/Markup/1/Length,number,1
/Record/Section/6/Section/4/Information/4/Value/StringWithMarkup/56/Markup/1/Type,string,Superscript
/Record/Section/6/Section/4/Information/4/Value/StringWithMarkup/57/String,string,β- ?; β-n ?
/Record/Section/6/Section/4/Information/4/Value/StringWithMarkup/57/Markup/0/Start,number,1
/Record/Section/6/Section/4/Information/4/Value/StringWithMarkup/57/Markup/0/Length,number,1
/Record/Section/6/Section/4/Information/4/Value/StringWithMarkup/57/Markup/0/Type,string,Superscript
/Record/Section/6/Section/4/Information/4/Value/StringWithMarkup/57/Markup/1/Start,number,7
/Record/Section/6/Section/4/Information/4/Value/StringWithMarkup/57/Markup/1/Length,number,1
/Record/Section/6/Section/4/Information/4/Value/StringWithMarkup/57/Markup/1/Type,string,Superscript
/Record/Section/6/Section/4/Information/4/Value/StringWithMarkup/58/String,string,β- ?; β-n ?
/Record/Section/6/Section/4/Information/4/Value/StringWithMarkup/58/Markup/0/Start,number,1
/Record/Section/6/Section/4/Information/4/Value/StringWithMarkup/58/Markup/0/Length,number,1
/Record/Section/6/Section/4/Information/4/Value/StringWithMarkup/58/Markup/0/Type,string,Superscript
/Record/Section/6/Section/4/Information/4/Value/StringWithMarkup/58/Markup/1/Start,number,7
/Record/Section/6/Section/4/Information/4/Value/StringWithMarkup/58/Markup/1/Length,number,1
/Record/Section/6/Section/4/Information/4/Value/StringWithMarkup/58/Markup/1/Type,string,Superscript
/Record/Reference/0/ReferenceNumber,number,1
/Record/Reference/0/SourceName,string,PubChem
/Record/Reference/0/SourceID,string,PubChem
/Record/Reference/0/Description,string,Data deposited in or computed by PubChem
/Record/Reference/0/URL,string,https://pubchem.ncbi.nlm.nih.gov
/Record/Reference/1/ReferenceNumber,number,2
/Record/Reference/1/SourceName,string,"Atomic Mass Data Center (AMDC), International Atomic Energy Agency (IAEA)"
/Record/Reference/1/SourceID,string,e66
/Record/Reference/1/Name,string,Dy
/Record/Reference/1/Description,string,The half-life and atomic mass data was provided by the Atomic Mass Data Center at the International Atomic Energy Agency.
/Record/Reference/1/URL,string,https://www-nds.iaea.org/amdc/
/Record/Reference/1/LicenseURL,string,https://www-nds.iaea.org/disclaimer.html
/Record/Reference/1/ANID,number,6590293
/Record/Reference/2/ReferenceNumber,number,3
/Record/Reference/2/SourceName,string,IUPAC Commission on Isotopic Abundances and Atomic Weights (CIAAW)
/Record/Reference/2/SourceID,string,a66
/Record/Reference/2/Name,string,Dysprosium
/Record/Reference/2/Description,string,Element data are cited from the Atomic weights of the elements (an IUPAC Technical Report). The IUPAC periodic table of elements can be found at https://iupac.org/what-we-do/periodic-table-of-elements/. Additional information can be found within IUPAC publication doi:10.1515/pac-2015-0703 Copyright © 2020 International Union of Pure and Applied Chemistry.
/Record/Reference/2/URL,string,https://www.ciaaw.org/dysprosium.htm
/Record/Reference/2/LicenseURL,string,http://www.ciaaw.org/bylaws.htm
/Record/Reference/2/ANID,number,2292447
/Record/Reference/3/ReferenceNumber,number,5
/Record/Reference/3/SourceName,string,"Jefferson Lab, U.S. Department of Energy"
/Record/Reference/3/SourceID,string,jlab66
/Record/Reference/3/Name,string,Dysprosium
/Record/Reference/3/Description,string,"Thomas Jefferson National Accelerator Facility (Jefferson Lab) is one of 17 national laboratories funded by the U.S. Department of Energy. The lab's primary mission is to conduct basic research of the atom's nucleus using the lab's unique particle accelerator, known as the Continuous Electron Beam Accelerator Facility (CEBAF). For more information visit https://www.jlab.org/"
/Record/Reference/3/URL,string,https://education.jlab.org/itselemental/ele066.html
/Record/Reference/3/LicenseNote,string,Please see citation and linking information: https://education.jlab.org/faq/index.html
/Record/Reference/3/LicenseURL,string,https://www.jlab.org/privacy-and-security-notice
/Record/Reference/3/ANID,number,507128
/Record/Reference/4/ReferenceNumber,number,6
/Record/Reference/4/SourceName,string,"Los Alamos National Laboratory, U.S. Department of Energy"
/Record/Reference/4/SourceID,string,lanl66
/Record/Reference/4/Name,string,Dysprosium
/Record/Reference/4/Description,string,"The periodic table at the LANL (Los Alamos National Laboratory) contains basic element information together with the history, source, properties, use, handling and more. The provenance data may be found from the link under the source name."
/Record/Reference/4/URL,string,https://periodic.lanl.gov/66.shtml
/Record/Reference/4/ANID,number,507246
/Record/Reference/5/ReferenceNumber,number,7
/Record/Reference/5/SourceName,string,NIST Physical Measurement Laboratory
/Record/Reference/5/SourceID,string,e66
/Record/Reference/5/Name,string,Dysprosium
/Record/Reference/5/Description,string,"The periodic table contains NIST's critically-evaluated data on atomic properties of the elements. The provenance data that include data for atomic spectroscopy, X-ray and gamma ray, radiation dosimetry, nuclear physics, and condensed matter physics may be found from the link under the source name. Ref: https://www.nist.gov/pml/atomic-spectra-database"
/Record/Reference/5/URL,string,https://physics.nist.gov/cgi-bin/Elements/elInfo.pl?element=66
/Record/Reference/5/LicenseURL,string,https://www.nist.gov/pml/database-disclaimer
/Record/Reference/5/ANID,number,2292683
/Record/Reference/6/ReferenceNumber,number,4
/Record/Reference/6/SourceName,string,IUPAC Periodic Table of the Elements and Isotopes (IPTEI)
/Record/Reference/6/SourceID,string,p66
/Record/Reference/6/Description,string,"The information are cited from Pure Appl. Chem. 2018; 90(12): 1833-2092, https://doi.org/10.1515/pac-2015-0703."
/Record/Reference/6/URL,string,https://doi.org/10.1515/pac-2015-0703
/Record/Reference/6/LicenseNote,string,"Copyright (c) 2020 International Union of Pure and Applied Chemistry.

The International Union of Pure and Applied Chemistry (IUPAC) contribution within Pubchem is provided under a CC-BY-NC-ND 4.0 license, unless otherwise stated."
/Record/Reference/6/LicenseURL,string,https://creativecommons.org/licenses/by-nc-nd/4.0/
/Record/Reference/6/ANID,number,13296471
/Record/Reference/7/ReferenceNumber,number,9
/Record/Reference/7/SourceName,string,PubChem Elements
/Record/Reference/7/SourceID,string,ep_66
/Record/Reference/7/Name,string,Dysprosium
/Record/Reference/7/Description,string,The element property data was retrieved from publications.
/Record/Reference/7/LicenseURL,string,https://www.nlm.nih.gov/copyright.html
/Record/Reference/7/ANID,number,24834168
/Record/Reference/8/ReferenceNumber,number,8
/Record/Reference/8/SourceName,string,PubChem Elements
/Record/Reference/8/SourceID,string,ef_66
/Record/Reference/8/Name,string,Dysprosium
/Record/Reference/8/Description,string,This section provides all form of data related to element Dysprosium.
/Record/Reference/8/LicenseURL,string,https://www.nlm.nih.gov/copyright.html
/Record/Reference/8/ANID,number,24833994
