path,type,value
/Record/RecordType,string,AtomicNumber
/Record/RecordNumber,number,58
/Record/RecordTitle,string,Cerium
/Record/Section/0/TOCHeading,string,Identifiers
/Record/Section/0/Description,string,"Identifiers for this element, including element name, element symbol, InChI string, and InChIKey."
/Record/Section/0/Section/0/TOCHeading,string,Element Name
/Record/Section/0/Section/0/Description,string,"The formal, standard name for a given element, originating from factors such as common usage and the person or place involved in its discovery. Element, also called chemical element, refers to a species of atom; all varieties of atoms with the same number of protons in the nucleus (but possibly a different number of neutrons) are considered to be the same element."
/Record/Section/0/Section/0/Information/0/ReferenceNumber,number,1
/Record/Section/0/Section/0/Information/0/Name,string,Element Name
/Record/Section/0/Section/0/Information/0/Value/StringWithMarkup/0/String,string,Cerium
/Record/Section/0/Section/0/Information/1/ReferenceNumber,number,3
/Record/Section/0/Section/0/Information/1/Name,string,Element Name
/Record/Section/0/Section/0/Information/1/Value/StringWithMarkup/0/String,string,Cerium
/Record/Section/0/Section/1/TOCHeading,string,Element Symbol
/Record/Section/0/Section/1/Description,string,"Element symbol, also called atomic symbol, typically consists of one or two letters from the Latin alphabet derived from the element name in one of several languages."
/Record/Section/0/Section/1/Information/0/ReferenceNumber,number,1
/Record/Section/0/Section/1/Information/0/Name,string,Element Symbol
/Record/Section/0/Section/1/Information/0/Value/StringWithMarkup/0/String,string,Ce
/Record/Section/0/Section/1/Information/1/ReferenceNumber,number,3
/Record/Section/0/Section/1/Information/1/Name,string,Element Symbol
/Record/Section/0/Section/1/Information/1/Value/StringWithMarkup/0/String,string,Ce
/Record/Section/0/Section/2/TOCHeading,string,InChI
/Record/Section/0/Section/2/Description,string,"The International Chemical Identifier (InChI) is a computed, non-proprietary identifier for a chemical structure.  The InChI is an International Union of Pure and Applied Chemistry (IUPAC) standard."
/Record/Section/0/Section/2/URL,string,https://iupac.org/who-we-are/divisions/division-details/inchi/
/Record/Section/0/Section/2/Information/0/ReferenceNumber,number,1
/Record/Section/0/Section/2/Information/0/Name,string,InChI
/Record/Section/0/Section/2/Information/0/Value/StringWithMarkup/0/String,string,InChI=1S/Ce
/Record/Section/0/Section/3/TOCHeading,string,InChIKey
/Record/Section/0/Section/3/Description,string,"An InChIKey is a 27-character hashed code derived from an InChI.  The International Chemical Identifier (InChI) is a computed, non-proprietary identifier for a chemical structure.  The InChI is an International Union of Pure and Applied Chemistry (IUPAC) standard."
/Record/Section/0/Section/3/URL,string,https://iupac.org/who-we-are/divisions/division-details/inchi/
/Record/Section/0/Section/3/Information/0/ReferenceNumber,number,1
/Record/Section/0/Section/3/Information/0/Name,string,InChIKey
/Record/Section/0/Section/3/Information/0/Value/StringWithMarkup/0/String,string,GWXLDORMOJMVQZ-UHFFFAOYSA-N
/Record/Section/1/TOCHeading,string,Properties
/Record/Section/1/Description,string,"Characteristics of this element, such as atomic number, atomic mass, density, melting point, boiling point and so on."
/Record/Section/1/Section/0/TOCHeading,string,Atomic Weight
/Record/Section/1/Section/0/Description,string,"Also called relative atomic mass, is the ratio of the average mass of the atom to the unified atomic mass unit, defined as one twelfth of the mass of a carbon-12 atom in its ground state and used to express masses of atomic particles, u=1.660 5402(10) * 10**(-27) kg. The Standard atomic weights refer to recommended values of relative atomic masses of the elements revised biennially by the IUPAC Commission on Atomic Weights and Isotopic Abundances and applicable to elements in any normal sample with a high level of confidence. The number in the parenthesis refers to an uncertainty when exists. The unit of atomic weight is the dalton or unified atomic mass unit (symbol: Da or u)."
/Record/Section/1/Section/0/Information/0/ReferenceNumber,number,3
/Record/Section/1/Section/0/Information/0/Name,string,Atomic Weight
/Record/Section/1/Section/0/Information/0/Value/StringWithMarkup/0/String,string,140.116(1)
/Record/Section/1/Section/0/Information/1/ReferenceNumber,number,5
/Record/Section/1/Section/0/Information/1/Value/StringWithMarkup/0/String,string,140.116
/Record/Section/1/Section/0/Information/2/ReferenceNumber,number,6
/Record/Section/1/Section/0/Information/2/Value/StringWithMarkup/0/String,string,140.1
/Record/Section/1/Section/0/Information/3/ReferenceNumber,number,7
/Record/Section/1/Section/0/Information/3/Value/StringWithMarkup/0/String,string,140.116(1)
/Record/Section/1/Section/1/TOCHeading,string,Electron Configuration
/Record/Section/1/Section/1/Description,string,"The electron configuration refers a distribution of the electrons of an atom or a molecular entity over a set of one-electron wavefunctions (called orbitals), according to the Pauli principle. From one configuration several states with different multiplicities may result."
/Record/Section/1/Section/1/URL,string,https://chem.libretexts.org/Courses/Sacramento_City_College/SCC%3A_Chem_420_-_Organic_Chemistry_I/Text/01%3A_Introduction_and_Review/1.04%3A_Electron_Configurations
/Record/Section/1/Section/1/Information/0/ReferenceNumber,number,6
/Record/Section/1/Section/1/Information/0/Value/StringWithMarkup/0/String,string,[Xe]6s24f15d1
/Record/Section/1/Section/1/Information/0/Value/StringWithMarkup/0/Markup/0/Start,number,6
/Record/Section/1/Section/1/Information/0/Value/StringWithMarkup/0/Markup/0/Length,number,1
/Record/Section/1/Section/1/Information/0/Value/StringWithMarkup/0/Markup/0/Type,string,Superscript
/Record/Section/1/Section/1/Information/0/Value/StringWithMarkup/0/Markup/1/Start,number,9
/Record/Section/1/Section/1/Information/0/Value/StringWithMarkup/0/Markup/1/Length,number,1
/Record/Section/1/Section/1/Information/0/Value/StringWithMarkup/0/Markup/1/Type,string,Superscript
/Record/Section/1/Section/1/Information/0/Value/StringWithMarkup/0/Markup/2/Start,number,12
/Record/Section/1/Section/1/Information/0/Value/StringWithMarkup/0/Markup/2/Length,number,1
/Record/Section/1/Section/1/Information/0/Value/StringWithMarkup/0/Markup/2/Type,string,Superscript
/Record/Section/1/Section/2/TOCHeading,string,Atomic Radius
/Record/Section/1/Section/2/Description,string,"The atomic radius of a chemical element is a measure of the size of its atom, usually, the distance from the center of the nucleus to the outermost isolated electron.  Because an atom does not have a discrete boundary, there are various non-equivalent definitions of atomic radius, such as Van der Waals radius and covalent radius."
/Record/Section/1/Section/2/Information/0/ReferenceNumber,number,6
/Record/Section/1/Section/2/Information/0/Name,string,Van der Waals Atomic Radius
/Record/Section/1/Section/2/Information/0/Value/StringWithMarkup/0/String,string,235 pm (Van der Waals)
/Record/Section/1/Section/2/Information/1/ReferenceNumber,number,9
/Record/Section/1/Section/2/Information/1/Name,string,Empirical Atomic Radius
/Record/Section/1/Section/2/Information/1/Reference/0,string,"J.C. Slater, J Chem Phys, 1964, 41(10), 3199-3205. DOI:10.1063/1.1725697"
/Record/Section/1/Section/2/Information/1/ExtendedReference/0/Citation,string,"J.C. Slater, J Chem Phys, 1964, 41(10), 3199-3205. DOI:10.1063/1.1725697"
/Record/Section/1/Section/2/Information/1/Value/Number/0,number,185
/Record/Section/1/Section/2/Information/1/Value/Unit,string,pm (Empirical)
/Record/Section/1/Section/2/Information/2/ReferenceNumber,number,9
/Record/Section/1/Section/2/Information/2/Name,string,Covalent Atomic Radius
/Record/Section/1/Section/2/Information/2/Reference/0,string,"B. Cordero, V. Gómez, A.E. Platero-Prats, M. Revés, J. Echeverría, E. Cremades, F. Barragán, S. Alvarez, Dalton Trans. 2008, 21, 2832-2838. DOI:10.1039/b801115j PMID:18478144."
/Record/Section/1/Section/2/Information/2/ExtendedReference/0/Citation,string,"B. Cordero, V. Gómez, A.E. Platero-Prats, M. Revés, J. Echeverría, E. Cremades, F. Barragán, S. Alvarez, Dalton Trans. 2008, 21, 2832-2838. DOI:10.1039/b801115j PMID:18478144."
/Record/Section/1/Section/2/Information/2/Value/StringWithMarkup/0/String,string,204(9) pm (Covalent)
/Record/Section/1/Section/3/TOCHeading,string,Oxidation States
/Record/Section/1/Section/3/Description,string,"The oxidation state(s) that this element commonly has in a compound.  The oxidation state of an atom is defined as the hypothetical charge that would be held by that atom if all of its bonds to other atoms were completely ionic in nature. For example, the oxidation state of carbon in CO2 would be +4 since the hypothetical charge held by the carbon atom if both of the carbon-oxygen double bonds were completely ionic would be equal to +4 (each oxygen atom would hold a charge of -2 since oxygen is more electronegative than carbon)."
/Record/Section/1/Section/3/URL,string,https://chem.libretexts.org/Bookshelves/General_Chemistry/Map%3A_Chemistry_-_The_Central_Science_(Brown_et_al.)/20%3A_Electrochemistry/20.01%3A_Oxidation_States_and_Redox_Reactions
/Record/Section/1/Section/3/Information/0/ReferenceNumber,number,5
/Record/Section/1/Section/3/Information/0/Value/StringWithMarkup/0/String,string,"+4, +3"
/Record/Section/1/Section/3/Information/1/ReferenceNumber,number,6
/Record/Section/1/Section/3/Information/1/Value/StringWithMarkup/0/String,string,"4, 3, 2, 1 ​(a mildly basic oxide)"
/Record/Section/1/Section/4/TOCHeading,string,Ground Level
/Record/Section/1/Section/4/Description,string,Also called ground-state level. The ground state electron configuration is the arrangement of electrons around the nucleus of an atom with lower energy levels.
/Record/Section/1/Section/4/Information/0/ReferenceNumber,number,7
/Record/Section/1/Section/4/Information/0/Value/StringWithMarkup/0/String,string,1G°4
/Record/Section/1/Section/4/Information/0/Value/StringWithMarkup/0/Markup/0/Start,number,0
/Record/Section/1/Section/4/Information/0/Value/StringWithMarkup/0/Markup/0/Length,number,1
/Record/Section/1/Section/4/Information/0/Value/StringWithMarkup/0/Markup/0/Type,string,Superscript
/Record/Section/1/Section/4/Information/0/Value/StringWithMarkup/0/Markup/1/Start,number,3
/Record/Section/1/Section/4/Information/0/Value/StringWithMarkup/0/Markup/1/Length,number,1
/Record/Section/1/Section/4/Information/0/Value/StringWithMarkup/0/Markup/1/Type,string,Subscript
/Record/Section/1/Section/5/TOCHeading,string,Ionization Energy
/Record/Section/1/Section/5/Description,string,"Ionization energy, also called ionization potential, is the amount of energy required to remove an electron from an isolated atom or molecule."
/Record/Section/1/Section/5/URL,string,https://www.britannica.com/science/ionization-energy
/Record/Section/1/Section/5/Information/0/ReferenceNumber,number,5
/Record/Section/1/Section/5/Information/0/Value/StringWithMarkup/0/String,string,5.539 eV
/Record/Section/1/Section/5/Information/1/ReferenceNumber,number,7
/Record/Section/1/Section/5/Information/1/Reference/0,string,"First Ionization Potentials of Lanthanides by Laser Spectroscopy, E. F. Worden, R. W. Solarz, J. A. Paisner, and J. G. Conway, J. Opt. Soc. Am. 68, 52–61 (1978) DOI:10.1364/JOSA.68.000052"
/Record/Section/1/Section/5/Information/1/ExtendedReference/0/Citation,string,"First Ionization Potentials of Lanthanides by Laser Spectroscopy, E. F. Worden, R. W. Solarz, J. A. Paisner, and J. G. Conway, J. Opt. Soc. Am. 68, 52–61 (1978) DOI:10.1364/JOSA.68.000052"
/Record/Section/1/Section/5/Information/1/Value/StringWithMarkup/0/String,string,5.5386 ± 0.0004 eV
/Record/Section/1/Section/6/TOCHeading,string,Electronegativity
/Record/Section/1/Section/6/Description,string,Electronegativity is a measure of the tendency of an atom to attract a bonding pair of electrons.
/Record/Section/1/Section/6/URL,string,https://chem.libretexts.org/Bookshelves/Physical_and_Theoretical_Chemistry_Textbook_Maps/Supplemental_Modules_(Physical_and_Theoretical_Chemistry)/Physical_Properties_of_Matter/Atomic_and_Molecular_Properties/Electronegativity
/Record/Section/1/Section/6/Information/0/ReferenceNumber,number,9
/Record/Section/1/Section/6/Information/0/Name,string,Pauling Scale Electronegativity
/Record/Section/1/Section/6/Information/0/Reference/0,string,"A.L. Allred, J. Inorg. Nucl. Chem., 1961, 17(3-4), 215-221. DOI:10.1016/0022-1902(61)80142-5"
/Record/Section/1/Section/6/Information/0/ExtendedReference/0/Citation,string,"A.L. Allred, J. Inorg. Nucl. Chem., 1961, 17(3-4), 215-221. DOI:10.1016/0022-1902(61)80142-5"
/Record/Section/1/Section/6/Information/0/Value/Number/0,number,1.12
/Record/Section/1/Section/6/Information/0/Value/Unit,string,(Pauling Scale)
/Record/Section/1/Section/7/TOCHeading,string,Electron Affinity
/Record/Section/1/Section/7/Description,string,"Electron affinity refers to the energy released when an additional electron is attached to a neutral atom to form a singly charged negative ion.  Alternatively, it can also be defined as the energy required to detach an electron from the singly charged negative ion."
/Record/Section/1/Section/7/URL,string,https://chem.libretexts.org/Bookshelves/Physical_and_Theoretical_Chemistry_Textbook_Maps/Supplemental_Modules_(Physical_and_Theoretical_Chemistry)/Physical_Properties_of_Matter/Atomic_and_Molecular_Properties/Electron_Affinity
/Record/Section/1/Section/7/Information/0/ReferenceNumber,number,9
/Record/Section/1/Section/7/Information/0/Reference/0,string,"R.T Myers, J. Chem. Edu., 1990, 67(4), 307. DOI:10.1021/ed067p307"
/Record/Section/1/Section/7/Information/0/ExtendedReference/0/Citation,string,"R.T Myers, J. Chem. Edu., 1990, 67(4), 307. DOI:10.1021/ed067p307"
/Record/Section/1/Section/7/Information/0/Value/Number/0,number,0.5
/Record/Section/1/Section/7/Information/0/Value/Unit,string,eV
/Record/Section/1/Section/8/TOCHeading,string,Atomic Spectra
/Record/Section/1/Section/8/Description,string,The spectrum of the electromagnetic radiation emitted or absorbed by an electron during transitions between different energy levels within an atom.
/Record/Section/1/Section/8/Information/0/ReferenceNumber,number,7
/Record/Section/1/Section/8/Information/0/URL,string,https://physics.nist.gov/cgi-bin/ASD/lines_hold.pl?el=Ce
/Record/Section/1/Section/8/Information/0/Value/StringWithMarkup/0/String,string,Lines Holdings
/Record/Section/1/Section/8/Information/1/ReferenceNumber,number,7
/Record/Section/1/Section/8/Information/1/URL,string,https://physics.nist.gov/cgi-bin/ASD/levels_hold.pl?el=Ce
/Record/Section/1/Section/8/Information/1/Value/StringWithMarkup/0/String,string,Levels Holdings
/Record/Section/1/Section/9/TOCHeading,string,Physical Description
/Record/Section/1/Section/9/Description,string,"The appearance or features of this element, including color, odor, state, taste and more in general."
/Record/Section/1/Section/9/Information/0/ReferenceNumber,number,5
/Record/Section/1/Section/9/Information/0/Value/StringWithMarkup/0/String,string,Solid
/Record/Section/1/Section/10/TOCHeading,string,Element Classification
/Record/Section/1/Section/10/Description,string,"Classification according to the element's chemical and physical properties, and location within the periodic table."
/Record/Section/1/Section/10/Information/0/ReferenceNumber,number,5
/Record/Section/1/Section/10/Information/0/Value/StringWithMarkup/0/String,string,Metal
/Record/Section/1/Section/11/TOCHeading,string,Element Period Number
/Record/Section/1/Section/11/Description,string,The element period number refers to a horizontal row of the periodic table. The periodic table has 7 periods.
/Record/Section/1/Section/11/Information/0/ReferenceNumber,number,5
/Record/Section/1/Section/11/Information/0/Value/StringWithMarkup/0/String,string,6
/Record/Section/1/Section/12/TOCHeading,string,Element Group Number
/Record/Section/1/Section/12/Description,string,Element group refers to a set of chemical elements in the same vertical column of the periodic table
/Record/Section/1/Section/12/Information/0/ReferenceNumber,number,5
/Record/Section/1/Section/12/Information/0/Value/StringWithMarkup/0/String,string,- Lanthanide
/Record/Section/1/Section/13/TOCHeading,string,Density
/Record/Section/1/Section/13/Description,string,This section provides information on the density of an element. It is the mass of a unit volume of the element and commonly expressed in units of kg/m3 or g/cm3.
/Record/Section/1/Section/13/URL,string,https://chem.libretexts.org/Bookshelves/Introductory_Chemistry/Map%3A_Fundamentals_of_General_Organic_and_Biological_Chemistry_(McMurry_et_al.)/01%3A_Matter_and_Measurements/1.12%3A_Density_and_Specific_Gravity
/Record/Section/1/Section/13/Information/0/ReferenceNumber,number,5
/Record/Section/1/Section/13/Information/0/Value/StringWithMarkup/0/String,string,6.770 grams per cubic centimeter
/Record/Section/1/Section/14/TOCHeading,string,Melting Point
/Record/Section/1/Section/14/Description,string,"This section provides the melting point and/or freezing point. The melting point is the temperature at which a substance changes state from solid to liquid at atmospheric pressure. When considered as the temperature of the reverse change (from liquid to solid), it is referred to as the freezing point."
/Record/Section/1/Section/14/URL,string,https://chem.libretexts.org/Bookshelves/Organic_Chemistry/Organic_Chemistry_Lab_Techniques_(Nichols)/06%3A_Miscellaneous_Techniques/6.01%3A_Melting_Point
/Record/Section/1/Section/14/Information/0/ReferenceNumber,number,5
/Record/Section/1/Section/14/Information/0/Value/StringWithMarkup/0/String,string,1071 K (798°C or 1468°F)
/Record/Section/1/Section/14/Information/1/ReferenceNumber,number,6
/Record/Section/1/Section/14/Information/1/Value/StringWithMarkup/0/String,string,795°C
/Record/Section/1/Section/15/TOCHeading,string,Boiling Point
/Record/Section/1/Section/15/Description,string,The temperature at which this element changes state from liquid to gas at a given atmospheric pressure.
/Record/Section/1/Section/15/URL,string,https://chem.libretexts.org/Bookshelves/Organic_Chemistry/Organic_Chemistry_Lab_Techniques_(Nichols)/06%3A_Miscellaneous_Techniques/6.02%3A_Boiling_Point
/Record/Section/1/Section/15/Information/0/ReferenceNumber,number,5
/Record/Section/1/Section/15/Information/0/Value/StringWithMarkup/0/String,string,3697 K (3424°C or 6195°F)
/Record/Section/1/Section/15/Information/1/ReferenceNumber,number,6
/Record/Section/1/Section/15/Information/1/Value/StringWithMarkup/0/String,string,3443°C
/Record/Section/1/Section/16/TOCHeading,string,Estimated Crustal Abundance
/Record/Section/1/Section/16/Description,string,The estimated element abundance in the earth's crust.
/Record/Section/1/Section/16/Information/0/ReferenceNumber,number,5
/Record/Section/1/Section/16/Information/0/Value/StringWithMarkup/0/String,string,6.65×101 milligrams per kilogram
/Record/Section/1/Section/16/Information/0/Value/StringWithMarkup/0/Markup/0/Start,number,7
/Record/Section/1/Section/16/Information/0/Value/StringWithMarkup/0/Markup/0/Length,number,1
/Record/Section/1/Section/16/Information/0/Value/StringWithMarkup/0/Markup/0/Type,string,Superscript
/Record/Section/1/Section/17/TOCHeading,string,Estimated Oceanic Abundance
/Record/Section/1/Section/17/Description,string,The estimated element abundance in the earth's oceans.
/Record/Section/1/Section/17/Information/0/ReferenceNumber,number,5
/Record/Section/1/Section/17/Information/0/Value/StringWithMarkup/0/String,string,1.2×10-6 milligrams per liter
/Record/Section/1/Section/17/Information/0/Value/StringWithMarkup/0/Markup/0/Start,number,6
/Record/Section/1/Section/17/Information/0/Value/StringWithMarkup/0/Markup/0/Length,number,2
/Record/Section/1/Section/17/Information/0/Value/StringWithMarkup/0/Markup/0/Type,string,Superscript
/Record/Section/2/TOCHeading,string,History
/Record/Section/2/Description,string,The history of the discovery and use of this element.
/Record/Section/2/Information/0/ReferenceNumber,number,3
/Record/Section/2/Information/0/Name,string,History
/Record/Section/2/Information/0/Value/StringWithMarkup/0/String,string,"The name derives from the planetoid Ceres, which was discovered by the Italian astronomer Giuseppe Piazzi in 1801 and named for Ceres, the Roman goddess of agriculture and harvest. Two years later, the element cerium was discovered by the German chemist Martin-Heinrich Klaproth, who called it ochroeite earth because of its yellow colour."
/Record/Section/2/Information/0/Value/StringWithMarkup/1/String,string,"Cerium was independently discovered at the same time by the Swedish chemist Jöns Jacob Berzelius and the Swedish mineralogist Wilhelm von Hisinger, who called it ceria. It was first isolated in 1875 by the American mineralogist and chemist William Frances Hillebrand and the American chemist Thomas H. Norton."
/Record/Section/2/Information/1/ReferenceNumber,number,5
/Record/Section/2/Information/1/Value/StringWithMarkup/0/String,string,"Cerium was discovered by Jöns Jacob Berzelius and Wilhelm von Hisinger, Swedish chemists, and independently by Martin Heinrich Klaproth, a German chemist, in 1803. Cerium is the most abundant of the rare earth elements and makes up about 0.0046% of the earth's crust. Today, cerium is primarily obtained through an ion exchange process from monazite sand ((Ce, La, Th, Nd, Y)PO4), a material rich in rare earth elements."
/Record/Section/2/Information/1/Value/StringWithMarkup/0/Markup/0/Start,number,377
/Record/Section/2/Information/1/Value/StringWithMarkup/0/Markup/0/Length,number,1
/Record/Section/2/Information/1/Value/StringWithMarkup/0/Markup/0/Type,string,Subscript
/Record/Section/2/Information/2/ReferenceNumber,number,6
/Record/Section/2/Information/2/Value/StringWithMarkup/0/String,string,"Cerium was named for the asteroid Ceres, which was discovered in 1801. The element was discovered two years later in 1803 by Klaproth and by Berzelius and Hisinger. In 1875 Hillebrand and Norton prepared the metal."
/Record/Section/2/Section/0/TOCHeading,string,Historical Atomic Weights
/Record/Section/2/Section/0/Description,string,This section provides the historical atomic weights. The atomic weight shown in brackets means the value range while others shown with uncertainty in parenthesis.
/Record/Section/2/Section/0/DisplayControls/CreateTable/FromInformationIn,string,ThisSection
/Record/Section/2/Section/0/DisplayControls/CreateTable/NumberOfColumns,number,3
/Record/Section/2/Section/0/DisplayControls/CreateTable/ColumnsFromNamedLists/Name/0,string,Year
/Record/Section/2/Section/0/DisplayControls/CreateTable/ColumnsFromNamedLists/Name/1,string,Atomic Weight (uncertainty) [u]
/Record/Section/2/Section/0/DisplayControls/CreateTable/ColumnsFromNamedLists/Name/2,string,Reference
/Record/Section/2/Section/0/DisplayControls/CreateTable/ColumnsFromNamedLists/UseNamesAsColumnHeadings,boolean,true
/Record/Section/2/Section/0/Information/0/ReferenceNumber,number,3
/Record/Section/2/Section/0/Information/0/Name,string,Year
/Record/Section/2/Section/0/Information/0/Value/StringWithMarkup/0/String,string,1995
/Record/Section/2/Section/0/Information/0/Value/StringWithMarkup/1/String,string,1985
/Record/Section/2/Section/0/Information/0/Value/StringWithMarkup/2/String,string,1969
/Record/Section/2/Section/0/Information/0/Value/StringWithMarkup/3/String,string,1961
/Record/Section/2/Section/0/Information/0/Value/StringWithMarkup/4/String,string,1931
/Record/Section/2/Section/0/Information/0/Value/StringWithMarkup/5/String,string,1904
/Record/Section/2/Section/0/Information/0/Value/StringWithMarkup/6/String,string,1902
/Record/Section/2/Section/0/Information/1/ReferenceNumber,number,3
/Record/Section/2/Section/0/Information/1/Name,string,Atomic Weight (uncertainty)
/Record/Section/2/Section/0/Information/1/Value/StringWithMarkup/0/String,string,140.116(1)
/Record/Section/2/Section/0/Information/1/Value/StringWithMarkup/1/String,string,140.115(4)
/Record/Section/2/Section/0/Information/1/Value/StringWithMarkup/2/String,string,140.12(1)
/Record/Section/2/Section/0/Information/1/Value/StringWithMarkup/3/String,string,140.12
/Record/Section/2/Section/0/Information/1/Value/StringWithMarkup/4/String,string,140.13
/Record/Section/2/Section/0/Information/1/Value/StringWithMarkup/5/String,string,140.25
/Record/Section/2/Section/0/Information/1/Value/StringWithMarkup/6/String,string,140
/Record/Section/2/Section/0/Information/2/ReferenceNumber,number,3
/Record/Section/2/Section/0/Information/2/Name,string,Reference
/Record/Section/2/Section/0/Information/2/Value/StringWithMarkup/0/String,string,doi:10.1351/pac199668122339
/Record/Section/2/Section/0/Information/2/Value/StringWithMarkup/0/Markup/0/Start,number,0
/Record/Section/2/Section/0/Information/2/Value/StringWithMarkup/0/Markup/0/Length,number,27
/Record/Section/2/Section/0/Information/2/Value/StringWithMarkup/0/Markup/0/URL,string,https://doi.org/10.1351/pac199668122339
/Record/Section/2/Section/0/Information/2/Value/StringWithMarkup/1/String,string,doi:10.1351/pac198658121677
/Record/Section/2/Section/0/Information/2/Value/StringWithMarkup/1/Markup/0/Start,number,0
/Record/Section/2/Section/0/Information/2/Value/StringWithMarkup/1/Markup/0/Length,number,27
/Record/Section/2/Section/0/Information/2/Value/StringWithMarkup/1/Markup/0/URL,string,https://doi.org/10.1351/pac198658121677
/Record/Section/2/Section/0/Information/2/Value/StringWithMarkup/2/String,string,doi:10.1351/pac197021010091
/Record/Section/2/Section/0/Information/2/Value/StringWithMarkup/2/Markup/0/Start,number,0
/Record/Section/2/Section/0/Information/2/Value/StringWithMarkup/2/Markup/0/Length,number,27
/Record/Section/2/Section/0/Information/2/Value/StringWithMarkup/2/Markup/0/URL,string,https://doi.org/10.1351/pac197021010091
/Record/Section/2/Section/0/Information/2/Value/StringWithMarkup/3/String,string,doi:10.1021/ja00881a001
/Record/Section/2/Section/0/Information/2/Value/StringWithMarkup/3/Markup/0/Start,number,0
/Record/Section/2/Section/0/Information/2/Value/StringWithMarkup/3/Markup/0/Length,number,23
/Record/Section/2/Section/0/Information/2/Value/StringWithMarkup/3/Markup/0/URL,string,https://doi.org/10.1021/ja00881a001
/Record/Section/2/Section/0/Information/2/Value/StringWithMarkup/4/String,string,doi:10.1039/JR9310001617
/Record/Section/2/Section/0/Information/2/Value/StringWithMarkup/4/Markup/0/Start,number,0
/Record/Section/2/Section/0/Information/2/Value/StringWithMarkup/4/Markup/0/Length,number,24
/Record/Section/2/Section/0/Information/2/Value/StringWithMarkup/4/Markup/0/URL,string,https://doi.org/10.1039/JR9310001617
/Record/Section/2/Section/0/Information/2/Value/StringWithMarkup/5/String,string,doi:10.1021/ja01991a001
/Record/Section/2/Section/0/Information/2/Value/StringWithMarkup/5/Markup/0/Start,number,0
/Record/Section/2/Section/0/Information/2/Value/StringWithMarkup/5/Markup/0/Length,number,23
/Record/Section/2/Section/0/Information/2/Value/StringWithMarkup/5/Markup/0/URL,string,https://doi.org/10.1021/ja01991a001
/Record/Section/2/Section/0/Information/2/Value/StringWithMarkup/6/String,string,doi:10.1007/BF01370337
/Record/Section/2/Section/0/Information/2/Value/StringWithMarkup/6/Markup/0/Start,number,0
/Record/Section/2/Section/0/Information/2/Value/StringWithMarkup/6/Markup/0/Length,number,22
/Record/Section/2/Section/0/Information/2/Value/StringWithMarkup/6/Markup/0/URL,string,https://doi.org/10.1007/BF01370337
/Record/Section/2/Section/1/TOCHeading,string,Historical Isotopic Abundances
/Record/Section/2/Section/1/Description,string,This section provides the historical isotopic abundance information. The abundance value shown in brackets means the value range while others shown with uncertainty in parenthesis.
/Record/Section/2/Section/1/DisplayControls/CreateTable/FromInformationIn,string,ThisSection
/Record/Section/2/Section/1/DisplayControls/CreateTable/NumberOfColumns,number,4
/Record/Section/2/Section/1/DisplayControls/CreateTable/ColumnsFromNamedLists/Name/0,string,Year
/Record/Section/2/Section/1/DisplayControls/CreateTable/ColumnsFromNamedLists/Name/1,string,Isotope
/Record/Section/2/Section/1/DisplayControls/CreateTable/ColumnsFromNamedLists/Name/2,string,Abundance (uncertainty)
/Record/Section/2/Section/1/DisplayControls/CreateTable/ColumnsFromNamedLists/Name/3,string,Reference
/Record/Section/2/Section/1/DisplayControls/CreateTable/ColumnsFromNamedLists/UseNamesAsColumnHeadings,boolean,true
/Record/Section/2/Section/1/Information/0/ReferenceNumber,number,3
/Record/Section/2/Section/1/Information/0/Name,string,Year
/Record/Section/2/Section/1/Information/0/Value/StringWithMarkup/0/String,string,1997
/Record/Section/2/Section/1/Information/0/Value/StringWithMarkup/1/String,string,1997
/Record/Section/2/Section/1/Information/0/Value/StringWithMarkup/2/String,string,1997
/Record/Section/2/Section/1/Information/0/Value/StringWithMarkup/3/String,string,1997
/Record/Section/2/Section/1/Information/0/Value/StringWithMarkup/4/String,string,1979
/Record/Section/2/Section/1/Information/0/Value/StringWithMarkup/5/String,string,1979
/Record/Section/2/Section/1/Information/0/Value/StringWithMarkup/6/String,string,1979
/Record/Section/2/Section/1/Information/0/Value/StringWithMarkup/7/String,string,1979
/Record/Section/2/Section/1/Information/0/Value/StringWithMarkup/8/String,string,1975
/Record/Section/2/Section/1/Information/0/Value/StringWithMarkup/9/String,string,1975
/Record/Section/2/Section/1/Information/0/Value/StringWithMarkup/10/String,string,1975
/Record/Section/2/Section/1/Information/0/Value/StringWithMarkup/11/String,string,1975
/Record/Section/2/Section/1/Information/1/ReferenceNumber,number,3
/Record/Section/2/Section/1/Information/1/Name,string,Isotope
/Record/Section/2/Section/1/Information/1/Value/StringWithMarkup/0/String,string,136Ce
/Record/Section/2/Section/1/Information/1/Value/StringWithMarkup/0/Markup/0/Start,number,0
/Record/Section/2/Section/1/Information/1/Value/StringWithMarkup/0/Markup/0/Length,number,3
/Record/Section/2/Section/1/Information/1/Value/StringWithMarkup/0/Markup/0/Type,string,Superscript
/Record/Section/2/Section/1/Information/1/Value/StringWithMarkup/1/String,string,138Ce
/Record/Section/2/Section/1/Information/1/Value/StringWithMarkup/1/Markup/0/Start,number,0
/Record/Section/2/Section/1/Information/1/Value/StringWithMarkup/1/Markup/0/Length,number,3
/Record/Section/2/Section/1/Information/1/Value/StringWithMarkup/1/Markup/0/Type,string,Superscript
/Record/Section/2/Section/1/Information/1/Value/StringWithMarkup/2/String,string,140Ce
/Record/Section/2/Section/1/Information/1/Value/StringWithMarkup/2/Markup/0/Start,number,0
/Record/Section/2/Section/1/Information/1/Value/StringWithMarkup/2/Markup/0/Length,number,3
/Record/Section/2/Section/1/Information/1/Value/StringWithMarkup/2/Markup/0/Type,string,Superscript
/Record/Section/2/Section/1/Information/1/Value/StringWithMarkup/3/String,string,142Ce
/Record/Section/2/Section/1/Information/1/Value/StringWithMarkup/3/Markup/0/Start,number,0
/Record/Section/2/Section/1/Information/1/Value/StringWithMarkup/3/Markup/0/Length,number,3
/Record/Section/2/Section/1/Information/1/Value/StringWithMarkup/3/Markup/0/Type,string,Superscript
/Record/Section/2/Section/1/Information/1/Value/StringWithMarkup/4/String,string,136Ce
/Record/Section/2/Section/1/Information/1/Value/StringWithMarkup/4/Markup/0/Start,number,0
/Record/Section/2/Section/1/Information/1/Value/StringWithMarkup/4/Markup/0/Length,number,3
/Record/Section/2/Section/1/Information/1/Value/StringWithMarkup/4/Markup/0/Type,string,Superscript
/Record/Section/2/Section/1/Information/1/Value/StringWithMarkup/5/String,string,138Ce
/Record/Section/2/Section/1/Information/1/Value/StringWithMarkup/5/Markup/0/Start,number,0
/Record/Section/2/Section/1/Information/1/Value/StringWithMarkup/5/Markup/0/Length,number,3
/Record/Section/2/Section/1/Information/1/Value/StringWithMarkup/5/Markup/0/Type,string,Superscript
/Record/Section/2/Section/1/Information/1/Value/StringWithMarkup/6/String,string,140Ce
/Record/Section/2/Section/1/Information/1/Value/StringWithMarkup/6/Markup/0/Start,number,0
/Record/Section/2/Section/1/Information/1/Value/StringWithMarkup/6/Markup/0/Length,number,3
/Record/Section/2/Section/1/Information/1/Value/StringWithMarkup/6/Markup/0/Type,string,Superscript
/Record/Section/2/Section/1/Information/1/Value/StringWithMarkup/7/String,string,142Ce
/Record/Section/2/Section/1/Information/1/Value/StringWithMarkup/7/Markup/0/Start,number,0
/Record/Section/2/Section/1/Information/1/Value/StringWithMarkup/7/Markup/0/Length,number,3
/Record/Section/2/Section/1/Information/1/Value/StringWithMarkup/7/Markup/0/Type,string,Superscript
/Record/Section/2/Section/1/Information/1/Value/StringWithMarkup/8/String,string,136Ce
/Record/Section/2/Section/1/Information/1/Value/StringWithMarkup/8/Markup/0/Start,number,0
/Record/Section/2/Section/1/Information/1/Value/StringWithMarkup/8/Markup/0/Length,number,3
/Record/Section/2/Section/1/Information/1/Value/StringWithMarkup/8/Markup/0/Type,string,Superscript
/Record/Section/2/Section/1/Information/1/Value/StringWithMarkup/9/String,string,138Ce
/Record/Section/2/Section/1/Information/1/Value/StringWithMarkup/9/Markup/0/Start,number,0
/Record/Section/2/Section/1/Information/1/Value/StringWithMarkup/9/Markup/0/Length,number,3
/Record/Section/2/Section/1/Information/1/Value/StringWithMarkup/9/Markup/0/Type,string,Superscript
/Record/Section/2/Section/1/Information/1/Value/StringWithMarkup/10/String,string,140Ce
/Record/Section/2/Section/1/Information/1/Value/StringWithMarkup/10/Markup/0/Start,number,0
/Record/Section/2/Section/1/Information/1/Value/StringWithMarkup/10/Markup/0/Length,number,3
/Record/Section/2/Section/1/Information/1/Value/StringWithMarkup/10/Markup/0/Type,string,Superscript
/Record/Section/2/Section/1/Information/1/Value/StringWithMarkup/11/String,string,142Ce
/Record/Section/2/Section/1/Information/1/Value/StringWithMarkup/11/Markup/0/Start,number,0
/Record/Section/2/Section/1/Information/1/Value/StringWithMarkup/11/Markup/0/Length,number,3
/Record/Section/2/Section/1/Information/1/Value/StringWithMarkup/11/Markup/0/Type,string,Superscript
/Record/Section/2/Section/1/Information/2/ReferenceNumber,number,3
/Record/Section/2/Section/1/Information/2/Name,string,Abundance (uncertainty)
/Record/Section/2/Section/1/Information/2/Value/StringWithMarkup/0/String,string,0.001 85(2)
/Record/Section/2/Section/1/Information/2/Value/StringWithMarkup/1/String,string,0.002 51(2)
/Record/Section/2/Section/1/Information/2/Value/StringWithMarkup/2/String,string,0.884 50(51)
/Record/Section/2/Section/1/Information/2/Value/StringWithMarkup/3/String,string,0.111 14(51)
/Record/Section/2/Section/1/Information/2/Value/StringWithMarkup/4/String,string,0.0019(1)
/Record/Section/2/Section/1/Information/2/Value/StringWithMarkup/5/String,string,0.0025(1)
/Record/Section/2/Section/1/Information/2/Value/StringWithMarkup/6/String,string,0.8848(10)
/Record/Section/2/Section/1/Information/2/Value/StringWithMarkup/7/String,string,0.1108(10)
/Record/Section/2/Section/1/Information/2/Value/StringWithMarkup/8/String,string,0.002
/Record/Section/2/Section/1/Information/2/Value/StringWithMarkup/9/String,string,0.003
/Record/Section/2/Section/1/Information/2/Value/StringWithMarkup/10/String,string,0.884
/Record/Section/2/Section/1/Information/2/Value/StringWithMarkup/11/String,string,0.111
/Record/Section/2/Section/1/Information/3/ReferenceNumber,number,3
/Record/Section/2/Section/1/Information/3/Name,string,Reference
/Record/Section/2/Section/1/Information/3/Value/StringWithMarkup/0/String,string,doi:10.1351/pac199870010217
/Record/Section/2/Section/1/Information/3/Value/StringWithMarkup/0/Markup/0/Start,number,0
/Record/Section/2/Section/1/Information/3/Value/StringWithMarkup/0/Markup/0/Length,number,27
/Record/Section/2/Section/1/Information/3/Value/StringWithMarkup/0/Markup/0/URL,string,https://doi.org/10.1351/pac199870010217
/Record/Section/2/Section/1/Information/3/Value/StringWithMarkup/1/String,string,doi:10.1351/pac199870010217
/Record/Section/2/Section/1/Information/3/Value/StringWithMarkup/1/Markup/0/Start,number,0
/Record/Section/2/Section/1/Information/3/Value/StringWithMarkup/1/Markup/0/Length,number,27
/Record/Section/2/Section/1/Information/3/Value/StringWithMarkup/1/Markup/0/URL,string,https://doi.org/10.1351/pac199870010217
/Record/Section/2/Section/1/Information/3/Value/StringWithMarkup/2/String,string,doi:10.1351/pac199870010217
/Record/Section/2/Section/1/Information/3/Value/StringWithMarkup/2/Markup/0/Start,number,0
/Record/Section/2/Section/1/Information/3/Value/StringWithMarkup/2/Markup/0/Length,number,27
/Record/Section/2/Section/1/Information/3/Value/StringWithMarkup/2/Markup/0/URL,string,https://doi.org/10.1351/pac199870010217
/Record/Section/2/Section/1/Information/3/Value/StringWithMarkup/3/String,string,doi:10.1351/pac199870010217
/Record/Section/2/Section/1/Information/3/Value/StringWithMarkup/3/Markup/0/Start,number,0
/Record/Section/2/Section/1/Information/3/Value/StringWithMarkup/3/Markup/0/Length,number,27
/Record/Section/2/Section/1/Information/3/Value/StringWithMarkup/3/Markup/0/URL,string,https://doi.org/10.1351/pac199870010217
/Record/Section/2/Section/1/Information/3/Value/StringWithMarkup/4/String,string,doi:10.1351/pac198052102349
/Record/Section/2/Section/1/Information/3/Value/StringWithMarkup/4/Markup/0/Start,number,0
/Record/Section/2/Section/1/Information/3/Value/StringWithMarkup/4/Markup/0/Length,number,27
/Record/Section/2/Section/1/Information/3/Value/StringWithMarkup/4/Markup/0/URL,string,https://doi.org/10.1351/pac198052102349
/Record/Section/2/Section/1/Information/3/Value/StringWithMarkup/5/String,string,doi:10.1351/pac198052102349
/Record/Section/2/Section/1/Information/3/Value/StringWithMarkup/5/Markup/0/Start,number,0
/Record/Section/2/Section/1/Information/3/Value/StringWithMarkup/5/Markup/0/Length,number,27
/Record/Section/2/Section/1/Information/3/Value/StringWithMarkup/5/Markup/0/URL,string,https://doi.org/10.1351/pac198052102349
/Record/Section/2/Section/1/Information/3/Value/StringWithMarkup/6/String,string,doi:10.1351/pac198052102349
/Record/Section/2/Section/1/Information/3/Value/StringWithMarkup/6/Markup/0/Start,number,0
/Record/Section/2/Section/1/Information/3/Value/StringWithMarkup/6/Markup/0/Length,number,27
/Record/Section/2/Section/1/Information/3/Value/StringWithMarkup/6/Markup/0/URL,string,https://doi.org/10.1351/pac198052102349
/Record/Section/2/Section/1/Information/3/Value/StringWithMarkup/7/String,string,doi:10.1351/pac198052102349
/Record/Section/2/Section/1/Information/3/Value/StringWithMarkup/7/Markup/0/Start,number,0
/Record/Section/2/Section/1/Information/3/Value/StringWithMarkup/7/Markup/0/Length,number,27
/Record/Section/2/Section/1/Information/3/Value/StringWithMarkup/7/Markup/0/URL,string,https://doi.org/10.1351/pac198052102349
/Record/Section/2/Section/1/Information/3/Value/StringWithMarkup/8/String,string,doi:10.1351/pac197647010075
/Record/Section/2/Section/1/Information/3/Value/StringWithMarkup/8/Markup/0/Start,number,0
/Record/Section/2/Section/1/Information/3/Value/StringWithMarkup/8/Markup/0/Length,number,27
/Record/Section/2/Section/1/Information/3/Value/StringWithMarkup/8/Markup/0/URL,string,https://doi.org/10.1351/pac197647010075
/Record/Section/2/Section/1/Information/3/Value/StringWithMarkup/9/String,string,doi:10.1351/pac197647010075
/Record/Section/2/Section/1/Information/3/Value/StringWithMarkup/9/Markup/0/Start,number,0
/Record/Section/2/Section/1/Information/3/Value/StringWithMarkup/9/Markup/0/Length,number,27
/Record/Section/2/Section/1/Information/3/Value/StringWithMarkup/9/Markup/0/URL,string,https://doi.org/10.1351/pac197647010075
/Record/Section/2/Section/1/Information/3/Value/StringWithMarkup/10/String,string,doi:10.1351/pac197647010075
/Record/Section/2/Section/1/Information/3/Value/StringWithMarkup/10/Markup/0/Start,number,0
/Record/Section/2/Section/1/Information/3/Value/StringWithMarkup/10/Markup/0/Length,number,27
/Record/Section/2/Section/1/Information/3/Value/StringWithMarkup/10/Markup/0/URL,string,https://doi.org/10.1351/pac197647010075
/Record/Section/2/Section/1/Information/3/Value/StringWithMarkup/11/String,string,doi:10.1351/pac197647010075
/Record/Section/2/Section/1/Information/3/Value/StringWithMarkup/11/Markup/0/Start,number,0
/Record/Section/2/Section/1/Information/3/Value/StringWithMarkup/11/Markup/0/Length,number,27
/Record/Section/2/Section/1/Information/3/Value/StringWithMarkup/11/Markup/0/URL,string,https://doi.org/10.1351/pac197647010075
/Record/Section/3/TOCHeading,string,Description
/Record/Section/3/Description,string,"A short description of this element, provided by authoritative sources."
/Record/Section/3/Information/0/ReferenceNumber,number,6
/Record/Section/3/Information/0/Value/StringWithMarkup/0/String,string,"Cerium is especially interesting because of its variable electronic structure. The energy of the inner 4f level is nearly the same as that of the outer (valence) electrons, and only small amounts of energy are required to change the relative occupancy of these electronic levels. This gives rise to dual valency states."
/Record/Section/3/Information/0/Value/StringWithMarkup/1/String,string,"For example, a volume change of about 10 percent occurs when cerium is subjected to high pressures or low temperatures. Cesium's valence appears to change from about 3 to 4 when it is cooled or compressed. The low temperature behavior of cerium is complex."
/Record/Section/3/Information/0/Value/StringWithMarkup/2/String,string,"Cerium is an iron-gray lustrous metal. It is malleable, and oxidizes very readily at room temperature, especially in moist air. Except for europium, cerium is the most reactive of the rare-earth metals. It decomposes slowly in cold water and rapidly in hot water."
/Record/Section/3/Information/0/Value/StringWithMarkup/3/String,string,Alkali solutions and dilute and concentrated acids attack the metal rapidly. The pure metal is likely to ignite if scratched with a knife.
/Record/Section/3/Information/0/Value/StringWithMarkup/4/String,string,Ceric slats are orange red or yellowish; cerous salts are usually white.
/Record/Section/4/TOCHeading,string,Uses
/Record/Section/4/Description,string,Uses of this element in industry and other fields.
/Record/Section/4/Information/0/ReferenceNumber,number,5
/Record/Section/4/Information/0/Value/StringWithMarkup/0/String,string,"Pure cerium will ignite if it is scratched with a sharp object, but can be safely used if combined with other materials. Cerium is one of the rare earth elements used to make carbon arc lights which are used in the motion picture industry for studio lighting and projector lights. Cerium is also a component of Misch metal, a material that is used to make flints for lighters. Cerium is also used as a catalyst to refine petroleum and as an alloying agent to make special metals."
/Record/Section/4/Information/0/Value/StringWithMarkup/1/String,string,Cerium oxide (Ce2O3 and CeO2) is a component of the walls of self cleaning ovens and of incandescent lantern mantles. Cerium oxide is also used to polish glass surfaces. Ceric sulfate (Ce(So4)2) is used in some chemical analysis processes. Other cerium compounds are used to make some types of glass as well as to remove color from glass.
/Record/Section/4/Information/0/Value/StringWithMarkup/1/Markup/0/Start,number,16
/Record/Section/4/Information/0/Value/StringWithMarkup/1/Markup/0/Length,number,1
/Record/Section/4/Information/0/Value/StringWithMarkup/1/Markup/0/Type,string,Subscript
/Record/Section/4/Information/0/Value/StringWithMarkup/1/Markup/1/Start,number,18
/Record/Section/4/Information/0/Value/StringWithMarkup/1/Markup/1/Length,number,1
/Record/Section/4/Information/0/Value/StringWithMarkup/1/Markup/1/Type,string,Subscript
/Record/Section/4/Information/0/Value/StringWithMarkup/1/Markup/2/Start,number,27
/Record/Section/4/Information/0/Value/StringWithMarkup/1/Markup/2/Length,number,1
/Record/Section/4/Information/0/Value/StringWithMarkup/1/Markup/2/Type,string,Subscript
/Record/Section/4/Information/0/Value/StringWithMarkup/1/Markup/3/Start,number,190
/Record/Section/4/Information/0/Value/StringWithMarkup/1/Markup/3/Length,number,1
/Record/Section/4/Information/0/Value/StringWithMarkup/1/Markup/3/Type,string,Subscript
/Record/Section/4/Information/0/Value/StringWithMarkup/1/Markup/4/Start,number,192
/Record/Section/4/Information/0/Value/StringWithMarkup/1/Markup/4/Length,number,1
/Record/Section/4/Information/0/Value/StringWithMarkup/1/Markup/4/Type,string,Subscript
/Record/Section/4/Information/1/ReferenceNumber,number,6
/Record/Section/4/Information/1/Value/StringWithMarkup/0/String,string,"Cerium is a component of misch metal, which is extensively used in the manufacture of pyrophoric alloys for cigarette lighters. While cerium is not radioactive, the impure commercial grade may contain traces of thorium, which is radioactive. The oxide is an important constituent of incandescent gas mantles and is emerging as a hydrocarbon catalyst in self cleaning ovens where it can be incorporated into oven walls to prevent the collection of cooking residues."
/Record/Section/4/Information/1/Value/StringWithMarkup/1/String,string,"As ceric sulfate is used extensively as a volumetric oxidizing agent in quantitative analysis. Cerium compounds are used in the manufacture of glass, both as a component and as a decolorizer."
/Record/Section/4/Information/1/Value/StringWithMarkup/2/String,string,"The oxide is finding increased use as a glass polishing agent instead of rouge, for it polishes much faster than rouge. Cerium, with other rare earths, is used in carbon-arc lighting, especially in the motion picture industry. It is also useful as a catalyst in petroleum refining and in metallurgical and nuclear applications."
/Record/Section/5/TOCHeading,string,Sources
/Record/Section/5/Description,string,Sources of this element.
/Record/Section/5/Information/0/ReferenceNumber,number,6
/Record/Section/5/Information/0/Value/StringWithMarkup/0/String,string,"Cerium is the most abundant so-called rare-earth metals. It is found in a number of minerals including allanite (also known as orthite), monazite, bastnasite, cerite, and samarskite. Monazite and bastnasite are presently the more important sources of cerium."
/Record/Section/5/Information/0/Value/StringWithMarkup/1/String,string,"Large deposits of monazite (found on the beaches of Travancore, India and in river sands in Brazil), allanite (in the western United States), and bastnasite (in Southern California) will supply cerium, thorium, and the other rare-earth metals for many years to come."
/Record/Section/5/Information/0/Value/StringWithMarkup/2/String,string,"Metallic cerium is prepared by metallothermic reduction techniques, such as reducing cerous fluoride with calcium, or using electrolysis of molten cerous chloride or others processes. The metallothermic technique produces high-purity cerium."
/Record/Section/6/TOCHeading,string,Compounds
/Record/Section/6/Description,string,Compound records related to this element.
/Record/Section/6/Information/0/ReferenceNumber,number,8
/Record/Section/6/Information/0/Name,string,Compounds
/Record/Section/6/Information/0/URL,string,https://pubchem.ncbi.nlm.nih.gov/#query=Cerium
/Record/Section/6/Information/0/Value/StringWithMarkup/0/String,string,See more information at the Cerium compound page.
/Record/Section/6/Section/0/TOCHeading,string,Element Forms
/Record/Section/6/Section/0/Description,string,"Other forms of this element, including ions, isotopes, etc."
/Record/Section/6/Section/0/DisplayControls/CreateTable/FromInformationIn,string,ThisSection
/Record/Section/6/Section/0/DisplayControls/CreateTable/NumberOfColumns,number,5
/Record/Section/6/Section/0/DisplayControls/CreateTable/ColumnsFromNamedLists/Name/0,string,CID
/Record/Section/6/Section/0/DisplayControls/CreateTable/ColumnsFromNamedLists/Name/1,string,Name
/Record/Section/6/Section/0/DisplayControls/CreateTable/ColumnsFromNamedLists/Name/2,string,Formula
/Record/Section/6/Section/0/DisplayControls/CreateTable/ColumnsFromNamedLists/Name/3,string,SMILES
/Record/Section/6/Section/0/DisplayControls/CreateTable/ColumnsFromNamedLists/Name/4,string,Molecular Weight
/Record/Section/6/Section/0/DisplayControls/CreateTable/ColumnsFromNamedLists/UseNamesAsColumnHeadings,boolean,true
/Record/Section/6/Section/0/Information/0/ReferenceNumber,number,8
/Record/Section/6/Section/0/Information/0/Name,string,CID
/Record/Section/6/Section/0/Information/0/Value/StringWithMarkup/0/String,string,23974
/Record/Section/6/Section/0/Information/0/Value/StringWithMarkup/0/Markup/0/Start,number,0
/Record/Section/6/Section/0/Information/0/Value/StringWithMarkup/0/Markup/0/Length,number,5
/Record/Section/6/Section/0/Information/0/Value/StringWithMarkup/0/Markup/0/URL,string,https://pubchem.ncbi.nlm.nih.gov/compound/23974
/Record/Section/6/Section/0/Information/0/Value/StringWithMarkup/1/String,string,114853
/Record/Section/6/Section/0/Information/0/Value/StringWithMarkup/1/Markup/0/Start,number,0
/Record/Section/6/Section/0/Information/0/Value/StringWithMarkup/1/Markup/0/Length,number,6
/Record/Section/6/Section/0/Information/0/Value/StringWithMarkup/1/Markup/0/URL,string,https://pubchem.ncbi.nlm.nih.gov/compound/114853
/Record/Section/6/Section/0/Information/0/Value/StringWithMarkup/2/String,string,26874
/Record/Section/6/Section/0/Information/0/Value/StringWithMarkup/2/Markup/0/Start,number,0
/Record/Section/6/Section/0/Information/0/Value/StringWithMarkup/2/Markup/0/Length,number,5
/Record/Section/6/Section/0/Information/0/Value/StringWithMarkup/2/Markup/0/URL,string,https://pubchem.ncbi.nlm.nih.gov/compound/26874
/Record/Section/6/Section/0/Information/0/Value/StringWithMarkup/3/String,string,104814
/Record/Section/6/Section/0/Information/0/Value/StringWithMarkup/3/Markup/0/Start,number,0
/Record/Section/6/Section/0/Information/0/Value/StringWithMarkup/3/Markup/0/Length,number,6
/Record/Section/6/Section/0/Information/0/Value/StringWithMarkup/3/Markup/0/URL,string,https://pubchem.ncbi.nlm.nih.gov/compound/104814
/Record/Section/6/Section/0/Information/0/Value/StringWithMarkup/4/String,string,119438
/Record/Section/6/Section/0/Information/0/Value/StringWithMarkup/4/Markup/0/Start,number,0
/Record/Section/6/Section/0/Information/0/Value/StringWithMarkup/4/Markup/0/Length,number,6
/Record/Section/6/Section/0/Information/0/Value/StringWithMarkup/4/Markup/0/URL,string,https://pubchem.ncbi.nlm.nih.gov/compound/119438
/Record/Section/6/Section/0/Information/0/Value/StringWithMarkup/5/String,string,166955
/Record/Section/6/Section/0/Information/0/Value/StringWithMarkup/5/Markup/0/Start,number,0
/Record/Section/6/Section/0/Information/0/Value/StringWithMarkup/5/Markup/0/Length,number,6
/Record/Section/6/Section/0/Information/0/Value/StringWithMarkup/5/Markup/0/URL,string,https://pubchem.ncbi.nlm.nih.gov/compound/166955
/Record/Section/6/Section/0/Information/0/Value/StringWithMarkup/6/String,string,167231
/Record/Section/6/Section/0/Information/0/Value/StringWithMarkup/6/Markup/0/Start,number,0
/Record/Section/6/Section/0/Information/0/Value/StringWithMarkup/6/Markup/0/Length,number,6
/Record/Section/6/Section/0/Information/0/Value/StringWithMarkup/6/Markup/0/URL,string,https://pubchem.ncbi.nlm.nih.gov/compound/167231
/Record/Section/6/Section/0/Information/0/Value/StringWithMarkup/7/String,string,167397
/Record/Section/6/Section/0/Information/0/Value/StringWithMarkup/7/Markup/0/Start,number,0
/Record/Section/6/Section/0/Information/0/Value/StringWithMarkup/7/Markup/0/Length,number,6
/Record/Section/6/Section/0/Information/0/Value/StringWithMarkup/7/Markup/0/URL,string,https://pubchem.ncbi.nlm.nih.gov/compound/167397
/Record/Section/6/Section/0/Information/0/Value/StringWithMarkup/8/String,string,161025
/Record/Section/6/Section/0/Information/0/Value/StringWithMarkup/8/Markup/0/Start,number,0
/Record/Section/6/Section/0/Information/0/Value/StringWithMarkup/8/Markup/0/Length,number,6
/Record/Section/6/Section/0/Information/0/Value/StringWithMarkup/8/Markup/0/URL,string,https://pubchem.ncbi.nlm.nih.gov/compound/161025
/Record/Section/6/Section/0/Information/0/Value/StringWithMarkup/9/String,string,166969
/Record/Section/6/Section/0/Information/0/Value/StringWithMarkup/9/Markup/0/Start,number,0
/Record/Section/6/Section/0/Information/0/Value/StringWithMarkup/9/Markup/0/Length,number,6
/Record/Section/6/Section/0/Information/0/Value/StringWithMarkup/9/Markup/0/URL,string,https://pubchem.ncbi.nlm.nih.gov/compound/166969
/Record/Section/6/Section/0/Information/0/Value/StringWithMarkup/10/String,string,25087150
/Record/Section/6/Section/0/Information/0/Value/StringWithMarkup/10/Markup/0/Start,number,0
/Record/Section/6/Section/0/Information/0/Value/StringWithMarkup/10/Markup/0/Length,number,8
/Record/Section/6/Section/0/Information/0/Value/StringWithMarkup/10/Markup/0/URL,string,https://pubchem.ncbi.nlm.nih.gov/compound/25087150
/Record/Section/6/Section/0/Information/0/Value/StringWithMarkup/11/String,string,25087154
/Record/Section/6/Section/0/Information/0/Value/StringWithMarkup/11/Markup/0/Start,number,0
/Record/Section/6/Section/0/Information/0/Value/StringWithMarkup/11/Markup/0/Length,number,8
/Record/Section/6/Section/0/Information/0/Value/StringWithMarkup/11/Markup/0/URL,string,https://pubchem.ncbi.nlm.nih.gov/compound/25087154
/Record/Section/6/Section/0/Information/0/Value/StringWithMarkup/12/String,string,25087183
/Record/Section/6/Section/0/Information/0/Value/StringWithMarkup/12/Markup/0/Start,number,0
/Record/Section/6/Section/0/Information/0/Value/StringWithMarkup/12/Markup/0/Length,number,8
/Record/Section/6/Section/0/Information/0/Value/StringWithMarkup/12/Markup/0/URL,string,https://pubchem.ncbi.nlm.nih.gov/compound/25087183
/Record/Section/6/Section/0/Information/0/Value/StringWithMarkup/13/String,string,131708388
/Record/Section/6/Section/0/Information/0/Value/StringWithMarkup/13/Markup/0/Start,number,0
/Record/Section/6/Section/0/Information/0/Value/StringWithMarkup/13/Markup/0/Length,number,9
/Record/Section/6/Section/0/Information/0/Value/StringWithMarkup/13/Markup/0/URL,string,https://pubchem.ncbi.nlm.nih.gov/compound/131708388
/Record/Section/6/Section/0/Information/0/Value/StringWithMarkup/14/String,string,131708389
/Record/Section/6/Section/0/Information/0/Value/StringWithMarkup/14/Markup/0/Start,number,0
/Record/Section/6/Section/0/Information/0/Value/StringWithMarkup/14/Markup/0/Length,number,9
/Record/Section/6/Section/0/Information/0/Value/StringWithMarkup/14/Markup/0/URL,string,https://pubchem.ncbi.nlm.nih.gov/compound/131708389
/Record/Section/6/Section/0/Information/1/ReferenceNumber,number,8
/Record/Section/6/Section/0/Information/1/Name,string,Name
/Record/Section/6/Section/0/Information/1/Value/StringWithMarkup/0/String,string,cerium
/Record/Section/6/Section/0/Information/1/Value/StringWithMarkup/1/String,string,cerium(3+)
/Record/Section/6/Section/0/Information/1/Value/StringWithMarkup/2/String,string,cerium-144
/Record/Section/6/Section/0/Information/1/Value/StringWithMarkup/3/String,string,cerium-141
/Record/Section/6/Section/0/Information/1/Value/StringWithMarkup/4/String,string,cerium(4+)
/Record/Section/6/Section/0/Information/1/Value/StringWithMarkup/5/String,string,cerium-137
/Record/Section/6/Section/0/Information/1/Value/StringWithMarkup/6/String,string,cerium-134
/Record/Section/6/Section/0/Information/1/Value/StringWithMarkup/7/String,string,cerium-135
/Record/Section/6/Section/0/Information/1/Value/StringWithMarkup/8/String,string,cerium-143
/Record/Section/6/Section/0/Information/1/Value/StringWithMarkup/9/String,string,cerium-139
/Record/Section/6/Section/0/Information/1/Value/StringWithMarkup/10/String,string,cerium-142
/Record/Section/6/Section/0/Information/1/Value/StringWithMarkup/11/String,string,cerium-140
/Record/Section/6/Section/0/Information/1/Value/StringWithMarkup/12/String,string,cerium-146
/Record/Section/6/Section/0/Information/1/Value/StringWithMarkup/13/String,string,cerium-136
/Record/Section/6/Section/0/Information/1/Value/StringWithMarkup/14/String,string,cerium-138
/Record/Section/6/Section/0/Information/2/ReferenceNumber,number,8
/Record/Section/6/Section/0/Information/2/Name,string,Formula
/Record/Section/6/Section/0/Information/2/Value/StringWithMarkup/0/String,string,Ce
/Record/Section/6/Section/0/Information/2/Value/StringWithMarkup/1/String,string,Ce+3
/Record/Section/6/Section/0/Information/2/Value/StringWithMarkup/2/String,string,Ce
/Record/Section/6/Section/0/Information/2/Value/StringWithMarkup/3/String,string,Ce
/Record/Section/6/Section/0/Information/2/Value/StringWithMarkup/4/String,string,Ce+4
/Record/Section/6/Section/0/Information/2/Value/StringWithMarkup/5/String,string,Ce
/Record/Section/6/Section/0/Information/2/Value/StringWithMarkup/6/String,string,Ce
/Record/Section/6/Section/0/Information/2/Value/StringWithMarkup/7/String,string,Ce
/Record/Section/6/Section/0/Information/2/Value/StringWithMarkup/8/String,string,Ce
/Record/Section/6/Section/0/Information/2/Value/StringWithMarkup/9/String,string,Ce
/Record/Section/6/Section/0/Information/2/Value/StringWithMarkup/10/String,string,Ce
/Record/Section/6/Section/0/Information/2/Value/StringWithMarkup/11/String,string,Ce
/Record/Section/6/Section/0/Information/2/Value/StringWithMarkup/12/String,string,Ce
/Record/Section/6/Section/0/Information/2/Value/StringWithMarkup/13/String,string,Ce
/Record/Section/6/Section/0/Information/2/Value/StringWithMarkup/14/String,string,Ce
/Record/Section/6/Section/0/Information/3/ReferenceNumber,number,8
/Record/Section/6/Section/0/Information/3/Name,string,SMILES
/Record/Section/6/Section/0/Information/3/Value/StringWithMarkup/0/String,string,[Ce]
/Record/Section/6/Section/0/Information/3/Value/StringWithMarkup/1/String,string,[Ce+3]
/Record/Section/6/Section/0/Information/3/Value/StringWithMarkup/2/String,string,[144Ce]
/Record/Section/6/Section/0/Information/3/Value/StringWithMarkup/3/String,string,[141Ce]
/Record/Section/6/Section/0/Information/3/Value/StringWithMarkup/4/String,string,[Ce+4]
/Record/Section/6/Section/0/Information/3/Value/StringWithMarkup/5/String,string,[137Ce]
/Record/Section/6/Section/0/Information/3/Value/StringWithMarkup/6/String,string,[134Ce]
/Record/Section/6/Section/0/Information/3/Value/StringWithMarkup/7/String,string,[135Ce]
/Record/Section/6/Section/0/Information/3/Value/StringWithMarkup/8/String,string,[143Ce]
/Record/Section/6/Section/0/Information/3/Value/StringWithMarkup/9/String,string,[139Ce]
/Record/Section/6/Section/0/Information/3/Value/StringWithMarkup/10/String,string,[142Ce]
/Record/Section/6/Section/0/Information/3/Value/StringWithMarkup/11/String,string,[140Ce]
/Record/Section/6/Section/0/Information/3/Value/StringWithMarkup/12/String,string,[146Ce]
/Record/Section/6/Section/0/Information/3/Value/StringWithMarkup/13/String,string,[136Ce]
/Record/Section/6/Section/0/Information/3/Value/StringWithMarkup/14/String,string,[138Ce]
/Record/Section/6/Section/0/Information/4/ReferenceNumber,number,8
/Record/Section/6/Section/0/Information/4/Name,string,Molecular Weight
/Record/Section/6/Section/0/Information/4/Value/StringWithMarkup/0/String,string,140.116
/Record/Section/6/Section/0/Information/4/Value/StringWithMarkup/1/String,string,140.116
/Record/Section/6/Section/0/Information/4/Value/StringWithMarkup/2/String,string,143.91365
/Record/Section/6/Section/0/Information/4/Value/StringWithMarkup/3/String,string,140.90829
/Record/Section/6/Section/0/Information/4/Value/StringWithMarkup/4/String,string,140.116
/Record/Section/6/Section/0/Information/4/Value/StringWithMarkup/5/String,string,136.907762
/Record/Section/6/Section/0/Information/4/Value/StringWithMarkup/6/String,string,133.9089
/Record/Section/6/Section/0/Information/4/Value/StringWithMarkup/7/String,string,134.9092
/Record/Section/6/Section/0/Information/4/Value/StringWithMarkup/8/String,string,142.91239
/Record/Section/6/Section/0/Information/4/Value/StringWithMarkup/9/String,string,138.90665
/Record/Section/6/Section/0/Information/4/Value/StringWithMarkup/10/String,string,141.90925
/Record/Section/6/Section/0/Information/4/Value/StringWithMarkup/11/String,string,139.90545
/Record/Section/6/Section/0/Information/4/Value/StringWithMarkup/12/String,string,145.9188
/Record/Section/6/Section/0/Information/4/Value/StringWithMarkup/13/String,string,135.907129
/Record/Section/6/Section/0/Information/4/Value/StringWithMarkup/14/String,string,137.905994
/Record/Section/7/TOCHeading,string,Isotopes
/Record/Section/7/Description,string,Isotopes are nuclides having the same atomic number but different mass numbers.  This section provides information on the isotopes of this element and their uses in various fields.
/Record/Section/7/URL,string,https://chem.libretexts.org/Courses/Furman_University/CHM101%3A_Chemistry_and_Global_Awareness_(Gordon)/03%3A_Atoms_and_the_Periodic_Table/3.05%3A_Isotopes
/Record/Section/7/Information/0/ReferenceNumber,number,5
/Record/Section/7/Information/0/Name,string,Stable Isotope Count
/Record/Section/7/Information/0/Value/StringWithMarkup/0/String,string,1
/Record/Section/7/Section/0/TOCHeading,string,Isotopes in Earth/Planetary Science
/Record/Section/7/Section/0/Description,string,Information on the use of this element's isotopes in earth/planetary science.
/Record/Section/7/Section/0/Information/0/ReferenceNumber,number,4
/Record/Section/7/Section/0/Information/0/Reference/0,string,"[419]  H. Tazoe, H. Obata, T. Gamo. J. Anal. At. Spectrom.22, 616 (2007)."
/Record/Section/7/Section/0/Information/0/Reference/1,string,"[420]  M. Tanimizu, T. Tanaka. Geochim. Cosmochim. Acta66, 4007 (2002)."
/Record/Section/7/Section/0/Information/0/Reference/2,string,"[421]  N. Bellot, M. Boyet, R. Doucelance, C. Pin, C. Chauvel, D. Auclair. Geochim. Cosmochim. Acta168, 261 (2015)."
/Record/Section/7/Section/0/Information/0/Reference/3,string,"[422]  A. Makishima, A. Masuda. Chem. Geol.106, 197 (1993)."
/Record/Section/7/Section/0/Information/0/Reference/4,string,"[423]  H. Shimizu, T. Tanaka, A. Masuda. Nature307, 251 (1984)."
/Record/Section/7/Section/0/Information/0/ExtendedReference/0/Citation,string,"[419]  H. Tazoe, H. Obata, T. Gamo. J. Anal. At. Spectrom.22, 616 (2007)."
/Record/Section/7/Section/0/Information/0/ExtendedReference/1/Citation,string,"[420]  M. Tanimizu, T. Tanaka. Geochim. Cosmochim. Acta66, 4007 (2002)."
/Record/Section/7/Section/0/Information/0/ExtendedReference/2/Citation,string,"[421]  N. Bellot, M. Boyet, R. Doucelance, C. Pin, C. Chauvel, D. Auclair. Geochim. Cosmochim. Acta168, 261 (2015)."
/Record/Section/7/Section/0/Information/0/ExtendedReference/3/Citation,string,"[422]  A. Makishima, A. Masuda. Chem. Geol.106, 197 (1993)."
/Record/Section/7/Section/0/Information/0/ExtendedReference/4/Citation,string,"[423]  H. Shimizu, T. Tanaka, A. Masuda. Nature307, 251 (1984)."
/Record/Section/7/Section/0/Information/0/Value/StringWithMarkup/0/String,string,"When combined, 138La– 138Ce and 147Sm– 143Nd are two decay systems that are useful for studying processes affecting the light-rare-earth elements (lanthanum, cerium, praseodymium, neodymium, and samarium) and the igneous evolution of the Moon and Earth because different igneous materials have different cerium isotopic compositions (Fig. IUPAC.58.1) and can be used in mass balance investigations [419], [420]."
/Record/Section/7/Section/0/Information/0/Value/StringWithMarkup/0/Markup/0/Start,number,15
/Record/Section/7/Section/0/Information/0/Value/StringWithMarkup/0/Markup/0/Length,number,3
/Record/Section/7/Section/0/Information/0/Value/StringWithMarkup/0/Markup/0/Type,string,Superscript
/Record/Section/7/Section/0/Information/0/Value/StringWithMarkup/0/Markup/1/Start,number,22
/Record/Section/7/Section/0/Information/0/Value/StringWithMarkup/0/Markup/1/Length,number,3
/Record/Section/7/Section/0/Information/0/Value/StringWithMarkup/0/Markup/1/Type,string,Superscript
/Record/Section/7/Section/0/Information/0/Value/StringWithMarkup/0/Markup/2/Start,number,32
/Record/Section/7/Section/0/Information/0/Value/StringWithMarkup/0/Markup/2/Length,number,3
/Record/Section/7/Section/0/Information/0/Value/StringWithMarkup/0/Markup/2/Type,string,Superscript
/Record/Section/7/Section/0/Information/0/Value/StringWithMarkup/0/Markup/3/Start,number,39
/Record/Section/7/Section/0/Information/0/Value/StringWithMarkup/0/Markup/3/Length,number,3
/Record/Section/7/Section/0/Information/0/Value/StringWithMarkup/0/Markup/3/Type,string,Superscript
/Record/Section/7/Section/0/Information/0/Value/StringWithMarkup/1/String,string,          
/Record/Section/7/Section/0/Information/0/Value/StringWithMarkup/1/Markup/0/Start,number,0
/Record/Section/7/Section/0/Information/0/Value/StringWithMarkup/1/Markup/0/Length,number,1
/Record/Section/7/Section/0/Information/0/Value/StringWithMarkup/1/Markup/0/URL,string,https://pubchem.ncbi.nlm.nih.gov/images/iupac/j_pac-2015-0703_fig_082.jpg
/Record/Section/7/Section/0/Information/0/Value/StringWithMarkup/1/Markup/0/Type,string,Image
/Record/Section/7/Section/0/Information/0/Value/StringWithMarkup/1/Markup/0/Size,string,887x806
/Record/Section/7/Section/0/Information/0/Value/StringWithMarkup/1/Markup/0/Caption,string,"Fig. IUPAC.58.1: Cerium isotope-amount ratios of selected terrestrial and extraterrestrial materials (modified from [421]). Data Sources: B, [421]; MM, [422]; S, [423]. "
/Record/Section/7/Section/1/TOCHeading,string,Isotopes in Geochronology
/Record/Section/7/Section/1/Description,string,Information on the use of this element's isotopes in geochronology.
/Record/Section/7/Section/1/Information/0/ReferenceNumber,number,4
/Record/Section/7/Section/1/Information/0/Value/StringWithMarkup/0/String,string,"138Ce is a radiogenic isotope produced by decay of 138La, with a half-life of 1.06×1011 years, one of the longest clocks in geochronology. Thus, the isotope-amount ratio n(138Ce)/n(142Ce) can be used for dating rocks on long time scales (billions of years) and can also be used as a chemical tracer in geochemical studies."
/Record/Section/7/Section/1/Information/0/Value/StringWithMarkup/0/Markup/0/Start,number,0
/Record/Section/7/Section/1/Information/0/Value/StringWithMarkup/0/Markup/0/Length,number,3
/Record/Section/7/Section/1/Information/0/Value/StringWithMarkup/0/Markup/0/Type,string,Superscript
/Record/Section/7/Section/1/Information/0/Value/StringWithMarkup/0/Markup/1/Start,number,51
/Record/Section/7/Section/1/Information/0/Value/StringWithMarkup/0/Markup/1/Length,number,3
/Record/Section/7/Section/1/Information/0/Value/StringWithMarkup/0/Markup/1/Type,string,Superscript
/Record/Section/7/Section/1/Information/0/Value/StringWithMarkup/0/Markup/2/Start,number,85
/Record/Section/7/Section/1/Information/0/Value/StringWithMarkup/0/Markup/2/Length,number,2
/Record/Section/7/Section/1/Information/0/Value/StringWithMarkup/0/Markup/2/Type,string,Superscript
/Record/Section/7/Section/1/Information/0/Value/StringWithMarkup/0/Markup/3/Start,number,172
/Record/Section/7/Section/1/Information/0/Value/StringWithMarkup/0/Markup/3/Length,number,3
/Record/Section/7/Section/1/Information/0/Value/StringWithMarkup/0/Markup/3/Type,string,Superscript
/Record/Section/7/Section/1/Information/0/Value/StringWithMarkup/0/Markup/4/Start,number,181
/Record/Section/7/Section/1/Information/0/Value/StringWithMarkup/0/Markup/4/Length,number,3
/Record/Section/7/Section/1/Information/0/Value/StringWithMarkup/0/Markup/4/Type,string,Superscript
/Record/Section/7/Section/2/TOCHeading,string,Isotopes in Medicine
/Record/Section/7/Section/2/Description,string,Information on the use of this element's isotopes in medicine.
/Record/Section/7/Section/2/Information/0/ReferenceNumber,number,4
/Record/Section/7/Section/2/Information/0/Reference/0,string,"[424]  V. O. Zilio, O. P. Joneja, Y. Popowski, F. O. Bochud, R. Chawla. Int. J. Radiat. Oncol. Biol. Phys.62, 585 (2005)."
/Record/Section/7/Section/2/Information/0/ExtendedReference/0/Citation,string,"[424]  V. O. Zilio, O. P. Joneja, Y. Popowski, F. O. Bochud, R. Chawla. Int. J. Radiat. Oncol. Biol. Phys.62, 585 (2005)."
/Record/Section/7/Section/2/Information/0/Value/StringWithMarkup/0/String,string,"144Ce (with a half-life of 0.78 year) has been used for brachytherapy applications in cells and vessels of the body. The half-life and specific activity of 144Ce give it a potential advantage over the commonly used isotope 192Ir of higher dose rate at shorter distances and lower irradiation of organs outside the tumor [424]. 144Ce enables the treatment of larger arteries as compared with 32P, another isotope commonly used for this style of radiotherapy."
/Record/Section/7/Section/2/Information/0/Value/StringWithMarkup/0/Markup/0/Start,number,0
/Record/Section/7/Section/2/Information/0/Value/StringWithMarkup/0/Markup/0/Length,number,3
/Record/Section/7/Section/2/Information/0/Value/StringWithMarkup/0/Markup/0/Type,string,Superscript
/Record/Section/7/Section/2/Information/0/Value/StringWithMarkup/0/Markup/1/Start,number,156
/Record/Section/7/Section/2/Information/0/Value/StringWithMarkup/0/Markup/1/Length,number,3
/Record/Section/7/Section/2/Information/0/Value/StringWithMarkup/0/Markup/1/Type,string,Superscript
/Record/Section/7/Section/2/Information/0/Value/StringWithMarkup/0/Markup/2/Start,number,223
/Record/Section/7/Section/2/Information/0/Value/StringWithMarkup/0/Markup/2/Length,number,3
/Record/Section/7/Section/2/Information/0/Value/StringWithMarkup/0/Markup/2/Type,string,Superscript
/Record/Section/7/Section/2/Information/0/Value/StringWithMarkup/0/Markup/3/Start,number,327
/Record/Section/7/Section/2/Information/0/Value/StringWithMarkup/0/Markup/3/Length,number,3
/Record/Section/7/Section/2/Information/0/Value/StringWithMarkup/0/Markup/3/Type,string,Superscript
/Record/Section/7/Section/2/Information/0/Value/StringWithMarkup/0/Markup/4/Start,number,391
/Record/Section/7/Section/2/Information/0/Value/StringWithMarkup/0/Markup/4/Length,number,2
/Record/Section/7/Section/2/Information/0/Value/StringWithMarkup/0/Markup/4/Type,string,Superscript
/Record/Section/7/Section/3/TOCHeading,string,Isotope Mass and Abundance
/Record/Section/7/Section/3/Description,string,Atomic mass and abundance (composition) information for a given isotope/nuclide. The number in the parenthesis refers to an uncertainty when exist. The unit of atomic weight is the unified atomic mass unit (u) or dalton (Da). 
/Record/Section/7/Section/3/DisplayControls/CreateTable/FromInformationIn,string,ThisSection
/Record/Section/7/Section/3/DisplayControls/CreateTable/NumberOfColumns,number,3
/Record/Section/7/Section/3/DisplayControls/CreateTable/ColumnsFromNamedLists/Name/0,string,Isotope
/Record/Section/7/Section/3/DisplayControls/CreateTable/ColumnsFromNamedLists/Name/1,string,Atomic Mass (uncertainty) [u]
/Record/Section/7/Section/3/DisplayControls/CreateTable/ColumnsFromNamedLists/Name/2,string,Abundance (uncertainty)
/Record/Section/7/Section/3/DisplayControls/CreateTable/ColumnsFromNamedLists/UseNamesAsColumnHeadings,boolean,true
/Record/Section/7/Section/3/Information/0/ReferenceNumber,number,3
/Record/Section/7/Section/3/Information/0/Name,string,Isotope
/Record/Section/7/Section/3/Information/0/Value/StringWithMarkup/0/String,string, 136Ce
/Record/Section/7/Section/3/Information/0/Value/StringWithMarkup/0/Markup/0/Start,number,0
/Record/Section/7/Section/3/Information/0/Value/StringWithMarkup/0/Markup/0/Length,number,4
/Record/Section/7/Section/3/Information/0/Value/StringWithMarkup/0/Markup/0/Type,string,Superscript
/Record/Section/7/Section/3/Information/0/Value/StringWithMarkup/1/String,string, 138Ce
/Record/Section/7/Section/3/Information/0/Value/StringWithMarkup/1/Markup/0/Start,number,0
/Record/Section/7/Section/3/Information/0/Value/StringWithMarkup/1/Markup/0/Length,number,4
/Record/Section/7/Section/3/Information/0/Value/StringWithMarkup/1/Markup/0/Type,string,Superscript
/Record/Section/7/Section/3/Information/0/Value/StringWithMarkup/2/String,string, 140Ce
/Record/Section/7/Section/3/Information/0/Value/StringWithMarkup/2/Markup/0/Start,number,0
/Record/Section/7/Section/3/Information/0/Value/StringWithMarkup/2/Markup/0/Length,number,4
/Record/Section/7/Section/3/Information/0/Value/StringWithMarkup/2/Markup/0/Type,string,Superscript
/Record/Section/7/Section/3/Information/0/Value/StringWithMarkup/3/String,string, 142Ce
/Record/Section/7/Section/3/Information/0/Value/StringWithMarkup/3/Markup/0/Start,number,0
/Record/Section/7/Section/3/Information/0/Value/StringWithMarkup/3/Markup/0/Length,number,4
/Record/Section/7/Section/3/Information/0/Value/StringWithMarkup/3/Markup/0/Type,string,Superscript
/Record/Section/7/Section/3/Information/1/ReferenceNumber,number,3
/Record/Section/7/Section/3/Information/1/Name,string,Atomic Mass (uncertainty)
/Record/Section/7/Section/3/Information/1/Value/StringWithMarkup/0/String,string,135.907 129(3)
/Record/Section/7/Section/3/Information/1/Value/StringWithMarkup/1/String,string,137.905 99(3)
/Record/Section/7/Section/3/Information/1/Value/StringWithMarkup/2/String,string,139.905 45(1)
/Record/Section/7/Section/3/Information/1/Value/StringWithMarkup/3/String,string,141.909 25(2)
/Record/Section/7/Section/3/Information/2/ReferenceNumber,number,3
/Record/Section/7/Section/3/Information/2/Name,string,Abundance (uncertainty)
/Record/Section/7/Section/3/Information/2/Value/StringWithMarkup/0/String,string,0.001 85(2)
/Record/Section/7/Section/3/Information/2/Value/StringWithMarkup/1/String,string,0.002 51(2)
/Record/Section/7/Section/3/Information/2/Value/StringWithMarkup/2/String,string,0.884 50(51)
/Record/Section/7/Section/3/Information/2/Value/StringWithMarkup/3/String,string,0.111 14(51)
/Record/Section/7/Section/3/Information/3/ReferenceNumber,number,7
/Record/Section/7/Section/3/Information/3/Name,string,Isotope
/Record/Section/7/Section/3/Information/3/Value/StringWithMarkup/0/String,string,136Ce
/Record/Section/7/Section/3/Information/3/Value/StringWithMarkup/0/Markup/0/Start,number,0
/Record/Section/7/Section/3/Information/3/Value/StringWithMarkup/0/Markup/0/Length,number,3
/Record/Section/7/Section/3/Information/3/Value/StringWithMarkup/0/Markup/0/Type,string,Superscript
/Record/Section/7/Section/3/Information/3/Value/StringWithMarkup/1/String,string,138Ce
/Record/Section/7/Section/3/Information/3/Value/StringWithMarkup/1/Markup/0/Start,number,0
/Record/Section/7/Section/3/Information/3/Value/StringWithMarkup/1/Markup/0/Length,number,3
/Record/Section/7/Section/3/Information/3/Value/StringWithMarkup/1/Markup/0/Type,string,Superscript
/Record/Section/7/Section/3/Information/3/Value/StringWithMarkup/2/String,string,140Ce
/Record/Section/7/Section/3/Information/3/Value/StringWithMarkup/2/Markup/0/Start,number,0
/Record/Section/7/Section/3/Information/3/Value/StringWithMarkup/2/Markup/0/Length,number,3
/Record/Section/7/Section/3/Information/3/Value/StringWithMarkup/2/Markup/0/Type,string,Superscript
/Record/Section/7/Section/3/Information/3/Value/StringWithMarkup/3/String,string,142Ce
/Record/Section/7/Section/3/Information/3/Value/StringWithMarkup/3/Markup/0/Start,number,0
/Record/Section/7/Section/3/Information/3/Value/StringWithMarkup/3/Markup/0/Length,number,3
/Record/Section/7/Section/3/Information/3/Value/StringWithMarkup/3/Markup/0/Type,string,Superscript
/Record/Section/7/Section/3/Information/4/ReferenceNumber,number,7
/Record/Section/7/Section/3/Information/4/Name,string,Atomic Mass (uncertainty) [u]
/Record/Section/7/Section/3/Information/4/Value/StringWithMarkup/0/String,string,135.90712921(41)
/Record/Section/7/Section/3/Information/4/Value/StringWithMarkup/1/String,string,137.905991(11)
/Record/Section/7/Section/3/Information/4/Value/StringWithMarkup/2/String,string,139.9054431(23)
/Record/Section/7/Section/3/Information/4/Value/StringWithMarkup/3/String,string,141.9092504(29)
/Record/Section/7/Section/3/Information/5/ReferenceNumber,number,7
/Record/Section/7/Section/3/Information/5/Name,string,Abundance (uncertainty)
/Record/Section/7/Section/3/Information/5/Value/StringWithMarkup/0/String,string,0.00185(2)
/Record/Section/7/Section/3/Information/5/Value/StringWithMarkup/1/String,string,0.00251(2)
/Record/Section/7/Section/3/Information/5/Value/StringWithMarkup/2/String,string,0.88450(51)
/Record/Section/7/Section/3/Information/5/Value/StringWithMarkup/3/String,string,0.11114(51)
/Record/Section/7/Section/4/TOCHeading,string,"Atomic Mass, Half Life, and Decay"
/Record/Section/7/Section/4/Description,string,"Information on the atomic mass, half life, and decay for this element, from the the Atomic Mass Data Center. The number after the ± refers to an uncertainty when exists."
/Record/Section/7/Section/4/URL,string,https://pubchem.ncbi.nlm.nih.gov/docs/atomic-mass/
/Record/Section/7/Section/4/DisplayControls/CreateTable/FromInformationIn,string,ThisSection
/Record/Section/7/Section/4/DisplayControls/CreateTable/NumberOfColumns,number,5
/Record/Section/7/Section/4/DisplayControls/CreateTable/ColumnsFromNamedLists/Name/0,string,Nuclide
/Record/Section/7/Section/4/DisplayControls/CreateTable/ColumnsFromNamedLists/Name/1,string,Atomic Mass and Uncertainty [u]
/Record/Section/7/Section/4/DisplayControls/CreateTable/ColumnsFromNamedLists/Name/2,string,Half Life and Uncertainty
/Record/Section/7/Section/4/DisplayControls/CreateTable/ColumnsFromNamedLists/Name/3,string,Discovery Year
/Record/Section/7/Section/4/DisplayControls/CreateTable/ColumnsFromNamedLists/Name/4,string,"Decay Modes, Intensities and Uncertainties [%]"
/Record/Section/7/Section/4/DisplayControls/CreateTable/ColumnsFromNamedLists/UseNamesAsColumnHeadings,boolean,true
/Record/Section/7/Section/4/Information/0/ReferenceNumber,number,2
/Record/Section/7/Section/4/Information/0/Name,string,Nuclide
/Record/Section/7/Section/4/Information/0/Value/StringWithMarkup/0/String,string,119Ce
/Record/Section/7/Section/4/Information/0/Value/StringWithMarkup/0/Markup/0/Start,number,0
/Record/Section/7/Section/4/Information/0/Value/StringWithMarkup/0/Markup/0/Length,number,3
/Record/Section/7/Section/4/Information/0/Value/StringWithMarkup/0/Markup/0/Type,string,Superscript
/Record/Section/7/Section/4/Information/0/Value/StringWithMarkup/1/String,string,120Ce
/Record/Section/7/Section/4/Information/0/Value/StringWithMarkup/1/Markup/0/Start,number,0
/Record/Section/7/Section/4/Information/0/Value/StringWithMarkup/1/Markup/0/Length,number,3
/Record/Section/7/Section/4/Information/0/Value/StringWithMarkup/1/Markup/0/Type,string,Superscript
/Record/Section/7/Section/4/Information/0/Value/StringWithMarkup/2/String,string,121Ce
/Record/Section/7/Section/4/Information/0/Value/StringWithMarkup/2/Markup/0/Start,number,0
/Record/Section/7/Section/4/Information/0/Value/StringWithMarkup/2/Markup/0/Length,number,3
/Record/Section/7/Section/4/Information/0/Value/StringWithMarkup/2/Markup/0/Type,string,Superscript
/Record/Section/7/Section/4/Information/0/Value/StringWithMarkup/3/String,string,122Ce
/Record/Section/7/Section/4/Information/0/Value/StringWithMarkup/3/Markup/0/Start,number,0
/Record/Section/7/Section/4/Information/0/Value/StringWithMarkup/3/Markup/0/Length,number,3
/Record/Section/7/Section/4/Information/0/Value/StringWithMarkup/3/Markup/0/Type,string,Superscript
/Record/Section/7/Section/4/Information/0/Value/StringWithMarkup/4/String,string,123Ce
/Record/Section/7/Section/4/Information/0/Value/StringWithMarkup/4/Markup/0/Start,number,0
/Record/Section/7/Section/4/Information/0/Value/StringWithMarkup/4/Markup/0/Length,number,3
/Record/Section/7/Section/4/Information/0/Value/StringWithMarkup/4/Markup/0/Type,string,Superscript
/Record/Section/7/Section/4/Information/0/Value/StringWithMarkup/5/String,string,124Ce
/Record/Section/7/Section/4/Information/0/Value/StringWithMarkup/5/Markup/0/Start,number,0
/Record/Section/7/Section/4/Information/0/Value/StringWithMarkup/5/Markup/0/Length,number,3
/Record/Section/7/Section/4/Information/0/Value/StringWithMarkup/5/Markup/0/Type,string,Superscript
/Record/Section/7/Section/4/Information/0/Value/StringWithMarkup/6/String,string,125Ce
/Record/Section/7/Section/4/Information/0/Value/StringWithMarkup/6/Markup/0/Start,number,0
/Record/Section/7/Section/4/Information/0/Value/StringWithMarkup/6/Markup/0/Length,number,3
/Record/Section/7/Section/4/Information/0/Value/StringWithMarkup/6/Markup/0/Type,string,Superscript
/Record/Section/7/Section/4/Information/0/Value/StringWithMarkup/7/String,string,125Cem
/Record/Section/7/Section/4/Information/0/Value/StringWithMarkup/7/Markup/0/Start,number,0
/Record/Section/7/Section/4/Information/0/Value/StringWithMarkup/7/Markup/0/Length,number,3
/Record/Section/7/Section/4/Information/0/Value/StringWithMarkup/7/Markup/0/Type,string,Superscript
/Record/Section/7/Section/4/Information/0/Value/StringWithMarkup/7/Markup/1/Start,number,5
/Record/Section/7/Section/4/Information/0/Value/StringWithMarkup/7/Markup/1/Length,number,1
/Record/Section/7/Section/4/Information/0/Value/StringWithMarkup/7/Markup/1/Type,string,Superscript
/Record/Section/7/Section/4/Information/0/Value/StringWithMarkup/8/String,string,126Ce
/Record/Section/7/Section/4/Information/0/Value/StringWithMarkup/8/Markup/0/Start,number,0
/Record/Section/7/Section/4/Information/0/Value/StringWithMarkup/8/Markup/0/Length,number,3
/Record/Section/7/Section/4/Information/0/Value/StringWithMarkup/8/Markup/0/Type,string,Superscript
/Record/Section/7/Section/4/Information/0/Value/StringWithMarkup/9/String,string,127Ce
/Record/Section/7/Section/4/Information/0/Value/StringWithMarkup/9/Markup/0/Start,number,0
/Record/Section/7/Section/4/Information/0/Value/StringWithMarkup/9/Markup/0/Length,number,3
/Record/Section/7/Section/4/Information/0/Value/StringWithMarkup/9/Markup/0/Type,string,Superscript
/Record/Section/7/Section/4/Information/0/Value/StringWithMarkup/10/String,string,127Cem
/Record/Section/7/Section/4/Information/0/Value/StringWithMarkup/10/Markup/0/Start,number,0
/Record/Section/7/Section/4/Information/0/Value/StringWithMarkup/10/Markup/0/Length,number,3
/Record/Section/7/Section/4/Information/0/Value/StringWithMarkup/10/Markup/0/Type,string,Superscript
/Record/Section/7/Section/4/Information/0/Value/StringWithMarkup/10/Markup/1/Start,number,5
/Record/Section/7/Section/4/Information/0/Value/StringWithMarkup/10/Markup/1/Length,number,1
/Record/Section/7/Section/4/Information/0/Value/StringWithMarkup/10/Markup/1/Type,string,Superscript
/Record/Section/7/Section/4/Information/0/Value/StringWithMarkup/11/String,string,127Cen
/Record/Section/7/Section/4/Information/0/Value/StringWithMarkup/11/Markup/0/Start,number,0
/Record/Section/7/Section/4/Information/0/Value/StringWithMarkup/11/Markup/0/Length,number,3
/Record/Section/7/Section/4/Information/0/Value/StringWithMarkup/11/Markup/0/Type,string,Superscript
/Record/Section/7/Section/4/Information/0/Value/StringWithMarkup/11/Markup/1/Start,number,5
/Record/Section/7/Section/4/Information/0/Value/StringWithMarkup/11/Markup/1/Length,number,1
/Record/Section/7/Section/4/Information/0/Value/StringWithMarkup/11/Markup/1/Type,string,Superscript
/Record/Section/7/Section/4/Information/0/Value/StringWithMarkup/12/String,string,128Ce
/Record/Section/7/Section/4/Information/0/Value/StringWithMarkup/12/Markup/0/Start,number,0
/Record/Section/7/Section/4/Information/0/Value/StringWithMarkup/12/Markup/0/Length,number,3
/Record/Section/7/Section/4/Information/0/Value/StringWithMarkup/12/Markup/0/Type,string,Superscript
/Record/Section/7/Section/4/Information/0/Value/StringWithMarkup/13/String,string,129Ce
/Record/Section/7/Section/4/Information/0/Value/StringWithMarkup/13/Markup/0/Start,number,0
/Record/Section/7/Section/4/Information/0/Value/StringWithMarkup/13/Markup/0/Length,number,3
/Record/Section/7/Section/4/Information/0/Value/StringWithMarkup/13/Markup/0/Type,string,Superscript
/Record/Section/7/Section/4/Information/0/Value/StringWithMarkup/14/String,string,130Ce
/Record/Section/7/Section/4/Information/0/Value/StringWithMarkup/14/Markup/0/Start,number,0
/Record/Section/7/Section/4/Information/0/Value/StringWithMarkup/14/Markup/0/Length,number,3
/Record/Section/7/Section/4/Information/0/Value/StringWithMarkup/14/Markup/0/Type,string,Superscript
/Record/Section/7/Section/4/Information/0/Value/StringWithMarkup/15/String,string,130Cem
/Record/Section/7/Section/4/Information/0/Value/StringWithMarkup/15/Markup/0/Start,number,0
/Record/Section/7/Section/4/Information/0/Value/StringWithMarkup/15/Markup/0/Length,number,3
/Record/Section/7/Section/4/Information/0/Value/StringWithMarkup/15/Markup/0/Type,string,Superscript
/Record/Section/7/Section/4/Information/0/Value/StringWithMarkup/15/Markup/1/Start,number,5
/Record/Section/7/Section/4/Information/0/Value/StringWithMarkup/15/Markup/1/Length,number,1
/Record/Section/7/Section/4/Information/0/Value/StringWithMarkup/15/Markup/1/Type,string,Superscript
/Record/Section/7/Section/4/Information/0/Value/StringWithMarkup/16/String,string,131Ce
/Record/Section/7/Section/4/Information/0/Value/StringWithMarkup/16/Markup/0/Start,number,0
/Record/Section/7/Section/4/Information/0/Value/StringWithMarkup/16/Markup/0/Length,number,3
/Record/Section/7/Section/4/Information/0/Value/StringWithMarkup/16/Markup/0/Type,string,Superscript
/Record/Section/7/Section/4/Information/0/Value/StringWithMarkup/17/String,string,131Cem
/Record/Section/7/Section/4/Information/0/Value/StringWithMarkup/17/Markup/0/Start,number,0
/Record/Section/7/Section/4/Information/0/Value/StringWithMarkup/17/Markup/0/Length,number,3
/Record/Section/7/Section/4/Information/0/Value/StringWithMarkup/17/Markup/0/Type,string,Superscript
/Record/Section/7/Section/4/Information/0/Value/StringWithMarkup/17/Markup/1/Start,number,5
/Record/Section/7/Section/4/Information/0/Value/StringWithMarkup/17/Markup/1/Length,number,1
/Record/Section/7/Section/4/Information/0/Value/StringWithMarkup/17/Markup/1/Type,string,Superscript
/Record/Section/7/Section/4/Information/0/Value/StringWithMarkup/18/String,string,132Ce
/Record/Section/7/Section/4/Information/0/Value/StringWithMarkup/18/Markup/0/Start,number,0
/Record/Section/7/Section/4/Information/0/Value/StringWithMarkup/18/Markup/0/Length,number,3
/Record/Section/7/Section/4/Information/0/Value/StringWithMarkup/18/Markup/0/Type,string,Superscript
/Record/Section/7/Section/4/Information/0/Value/StringWithMarkup/19/String,string,132Cem
/Record/Section/7/Section/4/Information/0/Value/StringWithMarkup/19/Markup/0/Start,number,0
/Record/Section/7/Section/4/Information/0/Value/StringWithMarkup/19/Markup/0/Length,number,3
/Record/Section/7/Section/4/Information/0/Value/StringWithMarkup/19/Markup/0/Type,string,Superscript
/Record/Section/7/Section/4/Information/0/Value/StringWithMarkup/19/Markup/1/Start,number,5
/Record/Section/7/Section/4/Information/0/Value/StringWithMarkup/19/Markup/1/Length,number,1
/Record/Section/7/Section/4/Information/0/Value/StringWithMarkup/19/Markup/1/Type,string,Superscript
/Record/Section/7/Section/4/Information/0/Value/StringWithMarkup/20/String,string,133Ce
/Record/Section/7/Section/4/Information/0/Value/StringWithMarkup/20/Markup/0/Start,number,0
/Record/Section/7/Section/4/Information/0/Value/StringWithMarkup/20/Markup/0/Length,number,3
/Record/Section/7/Section/4/Information/0/Value/StringWithMarkup/20/Markup/0/Type,string,Superscript
/Record/Section/7/Section/4/Information/0/Value/StringWithMarkup/21/String,string,133Cem
/Record/Section/7/Section/4/Information/0/Value/StringWithMarkup/21/Markup/0/Start,number,0
/Record/Section/7/Section/4/Information/0/Value/StringWithMarkup/21/Markup/0/Length,number,3
/Record/Section/7/Section/4/Information/0/Value/StringWithMarkup/21/Markup/0/Type,string,Superscript
/Record/Section/7/Section/4/Information/0/Value/StringWithMarkup/21/Markup/1/Start,number,5
/Record/Section/7/Section/4/Information/0/Value/StringWithMarkup/21/Markup/1/Length,number,1
/Record/Section/7/Section/4/Information/0/Value/StringWithMarkup/21/Markup/1/Type,string,Superscript
/Record/Section/7/Section/4/Information/0/Value/StringWithMarkup/22/String,string,134Ce
/Record/Section/7/Section/4/Information/0/Value/StringWithMarkup/22/Markup/0/Start,number,0
/Record/Section/7/Section/4/Information/0/Value/StringWithMarkup/22/Markup/0/Length,number,3
/Record/Section/7/Section/4/Information/0/Value/StringWithMarkup/22/Markup/0/Type,string,Superscript
/Record/Section/7/Section/4/Information/0/Value/StringWithMarkup/23/String,string,134Cem
/Record/Section/7/Section/4/Information/0/Value/StringWithMarkup/23/Markup/0/Start,number,0
/Record/Section/7/Section/4/Information/0/Value/StringWithMarkup/23/Markup/0/Length,number,3
/Record/Section/7/Section/4/Information/0/Value/StringWithMarkup/23/Markup/0/Type,string,Superscript
/Record/Section/7/Section/4/Information/0/Value/StringWithMarkup/23/Markup/1/Start,number,5
/Record/Section/7/Section/4/Information/0/Value/StringWithMarkup/23/Markup/1/Length,number,1
/Record/Section/7/Section/4/Information/0/Value/StringWithMarkup/23/Markup/1/Type,string,Superscript
/Record/Section/7/Section/4/Information/0/Value/StringWithMarkup/24/String,string,135Ce
/Record/Section/7/Section/4/Information/0/Value/StringWithMarkup/24/Markup/0/Start,number,0
/Record/Section/7/Section/4/Information/0/Value/StringWithMarkup/24/Markup/0/Length,number,3
/Record/Section/7/Section/4/Information/0/Value/StringWithMarkup/24/Markup/0/Type,string,Superscript
/Record/Section/7/Section/4/Information/0/Value/StringWithMarkup/25/String,string,135Cem
/Record/Section/7/Section/4/Information/0/Value/StringWithMarkup/25/Markup/0/Start,number,0
/Record/Section/7/Section/4/Information/0/Value/StringWithMarkup/25/Markup/0/Length,number,3
/Record/Section/7/Section/4/Information/0/Value/StringWithMarkup/25/Markup/0/Type,string,Superscript
/Record/Section/7/Section/4/Information/0/Value/StringWithMarkup/25/Markup/1/Start,number,5
/Record/Section/7/Section/4/Information/0/Value/StringWithMarkup/25/Markup/1/Length,number,1
/Record/Section/7/Section/4/Information/0/Value/StringWithMarkup/25/Markup/1/Type,string,Superscript
/Record/Section/7/Section/4/Information/0/Value/StringWithMarkup/26/String,string,136Ce
/Record/Section/7/Section/4/Information/0/Value/StringWithMarkup/26/Markup/0/Start,number,0
/Record/Section/7/Section/4/Information/0/Value/StringWithMarkup/26/Markup/0/Length,number,3
/Record/Section/7/Section/4/Information/0/Value/StringWithMarkup/26/Markup/0/Type,string,Superscript
/Record/Section/7/Section/4/Information/0/Value/StringWithMarkup/27/String,string,136Cem
/Record/Section/7/Section/4/Information/0/Value/StringWithMarkup/27/Markup/0/Start,number,0
/Record/Section/7/Section/4/Information/0/Value/StringWithMarkup/27/Markup/0/Length,number,3
/Record/Section/7/Section/4/Information/0/Value/StringWithMarkup/27/Markup/0/Type,string,Superscript
/Record/Section/7/Section/4/Information/0/Value/StringWithMarkup/27/Markup/1/Start,number,5
/Record/Section/7/Section/4/Information/0/Value/StringWithMarkup/27/Markup/1/Length,number,1
/Record/Section/7/Section/4/Information/0/Value/StringWithMarkup/27/Markup/1/Type,string,Superscript
/Record/Section/7/Section/4/Information/0/Value/StringWithMarkup/28/String,string,137Ce
/Record/Section/7/Section/4/Information/0/Value/StringWithMarkup/28/Markup/0/Start,number,0
/Record/Section/7/Section/4/Information/0/Value/StringWithMarkup/28/Markup/0/Length,number,3
/Record/Section/7/Section/4/Information/0/Value/StringWithMarkup/28/Markup/0/Type,string,Superscript
/Record/Section/7/Section/4/Information/0/Value/StringWithMarkup/29/String,string,137Cem
/Record/Section/7/Section/4/Information/0/Value/StringWithMarkup/29/Markup/0/Start,number,0
/Record/Section/7/Section/4/Information/0/Value/StringWithMarkup/29/Markup/0/Length,number,3
/Record/Section/7/Section/4/Information/0/Value/StringWithMarkup/29/Markup/0/Type,string,Superscript
/Record/Section/7/Section/4/Information/0/Value/StringWithMarkup/29/Markup/1/Start,number,5
/Record/Section/7/Section/4/Information/0/Value/StringWithMarkup/29/Markup/1/Length,number,1
/Record/Section/7/Section/4/Information/0/Value/StringWithMarkup/29/Markup/1/Type,string,Superscript
/Record/Section/7/Section/4/Information/0/Value/StringWithMarkup/30/String,string,138Ce
/Record/Section/7/Section/4/Information/0/Value/StringWithMarkup/30/Markup/0/Start,number,0
/Record/Section/7/Section/4/Information/0/Value/StringWithMarkup/30/Markup/0/Length,number,3
/Record/Section/7/Section/4/Information/0/Value/StringWithMarkup/30/Markup/0/Type,string,Superscript
/Record/Section/7/Section/4/Information/0/Value/StringWithMarkup/31/String,string,138Cem
/Record/Section/7/Section/4/Information/0/Value/StringWithMarkup/31/Markup/0/Start,number,0
/Record/Section/7/Section/4/Information/0/Value/StringWithMarkup/31/Markup/0/Length,number,3
/Record/Section/7/Section/4/Information/0/Value/StringWithMarkup/31/Markup/0/Type,string,Superscript
/Record/Section/7/Section/4/Information/0/Value/StringWithMarkup/31/Markup/1/Start,number,5
/Record/Section/7/Section/4/Information/0/Value/StringWithMarkup/31/Markup/1/Length,number,1
/Record/Section/7/Section/4/Information/0/Value/StringWithMarkup/31/Markup/1/Type,string,Superscript
/Record/Section/7/Section/4/Information/0/Value/StringWithMarkup/32/String,string,139Ce
/Record/Section/7/Section/4/Information/0/Value/StringWithMarkup/32/Markup/0/Start,number,0
/Record/Section/7/Section/4/Information/0/Value/StringWithMarkup/32/Markup/0/Length,number,3
/Record/Section/7/Section/4/Information/0/Value/StringWithMarkup/32/Markup/0/Type,string,Superscript
/Record/Section/7/Section/4/Information/0/Value/StringWithMarkup/33/String,string,139Cem
/Record/Section/7/Section/4/Information/0/Value/StringWithMarkup/33/Markup/0/Start,number,0
/Record/Section/7/Section/4/Information/0/Value/StringWithMarkup/33/Markup/0/Length,number,3
/Record/Section/7/Section/4/Information/0/Value/StringWithMarkup/33/Markup/0/Type,string,Superscript
/Record/Section/7/Section/4/Information/0/Value/StringWithMarkup/33/Markup/1/Start,number,5
/Record/Section/7/Section/4/Information/0/Value/StringWithMarkup/33/Markup/1/Length,number,1
/Record/Section/7/Section/4/Information/0/Value/StringWithMarkup/33/Markup/1/Type,string,Superscript
/Record/Section/7/Section/4/Information/0/Value/StringWithMarkup/34/String,string,140Ce
/Record/Section/7/Section/4/Information/0/Value/StringWithMarkup/34/Markup/0/Start,number,0
/Record/Section/7/Section/4/Information/0/Value/StringWithMarkup/34/Markup/0/Length,number,3
/Record/Section/7/Section/4/Information/0/Value/StringWithMarkup/34/Markup/0/Type,string,Superscript
/Record/Section/7/Section/4/Information/0/Value/StringWithMarkup/35/String,string,140Cem
/Record/Section/7/Section/4/Information/0/Value/StringWithMarkup/35/Markup/0/Start,number,0
/Record/Section/7/Section/4/Information/0/Value/StringWithMarkup/35/Markup/0/Length,number,3
/Record/Section/7/Section/4/Information/0/Value/StringWithMarkup/35/Markup/0/Type,string,Superscript
/Record/Section/7/Section/4/Information/0/Value/StringWithMarkup/35/Markup/1/Start,number,5
/Record/Section/7/Section/4/Information/0/Value/StringWithMarkup/35/Markup/1/Length,number,1
/Record/Section/7/Section/4/Information/0/Value/StringWithMarkup/35/Markup/1/Type,string,Superscript
/Record/Section/7/Section/4/Information/0/Value/StringWithMarkup/36/String,string,141Ce
/Record/Section/7/Section/4/Information/0/Value/StringWithMarkup/36/Markup/0/Start,number,0
/Record/Section/7/Section/4/Information/0/Value/StringWithMarkup/36/Markup/0/Length,number,3
/Record/Section/7/Section/4/Information/0/Value/StringWithMarkup/36/Markup/0/Type,string,Superscript
/Record/Section/7/Section/4/Information/0/Value/StringWithMarkup/37/String,string,142Ce
/Record/Section/7/Section/4/Information/0/Value/StringWithMarkup/37/Markup/0/Start,number,0
/Record/Section/7/Section/4/Information/0/Value/StringWithMarkup/37/Markup/0/Length,number,3
/Record/Section/7/Section/4/Information/0/Value/StringWithMarkup/37/Markup/0/Type,string,Superscript
/Record/Section/7/Section/4/Information/0/Value/StringWithMarkup/38/String,string,143Ce
/Record/Section/7/Section/4/Information/0/Value/StringWithMarkup/38/Markup/0/Start,number,0
/Record/Section/7/Section/4/Information/0/Value/StringWithMarkup/38/Markup/0/Length,number,3
/Record/Section/7/Section/4/Information/0/Value/StringWithMarkup/38/Markup/0/Type,string,Superscript
/Record/Section/7/Section/4/Information/0/Value/StringWithMarkup/39/String,string,144Ce
/Record/Section/7/Section/4/Information/0/Value/StringWithMarkup/39/Markup/0/Start,number,0
/Record/Section/7/Section/4/Information/0/Value/StringWithMarkup/39/Markup/0/Length,number,3
/Record/Section/7/Section/4/Information/0/Value/StringWithMarkup/39/Markup/0/Type,string,Superscript
/Record/Section/7/Section/4/Information/0/Value/StringWithMarkup/40/String,string,145Ce
/Record/Section/7/Section/4/Information/0/Value/StringWithMarkup/40/Markup/0/Start,number,0
/Record/Section/7/Section/4/Information/0/Value/StringWithMarkup/40/Markup/0/Length,number,3
/Record/Section/7/Section/4/Information/0/Value/StringWithMarkup/40/Markup/0/Type,string,Superscript
/Record/Section/7/Section/4/Information/0/Value/StringWithMarkup/41/String,string,146Ce
/Record/Section/7/Section/4/Information/0/Value/StringWithMarkup/41/Markup/0/Start,number,0
/Record/Section/7/Section/4/Information/0/Value/StringWithMarkup/41/Markup/0/Length,number,3
/Record/Section/7/Section/4/Information/0/Value/StringWithMarkup/41/Markup/0/Type,string,Superscript
/Record/Section/7/Section/4/Information/0/Value/StringWithMarkup/42/String,string,147Ce
/Record/Section/7/Section/4/Information/0/Value/StringWithMarkup/42/Markup/0/Start,number,0
/Record/Section/7/Section/4/Information/0/Value/StringWithMarkup/42/Markup/0/Length,number,3
/Record/Section/7/Section/4/Information/0/Value/StringWithMarkup/42/Markup/0/Type,string,Superscript
/Record/Section/7/Section/4/Information/0/Value/StringWithMarkup/43/String,string,148Ce
/Record/Section/7/Section/4/Information/0/Value/StringWithMarkup/43/Markup/0/Start,number,0
/Record/Section/7/Section/4/Information/0/Value/StringWithMarkup/43/Markup/0/Length,number,3
/Record/Section/7/Section/4/Information/0/Value/StringWithMarkup/43/Markup/0/Type,string,Superscript
/Record/Section/7/Section/4/Information/0/Value/StringWithMarkup/44/String,string,149Ce
/Record/Section/7/Section/4/Information/0/Value/StringWithMarkup/44/Markup/0/Start,number,0
/Record/Section/7/Section/4/Information/0/Value/StringWithMarkup/44/Markup/0/Length,number,3
/Record/Section/7/Section/4/Information/0/Value/StringWithMarkup/44/Markup/0/Type,string,Superscript
/Record/Section/7/Section/4/Information/0/Value/StringWithMarkup/45/String,string,150Ce
/Record/Section/7/Section/4/Information/0/Value/StringWithMarkup/45/Markup/0/Start,number,0
/Record/Section/7/Section/4/Information/0/Value/StringWithMarkup/45/Markup/0/Length,number,3
/Record/Section/7/Section/4/Information/0/Value/StringWithMarkup/45/Markup/0/Type,string,Superscript
/Record/Section/7/Section/4/Information/0/Value/StringWithMarkup/46/String,string,151Ce
/Record/Section/7/Section/4/Information/0/Value/StringWithMarkup/46/Markup/0/Start,number,0
/Record/Section/7/Section/4/Information/0/Value/StringWithMarkup/46/Markup/0/Length,number,3
/Record/Section/7/Section/4/Information/0/Value/StringWithMarkup/46/Markup/0/Type,string,Superscript
/Record/Section/7/Section/4/Information/0/Value/StringWithMarkup/47/String,string,152Ce
/Record/Section/7/Section/4/Information/0/Value/StringWithMarkup/47/Markup/0/Start,number,0
/Record/Section/7/Section/4/Information/0/Value/StringWithMarkup/47/Markup/0/Length,number,3
/Record/Section/7/Section/4/Information/0/Value/StringWithMarkup/47/Markup/0/Type,string,Superscript
/Record/Section/7/Section/4/Information/0/Value/StringWithMarkup/48/String,string,153Ce
/Record/Section/7/Section/4/Information/0/Value/StringWithMarkup/48/Markup/0/Start,number,0
/Record/Section/7/Section/4/Information/0/Value/StringWithMarkup/48/Markup/0/Length,number,3
/Record/Section/7/Section/4/Information/0/Value/StringWithMarkup/48/Markup/0/Type,string,Superscript
/Record/Section/7/Section/4/Information/0/Value/StringWithMarkup/49/String,string,154Ce
/Record/Section/7/Section/4/Information/0/Value/StringWithMarkup/49/Markup/0/Start,number,0
/Record/Section/7/Section/4/Information/0/Value/StringWithMarkup/49/Markup/0/Length,number,3
/Record/Section/7/Section/4/Information/0/Value/StringWithMarkup/49/Markup/0/Type,string,Superscript
/Record/Section/7/Section/4/Information/0/Value/StringWithMarkup/50/String,string,155Ce
/Record/Section/7/Section/4/Information/0/Value/StringWithMarkup/50/Markup/0/Start,number,0
/Record/Section/7/Section/4/Information/0/Value/StringWithMarkup/50/Markup/0/Length,number,3
/Record/Section/7/Section/4/Information/0/Value/StringWithMarkup/50/Markup/0/Type,string,Superscript
/Record/Section/7/Section/4/Information/0/Value/StringWithMarkup/51/String,string,156Ce
/Record/Section/7/Section/4/Information/0/Value/StringWithMarkup/51/Markup/0/Start,number,0
/Record/Section/7/Section/4/Information/0/Value/StringWithMarkup/51/Markup/0/Length,number,3
/Record/Section/7/Section/4/Information/0/Value/StringWithMarkup/51/Markup/0/Type,string,Superscript
/Record/Section/7/Section/4/Information/0/Value/StringWithMarkup/52/String,string,157Ce
/Record/Section/7/Section/4/Information/0/Value/StringWithMarkup/52/Markup/0/Start,number,0
/Record/Section/7/Section/4/Information/0/Value/StringWithMarkup/52/Markup/0/Length,number,3
/Record/Section/7/Section/4/Information/0/Value/StringWithMarkup/52/Markup/0/Type,string,Superscript
/Record/Section/7/Section/4/Information/0/Value/StringWithMarkup/53/String,string,158Ce
/Record/Section/7/Section/4/Information/0/Value/StringWithMarkup/53/Markup/0/Start,number,0
/Record/Section/7/Section/4/Information/0/Value/StringWithMarkup/53/Markup/0/Length,number,3
/Record/Section/7/Section/4/Information/0/Value/StringWithMarkup/53/Markup/0/Type,string,Superscript
/Record/Section/7/Section/4/Information/0/Value/StringWithMarkup/54/String,string,159Ce
/Record/Section/7/Section/4/Information/0/Value/StringWithMarkup/54/Markup/0/Start,number,0
/Record/Section/7/Section/4/Information/0/Value/StringWithMarkup/54/Markup/0/Length,number,3
/Record/Section/7/Section/4/Information/0/Value/StringWithMarkup/54/Markup/0/Type,string,Superscript
/Record/Section/7/Section/4/Information/1/ReferenceNumber,number,2
/Record/Section/7/Section/4/Information/1/Name,string,Atomic Mass and Uncertainty [u]
/Record/Section/7/Section/4/Information/1/Value/StringWithMarkup/0/String,string,118.952957 ± 0.000537 [Estimated]
/Record/Section/7/Section/4/Information/1/Value/StringWithMarkup/1/String,string,119.946613 ± 0.000537 [Estimated]
/Record/Section/7/Section/4/Information/1/Value/StringWithMarkup/2/String,string,120.943435 ± 0.00043 [Estimated]
/Record/Section/7/Section/4/Information/1/Value/StringWithMarkup/3/String,string,121.937870 ± 0.00043 [Estimated]
/Record/Section/7/Section/4/Information/1/Value/StringWithMarkup/4/String,string,122.935280 ± 0.00032 [Estimated]
/Record/Section/7/Section/4/Information/1/Value/StringWithMarkup/5/String,string,123.930310 ± 0.00032 [Estimated]
/Record/Section/7/Section/4/Information/1/Value/StringWithMarkup/6/String,string,124.928440 ± 0.00021 [Estimated]
/Record/Section/7/Section/4/Information/1/Value/StringWithMarkup/7/String,string,124.928440 ± 0.00021 [Estimated]
/Record/Section/7/Section/4/Information/1/Value/StringWithMarkup/8/String,string,125.923971000 ± 0.00003
/Record/Section/7/Section/4/Information/1/Value/StringWithMarkup/9/String,string,126.922727000 ± 0.000031
/Record/Section/7/Section/4/Information/1/Value/StringWithMarkup/10/String,string,126.922727000 ± 0.000031
/Record/Section/7/Section/4/Information/1/Value/StringWithMarkup/11/String,string,126.922727000 ± 0.000031
/Record/Section/7/Section/4/Information/1/Value/StringWithMarkup/12/String,string,127.918911000 ± 0.00003
/Record/Section/7/Section/4/Information/1/Value/StringWithMarkup/13/String,string,128.918102000 ± 0.00003
/Record/Section/7/Section/4/Information/1/Value/StringWithMarkup/14/String,string,129.914736000 ± 0.00003
/Record/Section/7/Section/4/Information/1/Value/StringWithMarkup/15/String,string,129.914736000 ± 0.00003
/Record/Section/7/Section/4/Information/1/Value/StringWithMarkup/16/String,string,130.914429465 ± 0.000035214
/Record/Section/7/Section/4/Information/1/Value/StringWithMarkup/17/String,string,130.914429465 ± 0.000035214
/Record/Section/7/Section/4/Information/1/Value/StringWithMarkup/18/String,string,131.911466226 ± 0.000021907
/Record/Section/7/Section/4/Information/1/Value/StringWithMarkup/19/String,string,131.911466226 ± 0.000021907
/Record/Section/7/Section/4/Information/1/Value/StringWithMarkup/20/String,string,132.911520402 ± 0.000017557
/Record/Section/7/Section/4/Information/1/Value/StringWithMarkup/21/String,string,132.911520402 ± 0.000017557
/Record/Section/7/Section/4/Information/1/Value/StringWithMarkup/22/String,string,133.908928142 ± 0.000021886
/Record/Section/7/Section/4/Information/1/Value/StringWithMarkup/23/String,string,133.908928142 ± 0.000021886
/Record/Section/7/Section/4/Information/1/Value/StringWithMarkup/24/String,string,134.909160662 ± 0.000011021
/Record/Section/7/Section/4/Information/1/Value/StringWithMarkup/25/String,string,134.909160662 ± 0.000011021
/Record/Section/7/Section/4/Information/1/Value/StringWithMarkup/26/String,string,135.907129256 ± 0.000000348
/Record/Section/7/Section/4/Information/1/Value/StringWithMarkup/27/String,string,135.907129256 ± 0.000000348
/Record/Section/7/Section/4/Information/1/Value/StringWithMarkup/28/String,string,136.907762416 ± 0.000000386
/Record/Section/7/Section/4/Information/1/Value/StringWithMarkup/29/String,string,136.907762416 ± 0.000000386
/Record/Section/7/Section/4/Information/1/Value/StringWithMarkup/30/String,string,137.905994180 ± 0.000000536
/Record/Section/7/Section/4/Information/1/Value/StringWithMarkup/31/String,string,137.905994180 ± 0.000000536
/Record/Section/7/Section/4/Information/1/Value/StringWithMarkup/32/String,string,138.906647029 ± 0.000002242
/Record/Section/7/Section/4/Information/1/Value/StringWithMarkup/33/String,string,138.906647029 ± 0.000002242
/Record/Section/7/Section/4/Information/1/Value/StringWithMarkup/34/String,string,139.905448433 ± 0.000001409
/Record/Section/7/Section/4/Information/1/Value/StringWithMarkup/35/String,string,139.905448433 ± 0.000001409
/Record/Section/7/Section/4/Information/1/Value/StringWithMarkup/36/String,string,140.908285991 ± 0.000001411
/Record/Section/7/Section/4/Information/1/Value/StringWithMarkup/37/String,string,141.909250208 ± 0.000002623
/Record/Section/7/Section/4/Information/1/Value/StringWithMarkup/38/String,string,142.912391953 ± 0.000002621
/Record/Section/7/Section/4/Information/1/Value/StringWithMarkup/39/String,string,143.913652763 ± 0.000003041
/Record/Section/7/Section/4/Information/1/Value/StringWithMarkup/40/String,string,144.917265113 ± 0.000036393
/Record/Section/7/Section/4/Information/1/Value/StringWithMarkup/41/String,string,145.918812294 ± 0.000015743
/Record/Section/7/Section/4/Information/1/Value/StringWithMarkup/42/String,string,146.922689900 ± 0.000009211
/Record/Section/7/Section/4/Information/1/Value/StringWithMarkup/43/String,string,147.924424186 ± 0.000012017
/Record/Section/7/Section/4/Information/1/Value/StringWithMarkup/44/String,string,148.928426900 ± 0.000011
/Record/Section/7/Section/4/Information/1/Value/StringWithMarkup/45/String,string,149.930384032 ± 0.000012556
/Record/Section/7/Section/4/Information/1/Value/StringWithMarkup/46/String,string,150.934272200 ± 0.000019
/Record/Section/7/Section/4/Information/1/Value/StringWithMarkup/47/String,string,151.936682 ± 0.000215 [Estimated]
/Record/Section/7/Section/4/Information/1/Value/StringWithMarkup/48/String,string,152.941052 ± 0.000215 [Estimated]
/Record/Section/7/Section/4/Information/1/Value/StringWithMarkup/49/String,string,153.943940 ± 0.000215 [Estimated]
/Record/Section/7/Section/4/Information/1/Value/StringWithMarkup/50/String,string,154.948706 ± 0.000322 [Estimated]
/Record/Section/7/Section/4/Information/1/Value/StringWithMarkup/51/String,string,155.951884 ± 0.000322 [Estimated]
/Record/Section/7/Section/4/Information/1/Value/StringWithMarkup/52/String,string,156.957133 ± 0.000429 [Estimated]
/Record/Section/7/Section/4/Information/1/Value/StringWithMarkup/53/String,string,157.960773 ± 0.000429 [Estimated]
/Record/Section/7/Section/4/Information/1/Value/StringWithMarkup/54/String,string,158.966355 ± 0.000537 [Estimated]
/Record/Section/7/Section/4/Information/2/ReferenceNumber,number,2
/Record/Section/7/Section/4/Information/2/Name,string,Half Life and Uncertainty
/Record/Section/7/Section/4/Information/2/Value/StringWithMarkup/0/String,string,200 ms [Estimated]
/Record/Section/7/Section/4/Information/2/Value/StringWithMarkup/1/String,string,250 ms [Estimated]
/Record/Section/7/Section/4/Information/2/Value/StringWithMarkup/2/String,string,1.1 s ± 0.1
/Record/Section/7/Section/4/Information/2/Value/StringWithMarkup/3/String,string,2 s [Estimated]
/Record/Section/7/Section/4/Information/2/Value/StringWithMarkup/4/String,string,3.8 s ± 0.2
/Record/Section/7/Section/4/Information/2/Value/StringWithMarkup/5/String,string,9.1 s ± 1.2
/Record/Section/7/Section/4/Information/2/Value/StringWithMarkup/6/String,string,9.7 s ± 0.3
/Record/Section/7/Section/4/Information/2/Value/StringWithMarkup/7/String,string,13 s ± 10
/Record/Section/7/Section/4/Information/2/Value/StringWithMarkup/8/String,string,51.0 s ± 0.3
/Record/Section/7/Section/4/Information/2/Value/StringWithMarkup/9/String,string,34 s ± 2
/Record/Section/7/Section/4/Information/2/Value/StringWithMarkup/10/String,string,28.6 s ± 0.7
/Record/Section/7/Section/4/Information/2/Value/StringWithMarkup/11/String,string,>10 us
/Record/Section/7/Section/4/Information/2/Value/StringWithMarkup/12/String,string,3.93 m ± 0.02
/Record/Section/7/Section/4/Information/2/Value/StringWithMarkup/13/String,string,3.5 m ± 0.3
/Record/Section/7/Section/4/Information/2/Value/StringWithMarkup/14/String,string,22.9 m ± 0.5
/Record/Section/7/Section/4/Information/2/Value/StringWithMarkup/15/String,string,100 ns ± 8
/Record/Section/7/Section/4/Information/2/Value/StringWithMarkup/16/String,string,10.3 m ± 0.3
/Record/Section/7/Section/4/Information/2/Value/StringWithMarkup/17/String,string,5.4 m ± 0.4
/Record/Section/7/Section/4/Information/2/Value/StringWithMarkup/18/String,string,3.51 h ± 0.11
/Record/Section/7/Section/4/Information/2/Value/StringWithMarkup/19/String,string,9.4 ms ± 0.3
/Record/Section/7/Section/4/Information/2/Value/StringWithMarkup/20/String,string,97 m ± 4
/Record/Section/7/Section/4/Information/2/Value/StringWithMarkup/21/String,string,5.1 h ± 0.3
/Record/Section/7/Section/4/Information/2/Value/StringWithMarkup/22/String,string,3.16 d ± 0.04
/Record/Section/7/Section/4/Information/2/Value/StringWithMarkup/23/String,string,308 ns ± 5
/Record/Section/7/Section/4/Information/2/Value/StringWithMarkup/24/String,string,17.7 h ± 0.3
/Record/Section/7/Section/4/Information/2/Value/StringWithMarkup/25/String,string,20 s ± 1
/Record/Section/7/Section/4/Information/2/Value/StringWithMarkup/26/String,string,Stable >32Py
/Record/Section/7/Section/4/Information/2/Value/StringWithMarkup/27/String,string,1.96 us ± 0.09
/Record/Section/7/Section/4/Information/2/Value/StringWithMarkup/28/String,string,9.0 h ± 0.3
/Record/Section/7/Section/4/Information/2/Value/StringWithMarkup/29/String,string,34.4 h ± 0.3
/Record/Section/7/Section/4/Information/2/Value/StringWithMarkup/30/String,string,Stable >44Py
/Record/Section/7/Section/4/Information/2/Value/StringWithMarkup/31/String,string,8.73 ms ± 0.20
/Record/Section/7/Section/4/Information/2/Value/StringWithMarkup/32/String,string,137.642 d ± 0.020
/Record/Section/7/Section/4/Information/2/Value/StringWithMarkup/33/String,string,57.58 s ± 0.32
/Record/Section/7/Section/4/Information/2/Value/StringWithMarkup/34/String,string,Stable
/Record/Section/7/Section/4/Information/2/Value/StringWithMarkup/35/String,string,7.3 us ± 1.5
/Record/Section/7/Section/4/Information/2/Value/StringWithMarkup/36/String,string,32.505 d ± 0.010
/Record/Section/7/Section/4/Information/2/Value/StringWithMarkup/37/String,string,Stable >2.9Ey
/Record/Section/7/Section/4/Information/2/Value/StringWithMarkup/38/String,string,33.039 h ± 0.006
/Record/Section/7/Section/4/Information/2/Value/StringWithMarkup/39/String,string,284.886 d ± 0.025
/Record/Section/7/Section/4/Information/2/Value/StringWithMarkup/40/String,string,3.01 m ± 0.06
/Record/Section/7/Section/4/Information/2/Value/StringWithMarkup/41/String,string,13.49 m ± 0.16
/Record/Section/7/Section/4/Information/2/Value/StringWithMarkup/42/String,string,56.4 s ± 1.0
/Record/Section/7/Section/4/Information/2/Value/StringWithMarkup/43/String,string,56.8 s ± 0.3
/Record/Section/7/Section/4/Information/2/Value/StringWithMarkup/44/String,string,4.94 s ± 0.04
/Record/Section/7/Section/4/Information/2/Value/StringWithMarkup/45/String,string,6.05 s ± 0.07
/Record/Section/7/Section/4/Information/2/Value/StringWithMarkup/46/String,string,1.76 s ± 0.06
/Record/Section/7/Section/4/Information/2/Value/StringWithMarkup/47/String,string,1.42 s ± 0.02
/Record/Section/7/Section/4/Information/2/Value/StringWithMarkup/48/String,string,865 ms ± 25
/Record/Section/7/Section/4/Information/2/Value/StringWithMarkup/49/String,string,722 ms ± 14
/Record/Section/7/Section/4/Information/2/Value/StringWithMarkup/50/String,string,313 ms ± 7
/Record/Section/7/Section/4/Information/2/Value/StringWithMarkup/51/String,string,233 ms ± 9
/Record/Section/7/Section/4/Information/2/Value/StringWithMarkup/52/String,string,175 ms ± 41
/Record/Section/7/Section/4/Information/2/Value/StringWithMarkup/53/String,string,99 ms ± 93
/Record/Section/7/Section/4/Information/2/Value/StringWithMarkup/54/String,string,Not-specified
/Record/Section/7/Section/4/Information/3/ReferenceNumber,number,2
/Record/Section/7/Section/4/Information/3/Name,string,Discovery Year
/Record/Section/7/Section/4/Information/3/Value/StringWithMarkup/0/String,string,
/Record/Section/7/Section/4/Information/3/Value/StringWithMarkup/1/String,string,
/Record/Section/7/Section/4/Information/3/Value/StringWithMarkup/2/String,string,1997
/Record/Section/7/Section/4/Information/3/Value/StringWithMarkup/3/String,string,2005
/Record/Section/7/Section/4/Information/3/Value/StringWithMarkup/4/String,string,1984
/Record/Section/7/Section/4/Information/3/Value/StringWithMarkup/5/String,string,1978
/Record/Section/7/Section/4/Information/3/Value/StringWithMarkup/6/String,string,1978
/Record/Section/7/Section/4/Information/3/Value/StringWithMarkup/7/String,string,2007
/Record/Section/7/Section/4/Information/3/Value/StringWithMarkup/8/String,string,1978
/Record/Section/7/Section/4/Information/3/Value/StringWithMarkup/9/String,string,1978
/Record/Section/7/Section/4/Information/3/Value/StringWithMarkup/10/String,string,1978
/Record/Section/7/Section/4/Information/3/Value/StringWithMarkup/11/String,string,1995
/Record/Section/7/Section/4/Information/3/Value/StringWithMarkup/12/String,string,1968
/Record/Section/7/Section/4/Information/3/Value/StringWithMarkup/13/String,string,1977
/Record/Section/7/Section/4/Information/3/Value/StringWithMarkup/14/String,string,1965
/Record/Section/7/Section/4/Information/3/Value/StringWithMarkup/15/String,string,1999
/Record/Section/7/Section/4/Information/3/Value/StringWithMarkup/16/String,string,1966
/Record/Section/7/Section/4/Information/3/Value/StringWithMarkup/17/String,string,1966
/Record/Section/7/Section/4/Information/3/Value/StringWithMarkup/18/String,string,1960
/Record/Section/7/Section/4/Information/3/Value/StringWithMarkup/19/String,string,1969
/Record/Section/7/Section/4/Information/3/Value/StringWithMarkup/20/String,string,1951
/Record/Section/7/Section/4/Information/3/Value/StringWithMarkup/21/String,string,1951
/Record/Section/7/Section/4/Information/3/Value/StringWithMarkup/22/String,string,1951
/Record/Section/7/Section/4/Information/3/Value/StringWithMarkup/23/String,string,1980
/Record/Section/7/Section/4/Information/3/Value/StringWithMarkup/24/String,string,1948
/Record/Section/7/Section/4/Information/3/Value/StringWithMarkup/25/String,string,1963
/Record/Section/7/Section/4/Information/3/Value/StringWithMarkup/26/String,string,1936
/Record/Section/7/Section/4/Information/3/Value/StringWithMarkup/27/String,string,1991
/Record/Section/7/Section/4/Information/3/Value/StringWithMarkup/28/String,string,1948
/Record/Section/7/Section/4/Information/3/Value/StringWithMarkup/29/String,string,1958
/Record/Section/7/Section/4/Information/3/Value/StringWithMarkup/30/String,string,1936
/Record/Section/7/Section/4/Information/3/Value/StringWithMarkup/31/String,string,1960
/Record/Section/7/Section/4/Information/3/Value/StringWithMarkup/32/String,string,1948
/Record/Section/7/Section/4/Information/3/Value/StringWithMarkup/33/String,string,1967
/Record/Section/7/Section/4/Information/3/Value/StringWithMarkup/34/String,string,1925
/Record/Section/7/Section/4/Information/3/Value/StringWithMarkup/35/String,string,1966
/Record/Section/7/Section/4/Information/3/Value/StringWithMarkup/36/String,string,1948
/Record/Section/7/Section/4/Information/3/Value/StringWithMarkup/37/String,string,1925
/Record/Section/7/Section/4/Information/3/Value/StringWithMarkup/38/String,string,1948
/Record/Section/7/Section/4/Information/3/Value/StringWithMarkup/39/String,string,1945
/Record/Section/7/Section/4/Information/3/Value/StringWithMarkup/40/String,string,1954
/Record/Section/7/Section/4/Information/3/Value/StringWithMarkup/41/String,string,1953
/Record/Section/7/Section/4/Information/3/Value/StringWithMarkup/42/String,string,1964
/Record/Section/7/Section/4/Information/3/Value/StringWithMarkup/43/String,string,1964
/Record/Section/7/Section/4/Information/3/Value/StringWithMarkup/44/String,string,1974
/Record/Section/7/Section/4/Information/3/Value/StringWithMarkup/45/String,string,1970
/Record/Section/7/Section/4/Information/3/Value/StringWithMarkup/46/String,string,1997
/Record/Section/7/Section/4/Information/3/Value/StringWithMarkup/47/String,string,1990
/Record/Section/7/Section/4/Information/3/Value/StringWithMarkup/48/String,string,1994
/Record/Section/7/Section/4/Information/3/Value/StringWithMarkup/49/String,string,1994
/Record/Section/7/Section/4/Information/3/Value/StringWithMarkup/50/String,string,1994
/Record/Section/7/Section/4/Information/3/Value/StringWithMarkup/51/String,string,2017
/Record/Section/7/Section/4/Information/3/Value/StringWithMarkup/52/String,string,2017
/Record/Section/7/Section/4/Information/3/Value/StringWithMarkup/53/String,string,2016
/Record/Section/7/Section/4/Information/3/Value/StringWithMarkup/54/String,string,
/Record/Section/7/Section/4/Information/4/ReferenceNumber,number,2
/Record/Section/7/Section/4/Information/4/Name,string,"Decay Modes, Intensities and Uncertainties [%]"
/Record/Section/7/Section/4/Information/4/Value/StringWithMarkup/0/String,string,β+ ?; β+p ?
/Record/Section/7/Section/4/Information/4/Value/StringWithMarkup/0/Markup/0/Start,number,1
/Record/Section/7/Section/4/Information/4/Value/StringWithMarkup/0/Markup/0/Length,number,1
/Record/Section/7/Section/4/Information/4/Value/StringWithMarkup/0/Markup/0/Type,string,Superscript
/Record/Section/7/Section/4/Information/4/Value/StringWithMarkup/0/Markup/1/Start,number,7
/Record/Section/7/Section/4/Information/4/Value/StringWithMarkup/0/Markup/1/Length,number,1
/Record/Section/7/Section/4/Information/4/Value/StringWithMarkup/0/Markup/1/Type,string,Superscript
/Record/Section/7/Section/4/Information/4/Value/StringWithMarkup/1/String,string,β+ ?; β+p ?
/Record/Section/7/Section/4/Information/4/Value/StringWithMarkup/1/Markup/0/Start,number,1
/Record/Section/7/Section/4/Information/4/Value/StringWithMarkup/1/Markup/0/Length,number,1
/Record/Section/7/Section/4/Information/4/Value/StringWithMarkup/1/Markup/0/Type,string,Superscript
/Record/Section/7/Section/4/Information/4/Value/StringWithMarkup/1/Markup/1/Start,number,7
/Record/Section/7/Section/4/Information/4/Value/StringWithMarkup/1/Markup/1/Length,number,1
/Record/Section/7/Section/4/Information/4/Value/StringWithMarkup/1/Markup/1/Type,string,Superscript
/Record/Section/7/Section/4/Information/4/Value/StringWithMarkup/2/String,string,β+=100%; β+p≈1%
/Record/Section/7/Section/4/Information/4/Value/StringWithMarkup/2/Markup/0/Start,number,1
/Record/Section/7/Section/4/Information/4/Value/StringWithMarkup/2/Markup/0/Length,number,1
/Record/Section/7/Section/4/Information/4/Value/StringWithMarkup/2/Markup/0/Type,string,Superscript
/Record/Section/7/Section/4/Information/4/Value/StringWithMarkup/2/Markup/1/Start,number,10
/Record/Section/7/Section/4/Information/4/Value/StringWithMarkup/2/Markup/1/Length,number,1
/Record/Section/7/Section/4/Information/4/Value/StringWithMarkup/2/Markup/1/Type,string,Superscript
/Record/Section/7/Section/4/Information/4/Value/StringWithMarkup/3/String,string,β+ ?; β+p ?
/Record/Section/7/Section/4/Information/4/Value/StringWithMarkup/3/Markup/0/Start,number,1
/Record/Section/7/Section/4/Information/4/Value/StringWithMarkup/3/Markup/0/Length,number,1
/Record/Section/7/Section/4/Information/4/Value/StringWithMarkup/3/Markup/0/Type,string,Superscript
/Record/Section/7/Section/4/Information/4/Value/StringWithMarkup/3/Markup/1/Start,number,7
/Record/Section/7/Section/4/Information/4/Value/StringWithMarkup/3/Markup/1/Length,number,1
/Record/Section/7/Section/4/Information/4/Value/StringWithMarkup/3/Markup/1/Type,string,Superscript
/Record/Section/7/Section/4/Information/4/Value/StringWithMarkup/4/String,string,β+=100%; β+p=?
/Record/Section/7/Section/4/Information/4/Value/StringWithMarkup/4/Markup/0/Start,number,1
/Record/Section/7/Section/4/Information/4/Value/StringWithMarkup/4/Markup/0/Length,number,1
/Record/Section/7/Section/4/Information/4/Value/StringWithMarkup/4/Markup/0/Type,string,Superscript
/Record/Section/7/Section/4/Information/4/Value/StringWithMarkup/4/Markup/1/Start,number,10
/Record/Section/7/Section/4/Information/4/Value/StringWithMarkup/4/Markup/1/Length,number,1
/Record/Section/7/Section/4/Information/4/Value/StringWithMarkup/4/Markup/1/Type,string,Superscript
/Record/Section/7/Section/4/Information/4/Value/StringWithMarkup/5/String,string,β+=100%
/Record/Section/7/Section/4/Information/4/Value/StringWithMarkup/5/Markup/0/Start,number,1
/Record/Section/7/Section/4/Information/4/Value/StringWithMarkup/5/Markup/0/Length,number,1
/Record/Section/7/Section/4/Information/4/Value/StringWithMarkup/5/Markup/0/Type,string,Superscript
/Record/Section/7/Section/4/Information/4/Value/StringWithMarkup/6/String,string,β+=100%; β+p=?
/Record/Section/7/Section/4/Information/4/Value/StringWithMarkup/6/Markup/0/Start,number,1
/Record/Section/7/Section/4/Information/4/Value/StringWithMarkup/6/Markup/0/Length,number,1
/Record/Section/7/Section/4/Information/4/Value/StringWithMarkup/6/Markup/0/Type,string,Superscript
/Record/Section/7/Section/4/Information/4/Value/StringWithMarkup/6/Markup/1/Start,number,10
/Record/Section/7/Section/4/Information/4/Value/StringWithMarkup/6/Markup/1/Length,number,1
/Record/Section/7/Section/4/Information/4/Value/StringWithMarkup/6/Markup/1/Type,string,Superscript
/Record/Section/7/Section/4/Information/4/Value/StringWithMarkup/7/String,string,IT=100%
/Record/Section/7/Section/4/Information/4/Value/StringWithMarkup/8/String,string,β+=100%
/Record/Section/7/Section/4/Information/4/Value/StringWithMarkup/8/Markup/0/Start,number,1
/Record/Section/7/Section/4/Information/4/Value/StringWithMarkup/8/Markup/0/Length,number,1
/Record/Section/7/Section/4/Information/4/Value/StringWithMarkup/8/Markup/0/Type,string,Superscript
/Record/Section/7/Section/4/Information/4/Value/StringWithMarkup/9/String,string,β+=100%
/Record/Section/7/Section/4/Information/4/Value/StringWithMarkup/9/Markup/0/Start,number,1
/Record/Section/7/Section/4/Information/4/Value/StringWithMarkup/9/Markup/0/Length,number,1
/Record/Section/7/Section/4/Information/4/Value/StringWithMarkup/9/Markup/0/Type,string,Superscript
/Record/Section/7/Section/4/Information/4/Value/StringWithMarkup/10/String,string,β+=100%
/Record/Section/7/Section/4/Information/4/Value/StringWithMarkup/10/Markup/0/Start,number,1
/Record/Section/7/Section/4/Information/4/Value/StringWithMarkup/10/Markup/0/Length,number,1
/Record/Section/7/Section/4/Information/4/Value/StringWithMarkup/10/Markup/0/Type,string,Superscript
/Record/Section/7/Section/4/Information/4/Value/StringWithMarkup/11/String,string,IT=100%
/Record/Section/7/Section/4/Information/4/Value/StringWithMarkup/12/String,string,β+=100%
/Record/Section/7/Section/4/Information/4/Value/StringWithMarkup/12/Markup/0/Start,number,1
/Record/Section/7/Section/4/Information/4/Value/StringWithMarkup/12/Markup/0/Length,number,1
/Record/Section/7/Section/4/Information/4/Value/StringWithMarkup/12/Markup/0/Type,string,Superscript
/Record/Section/7/Section/4/Information/4/Value/StringWithMarkup/13/String,string,β+=100%
/Record/Section/7/Section/4/Information/4/Value/StringWithMarkup/13/Markup/0/Start,number,1
/Record/Section/7/Section/4/Information/4/Value/StringWithMarkup/13/Markup/0/Length,number,1
/Record/Section/7/Section/4/Information/4/Value/StringWithMarkup/13/Markup/0/Type,string,Superscript
/Record/Section/7/Section/4/Information/4/Value/StringWithMarkup/14/String,string,β+=100%
/Record/Section/7/Section/4/Information/4/Value/StringWithMarkup/14/Markup/0/Start,number,1
/Record/Section/7/Section/4/Information/4/Value/StringWithMarkup/14/Markup/0/Length,number,1
/Record/Section/7/Section/4/Information/4/Value/StringWithMarkup/14/Markup/0/Type,string,Superscript
/Record/Section/7/Section/4/Information/4/Value/StringWithMarkup/15/String,string,IT=100%
/Record/Section/7/Section/4/Information/4/Value/StringWithMarkup/16/String,string,β+=100%
/Record/Section/7/Section/4/Information/4/Value/StringWithMarkup/16/Markup/0/Start,number,1
/Record/Section/7/Section/4/Information/4/Value/StringWithMarkup/16/Markup/0/Length,number,1
/Record/Section/7/Section/4/Information/4/Value/StringWithMarkup/16/Markup/0/Type,string,Superscript
/Record/Section/7/Section/4/Information/4/Value/StringWithMarkup/17/String,string,β+=100%
/Record/Section/7/Section/4/Information/4/Value/StringWithMarkup/17/Markup/0/Start,number,1
/Record/Section/7/Section/4/Information/4/Value/StringWithMarkup/17/Markup/0/Length,number,1
/Record/Section/7/Section/4/Information/4/Value/StringWithMarkup/17/Markup/0/Type,string,Superscript
/Record/Section/7/Section/4/Information/4/Value/StringWithMarkup/18/String,string,β+=100%
/Record/Section/7/Section/4/Information/4/Value/StringWithMarkup/18/Markup/0/Start,number,1
/Record/Section/7/Section/4/Information/4/Value/StringWithMarkup/18/Markup/0/Length,number,1
/Record/Section/7/Section/4/Information/4/Value/StringWithMarkup/18/Markup/0/Type,string,Superscript
/Record/Section/7/Section/4/Information/4/Value/StringWithMarkup/19/String,string,IT=100%
/Record/Section/7/Section/4/Information/4/Value/StringWithMarkup/20/String,string,β+=100%
/Record/Section/7/Section/4/Information/4/Value/StringWithMarkup/20/Markup/0/Start,number,1
/Record/Section/7/Section/4/Information/4/Value/StringWithMarkup/20/Markup/0/Length,number,1
/Record/Section/7/Section/4/Information/4/Value/StringWithMarkup/20/Markup/0/Type,string,Superscript
/Record/Section/7/Section/4/Information/4/Value/StringWithMarkup/21/String,string,β+=100%
/Record/Section/7/Section/4/Information/4/Value/StringWithMarkup/21/Markup/0/Start,number,1
/Record/Section/7/Section/4/Information/4/Value/StringWithMarkup/21/Markup/0/Length,number,1
/Record/Section/7/Section/4/Information/4/Value/StringWithMarkup/21/Markup/0/Type,string,Superscript
/Record/Section/7/Section/4/Information/4/Value/StringWithMarkup/22/String,string,ε=100%
/Record/Section/7/Section/4/Information/4/Value/StringWithMarkup/23/String,string,IT=100%
/Record/Section/7/Section/4/Information/4/Value/StringWithMarkup/24/String,string,β+=100%
/Record/Section/7/Section/4/Information/4/Value/StringWithMarkup/24/Markup/0/Start,number,1
/Record/Section/7/Section/4/Information/4/Value/StringWithMarkup/24/Markup/0/Length,number,1
/Record/Section/7/Section/4/Information/4/Value/StringWithMarkup/24/Markup/0/Type,string,Superscript
/Record/Section/7/Section/4/Information/4/Value/StringWithMarkup/25/String,string,IT=100%
/Record/Section/7/Section/4/Information/4/Value/StringWithMarkup/26/String,string,IS=0.186±0.2%; 2β+ ?
/Record/Section/7/Section/4/Information/4/Value/StringWithMarkup/26/Markup/0/Start,number,17
/Record/Section/7/Section/4/Information/4/Value/StringWithMarkup/26/Markup/0/Length,number,1
/Record/Section/7/Section/4/Information/4/Value/StringWithMarkup/26/Markup/0/Type,string,Superscript
/Record/Section/7/Section/4/Information/4/Value/StringWithMarkup/27/String,string,IT=100%
/Record/Section/7/Section/4/Information/4/Value/StringWithMarkup/28/String,string,β+=100%
/Record/Section/7/Section/4/Information/4/Value/StringWithMarkup/28/Markup/0/Start,number,1
/Record/Section/7/Section/4/Information/4/Value/StringWithMarkup/28/Markup/0/Length,number,1
/Record/Section/7/Section/4/Information/4/Value/StringWithMarkup/28/Markup/0/Type,string,Superscript
/Record/Section/7/Section/4/Information/4/Value/StringWithMarkup/29/String,string,IT=99.21±0.4%; β+=0.79±0.4%
/Record/Section/7/Section/4/Information/4/Value/StringWithMarkup/29/Markup/0/Start,number,16
/Record/Section/7/Section/4/Information/4/Value/StringWithMarkup/29/Markup/0/Length,number,1
/Record/Section/7/Section/4/Information/4/Value/StringWithMarkup/29/Markup/0/Type,string,Superscript
/Record/Section/7/Section/4/Information/4/Value/StringWithMarkup/30/String,string,IS=0.251±0.2%; 2β+ ?
/Record/Section/7/Section/4/Information/4/Value/StringWithMarkup/30/Markup/0/Start,number,17
/Record/Section/7/Section/4/Information/4/Value/StringWithMarkup/30/Markup/0/Length,number,1
/Record/Section/7/Section/4/Information/4/Value/StringWithMarkup/30/Markup/0/Type,string,Superscript
/Record/Section/7/Section/4/Information/4/Value/StringWithMarkup/31/String,string,IT=100%
/Record/Section/7/Section/4/Information/4/Value/StringWithMarkup/32/String,string,ε=100%
/Record/Section/7/Section/4/Information/4/Value/StringWithMarkup/33/String,string,IT=100%
/Record/Section/7/Section/4/Information/4/Value/StringWithMarkup/34/String,string,IS=88.449±5.1%
/Record/Section/7/Section/4/Information/4/Value/StringWithMarkup/35/String,string,IT=100%
/Record/Section/7/Section/4/Information/4/Value/StringWithMarkup/36/String,string,β-=100%
/Record/Section/7/Section/4/Information/4/Value/StringWithMarkup/36/Markup/0/Start,number,1
/Record/Section/7/Section/4/Information/4/Value/StringWithMarkup/36/Markup/0/Length,number,1
/Record/Section/7/Section/4/Information/4/Value/StringWithMarkup/36/Markup/0/Type,string,Superscript
/Record/Section/7/Section/4/Information/4/Value/StringWithMarkup/37/String,string,IS=11.114±5.1%; α ?; 2β- ?
/Record/Section/7/Section/4/Information/4/Value/StringWithMarkup/37/Markup/0/Start,number,23
/Record/Section/7/Section/4/Information/4/Value/StringWithMarkup/37/Markup/0/Length,number,1
/Record/Section/7/Section/4/Information/4/Value/StringWithMarkup/37/Markup/0/Type,string,Superscript
/Record/Section/7/Section/4/Information/4/Value/StringWithMarkup/38/String,string,β-=100%
/Record/Section/7/Section/4/Information/4/Value/StringWithMarkup/38/Markup/0/Start,number,1
/Record/Section/7/Section/4/Information/4/Value/StringWithMarkup/38/Markup/0/Length,number,1
/Record/Section/7/Section/4/Information/4/Value/StringWithMarkup/38/Markup/0/Type,string,Superscript
/Record/Section/7/Section/4/Information/4/Value/StringWithMarkup/39/String,string,β-=100%
/Record/Section/7/Section/4/Information/4/Value/StringWithMarkup/39/Markup/0/Start,number,1
/Record/Section/7/Section/4/Information/4/Value/StringWithMarkup/39/Markup/0/Length,number,1
/Record/Section/7/Section/4/Information/4/Value/StringWithMarkup/39/Markup/0/Type,string,Superscript
/Record/Section/7/Section/4/Information/4/Value/StringWithMarkup/40/String,string,β-=100%
/Record/Section/7/Section/4/Information/4/Value/StringWithMarkup/40/Markup/0/Start,number,1
/Record/Section/7/Section/4/Information/4/Value/StringWithMarkup/40/Markup/0/Length,number,1
/Record/Section/7/Section/4/Information/4/Value/StringWithMarkup/40/Markup/0/Type,string,Superscript
/Record/Section/7/Section/4/Information/4/Value/StringWithMarkup/41/String,string,β-=100%
/Record/Section/7/Section/4/Information/4/Value/StringWithMarkup/41/Markup/0/Start,number,1
/Record/Section/7/Section/4/Information/4/Value/StringWithMarkup/41/Markup/0/Length,number,1
/Record/Section/7/Section/4/Information/4/Value/StringWithMarkup/41/Markup/0/Type,string,Superscript
/Record/Section/7/Section/4/Information/4/Value/StringWithMarkup/42/String,string,β-=100%
/Record/Section/7/Section/4/Information/4/Value/StringWithMarkup/42/Markup/0/Start,number,1
/Record/Section/7/Section/4/Information/4/Value/StringWithMarkup/42/Markup/0/Length,number,1
/Record/Section/7/Section/4/Information/4/Value/StringWithMarkup/42/Markup/0/Type,string,Superscript
/Record/Section/7/Section/4/Information/4/Value/StringWithMarkup/43/String,string,β-=100%
/Record/Section/7/Section/4/Information/4/Value/StringWithMarkup/43/Markup/0/Start,number,1
/Record/Section/7/Section/4/Information/4/Value/StringWithMarkup/43/Markup/0/Length,number,1
/Record/Section/7/Section/4/Information/4/Value/StringWithMarkup/43/Markup/0/Type,string,Superscript
/Record/Section/7/Section/4/Information/4/Value/StringWithMarkup/44/String,string,β-=100%
/Record/Section/7/Section/4/Information/4/Value/StringWithMarkup/44/Markup/0/Start,number,1
/Record/Section/7/Section/4/Information/4/Value/StringWithMarkup/44/Markup/0/Length,number,1
/Record/Section/7/Section/4/Information/4/Value/StringWithMarkup/44/Markup/0/Type,string,Superscript
/Record/Section/7/Section/4/Information/4/Value/StringWithMarkup/45/String,string,β-=100%
/Record/Section/7/Section/4/Information/4/Value/StringWithMarkup/45/Markup/0/Start,number,1
/Record/Section/7/Section/4/Information/4/Value/StringWithMarkup/45/Markup/0/Length,number,1
/Record/Section/7/Section/4/Information/4/Value/StringWithMarkup/45/Markup/0/Type,string,Superscript
/Record/Section/7/Section/4/Information/4/Value/StringWithMarkup/46/String,string,β-=100%
/Record/Section/7/Section/4/Information/4/Value/StringWithMarkup/46/Markup/0/Start,number,1
/Record/Section/7/Section/4/Information/4/Value/StringWithMarkup/46/Markup/0/Length,number,1
/Record/Section/7/Section/4/Information/4/Value/StringWithMarkup/46/Markup/0/Type,string,Superscript
/Record/Section/7/Section/4/Information/4/Value/StringWithMarkup/47/String,string,β-=100%
/Record/Section/7/Section/4/Information/4/Value/StringWithMarkup/47/Markup/0/Start,number,1
/Record/Section/7/Section/4/Information/4/Value/StringWithMarkup/47/Markup/0/Length,number,1
/Record/Section/7/Section/4/Information/4/Value/StringWithMarkup/47/Markup/0/Type,string,Superscript
/Record/Section/7/Section/4/Information/4/Value/StringWithMarkup/48/String,string,β-=100%; β-n ?
/Record/Section/7/Section/4/Information/4/Value/StringWithMarkup/48/Markup/0/Start,number,1
/Record/Section/7/Section/4/Information/4/Value/StringWithMarkup/48/Markup/0/Length,number,1
/Record/Section/7/Section/4/Information/4/Value/StringWithMarkup/48/Markup/0/Type,string,Superscript
/Record/Section/7/Section/4/Information/4/Value/StringWithMarkup/48/Markup/1/Start,number,10
/Record/Section/7/Section/4/Information/4/Value/StringWithMarkup/48/Markup/1/Length,number,1
/Record/Section/7/Section/4/Information/4/Value/StringWithMarkup/48/Markup/1/Type,string,Superscript
/Record/Section/7/Section/4/Information/4/Value/StringWithMarkup/49/String,string,β-=100%; β-n ?
/Record/Section/7/Section/4/Information/4/Value/StringWithMarkup/49/Markup/0/Start,number,1
/Record/Section/7/Section/4/Information/4/Value/StringWithMarkup/49/Markup/0/Length,number,1
/Record/Section/7/Section/4/Information/4/Value/StringWithMarkup/49/Markup/0/Type,string,Superscript
/Record/Section/7/Section/4/Information/4/Value/StringWithMarkup/49/Markup/1/Start,number,10
/Record/Section/7/Section/4/Information/4/Value/StringWithMarkup/49/Markup/1/Length,number,1
/Record/Section/7/Section/4/Information/4/Value/StringWithMarkup/49/Markup/1/Type,string,Superscript
/Record/Section/7/Section/4/Information/4/Value/StringWithMarkup/50/String,string,β-=100%; β-n ?
/Record/Section/7/Section/4/Information/4/Value/StringWithMarkup/50/Markup/0/Start,number,1
/Record/Section/7/Section/4/Information/4/Value/StringWithMarkup/50/Markup/0/Length,number,1
/Record/Section/7/Section/4/Information/4/Value/StringWithMarkup/50/Markup/0/Type,string,Superscript
/Record/Section/7/Section/4/Information/4/Value/StringWithMarkup/50/Markup/1/Start,number,10
/Record/Section/7/Section/4/Information/4/Value/StringWithMarkup/50/Markup/1/Length,number,1
/Record/Section/7/Section/4/Information/4/Value/StringWithMarkup/50/Markup/1/Type,string,Superscript
/Record/Section/7/Section/4/Information/4/Value/StringWithMarkup/51/String,string,β-=100%; β-n ?
/Record/Section/7/Section/4/Information/4/Value/StringWithMarkup/51/Markup/0/Start,number,1
/Record/Section/7/Section/4/Information/4/Value/StringWithMarkup/51/Markup/0/Length,number,1
/Record/Section/7/Section/4/Information/4/Value/StringWithMarkup/51/Markup/0/Type,string,Superscript
/Record/Section/7/Section/4/Information/4/Value/StringWithMarkup/51/Markup/1/Start,number,10
/Record/Section/7/Section/4/Information/4/Value/StringWithMarkup/51/Markup/1/Length,number,1
/Record/Section/7/Section/4/Information/4/Value/StringWithMarkup/51/Markup/1/Type,string,Superscript
/Record/Section/7/Section/4/Information/4/Value/StringWithMarkup/52/String,string,β-=100%; β-n ?
/Record/Section/7/Section/4/Information/4/Value/StringWithMarkup/52/Markup/0/Start,number,1
/Record/Section/7/Section/4/Information/4/Value/StringWithMarkup/52/Markup/0/Length,number,1
/Record/Section/7/Section/4/Information/4/Value/StringWithMarkup/52/Markup/0/Type,string,Superscript
/Record/Section/7/Section/4/Information/4/Value/StringWithMarkup/52/Markup/1/Start,number,10
/Record/Section/7/Section/4/Information/4/Value/StringWithMarkup/52/Markup/1/Length,number,1
/Record/Section/7/Section/4/Information/4/Value/StringWithMarkup/52/Markup/1/Type,string,Superscript
/Record/Section/7/Section/4/Information/4/Value/StringWithMarkup/53/String,string,β-=100%; β-n ?
/Record/Section/7/Section/4/Information/4/Value/StringWithMarkup/53/Markup/0/Start,number,1
/Record/Section/7/Section/4/Information/4/Value/StringWithMarkup/53/Markup/0/Length,number,1
/Record/Section/7/Section/4/Information/4/Value/StringWithMarkup/53/Markup/0/Type,string,Superscript
/Record/Section/7/Section/4/Information/4/Value/StringWithMarkup/53/Markup/1/Start,number,10
/Record/Section/7/Section/4/Information/4/Value/StringWithMarkup/53/Markup/1/Length,number,1
/Record/Section/7/Section/4/Information/4/Value/StringWithMarkup/53/Markup/1/Type,string,Superscript
/Record/Section/7/Section/4/Information/4/Value/StringWithMarkup/54/String,string,β- ?; β-n ?
/Record/Section/7/Section/4/Information/4/Value/StringWithMarkup/54/Markup/0/Start,number,1
/Record/Section/7/Section/4/Information/4/Value/StringWithMarkup/54/Markup/0/Length,number,1
/Record/Section/7/Section/4/Information/4/Value/StringWithMarkup/54/Markup/0/Type,string,Superscript
/Record/Section/7/Section/4/Information/4/Value/StringWithMarkup/54/Markup/1/Start,number,7
/Record/Section/7/Section/4/Information/4/Value/StringWithMarkup/54/Markup/1/Length,number,1
/Record/Section/7/Section/4/Information/4/Value/StringWithMarkup/54/Markup/1/Type,string,Superscript
/Record/Reference/0/ReferenceNumber,number,1
/Record/Reference/0/SourceName,string,PubChem
/Record/Reference/0/SourceID,string,PubChem
/Record/Reference/0/Description,string,Data deposited in or computed by PubChem
/Record/Reference/0/URL,string,https://pubchem.ncbi.nlm.nih.gov
/Record/Reference/1/ReferenceNumber,number,2
/Record/Reference/1/SourceName,string,"Atomic Mass Data Center (AMDC), International Atomic Energy Agency (IAEA)"
/Record/Reference/1/SourceID,string,e58
/Record/Reference/1/Name,string,Ce
/Record/Reference/1/Description,string,The half-life and atomic mass data was provided by the Atomic Mass Data Center at the International Atomic Energy Agency.
/Record/Reference/1/URL,string,https://www-nds.iaea.org/amdc/
/Record/Reference/1/LicenseURL,string,https://www-nds.iaea.org/disclaimer.html
/Record/Reference/1/ANID,number,6590285
/Record/Reference/2/ReferenceNumber,number,3
/Record/Reference/2/SourceName,string,IUPAC Commission on Isotopic Abundances and Atomic Weights (CIAAW)
/Record/Reference/2/SourceID,string,a58
/Record/Reference/2/Name,string,Cerium
/Record/Reference/2/Description,string,Element data are cited from the Atomic weights of the elements (an IUPAC Technical Report). The IUPAC periodic table of elements can be found at https://iupac.org/what-we-do/periodic-table-of-elements/. Additional information can be found within IUPAC publication doi:10.1515/pac-2015-0703 Copyright © 2020 International Union of Pure and Applied Chemistry.
/Record/Reference/2/URL,string,https://www.ciaaw.org/cerium.htm
/Record/Reference/2/LicenseURL,string,http://www.ciaaw.org/bylaws.htm
/Record/Reference/2/ANID,number,2292439
/Record/Reference/3/ReferenceNumber,number,5
/Record/Reference/3/SourceName,string,"Jefferson Lab, U.S. Department of Energy"
/Record/Reference/3/SourceID,string,jlab58
/Record/Reference/3/Name,string,Cerium
/Record/Reference/3/Description,string,"Thomas Jefferson National Accelerator Facility (Jefferson Lab) is one of 17 national laboratories funded by the U.S. Department of Energy. The lab's primary mission is to conduct basic research of the atom's nucleus using the lab's unique particle accelerator, known as the Continuous Electron Beam Accelerator Facility (CEBAF). For more information visit https://www.jlab.org/"
/Record/Reference/3/URL,string,https://education.jlab.org/itselemental/ele058.html
/Record/Reference/3/LicenseNote,string,Please see citation and linking information: https://education.jlab.org/faq/index.html
/Record/Reference/3/LicenseURL,string,https://www.jlab.org/privacy-and-security-notice
/Record/Reference/3/ANID,number,507120
/Record/Reference/4/ReferenceNumber,number,6
/Record/Reference/4/SourceName,string,"Los Alamos National Laboratory, U.S. Department of Energy"
/Record/Reference/4/SourceID,string,lanl58
/Record/Reference/4/Name,string,Cerium
/Record/Reference/4/Description,string,"The periodic table at the LANL (Los Alamos National Laboratory) contains basic element information together with the history, source, properties, use, handling and more. The provenance data may be found from the link under the source name."
/Record/Reference/4/URL,string,https://periodic.lanl.gov/58.shtml
/Record/Reference/4/ANID,number,507238
/Record/Reference/5/ReferenceNumber,number,7
/Record/Reference/5/SourceName,string,NIST Physical Measurement Laboratory
/Record/Reference/5/SourceID,string,e58
/Record/Reference/5/Name,string,Cerium
/Record/Reference/5/Description,string,"The periodic table contains NIST's critically-evaluated data on atomic properties of the elements. The provenance data that include data for atomic spectroscopy, X-ray and gamma ray, radiation dosimetry, nuclear physics, and condensed matter physics may be found from the link under the source name. Ref: https://www.nist.gov/pml/atomic-spectra-database"
/Record/Reference/5/URL,string,https://physics.nist.gov/cgi-bin/Elements/elInfo.pl?element=58
/Record/Reference/5/LicenseURL,string,https://www.nist.gov/pml/database-disclaimer
/Record/Reference/5/ANID,number,2292675
/Record/Reference/6/ReferenceNumber,number,4
/Record/Reference/6/SourceName,string,IUPAC Periodic Table of the Elements and Isotopes (IPTEI)
/Record/Reference/6/SourceID,string,p58
/Record/Reference/6/Description,string,"The information are cited from Pure Appl. Chem. 2018; 90(12): 1833-2092, https://doi.org/10.1515/pac-2015-0703."
/Record/Reference/6/URL,string,https://doi.org/10.1515/pac-2015-0703
/Record/Reference/6/LicenseNote,string,"Copyright (c) 2020 International Union of Pure and Applied Chemistry.

The International Union of Pure and Applied Chemistry (IUPAC) contribution within Pubchem is provided under a CC-BY-NC-ND 4.0 license, unless otherwise stated."
/Record/Reference/6/LicenseURL,string,https://creativecommons.org/licenses/by-nc-nd/4.0/
/Record/Reference/6/ANID,number,13296463
/Record/Reference/7/ReferenceNumber,number,9
/Record/Reference/7/SourceName,string,PubChem Elements
/Record/Reference/7/SourceID,string,ep_58
/Record/Reference/7/Name,string,Cerium
/Record/Reference/7/Description,string,The element property data was retrieved from publications.
/Record/Reference/7/LicenseURL,string,https://www.nlm.nih.gov/copyright.html
/Record/Reference/7/ANID,number,24834152
/Record/Reference/8/ReferenceNumber,number,8
/Record/Reference/8/SourceName,string,PubChem Elements
/Record/Reference/8/SourceID,string,ef_58
/Record/Reference/8/Name,string,Cerium
/Record/Reference/8/Description,string,This section provides all form of data related to element Cerium.
/Record/Reference/8/LicenseURL,string,https://www.nlm.nih.gov/copyright.html
/Record/Reference/8/ANID,number,24833986
