path,type,value
/Record/RecordType,string,AtomicNumber
/Record/RecordNumber,number,88
/Record/RecordTitle,string,Radium
/Record/Section/0/TOCHeading,string,Identifiers
/Record/Section/0/Description,string,"Identifiers for this element, including element name, element symbol, InChI string, and InChIKey."
/Record/Section/0/Section/0/TOCHeading,string,Element Name
/Record/Section/0/Section/0/Description,string,"The formal, standard name for a given element, originating from factors such as common usage and the person or place involved in its discovery. Element, also called chemical element, refers to a species of atom; all varieties of atoms with the same number of protons in the nucleus (but possibly a different number of neutrons) are considered to be the same element."
/Record/Section/0/Section/0/Information/0/ReferenceNumber,number,1
/Record/Section/0/Section/0/Information/0/Name,string,Element Name
/Record/Section/0/Section/0/Information/0/Value/StringWithMarkup/0/String,string,Radium
/Record/Section/0/Section/0/Information/1/ReferenceNumber,number,3
/Record/Section/0/Section/0/Information/1/Name,string,Element Name
/Record/Section/0/Section/0/Information/1/Value/StringWithMarkup/0/String,string,Radium
/Record/Section/0/Section/1/TOCHeading,string,Element Symbol
/Record/Section/0/Section/1/Description,string,"Element symbol, also called atomic symbol, typically consists of one or two letters from the Latin alphabet derived from the element name in one of several languages."
/Record/Section/0/Section/1/Information/0/ReferenceNumber,number,1
/Record/Section/0/Section/1/Information/0/Name,string,Element Symbol
/Record/Section/0/Section/1/Information/0/Value/StringWithMarkup/0/String,string,Ra
/Record/Section/0/Section/1/Information/1/ReferenceNumber,number,3
/Record/Section/0/Section/1/Information/1/Name,string,Element Symbol
/Record/Section/0/Section/1/Information/1/Value/StringWithMarkup/0/String,string,Ra
/Record/Section/0/Section/2/TOCHeading,string,InChI
/Record/Section/0/Section/2/Description,string,"The International Chemical Identifier (InChI) is a computed, non-proprietary identifier for a chemical structure.  The InChI is an International Union of Pure and Applied Chemistry (IUPAC) standard."
/Record/Section/0/Section/2/URL,string,https://iupac.org/who-we-are/divisions/division-details/inchi/
/Record/Section/0/Section/2/Information/0/ReferenceNumber,number,1
/Record/Section/0/Section/2/Information/0/Name,string,InChI
/Record/Section/0/Section/2/Information/0/Value/StringWithMarkup/0/String,string,InChI=1S/Ra
/Record/Section/0/Section/3/TOCHeading,string,InChIKey
/Record/Section/0/Section/3/Description,string,"An InChIKey is a 27-character hashed code derived from an InChI.  The International Chemical Identifier (InChI) is a computed, non-proprietary identifier for a chemical structure.  The InChI is an International Union of Pure and Applied Chemistry (IUPAC) standard."
/Record/Section/0/Section/3/URL,string,https://iupac.org/who-we-are/divisions/division-details/inchi/
/Record/Section/0/Section/3/Information/0/ReferenceNumber,number,1
/Record/Section/0/Section/3/Information/0/Name,string,InChIKey
/Record/Section/0/Section/3/Information/0/Value/StringWithMarkup/0/String,string,HCWPIIXVSYCSAN-UHFFFAOYSA-N
/Record/Section/1/TOCHeading,string,Properties
/Record/Section/1/Description,string,"Characteristics of this element, such as atomic number, atomic mass, density, melting point, boiling point and so on."
/Record/Section/1/Section/0/TOCHeading,string,Atomic Weight
/Record/Section/1/Section/0/Description,string,"Also called relative atomic mass, is the ratio of the average mass of the atom to the unified atomic mass unit, defined as one twelfth of the mass of a carbon-12 atom in its ground state and used to express masses of atomic particles, u=1.660 5402(10) * 10**(-27) kg. The Standard atomic weights refer to recommended values of relative atomic masses of the elements revised biennially by the IUPAC Commission on Atomic Weights and Isotopic Abundances and applicable to elements in any normal sample with a high level of confidence. The number in the parenthesis refers to an uncertainty when exists. The unit of atomic weight is the dalton or unified atomic mass unit (symbol: Da or u)."
/Record/Section/1/Section/0/Information/0/ReferenceNumber,number,5
/Record/Section/1/Section/0/Information/0/Value/StringWithMarkup/0/String,string,226
/Record/Section/1/Section/0/Information/1/ReferenceNumber,number,6
/Record/Section/1/Section/0/Information/1/Value/StringWithMarkup/0/String,string,226
/Record/Section/1/Section/0/Information/2/ReferenceNumber,number,7
/Record/Section/1/Section/0/Information/2/Value/StringWithMarkup/0/String,string,[226]
/Record/Section/1/Section/1/TOCHeading,string,Electron Configuration
/Record/Section/1/Section/1/Description,string,"The electron configuration refers a distribution of the electrons of an atom or a molecular entity over a set of one-electron wavefunctions (called orbitals), according to the Pauli principle. From one configuration several states with different multiplicities may result."
/Record/Section/1/Section/1/URL,string,https://chem.libretexts.org/Courses/Sacramento_City_College/SCC%3A_Chem_420_-_Organic_Chemistry_I/Text/01%3A_Introduction_and_Review/1.04%3A_Electron_Configurations
/Record/Section/1/Section/1/Information/0/ReferenceNumber,number,6
/Record/Section/1/Section/1/Information/0/Value/StringWithMarkup/0/String,string,[Rn]7s2
/Record/Section/1/Section/1/Information/0/Value/StringWithMarkup/0/Markup/0/Start,number,6
/Record/Section/1/Section/1/Information/0/Value/StringWithMarkup/0/Markup/0/Length,number,1
/Record/Section/1/Section/1/Information/0/Value/StringWithMarkup/0/Markup/0/Type,string,Superscript
/Record/Section/1/Section/2/TOCHeading,string,Atomic Radius
/Record/Section/1/Section/2/Description,string,"The atomic radius of a chemical element is a measure of the size of its atom, usually, the distance from the center of the nucleus to the outermost isolated electron.  Because an atom does not have a discrete boundary, there are various non-equivalent definitions of atomic radius, such as Van der Waals radius and covalent radius."
/Record/Section/1/Section/2/Information/0/ReferenceNumber,number,6
/Record/Section/1/Section/2/Information/0/Name,string,Van der Waals Atomic Radius
/Record/Section/1/Section/2/Information/0/Value/StringWithMarkup/0/String,string,283 pm (Van der Waals)
/Record/Section/1/Section/2/Information/1/ReferenceNumber,number,9
/Record/Section/1/Section/2/Information/1/Name,string,Empirical Atomic Radius
/Record/Section/1/Section/2/Information/1/Reference/0,string,"J.C. Slater, J Chem Phys, 1964, 41(10), 3199-3205. DOI:10.1063/1.1725697"
/Record/Section/1/Section/2/Information/1/ExtendedReference/0/Citation,string,"J.C. Slater, J Chem Phys, 1964, 41(10), 3199-3205. DOI:10.1063/1.1725697"
/Record/Section/1/Section/2/Information/1/Value/Number/0,number,215
/Record/Section/1/Section/2/Information/1/Value/Unit,string,pm (Empirical)
/Record/Section/1/Section/2/Information/2/ReferenceNumber,number,9
/Record/Section/1/Section/2/Information/2/Name,string,Covalent Atomic Radius
/Record/Section/1/Section/2/Information/2/Reference/0,string,"B. Cordero, V. Gómez, A.E. Platero-Prats, M. Revés, J. Echeverría, E. Cremades, F. Barragán, S. Alvarez, Dalton Trans. 2008, 21, 2832-2838. DOI:10.1039/b801115j PMID:18478144."
/Record/Section/1/Section/2/Information/2/ExtendedReference/0/Citation,string,"B. Cordero, V. Gómez, A.E. Platero-Prats, M. Revés, J. Echeverría, E. Cremades, F. Barragán, S. Alvarez, Dalton Trans. 2008, 21, 2832-2838. DOI:10.1039/b801115j PMID:18478144."
/Record/Section/1/Section/2/Information/2/Value/StringWithMarkup/0/String,string,221(2) pm (Covalent)
/Record/Section/1/Section/3/TOCHeading,string,Oxidation States
/Record/Section/1/Section/3/Description,string,"The oxidation state(s) that this element commonly has in a compound.  The oxidation state of an atom is defined as the hypothetical charge that would be held by that atom if all of its bonds to other atoms were completely ionic in nature. For example, the oxidation state of carbon in CO2 would be +4 since the hypothetical charge held by the carbon atom if both of the carbon-oxygen double bonds were completely ionic would be equal to +4 (each oxygen atom would hold a charge of -2 since oxygen is more electronegative than carbon)."
/Record/Section/1/Section/3/URL,string,https://chem.libretexts.org/Bookshelves/General_Chemistry/Map%3A_Chemistry_-_The_Central_Science_(Brown_et_al.)/20%3A_Electrochemistry/20.01%3A_Oxidation_States_and_Redox_Reactions
/Record/Section/1/Section/3/Information/0/ReferenceNumber,number,5
/Record/Section/1/Section/3/Information/0/Value/StringWithMarkup/0/String,string,+2
/Record/Section/1/Section/3/Information/1/ReferenceNumber,number,6
/Record/Section/1/Section/3/Information/1/Value/StringWithMarkup/0/String,string,2
/Record/Section/1/Section/4/TOCHeading,string,Ground Level
/Record/Section/1/Section/4/Description,string,Also called ground-state level. The ground state electron configuration is the arrangement of electrons around the nucleus of an atom with lower energy levels.
/Record/Section/1/Section/4/Information/0/ReferenceNumber,number,7
/Record/Section/1/Section/4/Information/0/Value/StringWithMarkup/0/String,string,1S0
/Record/Section/1/Section/4/Information/0/Value/StringWithMarkup/0/Markup/0/Start,number,0
/Record/Section/1/Section/4/Information/0/Value/StringWithMarkup/0/Markup/0/Length,number,1
/Record/Section/1/Section/4/Information/0/Value/StringWithMarkup/0/Markup/0/Type,string,Superscript
/Record/Section/1/Section/4/Information/0/Value/StringWithMarkup/0/Markup/1/Start,number,2
/Record/Section/1/Section/4/Information/0/Value/StringWithMarkup/0/Markup/1/Length,number,1
/Record/Section/1/Section/4/Information/0/Value/StringWithMarkup/0/Markup/1/Type,string,Subscript
/Record/Section/1/Section/5/TOCHeading,string,Ionization Energy
/Record/Section/1/Section/5/Description,string,"Ionization energy, also called ionization potential, is the amount of energy required to remove an electron from an isolated atom or molecule."
/Record/Section/1/Section/5/URL,string,https://www.britannica.com/science/ionization-energy
/Record/Section/1/Section/5/Information/0/ReferenceNumber,number,5
/Record/Section/1/Section/5/Information/0/Value/StringWithMarkup/0/String,string,5.279 eV
/Record/Section/1/Section/5/Information/1/ReferenceNumber,number,7
/Record/Section/1/Section/5/Information/1/Reference/0,string,"Bound, 7snp 1P°1 Series in Ra I: Measurements and Predictions, J. A. Armstrong, J. J. Wynne, and F. S. Tomkins, J. Phys. B 13, L133–L137 (1980) DOI:10.1088/0022-3700/13/5/002"
/Record/Section/1/Section/5/Information/1/ExtendedReference/0/Citation,string,"Bound, 7snp 1P°1 Series in Ra I: Measurements and Predictions, J. A. Armstrong, J. J. Wynne, and F. S. Tomkins, J. Phys. B 13, L133–L137 (1980) DOI:10.1088/0022-3700/13/5/002"
/Record/Section/1/Section/5/Information/1/Value/StringWithMarkup/0/String,string,5.2784239 ± 0.0000025 eV
/Record/Section/1/Section/6/TOCHeading,string,Electronegativity
/Record/Section/1/Section/6/Description,string,Electronegativity is a measure of the tendency of an atom to attract a bonding pair of electrons.
/Record/Section/1/Section/6/URL,string,https://chem.libretexts.org/Bookshelves/Physical_and_Theoretical_Chemistry_Textbook_Maps/Supplemental_Modules_(Physical_and_Theoretical_Chemistry)/Physical_Properties_of_Matter/Atomic_and_Molecular_Properties/Electronegativity
/Record/Section/1/Section/6/Information/0/ReferenceNumber,number,9
/Record/Section/1/Section/6/Information/0/Name,string,Pauling Scale Electronegativity
/Record/Section/1/Section/6/Information/0/Reference/0,string,"A.L. Allred, J. Inorg. Nucl. Chem., 1961, 17(3-4), 215-221. DOI:10.1016/0022-1902(61)80142-5"
/Record/Section/1/Section/6/Information/0/ExtendedReference/0/Citation,string,"A.L. Allred, J. Inorg. Nucl. Chem., 1961, 17(3-4), 215-221. DOI:10.1016/0022-1902(61)80142-5"
/Record/Section/1/Section/6/Information/0/Value/Number/0,number,0.9
/Record/Section/1/Section/6/Information/0/Value/Unit,string,(Pauling Scale)
/Record/Section/1/Section/6/Information/1/ReferenceNumber,number,9
/Record/Section/1/Section/6/Information/1/Name,string,Allen Scale Electronegativity
/Record/Section/1/Section/6/Information/1/Reference/0,string,"L.C. Allen, J. Am. Chem. Soc., 1989, 111, 9003. DOI:10.1021/ja00207a003"
/Record/Section/1/Section/6/Information/1/Reference/1,string,"J.B. Mann, T.L. Meek and L.C. Allen, J. Am. Chem. Soc., 2000, 122, 2780. DOI:10.1021/ja992866e"
/Record/Section/1/Section/6/Information/1/Reference/2,string,"J.B. Mann, T.L. Meek, E.T. Knight, J.F. Capitani and L.C Allen, J. Am. Chem. Soc., 2000, 122, 5132. DOI:10.1021/ja9928677"
/Record/Section/1/Section/6/Information/1/ExtendedReference/0/Citation,string,"L.C. Allen, J. Am. Chem. Soc., 1989, 111, 9003. DOI:10.1021/ja00207a003"
/Record/Section/1/Section/6/Information/1/ExtendedReference/1/Citation,string,"J.B. Mann, T.L. Meek and L.C. Allen, J. Am. Chem. Soc., 2000, 122, 2780. DOI:10.1021/ja992866e"
/Record/Section/1/Section/6/Information/1/ExtendedReference/2/Citation,string,"J.B. Mann, T.L. Meek, E.T. Knight, J.F. Capitani and L.C Allen, J. Am. Chem. Soc., 2000, 122, 5132. DOI:10.1021/ja9928677"
/Record/Section/1/Section/6/Information/1/Value/Number/0,number,0.89
/Record/Section/1/Section/6/Information/1/Value/Unit,string,(Allen Scale)
/Record/Section/1/Section/7/TOCHeading,string,Electron Affinity
/Record/Section/1/Section/7/Description,string,"Electron affinity refers to the energy released when an additional electron is attached to a neutral atom to form a singly charged negative ion.  Alternatively, it can also be defined as the energy required to detach an electron from the singly charged negative ion."
/Record/Section/1/Section/7/URL,string,https://chem.libretexts.org/Bookshelves/Physical_and_Theoretical_Chemistry_Textbook_Maps/Supplemental_Modules_(Physical_and_Theoretical_Chemistry)/Physical_Properties_of_Matter/Atomic_and_Molecular_Properties/Electron_Affinity
/Record/Section/1/Section/7/Information/0/ReferenceNumber,number,9
/Record/Section/1/Section/7/Information/0/Reference/0,string,"R.T Myers, J. Chem. Edu., 1990, 67(4), 307. DOI:10.1021/ed067p307"
/Record/Section/1/Section/7/Information/0/ExtendedReference/0/Citation,string,"R.T Myers, J. Chem. Edu., 1990, 67(4), 307. DOI:10.1021/ed067p307"
/Record/Section/1/Section/7/Information/0/Value/Number/0,number,0
/Record/Section/1/Section/7/Information/0/Value/Unit,string,eV
/Record/Section/1/Section/8/TOCHeading,string,Atomic Spectra
/Record/Section/1/Section/8/Description,string,The spectrum of the electromagnetic radiation emitted or absorbed by an electron during transitions between different energy levels within an atom.
/Record/Section/1/Section/8/Information/0/ReferenceNumber,number,7
/Record/Section/1/Section/8/Information/0/URL,string,https://physics.nist.gov/cgi-bin/ASD/lines_hold.pl?el=Ra
/Record/Section/1/Section/8/Information/0/Value/StringWithMarkup/0/String,string,Lines Holdings
/Record/Section/1/Section/8/Information/1/ReferenceNumber,number,7
/Record/Section/1/Section/8/Information/1/URL,string,https://physics.nist.gov/cgi-bin/ASD/levels_hold.pl?el=Ra
/Record/Section/1/Section/8/Information/1/Value/StringWithMarkup/0/String,string,Levels Holdings
/Record/Section/1/Section/9/TOCHeading,string,Physical Description
/Record/Section/1/Section/9/Description,string,"The appearance or features of this element, including color, odor, state, taste and more in general."
/Record/Section/1/Section/9/Information/0/ReferenceNumber,number,5
/Record/Section/1/Section/9/Information/0/Value/StringWithMarkup/0/String,string,Solid
/Record/Section/1/Section/10/TOCHeading,string,Element Classification
/Record/Section/1/Section/10/Description,string,"Classification according to the element's chemical and physical properties, and location within the periodic table."
/Record/Section/1/Section/10/Information/0/ReferenceNumber,number,5
/Record/Section/1/Section/10/Information/0/Value/StringWithMarkup/0/String,string,Metal
/Record/Section/1/Section/11/TOCHeading,string,Element Period Number
/Record/Section/1/Section/11/Description,string,The element period number refers to a horizontal row of the periodic table. The periodic table has 7 periods.
/Record/Section/1/Section/11/Information/0/ReferenceNumber,number,5
/Record/Section/1/Section/11/Information/0/Value/StringWithMarkup/0/String,string,7
/Record/Section/1/Section/12/TOCHeading,string,Element Group Number
/Record/Section/1/Section/12/Description,string,Element group refers to a set of chemical elements in the same vertical column of the periodic table
/Record/Section/1/Section/12/Information/0/ReferenceNumber,number,5
/Record/Section/1/Section/12/Information/0/Value/StringWithMarkup/0/String,string,2 - Alkaline Earth Metal
/Record/Section/1/Section/13/TOCHeading,string,Density
/Record/Section/1/Section/13/Description,string,This section provides information on the density of an element. It is the mass of a unit volume of the element and commonly expressed in units of kg/m3 or g/cm3.
/Record/Section/1/Section/13/URL,string,https://chem.libretexts.org/Bookshelves/Introductory_Chemistry/Map%3A_Fundamentals_of_General_Organic_and_Biological_Chemistry_(McMurry_et_al.)/01%3A_Matter_and_Measurements/1.12%3A_Density_and_Specific_Gravity
/Record/Section/1/Section/13/Information/0/ReferenceNumber,number,5
/Record/Section/1/Section/13/Information/0/Value/StringWithMarkup/0/String,string,5 grams per cubic centimeter
/Record/Section/1/Section/14/TOCHeading,string,Melting Point
/Record/Section/1/Section/14/Description,string,"This section provides the melting point and/or freezing point. The melting point is the temperature at which a substance changes state from solid to liquid at atmospheric pressure. When considered as the temperature of the reverse change (from liquid to solid), it is referred to as the freezing point."
/Record/Section/1/Section/14/URL,string,https://chem.libretexts.org/Bookshelves/Organic_Chemistry/Organic_Chemistry_Lab_Techniques_(Nichols)/06%3A_Miscellaneous_Techniques/6.01%3A_Melting_Point
/Record/Section/1/Section/14/Information/0/ReferenceNumber,number,5
/Record/Section/1/Section/14/Information/0/Value/StringWithMarkup/0/String,string,973 K (700°C or 1292°F)
/Record/Section/1/Section/14/Information/1/ReferenceNumber,number,6
/Record/Section/1/Section/14/Information/1/Value/StringWithMarkup/0/String,string,700°C
/Record/Section/1/Section/15/TOCHeading,string,Boiling Point
/Record/Section/1/Section/15/Description,string,The temperature at which this element changes state from liquid to gas at a given atmospheric pressure.
/Record/Section/1/Section/15/URL,string,https://chem.libretexts.org/Bookshelves/Organic_Chemistry/Organic_Chemistry_Lab_Techniques_(Nichols)/06%3A_Miscellaneous_Techniques/6.02%3A_Boiling_Point
/Record/Section/1/Section/15/Information/0/ReferenceNumber,number,5
/Record/Section/1/Section/15/Information/0/Value/StringWithMarkup/0/String,string,1413 K (1140°C or 2084°F)
/Record/Section/1/Section/15/Information/1/ReferenceNumber,number,6
/Record/Section/1/Section/15/Information/1/Value/StringWithMarkup/0/String,string,1737°C
/Record/Section/1/Section/16/TOCHeading,string,Estimated Crustal Abundance
/Record/Section/1/Section/16/Description,string,The estimated element abundance in the earth's crust.
/Record/Section/1/Section/16/Information/0/ReferenceNumber,number,5
/Record/Section/1/Section/16/Information/0/Value/StringWithMarkup/0/String,string,9×10-7 milligrams per kilogram
/Record/Section/1/Section/16/Information/0/Value/StringWithMarkup/0/Markup/0/Start,number,4
/Record/Section/1/Section/16/Information/0/Value/StringWithMarkup/0/Markup/0/Length,number,2
/Record/Section/1/Section/16/Information/0/Value/StringWithMarkup/0/Markup/0/Type,string,Superscript
/Record/Section/1/Section/17/TOCHeading,string,Estimated Oceanic Abundance
/Record/Section/1/Section/17/Description,string,The estimated element abundance in the earth's oceans.
/Record/Section/1/Section/17/Information/0/ReferenceNumber,number,5
/Record/Section/1/Section/17/Information/0/Value/StringWithMarkup/0/String,string,8.9×10-11 milligrams per liter
/Record/Section/1/Section/17/Information/0/Value/StringWithMarkup/0/Markup/0/Start,number,6
/Record/Section/1/Section/17/Information/0/Value/StringWithMarkup/0/Markup/0/Length,number,3
/Record/Section/1/Section/17/Information/0/Value/StringWithMarkup/0/Markup/0/Type,string,Superscript
/Record/Section/2/TOCHeading,string,History
/Record/Section/2/Description,string,The history of the discovery and use of this element.
/Record/Section/2/Information/0/ReferenceNumber,number,5
/Record/Section/2/Information/0/Value/StringWithMarkup/0/String,string,"Radium was discovered by Marie Sklodowska Curie, a Polish chemist, and Pierre Curie, a French chemist, in 1898. Marie Curie obtained radium from pitchblende, a material that contains uranium, after noticing that unrefined pitchblende was more radioactive than the uranium that was separated from it. She reasoned that pitchblende must contain at least one other radioactive element. Curie needed to refine several tons of pitchblende in order to obtain tiny amounts of radium and polonium, another radioactive element discovered by Curie. One ton of uranium ore contains only about 0.14 grams of radium. Today, radium can be obtained as a byproduct of refining uranium and is usually sold as radium chloride (RaCl2) or radium bromide (RaBr2) and not as a pure material. Radium's most stable isotope, radium-226, has a half-life of about 1600 years. It decays into radon-222 through alpha decay or into lead-212 by ejecting a carbon-14 nucleus."
/Record/Section/2/Information/0/Value/StringWithMarkup/0/Markup/0/Start,number,713
/Record/Section/2/Information/0/Value/StringWithMarkup/0/Markup/0/Length,number,1
/Record/Section/2/Information/0/Value/StringWithMarkup/0/Markup/0/Type,string,Subscript
/Record/Section/2/Information/0/Value/StringWithMarkup/0/Markup/1/Start,number,739
/Record/Section/2/Information/0/Value/StringWithMarkup/0/Markup/1/Length,number,1
/Record/Section/2/Information/0/Value/StringWithMarkup/0/Markup/1/Type,string,Subscript
/Record/Section/2/Information/1/ReferenceNumber,number,6
/Record/Section/2/Information/1/Value/StringWithMarkup/0/String,string,"Radium was discovered in 1898 by Madame Curie in the pitchblende or uraninite of North Bohemia, where it occurs. There is about 1 g of radium in 7 tons of pitchblende. The element was isolated in 1911 by Mme. Curie and Debierne by the electrolysis of a solution of pure radium chloride employing a mercury cathode; on distillation in an atmosphere of hydrogen, this amalgam yielded the pure metal."
/Record/Section/2/Section/0/TOCHeading,string,Historical Atomic Weights
/Record/Section/2/Section/0/Description,string,This section provides the historical atomic weights. The atomic weight shown in brackets means the value range while others shown with uncertainty in parenthesis.
/Record/Section/2/Section/0/DisplayControls/CreateTable/FromInformationIn,string,ThisSection
/Record/Section/2/Section/0/DisplayControls/CreateTable/NumberOfColumns,number,3
/Record/Section/2/Section/0/DisplayControls/CreateTable/ColumnsFromNamedLists/Name/0,string,Year
/Record/Section/2/Section/0/DisplayControls/CreateTable/ColumnsFromNamedLists/Name/1,string,Atomic Weight (uncertainty) [u]
/Record/Section/2/Section/0/DisplayControls/CreateTable/ColumnsFromNamedLists/Name/2,string,Reference
/Record/Section/2/Section/0/DisplayControls/CreateTable/ColumnsFromNamedLists/UseNamesAsColumnHeadings,boolean,true
/Record/Section/2/Section/0/Information/0/ReferenceNumber,number,3
/Record/Section/2/Section/0/Information/0/Name,string,Year
/Record/Section/2/Section/0/Information/0/Value/StringWithMarkup/0/String,string,1983
/Record/Section/2/Section/0/Information/0/Value/StringWithMarkup/1/String,string,1969
/Record/Section/2/Section/0/Information/0/Value/StringWithMarkup/2/String,string,1936
/Record/Section/2/Section/0/Information/0/Value/StringWithMarkup/3/String,string,1931
/Record/Section/2/Section/0/Information/0/Value/StringWithMarkup/4/String,string,1925
/Record/Section/2/Section/0/Information/0/Value/StringWithMarkup/5/String,string,1909
/Record/Section/2/Section/0/Information/0/Value/StringWithMarkup/6/String,string,1903
/Record/Section/2/Section/0/Information/1/ReferenceNumber,number,3
/Record/Section/2/Section/0/Information/1/Name,string,Atomic Weight (uncertainty)
/Record/Section/2/Section/0/Information/1/Value/StringWithMarkup/0/String,string,n/a
/Record/Section/2/Section/0/Information/1/Value/StringWithMarkup/1/String,string,226.0254(1)
/Record/Section/2/Section/0/Information/1/Value/StringWithMarkup/2/String,string,226.05
/Record/Section/2/Section/0/Information/1/Value/StringWithMarkup/3/String,string,225.97
/Record/Section/2/Section/0/Information/1/Value/StringWithMarkup/4/String,string,225.95
/Record/Section/2/Section/0/Information/1/Value/StringWithMarkup/5/String,string,226.4
/Record/Section/2/Section/0/Information/1/Value/StringWithMarkup/6/String,string,225
/Record/Section/2/Section/0/Information/2/ReferenceNumber,number,3
/Record/Section/2/Section/0/Information/2/Name,string,Reference
/Record/Section/2/Section/0/Information/2/Value/StringWithMarkup/0/String,string,doi:10.1351/pac198456060653
/Record/Section/2/Section/0/Information/2/Value/StringWithMarkup/0/Markup/0/Start,number,0
/Record/Section/2/Section/0/Information/2/Value/StringWithMarkup/0/Markup/0/Length,number,27
/Record/Section/2/Section/0/Information/2/Value/StringWithMarkup/0/Markup/0/URL,string,https://doi.org/10.1351/pac198456060653
/Record/Section/2/Section/0/Information/2/Value/StringWithMarkup/1/String,string,doi:10.1351/pac197021010091
/Record/Section/2/Section/0/Information/2/Value/StringWithMarkup/1/Markup/0/Start,number,0
/Record/Section/2/Section/0/Information/2/Value/StringWithMarkup/1/Markup/0/Length,number,27
/Record/Section/2/Section/0/Information/2/Value/StringWithMarkup/1/Markup/0/URL,string,https://doi.org/10.1351/pac197021010091
/Record/Section/2/Section/0/Information/2/Value/StringWithMarkup/2/String,string,doi:10.1039/JR9370001893
/Record/Section/2/Section/0/Information/2/Value/StringWithMarkup/2/Markup/0/Start,number,0
/Record/Section/2/Section/0/Information/2/Value/StringWithMarkup/2/Markup/0/Length,number,24
/Record/Section/2/Section/0/Information/2/Value/StringWithMarkup/2/Markup/0/URL,string,https://doi.org/10.1039/JR9370001893
/Record/Section/2/Section/0/Information/2/Value/StringWithMarkup/3/String,string,doi:10.1039/JR9310001617
/Record/Section/2/Section/0/Information/2/Value/StringWithMarkup/3/Markup/0/Start,number,0
/Record/Section/2/Section/0/Information/2/Value/StringWithMarkup/3/Markup/0/Length,number,24
/Record/Section/2/Section/0/Information/2/Value/StringWithMarkup/3/Markup/0/URL,string,https://doi.org/10.1039/JR9310001617
/Record/Section/2/Section/0/Information/2/Value/StringWithMarkup/4/String,string,doi:10.1039/CT9252700913
/Record/Section/2/Section/0/Information/2/Value/StringWithMarkup/4/Markup/0/Start,number,0
/Record/Section/2/Section/0/Information/2/Value/StringWithMarkup/4/Markup/0/Length,number,24
/Record/Section/2/Section/0/Information/2/Value/StringWithMarkup/4/Markup/0/URL,string,https://doi.org/10.1039/CT9252700913
/Record/Section/2/Section/0/Information/2/Value/StringWithMarkup/5/String,string,doi:10.1021/ja01931a001
/Record/Section/2/Section/0/Information/2/Value/StringWithMarkup/5/Markup/0/Start,number,0
/Record/Section/2/Section/0/Information/2/Value/StringWithMarkup/5/Markup/0/Length,number,23
/Record/Section/2/Section/0/Information/2/Value/StringWithMarkup/5/Markup/0/URL,string,https://doi.org/10.1021/ja01931a001
/Record/Section/2/Section/0/Information/2/Value/StringWithMarkup/6/String,string,doi:10.1021/ja02003a001
/Record/Section/2/Section/0/Information/2/Value/StringWithMarkup/6/Markup/0/Start,number,0
/Record/Section/2/Section/0/Information/2/Value/StringWithMarkup/6/Markup/0/Length,number,23
/Record/Section/2/Section/0/Information/2/Value/StringWithMarkup/6/Markup/0/URL,string,https://doi.org/10.1021/ja02003a001
/Record/Section/3/TOCHeading,string,Description
/Record/Section/3/Description,string,"A short description of this element, provided by authoritative sources."
/Record/Section/3/Information/0/ReferenceNumber,number,6
/Record/Section/3/Information/0/Value/StringWithMarkup/0/String,string,"Radium is obtained commercially as bromide and chloride; it is doubtful if any appreciable stock of the isolated element now exists. The pure metal is brilliant white when freshly prepared, but blackens on exposure to air, probably due to formation of the nitride. It exhibits luminescence, as do its slats; it decomposes in water and is somewhat more volatile than barium. It is a member of the alkaline-earth group of metals. Radium imparts a carmine red color to a flame. Radium emits alpha, beta, and gamma rays and when mixed with beryllium produce neutrons. One gram of 226Ra undergoes 3.7 x 1010 disintegrations per second. The curie is defined as that amount of radioactivity which has the same disintegration rate as 1 g of 226Ra. Twenty five isotopes are now known; radium 226, the common isotope, has a half-life of 1600 years."
/Record/Section/3/Information/0/Value/StringWithMarkup/0/Markup/0/Start,number,576
/Record/Section/3/Information/0/Value/StringWithMarkup/0/Markup/0/Length,number,3
/Record/Section/3/Information/0/Value/StringWithMarkup/0/Markup/0/Type,string,Superscript
/Record/Section/3/Information/0/Value/StringWithMarkup/0/Markup/1/Start,number,600
/Record/Section/3/Information/0/Value/StringWithMarkup/0/Markup/1/Length,number,2
/Record/Section/3/Information/0/Value/StringWithMarkup/0/Markup/1/Type,string,Superscript
/Record/Section/3/Information/0/Value/StringWithMarkup/0/Markup/2/Start,number,733
/Record/Section/3/Information/0/Value/StringWithMarkup/0/Markup/2/Length,number,3
/Record/Section/3/Information/0/Value/StringWithMarkup/0/Markup/2/Type,string,Superscript
/Record/Section/4/TOCHeading,string,Uses
/Record/Section/4/Description,string,Uses of this element in industry and other fields.
/Record/Section/4/Information/0/ReferenceNumber,number,5
/Record/Section/4/Information/0/Value/StringWithMarkup/0/String,string,"The Curie, a unit used to describe the activity of a radioactive substance, is based on radium-226. It is equal to the number of atoms in a one gram sample of radium-226 that will decay in one second, or 37,000,000,000 decays per second."
/Record/Section/4/Information/0/Value/StringWithMarkup/1/String,string,"Radium had been used to make self-luminous paints for watches, aircraft instrument dials and other instrumentation, but has largely been replaced by cobalt-60, a less dangerous radioactive source. A mixture of radium and beryllium will emit neutrons and is used as a neutron source. Radium is used to produce radon, a radioactive gas used to treat some types of cancer. A single gram of radium-226 will produce 0.000l milliliters of radon a day."
/Record/Section/4/Information/0/Value/StringWithMarkup/2/String,string,Radium is about one million times more active than uranium. The lab notebooks used by the Curies are too highly contaminated to be safely handled today.
/Record/Section/4/Information/1/ReferenceNumber,number,6
/Record/Section/4/Information/1/Value/StringWithMarkup/0/String,string,"One gram of radium produces about 0.0001 ml (stp) of emanation, or radon gas, per day. This is purged from the radium and sealed in minute tubes, which are used in the treatment of cancer and other diseases. Radium was used in the producing of self-luminous paints, neutron sources, and in medicine for the treatment of disease. Other radioisotopes, such as 60Co, are now being used in place of radium. Some of these sources are much more powerful, and others are safer to use. Radium loses about 1% of its activity in 25 years, being transformed into elements of lower atomic weight. Lead is a final product of disintegration. Stored radium and radium-containing products or minerals should be ventilated to prevent build-up of radon."
/Record/Section/4/Information/1/Value/StringWithMarkup/0/Markup/0/Start,number,358
/Record/Section/4/Information/1/Value/StringWithMarkup/0/Markup/0/Length,number,2
/Record/Section/4/Information/1/Value/StringWithMarkup/0/Markup/0/Type,string,Superscript
/Record/Section/5/TOCHeading,string,Sources
/Record/Section/5/Description,string,Sources of this element.
/Record/Section/5/Information/0/ReferenceNumber,number,6
/Record/Section/5/Information/0/Value/StringWithMarkup/0/String,string,"Originally, radium was obtained from the rich pitchblende ore found in Joachimsthal, Bohemia. The carnotite sands of Colorado furnish some radium, but richer ores are found in the Republic of Zaire and the Great Lake region of Canada. Radium is present in all uranium minerals, and could be extracted, if desired, from the extensive wastes of uranium processing. Large uranium deposits are located in Ontario, New Mexico, Utah, Australia, and elsewhere."
/Record/Section/6/TOCHeading,string,Compounds
/Record/Section/6/Description,string,Compound records related to this element.
/Record/Section/6/Information/0/ReferenceNumber,number,8
/Record/Section/6/Information/0/Name,string,Compounds
/Record/Section/6/Information/0/URL,string,https://pubchem.ncbi.nlm.nih.gov/#query=Radium
/Record/Section/6/Information/0/Value/StringWithMarkup/0/String,string,See more information at the Radium compound page.
/Record/Section/6/Section/0/TOCHeading,string,Element Forms
/Record/Section/6/Section/0/Description,string,"Other forms of this element, including ions, isotopes, etc."
/Record/Section/6/Section/0/DisplayControls/CreateTable/FromInformationIn,string,ThisSection
/Record/Section/6/Section/0/DisplayControls/CreateTable/NumberOfColumns,number,5
/Record/Section/6/Section/0/DisplayControls/CreateTable/ColumnsFromNamedLists/Name/0,string,CID
/Record/Section/6/Section/0/DisplayControls/CreateTable/ColumnsFromNamedLists/Name/1,string,Name
/Record/Section/6/Section/0/DisplayControls/CreateTable/ColumnsFromNamedLists/Name/2,string,Formula
/Record/Section/6/Section/0/DisplayControls/CreateTable/ColumnsFromNamedLists/Name/3,string,SMILES
/Record/Section/6/Section/0/DisplayControls/CreateTable/ColumnsFromNamedLists/Name/4,string,Molecular Weight
/Record/Section/6/Section/0/DisplayControls/CreateTable/ColumnsFromNamedLists/UseNamesAsColumnHeadings,boolean,true
/Record/Section/6/Section/0/Information/0/ReferenceNumber,number,8
/Record/Section/6/Section/0/Information/0/Name,string,CID
/Record/Section/6/Section/0/Information/0/Value/StringWithMarkup/0/String,string,9877911
/Record/Section/6/Section/0/Information/0/Value/StringWithMarkup/0/Markup/0/Start,number,0
/Record/Section/6/Section/0/Information/0/Value/StringWithMarkup/0/Markup/0/Length,number,7
/Record/Section/6/Section/0/Information/0/Value/StringWithMarkup/0/Markup/0/URL,string,https://pubchem.ncbi.nlm.nih.gov/compound/9877911
/Record/Section/6/Section/0/Information/0/Value/StringWithMarkup/1/String,string,6328144
/Record/Section/6/Section/0/Information/0/Value/StringWithMarkup/1/Markup/0/Start,number,0
/Record/Section/6/Section/0/Information/0/Value/StringWithMarkup/1/Markup/0/Length,number,7
/Record/Section/6/Section/0/Information/0/Value/StringWithMarkup/1/Markup/0/URL,string,https://pubchem.ncbi.nlm.nih.gov/compound/6328144
/Record/Section/6/Section/0/Information/0/Value/StringWithMarkup/2/String,string,6328553
/Record/Section/6/Section/0/Information/0/Value/StringWithMarkup/2/Markup/0/Start,number,0
/Record/Section/6/Section/0/Information/0/Value/StringWithMarkup/2/Markup/0/Length,number,7
/Record/Section/6/Section/0/Information/0/Value/StringWithMarkup/2/Markup/0/URL,string,https://pubchem.ncbi.nlm.nih.gov/compound/6328553
/Record/Section/6/Section/0/Information/0/Value/StringWithMarkup/3/String,string,6328538
/Record/Section/6/Section/0/Information/0/Value/StringWithMarkup/3/Markup/0/Start,number,0
/Record/Section/6/Section/0/Information/0/Value/StringWithMarkup/3/Markup/0/Length,number,7
/Record/Section/6/Section/0/Information/0/Value/StringWithMarkup/3/Markup/0/URL,string,https://pubchem.ncbi.nlm.nih.gov/compound/6328538
/Record/Section/6/Section/0/Information/0/Value/StringWithMarkup/4/String,string,6335825
/Record/Section/6/Section/0/Information/0/Value/StringWithMarkup/4/Markup/0/Start,number,0
/Record/Section/6/Section/0/Information/0/Value/StringWithMarkup/4/Markup/0/Length,number,7
/Record/Section/6/Section/0/Information/0/Value/StringWithMarkup/4/Markup/0/URL,string,https://pubchem.ncbi.nlm.nih.gov/compound/6335825
/Record/Section/6/Section/0/Information/0/Value/StringWithMarkup/5/String,string,6336607
/Record/Section/6/Section/0/Information/0/Value/StringWithMarkup/5/Markup/0/Start,number,0
/Record/Section/6/Section/0/Information/0/Value/StringWithMarkup/5/Markup/0/Length,number,7
/Record/Section/6/Section/0/Information/0/Value/StringWithMarkup/5/Markup/0/URL,string,https://pubchem.ncbi.nlm.nih.gov/compound/6336607
/Record/Section/6/Section/0/Information/0/Value/StringWithMarkup/6/String,string,6337591
/Record/Section/6/Section/0/Information/0/Value/StringWithMarkup/6/Markup/0/Start,number,0
/Record/Section/6/Section/0/Information/0/Value/StringWithMarkup/6/Markup/0/Length,number,7
/Record/Section/6/Section/0/Information/0/Value/StringWithMarkup/6/Markup/0/URL,string,https://pubchem.ncbi.nlm.nih.gov/compound/6337591
/Record/Section/6/Section/0/Information/0/Value/StringWithMarkup/7/String,string,25000466
/Record/Section/6/Section/0/Information/0/Value/StringWithMarkup/7/Markup/0/Start,number,0
/Record/Section/6/Section/0/Information/0/Value/StringWithMarkup/7/Markup/0/Length,number,8
/Record/Section/6/Section/0/Information/0/Value/StringWithMarkup/7/Markup/0/URL,string,https://pubchem.ncbi.nlm.nih.gov/compound/25000466
/Record/Section/6/Section/0/Information/0/Value/StringWithMarkup/8/String,string,6337593
/Record/Section/6/Section/0/Information/0/Value/StringWithMarkup/8/Markup/0/Start,number,0
/Record/Section/6/Section/0/Information/0/Value/StringWithMarkup/8/Markup/0/Length,number,7
/Record/Section/6/Section/0/Information/0/Value/StringWithMarkup/8/Markup/0/URL,string,https://pubchem.ncbi.nlm.nih.gov/compound/6337593
/Record/Section/6/Section/0/Information/0/Value/StringWithMarkup/9/String,string,6452485
/Record/Section/6/Section/0/Information/0/Value/StringWithMarkup/9/Markup/0/Start,number,0
/Record/Section/6/Section/0/Information/0/Value/StringWithMarkup/9/Markup/0/Length,number,7
/Record/Section/6/Section/0/Information/0/Value/StringWithMarkup/9/Markup/0/URL,string,https://pubchem.ncbi.nlm.nih.gov/compound/6452485
/Record/Section/6/Section/0/Information/0/Value/StringWithMarkup/10/String,string,10262582
/Record/Section/6/Section/0/Information/0/Value/StringWithMarkup/10/Markup/0/Start,number,0
/Record/Section/6/Section/0/Information/0/Value/StringWithMarkup/10/Markup/0/Length,number,8
/Record/Section/6/Section/0/Information/0/Value/StringWithMarkup/10/Markup/0/URL,string,https://pubchem.ncbi.nlm.nih.gov/compound/10262582
/Record/Section/6/Section/0/Information/0/Value/StringWithMarkup/11/String,string,90480252
/Record/Section/6/Section/0/Information/0/Value/StringWithMarkup/11/Markup/0/Start,number,0
/Record/Section/6/Section/0/Information/0/Value/StringWithMarkup/11/Markup/0/Length,number,8
/Record/Section/6/Section/0/Information/0/Value/StringWithMarkup/11/Markup/0/URL,string,https://pubchem.ncbi.nlm.nih.gov/compound/90480252
/Record/Section/6/Section/0/Information/1/ReferenceNumber,number,8
/Record/Section/6/Section/0/Information/1/Name,string,Name
/Record/Section/6/Section/0/Information/1/Value/StringWithMarkup/0/String,string,radium-226
/Record/Section/6/Section/0/Information/1/Value/StringWithMarkup/1/String,string,radium
/Record/Section/6/Section/0/Information/1/Value/StringWithMarkup/2/String,string,radium-228
/Record/Section/6/Section/0/Information/1/Value/StringWithMarkup/3/String,string,radium-224
/Record/Section/6/Section/0/Information/1/Value/StringWithMarkup/4/String,string,radium-223
/Record/Section/6/Section/0/Information/1/Value/StringWithMarkup/5/String,string,radium-225
/Record/Section/6/Section/0/Information/1/Value/StringWithMarkup/6/String,string,radium-227
/Record/Section/6/Section/0/Information/1/Value/StringWithMarkup/7/String,string,radium-222
/Record/Section/6/Section/0/Information/1/Value/StringWithMarkup/8/String,string,radium-220
/Record/Section/6/Section/0/Information/1/Value/StringWithMarkup/9/String,string,radium-230
/Record/Section/6/Section/0/Information/1/Value/StringWithMarkup/10/String,string,radium-212
/Record/Section/6/Section/0/Information/1/Value/StringWithMarkup/11/String,string,radium-233
/Record/Section/6/Section/0/Information/2/ReferenceNumber,number,8
/Record/Section/6/Section/0/Information/2/Name,string,Formula
/Record/Section/6/Section/0/Information/2/Value/StringWithMarkup/0/String,string,Ra
/Record/Section/6/Section/0/Information/2/Value/StringWithMarkup/1/String,string,Ra
/Record/Section/6/Section/0/Information/2/Value/StringWithMarkup/2/String,string,Ra
/Record/Section/6/Section/0/Information/2/Value/StringWithMarkup/3/String,string,Ra
/Record/Section/6/Section/0/Information/2/Value/StringWithMarkup/4/String,string,Ra
/Record/Section/6/Section/0/Information/2/Value/StringWithMarkup/5/String,string,Ra
/Record/Section/6/Section/0/Information/2/Value/StringWithMarkup/6/String,string,Ra
/Record/Section/6/Section/0/Information/2/Value/StringWithMarkup/7/String,string,Ra
/Record/Section/6/Section/0/Information/2/Value/StringWithMarkup/8/String,string,Ra
/Record/Section/6/Section/0/Information/2/Value/StringWithMarkup/9/String,string,Ra
/Record/Section/6/Section/0/Information/2/Value/StringWithMarkup/10/String,string,Ra
/Record/Section/6/Section/0/Information/2/Value/StringWithMarkup/11/String,string,Ra
/Record/Section/6/Section/0/Information/3/ReferenceNumber,number,8
/Record/Section/6/Section/0/Information/3/Name,string,SMILES
/Record/Section/6/Section/0/Information/3/Value/StringWithMarkup/0/String,string,[226Ra]
/Record/Section/6/Section/0/Information/3/Value/StringWithMarkup/1/String,string,[Ra]
/Record/Section/6/Section/0/Information/3/Value/StringWithMarkup/2/String,string,[228Ra]
/Record/Section/6/Section/0/Information/3/Value/StringWithMarkup/3/String,string,[224Ra]
/Record/Section/6/Section/0/Information/3/Value/StringWithMarkup/4/String,string,[223Ra]
/Record/Section/6/Section/0/Information/3/Value/StringWithMarkup/5/String,string,[225Ra]
/Record/Section/6/Section/0/Information/3/Value/StringWithMarkup/6/String,string,[227Ra]
/Record/Section/6/Section/0/Information/3/Value/StringWithMarkup/7/String,string,[222Ra]
/Record/Section/6/Section/0/Information/3/Value/StringWithMarkup/8/String,string,[220Ra]
/Record/Section/6/Section/0/Information/3/Value/StringWithMarkup/9/String,string,[230Ra]
/Record/Section/6/Section/0/Information/3/Value/StringWithMarkup/10/String,string,[212Ra]
/Record/Section/6/Section/0/Information/3/Value/StringWithMarkup/11/String,string,[233Ra]
/Record/Section/6/Section/0/Information/4/ReferenceNumber,number,8
/Record/Section/6/Section/0/Information/4/Name,string,Molecular Weight
/Record/Section/6/Section/0/Information/4/Value/StringWithMarkup/0/String,string,226.02541
/Record/Section/6/Section/0/Information/4/Value/StringWithMarkup/1/String,string,226.02541
/Record/Section/6/Section/0/Information/4/Value/StringWithMarkup/2/String,string,228.03107
/Record/Section/6/Section/0/Information/4/Value/StringWithMarkup/3/String,string,224.02021
/Record/Section/6/Section/0/Information/4/Value/StringWithMarkup/4/String,string,223.01850
/Record/Section/6/Section/0/Information/4/Value/StringWithMarkup/5/String,string,225.02361
/Record/Section/6/Section/0/Information/4/Value/StringWithMarkup/6/String,string,227.02918
/Record/Section/6/Section/0/Information/4/Value/StringWithMarkup/7/String,string,222.01537
/Record/Section/6/Section/0/Information/4/Value/StringWithMarkup/8/String,string,220.01103
/Record/Section/6/Section/0/Information/4/Value/StringWithMarkup/9/String,string,230.0371
/Record/Section/6/Section/0/Information/4/Value/StringWithMarkup/10/String,string,211.9998
/Record/Section/6/Section/0/Information/4/Value/StringWithMarkup/11/String,string,233.04759
/Record/Section/7/TOCHeading,string,Handling and Storage
/Record/Section/7/Description,string,This section provides guidance on the safe handling practices and storage conditions for this element.
/Record/Section/7/Information/0/ReferenceNumber,number,6
/Record/Section/7/Information/0/Value/StringWithMarkup/0/String,string,"Inhalation, injection, or body exposure to radium can cause cancer and other body disorders. The maximum permissible border in the total body for 226Ra is 7400 becquerel."
/Record/Section/7/Information/0/Value/StringWithMarkup/0/Markup/0/Start,number,146
/Record/Section/7/Information/0/Value/StringWithMarkup/0/Markup/0/Length,number,3
/Record/Section/7/Information/0/Value/StringWithMarkup/0/Markup/0/Type,string,Superscript
/Record/Section/8/TOCHeading,string,Isotopes
/Record/Section/8/Description,string,Isotopes are nuclides having the same atomic number but different mass numbers.  This section provides information on the isotopes of this element and their uses in various fields.
/Record/Section/8/URL,string,https://chem.libretexts.org/Courses/Furman_University/CHM101%3A_Chemistry_and_Global_Awareness_(Gordon)/03%3A_Atoms_and_the_Periodic_Table/3.05%3A_Isotopes
/Record/Section/8/Information/0/ReferenceNumber,number,5
/Record/Section/8/Information/0/Name,string,Stable Isotope Count
/Record/Section/8/Information/0/Value/StringWithMarkup/0/String,string,0
/Record/Section/8/Section/0/TOCHeading,string,Isotopes in Earth/Planetary Science
/Record/Section/8/Section/0/Description,string,Information on the use of this element's isotopes in earth/planetary science.
/Record/Section/8/Section/0/Information/0/ReferenceNumber,number,4
/Record/Section/8/Section/0/Information/0/Reference/0,string,"[572]  R. N. Peterson, W. C. Burnett, M. Taniguchi, J. Chen, I. R. Santos, T. Ishitobi. J. Geophys. Res.113, C09021 (2008)."
/Record/Section/8/Section/0/Information/0/Reference/1,string,"[578]  United States Geological Survey. Resources on Isotopes-Periodic Table-Radium, U.S. Geological Survey (2014), Feb. 25; http://wwwrcamnl.wr.usgs.gov/isoig/period/ra_iig.html."
/Record/Section/8/Section/0/Information/0/Reference/2,string,"[579]  T. F. Kraemer. Limnol. Oceanogr.50, 158 (2005)."
/Record/Section/8/Section/0/Information/0/ExtendedReference/0/Citation,string,"[572]  R. N. Peterson, W. C. Burnett, M. Taniguchi, J. Chen, I. R. Santos, T. Ishitobi. J. Geophys. Res.113, C09021 (2008)."
/Record/Section/8/Section/0/Information/0/ExtendedReference/1/Citation,string,"[578]  United States Geological Survey. Resources on Isotopes-Periodic Table-Radium, U.S. Geological Survey (2014), Feb. 25; http://wwwrcamnl.wr.usgs.gov/isoig/period/ra_iig.html."
/Record/Section/8/Section/0/Information/0/ExtendedReference/2/Citation,string,"[579]  T. F. Kraemer. Limnol. Oceanogr.50, 158 (2005)."
/Record/Section/8/Section/0/Information/0/Value/StringWithMarkup/0/String,string,"The radioactive isotopes 223Ra (with a half-life of 275 h), 224Ra (with a half-life of 88 h), 226Ra (with a half-life of 1600 years), and 228Ra (with a half-life of 5.75 years) are used as tracers to determine water flow rates. They are ideal environmental tracers because they behave conservatively once released into a water mass (meaning only mixing and decay processes affect their distribution) [578]. The activity ratios A(224Ra)/A(223Ra), A(223Ra)/A(226Ra), A(224Ra)/A(228Ra), and A(228Ra)/A(226Ra) have been used in lake studies to monitor and detect water inflow and mixing, to determine sources of inflowing water, and to monitor introduced water masses as they move within a body of water (i.e. a lake) [578], [579]. For example, submarine groundwater discharge is an important pathway that transports dissolved substances from aquifers below a seabed to the coastal ocean. Submarine groundwater discharge can be difficult to quantify because it is both spatially and temporally variable. As a result, its relative importance in coastal ocean chemical budgets is commonly poorly known. Peterson et al. [572] used an hourly time series of measurements of multiple radium isotopes 223Ra, 224Ra, and 226Ra to quantify submarine groundwater discharge. They also used 222Rn (with a half-life of 3.8 days) measurements to independently quantify submarine groundwater discharge."
/Record/Section/8/Section/0/Information/0/Value/StringWithMarkup/0/Markup/0/Start,number,25
/Record/Section/8/Section/0/Information/0/Value/StringWithMarkup/0/Markup/0/Length,number,3
/Record/Section/8/Section/0/Information/0/Value/StringWithMarkup/0/Markup/0/Type,string,Superscript
/Record/Section/8/Section/0/Information/0/Value/StringWithMarkup/0/Markup/1/Start,number,60
/Record/Section/8/Section/0/Information/0/Value/StringWithMarkup/0/Markup/1/Length,number,3
/Record/Section/8/Section/0/Information/0/Value/StringWithMarkup/0/Markup/1/Type,string,Superscript
/Record/Section/8/Section/0/Information/0/Value/StringWithMarkup/0/Markup/2/Start,number,94
/Record/Section/8/Section/0/Information/0/Value/StringWithMarkup/0/Markup/2/Length,number,3
/Record/Section/8/Section/0/Information/0/Value/StringWithMarkup/0/Markup/2/Type,string,Superscript
/Record/Section/8/Section/0/Information/0/Value/StringWithMarkup/0/Markup/3/Start,number,138
/Record/Section/8/Section/0/Information/0/Value/StringWithMarkup/0/Markup/3/Length,number,3
/Record/Section/8/Section/0/Information/0/Value/StringWithMarkup/0/Markup/3/Type,string,Superscript
/Record/Section/8/Section/0/Information/0/Value/StringWithMarkup/0/Markup/4/Start,number,429
/Record/Section/8/Section/0/Information/0/Value/StringWithMarkup/0/Markup/4/Length,number,3
/Record/Section/8/Section/0/Information/0/Value/StringWithMarkup/0/Markup/4/Type,string,Superscript
/Record/Section/8/Section/0/Information/0/Value/StringWithMarkup/0/Markup/5/Start,number,438
/Record/Section/8/Section/0/Information/0/Value/StringWithMarkup/0/Markup/5/Length,number,3
/Record/Section/8/Section/0/Information/0/Value/StringWithMarkup/0/Markup/5/Type,string,Superscript
/Record/Section/8/Section/0/Information/0/Value/StringWithMarkup/0/Markup/6/Start,number,448
/Record/Section/8/Section/0/Information/0/Value/StringWithMarkup/0/Markup/6/Length,number,3
/Record/Section/8/Section/0/Information/0/Value/StringWithMarkup/0/Markup/6/Type,string,Superscript
/Record/Section/8/Section/0/Information/0/Value/StringWithMarkup/0/Markup/7/Start,number,457
/Record/Section/8/Section/0/Information/0/Value/StringWithMarkup/0/Markup/7/Length,number,3
/Record/Section/8/Section/0/Information/0/Value/StringWithMarkup/0/Markup/7/Type,string,Superscript
/Record/Section/8/Section/0/Information/0/Value/StringWithMarkup/0/Markup/8/Start,number,467
/Record/Section/8/Section/0/Information/0/Value/StringWithMarkup/0/Markup/8/Length,number,3
/Record/Section/8/Section/0/Information/0/Value/StringWithMarkup/0/Markup/8/Type,string,Superscript
/Record/Section/8/Section/0/Information/0/Value/StringWithMarkup/0/Markup/9/Start,number,476
/Record/Section/8/Section/0/Information/0/Value/StringWithMarkup/0/Markup/9/Length,number,3
/Record/Section/8/Section/0/Information/0/Value/StringWithMarkup/0/Markup/9/Type,string,Superscript
/Record/Section/8/Section/0/Information/0/Value/StringWithMarkup/0/Markup/10/Start,number,490
/Record/Section/8/Section/0/Information/0/Value/StringWithMarkup/0/Markup/10/Length,number,3
/Record/Section/8/Section/0/Information/0/Value/StringWithMarkup/0/Markup/10/Type,string,Superscript
/Record/Section/8/Section/0/Information/0/Value/StringWithMarkup/0/Markup/11/Start,number,499
/Record/Section/8/Section/0/Information/0/Value/StringWithMarkup/0/Markup/11/Length,number,3
/Record/Section/8/Section/0/Information/0/Value/StringWithMarkup/0/Markup/11/Type,string,Superscript
/Record/Section/8/Section/0/Information/0/Value/StringWithMarkup/0/Markup/12/Start,number,1190
/Record/Section/8/Section/0/Information/0/Value/StringWithMarkup/0/Markup/12/Length,number,3
/Record/Section/8/Section/0/Information/0/Value/StringWithMarkup/0/Markup/12/Type,string,Superscript
/Record/Section/8/Section/0/Information/0/Value/StringWithMarkup/0/Markup/13/Start,number,1197
/Record/Section/8/Section/0/Information/0/Value/StringWithMarkup/0/Markup/13/Length,number,3
/Record/Section/8/Section/0/Information/0/Value/StringWithMarkup/0/Markup/13/Type,string,Superscript
/Record/Section/8/Section/0/Information/0/Value/StringWithMarkup/0/Markup/14/Start,number,1208
/Record/Section/8/Section/0/Information/0/Value/StringWithMarkup/0/Markup/14/Length,number,3
/Record/Section/8/Section/0/Information/0/Value/StringWithMarkup/0/Markup/14/Type,string,Superscript
/Record/Section/8/Section/0/Information/0/Value/StringWithMarkup/0/Markup/15/Start,number,1274
/Record/Section/8/Section/0/Information/0/Value/StringWithMarkup/0/Markup/15/Length,number,3
/Record/Section/8/Section/0/Information/0/Value/StringWithMarkup/0/Markup/15/Type,string,Superscript
/Record/Section/8/Section/1/TOCHeading,string,Isotopes in Geochronology
/Record/Section/8/Section/1/Description,string,Information on the use of this element's isotopes in geochronology.
/Record/Section/8/Section/1/Information/0/ReferenceNumber,number,4
/Record/Section/8/Section/1/Information/0/Reference/0,string,"[579]  T. F. Kraemer. Limnol. Oceanogr.50, 158 (2005)."
/Record/Section/8/Section/1/Information/0/Reference/1,string,"[580]  J. Eikenberg. “Radium isotope systematics in nature: applications in geochronology and hydrogeochemistry”, in Habilitation Thesis, Earth Science Department."
/Record/Section/8/Section/1/Information/0/ExtendedReference/0/Citation,string,"[579]  T. F. Kraemer. Limnol. Oceanogr.50, 158 (2005)."
/Record/Section/8/Section/1/Information/0/ExtendedReference/1/Citation,string,"[580]  J. Eikenberg. “Radium isotope systematics in nature: applications in geochronology and hydrogeochemistry”, in Habilitation Thesis, Earth Science Department."
/Record/Section/8/Section/1/Information/0/Value/StringWithMarkup/0/String,string,"226Ra and 228Ra can be used for dating materials up to a few thousand years in age because the half-lives of 226Ra and 228Ra are 1600 years and 5.75 years, respectively, even though the long-lived 226Ra is found in nature as a result of its continuous production by the decay of 238U. For example, long-lived 226Ra has been used to date a limestone cave in central Switzerland, corals in the Indian Ocean, and Pleistocene gravel terraces [580]. The activity ratio A(224Ra)/A(223Ra) is a potential age calculator for old lake water because the low 223Ra and 224Ra activities in old lake water are relatively unaffected by mixing [579]."
/Record/Section/8/Section/1/Information/0/Value/StringWithMarkup/0/Markup/0/Start,number,0
/Record/Section/8/Section/1/Information/0/Value/StringWithMarkup/0/Markup/0/Length,number,3
/Record/Section/8/Section/1/Information/0/Value/StringWithMarkup/0/Markup/0/Type,string,Superscript
/Record/Section/8/Section/1/Information/0/Value/StringWithMarkup/0/Markup/1/Start,number,10
/Record/Section/8/Section/1/Information/0/Value/StringWithMarkup/0/Markup/1/Length,number,3
/Record/Section/8/Section/1/Information/0/Value/StringWithMarkup/0/Markup/1/Type,string,Superscript
/Record/Section/8/Section/1/Information/0/Value/StringWithMarkup/0/Markup/2/Start,number,109
/Record/Section/8/Section/1/Information/0/Value/StringWithMarkup/0/Markup/2/Length,number,3
/Record/Section/8/Section/1/Information/0/Value/StringWithMarkup/0/Markup/2/Type,string,Superscript
/Record/Section/8/Section/1/Information/0/Value/StringWithMarkup/0/Markup/3/Start,number,119
/Record/Section/8/Section/1/Information/0/Value/StringWithMarkup/0/Markup/3/Length,number,3
/Record/Section/8/Section/1/Information/0/Value/StringWithMarkup/0/Markup/3/Type,string,Superscript
/Record/Section/8/Section/1/Information/0/Value/StringWithMarkup/0/Markup/4/Start,number,197
/Record/Section/8/Section/1/Information/0/Value/StringWithMarkup/0/Markup/4/Length,number,3
/Record/Section/8/Section/1/Information/0/Value/StringWithMarkup/0/Markup/4/Type,string,Superscript
/Record/Section/8/Section/1/Information/0/Value/StringWithMarkup/0/Markup/5/Start,number,279
/Record/Section/8/Section/1/Information/0/Value/StringWithMarkup/0/Markup/5/Length,number,3
/Record/Section/8/Section/1/Information/0/Value/StringWithMarkup/0/Markup/5/Type,string,Superscript
/Record/Section/8/Section/1/Information/0/Value/StringWithMarkup/0/Markup/6/Start,number,309
/Record/Section/8/Section/1/Information/0/Value/StringWithMarkup/0/Markup/6/Length,number,3
/Record/Section/8/Section/1/Information/0/Value/StringWithMarkup/0/Markup/6/Type,string,Superscript
/Record/Section/8/Section/1/Information/0/Value/StringWithMarkup/0/Markup/7/Start,number,466
/Record/Section/8/Section/1/Information/0/Value/StringWithMarkup/0/Markup/7/Length,number,3
/Record/Section/8/Section/1/Information/0/Value/StringWithMarkup/0/Markup/7/Type,string,Superscript
/Record/Section/8/Section/1/Information/0/Value/StringWithMarkup/0/Markup/8/Start,number,475
/Record/Section/8/Section/1/Information/0/Value/StringWithMarkup/0/Markup/8/Length,number,3
/Record/Section/8/Section/1/Information/0/Value/StringWithMarkup/0/Markup/8/Type,string,Superscript
/Record/Section/8/Section/1/Information/0/Value/StringWithMarkup/0/Markup/9/Start,number,547
/Record/Section/8/Section/1/Information/0/Value/StringWithMarkup/0/Markup/9/Length,number,3
/Record/Section/8/Section/1/Information/0/Value/StringWithMarkup/0/Markup/9/Type,string,Superscript
/Record/Section/8/Section/1/Information/0/Value/StringWithMarkup/0/Markup/10/Start,number,557
/Record/Section/8/Section/1/Information/0/Value/StringWithMarkup/0/Markup/10/Length,number,3
/Record/Section/8/Section/1/Information/0/Value/StringWithMarkup/0/Markup/10/Type,string,Superscript
/Record/Section/8/Section/2/TOCHeading,string,Isotopes in Medicine
/Record/Section/8/Section/2/Description,string,Information on the use of this element's isotopes in medicine.
/Record/Section/8/Section/2/Information/0/ReferenceNumber,number,4
/Record/Section/8/Section/2/Information/0/Reference/0,string,"[75]  J. Peterson, M. McDonell, L. Haroun, F. Monette, R. D. Hildebrand, A. Taboas. Radiological and Chemical Fact Sheets to Support Health Risk Analyses for Contaminated Areas, Prepared by Argonne National Laboratory Environmental Science Division in collaboration with U.S. Department of Energy, Richland Operations Office and Chicago Operations Office (2014), Feb. 22; http://www.remm.nlm.gov/ANL_ContaminantFactSheets_All_070418.pdf."
/Record/Section/8/Section/2/Information/0/Reference/1,string,"[581]  United States Nuclear Regulatory Commission (U.S. NRC). Frequently Asked Questions (FAQs) Regarding Radium-226 Overview, United States Nuclear Regulatory Commission (U.S. NRC) (2017), April 8; https://scp.nrc.gov/narmtoolbox/radium%20faq102008.pdf."
/Record/Section/8/Section/2/Information/0/Reference/2,string,"[582]  Oak Ridge Associated Universities. Seeds (ca. 1940s–1960s), Oak Ridge Associated Universities (2014), Feb. 25; http://www.orau.org/ptp/collection/brachytherapy/seeds.htm."
/Record/Section/8/Section/2/Information/0/ExtendedReference/0/Citation,string,"[75]  J. Peterson, M. McDonell, L. Haroun, F. Monette, R. D. Hildebrand, A. Taboas. Radiological and Chemical Fact Sheets to Support Health Risk Analyses for Contaminated Areas, Prepared by Argonne National Laboratory Environmental Science Division in collaboration with U.S. Department of Energy, Richland Operations Office and Chicago Operations Office (2014), Feb. 22; http://www.remm.nlm.gov/ANL_ContaminantFactSheets_All_070418.pdf."
/Record/Section/8/Section/2/Information/0/ExtendedReference/1/Citation,string,"[581]  United States Nuclear Regulatory Commission (U.S. NRC). Frequently Asked Questions (FAQs) Regarding Radium-226 Overview, United States Nuclear Regulatory Commission (U.S. NRC) (2017), April 8; https://scp.nrc.gov/narmtoolbox/radium%20faq102008.pdf."
/Record/Section/8/Section/2/Information/0/ExtendedReference/2/Citation,string,"[582]  Oak Ridge Associated Universities. Seeds (ca. 1940s–1960s), Oak Ridge Associated Universities (2014), Feb. 25; http://www.orau.org/ptp/collection/brachytherapy/seeds.htm."
/Record/Section/8/Section/2/Information/0/Value/StringWithMarkup/0/String,string,"226Ra is used in brachytherapy (Fig. IUPAC.88.1), which is a method of localized treatment of various types of cancer. A sealed implant (such as a rod, seed, or needle) containing the radioactive isotope 226Ra is inserted into or near a patient’s tumor to apply a high dose of radiation to the tumor. The sealed implant is inserted by a physician or by an automated device (called a remote afterloader), and it is removed from the patient once the tumor is destroyed [75], [581]."
/Record/Section/8/Section/2/Information/0/Value/StringWithMarkup/0/Markup/0/Start,number,0
/Record/Section/8/Section/2/Information/0/Value/StringWithMarkup/0/Markup/0/Length,number,3
/Record/Section/8/Section/2/Information/0/Value/StringWithMarkup/0/Markup/0/Type,string,Superscript
/Record/Section/8/Section/2/Information/0/Value/StringWithMarkup/0/Markup/1/Start,number,204
/Record/Section/8/Section/2/Information/0/Value/StringWithMarkup/0/Markup/1/Length,number,3
/Record/Section/8/Section/2/Information/0/Value/StringWithMarkup/0/Markup/1/Type,string,Superscript
/Record/Section/8/Section/2/Information/0/Value/StringWithMarkup/1/String,string,          
/Record/Section/8/Section/2/Information/0/Value/StringWithMarkup/1/Markup/0/Start,number,0
/Record/Section/8/Section/2/Information/0/Value/StringWithMarkup/1/Markup/0/Length,number,1
/Record/Section/8/Section/2/Information/0/Value/StringWithMarkup/1/Markup/0/URL,string,https://pubchem.ncbi.nlm.nih.gov/images/iupac/j_pac-2015-0703_fig_120.jpg
/Record/Section/8/Section/2/Information/0/Value/StringWithMarkup/1/Markup/0/Type,string,Image
/Record/Section/8/Section/2/Information/0/Value/StringWithMarkup/1/Markup/0/Size,string,721x694
/Record/Section/8/Section/2/Information/0/Value/StringWithMarkup/1/Markup/0/Caption,string,Fig. IUPAC.88.1: Brachytherapy seeds shown with a penny (19-mm diameter) for scale (modified from [582]). 
/Record/Section/8/Section/3/TOCHeading,string,Isotope Mass and Abundance
/Record/Section/8/Section/3/Description,string,Atomic mass and abundance (composition) information for a given isotope/nuclide. The number in the parenthesis refers to an uncertainty when exist. The unit of atomic weight is the unified atomic mass unit (u) or dalton (Da). 
/Record/Section/8/Section/3/DisplayControls/CreateTable/FromInformationIn,string,ThisSection
/Record/Section/8/Section/3/DisplayControls/CreateTable/NumberOfColumns,number,3
/Record/Section/8/Section/3/DisplayControls/CreateTable/ColumnsFromNamedLists/Name/0,string,Isotope
/Record/Section/8/Section/3/DisplayControls/CreateTable/ColumnsFromNamedLists/Name/1,string,Atomic Mass (uncertainty) [u]
/Record/Section/8/Section/3/DisplayControls/CreateTable/ColumnsFromNamedLists/Name/2,string,Abundance (uncertainty)
/Record/Section/8/Section/3/DisplayControls/CreateTable/ColumnsFromNamedLists/UseNamesAsColumnHeadings,boolean,true
/Record/Section/8/Section/3/Information/0/ReferenceNumber,number,7
/Record/Section/8/Section/3/Information/0/Name,string,Isotope
/Record/Section/8/Section/3/Information/0/Value/StringWithMarkup/0/String,string,223Ra
/Record/Section/8/Section/3/Information/0/Value/StringWithMarkup/0/Markup/0/Start,number,0
/Record/Section/8/Section/3/Information/0/Value/StringWithMarkup/0/Markup/0/Length,number,3
/Record/Section/8/Section/3/Information/0/Value/StringWithMarkup/0/Markup/0/Type,string,Superscript
/Record/Section/8/Section/3/Information/0/Value/StringWithMarkup/1/String,string,224Ra
/Record/Section/8/Section/3/Information/0/Value/StringWithMarkup/1/Markup/0/Start,number,0
/Record/Section/8/Section/3/Information/0/Value/StringWithMarkup/1/Markup/0/Length,number,3
/Record/Section/8/Section/3/Information/0/Value/StringWithMarkup/1/Markup/0/Type,string,Superscript
/Record/Section/8/Section/3/Information/0/Value/StringWithMarkup/2/String,string,226Ra
/Record/Section/8/Section/3/Information/0/Value/StringWithMarkup/2/Markup/0/Start,number,0
/Record/Section/8/Section/3/Information/0/Value/StringWithMarkup/2/Markup/0/Length,number,3
/Record/Section/8/Section/3/Information/0/Value/StringWithMarkup/2/Markup/0/Type,string,Superscript
/Record/Section/8/Section/3/Information/0/Value/StringWithMarkup/3/String,string,228Ra
/Record/Section/8/Section/3/Information/0/Value/StringWithMarkup/3/Markup/0/Start,number,0
/Record/Section/8/Section/3/Information/0/Value/StringWithMarkup/3/Markup/0/Length,number,3
/Record/Section/8/Section/3/Information/0/Value/StringWithMarkup/3/Markup/0/Type,string,Superscript
/Record/Section/8/Section/3/Information/1/ReferenceNumber,number,7
/Record/Section/8/Section/3/Information/1/Name,string,Atomic Mass (uncertainty) [u]
/Record/Section/8/Section/3/Information/1/Value/StringWithMarkup/0/String,string,223.0185023(27)
/Record/Section/8/Section/3/Information/1/Value/StringWithMarkup/1/String,string,224.0202120(23)
/Record/Section/8/Section/3/Information/1/Value/StringWithMarkup/2/String,string,226.0254103(25)
/Record/Section/8/Section/3/Information/1/Value/StringWithMarkup/3/String,string,228.0310707(26)
/Record/Section/8/Section/3/Information/2/ReferenceNumber,number,7
/Record/Section/8/Section/3/Information/2/Name,string,Abundance (uncertainty)
/Record/Section/8/Section/3/Information/2/Value/StringWithMarkup/0/String,string,
/Record/Section/8/Section/3/Information/2/Value/StringWithMarkup/1/String,string,
/Record/Section/8/Section/3/Information/2/Value/StringWithMarkup/2/String,string,
/Record/Section/8/Section/3/Information/2/Value/StringWithMarkup/3/String,string,
/Record/Section/8/Section/4/TOCHeading,string,"Atomic Mass, Half Life, and Decay"
/Record/Section/8/Section/4/Description,string,"Information on the atomic mass, half life, and decay for this element, from the the Atomic Mass Data Center. The number after the ± refers to an uncertainty when exists."
/Record/Section/8/Section/4/URL,string,https://pubchem.ncbi.nlm.nih.gov/docs/atomic-mass/
/Record/Section/8/Section/4/DisplayControls/CreateTable/FromInformationIn,string,ThisSection
/Record/Section/8/Section/4/DisplayControls/CreateTable/NumberOfColumns,number,5
/Record/Section/8/Section/4/DisplayControls/CreateTable/ColumnsFromNamedLists/Name/0,string,Nuclide
/Record/Section/8/Section/4/DisplayControls/CreateTable/ColumnsFromNamedLists/Name/1,string,Atomic Mass and Uncertainty [u]
/Record/Section/8/Section/4/DisplayControls/CreateTable/ColumnsFromNamedLists/Name/2,string,Half Life and Uncertainty
/Record/Section/8/Section/4/DisplayControls/CreateTable/ColumnsFromNamedLists/Name/3,string,Discovery Year
/Record/Section/8/Section/4/DisplayControls/CreateTable/ColumnsFromNamedLists/Name/4,string,"Decay Modes, Intensities and Uncertainties [%]"
/Record/Section/8/Section/4/DisplayControls/CreateTable/ColumnsFromNamedLists/UseNamesAsColumnHeadings,boolean,true
/Record/Section/8/Section/4/Information/0/ReferenceNumber,number,2
/Record/Section/8/Section/4/Information/0/Name,string,Nuclide
/Record/Section/8/Section/4/Information/0/Value/StringWithMarkup/0/String,string,201Ra
/Record/Section/8/Section/4/Information/0/Value/StringWithMarkup/0/Markup/0/Start,number,0
/Record/Section/8/Section/4/Information/0/Value/StringWithMarkup/0/Markup/0/Length,number,3
/Record/Section/8/Section/4/Information/0/Value/StringWithMarkup/0/Markup/0/Type,string,Superscript
/Record/Section/8/Section/4/Information/0/Value/StringWithMarkup/1/String,string,201Ram
/Record/Section/8/Section/4/Information/0/Value/StringWithMarkup/1/Markup/0/Start,number,0
/Record/Section/8/Section/4/Information/0/Value/StringWithMarkup/1/Markup/0/Length,number,3
/Record/Section/8/Section/4/Information/0/Value/StringWithMarkup/1/Markup/0/Type,string,Superscript
/Record/Section/8/Section/4/Information/0/Value/StringWithMarkup/1/Markup/1/Start,number,5
/Record/Section/8/Section/4/Information/0/Value/StringWithMarkup/1/Markup/1/Length,number,1
/Record/Section/8/Section/4/Information/0/Value/StringWithMarkup/1/Markup/1/Type,string,Superscript
/Record/Section/8/Section/4/Information/0/Value/StringWithMarkup/2/String,string,202Ra
/Record/Section/8/Section/4/Information/0/Value/StringWithMarkup/2/Markup/0/Start,number,0
/Record/Section/8/Section/4/Information/0/Value/StringWithMarkup/2/Markup/0/Length,number,3
/Record/Section/8/Section/4/Information/0/Value/StringWithMarkup/2/Markup/0/Type,string,Superscript
/Record/Section/8/Section/4/Information/0/Value/StringWithMarkup/3/String,string,203Ra
/Record/Section/8/Section/4/Information/0/Value/StringWithMarkup/3/Markup/0/Start,number,0
/Record/Section/8/Section/4/Information/0/Value/StringWithMarkup/3/Markup/0/Length,number,3
/Record/Section/8/Section/4/Information/0/Value/StringWithMarkup/3/Markup/0/Type,string,Superscript
/Record/Section/8/Section/4/Information/0/Value/StringWithMarkup/4/String,string,203Ram
/Record/Section/8/Section/4/Information/0/Value/StringWithMarkup/4/Markup/0/Start,number,0
/Record/Section/8/Section/4/Information/0/Value/StringWithMarkup/4/Markup/0/Length,number,3
/Record/Section/8/Section/4/Information/0/Value/StringWithMarkup/4/Markup/0/Type,string,Superscript
/Record/Section/8/Section/4/Information/0/Value/StringWithMarkup/4/Markup/1/Start,number,5
/Record/Section/8/Section/4/Information/0/Value/StringWithMarkup/4/Markup/1/Length,number,1
/Record/Section/8/Section/4/Information/0/Value/StringWithMarkup/4/Markup/1/Type,string,Superscript
/Record/Section/8/Section/4/Information/0/Value/StringWithMarkup/5/String,string,204Ra
/Record/Section/8/Section/4/Information/0/Value/StringWithMarkup/5/Markup/0/Start,number,0
/Record/Section/8/Section/4/Information/0/Value/StringWithMarkup/5/Markup/0/Length,number,3
/Record/Section/8/Section/4/Information/0/Value/StringWithMarkup/5/Markup/0/Type,string,Superscript
/Record/Section/8/Section/4/Information/0/Value/StringWithMarkup/6/String,string,205Ra
/Record/Section/8/Section/4/Information/0/Value/StringWithMarkup/6/Markup/0/Start,number,0
/Record/Section/8/Section/4/Information/0/Value/StringWithMarkup/6/Markup/0/Length,number,3
/Record/Section/8/Section/4/Information/0/Value/StringWithMarkup/6/Markup/0/Type,string,Superscript
/Record/Section/8/Section/4/Information/0/Value/StringWithMarkup/7/String,string,205Ram
/Record/Section/8/Section/4/Information/0/Value/StringWithMarkup/7/Markup/0/Start,number,0
/Record/Section/8/Section/4/Information/0/Value/StringWithMarkup/7/Markup/0/Length,number,3
/Record/Section/8/Section/4/Information/0/Value/StringWithMarkup/7/Markup/0/Type,string,Superscript
/Record/Section/8/Section/4/Information/0/Value/StringWithMarkup/7/Markup/1/Start,number,5
/Record/Section/8/Section/4/Information/0/Value/StringWithMarkup/7/Markup/1/Length,number,1
/Record/Section/8/Section/4/Information/0/Value/StringWithMarkup/7/Markup/1/Type,string,Superscript
/Record/Section/8/Section/4/Information/0/Value/StringWithMarkup/8/String,string,206Ra
/Record/Section/8/Section/4/Information/0/Value/StringWithMarkup/8/Markup/0/Start,number,0
/Record/Section/8/Section/4/Information/0/Value/StringWithMarkup/8/Markup/0/Length,number,3
/Record/Section/8/Section/4/Information/0/Value/StringWithMarkup/8/Markup/0/Type,string,Superscript
/Record/Section/8/Section/4/Information/0/Value/StringWithMarkup/9/String,string,207Ra
/Record/Section/8/Section/4/Information/0/Value/StringWithMarkup/9/Markup/0/Start,number,0
/Record/Section/8/Section/4/Information/0/Value/StringWithMarkup/9/Markup/0/Length,number,3
/Record/Section/8/Section/4/Information/0/Value/StringWithMarkup/9/Markup/0/Type,string,Superscript
/Record/Section/8/Section/4/Information/0/Value/StringWithMarkup/10/String,string,207Ram
/Record/Section/8/Section/4/Information/0/Value/StringWithMarkup/10/Markup/0/Start,number,0
/Record/Section/8/Section/4/Information/0/Value/StringWithMarkup/10/Markup/0/Length,number,3
/Record/Section/8/Section/4/Information/0/Value/StringWithMarkup/10/Markup/0/Type,string,Superscript
/Record/Section/8/Section/4/Information/0/Value/StringWithMarkup/10/Markup/1/Start,number,5
/Record/Section/8/Section/4/Information/0/Value/StringWithMarkup/10/Markup/1/Length,number,1
/Record/Section/8/Section/4/Information/0/Value/StringWithMarkup/10/Markup/1/Type,string,Superscript
/Record/Section/8/Section/4/Information/0/Value/StringWithMarkup/11/String,string,208Ra
/Record/Section/8/Section/4/Information/0/Value/StringWithMarkup/11/Markup/0/Start,number,0
/Record/Section/8/Section/4/Information/0/Value/StringWithMarkup/11/Markup/0/Length,number,3
/Record/Section/8/Section/4/Information/0/Value/StringWithMarkup/11/Markup/0/Type,string,Superscript
/Record/Section/8/Section/4/Information/0/Value/StringWithMarkup/12/String,string,208Ram
/Record/Section/8/Section/4/Information/0/Value/StringWithMarkup/12/Markup/0/Start,number,0
/Record/Section/8/Section/4/Information/0/Value/StringWithMarkup/12/Markup/0/Length,number,3
/Record/Section/8/Section/4/Information/0/Value/StringWithMarkup/12/Markup/0/Type,string,Superscript
/Record/Section/8/Section/4/Information/0/Value/StringWithMarkup/12/Markup/1/Start,number,5
/Record/Section/8/Section/4/Information/0/Value/StringWithMarkup/12/Markup/1/Length,number,1
/Record/Section/8/Section/4/Information/0/Value/StringWithMarkup/12/Markup/1/Type,string,Superscript
/Record/Section/8/Section/4/Information/0/Value/StringWithMarkup/13/String,string,209Ra
/Record/Section/8/Section/4/Information/0/Value/StringWithMarkup/13/Markup/0/Start,number,0
/Record/Section/8/Section/4/Information/0/Value/StringWithMarkup/13/Markup/0/Length,number,3
/Record/Section/8/Section/4/Information/0/Value/StringWithMarkup/13/Markup/0/Type,string,Superscript
/Record/Section/8/Section/4/Information/0/Value/StringWithMarkup/14/String,string,209Ram
/Record/Section/8/Section/4/Information/0/Value/StringWithMarkup/14/Markup/0/Start,number,0
/Record/Section/8/Section/4/Information/0/Value/StringWithMarkup/14/Markup/0/Length,number,3
/Record/Section/8/Section/4/Information/0/Value/StringWithMarkup/14/Markup/0/Type,string,Superscript
/Record/Section/8/Section/4/Information/0/Value/StringWithMarkup/14/Markup/1/Start,number,5
/Record/Section/8/Section/4/Information/0/Value/StringWithMarkup/14/Markup/1/Length,number,1
/Record/Section/8/Section/4/Information/0/Value/StringWithMarkup/14/Markup/1/Type,string,Superscript
/Record/Section/8/Section/4/Information/0/Value/StringWithMarkup/15/String,string,210Ra
/Record/Section/8/Section/4/Information/0/Value/StringWithMarkup/15/Markup/0/Start,number,0
/Record/Section/8/Section/4/Information/0/Value/StringWithMarkup/15/Markup/0/Length,number,3
/Record/Section/8/Section/4/Information/0/Value/StringWithMarkup/15/Markup/0/Type,string,Superscript
/Record/Section/8/Section/4/Information/0/Value/StringWithMarkup/16/String,string,210Ram
/Record/Section/8/Section/4/Information/0/Value/StringWithMarkup/16/Markup/0/Start,number,0
/Record/Section/8/Section/4/Information/0/Value/StringWithMarkup/16/Markup/0/Length,number,3
/Record/Section/8/Section/4/Information/0/Value/StringWithMarkup/16/Markup/0/Type,string,Superscript
/Record/Section/8/Section/4/Information/0/Value/StringWithMarkup/16/Markup/1/Start,number,5
/Record/Section/8/Section/4/Information/0/Value/StringWithMarkup/16/Markup/1/Length,number,1
/Record/Section/8/Section/4/Information/0/Value/StringWithMarkup/16/Markup/1/Type,string,Superscript
/Record/Section/8/Section/4/Information/0/Value/StringWithMarkup/17/String,string,211Ra
/Record/Section/8/Section/4/Information/0/Value/StringWithMarkup/17/Markup/0/Start,number,0
/Record/Section/8/Section/4/Information/0/Value/StringWithMarkup/17/Markup/0/Length,number,3
/Record/Section/8/Section/4/Information/0/Value/StringWithMarkup/17/Markup/0/Type,string,Superscript
/Record/Section/8/Section/4/Information/0/Value/StringWithMarkup/18/String,string,211Ram
/Record/Section/8/Section/4/Information/0/Value/StringWithMarkup/18/Markup/0/Start,number,0
/Record/Section/8/Section/4/Information/0/Value/StringWithMarkup/18/Markup/0/Length,number,3
/Record/Section/8/Section/4/Information/0/Value/StringWithMarkup/18/Markup/0/Type,string,Superscript
/Record/Section/8/Section/4/Information/0/Value/StringWithMarkup/18/Markup/1/Start,number,5
/Record/Section/8/Section/4/Information/0/Value/StringWithMarkup/18/Markup/1/Length,number,1
/Record/Section/8/Section/4/Information/0/Value/StringWithMarkup/18/Markup/1/Type,string,Superscript
/Record/Section/8/Section/4/Information/0/Value/StringWithMarkup/19/String,string,212Ra
/Record/Section/8/Section/4/Information/0/Value/StringWithMarkup/19/Markup/0/Start,number,0
/Record/Section/8/Section/4/Information/0/Value/StringWithMarkup/19/Markup/0/Length,number,3
/Record/Section/8/Section/4/Information/0/Value/StringWithMarkup/19/Markup/0/Type,string,Superscript
/Record/Section/8/Section/4/Information/0/Value/StringWithMarkup/20/String,string,212Ram
/Record/Section/8/Section/4/Information/0/Value/StringWithMarkup/20/Markup/0/Start,number,0
/Record/Section/8/Section/4/Information/0/Value/StringWithMarkup/20/Markup/0/Length,number,3
/Record/Section/8/Section/4/Information/0/Value/StringWithMarkup/20/Markup/0/Type,string,Superscript
/Record/Section/8/Section/4/Information/0/Value/StringWithMarkup/20/Markup/1/Start,number,5
/Record/Section/8/Section/4/Information/0/Value/StringWithMarkup/20/Markup/1/Length,number,1
/Record/Section/8/Section/4/Information/0/Value/StringWithMarkup/20/Markup/1/Type,string,Superscript
/Record/Section/8/Section/4/Information/0/Value/StringWithMarkup/21/String,string,212Ran
/Record/Section/8/Section/4/Information/0/Value/StringWithMarkup/21/Markup/0/Start,number,0
/Record/Section/8/Section/4/Information/0/Value/StringWithMarkup/21/Markup/0/Length,number,3
/Record/Section/8/Section/4/Information/0/Value/StringWithMarkup/21/Markup/0/Type,string,Superscript
/Record/Section/8/Section/4/Information/0/Value/StringWithMarkup/21/Markup/1/Start,number,5
/Record/Section/8/Section/4/Information/0/Value/StringWithMarkup/21/Markup/1/Length,number,1
/Record/Section/8/Section/4/Information/0/Value/StringWithMarkup/21/Markup/1/Type,string,Superscript
/Record/Section/8/Section/4/Information/0/Value/StringWithMarkup/22/String,string,213Ra
/Record/Section/8/Section/4/Information/0/Value/StringWithMarkup/22/Markup/0/Start,number,0
/Record/Section/8/Section/4/Information/0/Value/StringWithMarkup/22/Markup/0/Length,number,3
/Record/Section/8/Section/4/Information/0/Value/StringWithMarkup/22/Markup/0/Type,string,Superscript
/Record/Section/8/Section/4/Information/0/Value/StringWithMarkup/23/String,string,213Ram
/Record/Section/8/Section/4/Information/0/Value/StringWithMarkup/23/Markup/0/Start,number,0
/Record/Section/8/Section/4/Information/0/Value/StringWithMarkup/23/Markup/0/Length,number,3
/Record/Section/8/Section/4/Information/0/Value/StringWithMarkup/23/Markup/0/Type,string,Superscript
/Record/Section/8/Section/4/Information/0/Value/StringWithMarkup/23/Markup/1/Start,number,5
/Record/Section/8/Section/4/Information/0/Value/StringWithMarkup/23/Markup/1/Length,number,1
/Record/Section/8/Section/4/Information/0/Value/StringWithMarkup/23/Markup/1/Type,string,Superscript
/Record/Section/8/Section/4/Information/0/Value/StringWithMarkup/24/String,string,214Ra
/Record/Section/8/Section/4/Information/0/Value/StringWithMarkup/24/Markup/0/Start,number,0
/Record/Section/8/Section/4/Information/0/Value/StringWithMarkup/24/Markup/0/Length,number,3
/Record/Section/8/Section/4/Information/0/Value/StringWithMarkup/24/Markup/0/Type,string,Superscript
/Record/Section/8/Section/4/Information/0/Value/StringWithMarkup/25/String,string,214Ram
/Record/Section/8/Section/4/Information/0/Value/StringWithMarkup/25/Markup/0/Start,number,0
/Record/Section/8/Section/4/Information/0/Value/StringWithMarkup/25/Markup/0/Length,number,3
/Record/Section/8/Section/4/Information/0/Value/StringWithMarkup/25/Markup/0/Type,string,Superscript
/Record/Section/8/Section/4/Information/0/Value/StringWithMarkup/25/Markup/1/Start,number,5
/Record/Section/8/Section/4/Information/0/Value/StringWithMarkup/25/Markup/1/Length,number,1
/Record/Section/8/Section/4/Information/0/Value/StringWithMarkup/25/Markup/1/Type,string,Superscript
/Record/Section/8/Section/4/Information/0/Value/StringWithMarkup/26/String,string,214Ran
/Record/Section/8/Section/4/Information/0/Value/StringWithMarkup/26/Markup/0/Start,number,0
/Record/Section/8/Section/4/Information/0/Value/StringWithMarkup/26/Markup/0/Length,number,3
/Record/Section/8/Section/4/Information/0/Value/StringWithMarkup/26/Markup/0/Type,string,Superscript
/Record/Section/8/Section/4/Information/0/Value/StringWithMarkup/26/Markup/1/Start,number,5
/Record/Section/8/Section/4/Information/0/Value/StringWithMarkup/26/Markup/1/Length,number,1
/Record/Section/8/Section/4/Information/0/Value/StringWithMarkup/26/Markup/1/Type,string,Superscript
/Record/Section/8/Section/4/Information/0/Value/StringWithMarkup/27/String,string,214Rap
/Record/Section/8/Section/4/Information/0/Value/StringWithMarkup/27/Markup/0/Start,number,0
/Record/Section/8/Section/4/Information/0/Value/StringWithMarkup/27/Markup/0/Length,number,3
/Record/Section/8/Section/4/Information/0/Value/StringWithMarkup/27/Markup/0/Type,string,Superscript
/Record/Section/8/Section/4/Information/0/Value/StringWithMarkup/27/Markup/1/Start,number,5
/Record/Section/8/Section/4/Information/0/Value/StringWithMarkup/27/Markup/1/Length,number,1
/Record/Section/8/Section/4/Information/0/Value/StringWithMarkup/27/Markup/1/Type,string,Superscript
/Record/Section/8/Section/4/Information/0/Value/StringWithMarkup/28/String,string,214Raq
/Record/Section/8/Section/4/Information/0/Value/StringWithMarkup/28/Markup/0/Start,number,0
/Record/Section/8/Section/4/Information/0/Value/StringWithMarkup/28/Markup/0/Length,number,3
/Record/Section/8/Section/4/Information/0/Value/StringWithMarkup/28/Markup/0/Type,string,Superscript
/Record/Section/8/Section/4/Information/0/Value/StringWithMarkup/28/Markup/1/Start,number,5
/Record/Section/8/Section/4/Information/0/Value/StringWithMarkup/28/Markup/1/Length,number,1
/Record/Section/8/Section/4/Information/0/Value/StringWithMarkup/28/Markup/1/Type,string,Superscript
/Record/Section/8/Section/4/Information/0/Value/StringWithMarkup/29/String,string,214Rar
/Record/Section/8/Section/4/Information/0/Value/StringWithMarkup/29/Markup/0/Start,number,0
/Record/Section/8/Section/4/Information/0/Value/StringWithMarkup/29/Markup/0/Length,number,3
/Record/Section/8/Section/4/Information/0/Value/StringWithMarkup/29/Markup/0/Type,string,Superscript
/Record/Section/8/Section/4/Information/0/Value/StringWithMarkup/29/Markup/1/Start,number,5
/Record/Section/8/Section/4/Information/0/Value/StringWithMarkup/29/Markup/1/Length,number,1
/Record/Section/8/Section/4/Information/0/Value/StringWithMarkup/29/Markup/1/Type,string,Superscript
/Record/Section/8/Section/4/Information/0/Value/StringWithMarkup/30/String,string,214Rax
/Record/Section/8/Section/4/Information/0/Value/StringWithMarkup/30/Markup/0/Start,number,0
/Record/Section/8/Section/4/Information/0/Value/StringWithMarkup/30/Markup/0/Length,number,3
/Record/Section/8/Section/4/Information/0/Value/StringWithMarkup/30/Markup/0/Type,string,Superscript
/Record/Section/8/Section/4/Information/0/Value/StringWithMarkup/30/Markup/1/Start,number,5
/Record/Section/8/Section/4/Information/0/Value/StringWithMarkup/30/Markup/1/Length,number,1
/Record/Section/8/Section/4/Information/0/Value/StringWithMarkup/30/Markup/1/Type,string,Superscript
/Record/Section/8/Section/4/Information/0/Value/StringWithMarkup/31/String,string,215Ra
/Record/Section/8/Section/4/Information/0/Value/StringWithMarkup/31/Markup/0/Start,number,0
/Record/Section/8/Section/4/Information/0/Value/StringWithMarkup/31/Markup/0/Length,number,3
/Record/Section/8/Section/4/Information/0/Value/StringWithMarkup/31/Markup/0/Type,string,Superscript
/Record/Section/8/Section/4/Information/0/Value/StringWithMarkup/32/String,string,215Ram
/Record/Section/8/Section/4/Information/0/Value/StringWithMarkup/32/Markup/0/Start,number,0
/Record/Section/8/Section/4/Information/0/Value/StringWithMarkup/32/Markup/0/Length,number,3
/Record/Section/8/Section/4/Information/0/Value/StringWithMarkup/32/Markup/0/Type,string,Superscript
/Record/Section/8/Section/4/Information/0/Value/StringWithMarkup/32/Markup/1/Start,number,5
/Record/Section/8/Section/4/Information/0/Value/StringWithMarkup/32/Markup/1/Length,number,1
/Record/Section/8/Section/4/Information/0/Value/StringWithMarkup/32/Markup/1/Type,string,Superscript
/Record/Section/8/Section/4/Information/0/Value/StringWithMarkup/33/String,string,215Ran
/Record/Section/8/Section/4/Information/0/Value/StringWithMarkup/33/Markup/0/Start,number,0
/Record/Section/8/Section/4/Information/0/Value/StringWithMarkup/33/Markup/0/Length,number,3
/Record/Section/8/Section/4/Information/0/Value/StringWithMarkup/33/Markup/0/Type,string,Superscript
/Record/Section/8/Section/4/Information/0/Value/StringWithMarkup/33/Markup/1/Start,number,5
/Record/Section/8/Section/4/Information/0/Value/StringWithMarkup/33/Markup/1/Length,number,1
/Record/Section/8/Section/4/Information/0/Value/StringWithMarkup/33/Markup/1/Type,string,Superscript
/Record/Section/8/Section/4/Information/0/Value/StringWithMarkup/34/String,string,215Rap
/Record/Section/8/Section/4/Information/0/Value/StringWithMarkup/34/Markup/0/Start,number,0
/Record/Section/8/Section/4/Information/0/Value/StringWithMarkup/34/Markup/0/Length,number,3
/Record/Section/8/Section/4/Information/0/Value/StringWithMarkup/34/Markup/0/Type,string,Superscript
/Record/Section/8/Section/4/Information/0/Value/StringWithMarkup/34/Markup/1/Start,number,5
/Record/Section/8/Section/4/Information/0/Value/StringWithMarkup/34/Markup/1/Length,number,1
/Record/Section/8/Section/4/Information/0/Value/StringWithMarkup/34/Markup/1/Type,string,Superscript
/Record/Section/8/Section/4/Information/0/Value/StringWithMarkup/35/String,string,216Ra
/Record/Section/8/Section/4/Information/0/Value/StringWithMarkup/35/Markup/0/Start,number,0
/Record/Section/8/Section/4/Information/0/Value/StringWithMarkup/35/Markup/0/Length,number,3
/Record/Section/8/Section/4/Information/0/Value/StringWithMarkup/35/Markup/0/Type,string,Superscript
/Record/Section/8/Section/4/Information/0/Value/StringWithMarkup/36/String,string,217Ra
/Record/Section/8/Section/4/Information/0/Value/StringWithMarkup/36/Markup/0/Start,number,0
/Record/Section/8/Section/4/Information/0/Value/StringWithMarkup/36/Markup/0/Length,number,3
/Record/Section/8/Section/4/Information/0/Value/StringWithMarkup/36/Markup/0/Type,string,Superscript
/Record/Section/8/Section/4/Information/0/Value/StringWithMarkup/37/String,string,218Ra
/Record/Section/8/Section/4/Information/0/Value/StringWithMarkup/37/Markup/0/Start,number,0
/Record/Section/8/Section/4/Information/0/Value/StringWithMarkup/37/Markup/0/Length,number,3
/Record/Section/8/Section/4/Information/0/Value/StringWithMarkup/37/Markup/0/Type,string,Superscript
/Record/Section/8/Section/4/Information/0/Value/StringWithMarkup/38/String,string,219Ra
/Record/Section/8/Section/4/Information/0/Value/StringWithMarkup/38/Markup/0/Start,number,0
/Record/Section/8/Section/4/Information/0/Value/StringWithMarkup/38/Markup/0/Length,number,3
/Record/Section/8/Section/4/Information/0/Value/StringWithMarkup/38/Markup/0/Type,string,Superscript
/Record/Section/8/Section/4/Information/0/Value/StringWithMarkup/39/String,string,219Ram
/Record/Section/8/Section/4/Information/0/Value/StringWithMarkup/39/Markup/0/Start,number,0
/Record/Section/8/Section/4/Information/0/Value/StringWithMarkup/39/Markup/0/Length,number,3
/Record/Section/8/Section/4/Information/0/Value/StringWithMarkup/39/Markup/0/Type,string,Superscript
/Record/Section/8/Section/4/Information/0/Value/StringWithMarkup/39/Markup/1/Start,number,5
/Record/Section/8/Section/4/Information/0/Value/StringWithMarkup/39/Markup/1/Length,number,1
/Record/Section/8/Section/4/Information/0/Value/StringWithMarkup/39/Markup/1/Type,string,Superscript
/Record/Section/8/Section/4/Information/0/Value/StringWithMarkup/40/String,string,220Ra
/Record/Section/8/Section/4/Information/0/Value/StringWithMarkup/40/Markup/0/Start,number,0
/Record/Section/8/Section/4/Information/0/Value/StringWithMarkup/40/Markup/0/Length,number,3
/Record/Section/8/Section/4/Information/0/Value/StringWithMarkup/40/Markup/0/Type,string,Superscript
/Record/Section/8/Section/4/Information/0/Value/StringWithMarkup/41/String,string,221Ra
/Record/Section/8/Section/4/Information/0/Value/StringWithMarkup/41/Markup/0/Start,number,0
/Record/Section/8/Section/4/Information/0/Value/StringWithMarkup/41/Markup/0/Length,number,3
/Record/Section/8/Section/4/Information/0/Value/StringWithMarkup/41/Markup/0/Type,string,Superscript
/Record/Section/8/Section/4/Information/0/Value/StringWithMarkup/42/String,string,222Ra
/Record/Section/8/Section/4/Information/0/Value/StringWithMarkup/42/Markup/0/Start,number,0
/Record/Section/8/Section/4/Information/0/Value/StringWithMarkup/42/Markup/0/Length,number,3
/Record/Section/8/Section/4/Information/0/Value/StringWithMarkup/42/Markup/0/Type,string,Superscript
/Record/Section/8/Section/4/Information/0/Value/StringWithMarkup/43/String,string,223Ra
/Record/Section/8/Section/4/Information/0/Value/StringWithMarkup/43/Markup/0/Start,number,0
/Record/Section/8/Section/4/Information/0/Value/StringWithMarkup/43/Markup/0/Length,number,3
/Record/Section/8/Section/4/Information/0/Value/StringWithMarkup/43/Markup/0/Type,string,Superscript
/Record/Section/8/Section/4/Information/0/Value/StringWithMarkup/44/String,string,224Ra
/Record/Section/8/Section/4/Information/0/Value/StringWithMarkup/44/Markup/0/Start,number,0
/Record/Section/8/Section/4/Information/0/Value/StringWithMarkup/44/Markup/0/Length,number,3
/Record/Section/8/Section/4/Information/0/Value/StringWithMarkup/44/Markup/0/Type,string,Superscript
/Record/Section/8/Section/4/Information/0/Value/StringWithMarkup/45/String,string,225Ra
/Record/Section/8/Section/4/Information/0/Value/StringWithMarkup/45/Markup/0/Start,number,0
/Record/Section/8/Section/4/Information/0/Value/StringWithMarkup/45/Markup/0/Length,number,3
/Record/Section/8/Section/4/Information/0/Value/StringWithMarkup/45/Markup/0/Type,string,Superscript
/Record/Section/8/Section/4/Information/0/Value/StringWithMarkup/46/String,string,226Ra
/Record/Section/8/Section/4/Information/0/Value/StringWithMarkup/46/Markup/0/Start,number,0
/Record/Section/8/Section/4/Information/0/Value/StringWithMarkup/46/Markup/0/Length,number,3
/Record/Section/8/Section/4/Information/0/Value/StringWithMarkup/46/Markup/0/Type,string,Superscript
/Record/Section/8/Section/4/Information/0/Value/StringWithMarkup/47/String,string,227Ra
/Record/Section/8/Section/4/Information/0/Value/StringWithMarkup/47/Markup/0/Start,number,0
/Record/Section/8/Section/4/Information/0/Value/StringWithMarkup/47/Markup/0/Length,number,3
/Record/Section/8/Section/4/Information/0/Value/StringWithMarkup/47/Markup/0/Type,string,Superscript
/Record/Section/8/Section/4/Information/0/Value/StringWithMarkup/48/String,string,228Ra
/Record/Section/8/Section/4/Information/0/Value/StringWithMarkup/48/Markup/0/Start,number,0
/Record/Section/8/Section/4/Information/0/Value/StringWithMarkup/48/Markup/0/Length,number,3
/Record/Section/8/Section/4/Information/0/Value/StringWithMarkup/48/Markup/0/Type,string,Superscript
/Record/Section/8/Section/4/Information/0/Value/StringWithMarkup/49/String,string,229Ra
/Record/Section/8/Section/4/Information/0/Value/StringWithMarkup/49/Markup/0/Start,number,0
/Record/Section/8/Section/4/Information/0/Value/StringWithMarkup/49/Markup/0/Length,number,3
/Record/Section/8/Section/4/Information/0/Value/StringWithMarkup/49/Markup/0/Type,string,Superscript
/Record/Section/8/Section/4/Information/0/Value/StringWithMarkup/50/String,string,230Ra
/Record/Section/8/Section/4/Information/0/Value/StringWithMarkup/50/Markup/0/Start,number,0
/Record/Section/8/Section/4/Information/0/Value/StringWithMarkup/50/Markup/0/Length,number,3
/Record/Section/8/Section/4/Information/0/Value/StringWithMarkup/50/Markup/0/Type,string,Superscript
/Record/Section/8/Section/4/Information/0/Value/StringWithMarkup/51/String,string,231Ra
/Record/Section/8/Section/4/Information/0/Value/StringWithMarkup/51/Markup/0/Start,number,0
/Record/Section/8/Section/4/Information/0/Value/StringWithMarkup/51/Markup/0/Length,number,3
/Record/Section/8/Section/4/Information/0/Value/StringWithMarkup/51/Markup/0/Type,string,Superscript
/Record/Section/8/Section/4/Information/0/Value/StringWithMarkup/52/String,string,231Ram
/Record/Section/8/Section/4/Information/0/Value/StringWithMarkup/52/Markup/0/Start,number,0
/Record/Section/8/Section/4/Information/0/Value/StringWithMarkup/52/Markup/0/Length,number,3
/Record/Section/8/Section/4/Information/0/Value/StringWithMarkup/52/Markup/0/Type,string,Superscript
/Record/Section/8/Section/4/Information/0/Value/StringWithMarkup/52/Markup/1/Start,number,5
/Record/Section/8/Section/4/Information/0/Value/StringWithMarkup/52/Markup/1/Length,number,1
/Record/Section/8/Section/4/Information/0/Value/StringWithMarkup/52/Markup/1/Type,string,Superscript
/Record/Section/8/Section/4/Information/0/Value/StringWithMarkup/53/String,string,232Ra
/Record/Section/8/Section/4/Information/0/Value/StringWithMarkup/53/Markup/0/Start,number,0
/Record/Section/8/Section/4/Information/0/Value/StringWithMarkup/53/Markup/0/Length,number,3
/Record/Section/8/Section/4/Information/0/Value/StringWithMarkup/53/Markup/0/Type,string,Superscript
/Record/Section/8/Section/4/Information/0/Value/StringWithMarkup/54/String,string,233Ra
/Record/Section/8/Section/4/Information/0/Value/StringWithMarkup/54/Markup/0/Start,number,0
/Record/Section/8/Section/4/Information/0/Value/StringWithMarkup/54/Markup/0/Length,number,3
/Record/Section/8/Section/4/Information/0/Value/StringWithMarkup/54/Markup/0/Type,string,Superscript
/Record/Section/8/Section/4/Information/0/Value/StringWithMarkup/55/String,string,234Ra
/Record/Section/8/Section/4/Information/0/Value/StringWithMarkup/55/Markup/0/Start,number,0
/Record/Section/8/Section/4/Information/0/Value/StringWithMarkup/55/Markup/0/Length,number,3
/Record/Section/8/Section/4/Information/0/Value/StringWithMarkup/55/Markup/0/Type,string,Superscript
/Record/Section/8/Section/4/Information/0/Value/StringWithMarkup/56/String,string,235Ra
/Record/Section/8/Section/4/Information/0/Value/StringWithMarkup/56/Markup/0/Start,number,0
/Record/Section/8/Section/4/Information/0/Value/StringWithMarkup/56/Markup/0/Length,number,3
/Record/Section/8/Section/4/Information/0/Value/StringWithMarkup/56/Markup/0/Type,string,Superscript
/Record/Section/8/Section/4/Information/1/ReferenceNumber,number,2
/Record/Section/8/Section/4/Information/1/Name,string,Atomic Mass and Uncertainty [u]
/Record/Section/8/Section/4/Information/1/Value/StringWithMarkup/0/String,string,201.012814699 ± 0.000021794
/Record/Section/8/Section/4/Information/1/Value/StringWithMarkup/1/String,string,201.012814699 ± 0.000021794
/Record/Section/8/Section/4/Information/1/Value/StringWithMarkup/2/String,string,202.009742305 ± 0.000016122
/Record/Section/8/Section/4/Information/1/Value/StringWithMarkup/3/String,string,203.009233907 ± 0.0000104
/Record/Section/8/Section/4/Information/1/Value/StringWithMarkup/4/String,string,203.009233907 ± 0.0000104
/Record/Section/8/Section/4/Information/1/Value/StringWithMarkup/5/String,string,204.006506855 ± 0.00000958
/Record/Section/8/Section/4/Information/1/Value/StringWithMarkup/6/String,string,205.006230692 ± 0.000024446
/Record/Section/8/Section/4/Information/1/Value/StringWithMarkup/7/String,string,205.006230692 ± 0.000024446
/Record/Section/8/Section/4/Information/1/Value/StringWithMarkup/8/String,string,206.003827842 ± 0.000019332
/Record/Section/8/Section/4/Information/1/Value/StringWithMarkup/9/String,string,207.003772420 ± 0.000062572
/Record/Section/8/Section/4/Information/1/Value/StringWithMarkup/10/String,string,207.003772420 ± 0.000062572
/Record/Section/8/Section/4/Information/1/Value/StringWithMarkup/11/String,string,208.001855012 ± 0.000009686
/Record/Section/8/Section/4/Information/1/Value/StringWithMarkup/12/String,string,208.001855012 ± 0.000009686
/Record/Section/8/Section/4/Information/1/Value/StringWithMarkup/13/String,string,209.001994902 ± 0.000006169
/Record/Section/8/Section/4/Information/1/Value/StringWithMarkup/14/String,string,209.001994902 ± 0.000006169
/Record/Section/8/Section/4/Information/1/Value/StringWithMarkup/15/String,string,210.000475406 ± 0.000009868
/Record/Section/8/Section/4/Information/1/Value/StringWithMarkup/16/String,string,210.000475406 ± 0.000009868
/Record/Section/8/Section/4/Information/1/Value/StringWithMarkup/17/String,string,211.000893049 ± 0.000005331
/Record/Section/8/Section/4/Information/1/Value/StringWithMarkup/18/String,string,211.000893049 ± 0.000005331
/Record/Section/8/Section/4/Information/1/Value/StringWithMarkup/19/String,string,211.999786619 ± 0.000011007
/Record/Section/8/Section/4/Information/1/Value/StringWithMarkup/20/String,string,211.999786619 ± 0.000011007
/Record/Section/8/Section/4/Information/1/Value/StringWithMarkup/21/String,string,211.999786619 ± 0.000011007
/Record/Section/8/Section/4/Information/1/Value/StringWithMarkup/22/String,string,213.000370971 ± 0.00001054
/Record/Section/8/Section/4/Information/1/Value/StringWithMarkup/23/String,string,213.000370971 ± 0.00001054
/Record/Section/8/Section/4/Information/1/Value/StringWithMarkup/24/String,string,214.000099560 ± 0.000005636
/Record/Section/8/Section/4/Information/1/Value/StringWithMarkup/25/String,string,214.000099560 ± 0.000005636
/Record/Section/8/Section/4/Information/1/Value/StringWithMarkup/26/String,string,214.000099560 ± 0.000005636
/Record/Section/8/Section/4/Information/1/Value/StringWithMarkup/27/String,string,214.000099560 ± 0.000005636
/Record/Section/8/Section/4/Information/1/Value/StringWithMarkup/28/String,string,214.000099560 ± 0.000005636
/Record/Section/8/Section/4/Information/1/Value/StringWithMarkup/29/String,string,214.000099560 ± 0.000005636
/Record/Section/8/Section/4/Information/1/Value/StringWithMarkup/30/String,string,214.000099560 ± 0.000005636
/Record/Section/8/Section/4/Information/1/Value/StringWithMarkup/31/String,string,215.002718208 ± 0.00000773
/Record/Section/8/Section/4/Information/1/Value/StringWithMarkup/32/String,string,215.002718208 ± 0.00000773
/Record/Section/8/Section/4/Information/1/Value/StringWithMarkup/33/String,string,215.002718208 ± 0.00000773
/Record/Section/8/Section/4/Information/1/Value/StringWithMarkup/34/String,string,215.002718208 ± 0.00000773
/Record/Section/8/Section/4/Information/1/Value/StringWithMarkup/35/String,string,216.003533534 ± 0.000008592
/Record/Section/8/Section/4/Information/1/Value/StringWithMarkup/36/String,string,217.006322676 ± 0.000007564
/Record/Section/8/Section/4/Information/1/Value/StringWithMarkup/37/String,string,218.007134297 ± 0.000010528
/Record/Section/8/Section/4/Information/1/Value/StringWithMarkup/38/String,string,219.010084715 ± 0.000007315
/Record/Section/8/Section/4/Information/1/Value/StringWithMarkup/39/String,string,219.010084715 ± 0.000007315
/Record/Section/8/Section/4/Information/1/Value/StringWithMarkup/40/String,string,220.011027542 ± 0.000008153
/Record/Section/8/Section/4/Information/1/Value/StringWithMarkup/41/String,string,221.013917293 ± 0.00000497
/Record/Section/8/Section/4/Information/1/Value/StringWithMarkup/42/String,string,222.015373371 ± 0.000004781
/Record/Section/8/Section/4/Information/1/Value/StringWithMarkup/43/String,string,223.018500648 ± 0.000002243
/Record/Section/8/Section/4/Information/1/Value/StringWithMarkup/44/String,string,224.020210361 ± 0.000001944
/Record/Section/8/Section/4/Information/1/Value/StringWithMarkup/45/String,string,225.023610502 ± 0.000002786
/Record/Section/8/Section/4/Information/1/Value/StringWithMarkup/46/String,string,226.025408186 ± 0.000002068
/Record/Section/8/Section/4/Information/1/Value/StringWithMarkup/47/String,string,227.029176205 ± 0.000002089
/Record/Section/8/Section/4/Information/1/Value/StringWithMarkup/48/String,string,228.031068574 ± 0.000002141
/Record/Section/8/Section/4/Information/1/Value/StringWithMarkup/49/String,string,229.034956703 ± 0.000016576
/Record/Section/8/Section/4/Information/1/Value/StringWithMarkup/50/String,string,230.037054776 ± 0.000011053
/Record/Section/8/Section/4/Information/1/Value/StringWithMarkup/51/String,string,231.041027085 ± 0.000012206
/Record/Section/8/Section/4/Information/1/Value/StringWithMarkup/52/String,string,231.041027085 ± 0.000012206
/Record/Section/8/Section/4/Information/1/Value/StringWithMarkup/53/String,string,232.043475267 ± 0.000009823
/Record/Section/8/Section/4/Information/1/Value/StringWithMarkup/54/String,string,233.047594570 ± 0.000009235
/Record/Section/8/Section/4/Information/1/Value/StringWithMarkup/55/String,string,234.050382100 ± 0.000009
/Record/Section/8/Section/4/Information/1/Value/StringWithMarkup/56/String,string,235.054890 ± 0.000322 [Estimated]
/Record/Section/8/Section/4/Information/2/ReferenceNumber,number,2
/Record/Section/8/Section/4/Information/2/Name,string,Half Life and Uncertainty
/Record/Section/8/Section/4/Information/2/Value/StringWithMarkup/0/String,string,20 ms ± 30
/Record/Section/8/Section/4/Information/2/Value/StringWithMarkup/1/String,string,6 ms ± 5
/Record/Section/8/Section/4/Information/2/Value/StringWithMarkup/2/String,string,4.1 ms ± 1.1
/Record/Section/8/Section/4/Information/2/Value/StringWithMarkup/3/String,string,36 ms ± 13
/Record/Section/8/Section/4/Information/2/Value/StringWithMarkup/4/String,string,25 ms ± 5
/Record/Section/8/Section/4/Information/2/Value/StringWithMarkup/5/String,string,60 ms ± 9
/Record/Section/8/Section/4/Information/2/Value/StringWithMarkup/6/String,string,220 ms ± 50
/Record/Section/8/Section/4/Information/2/Value/StringWithMarkup/7/String,string,180 ms ± 50
/Record/Section/8/Section/4/Information/2/Value/StringWithMarkup/8/String,string,240 ms ± 20
/Record/Section/8/Section/4/Information/2/Value/StringWithMarkup/9/String,string,1.38 s ± 0.18
/Record/Section/8/Section/4/Information/2/Value/StringWithMarkup/10/String,string,57 ms ± 8
/Record/Section/8/Section/4/Information/2/Value/StringWithMarkup/11/String,string,1.110 s ± 0.045
/Record/Section/8/Section/4/Information/2/Value/StringWithMarkup/12/String,string,263 ns ± 17
/Record/Section/8/Section/4/Information/2/Value/StringWithMarkup/13/String,string,4.71 s ± 0.08
/Record/Section/8/Section/4/Information/2/Value/StringWithMarkup/14/String,string,117 us ± 5
/Record/Section/8/Section/4/Information/2/Value/StringWithMarkup/15/String,string,4.0 s ± 0.1
/Record/Section/8/Section/4/Information/2/Value/StringWithMarkup/16/String,string,2.29 us ± 0.03
/Record/Section/8/Section/4/Information/2/Value/StringWithMarkup/17/String,string,12.6 s ± 1.2
/Record/Section/8/Section/4/Information/2/Value/StringWithMarkup/18/String,string,9.5 us ± 0.3
/Record/Section/8/Section/4/Information/2/Value/StringWithMarkup/19/String,string,13.0 s ± 0.2
/Record/Section/8/Section/4/Information/2/Value/StringWithMarkup/20/String,string,9.3 us ± 0.9
/Record/Section/8/Section/4/Information/2/Value/StringWithMarkup/21/String,string,850 ns ± 130
/Record/Section/8/Section/4/Information/2/Value/StringWithMarkup/22/String,string,2.73 m ± 0.05
/Record/Section/8/Section/4/Information/2/Value/StringWithMarkup/23/String,string,2.20 ms ± 0.05
/Record/Section/8/Section/4/Information/2/Value/StringWithMarkup/24/String,string,2.437 s ± 0.016
/Record/Section/8/Section/4/Information/2/Value/StringWithMarkup/25/String,string,118 ns ± 7
/Record/Section/8/Section/4/Information/2/Value/StringWithMarkup/26/String,string,67.3 us ± 1.5
/Record/Section/8/Section/4/Information/2/Value/StringWithMarkup/27/String,string,295 ns ± 7
/Record/Section/8/Section/4/Information/2/Value/StringWithMarkup/28/String,string,279 ns ± 4
/Record/Section/8/Section/4/Information/2/Value/StringWithMarkup/29/String,string,225 ns ± 4
/Record/Section/8/Section/4/Information/2/Value/StringWithMarkup/30/String,string,128 ns ± 4
/Record/Section/8/Section/4/Information/2/Value/StringWithMarkup/31/String,string,1.669 ms ± 0.009
/Record/Section/8/Section/4/Information/2/Value/StringWithMarkup/32/String,string,7.31 us ± 0.13
/Record/Section/8/Section/4/Information/2/Value/StringWithMarkup/33/String,string,1.39 us ± 0.07
/Record/Section/8/Section/4/Information/2/Value/StringWithMarkup/34/String,string,555 ns ± 10
/Record/Section/8/Section/4/Information/2/Value/StringWithMarkup/35/String,string,172 ns ± 7
/Record/Section/8/Section/4/Information/2/Value/StringWithMarkup/36/String,string,1.95 us ± 0.12
/Record/Section/8/Section/4/Information/2/Value/StringWithMarkup/37/String,string,25.91 us ± 0.14
/Record/Section/8/Section/4/Information/2/Value/StringWithMarkup/38/String,string,9 ms ± 2
/Record/Section/8/Section/4/Information/2/Value/StringWithMarkup/39/String,string,10 ms ± 3
/Record/Section/8/Section/4/Information/2/Value/StringWithMarkup/40/String,string,18.1 ms ± 1.2
/Record/Section/8/Section/4/Information/2/Value/StringWithMarkup/41/String,string,25 s ± 4
/Record/Section/8/Section/4/Information/2/Value/StringWithMarkup/42/String,string,33.6 s ± 0.4
/Record/Section/8/Section/4/Information/2/Value/StringWithMarkup/43/String,string,11.4352 d ± 0.0010
/Record/Section/8/Section/4/Information/2/Value/StringWithMarkup/44/String,string,3.6316 d ± 0.0014
/Record/Section/8/Section/4/Information/2/Value/StringWithMarkup/45/String,string,14.82 d ± 0.19
/Record/Section/8/Section/4/Information/2/Value/StringWithMarkup/46/String,string,1.600 ky ± 0.007
/Record/Section/8/Section/4/Information/2/Value/StringWithMarkup/47/String,string,42.2 m ± 0.5
/Record/Section/8/Section/4/Information/2/Value/StringWithMarkup/48/String,string,5.75 y ± 0.03
/Record/Section/8/Section/4/Information/2/Value/StringWithMarkup/49/String,string,4.0 m ± 0.2
/Record/Section/8/Section/4/Information/2/Value/StringWithMarkup/50/String,string,93 m ± 2
/Record/Section/8/Section/4/Information/2/Value/StringWithMarkup/51/String,string,104 s ± 1
/Record/Section/8/Section/4/Information/2/Value/StringWithMarkup/52/String,string,~53 us
/Record/Section/8/Section/4/Information/2/Value/StringWithMarkup/53/String,string,4.0 m ± 0.3
/Record/Section/8/Section/4/Information/2/Value/StringWithMarkup/54/String,string,30 s ± 5
/Record/Section/8/Section/4/Information/2/Value/StringWithMarkup/55/String,string,30 s ± 10
/Record/Section/8/Section/4/Information/2/Value/StringWithMarkup/56/String,string,5 s [Estimated]
/Record/Section/8/Section/4/Information/3/ReferenceNumber,number,2
/Record/Section/8/Section/4/Information/3/Name,string,Discovery Year
/Record/Section/8/Section/4/Information/3/Value/StringWithMarkup/0/String,string,2005
/Record/Section/8/Section/4/Information/3/Value/StringWithMarkup/1/String,string,2005
/Record/Section/8/Section/4/Information/3/Value/StringWithMarkup/2/String,string,2005
/Record/Section/8/Section/4/Information/3/Value/StringWithMarkup/3/String,string,1996
/Record/Section/8/Section/4/Information/3/Value/StringWithMarkup/4/String,string,1996
/Record/Section/8/Section/4/Information/3/Value/StringWithMarkup/5/String,string,1995
/Record/Section/8/Section/4/Information/3/Value/StringWithMarkup/6/String,string,1987
/Record/Section/8/Section/4/Information/3/Value/StringWithMarkup/7/String,string,1995
/Record/Section/8/Section/4/Information/3/Value/StringWithMarkup/8/String,string,1967
/Record/Section/8/Section/4/Information/3/Value/StringWithMarkup/9/String,string,1967
/Record/Section/8/Section/4/Information/3/Value/StringWithMarkup/10/String,string,1987
/Record/Section/8/Section/4/Information/3/Value/StringWithMarkup/11/String,string,1967
/Record/Section/8/Section/4/Information/3/Value/StringWithMarkup/12/String,string,1998
/Record/Section/8/Section/4/Information/3/Value/StringWithMarkup/13/String,string,1967
/Record/Section/8/Section/4/Information/3/Value/StringWithMarkup/14/String,string,2008
/Record/Section/8/Section/4/Information/3/Value/StringWithMarkup/15/String,string,1967
/Record/Section/8/Section/4/Information/3/Value/StringWithMarkup/16/String,string,1998
/Record/Section/8/Section/4/Information/3/Value/StringWithMarkup/17/String,string,1967
/Record/Section/8/Section/4/Information/3/Value/StringWithMarkup/18/String,string,2004
/Record/Section/8/Section/4/Information/3/Value/StringWithMarkup/19/String,string,1967
/Record/Section/8/Section/4/Information/3/Value/StringWithMarkup/20/String,string,1986
/Record/Section/8/Section/4/Information/3/Value/StringWithMarkup/21/String,string,1986
/Record/Section/8/Section/4/Information/3/Value/StringWithMarkup/22/String,string,1955
/Record/Section/8/Section/4/Information/3/Value/StringWithMarkup/23/String,string,1976
/Record/Section/8/Section/4/Information/3/Value/StringWithMarkup/24/String,string,1967
/Record/Section/8/Section/4/Information/3/Value/StringWithMarkup/25/String,string,2004
/Record/Section/8/Section/4/Information/3/Value/StringWithMarkup/26/String,string,1971
/Record/Section/8/Section/4/Information/3/Value/StringWithMarkup/27/String,string,1979
/Record/Section/8/Section/4/Information/3/Value/StringWithMarkup/28/String,string,1979
/Record/Section/8/Section/4/Information/3/Value/StringWithMarkup/29/String,string,1979
/Record/Section/8/Section/4/Information/3/Value/StringWithMarkup/30/String,string,1992
/Record/Section/8/Section/4/Information/3/Value/StringWithMarkup/31/String,string,1967
/Record/Section/8/Section/4/Information/3/Value/StringWithMarkup/32/String,string,1983
/Record/Section/8/Section/4/Information/3/Value/StringWithMarkup/33/String,string,1998
/Record/Section/8/Section/4/Information/3/Value/StringWithMarkup/34/String,string,1987
/Record/Section/8/Section/4/Information/3/Value/StringWithMarkup/35/String,string,1972
/Record/Section/8/Section/4/Information/3/Value/StringWithMarkup/36/String,string,1970
/Record/Section/8/Section/4/Information/3/Value/StringWithMarkup/37/String,string,1970
/Record/Section/8/Section/4/Information/3/Value/StringWithMarkup/38/String,string,1952
/Record/Section/8/Section/4/Information/3/Value/StringWithMarkup/39/String,string,2018
/Record/Section/8/Section/4/Information/3/Value/StringWithMarkup/40/String,string,1949
/Record/Section/8/Section/4/Information/3/Value/StringWithMarkup/41/String,string,1949
/Record/Section/8/Section/4/Information/3/Value/StringWithMarkup/42/String,string,1948
/Record/Section/8/Section/4/Information/3/Value/StringWithMarkup/43/String,string,1905
/Record/Section/8/Section/4/Information/3/Value/StringWithMarkup/44/String,string,1902
/Record/Section/8/Section/4/Information/3/Value/StringWithMarkup/45/String,string,1947
/Record/Section/8/Section/4/Information/3/Value/StringWithMarkup/46/String,string,1898
/Record/Section/8/Section/4/Information/3/Value/StringWithMarkup/47/String,string,1953
/Record/Section/8/Section/4/Information/3/Value/StringWithMarkup/48/String,string,1907
/Record/Section/8/Section/4/Information/3/Value/StringWithMarkup/49/String,string,1975
/Record/Section/8/Section/4/Information/3/Value/StringWithMarkup/50/String,string,1978
/Record/Section/8/Section/4/Information/3/Value/StringWithMarkup/51/String,string,1983
/Record/Section/8/Section/4/Information/3/Value/StringWithMarkup/52/String,string,2001
/Record/Section/8/Section/4/Information/3/Value/StringWithMarkup/53/String,string,1983
/Record/Section/8/Section/4/Information/3/Value/StringWithMarkup/54/String,string,1990
/Record/Section/8/Section/4/Information/3/Value/StringWithMarkup/55/String,string,1990
/Record/Section/8/Section/4/Information/3/Value/StringWithMarkup/56/String,string,
/Record/Section/8/Section/4/Information/4/ReferenceNumber,number,2
/Record/Section/8/Section/4/Information/4/Name,string,"Decay Modes, Intensities and Uncertainties [%]"
/Record/Section/8/Section/4/Information/4/Value/StringWithMarkup/0/String,string,α=100%
/Record/Section/8/Section/4/Information/4/Value/StringWithMarkup/1/String,string,α=100%
/Record/Section/8/Section/4/Information/4/Value/StringWithMarkup/2/String,string,α=100%
/Record/Section/8/Section/4/Information/4/Value/StringWithMarkup/3/String,string,α≈100%; β+ ?
/Record/Section/8/Section/4/Information/4/Value/StringWithMarkup/3/Markup/0/Start,number,9
/Record/Section/8/Section/4/Information/4/Value/StringWithMarkup/3/Markup/0/Length,number,1
/Record/Section/8/Section/4/Information/4/Value/StringWithMarkup/3/Markup/0/Type,string,Superscript
/Record/Section/8/Section/4/Information/4/Value/StringWithMarkup/4/String,string,α≈100%; β+ ?
/Record/Section/8/Section/4/Information/4/Value/StringWithMarkup/4/Markup/0/Start,number,9
/Record/Section/8/Section/4/Information/4/Value/StringWithMarkup/4/Markup/0/Length,number,1
/Record/Section/8/Section/4/Information/4/Value/StringWithMarkup/4/Markup/0/Type,string,Superscript
/Record/Section/8/Section/4/Information/4/Value/StringWithMarkup/5/String,string,α≈100%; β+ ?
/Record/Section/8/Section/4/Information/4/Value/StringWithMarkup/5/Markup/0/Start,number,9
/Record/Section/8/Section/4/Information/4/Value/StringWithMarkup/5/Markup/0/Length,number,1
/Record/Section/8/Section/4/Information/4/Value/StringWithMarkup/5/Markup/0/Type,string,Superscript
/Record/Section/8/Section/4/Information/4/Value/StringWithMarkup/6/String,string,α≈100%; β+ ?
/Record/Section/8/Section/4/Information/4/Value/StringWithMarkup/6/Markup/0/Start,number,9
/Record/Section/8/Section/4/Information/4/Value/StringWithMarkup/6/Markup/0/Length,number,1
/Record/Section/8/Section/4/Information/4/Value/StringWithMarkup/6/Markup/0/Type,string,Superscript
/Record/Section/8/Section/4/Information/4/Value/StringWithMarkup/7/String,string,α≈100%; IT ?; β+ ?
/Record/Section/8/Section/4/Information/4/Value/StringWithMarkup/7/Markup/0/Start,number,15
/Record/Section/8/Section/4/Information/4/Value/StringWithMarkup/7/Markup/0/Length,number,1
/Record/Section/8/Section/4/Information/4/Value/StringWithMarkup/7/Markup/0/Type,string,Superscript
/Record/Section/8/Section/4/Information/4/Value/StringWithMarkup/8/String,string,α≈100%; β+ ?
/Record/Section/8/Section/4/Information/4/Value/StringWithMarkup/8/Markup/0/Start,number,9
/Record/Section/8/Section/4/Information/4/Value/StringWithMarkup/8/Markup/0/Length,number,1
/Record/Section/8/Section/4/Information/4/Value/StringWithMarkup/8/Markup/0/Type,string,Superscript
/Record/Section/8/Section/4/Information/4/Value/StringWithMarkup/9/String,string,α≈86%; β+ ?
/Record/Section/8/Section/4/Information/4/Value/StringWithMarkup/9/Markup/0/Start,number,8
/Record/Section/8/Section/4/Information/4/Value/StringWithMarkup/9/Markup/0/Length,number,1
/Record/Section/8/Section/4/Information/4/Value/StringWithMarkup/9/Markup/0/Type,string,Superscript
/Record/Section/8/Section/4/Information/4/Value/StringWithMarkup/10/String,string,IT=85%[Estimated]; α=?; β+ ?
/Record/Section/8/Section/4/Information/4/Value/StringWithMarkup/10/Markup/0/Start,number,25
/Record/Section/8/Section/4/Information/4/Value/StringWithMarkup/10/Markup/0/Length,number,1
/Record/Section/8/Section/4/Information/4/Value/StringWithMarkup/10/Markup/0/Type,string,Superscript
/Record/Section/8/Section/4/Information/4/Value/StringWithMarkup/11/String,string,α=87±0.3%; β+ ?
/Record/Section/8/Section/4/Information/4/Value/StringWithMarkup/11/Markup/0/Start,number,12
/Record/Section/8/Section/4/Information/4/Value/StringWithMarkup/11/Markup/0/Length,number,1
/Record/Section/8/Section/4/Information/4/Value/StringWithMarkup/11/Markup/0/Type,string,Superscript
/Record/Section/8/Section/4/Information/4/Value/StringWithMarkup/12/String,string,IT=100%
/Record/Section/8/Section/4/Information/4/Value/StringWithMarkup/13/String,string,α≈100%; β+ ?
/Record/Section/8/Section/4/Information/4/Value/StringWithMarkup/13/Markup/0/Start,number,9
/Record/Section/8/Section/4/Information/4/Value/StringWithMarkup/13/Markup/0/Length,number,1
/Record/Section/8/Section/4/Information/4/Value/StringWithMarkup/13/Markup/0/Type,string,Superscript
/Record/Section/8/Section/4/Information/4/Value/StringWithMarkup/14/String,string,α≈90%; β+≈10%
/Record/Section/8/Section/4/Information/4/Value/StringWithMarkup/14/Markup/0/Start,number,8
/Record/Section/8/Section/4/Information/4/Value/StringWithMarkup/14/Markup/0/Length,number,1
/Record/Section/8/Section/4/Information/4/Value/StringWithMarkup/14/Markup/0/Type,string,Superscript
/Record/Section/8/Section/4/Information/4/Value/StringWithMarkup/15/String,string,α≈100%; β+ ?
/Record/Section/8/Section/4/Information/4/Value/StringWithMarkup/15/Markup/0/Start,number,9
/Record/Section/8/Section/4/Information/4/Value/StringWithMarkup/15/Markup/0/Length,number,1
/Record/Section/8/Section/4/Information/4/Value/StringWithMarkup/15/Markup/0/Type,string,Superscript
/Record/Section/8/Section/4/Information/4/Value/StringWithMarkup/16/String,string,IT=100%
/Record/Section/8/Section/4/Information/4/Value/StringWithMarkup/17/String,string,α≈100%; β+ ?
/Record/Section/8/Section/4/Information/4/Value/StringWithMarkup/17/Markup/0/Start,number,9
/Record/Section/8/Section/4/Information/4/Value/StringWithMarkup/17/Markup/0/Length,number,1
/Record/Section/8/Section/4/Information/4/Value/StringWithMarkup/17/Markup/0/Type,string,Superscript
/Record/Section/8/Section/4/Information/4/Value/StringWithMarkup/18/String,string,IT=100%
/Record/Section/8/Section/4/Information/4/Value/StringWithMarkup/19/String,string,α=?; β+ ?
/Record/Section/8/Section/4/Information/4/Value/StringWithMarkup/19/Markup/0/Start,number,6
/Record/Section/8/Section/4/Information/4/Value/StringWithMarkup/19/Markup/0/Length,number,1
/Record/Section/8/Section/4/Information/4/Value/StringWithMarkup/19/Markup/0/Type,string,Superscript
/Record/Section/8/Section/4/Information/4/Value/StringWithMarkup/20/String,string,IT=100%
/Record/Section/8/Section/4/Information/4/Value/StringWithMarkup/21/String,string,IT=100%
/Record/Section/8/Section/4/Information/4/Value/StringWithMarkup/22/String,string,α=87±0.2%; β+=13±0.2%
/Record/Section/8/Section/4/Information/4/Value/StringWithMarkup/22/Markup/0/Start,number,12
/Record/Section/8/Section/4/Information/4/Value/StringWithMarkup/22/Markup/0/Length,number,1
/Record/Section/8/Section/4/Information/4/Value/StringWithMarkup/22/Markup/0/Type,string,Superscript
/Record/Section/8/Section/4/Information/4/Value/StringWithMarkup/23/String,string,IT≈99%; α=0.6±0.4%
/Record/Section/8/Section/4/Information/4/Value/StringWithMarkup/24/String,string,α=99.941±0.4%; β+=0.059±0.4%
/Record/Section/8/Section/4/Information/4/Value/StringWithMarkup/24/Markup/0/Start,number,16
/Record/Section/8/Section/4/Information/4/Value/StringWithMarkup/24/Markup/0/Length,number,1
/Record/Section/8/Section/4/Information/4/Value/StringWithMarkup/24/Markup/0/Type,string,Superscript
/Record/Section/8/Section/4/Information/4/Value/StringWithMarkup/25/String,string,IT=100%
/Record/Section/8/Section/4/Information/4/Value/StringWithMarkup/26/String,string,IT=99.91±0.7%; α=0.09±0.7%
/Record/Section/8/Section/4/Information/4/Value/StringWithMarkup/27/String,string,IT=100%
/Record/Section/8/Section/4/Information/4/Value/StringWithMarkup/28/String,string,IT=100%
/Record/Section/8/Section/4/Information/4/Value/StringWithMarkup/29/String,string,IT=100%
/Record/Section/8/Section/4/Information/4/Value/StringWithMarkup/30/String,string,IT=100%
/Record/Section/8/Section/4/Information/4/Value/StringWithMarkup/31/String,string,α=100%
/Record/Section/8/Section/4/Information/4/Value/StringWithMarkup/32/String,string,IT=100%
/Record/Section/8/Section/4/Information/4/Value/StringWithMarkup/33/String,string,IT=100%
/Record/Section/8/Section/4/Information/4/Value/StringWithMarkup/34/String,string,IT=100%
/Record/Section/8/Section/4/Information/4/Value/StringWithMarkup/35/String,string,α=100%; ε<1e-8%
/Record/Section/8/Section/4/Information/4/Value/StringWithMarkup/36/String,string,α=100%
/Record/Section/8/Section/4/Information/4/Value/StringWithMarkup/37/String,string,α=100%
/Record/Section/8/Section/4/Information/4/Value/StringWithMarkup/38/String,string,α=100%
/Record/Section/8/Section/4/Information/4/Value/StringWithMarkup/39/String,string,α≈100%; IT ?
/Record/Section/8/Section/4/Information/4/Value/StringWithMarkup/40/String,string,α=100%
/Record/Section/8/Section/4/Information/4/Value/StringWithMarkup/41/String,string,α=100%; 14C=1.2e-10±0.9%
/Record/Section/8/Section/4/Information/4/Value/StringWithMarkup/42/String,string,α=100%; 14C=3.0e-8±1%
/Record/Section/8/Section/4/Information/4/Value/StringWithMarkup/43/String,string,α=100%; 14C=8.9e-8±0.4%
/Record/Section/8/Section/4/Information/4/Value/StringWithMarkup/44/String,string,α=100%; 14C=4.0e-9±1.2%
/Record/Section/8/Section/4/Information/4/Value/StringWithMarkup/45/String,string,β-=100%
/Record/Section/8/Section/4/Information/4/Value/StringWithMarkup/45/Markup/0/Start,number,1
/Record/Section/8/Section/4/Information/4/Value/StringWithMarkup/45/Markup/0/Length,number,1
/Record/Section/8/Section/4/Information/4/Value/StringWithMarkup/45/Markup/0/Type,string,Superscript
/Record/Section/8/Section/4/Information/4/Value/StringWithMarkup/46/String,string,α=100%; 14C=2.6e-9±0.6%; 2β- ?
/Record/Section/8/Section/4/Information/4/Value/StringWithMarkup/46/Markup/0/Start,number,27
/Record/Section/8/Section/4/Information/4/Value/StringWithMarkup/46/Markup/0/Length,number,1
/Record/Section/8/Section/4/Information/4/Value/StringWithMarkup/46/Markup/0/Type,string,Superscript
/Record/Section/8/Section/4/Information/4/Value/StringWithMarkup/47/String,string,β-=100%
/Record/Section/8/Section/4/Information/4/Value/StringWithMarkup/47/Markup/0/Start,number,1
/Record/Section/8/Section/4/Information/4/Value/StringWithMarkup/47/Markup/0/Length,number,1
/Record/Section/8/Section/4/Information/4/Value/StringWithMarkup/47/Markup/0/Type,string,Superscript
/Record/Section/8/Section/4/Information/4/Value/StringWithMarkup/48/String,string,β-=100%
/Record/Section/8/Section/4/Information/4/Value/StringWithMarkup/48/Markup/0/Start,number,1
/Record/Section/8/Section/4/Information/4/Value/StringWithMarkup/48/Markup/0/Length,number,1
/Record/Section/8/Section/4/Information/4/Value/StringWithMarkup/48/Markup/0/Type,string,Superscript
/Record/Section/8/Section/4/Information/4/Value/StringWithMarkup/49/String,string,β-=100%
/Record/Section/8/Section/4/Information/4/Value/StringWithMarkup/49/Markup/0/Start,number,1
/Record/Section/8/Section/4/Information/4/Value/StringWithMarkup/49/Markup/0/Length,number,1
/Record/Section/8/Section/4/Information/4/Value/StringWithMarkup/49/Markup/0/Type,string,Superscript
/Record/Section/8/Section/4/Information/4/Value/StringWithMarkup/50/String,string,β-=100%
/Record/Section/8/Section/4/Information/4/Value/StringWithMarkup/50/Markup/0/Start,number,1
/Record/Section/8/Section/4/Information/4/Value/StringWithMarkup/50/Markup/0/Length,number,1
/Record/Section/8/Section/4/Information/4/Value/StringWithMarkup/50/Markup/0/Type,string,Superscript
/Record/Section/8/Section/4/Information/4/Value/StringWithMarkup/51/String,string,β-=100%
/Record/Section/8/Section/4/Information/4/Value/StringWithMarkup/51/Markup/0/Start,number,1
/Record/Section/8/Section/4/Information/4/Value/StringWithMarkup/51/Markup/0/Length,number,1
/Record/Section/8/Section/4/Information/4/Value/StringWithMarkup/51/Markup/0/Type,string,Superscript
/Record/Section/8/Section/4/Information/4/Value/StringWithMarkup/52/String,string,IT=100%
/Record/Section/8/Section/4/Information/4/Value/StringWithMarkup/53/String,string,β-=100%
/Record/Section/8/Section/4/Information/4/Value/StringWithMarkup/53/Markup/0/Start,number,1
/Record/Section/8/Section/4/Information/4/Value/StringWithMarkup/53/Markup/0/Length,number,1
/Record/Section/8/Section/4/Information/4/Value/StringWithMarkup/53/Markup/0/Type,string,Superscript
/Record/Section/8/Section/4/Information/4/Value/StringWithMarkup/54/String,string,β-=100%
/Record/Section/8/Section/4/Information/4/Value/StringWithMarkup/54/Markup/0/Start,number,1
/Record/Section/8/Section/4/Information/4/Value/StringWithMarkup/54/Markup/0/Length,number,1
/Record/Section/8/Section/4/Information/4/Value/StringWithMarkup/54/Markup/0/Type,string,Superscript
/Record/Section/8/Section/4/Information/4/Value/StringWithMarkup/55/String,string,β-=100%; β-SF ?
/Record/Section/8/Section/4/Information/4/Value/StringWithMarkup/55/Markup/0/Start,number,1
/Record/Section/8/Section/4/Information/4/Value/StringWithMarkup/55/Markup/0/Length,number,1
/Record/Section/8/Section/4/Information/4/Value/StringWithMarkup/55/Markup/0/Type,string,Superscript
/Record/Section/8/Section/4/Information/4/Value/StringWithMarkup/55/Markup/1/Start,number,10
/Record/Section/8/Section/4/Information/4/Value/StringWithMarkup/55/Markup/1/Length,number,1
/Record/Section/8/Section/4/Information/4/Value/StringWithMarkup/55/Markup/1/Type,string,Superscript
/Record/Section/8/Section/4/Information/4/Value/StringWithMarkup/56/String,string,β- ?
/Record/Section/8/Section/4/Information/4/Value/StringWithMarkup/56/Markup/0/Start,number,1
/Record/Section/8/Section/4/Information/4/Value/StringWithMarkup/56/Markup/0/Length,number,1
/Record/Section/8/Section/4/Information/4/Value/StringWithMarkup/56/Markup/0/Type,string,Superscript
/Record/Reference/0/ReferenceNumber,number,1
/Record/Reference/0/SourceName,string,PubChem
/Record/Reference/0/SourceID,string,PubChem
/Record/Reference/0/Description,string,Data deposited in or computed by PubChem
/Record/Reference/0/URL,string,https://pubchem.ncbi.nlm.nih.gov
/Record/Reference/1/ReferenceNumber,number,2
/Record/Reference/1/SourceName,string,"Atomic Mass Data Center (AMDC), International Atomic Energy Agency (IAEA)"
/Record/Reference/1/SourceID,string,e88
/Record/Reference/1/Name,string,Ra
/Record/Reference/1/Description,string,The half-life and atomic mass data was provided by the Atomic Mass Data Center at the International Atomic Energy Agency.
/Record/Reference/1/URL,string,https://www-nds.iaea.org/amdc/
/Record/Reference/1/LicenseURL,string,https://www-nds.iaea.org/disclaimer.html
/Record/Reference/1/ANID,number,6590315
/Record/Reference/2/ReferenceNumber,number,3
/Record/Reference/2/SourceName,string,IUPAC Commission on Isotopic Abundances and Atomic Weights (CIAAW)
/Record/Reference/2/SourceID,string,a88
/Record/Reference/2/Name,string,Radium
/Record/Reference/2/Description,string,Element data are cited from the Atomic weights of the elements (an IUPAC Technical Report). The IUPAC periodic table of elements can be found at https://iupac.org/what-we-do/periodic-table-of-elements/. Additional information can be found within IUPAC publication doi:10.1515/pac-2015-0703 Copyright © 2020 International Union of Pure and Applied Chemistry.
/Record/Reference/2/URL,string,https://www.ciaaw.org/
/Record/Reference/2/LicenseURL,string,http://www.ciaaw.org/bylaws.htm
/Record/Reference/2/ANID,number,2292469
/Record/Reference/3/ReferenceNumber,number,4
/Record/Reference/3/SourceName,string,IUPAC Periodic Table of the Elements and Isotopes (IPTEI)
/Record/Reference/3/SourceID,string,p88
/Record/Reference/3/Description,string,"The information are cited from Pure Appl. Chem. 2018; 90(12): 1833-2092, https://doi.org/10.1515/pac-2015-0703."
/Record/Reference/3/URL,string,https://doi.org/10.1515/pac-2015-0703
/Record/Reference/3/LicenseNote,string,"Copyright (c) 2020 International Union of Pure and Applied Chemistry.

The International Union of Pure and Applied Chemistry (IUPAC) contribution within Pubchem is provided under a CC-BY-NC-ND 4.0 license, unless otherwise stated."
/Record/Reference/3/LicenseURL,string,https://creativecommons.org/licenses/by-nc-nd/4.0/
/Record/Reference/3/ANID,number,13296493
/Record/Reference/4/ReferenceNumber,number,5
/Record/Reference/4/SourceName,string,"Jefferson Lab, U.S. Department of Energy"
/Record/Reference/4/SourceID,string,jlab88
/Record/Reference/4/Name,string,Radium
/Record/Reference/4/Description,string,"Thomas Jefferson National Accelerator Facility (Jefferson Lab) is one of 17 national laboratories funded by the U.S. Department of Energy. The lab's primary mission is to conduct basic research of the atom's nucleus using the lab's unique particle accelerator, known as the Continuous Electron Beam Accelerator Facility (CEBAF). For more information visit https://www.jlab.org/"
/Record/Reference/4/URL,string,https://education.jlab.org/itselemental/ele088.html
/Record/Reference/4/LicenseNote,string,Please see citation and linking information: https://education.jlab.org/faq/index.html
/Record/Reference/4/LicenseURL,string,https://www.jlab.org/privacy-and-security-notice
/Record/Reference/4/ANID,number,507150
/Record/Reference/5/ReferenceNumber,number,6
/Record/Reference/5/SourceName,string,"Los Alamos National Laboratory, U.S. Department of Energy"
/Record/Reference/5/SourceID,string,lanl88
/Record/Reference/5/Name,string,Radium
/Record/Reference/5/Description,string,"The periodic table at the LANL (Los Alamos National Laboratory) contains basic element information together with the history, source, properties, use, handling and more. The provenance data may be found from the link under the source name."
/Record/Reference/5/URL,string,https://periodic.lanl.gov/88.shtml
/Record/Reference/5/ANID,number,507268
/Record/Reference/6/ReferenceNumber,number,7
/Record/Reference/6/SourceName,string,NIST Physical Measurement Laboratory
/Record/Reference/6/SourceID,string,e88
/Record/Reference/6/Name,string,Radium
/Record/Reference/6/Description,string,"The periodic table contains NIST's critically-evaluated data on atomic properties of the elements. The provenance data that include data for atomic spectroscopy, X-ray and gamma ray, radiation dosimetry, nuclear physics, and condensed matter physics may be found from the link under the source name. Ref: https://www.nist.gov/pml/atomic-spectra-database"
/Record/Reference/6/URL,string,https://physics.nist.gov/cgi-bin/Elements/elInfo.pl?element=88
/Record/Reference/6/LicenseURL,string,https://www.nist.gov/pml/database-disclaimer
/Record/Reference/6/ANID,number,2292705
/Record/Reference/7/ReferenceNumber,number,9
/Record/Reference/7/SourceName,string,PubChem Elements
/Record/Reference/7/SourceID,string,ep_88
/Record/Reference/7/Name,string,Radium
/Record/Reference/7/Description,string,The element property data was retrieved from publications.
/Record/Reference/7/LicenseURL,string,https://www.nlm.nih.gov/copyright.html
/Record/Reference/7/ANID,number,24834212
/Record/Reference/8/ReferenceNumber,number,8
/Record/Reference/8/SourceName,string,PubChem Elements
/Record/Reference/8/SourceID,string,ef_88
/Record/Reference/8/Name,string,Radium
/Record/Reference/8/Description,string,This section provides all form of data related to element Radium.
/Record/Reference/8/LicenseURL,string,https://www.nlm.nih.gov/copyright.html
/Record/Reference/8/ANID,number,24834016
