path,type,value
/Record/RecordType,string,AtomicNumber
/Record/RecordNumber,number,73
/Record/RecordTitle,string,Tantalum
/Record/Section/0/TOCHeading,string,Identifiers
/Record/Section/0/Description,string,"Identifiers for this element, including element name, element symbol, InChI string, and InChIKey."
/Record/Section/0/Section/0/TOCHeading,string,Element Name
/Record/Section/0/Section/0/Description,string,"The formal, standard name for a given element, originating from factors such as common usage and the person or place involved in its discovery. Element, also called chemical element, refers to a species of atom; all varieties of atoms with the same number of protons in the nucleus (but possibly a different number of neutrons) are considered to be the same element."
/Record/Section/0/Section/0/Information/0/ReferenceNumber,number,1
/Record/Section/0/Section/0/Information/0/Name,string,Element Name
/Record/Section/0/Section/0/Information/0/Value/StringWithMarkup/0/String,string,Tantalum
/Record/Section/0/Section/0/Information/1/ReferenceNumber,number,3
/Record/Section/0/Section/0/Information/1/Name,string,Element Name
/Record/Section/0/Section/0/Information/1/Value/StringWithMarkup/0/String,string,Tantalum
/Record/Section/0/Section/1/TOCHeading,string,Element Symbol
/Record/Section/0/Section/1/Description,string,"Element symbol, also called atomic symbol, typically consists of one or two letters from the Latin alphabet derived from the element name in one of several languages."
/Record/Section/0/Section/1/Information/0/ReferenceNumber,number,1
/Record/Section/0/Section/1/Information/0/Name,string,Element Symbol
/Record/Section/0/Section/1/Information/0/Value/StringWithMarkup/0/String,string,Ta
/Record/Section/0/Section/1/Information/1/ReferenceNumber,number,3
/Record/Section/0/Section/1/Information/1/Name,string,Element Symbol
/Record/Section/0/Section/1/Information/1/Value/StringWithMarkup/0/String,string,Ta
/Record/Section/0/Section/2/TOCHeading,string,InChI
/Record/Section/0/Section/2/Description,string,"The International Chemical Identifier (InChI) is a computed, non-proprietary identifier for a chemical structure.  The InChI is an International Union of Pure and Applied Chemistry (IUPAC) standard."
/Record/Section/0/Section/2/URL,string,https://iupac.org/who-we-are/divisions/division-details/inchi/
/Record/Section/0/Section/2/Information/0/ReferenceNumber,number,1
/Record/Section/0/Section/2/Information/0/Name,string,InChI
/Record/Section/0/Section/2/Information/0/Value/StringWithMarkup/0/String,string,InChI=1S/Ta
/Record/Section/0/Section/3/TOCHeading,string,InChIKey
/Record/Section/0/Section/3/Description,string,"An InChIKey is a 27-character hashed code derived from an InChI.  The International Chemical Identifier (InChI) is a computed, non-proprietary identifier for a chemical structure.  The InChI is an International Union of Pure and Applied Chemistry (IUPAC) standard."
/Record/Section/0/Section/3/URL,string,https://iupac.org/who-we-are/divisions/division-details/inchi/
/Record/Section/0/Section/3/Information/0/ReferenceNumber,number,1
/Record/Section/0/Section/3/Information/0/Name,string,InChIKey
/Record/Section/0/Section/3/Information/0/Value/StringWithMarkup/0/String,string,GUVRBAGPIYLISA-UHFFFAOYSA-N
/Record/Section/1/TOCHeading,string,Properties
/Record/Section/1/Description,string,"Characteristics of this element, such as atomic number, atomic mass, density, melting point, boiling point and so on."
/Record/Section/1/Section/0/TOCHeading,string,Atomic Weight
/Record/Section/1/Section/0/Description,string,"Also called relative atomic mass, is the ratio of the average mass of the atom to the unified atomic mass unit, defined as one twelfth of the mass of a carbon-12 atom in its ground state and used to express masses of atomic particles, u=1.660 5402(10) * 10**(-27) kg. The Standard atomic weights refer to recommended values of relative atomic masses of the elements revised biennially by the IUPAC Commission on Atomic Weights and Isotopic Abundances and applicable to elements in any normal sample with a high level of confidence. The number in the parenthesis refers to an uncertainty when exists. The unit of atomic weight is the dalton or unified atomic mass unit (symbol: Da or u)."
/Record/Section/1/Section/0/Information/0/ReferenceNumber,number,3
/Record/Section/1/Section/0/Information/0/Name,string,Atomic Weight
/Record/Section/1/Section/0/Information/0/Value/StringWithMarkup/0/String,string,180.947 88(2)
/Record/Section/1/Section/0/Information/1/ReferenceNumber,number,5
/Record/Section/1/Section/0/Information/1/Value/StringWithMarkup/0/String,string,180.94788
/Record/Section/1/Section/0/Information/2/ReferenceNumber,number,6
/Record/Section/1/Section/0/Information/2/Value/StringWithMarkup/0/String,string,180.9
/Record/Section/1/Section/0/Information/3/ReferenceNumber,number,7
/Record/Section/1/Section/0/Information/3/Value/StringWithMarkup/0/String,string,180.94788(2)
/Record/Section/1/Section/1/TOCHeading,string,Electron Configuration
/Record/Section/1/Section/1/Description,string,"The electron configuration refers a distribution of the electrons of an atom or a molecular entity over a set of one-electron wavefunctions (called orbitals), according to the Pauli principle. From one configuration several states with different multiplicities may result."
/Record/Section/1/Section/1/URL,string,https://chem.libretexts.org/Courses/Sacramento_City_College/SCC%3A_Chem_420_-_Organic_Chemistry_I/Text/01%3A_Introduction_and_Review/1.04%3A_Electron_Configurations
/Record/Section/1/Section/1/Information/0/ReferenceNumber,number,6
/Record/Section/1/Section/1/Information/0/Value/StringWithMarkup/0/String,string,[Xe]6s24f145d3
/Record/Section/1/Section/1/Information/0/Value/StringWithMarkup/0/Markup/0/Start,number,6
/Record/Section/1/Section/1/Information/0/Value/StringWithMarkup/0/Markup/0/Length,number,1
/Record/Section/1/Section/1/Information/0/Value/StringWithMarkup/0/Markup/0/Type,string,Superscript
/Record/Section/1/Section/1/Information/0/Value/StringWithMarkup/0/Markup/1/Start,number,9
/Record/Section/1/Section/1/Information/0/Value/StringWithMarkup/0/Markup/1/Length,number,2
/Record/Section/1/Section/1/Information/0/Value/StringWithMarkup/0/Markup/1/Type,string,Superscript
/Record/Section/1/Section/1/Information/0/Value/StringWithMarkup/0/Markup/2/Start,number,13
/Record/Section/1/Section/1/Information/0/Value/StringWithMarkup/0/Markup/2/Length,number,1
/Record/Section/1/Section/1/Information/0/Value/StringWithMarkup/0/Markup/2/Type,string,Superscript
/Record/Section/1/Section/2/TOCHeading,string,Atomic Radius
/Record/Section/1/Section/2/Description,string,"The atomic radius of a chemical element is a measure of the size of its atom, usually, the distance from the center of the nucleus to the outermost isolated electron.  Because an atom does not have a discrete boundary, there are various non-equivalent definitions of atomic radius, such as Van der Waals radius and covalent radius."
/Record/Section/1/Section/2/Information/0/ReferenceNumber,number,6
/Record/Section/1/Section/2/Information/0/Name,string,Van der Waals Atomic Radius
/Record/Section/1/Section/2/Information/0/Value/StringWithMarkup/0/String,string,217 pm (Van der Waals)
/Record/Section/1/Section/2/Information/1/ReferenceNumber,number,9
/Record/Section/1/Section/2/Information/1/Name,string,Empirical Atomic Radius
/Record/Section/1/Section/2/Information/1/Reference/0,string,"J.C. Slater, J Chem Phys, 1964, 41(10), 3199-3205. DOI:10.1063/1.1725697"
/Record/Section/1/Section/2/Information/1/ExtendedReference/0/Citation,string,"J.C. Slater, J Chem Phys, 1964, 41(10), 3199-3205. DOI:10.1063/1.1725697"
/Record/Section/1/Section/2/Information/1/Value/Number/0,number,145
/Record/Section/1/Section/2/Information/1/Value/Unit,string,pm (Empirical)
/Record/Section/1/Section/2/Information/2/ReferenceNumber,number,9
/Record/Section/1/Section/2/Information/2/Name,string,Covalent Atomic Radius
/Record/Section/1/Section/2/Information/2/Reference/0,string,"B. Cordero, V. Gómez, A.E. Platero-Prats, M. Revés, J. Echeverría, E. Cremades, F. Barragán, S. Alvarez, Dalton Trans. 2008, 21, 2832-2838. DOI:10.1039/b801115j PMID:18478144."
/Record/Section/1/Section/2/Information/2/ExtendedReference/0/Citation,string,"B. Cordero, V. Gómez, A.E. Platero-Prats, M. Revés, J. Echeverría, E. Cremades, F. Barragán, S. Alvarez, Dalton Trans. 2008, 21, 2832-2838. DOI:10.1039/b801115j PMID:18478144."
/Record/Section/1/Section/2/Information/2/Value/StringWithMarkup/0/String,string,170(8) pm (Covalent)
/Record/Section/1/Section/3/TOCHeading,string,Oxidation States
/Record/Section/1/Section/3/Description,string,"The oxidation state(s) that this element commonly has in a compound.  The oxidation state of an atom is defined as the hypothetical charge that would be held by that atom if all of its bonds to other atoms were completely ionic in nature. For example, the oxidation state of carbon in CO2 would be +4 since the hypothetical charge held by the carbon atom if both of the carbon-oxygen double bonds were completely ionic would be equal to +4 (each oxygen atom would hold a charge of -2 since oxygen is more electronegative than carbon)."
/Record/Section/1/Section/3/URL,string,https://chem.libretexts.org/Bookshelves/General_Chemistry/Map%3A_Chemistry_-_The_Central_Science_(Brown_et_al.)/20%3A_Electrochemistry/20.01%3A_Oxidation_States_and_Redox_Reactions
/Record/Section/1/Section/3/Information/0/ReferenceNumber,number,5
/Record/Section/1/Section/3/Information/0/Value/StringWithMarkup/0/String,string,+5
/Record/Section/1/Section/3/Information/1/ReferenceNumber,number,6
/Record/Section/1/Section/3/Information/1/Value/StringWithMarkup/0/String,string,"5, 4, 3, 2, 1, -1, -3 ​(a mildly acidic oxide)"
/Record/Section/1/Section/4/TOCHeading,string,Ground Level
/Record/Section/1/Section/4/Description,string,Also called ground-state level. The ground state electron configuration is the arrangement of electrons around the nucleus of an atom with lower energy levels.
/Record/Section/1/Section/4/Information/0/ReferenceNumber,number,7
/Record/Section/1/Section/4/Information/0/Value/StringWithMarkup/0/String,string,4F3/2
/Record/Section/1/Section/4/Information/0/Value/StringWithMarkup/0/Markup/0/Start,number,0
/Record/Section/1/Section/4/Information/0/Value/StringWithMarkup/0/Markup/0/Length,number,1
/Record/Section/1/Section/4/Information/0/Value/StringWithMarkup/0/Markup/0/Type,string,Superscript
/Record/Section/1/Section/4/Information/0/Value/StringWithMarkup/0/Markup/1/Start,number,2
/Record/Section/1/Section/4/Information/0/Value/StringWithMarkup/0/Markup/1/Length,number,3
/Record/Section/1/Section/4/Information/0/Value/StringWithMarkup/0/Markup/1/Type,string,Subscript
/Record/Section/1/Section/5/TOCHeading,string,Ionization Energy
/Record/Section/1/Section/5/Description,string,"Ionization energy, also called ionization potential, is the amount of energy required to remove an electron from an isolated atom or molecule."
/Record/Section/1/Section/5/URL,string,https://www.britannica.com/science/ionization-energy
/Record/Section/1/Section/5/Information/0/ReferenceNumber,number,5
/Record/Section/1/Section/5/Information/0/Value/StringWithMarkup/0/String,string,7.89 eV
/Record/Section/1/Section/5/Information/1/ReferenceNumber,number,7
/Record/Section/1/Section/5/Information/1/Reference/0,string,"First Ionization Potential of Tantalum by Mass-Selected Double-Resonance Field-Ionization Spectroscopy, B. Simard, P. Kowalczyk, and A. M. James, Phys. Rev. A 50, 846–849 (1994) DOI:10.1103/PhysRevA.50.846"
/Record/Section/1/Section/5/Information/1/ExtendedReference/0/Citation,string,"First Ionization Potential of Tantalum by Mass-Selected Double-Resonance Field-Ionization Spectroscopy, B. Simard, P. Kowalczyk, and A. M. James, Phys. Rev. A 50, 846–849 (1994) DOI:10.1103/PhysRevA.50.846"
/Record/Section/1/Section/5/Information/1/Value/StringWithMarkup/0/String,string,7.549571 ± 0.000025 eV
/Record/Section/1/Section/6/TOCHeading,string,Electronegativity
/Record/Section/1/Section/6/Description,string,Electronegativity is a measure of the tendency of an atom to attract a bonding pair of electrons.
/Record/Section/1/Section/6/URL,string,https://chem.libretexts.org/Bookshelves/Physical_and_Theoretical_Chemistry_Textbook_Maps/Supplemental_Modules_(Physical_and_Theoretical_Chemistry)/Physical_Properties_of_Matter/Atomic_and_Molecular_Properties/Electronegativity
/Record/Section/1/Section/6/Information/0/ReferenceNumber,number,9
/Record/Section/1/Section/6/Information/0/Name,string,Pauling Scale Electronegativity
/Record/Section/1/Section/6/Information/0/Reference/0,string,"A.L. Allred, J. Inorg. Nucl. Chem., 1961, 17(3-4), 215-221. DOI:10.1016/0022-1902(61)80142-5"
/Record/Section/1/Section/6/Information/0/ExtendedReference/0/Citation,string,"A.L. Allred, J. Inorg. Nucl. Chem., 1961, 17(3-4), 215-221. DOI:10.1016/0022-1902(61)80142-5"
/Record/Section/1/Section/6/Information/0/Value/Number/0,number,1.5
/Record/Section/1/Section/6/Information/0/Value/Unit,string,(Pauling Scale)
/Record/Section/1/Section/6/Information/1/ReferenceNumber,number,9
/Record/Section/1/Section/6/Information/1/Name,string,Allen Scale Electronegativity
/Record/Section/1/Section/6/Information/1/Reference/0,string,"L.C. Allen, J. Am. Chem. Soc., 1989, 111, 9003. DOI:10.1021/ja00207a003"
/Record/Section/1/Section/6/Information/1/Reference/1,string,"J.B. Mann, T.L. Meek and L.C. Allen, J. Am. Chem. Soc., 2000, 122, 2780. DOI:10.1021/ja992866e"
/Record/Section/1/Section/6/Information/1/Reference/2,string,"J.B. Mann, T.L. Meek, E.T. Knight, J.F. Capitani and L.C Allen, J. Am. Chem. Soc., 2000, 122, 5132. DOI:10.1021/ja9928677"
/Record/Section/1/Section/6/Information/1/ExtendedReference/0/Citation,string,"L.C. Allen, J. Am. Chem. Soc., 1989, 111, 9003. DOI:10.1021/ja00207a003"
/Record/Section/1/Section/6/Information/1/ExtendedReference/1/Citation,string,"J.B. Mann, T.L. Meek and L.C. Allen, J. Am. Chem. Soc., 2000, 122, 2780. DOI:10.1021/ja992866e"
/Record/Section/1/Section/6/Information/1/ExtendedReference/2/Citation,string,"J.B. Mann, T.L. Meek, E.T. Knight, J.F. Capitani and L.C Allen, J. Am. Chem. Soc., 2000, 122, 5132. DOI:10.1021/ja9928677"
/Record/Section/1/Section/6/Information/1/Value/Number/0,number,1.34
/Record/Section/1/Section/6/Information/1/Value/Unit,string,(Allen Scale)
/Record/Section/1/Section/7/TOCHeading,string,Electron Affinity
/Record/Section/1/Section/7/Description,string,"Electron affinity refers to the energy released when an additional electron is attached to a neutral atom to form a singly charged negative ion.  Alternatively, it can also be defined as the energy required to detach an electron from the singly charged negative ion."
/Record/Section/1/Section/7/URL,string,https://chem.libretexts.org/Bookshelves/Physical_and_Theoretical_Chemistry_Textbook_Maps/Supplemental_Modules_(Physical_and_Theoretical_Chemistry)/Physical_Properties_of_Matter/Atomic_and_Molecular_Properties/Electron_Affinity
/Record/Section/1/Section/7/Information/0/ReferenceNumber,number,9
/Record/Section/1/Section/7/Information/0/Reference/0,string,"R.T Myers, J. Chem. Edu., 1990, 67(4), 307. DOI:10.1021/ed067p307"
/Record/Section/1/Section/7/Information/0/ExtendedReference/0/Citation,string,"R.T Myers, J. Chem. Edu., 1990, 67(4), 307. DOI:10.1021/ed067p307"
/Record/Section/1/Section/7/Information/0/Value/Number/0,number,0.322
/Record/Section/1/Section/7/Information/0/Value/Unit,string,eV
/Record/Section/1/Section/7/Information/1/ReferenceNumber,number,9
/Record/Section/1/Section/7/Information/1/Reference/0,string,"R.J. Zollweg, J. Chem. Phys., 1969, 50, 4251. DOI:10.1063/1.1670890"
/Record/Section/1/Section/7/Information/1/ExtendedReference/0/Citation,string,"R.J. Zollweg, J. Chem. Phys., 1969, 50, 4251. DOI:10.1063/1.1670890"
/Record/Section/1/Section/7/Information/1/Value/Number/0,number,0.15
/Record/Section/1/Section/7/Information/1/Value/Unit,string,eV
/Record/Section/1/Section/8/TOCHeading,string,Atomic Spectra
/Record/Section/1/Section/8/Description,string,The spectrum of the electromagnetic radiation emitted or absorbed by an electron during transitions between different energy levels within an atom.
/Record/Section/1/Section/8/Information/0/ReferenceNumber,number,7
/Record/Section/1/Section/8/Information/0/URL,string,https://physics.nist.gov/cgi-bin/ASD/lines_hold.pl?el=Ta
/Record/Section/1/Section/8/Information/0/Value/StringWithMarkup/0/String,string,Lines Holdings
/Record/Section/1/Section/8/Information/1/ReferenceNumber,number,7
/Record/Section/1/Section/8/Information/1/URL,string,https://physics.nist.gov/cgi-bin/ASD/levels_hold.pl?el=Ta
/Record/Section/1/Section/8/Information/1/Value/StringWithMarkup/0/String,string,Levels Holdings
/Record/Section/1/Section/9/TOCHeading,string,Physical Description
/Record/Section/1/Section/9/Description,string,"The appearance or features of this element, including color, odor, state, taste and more in general."
/Record/Section/1/Section/9/Information/0/ReferenceNumber,number,5
/Record/Section/1/Section/9/Information/0/Value/StringWithMarkup/0/String,string,Solid
/Record/Section/1/Section/10/TOCHeading,string,Element Classification
/Record/Section/1/Section/10/Description,string,"Classification according to the element's chemical and physical properties, and location within the periodic table."
/Record/Section/1/Section/10/Information/0/ReferenceNumber,number,5
/Record/Section/1/Section/10/Information/0/Value/StringWithMarkup/0/String,string,Metal
/Record/Section/1/Section/11/TOCHeading,string,Element Period Number
/Record/Section/1/Section/11/Description,string,The element period number refers to a horizontal row of the periodic table. The periodic table has 7 periods.
/Record/Section/1/Section/11/Information/0/ReferenceNumber,number,5
/Record/Section/1/Section/11/Information/0/Value/StringWithMarkup/0/String,string,6
/Record/Section/1/Section/12/TOCHeading,string,Element Group Number
/Record/Section/1/Section/12/Description,string,Element group refers to a set of chemical elements in the same vertical column of the periodic table
/Record/Section/1/Section/12/Information/0/ReferenceNumber,number,5
/Record/Section/1/Section/12/Information/0/Value/StringWithMarkup/0/String,string,5
/Record/Section/1/Section/13/TOCHeading,string,Density
/Record/Section/1/Section/13/Description,string,This section provides information on the density of an element. It is the mass of a unit volume of the element and commonly expressed in units of kg/m3 or g/cm3.
/Record/Section/1/Section/13/URL,string,https://chem.libretexts.org/Bookshelves/Introductory_Chemistry/Map%3A_Fundamentals_of_General_Organic_and_Biological_Chemistry_(McMurry_et_al.)/01%3A_Matter_and_Measurements/1.12%3A_Density_and_Specific_Gravity
/Record/Section/1/Section/13/Information/0/ReferenceNumber,number,5
/Record/Section/1/Section/13/Information/0/Value/StringWithMarkup/0/String,string,16.4 grams per cubic centimeter
/Record/Section/1/Section/14/TOCHeading,string,Melting Point
/Record/Section/1/Section/14/Description,string,"This section provides the melting point and/or freezing point. The melting point is the temperature at which a substance changes state from solid to liquid at atmospheric pressure. When considered as the temperature of the reverse change (from liquid to solid), it is referred to as the freezing point."
/Record/Section/1/Section/14/URL,string,https://chem.libretexts.org/Bookshelves/Organic_Chemistry/Organic_Chemistry_Lab_Techniques_(Nichols)/06%3A_Miscellaneous_Techniques/6.01%3A_Melting_Point
/Record/Section/1/Section/14/Information/0/ReferenceNumber,number,5
/Record/Section/1/Section/14/Information/0/Value/StringWithMarkup/0/String,string,3290 K (3017°C or 5463°F)
/Record/Section/1/Section/14/Information/1/ReferenceNumber,number,6
/Record/Section/1/Section/14/Information/1/Value/StringWithMarkup/0/String,string,3017°C
/Record/Section/1/Section/15/TOCHeading,string,Boiling Point
/Record/Section/1/Section/15/Description,string,The temperature at which this element changes state from liquid to gas at a given atmospheric pressure.
/Record/Section/1/Section/15/URL,string,https://chem.libretexts.org/Bookshelves/Organic_Chemistry/Organic_Chemistry_Lab_Techniques_(Nichols)/06%3A_Miscellaneous_Techniques/6.02%3A_Boiling_Point
/Record/Section/1/Section/15/Information/0/ReferenceNumber,number,5
/Record/Section/1/Section/15/Information/0/Value/StringWithMarkup/0/String,string,5731 K (5458°C or 9856°F)
/Record/Section/1/Section/15/Information/1/ReferenceNumber,number,6
/Record/Section/1/Section/15/Information/1/Value/StringWithMarkup/0/String,string,5458°C
/Record/Section/1/Section/16/TOCHeading,string,Estimated Crustal Abundance
/Record/Section/1/Section/16/Description,string,The estimated element abundance in the earth's crust.
/Record/Section/1/Section/16/Information/0/ReferenceNumber,number,5
/Record/Section/1/Section/16/Information/0/Value/StringWithMarkup/0/String,string,2.0 milligrams per kilogram
/Record/Section/1/Section/17/TOCHeading,string,Estimated Oceanic Abundance
/Record/Section/1/Section/17/Description,string,The estimated element abundance in the earth's oceans.
/Record/Section/1/Section/17/Information/0/ReferenceNumber,number,5
/Record/Section/1/Section/17/Information/0/Value/StringWithMarkup/0/String,string,2×10-6 milligrams per liter
/Record/Section/1/Section/17/Information/0/Value/StringWithMarkup/0/Markup/0/Start,number,4
/Record/Section/1/Section/17/Information/0/Value/StringWithMarkup/0/Markup/0/Length,number,2
/Record/Section/1/Section/17/Information/0/Value/StringWithMarkup/0/Markup/0/Type,string,Superscript
/Record/Section/2/TOCHeading,string,History
/Record/Section/2/Description,string,The history of the discovery and use of this element.
/Record/Section/2/Information/0/ReferenceNumber,number,3
/Record/Section/2/Information/0/Name,string,History
/Record/Section/2/Information/0/Value/StringWithMarkup/0/String,string,"The name derives from the Greek mythological character Tantalus who was banished to Hades, the region of lost souls where he was placed up to his chin in water, which receded whenever he tried to drink it, and under branches of fruit, which drew back whenever he tried to pick their fruit. This name was selected because of the insolubility of tantalum in acids; thus, when placed in the midst of acids, it is incapable of taking any of them up. Tantalum was discovered by the Swedish chemist and mineralogist Anders- Gustav Ekeberg in 1802."
/Record/Section/2/Information/1/ReferenceNumber,number,5
/Record/Section/2/Information/1/Value/StringWithMarkup/0/String,string,"Tantalum was discovered by Anders Gustaf Ekenberg, a Swedish chemist, in 1802 in minerals obtained from Ytterby, Sweden. Many scientists believed that he had only discovered an allotrope of niobium, an element that is chemically similar to tantalum. The issue was finally settled in 1866 when, Jean Charles Galissard de Marignac, a Swiss chemist, proved that tantalum and niobium were two distinct elements. The first relatively pure samples of tantalum were first produced in 1907. Today, tantalum is primarily obtained from the minerals columbite ((Fe, Mn, Mg)(Nb, Ta)2O6), tantalite ((Fe, Mn)(Ta, Nb)2O6) and euxenite ((Y, Ca, Er, La, Ce, U, Th)(Nb, Ta, Ti)2O6)."
/Record/Section/2/Information/1/Value/StringWithMarkup/0/Markup/0/Start,number,570
/Record/Section/2/Information/1/Value/StringWithMarkup/0/Markup/0/Length,number,1
/Record/Section/2/Information/1/Value/StringWithMarkup/0/Markup/0/Type,string,Subscript
/Record/Section/2/Information/1/Value/StringWithMarkup/0/Markup/1/Start,number,572
/Record/Section/2/Information/1/Value/StringWithMarkup/0/Markup/1/Length,number,1
/Record/Section/2/Information/1/Value/StringWithMarkup/0/Markup/1/Type,string,Subscript
/Record/Section/2/Information/1/Value/StringWithMarkup/0/Markup/2/Start,number,603
/Record/Section/2/Information/1/Value/StringWithMarkup/0/Markup/2/Length,number,1
/Record/Section/2/Information/1/Value/StringWithMarkup/0/Markup/2/Type,string,Subscript
/Record/Section/2/Information/1/Value/StringWithMarkup/0/Markup/3/Start,number,605
/Record/Section/2/Information/1/Value/StringWithMarkup/0/Markup/3/Length,number,1
/Record/Section/2/Information/1/Value/StringWithMarkup/0/Markup/3/Type,string,Subscript
/Record/Section/2/Information/1/Value/StringWithMarkup/0/Markup/4/Start,number,660
/Record/Section/2/Information/1/Value/StringWithMarkup/0/Markup/4/Length,number,1
/Record/Section/2/Information/1/Value/StringWithMarkup/0/Markup/4/Type,string,Subscript
/Record/Section/2/Information/1/Value/StringWithMarkup/0/Markup/5/Start,number,662
/Record/Section/2/Information/1/Value/StringWithMarkup/0/Markup/5/Length,number,1
/Record/Section/2/Information/1/Value/StringWithMarkup/0/Markup/5/Type,string,Subscript
/Record/Section/2/Information/2/ReferenceNumber,number,6
/Record/Section/2/Information/2/Value/StringWithMarkup/0/String,string,"Named after Tantalos, a Greek a mythological character, father of Niobe. Discovered in 1802 by Ekeberg, but many chemists thought niobium and tantalum were identical elements until Rowe in 1844, and Marignac, in 1866, showed that niobic and tantalic acids were two different acids. The early investigators only isolated the impure metal. The first relatively pure ductile tantalum was produced by von Bolton in 1903. Tantalum occurs principally in the mineral columbite-tantalite."
/Record/Section/2/Section/0/TOCHeading,string,Historical Atomic Weights
/Record/Section/2/Section/0/Description,string,This section provides the historical atomic weights. The atomic weight shown in brackets means the value range while others shown with uncertainty in parenthesis.
/Record/Section/2/Section/0/DisplayControls/CreateTable/FromInformationIn,string,ThisSection
/Record/Section/2/Section/0/DisplayControls/CreateTable/NumberOfColumns,number,3
/Record/Section/2/Section/0/DisplayControls/CreateTable/ColumnsFromNamedLists/Name/0,string,Year
/Record/Section/2/Section/0/DisplayControls/CreateTable/ColumnsFromNamedLists/Name/1,string,Atomic Weight (uncertainty) [u]
/Record/Section/2/Section/0/DisplayControls/CreateTable/ColumnsFromNamedLists/Name/2,string,Reference
/Record/Section/2/Section/0/DisplayControls/CreateTable/ColumnsFromNamedLists/UseNamesAsColumnHeadings,boolean,true
/Record/Section/2/Section/0/Information/0/ReferenceNumber,number,3
/Record/Section/2/Section/0/Information/0/Name,string,Year
/Record/Section/2/Section/0/Information/0/Value/StringWithMarkup/0/String,string,2005
/Record/Section/2/Section/0/Information/0/Value/StringWithMarkup/1/String,string,1979
/Record/Section/2/Section/0/Information/0/Value/StringWithMarkup/2/String,string,1969
/Record/Section/2/Section/0/Information/0/Value/StringWithMarkup/3/String,string,1961
/Record/Section/2/Section/0/Information/0/Value/StringWithMarkup/4/String,string,1953
/Record/Section/2/Section/0/Information/0/Value/StringWithMarkup/5/String,string,1936
/Record/Section/2/Section/0/Information/0/Value/StringWithMarkup/6/String,string,1931
/Record/Section/2/Section/0/Information/0/Value/StringWithMarkup/7/String,string,1912
/Record/Section/2/Section/0/Information/0/Value/StringWithMarkup/8/String,string,1909
/Record/Section/2/Section/0/Information/0/Value/StringWithMarkup/9/String,string,1907
/Record/Section/2/Section/0/Information/0/Value/StringWithMarkup/10/String,string,1902
/Record/Section/2/Section/0/Information/1/ReferenceNumber,number,3
/Record/Section/2/Section/0/Information/1/Name,string,Atomic Weight (uncertainty)
/Record/Section/2/Section/0/Information/1/Value/StringWithMarkup/0/String,string,180.947 88(2)
/Record/Section/2/Section/0/Information/1/Value/StringWithMarkup/1/String,string,180.9479(1)
/Record/Section/2/Section/0/Information/1/Value/StringWithMarkup/2/String,string,180.9479(3)
/Record/Section/2/Section/0/Information/1/Value/StringWithMarkup/3/String,string,180.948
/Record/Section/2/Section/0/Information/1/Value/StringWithMarkup/4/String,string,180.95
/Record/Section/2/Section/0/Information/1/Value/StringWithMarkup/5/String,string,180.88
/Record/Section/2/Section/0/Information/1/Value/StringWithMarkup/6/String,string,181.4
/Record/Section/2/Section/0/Information/1/Value/StringWithMarkup/7/String,string,181.5
/Record/Section/2/Section/0/Information/1/Value/StringWithMarkup/8/String,string,181.0
/Record/Section/2/Section/0/Information/1/Value/StringWithMarkup/9/String,string,181
/Record/Section/2/Section/0/Information/1/Value/StringWithMarkup/10/String,string,183
/Record/Section/2/Section/0/Information/2/ReferenceNumber,number,3
/Record/Section/2/Section/0/Information/2/Name,string,Reference
/Record/Section/2/Section/0/Information/2/Value/StringWithMarkup/0/String,string,doi:10.1351/pac200678112051
/Record/Section/2/Section/0/Information/2/Value/StringWithMarkup/0/Markup/0/Start,number,0
/Record/Section/2/Section/0/Information/2/Value/StringWithMarkup/0/Markup/0/Length,number,27
/Record/Section/2/Section/0/Information/2/Value/StringWithMarkup/0/Markup/0/URL,string,https://doi.org/10.1351/pac200678112051
/Record/Section/2/Section/0/Information/2/Value/StringWithMarkup/1/String,string,doi:10.1351/pac198052102349
/Record/Section/2/Section/0/Information/2/Value/StringWithMarkup/1/Markup/0/Start,number,0
/Record/Section/2/Section/0/Information/2/Value/StringWithMarkup/1/Markup/0/Length,number,27
/Record/Section/2/Section/0/Information/2/Value/StringWithMarkup/1/Markup/0/URL,string,https://doi.org/10.1351/pac198052102349
/Record/Section/2/Section/0/Information/2/Value/StringWithMarkup/2/String,string,doi:10.1351/pac197021010091
/Record/Section/2/Section/0/Information/2/Value/StringWithMarkup/2/Markup/0/Start,number,0
/Record/Section/2/Section/0/Information/2/Value/StringWithMarkup/2/Markup/0/Length,number,27
/Record/Section/2/Section/0/Information/2/Value/StringWithMarkup/2/Markup/0/URL,string,https://doi.org/10.1351/pac197021010091
/Record/Section/2/Section/0/Information/2/Value/StringWithMarkup/3/String,string,doi:10.1021/ja00881a001
/Record/Section/2/Section/0/Information/2/Value/StringWithMarkup/3/Markup/0/Start,number,0
/Record/Section/2/Section/0/Information/2/Value/StringWithMarkup/3/Markup/0/Length,number,23
/Record/Section/2/Section/0/Information/2/Value/StringWithMarkup/3/Markup/0/URL,string,https://doi.org/10.1021/ja00881a001
/Record/Section/2/Section/0/Information/2/Value/StringWithMarkup/4/String,string,doi:10.1039/JR9540004713
/Record/Section/2/Section/0/Information/2/Value/StringWithMarkup/4/Markup/0/Start,number,0
/Record/Section/2/Section/0/Information/2/Value/StringWithMarkup/4/Markup/0/Length,number,24
/Record/Section/2/Section/0/Information/2/Value/StringWithMarkup/4/Markup/0/URL,string,https://doi.org/10.1039/JR9540004713
/Record/Section/2/Section/0/Information/2/Value/StringWithMarkup/5/String,string,doi:10.1039/JR9370001893
/Record/Section/2/Section/0/Information/2/Value/StringWithMarkup/5/Markup/0/Start,number,0
/Record/Section/2/Section/0/Information/2/Value/StringWithMarkup/5/Markup/0/Length,number,24
/Record/Section/2/Section/0/Information/2/Value/StringWithMarkup/5/Markup/0/URL,string,https://doi.org/10.1039/JR9370001893
/Record/Section/2/Section/0/Information/2/Value/StringWithMarkup/6/String,string,doi:10.1039/JR9310001617
/Record/Section/2/Section/0/Information/2/Value/StringWithMarkup/6/Markup/0/Start,number,0
/Record/Section/2/Section/0/Information/2/Value/StringWithMarkup/6/Markup/0/Length,number,24
/Record/Section/2/Section/0/Information/2/Value/StringWithMarkup/6/Markup/0/URL,string,https://doi.org/10.1039/JR9310001617
/Record/Section/2/Section/0/Information/2/Value/StringWithMarkup/7/String,string,doi:10.1021/ja02224a601
/Record/Section/2/Section/0/Information/2/Value/StringWithMarkup/7/Markup/0/Start,number,0
/Record/Section/2/Section/0/Information/2/Value/StringWithMarkup/7/Markup/0/Length,number,23
/Record/Section/2/Section/0/Information/2/Value/StringWithMarkup/7/Markup/0/URL,string,https://doi.org/10.1021/ja02224a601
/Record/Section/2/Section/0/Information/2/Value/StringWithMarkup/8/String,string,doi:10.1021/ja01931a001
/Record/Section/2/Section/0/Information/2/Value/StringWithMarkup/8/Markup/0/Start,number,0
/Record/Section/2/Section/0/Information/2/Value/StringWithMarkup/8/Markup/0/Length,number,23
/Record/Section/2/Section/0/Information/2/Value/StringWithMarkup/8/Markup/0/URL,string,https://doi.org/10.1021/ja01931a001
/Record/Section/2/Section/0/Information/2/Value/StringWithMarkup/9/String,string,doi:10.1021/ja01956a001
/Record/Section/2/Section/0/Information/2/Value/StringWithMarkup/9/Markup/0/Start,number,0
/Record/Section/2/Section/0/Information/2/Value/StringWithMarkup/9/Markup/0/Length,number,23
/Record/Section/2/Section/0/Information/2/Value/StringWithMarkup/9/Markup/0/URL,string,https://doi.org/10.1021/ja01956a001
/Record/Section/2/Section/0/Information/2/Value/StringWithMarkup/10/String,string,doi:10.1007/BF01370337
/Record/Section/2/Section/0/Information/2/Value/StringWithMarkup/10/Markup/0/Start,number,0
/Record/Section/2/Section/0/Information/2/Value/StringWithMarkup/10/Markup/0/Length,number,22
/Record/Section/2/Section/0/Information/2/Value/StringWithMarkup/10/Markup/0/URL,string,https://doi.org/10.1007/BF01370337
/Record/Section/2/Section/1/TOCHeading,string,Historical Isotopic Abundances
/Record/Section/2/Section/1/Description,string,This section provides the historical isotopic abundance information. The abundance value shown in brackets means the value range while others shown with uncertainty in parenthesis.
/Record/Section/2/Section/1/DisplayControls/CreateTable/FromInformationIn,string,ThisSection
/Record/Section/2/Section/1/DisplayControls/CreateTable/NumberOfColumns,number,4
/Record/Section/2/Section/1/DisplayControls/CreateTable/ColumnsFromNamedLists/Name/0,string,Year
/Record/Section/2/Section/1/DisplayControls/CreateTable/ColumnsFromNamedLists/Name/1,string,Isotope
/Record/Section/2/Section/1/DisplayControls/CreateTable/ColumnsFromNamedLists/Name/2,string,Abundance (uncertainty)
/Record/Section/2/Section/1/DisplayControls/CreateTable/ColumnsFromNamedLists/Name/3,string,Reference
/Record/Section/2/Section/1/DisplayControls/CreateTable/ColumnsFromNamedLists/UseNamesAsColumnHeadings,boolean,true
/Record/Section/2/Section/1/Information/0/ReferenceNumber,number,3
/Record/Section/2/Section/1/Information/0/Name,string,Year
/Record/Section/2/Section/1/Information/0/Value/StringWithMarkup/0/String,string,2017
/Record/Section/2/Section/1/Information/0/Value/StringWithMarkup/1/String,string,2017
/Record/Section/2/Section/1/Information/0/Value/StringWithMarkup/2/String,string,2009
/Record/Section/2/Section/1/Information/0/Value/StringWithMarkup/3/String,string,2009
/Record/Section/2/Section/1/Information/0/Value/StringWithMarkup/4/String,string,1979
/Record/Section/2/Section/1/Information/0/Value/StringWithMarkup/5/String,string,1979
/Record/Section/2/Section/1/Information/0/Value/StringWithMarkup/6/String,string,1975
/Record/Section/2/Section/1/Information/0/Value/StringWithMarkup/7/String,string,1975
/Record/Section/2/Section/1/Information/1/ReferenceNumber,number,3
/Record/Section/2/Section/1/Information/1/Name,string,Isotope
/Record/Section/2/Section/1/Information/1/Value/StringWithMarkup/0/String,string,180Ta
/Record/Section/2/Section/1/Information/1/Value/StringWithMarkup/0/Markup/0/Start,number,0
/Record/Section/2/Section/1/Information/1/Value/StringWithMarkup/0/Markup/0/Length,number,3
/Record/Section/2/Section/1/Information/1/Value/StringWithMarkup/0/Markup/0/Type,string,Superscript
/Record/Section/2/Section/1/Information/1/Value/StringWithMarkup/1/String,string,181Ta
/Record/Section/2/Section/1/Information/1/Value/StringWithMarkup/1/Markup/0/Start,number,0
/Record/Section/2/Section/1/Information/1/Value/StringWithMarkup/1/Markup/0/Length,number,3
/Record/Section/2/Section/1/Information/1/Value/StringWithMarkup/1/Markup/0/Type,string,Superscript
/Record/Section/2/Section/1/Information/1/Value/StringWithMarkup/2/String,string,180Ta
/Record/Section/2/Section/1/Information/1/Value/StringWithMarkup/2/Markup/0/Start,number,0
/Record/Section/2/Section/1/Information/1/Value/StringWithMarkup/2/Markup/0/Length,number,3
/Record/Section/2/Section/1/Information/1/Value/StringWithMarkup/2/Markup/0/Type,string,Superscript
/Record/Section/2/Section/1/Information/1/Value/StringWithMarkup/3/String,string,181Ta
/Record/Section/2/Section/1/Information/1/Value/StringWithMarkup/3/Markup/0/Start,number,0
/Record/Section/2/Section/1/Information/1/Value/StringWithMarkup/3/Markup/0/Length,number,3
/Record/Section/2/Section/1/Information/1/Value/StringWithMarkup/3/Markup/0/Type,string,Superscript
/Record/Section/2/Section/1/Information/1/Value/StringWithMarkup/4/String,string,180Ta
/Record/Section/2/Section/1/Information/1/Value/StringWithMarkup/4/Markup/0/Start,number,0
/Record/Section/2/Section/1/Information/1/Value/StringWithMarkup/4/Markup/0/Length,number,3
/Record/Section/2/Section/1/Information/1/Value/StringWithMarkup/4/Markup/0/Type,string,Superscript
/Record/Section/2/Section/1/Information/1/Value/StringWithMarkup/5/String,string,181Ta
/Record/Section/2/Section/1/Information/1/Value/StringWithMarkup/5/Markup/0/Start,number,0
/Record/Section/2/Section/1/Information/1/Value/StringWithMarkup/5/Markup/0/Length,number,3
/Record/Section/2/Section/1/Information/1/Value/StringWithMarkup/5/Markup/0/Type,string,Superscript
/Record/Section/2/Section/1/Information/1/Value/StringWithMarkup/6/String,string,180Ta
/Record/Section/2/Section/1/Information/1/Value/StringWithMarkup/6/Markup/0/Start,number,0
/Record/Section/2/Section/1/Information/1/Value/StringWithMarkup/6/Markup/0/Length,number,3
/Record/Section/2/Section/1/Information/1/Value/StringWithMarkup/6/Markup/0/Type,string,Superscript
/Record/Section/2/Section/1/Information/1/Value/StringWithMarkup/7/String,string,181Ta
/Record/Section/2/Section/1/Information/1/Value/StringWithMarkup/7/Markup/0/Start,number,0
/Record/Section/2/Section/1/Information/1/Value/StringWithMarkup/7/Markup/0/Length,number,3
/Record/Section/2/Section/1/Information/1/Value/StringWithMarkup/7/Markup/0/Type,string,Superscript
/Record/Section/2/Section/1/Information/2/ReferenceNumber,number,3
/Record/Section/2/Section/1/Information/2/Name,string,Abundance (uncertainty)
/Record/Section/2/Section/1/Information/2/Value/StringWithMarkup/0/String,string,0.000 1176(23)
/Record/Section/2/Section/1/Information/2/Value/StringWithMarkup/1/String,string,0.999 8824(23)
/Record/Section/2/Section/1/Information/2/Value/StringWithMarkup/2/String,string,0.000 1201(32)
/Record/Section/2/Section/1/Information/2/Value/StringWithMarkup/3/String,string,0.999 8799(32)
/Record/Section/2/Section/1/Information/2/Value/StringWithMarkup/4/String,string,0.000 12(2)
/Record/Section/2/Section/1/Information/2/Value/StringWithMarkup/5/String,string,0.999 88(2)
/Record/Section/2/Section/1/Information/2/Value/StringWithMarkup/6/String,string,0.000 12
/Record/Section/2/Section/1/Information/2/Value/StringWithMarkup/7/String,string,0.999 88
/Record/Section/2/Section/1/Information/3/ReferenceNumber,number,3
/Record/Section/2/Section/1/Information/3/Name,string,Reference
/Record/Section/2/Section/1/Information/3/Value/StringWithMarkup/0/String,string,
/Record/Section/2/Section/1/Information/3/Value/StringWithMarkup/1/String,string,
/Record/Section/2/Section/1/Information/3/Value/StringWithMarkup/2/String,string,doi:10.1351/PAC-REP-10-06-02
/Record/Section/2/Section/1/Information/3/Value/StringWithMarkup/2/Markup/0/Start,number,0
/Record/Section/2/Section/1/Information/3/Value/StringWithMarkup/2/Markup/0/Length,number,28
/Record/Section/2/Section/1/Information/3/Value/StringWithMarkup/2/Markup/0/URL,string,https://doi.org/10.1351/PAC-REP-10-06-02
/Record/Section/2/Section/1/Information/3/Value/StringWithMarkup/3/String,string,doi:10.1351/PAC-REP-10-06-02
/Record/Section/2/Section/1/Information/3/Value/StringWithMarkup/3/Markup/0/Start,number,0
/Record/Section/2/Section/1/Information/3/Value/StringWithMarkup/3/Markup/0/Length,number,28
/Record/Section/2/Section/1/Information/3/Value/StringWithMarkup/3/Markup/0/URL,string,https://doi.org/10.1351/PAC-REP-10-06-02
/Record/Section/2/Section/1/Information/3/Value/StringWithMarkup/4/String,string,doi:10.1351/pac198052102349
/Record/Section/2/Section/1/Information/3/Value/StringWithMarkup/4/Markup/0/Start,number,0
/Record/Section/2/Section/1/Information/3/Value/StringWithMarkup/4/Markup/0/Length,number,27
/Record/Section/2/Section/1/Information/3/Value/StringWithMarkup/4/Markup/0/URL,string,https://doi.org/10.1351/pac198052102349
/Record/Section/2/Section/1/Information/3/Value/StringWithMarkup/5/String,string,doi:10.1351/pac198052102349
/Record/Section/2/Section/1/Information/3/Value/StringWithMarkup/5/Markup/0/Start,number,0
/Record/Section/2/Section/1/Information/3/Value/StringWithMarkup/5/Markup/0/Length,number,27
/Record/Section/2/Section/1/Information/3/Value/StringWithMarkup/5/Markup/0/URL,string,https://doi.org/10.1351/pac198052102349
/Record/Section/2/Section/1/Information/3/Value/StringWithMarkup/6/String,string,doi:10.1351/pac197647010075
/Record/Section/2/Section/1/Information/3/Value/StringWithMarkup/6/Markup/0/Start,number,0
/Record/Section/2/Section/1/Information/3/Value/StringWithMarkup/6/Markup/0/Length,number,27
/Record/Section/2/Section/1/Information/3/Value/StringWithMarkup/6/Markup/0/URL,string,https://doi.org/10.1351/pac197647010075
/Record/Section/2/Section/1/Information/3/Value/StringWithMarkup/7/String,string,doi:10.1351/pac197647010075
/Record/Section/2/Section/1/Information/3/Value/StringWithMarkup/7/Markup/0/Start,number,0
/Record/Section/2/Section/1/Information/3/Value/StringWithMarkup/7/Markup/0/Length,number,27
/Record/Section/2/Section/1/Information/3/Value/StringWithMarkup/7/Markup/0/URL,string,https://doi.org/10.1351/pac197647010075
/Record/Section/3/TOCHeading,string,Description
/Record/Section/3/Description,string,"A short description of this element, provided by authoritative sources."
/Record/Section/3/Information/0/ReferenceNumber,number,6
/Record/Section/3/Information/0/Value/StringWithMarkup/0/String,string,"Tantalum is a gray, heavy, and very hard metal. When pure, it is ductile and can be drawn into fine wire, which is used as a filament for evaporating metals such as aluminum. Tantalum is almost completely immune to chemical attack at temperatures below 150°C, and is attacked only by hydrofluoric acid, acidic solutions containing the fluoride ion, and free sulfur trioxide. Alkalis attack it only slowly. At high temperatures, tantalum becomes much more reactive. The element has a melting point exceeded only by tungsten and rhenium. Tantalum is used to make a variety of alloys with desirable properties such as high melting point, high strength, good ductility, etc. Tantalum has a good ""gettering"" ability at high temperatures, and tantalum oxide films are stable and have good rectifying and dielectric properties."
/Record/Section/4/TOCHeading,string,Uses
/Record/Section/4/Description,string,Uses of this element in industry and other fields.
/Record/Section/4/Information/0/ReferenceNumber,number,5
/Record/Section/4/Information/0/Value/StringWithMarkup/0/String,string,"Tantalum is a strong, ductile metal that is nearly immune to chemical attack at room temperatures. It can be drawn into a fine wire that is used to evaporate metals, such as aluminum. It has a high melting point and is frequently used as a substitute for platinum, which is more expensive. Tantalum is used to make components for chemical plants, nuclear power plants, airplanes and missiles. Tantalum does not react with bodily fluids and is used to make surgical equipment. Tantalum also does not irritate the body and is used to make surgical sutures as well as implants, such as artificial joints and cranial plates. Tantalum is alloyed with steel to increase steel's ductility, strength and melting point."
/Record/Section/4/Information/0/Value/StringWithMarkup/1/String,string,"Tantalum pentoxide (Ta2O5), one of tantalum's compounds, is a dielectric material and is used to make capacitors. It is also used to make a glass with a high index of refraction that is used in camera lenses. A composite consisting of tantalum carbide (TaC) and graphite is one of the hardest materials known and is used on the cutting edges of high-speed machine tools."
/Record/Section/4/Information/0/Value/StringWithMarkup/1/Markup/0/Start,number,22
/Record/Section/4/Information/0/Value/StringWithMarkup/1/Markup/0/Length,number,1
/Record/Section/4/Information/0/Value/StringWithMarkup/1/Markup/0/Type,string,Subscript
/Record/Section/4/Information/0/Value/StringWithMarkup/1/Markup/1/Start,number,24
/Record/Section/4/Information/0/Value/StringWithMarkup/1/Markup/1/Length,number,1
/Record/Section/4/Information/0/Value/StringWithMarkup/1/Markup/1/Type,string,Subscript
/Record/Section/4/Information/1/ReferenceNumber,number,6
/Record/Section/4/Information/1/Value/StringWithMarkup/0/String,string,"Scientists at Los Alamos have produced a tantalum carbide graphite composite material, which is said to be one of the hardest materials ever made. The compound has a melting point of 3738°C. Tantalum is used to make electrolytic capacitors and vacuum furnace parts, which account for about 60% of its use. The metal is also widely used to fabricate chemical process equipment, nuclear reactors, aircraft, and missile parts. Tantalum is completely immune to body liquids and is a nonirritating material. It has, therefore, found wide use in making surgical appliances. Tantalum oxide is used to make special glass with high index of refraction for camera lenses. The metal has many other uses."
/Record/Section/5/TOCHeading,string,Sources
/Record/Section/5/Description,string,Sources of this element.
/Record/Section/5/Information/0/ReferenceNumber,number,6
/Record/Section/5/Information/0/Value/StringWithMarkup/0/String,string,"Tantalum ores are found in Australia, Brazil, Mozambique, Thailand, Portugal, Nigeria, Zaire, and Canada."
/Record/Section/6/TOCHeading,string,Production
/Record/Section/6/Description,string,Production of this element (from raw materials or other compounds containing the element).
/Record/Section/6/Information/0/ReferenceNumber,number,6
/Record/Section/6/Information/0/Value/StringWithMarkup/0/String,string,"Separation of tantalum from niobium requires several complicated steps. Several methods are used to commercially produce the element, including electrolysis of molten potassium fluorotantalate, reduction of potassium fluorotantalate with sodium, or reacting tantalum carbide with tantalum oxide. Twenty five isotopes of tantalum are known to exist. Natural tantalum contains two isotopes."
/Record/Section/7/TOCHeading,string,Compounds
/Record/Section/7/Description,string,Compound records related to this element.
/Record/Section/7/Information/0/ReferenceNumber,number,8
/Record/Section/7/Information/0/Name,string,Compounds
/Record/Section/7/Information/0/URL,string,https://pubchem.ncbi.nlm.nih.gov/#query=Tantalum
/Record/Section/7/Information/0/Value/StringWithMarkup/0/String,string,See more information at the Tantalum compound page.
/Record/Section/7/Section/0/TOCHeading,string,Element Forms
/Record/Section/7/Section/0/Description,string,"Other forms of this element, including ions, isotopes, etc."
/Record/Section/7/Section/0/DisplayControls/CreateTable/FromInformationIn,string,ThisSection
/Record/Section/7/Section/0/DisplayControls/CreateTable/NumberOfColumns,number,5
/Record/Section/7/Section/0/DisplayControls/CreateTable/ColumnsFromNamedLists/Name/0,string,CID
/Record/Section/7/Section/0/DisplayControls/CreateTable/ColumnsFromNamedLists/Name/1,string,Name
/Record/Section/7/Section/0/DisplayControls/CreateTable/ColumnsFromNamedLists/Name/2,string,Formula
/Record/Section/7/Section/0/DisplayControls/CreateTable/ColumnsFromNamedLists/Name/3,string,SMILES
/Record/Section/7/Section/0/DisplayControls/CreateTable/ColumnsFromNamedLists/Name/4,string,Molecular Weight
/Record/Section/7/Section/0/DisplayControls/CreateTable/ColumnsFromNamedLists/UseNamesAsColumnHeadings,boolean,true
/Record/Section/7/Section/0/Information/0/ReferenceNumber,number,8
/Record/Section/7/Section/0/Information/0/Name,string,CID
/Record/Section/7/Section/0/Information/0/Value/StringWithMarkup/0/String,string,23956
/Record/Section/7/Section/0/Information/0/Value/StringWithMarkup/0/Markup/0/Start,number,0
/Record/Section/7/Section/0/Information/0/Value/StringWithMarkup/0/Markup/0/Length,number,5
/Record/Section/7/Section/0/Information/0/Value/StringWithMarkup/0/Markup/0/URL,string,https://pubchem.ncbi.nlm.nih.gov/compound/23956
/Record/Section/7/Section/0/Information/0/Value/StringWithMarkup/1/String,string,161013
/Record/Section/7/Section/0/Information/0/Value/StringWithMarkup/1/Markup/0/Start,number,0
/Record/Section/7/Section/0/Information/0/Value/StringWithMarkup/1/Markup/0/Length,number,6
/Record/Section/7/Section/0/Information/0/Value/StringWithMarkup/1/Markup/0/URL,string,https://pubchem.ncbi.nlm.nih.gov/compound/161013
/Record/Section/7/Section/0/Information/0/Value/StringWithMarkup/2/String,string,167411
/Record/Section/7/Section/0/Information/0/Value/StringWithMarkup/2/Markup/0/Start,number,0
/Record/Section/7/Section/0/Information/0/Value/StringWithMarkup/2/Markup/0/Length,number,6
/Record/Section/7/Section/0/Information/0/Value/StringWithMarkup/2/Markup/0/URL,string,https://pubchem.ncbi.nlm.nih.gov/compound/167411
/Record/Section/7/Section/0/Information/0/Value/StringWithMarkup/3/String,string,177548
/Record/Section/7/Section/0/Information/0/Value/StringWithMarkup/3/Markup/0/Start,number,0
/Record/Section/7/Section/0/Information/0/Value/StringWithMarkup/3/Markup/0/Length,number,6
/Record/Section/7/Section/0/Information/0/Value/StringWithMarkup/3/Markup/0/URL,string,https://pubchem.ncbi.nlm.nih.gov/compound/177548
/Record/Section/7/Section/0/Information/0/Value/StringWithMarkup/4/String,string,177631
/Record/Section/7/Section/0/Information/0/Value/StringWithMarkup/4/Markup/0/Start,number,0
/Record/Section/7/Section/0/Information/0/Value/StringWithMarkup/4/Markup/0/Length,number,6
/Record/Section/7/Section/0/Information/0/Value/StringWithMarkup/4/Markup/0/URL,string,https://pubchem.ncbi.nlm.nih.gov/compound/177631
/Record/Section/7/Section/0/Information/0/Value/StringWithMarkup/5/String,string,177633
/Record/Section/7/Section/0/Information/0/Value/StringWithMarkup/5/Markup/0/Start,number,0
/Record/Section/7/Section/0/Information/0/Value/StringWithMarkup/5/Markup/0/Length,number,6
/Record/Section/7/Section/0/Information/0/Value/StringWithMarkup/5/Markup/0/URL,string,https://pubchem.ncbi.nlm.nih.gov/compound/177633
/Record/Section/7/Section/0/Information/0/Value/StringWithMarkup/6/String,string,4532223
/Record/Section/7/Section/0/Information/0/Value/StringWithMarkup/6/Markup/0/Start,number,0
/Record/Section/7/Section/0/Information/0/Value/StringWithMarkup/6/Markup/0/Length,number,7
/Record/Section/7/Section/0/Information/0/Value/StringWithMarkup/6/Markup/0/URL,string,https://pubchem.ncbi.nlm.nih.gov/compound/4532223
/Record/Section/7/Section/0/Information/0/Value/StringWithMarkup/7/String,string,167406
/Record/Section/7/Section/0/Information/0/Value/StringWithMarkup/7/Markup/0/Start,number,0
/Record/Section/7/Section/0/Information/0/Value/StringWithMarkup/7/Markup/0/Length,number,6
/Record/Section/7/Section/0/Information/0/Value/StringWithMarkup/7/Markup/0/URL,string,https://pubchem.ncbi.nlm.nih.gov/compound/167406
/Record/Section/7/Section/0/Information/0/Value/StringWithMarkup/8/String,string,167409
/Record/Section/7/Section/0/Information/0/Value/StringWithMarkup/8/Markup/0/Start,number,0
/Record/Section/7/Section/0/Information/0/Value/StringWithMarkup/8/Markup/0/Length,number,6
/Record/Section/7/Section/0/Information/0/Value/StringWithMarkup/8/Markup/0/URL,string,https://pubchem.ncbi.nlm.nih.gov/compound/167409
/Record/Section/7/Section/0/Information/0/Value/StringWithMarkup/9/String,string,176417
/Record/Section/7/Section/0/Information/0/Value/StringWithMarkup/9/Markup/0/Start,number,0
/Record/Section/7/Section/0/Information/0/Value/StringWithMarkup/9/Markup/0/Length,number,6
/Record/Section/7/Section/0/Information/0/Value/StringWithMarkup/9/Markup/0/URL,string,https://pubchem.ncbi.nlm.nih.gov/compound/176417
/Record/Section/7/Section/0/Information/0/Value/StringWithMarkup/10/String,string,177430
/Record/Section/7/Section/0/Information/0/Value/StringWithMarkup/10/Markup/0/Start,number,0
/Record/Section/7/Section/0/Information/0/Value/StringWithMarkup/10/Markup/0/Length,number,6
/Record/Section/7/Section/0/Information/0/Value/StringWithMarkup/10/Markup/0/URL,string,https://pubchem.ncbi.nlm.nih.gov/compound/177430
/Record/Section/7/Section/0/Information/0/Value/StringWithMarkup/11/String,string,177634
/Record/Section/7/Section/0/Information/0/Value/StringWithMarkup/11/Markup/0/Start,number,0
/Record/Section/7/Section/0/Information/0/Value/StringWithMarkup/11/Markup/0/Length,number,6
/Record/Section/7/Section/0/Information/0/Value/StringWithMarkup/11/Markup/0/URL,string,https://pubchem.ncbi.nlm.nih.gov/compound/177634
/Record/Section/7/Section/0/Information/0/Value/StringWithMarkup/12/String,string,167405
/Record/Section/7/Section/0/Information/0/Value/StringWithMarkup/12/Markup/0/Start,number,0
/Record/Section/7/Section/0/Information/0/Value/StringWithMarkup/12/Markup/0/Length,number,6
/Record/Section/7/Section/0/Information/0/Value/StringWithMarkup/12/Markup/0/URL,string,https://pubchem.ncbi.nlm.nih.gov/compound/167405
/Record/Section/7/Section/0/Information/0/Value/StringWithMarkup/13/String,string,167408
/Record/Section/7/Section/0/Information/0/Value/StringWithMarkup/13/Markup/0/Start,number,0
/Record/Section/7/Section/0/Information/0/Value/StringWithMarkup/13/Markup/0/Length,number,6
/Record/Section/7/Section/0/Information/0/Value/StringWithMarkup/13/Markup/0/URL,string,https://pubchem.ncbi.nlm.nih.gov/compound/167408
/Record/Section/7/Section/0/Information/0/Value/StringWithMarkup/14/String,string,167410
/Record/Section/7/Section/0/Information/0/Value/StringWithMarkup/14/Markup/0/Start,number,0
/Record/Section/7/Section/0/Information/0/Value/StringWithMarkup/14/Markup/0/Length,number,6
/Record/Section/7/Section/0/Information/0/Value/StringWithMarkup/14/Markup/0/URL,string,https://pubchem.ncbi.nlm.nih.gov/compound/167410
/Record/Section/7/Section/0/Information/0/Value/StringWithMarkup/15/String,string,91867650
/Record/Section/7/Section/0/Information/0/Value/StringWithMarkup/15/Markup/0/Start,number,0
/Record/Section/7/Section/0/Information/0/Value/StringWithMarkup/15/Markup/0/Length,number,8
/Record/Section/7/Section/0/Information/0/Value/StringWithMarkup/15/Markup/0/URL,string,https://pubchem.ncbi.nlm.nih.gov/compound/91867650
/Record/Section/7/Section/0/Information/0/Value/StringWithMarkup/16/String,string,21225629
/Record/Section/7/Section/0/Information/0/Value/StringWithMarkup/16/Markup/0/Start,number,0
/Record/Section/7/Section/0/Information/0/Value/StringWithMarkup/16/Markup/0/Length,number,8
/Record/Section/7/Section/0/Information/0/Value/StringWithMarkup/16/Markup/0/URL,string,https://pubchem.ncbi.nlm.nih.gov/compound/21225629
/Record/Section/7/Section/0/Information/0/Value/StringWithMarkup/17/String,string,59891638
/Record/Section/7/Section/0/Information/0/Value/StringWithMarkup/17/Markup/0/Start,number,0
/Record/Section/7/Section/0/Information/0/Value/StringWithMarkup/17/Markup/0/Length,number,8
/Record/Section/7/Section/0/Information/0/Value/StringWithMarkup/17/Markup/0/URL,string,https://pubchem.ncbi.nlm.nih.gov/compound/59891638
/Record/Section/7/Section/0/Information/1/ReferenceNumber,number,8
/Record/Section/7/Section/0/Information/1/Name,string,Name
/Record/Section/7/Section/0/Information/1/Value/StringWithMarkup/0/String,string,tantalum
/Record/Section/7/Section/0/Information/1/Value/StringWithMarkup/1/String,string,tantalum-182
/Record/Section/7/Section/0/Information/1/Value/StringWithMarkup/2/String,string,tantalum-180
/Record/Section/7/Section/0/Information/1/Value/StringWithMarkup/3/String,string,tantalum-178
/Record/Section/7/Section/0/Information/1/Value/StringWithMarkup/4/String,string,tantalum-186
/Record/Section/7/Section/0/Information/1/Value/StringWithMarkup/5/String,string,tantalum-184
/Record/Section/7/Section/0/Information/1/Value/StringWithMarkup/6/String,string,tantalum(5+)
/Record/Section/7/Section/0/Information/1/Value/StringWithMarkup/7/String,string,tantalum-176
/Record/Section/7/Section/0/Information/1/Value/StringWithMarkup/8/String,string,tantalum-177
/Record/Section/7/Section/0/Information/1/Value/StringWithMarkup/9/String,string,tantalum-173
/Record/Section/7/Section/0/Information/1/Value/StringWithMarkup/10/String,string,tantalum-179
/Record/Section/7/Section/0/Information/1/Value/StringWithMarkup/11/String,string,tantalum-185
/Record/Section/7/Section/0/Information/1/Value/StringWithMarkup/12/String,string,tantalum-174
/Record/Section/7/Section/0/Information/1/Value/StringWithMarkup/13/String,string,tantalum-172
/Record/Section/7/Section/0/Information/1/Value/StringWithMarkup/14/String,string,tantalum-175
/Record/Section/7/Section/0/Information/1/Value/StringWithMarkup/15/String,string,tantalum-183
/Record/Section/7/Section/0/Information/1/Value/StringWithMarkup/16/String,string,tantalum(2+)
/Record/Section/7/Section/0/Information/1/Value/StringWithMarkup/17/String,string,tantalum-181
/Record/Section/7/Section/0/Information/2/ReferenceNumber,number,8
/Record/Section/7/Section/0/Information/2/Name,string,Formula
/Record/Section/7/Section/0/Information/2/Value/StringWithMarkup/0/String,string,Ta
/Record/Section/7/Section/0/Information/2/Value/StringWithMarkup/1/String,string,Ta
/Record/Section/7/Section/0/Information/2/Value/StringWithMarkup/2/String,string,Ta
/Record/Section/7/Section/0/Information/2/Value/StringWithMarkup/3/String,string,Ta
/Record/Section/7/Section/0/Information/2/Value/StringWithMarkup/4/String,string,Ta
/Record/Section/7/Section/0/Information/2/Value/StringWithMarkup/5/String,string,Ta
/Record/Section/7/Section/0/Information/2/Value/StringWithMarkup/6/String,string,Ta+5
/Record/Section/7/Section/0/Information/2/Value/StringWithMarkup/7/String,string,Ta
/Record/Section/7/Section/0/Information/2/Value/StringWithMarkup/8/String,string,Ta
/Record/Section/7/Section/0/Information/2/Value/StringWithMarkup/9/String,string,Ta
/Record/Section/7/Section/0/Information/2/Value/StringWithMarkup/10/String,string,Ta
/Record/Section/7/Section/0/Information/2/Value/StringWithMarkup/11/String,string,Ta
/Record/Section/7/Section/0/Information/2/Value/StringWithMarkup/12/String,string,Ta
/Record/Section/7/Section/0/Information/2/Value/StringWithMarkup/13/String,string,Ta
/Record/Section/7/Section/0/Information/2/Value/StringWithMarkup/14/String,string,Ta
/Record/Section/7/Section/0/Information/2/Value/StringWithMarkup/15/String,string,Ta
/Record/Section/7/Section/0/Information/2/Value/StringWithMarkup/16/String,string,Ta+2
/Record/Section/7/Section/0/Information/2/Value/StringWithMarkup/17/String,string,Ta
/Record/Section/7/Section/0/Information/3/ReferenceNumber,number,8
/Record/Section/7/Section/0/Information/3/Name,string,SMILES
/Record/Section/7/Section/0/Information/3/Value/StringWithMarkup/0/String,string,[Ta]
/Record/Section/7/Section/0/Information/3/Value/StringWithMarkup/1/String,string,[182Ta]
/Record/Section/7/Section/0/Information/3/Value/StringWithMarkup/2/String,string,[180Ta]
/Record/Section/7/Section/0/Information/3/Value/StringWithMarkup/3/String,string,[178Ta]
/Record/Section/7/Section/0/Information/3/Value/StringWithMarkup/4/String,string,[186Ta]
/Record/Section/7/Section/0/Information/3/Value/StringWithMarkup/5/String,string,[184Ta]
/Record/Section/7/Section/0/Information/3/Value/StringWithMarkup/6/String,string,[Ta+5]
/Record/Section/7/Section/0/Information/3/Value/StringWithMarkup/7/String,string,[176Ta]
/Record/Section/7/Section/0/Information/3/Value/StringWithMarkup/8/String,string,[177Ta]
/Record/Section/7/Section/0/Information/3/Value/StringWithMarkup/9/String,string,[173Ta]
/Record/Section/7/Section/0/Information/3/Value/StringWithMarkup/10/String,string,[179Ta]
/Record/Section/7/Section/0/Information/3/Value/StringWithMarkup/11/String,string,[185Ta]
/Record/Section/7/Section/0/Information/3/Value/StringWithMarkup/12/String,string,[174Ta]
/Record/Section/7/Section/0/Information/3/Value/StringWithMarkup/13/String,string,[172Ta]
/Record/Section/7/Section/0/Information/3/Value/StringWithMarkup/14/String,string,[175Ta]
/Record/Section/7/Section/0/Information/3/Value/StringWithMarkup/15/String,string,[183Ta]
/Record/Section/7/Section/0/Information/3/Value/StringWithMarkup/16/String,string,[Ta+2]
/Record/Section/7/Section/0/Information/3/Value/StringWithMarkup/17/String,string,[181Ta]
/Record/Section/7/Section/0/Information/4/ReferenceNumber,number,8
/Record/Section/7/Section/0/Information/4/Name,string,Molecular Weight
/Record/Section/7/Section/0/Information/4/Value/StringWithMarkup/0/String,string,180.9479
/Record/Section/7/Section/0/Information/4/Value/StringWithMarkup/1/String,string,181.95015
/Record/Section/7/Section/0/Information/4/Value/StringWithMarkup/2/String,string,179.94747
/Record/Section/7/Section/0/Information/4/Value/StringWithMarkup/3/String,string,177.9457
/Record/Section/7/Section/0/Information/4/Value/StringWithMarkup/4/String,string,185.9586
/Record/Section/7/Section/0/Information/4/Value/StringWithMarkup/5/String,string,183.9540
/Record/Section/7/Section/0/Information/4/Value/StringWithMarkup/6/String,string,180.9479
/Record/Section/7/Section/0/Information/4/Value/StringWithMarkup/7/String,string,175.9449
/Record/Section/7/Section/0/Information/4/Value/StringWithMarkup/8/String,string,176.94448
/Record/Section/7/Section/0/Information/4/Value/StringWithMarkup/9/String,string,172.9437
/Record/Section/7/Section/0/Information/4/Value/StringWithMarkup/10/String,string,178.94594
/Record/Section/7/Section/0/Information/4/Value/StringWithMarkup/11/String,string,184.9556
/Record/Section/7/Section/0/Information/4/Value/StringWithMarkup/12/String,string,173.9445
/Record/Section/7/Section/0/Information/4/Value/StringWithMarkup/13/String,string,171.9449
/Record/Section/7/Section/0/Information/4/Value/StringWithMarkup/14/String,string,174.9437
/Record/Section/7/Section/0/Information/4/Value/StringWithMarkup/15/String,string,182.95138
/Record/Section/7/Section/0/Information/4/Value/StringWithMarkup/16/String,string,180.9479
/Record/Section/7/Section/0/Information/4/Value/StringWithMarkup/17/String,string,180.94800
/Record/Section/8/TOCHeading,string,Isotopes
/Record/Section/8/Description,string,Isotopes are nuclides having the same atomic number but different mass numbers.  This section provides information on the isotopes of this element and their uses in various fields.
/Record/Section/8/URL,string,https://chem.libretexts.org/Courses/Furman_University/CHM101%3A_Chemistry_and_Global_Awareness_(Gordon)/03%3A_Atoms_and_the_Periodic_Table/3.05%3A_Isotopes
/Record/Section/8/Information/0/ReferenceNumber,number,5
/Record/Section/8/Information/0/Name,string,Stable Isotope Count
/Record/Section/8/Information/0/Value/StringWithMarkup/0/String,string,1
/Record/Section/8/Section/0/TOCHeading,string,Isotopes in Medicine
/Record/Section/8/Section/0/Description,string,Information on the use of this element's isotopes in medicine.
/Record/Section/8/Section/0/Information/0/ReferenceNumber,number,4
/Record/Section/8/Section/0/Information/0/Reference/0,string,"[506]  J. Lacy, T. Nanavaty, D. Dai, N. Nayak, N. Haynes, C. Martin. J. Nucl. Cardiol.8, 171 (2001)."
/Record/Section/8/Section/0/Information/0/Reference/1,string,"[507]  C. J. Hartley, G. E. Taffet, A. K. Reddy, M. L. Entman, L. H. Michael. ILAR J.43, 147 (2002)."
/Record/Section/8/Section/0/Information/0/Reference/2,string,"[508]  J. L. Lacy, A. D. LeBlanc, J. W. Babich, M. W. Bungo, L. A. Latson, R. M. Lewis, L. R. Poliner, R. H. Jones, P. C. Johnson. J. Nucl. Med.25, 1003 (1984)."
/Record/Section/8/Section/0/Information/0/Reference/3,string,"[509]  R. A. Wilson, S. Y. Kopiwoda, R. J. Callahan, R. H. Moore, C. A. Boucher, H. Manspeaker, F. P. Castronovo, H. W. Strauss. Eur. J. Nucl. Med. Mol. Imaging13, 82 (1987)."
/Record/Section/8/Section/0/Information/0/Reference/4,string,"[510]  N. Shigeta, R. M. Lambrecht, H. Matsuoka, A. Osa, M. Koizumi, K. Kobayashi, M. Izumo, K. Hashimoto, T. Sekine. Appl. Radiat. Isot.47, 171 (1996)."
/Record/Section/8/Section/0/Information/0/Reference/5,string,"[511]  A. Iskandrian, M.D., Department of Medicine, University of Alabama at Birmingham, Birmingham, Alabama, personal image."
/Record/Section/8/Section/0/Information/0/ExtendedReference/0/Citation,string,"[506]  J. Lacy, T. Nanavaty, D. Dai, N. Nayak, N. Haynes, C. Martin. J. Nucl. Cardiol.8, 171 (2001)."
/Record/Section/8/Section/0/Information/0/ExtendedReference/1/Citation,string,"[507]  C. J. Hartley, G. E. Taffet, A. K. Reddy, M. L. Entman, L. H. Michael. ILAR J.43, 147 (2002)."
/Record/Section/8/Section/0/Information/0/ExtendedReference/2/Citation,string,"[508]  J. L. Lacy, A. D. LeBlanc, J. W. Babich, M. W. Bungo, L. A. Latson, R. M. Lewis, L. R. Poliner, R. H. Jones, P. C. Johnson. J. Nucl. Med.25, 1003 (1984)."
/Record/Section/8/Section/0/Information/0/ExtendedReference/3/Citation,string,"[509]  R. A. Wilson, S. Y. Kopiwoda, R. J. Callahan, R. H. Moore, C. A. Boucher, H. Manspeaker, F. P. Castronovo, H. W. Strauss. Eur. J. Nucl. Med. Mol. Imaging13, 82 (1987)."
/Record/Section/8/Section/0/Information/0/ExtendedReference/4/Citation,string,"[510]  N. Shigeta, R. M. Lambrecht, H. Matsuoka, A. Osa, M. Koizumi, K. Kobayashi, M. Izumo, K. Hashimoto, T. Sekine. Appl. Radiat. Isot.47, 171 (1996)."
/Record/Section/8/Section/0/Information/0/ExtendedReference/5/Citation,string,"[511]  A. Iskandrian, M.D., Department of Medicine, University of Alabama at Birmingham, Birmingham, Alabama, personal image."
/Record/Section/8/Section/0/Information/0/Value/StringWithMarkup/0/String,string,"178 Ta (with a half-life of 9.3 min) is used in medical studies, such as first-pass radionuclide angiography of mice, to better understand cardiovascular disease. Radionuclide angiography uses a pinhole lens fitted to a high-speed multiwire proportional camera and a n(178W)/n(178Ta) amount-ratio generator for minimally invasive quantification of murine ventricular (heart) functions (Fig. IUPAC.73.1) [506], [507]. The multiwire gamma camera has a 178Ta generator incorporated in its housing, and it provides portable and laboratory ventricular function assessments for cardiovascular patients [507], [508]. Intravenous injections of 178Ta are used in gated equilibrium blood pool imaging [509]. 183Ta (with a half-life of 5.1 days) has potential for use in radionuclide pharmaceuticals and as a tracer for toxicity studies of ecosystems [510]."
/Record/Section/8/Section/0/Information/0/Value/StringWithMarkup/0/Markup/0/Start,number,0
/Record/Section/8/Section/0/Information/0/Value/StringWithMarkup/0/Markup/0/Length,number,3
/Record/Section/8/Section/0/Information/0/Value/StringWithMarkup/0/Markup/0/Type,string,Superscript
/Record/Section/8/Section/0/Information/0/Value/StringWithMarkup/0/Markup/1/Start,number,269
/Record/Section/8/Section/0/Information/0/Value/StringWithMarkup/0/Markup/1/Length,number,3
/Record/Section/8/Section/0/Information/0/Value/StringWithMarkup/0/Markup/1/Type,string,Superscript
/Record/Section/8/Section/0/Information/0/Value/StringWithMarkup/0/Markup/2/Start,number,277
/Record/Section/8/Section/0/Information/0/Value/StringWithMarkup/0/Markup/2/Length,number,3
/Record/Section/8/Section/0/Information/0/Value/StringWithMarkup/0/Markup/2/Type,string,Superscript
/Record/Section/8/Section/0/Information/0/Value/StringWithMarkup/0/Markup/3/Start,number,450
/Record/Section/8/Section/0/Information/0/Value/StringWithMarkup/0/Markup/3/Length,number,3
/Record/Section/8/Section/0/Information/0/Value/StringWithMarkup/0/Markup/3/Type,string,Superscript
/Record/Section/8/Section/0/Information/0/Value/StringWithMarkup/0/Markup/4/Start,number,636
/Record/Section/8/Section/0/Information/0/Value/StringWithMarkup/0/Markup/4/Length,number,3
/Record/Section/8/Section/0/Information/0/Value/StringWithMarkup/0/Markup/4/Type,string,Superscript
/Record/Section/8/Section/0/Information/0/Value/StringWithMarkup/0/Markup/5/Start,number,698
/Record/Section/8/Section/0/Information/0/Value/StringWithMarkup/0/Markup/5/Length,number,3
/Record/Section/8/Section/0/Information/0/Value/StringWithMarkup/0/Markup/5/Type,string,Superscript
/Record/Section/8/Section/0/Information/0/Value/StringWithMarkup/1/String,string,          
/Record/Section/8/Section/0/Information/0/Value/StringWithMarkup/1/Markup/0/Start,number,0
/Record/Section/8/Section/0/Information/0/Value/StringWithMarkup/1/Markup/0/Length,number,1
/Record/Section/8/Section/0/Information/0/Value/StringWithMarkup/1/Markup/0/URL,string,https://pubchem.ncbi.nlm.nih.gov/images/iupac/j_pac-2015-0703_fig_101.jpg
/Record/Section/8/Section/0/Information/0/Value/StringWithMarkup/1/Markup/0/Type,string,Image
/Record/Section/8/Section/0/Information/0/Value/StringWithMarkup/1/Markup/0/Size,string,1134x802
/Record/Section/8/Section/0/Information/0/Value/StringWithMarkup/1/Markup/0/Caption,string,"Fig. IUPAC.73.1: Multiwire gamma camera containing a ¹⁷⁸Ta generator. [Photographer: Ami Iskandrian, M.D. University of Alabama at Birmingham (used with permission)] [511]. "
/Record/Section/8/Section/1/TOCHeading,string,Isotopes Used as a Source of Radioactive Isotope(s)
/Record/Section/8/Section/1/Description,string,Information on the use of this element's isotopes to generate radioactive isotopes.
/Record/Section/8/Section/1/Information/0/ReferenceNumber,number,4
/Record/Section/8/Section/1/Information/0/Value/StringWithMarkup/0/String,string,"181Ta is used to produce 178W, which decays to 178Ta via the reaction 181Ta (p, 4 n) 178W, which is followed by a subsequent electron capture decay reaction of 178W to finally yield 178Ta. 178Ta is important for medical studies as noted in Section 4.73.1."
/Record/Section/8/Section/1/Information/0/Value/StringWithMarkup/0/Markup/0/Start,number,0
/Record/Section/8/Section/1/Information/0/Value/StringWithMarkup/0/Markup/0/Length,number,3
/Record/Section/8/Section/1/Information/0/Value/StringWithMarkup/0/Markup/0/Type,string,Superscript
/Record/Section/8/Section/1/Information/0/Value/StringWithMarkup/0/Markup/1/Start,number,25
/Record/Section/8/Section/1/Information/0/Value/StringWithMarkup/0/Markup/1/Length,number,3
/Record/Section/8/Section/1/Information/0/Value/StringWithMarkup/0/Markup/1/Type,string,Superscript
/Record/Section/8/Section/1/Information/0/Value/StringWithMarkup/0/Markup/2/Start,number,47
/Record/Section/8/Section/1/Information/0/Value/StringWithMarkup/0/Markup/2/Length,number,3
/Record/Section/8/Section/1/Information/0/Value/StringWithMarkup/0/Markup/2/Type,string,Superscript
/Record/Section/8/Section/1/Information/0/Value/StringWithMarkup/0/Markup/3/Start,number,70
/Record/Section/8/Section/1/Information/0/Value/StringWithMarkup/0/Markup/3/Length,number,3
/Record/Section/8/Section/1/Information/0/Value/StringWithMarkup/0/Markup/3/Type,string,Superscript
/Record/Section/8/Section/1/Information/0/Value/StringWithMarkup/0/Markup/4/Start,number,85
/Record/Section/8/Section/1/Information/0/Value/StringWithMarkup/0/Markup/4/Length,number,3
/Record/Section/8/Section/1/Information/0/Value/StringWithMarkup/0/Markup/4/Type,string,Superscript
/Record/Section/8/Section/1/Information/0/Value/StringWithMarkup/0/Markup/5/Start,number,160
/Record/Section/8/Section/1/Information/0/Value/StringWithMarkup/0/Markup/5/Length,number,3
/Record/Section/8/Section/1/Information/0/Value/StringWithMarkup/0/Markup/5/Type,string,Superscript
/Record/Section/8/Section/1/Information/0/Value/StringWithMarkup/0/Markup/6/Start,number,182
/Record/Section/8/Section/1/Information/0/Value/StringWithMarkup/0/Markup/6/Length,number,3
/Record/Section/8/Section/1/Information/0/Value/StringWithMarkup/0/Markup/6/Type,string,Superscript
/Record/Section/8/Section/1/Information/0/Value/StringWithMarkup/0/Markup/7/Start,number,189
/Record/Section/8/Section/1/Information/0/Value/StringWithMarkup/0/Markup/7/Length,number,3
/Record/Section/8/Section/1/Information/0/Value/StringWithMarkup/0/Markup/7/Type,string,Superscript
/Record/Section/8/Section/2/TOCHeading,string,Isotope Mass and Abundance
/Record/Section/8/Section/2/Description,string,Atomic mass and abundance (composition) information for a given isotope/nuclide. The number in the parenthesis refers to an uncertainty when exist. The unit of atomic weight is the unified atomic mass unit (u) or dalton (Da). 
/Record/Section/8/Section/2/DisplayControls/CreateTable/FromInformationIn,string,ThisSection
/Record/Section/8/Section/2/DisplayControls/CreateTable/NumberOfColumns,number,3
/Record/Section/8/Section/2/DisplayControls/CreateTable/ColumnsFromNamedLists/Name/0,string,Isotope
/Record/Section/8/Section/2/DisplayControls/CreateTable/ColumnsFromNamedLists/Name/1,string,Atomic Mass (uncertainty) [u]
/Record/Section/8/Section/2/DisplayControls/CreateTable/ColumnsFromNamedLists/Name/2,string,Abundance (uncertainty)
/Record/Section/8/Section/2/DisplayControls/CreateTable/ColumnsFromNamedLists/UseNamesAsColumnHeadings,boolean,true
/Record/Section/8/Section/2/Information/0/ReferenceNumber,number,3
/Record/Section/8/Section/2/Information/0/Name,string,Isotope
/Record/Section/8/Section/2/Information/0/Value/StringWithMarkup/0/String,string, 180Ta
/Record/Section/8/Section/2/Information/0/Value/StringWithMarkup/0/Markup/0/Start,number,0
/Record/Section/8/Section/2/Information/0/Value/StringWithMarkup/0/Markup/0/Length,number,4
/Record/Section/8/Section/2/Information/0/Value/StringWithMarkup/0/Markup/0/Type,string,Superscript
/Record/Section/8/Section/2/Information/0/Value/StringWithMarkup/1/String,string, 181Ta
/Record/Section/8/Section/2/Information/0/Value/StringWithMarkup/1/Markup/0/Start,number,0
/Record/Section/8/Section/2/Information/0/Value/StringWithMarkup/1/Markup/0/Length,number,4
/Record/Section/8/Section/2/Information/0/Value/StringWithMarkup/1/Markup/0/Type,string,Superscript
/Record/Section/8/Section/2/Information/1/ReferenceNumber,number,3
/Record/Section/8/Section/2/Information/1/Name,string,Atomic Mass (uncertainty)
/Record/Section/8/Section/2/Information/1/Value/StringWithMarkup/0/String,string,179.947 47(2)
/Record/Section/8/Section/2/Information/1/Value/StringWithMarkup/1/String,string,180.948 00(1)
/Record/Section/8/Section/2/Information/2/ReferenceNumber,number,3
/Record/Section/8/Section/2/Information/2/Name,string,Abundance (uncertainty)
/Record/Section/8/Section/2/Information/2/Value/StringWithMarkup/0/String,string,0.000 1176(23)
/Record/Section/8/Section/2/Information/2/Value/StringWithMarkup/1/String,string,0.999 8824(23)
/Record/Section/8/Section/2/Information/3/ReferenceNumber,number,7
/Record/Section/8/Section/2/Information/3/Name,string,Isotope
/Record/Section/8/Section/2/Information/3/Value/StringWithMarkup/0/String,string,180Ta
/Record/Section/8/Section/2/Information/3/Value/StringWithMarkup/0/Markup/0/Start,number,0
/Record/Section/8/Section/2/Information/3/Value/StringWithMarkup/0/Markup/0/Length,number,3
/Record/Section/8/Section/2/Information/3/Value/StringWithMarkup/0/Markup/0/Type,string,Superscript
/Record/Section/8/Section/2/Information/3/Value/StringWithMarkup/1/String,string,181Ta
/Record/Section/8/Section/2/Information/3/Value/StringWithMarkup/1/Markup/0/Start,number,0
/Record/Section/8/Section/2/Information/3/Value/StringWithMarkup/1/Markup/0/Length,number,3
/Record/Section/8/Section/2/Information/3/Value/StringWithMarkup/1/Markup/0/Type,string,Superscript
/Record/Section/8/Section/2/Information/4/ReferenceNumber,number,7
/Record/Section/8/Section/2/Information/4/Name,string,Atomic Mass (uncertainty) [u]
/Record/Section/8/Section/2/Information/4/Value/StringWithMarkup/0/String,string,179.9474648(24)
/Record/Section/8/Section/2/Information/4/Value/StringWithMarkup/1/String,string,180.9479958(20)
/Record/Section/8/Section/2/Information/5/ReferenceNumber,number,7
/Record/Section/8/Section/2/Information/5/Name,string,Abundance (uncertainty)
/Record/Section/8/Section/2/Information/5/Value/StringWithMarkup/0/String,string,0.0001201(32)
/Record/Section/8/Section/2/Information/5/Value/StringWithMarkup/1/String,string,0.9998799(32)
/Record/Section/8/Section/3/TOCHeading,string,"Atomic Mass, Half Life, and Decay"
/Record/Section/8/Section/3/Description,string,"Information on the atomic mass, half life, and decay for this element, from the the Atomic Mass Data Center. The number after the ± refers to an uncertainty when exists."
/Record/Section/8/Section/3/URL,string,https://pubchem.ncbi.nlm.nih.gov/docs/atomic-mass/
/Record/Section/8/Section/3/DisplayControls/CreateTable/FromInformationIn,string,ThisSection
/Record/Section/8/Section/3/DisplayControls/CreateTable/NumberOfColumns,number,5
/Record/Section/8/Section/3/DisplayControls/CreateTable/ColumnsFromNamedLists/Name/0,string,Nuclide
/Record/Section/8/Section/3/DisplayControls/CreateTable/ColumnsFromNamedLists/Name/1,string,Atomic Mass and Uncertainty [u]
/Record/Section/8/Section/3/DisplayControls/CreateTable/ColumnsFromNamedLists/Name/2,string,Half Life and Uncertainty
/Record/Section/8/Section/3/DisplayControls/CreateTable/ColumnsFromNamedLists/Name/3,string,Discovery Year
/Record/Section/8/Section/3/DisplayControls/CreateTable/ColumnsFromNamedLists/Name/4,string,"Decay Modes, Intensities and Uncertainties [%]"
/Record/Section/8/Section/3/DisplayControls/CreateTable/ColumnsFromNamedLists/UseNamesAsColumnHeadings,boolean,true
/Record/Section/8/Section/3/Information/0/ReferenceNumber,number,2
/Record/Section/8/Section/3/Information/0/Name,string,Nuclide
/Record/Section/8/Section/3/Information/0/Value/StringWithMarkup/0/String,string,155Ta
/Record/Section/8/Section/3/Information/0/Value/StringWithMarkup/0/Markup/0/Start,number,0
/Record/Section/8/Section/3/Information/0/Value/StringWithMarkup/0/Markup/0/Length,number,3
/Record/Section/8/Section/3/Information/0/Value/StringWithMarkup/0/Markup/0/Type,string,Superscript
/Record/Section/8/Section/3/Information/0/Value/StringWithMarkup/1/String,string,156Ta
/Record/Section/8/Section/3/Information/0/Value/StringWithMarkup/1/Markup/0/Start,number,0
/Record/Section/8/Section/3/Information/0/Value/StringWithMarkup/1/Markup/0/Length,number,3
/Record/Section/8/Section/3/Information/0/Value/StringWithMarkup/1/Markup/0/Type,string,Superscript
/Record/Section/8/Section/3/Information/0/Value/StringWithMarkup/2/String,string,156Tam
/Record/Section/8/Section/3/Information/0/Value/StringWithMarkup/2/Markup/0/Start,number,0
/Record/Section/8/Section/3/Information/0/Value/StringWithMarkup/2/Markup/0/Length,number,3
/Record/Section/8/Section/3/Information/0/Value/StringWithMarkup/2/Markup/0/Type,string,Superscript
/Record/Section/8/Section/3/Information/0/Value/StringWithMarkup/2/Markup/1/Start,number,5
/Record/Section/8/Section/3/Information/0/Value/StringWithMarkup/2/Markup/1/Length,number,1
/Record/Section/8/Section/3/Information/0/Value/StringWithMarkup/2/Markup/1/Type,string,Superscript
/Record/Section/8/Section/3/Information/0/Value/StringWithMarkup/3/String,string,157Ta
/Record/Section/8/Section/3/Information/0/Value/StringWithMarkup/3/Markup/0/Start,number,0
/Record/Section/8/Section/3/Information/0/Value/StringWithMarkup/3/Markup/0/Length,number,3
/Record/Section/8/Section/3/Information/0/Value/StringWithMarkup/3/Markup/0/Type,string,Superscript
/Record/Section/8/Section/3/Information/0/Value/StringWithMarkup/4/String,string,157Tam
/Record/Section/8/Section/3/Information/0/Value/StringWithMarkup/4/Markup/0/Start,number,0
/Record/Section/8/Section/3/Information/0/Value/StringWithMarkup/4/Markup/0/Length,number,3
/Record/Section/8/Section/3/Information/0/Value/StringWithMarkup/4/Markup/0/Type,string,Superscript
/Record/Section/8/Section/3/Information/0/Value/StringWithMarkup/4/Markup/1/Start,number,5
/Record/Section/8/Section/3/Information/0/Value/StringWithMarkup/4/Markup/1/Length,number,1
/Record/Section/8/Section/3/Information/0/Value/StringWithMarkup/4/Markup/1/Type,string,Superscript
/Record/Section/8/Section/3/Information/0/Value/StringWithMarkup/5/String,string,157Tan
/Record/Section/8/Section/3/Information/0/Value/StringWithMarkup/5/Markup/0/Start,number,0
/Record/Section/8/Section/3/Information/0/Value/StringWithMarkup/5/Markup/0/Length,number,3
/Record/Section/8/Section/3/Information/0/Value/StringWithMarkup/5/Markup/0/Type,string,Superscript
/Record/Section/8/Section/3/Information/0/Value/StringWithMarkup/5/Markup/1/Start,number,5
/Record/Section/8/Section/3/Information/0/Value/StringWithMarkup/5/Markup/1/Length,number,1
/Record/Section/8/Section/3/Information/0/Value/StringWithMarkup/5/Markup/1/Type,string,Superscript
/Record/Section/8/Section/3/Information/0/Value/StringWithMarkup/6/String,string,158Ta
/Record/Section/8/Section/3/Information/0/Value/StringWithMarkup/6/Markup/0/Start,number,0
/Record/Section/8/Section/3/Information/0/Value/StringWithMarkup/6/Markup/0/Length,number,3
/Record/Section/8/Section/3/Information/0/Value/StringWithMarkup/6/Markup/0/Type,string,Superscript
/Record/Section/8/Section/3/Information/0/Value/StringWithMarkup/7/String,string,158Tam
/Record/Section/8/Section/3/Information/0/Value/StringWithMarkup/7/Markup/0/Start,number,0
/Record/Section/8/Section/3/Information/0/Value/StringWithMarkup/7/Markup/0/Length,number,3
/Record/Section/8/Section/3/Information/0/Value/StringWithMarkup/7/Markup/0/Type,string,Superscript
/Record/Section/8/Section/3/Information/0/Value/StringWithMarkup/7/Markup/1/Start,number,5
/Record/Section/8/Section/3/Information/0/Value/StringWithMarkup/7/Markup/1/Length,number,1
/Record/Section/8/Section/3/Information/0/Value/StringWithMarkup/7/Markup/1/Type,string,Superscript
/Record/Section/8/Section/3/Information/0/Value/StringWithMarkup/8/String,string,158Tan
/Record/Section/8/Section/3/Information/0/Value/StringWithMarkup/8/Markup/0/Start,number,0
/Record/Section/8/Section/3/Information/0/Value/StringWithMarkup/8/Markup/0/Length,number,3
/Record/Section/8/Section/3/Information/0/Value/StringWithMarkup/8/Markup/0/Type,string,Superscript
/Record/Section/8/Section/3/Information/0/Value/StringWithMarkup/8/Markup/1/Start,number,5
/Record/Section/8/Section/3/Information/0/Value/StringWithMarkup/8/Markup/1/Length,number,1
/Record/Section/8/Section/3/Information/0/Value/StringWithMarkup/8/Markup/1/Type,string,Superscript
/Record/Section/8/Section/3/Information/0/Value/StringWithMarkup/9/String,string,159Ta
/Record/Section/8/Section/3/Information/0/Value/StringWithMarkup/9/Markup/0/Start,number,0
/Record/Section/8/Section/3/Information/0/Value/StringWithMarkup/9/Markup/0/Length,number,3
/Record/Section/8/Section/3/Information/0/Value/StringWithMarkup/9/Markup/0/Type,string,Superscript
/Record/Section/8/Section/3/Information/0/Value/StringWithMarkup/10/String,string,159Tam
/Record/Section/8/Section/3/Information/0/Value/StringWithMarkup/10/Markup/0/Start,number,0
/Record/Section/8/Section/3/Information/0/Value/StringWithMarkup/10/Markup/0/Length,number,3
/Record/Section/8/Section/3/Information/0/Value/StringWithMarkup/10/Markup/0/Type,string,Superscript
/Record/Section/8/Section/3/Information/0/Value/StringWithMarkup/10/Markup/1/Start,number,5
/Record/Section/8/Section/3/Information/0/Value/StringWithMarkup/10/Markup/1/Length,number,1
/Record/Section/8/Section/3/Information/0/Value/StringWithMarkup/10/Markup/1/Type,string,Superscript
/Record/Section/8/Section/3/Information/0/Value/StringWithMarkup/11/String,string,160Ta
/Record/Section/8/Section/3/Information/0/Value/StringWithMarkup/11/Markup/0/Start,number,0
/Record/Section/8/Section/3/Information/0/Value/StringWithMarkup/11/Markup/0/Length,number,3
/Record/Section/8/Section/3/Information/0/Value/StringWithMarkup/11/Markup/0/Type,string,Superscript
/Record/Section/8/Section/3/Information/0/Value/StringWithMarkup/12/String,string,160Tam
/Record/Section/8/Section/3/Information/0/Value/StringWithMarkup/12/Markup/0/Start,number,0
/Record/Section/8/Section/3/Information/0/Value/StringWithMarkup/12/Markup/0/Length,number,3
/Record/Section/8/Section/3/Information/0/Value/StringWithMarkup/12/Markup/0/Type,string,Superscript
/Record/Section/8/Section/3/Information/0/Value/StringWithMarkup/12/Markup/1/Start,number,5
/Record/Section/8/Section/3/Information/0/Value/StringWithMarkup/12/Markup/1/Length,number,1
/Record/Section/8/Section/3/Information/0/Value/StringWithMarkup/12/Markup/1/Type,string,Superscript
/Record/Section/8/Section/3/Information/0/Value/StringWithMarkup/13/String,string,161Ta
/Record/Section/8/Section/3/Information/0/Value/StringWithMarkup/13/Markup/0/Start,number,0
/Record/Section/8/Section/3/Information/0/Value/StringWithMarkup/13/Markup/0/Length,number,3
/Record/Section/8/Section/3/Information/0/Value/StringWithMarkup/13/Markup/0/Type,string,Superscript
/Record/Section/8/Section/3/Information/0/Value/StringWithMarkup/14/String,string,161Tam
/Record/Section/8/Section/3/Information/0/Value/StringWithMarkup/14/Markup/0/Start,number,0
/Record/Section/8/Section/3/Information/0/Value/StringWithMarkup/14/Markup/0/Length,number,3
/Record/Section/8/Section/3/Information/0/Value/StringWithMarkup/14/Markup/0/Type,string,Superscript
/Record/Section/8/Section/3/Information/0/Value/StringWithMarkup/14/Markup/1/Start,number,5
/Record/Section/8/Section/3/Information/0/Value/StringWithMarkup/14/Markup/1/Length,number,1
/Record/Section/8/Section/3/Information/0/Value/StringWithMarkup/14/Markup/1/Type,string,Superscript
/Record/Section/8/Section/3/Information/0/Value/StringWithMarkup/15/String,string,162Ta
/Record/Section/8/Section/3/Information/0/Value/StringWithMarkup/15/Markup/0/Start,number,0
/Record/Section/8/Section/3/Information/0/Value/StringWithMarkup/15/Markup/0/Length,number,3
/Record/Section/8/Section/3/Information/0/Value/StringWithMarkup/15/Markup/0/Type,string,Superscript
/Record/Section/8/Section/3/Information/0/Value/StringWithMarkup/16/String,string,162Tam
/Record/Section/8/Section/3/Information/0/Value/StringWithMarkup/16/Markup/0/Start,number,0
/Record/Section/8/Section/3/Information/0/Value/StringWithMarkup/16/Markup/0/Length,number,3
/Record/Section/8/Section/3/Information/0/Value/StringWithMarkup/16/Markup/0/Type,string,Superscript
/Record/Section/8/Section/3/Information/0/Value/StringWithMarkup/16/Markup/1/Start,number,5
/Record/Section/8/Section/3/Information/0/Value/StringWithMarkup/16/Markup/1/Length,number,1
/Record/Section/8/Section/3/Information/0/Value/StringWithMarkup/16/Markup/1/Type,string,Superscript
/Record/Section/8/Section/3/Information/0/Value/StringWithMarkup/17/String,string,163Ta
/Record/Section/8/Section/3/Information/0/Value/StringWithMarkup/17/Markup/0/Start,number,0
/Record/Section/8/Section/3/Information/0/Value/StringWithMarkup/17/Markup/0/Length,number,3
/Record/Section/8/Section/3/Information/0/Value/StringWithMarkup/17/Markup/0/Type,string,Superscript
/Record/Section/8/Section/3/Information/0/Value/StringWithMarkup/18/String,string,163Tam
/Record/Section/8/Section/3/Information/0/Value/StringWithMarkup/18/Markup/0/Start,number,0
/Record/Section/8/Section/3/Information/0/Value/StringWithMarkup/18/Markup/0/Length,number,3
/Record/Section/8/Section/3/Information/0/Value/StringWithMarkup/18/Markup/0/Type,string,Superscript
/Record/Section/8/Section/3/Information/0/Value/StringWithMarkup/18/Markup/1/Start,number,5
/Record/Section/8/Section/3/Information/0/Value/StringWithMarkup/18/Markup/1/Length,number,1
/Record/Section/8/Section/3/Information/0/Value/StringWithMarkup/18/Markup/1/Type,string,Superscript
/Record/Section/8/Section/3/Information/0/Value/StringWithMarkup/19/String,string,164Ta
/Record/Section/8/Section/3/Information/0/Value/StringWithMarkup/19/Markup/0/Start,number,0
/Record/Section/8/Section/3/Information/0/Value/StringWithMarkup/19/Markup/0/Length,number,3
/Record/Section/8/Section/3/Information/0/Value/StringWithMarkup/19/Markup/0/Type,string,Superscript
/Record/Section/8/Section/3/Information/0/Value/StringWithMarkup/20/String,string,165Ta
/Record/Section/8/Section/3/Information/0/Value/StringWithMarkup/20/Markup/0/Start,number,0
/Record/Section/8/Section/3/Information/0/Value/StringWithMarkup/20/Markup/0/Length,number,3
/Record/Section/8/Section/3/Information/0/Value/StringWithMarkup/20/Markup/0/Type,string,Superscript
/Record/Section/8/Section/3/Information/0/Value/StringWithMarkup/21/String,string,165Tam
/Record/Section/8/Section/3/Information/0/Value/StringWithMarkup/21/Markup/0/Start,number,0
/Record/Section/8/Section/3/Information/0/Value/StringWithMarkup/21/Markup/0/Length,number,3
/Record/Section/8/Section/3/Information/0/Value/StringWithMarkup/21/Markup/0/Type,string,Superscript
/Record/Section/8/Section/3/Information/0/Value/StringWithMarkup/21/Markup/1/Start,number,5
/Record/Section/8/Section/3/Information/0/Value/StringWithMarkup/21/Markup/1/Length,number,1
/Record/Section/8/Section/3/Information/0/Value/StringWithMarkup/21/Markup/1/Type,string,Superscript
/Record/Section/8/Section/3/Information/0/Value/StringWithMarkup/22/String,string,166Ta
/Record/Section/8/Section/3/Information/0/Value/StringWithMarkup/22/Markup/0/Start,number,0
/Record/Section/8/Section/3/Information/0/Value/StringWithMarkup/22/Markup/0/Length,number,3
/Record/Section/8/Section/3/Information/0/Value/StringWithMarkup/22/Markup/0/Type,string,Superscript
/Record/Section/8/Section/3/Information/0/Value/StringWithMarkup/23/String,string,167Ta
/Record/Section/8/Section/3/Information/0/Value/StringWithMarkup/23/Markup/0/Start,number,0
/Record/Section/8/Section/3/Information/0/Value/StringWithMarkup/23/Markup/0/Length,number,3
/Record/Section/8/Section/3/Information/0/Value/StringWithMarkup/23/Markup/0/Type,string,Superscript
/Record/Section/8/Section/3/Information/0/Value/StringWithMarkup/24/String,string,168Ta
/Record/Section/8/Section/3/Information/0/Value/StringWithMarkup/24/Markup/0/Start,number,0
/Record/Section/8/Section/3/Information/0/Value/StringWithMarkup/24/Markup/0/Length,number,3
/Record/Section/8/Section/3/Information/0/Value/StringWithMarkup/24/Markup/0/Type,string,Superscript
/Record/Section/8/Section/3/Information/0/Value/StringWithMarkup/25/String,string,169Ta
/Record/Section/8/Section/3/Information/0/Value/StringWithMarkup/25/Markup/0/Start,number,0
/Record/Section/8/Section/3/Information/0/Value/StringWithMarkup/25/Markup/0/Length,number,3
/Record/Section/8/Section/3/Information/0/Value/StringWithMarkup/25/Markup/0/Type,string,Superscript
/Record/Section/8/Section/3/Information/0/Value/StringWithMarkup/26/String,string,170Ta
/Record/Section/8/Section/3/Information/0/Value/StringWithMarkup/26/Markup/0/Start,number,0
/Record/Section/8/Section/3/Information/0/Value/StringWithMarkup/26/Markup/0/Length,number,3
/Record/Section/8/Section/3/Information/0/Value/StringWithMarkup/26/Markup/0/Type,string,Superscript
/Record/Section/8/Section/3/Information/0/Value/StringWithMarkup/27/String,string,171Ta
/Record/Section/8/Section/3/Information/0/Value/StringWithMarkup/27/Markup/0/Start,number,0
/Record/Section/8/Section/3/Information/0/Value/StringWithMarkup/27/Markup/0/Length,number,3
/Record/Section/8/Section/3/Information/0/Value/StringWithMarkup/27/Markup/0/Type,string,Superscript
/Record/Section/8/Section/3/Information/0/Value/StringWithMarkup/28/String,string,172Ta
/Record/Section/8/Section/3/Information/0/Value/StringWithMarkup/28/Markup/0/Start,number,0
/Record/Section/8/Section/3/Information/0/Value/StringWithMarkup/28/Markup/0/Length,number,3
/Record/Section/8/Section/3/Information/0/Value/StringWithMarkup/28/Markup/0/Type,string,Superscript
/Record/Section/8/Section/3/Information/0/Value/StringWithMarkup/29/String,string,173Ta
/Record/Section/8/Section/3/Information/0/Value/StringWithMarkup/29/Markup/0/Start,number,0
/Record/Section/8/Section/3/Information/0/Value/StringWithMarkup/29/Markup/0/Length,number,3
/Record/Section/8/Section/3/Information/0/Value/StringWithMarkup/29/Markup/0/Type,string,Superscript
/Record/Section/8/Section/3/Information/0/Value/StringWithMarkup/30/String,string,173Tam
/Record/Section/8/Section/3/Information/0/Value/StringWithMarkup/30/Markup/0/Start,number,0
/Record/Section/8/Section/3/Information/0/Value/StringWithMarkup/30/Markup/0/Length,number,3
/Record/Section/8/Section/3/Information/0/Value/StringWithMarkup/30/Markup/0/Type,string,Superscript
/Record/Section/8/Section/3/Information/0/Value/StringWithMarkup/30/Markup/1/Start,number,5
/Record/Section/8/Section/3/Information/0/Value/StringWithMarkup/30/Markup/1/Length,number,1
/Record/Section/8/Section/3/Information/0/Value/StringWithMarkup/30/Markup/1/Type,string,Superscript
/Record/Section/8/Section/3/Information/0/Value/StringWithMarkup/31/String,string,173Tan
/Record/Section/8/Section/3/Information/0/Value/StringWithMarkup/31/Markup/0/Start,number,0
/Record/Section/8/Section/3/Information/0/Value/StringWithMarkup/31/Markup/0/Length,number,3
/Record/Section/8/Section/3/Information/0/Value/StringWithMarkup/31/Markup/0/Type,string,Superscript
/Record/Section/8/Section/3/Information/0/Value/StringWithMarkup/31/Markup/1/Start,number,5
/Record/Section/8/Section/3/Information/0/Value/StringWithMarkup/31/Markup/1/Length,number,1
/Record/Section/8/Section/3/Information/0/Value/StringWithMarkup/31/Markup/1/Type,string,Superscript
/Record/Section/8/Section/3/Information/0/Value/StringWithMarkup/32/String,string,174Ta
/Record/Section/8/Section/3/Information/0/Value/StringWithMarkup/32/Markup/0/Start,number,0
/Record/Section/8/Section/3/Information/0/Value/StringWithMarkup/32/Markup/0/Length,number,3
/Record/Section/8/Section/3/Information/0/Value/StringWithMarkup/32/Markup/0/Type,string,Superscript
/Record/Section/8/Section/3/Information/0/Value/StringWithMarkup/33/String,string,175Ta
/Record/Section/8/Section/3/Information/0/Value/StringWithMarkup/33/Markup/0/Start,number,0
/Record/Section/8/Section/3/Information/0/Value/StringWithMarkup/33/Markup/0/Length,number,3
/Record/Section/8/Section/3/Information/0/Value/StringWithMarkup/33/Markup/0/Type,string,Superscript
/Record/Section/8/Section/3/Information/0/Value/StringWithMarkup/34/String,string,175Tam
/Record/Section/8/Section/3/Information/0/Value/StringWithMarkup/34/Markup/0/Start,number,0
/Record/Section/8/Section/3/Information/0/Value/StringWithMarkup/34/Markup/0/Length,number,3
/Record/Section/8/Section/3/Information/0/Value/StringWithMarkup/34/Markup/0/Type,string,Superscript
/Record/Section/8/Section/3/Information/0/Value/StringWithMarkup/34/Markup/1/Start,number,5
/Record/Section/8/Section/3/Information/0/Value/StringWithMarkup/34/Markup/1/Length,number,1
/Record/Section/8/Section/3/Information/0/Value/StringWithMarkup/34/Markup/1/Type,string,Superscript
/Record/Section/8/Section/3/Information/0/Value/StringWithMarkup/35/String,string,175Tan
/Record/Section/8/Section/3/Information/0/Value/StringWithMarkup/35/Markup/0/Start,number,0
/Record/Section/8/Section/3/Information/0/Value/StringWithMarkup/35/Markup/0/Length,number,3
/Record/Section/8/Section/3/Information/0/Value/StringWithMarkup/35/Markup/0/Type,string,Superscript
/Record/Section/8/Section/3/Information/0/Value/StringWithMarkup/35/Markup/1/Start,number,5
/Record/Section/8/Section/3/Information/0/Value/StringWithMarkup/35/Markup/1/Length,number,1
/Record/Section/8/Section/3/Information/0/Value/StringWithMarkup/35/Markup/1/Type,string,Superscript
/Record/Section/8/Section/3/Information/0/Value/StringWithMarkup/36/String,string,175Tap
/Record/Section/8/Section/3/Information/0/Value/StringWithMarkup/36/Markup/0/Start,number,0
/Record/Section/8/Section/3/Information/0/Value/StringWithMarkup/36/Markup/0/Length,number,3
/Record/Section/8/Section/3/Information/0/Value/StringWithMarkup/36/Markup/0/Type,string,Superscript
/Record/Section/8/Section/3/Information/0/Value/StringWithMarkup/36/Markup/1/Start,number,5
/Record/Section/8/Section/3/Information/0/Value/StringWithMarkup/36/Markup/1/Length,number,1
/Record/Section/8/Section/3/Information/0/Value/StringWithMarkup/36/Markup/1/Type,string,Superscript
/Record/Section/8/Section/3/Information/0/Value/StringWithMarkup/37/String,string,176Ta
/Record/Section/8/Section/3/Information/0/Value/StringWithMarkup/37/Markup/0/Start,number,0
/Record/Section/8/Section/3/Information/0/Value/StringWithMarkup/37/Markup/0/Length,number,3
/Record/Section/8/Section/3/Information/0/Value/StringWithMarkup/37/Markup/0/Type,string,Superscript
/Record/Section/8/Section/3/Information/0/Value/StringWithMarkup/38/String,string,176Tam
/Record/Section/8/Section/3/Information/0/Value/StringWithMarkup/38/Markup/0/Start,number,0
/Record/Section/8/Section/3/Information/0/Value/StringWithMarkup/38/Markup/0/Length,number,3
/Record/Section/8/Section/3/Information/0/Value/StringWithMarkup/38/Markup/0/Type,string,Superscript
/Record/Section/8/Section/3/Information/0/Value/StringWithMarkup/38/Markup/1/Start,number,5
/Record/Section/8/Section/3/Information/0/Value/StringWithMarkup/38/Markup/1/Length,number,1
/Record/Section/8/Section/3/Information/0/Value/StringWithMarkup/38/Markup/1/Type,string,Superscript
/Record/Section/8/Section/3/Information/0/Value/StringWithMarkup/39/String,string,176Tan
/Record/Section/8/Section/3/Information/0/Value/StringWithMarkup/39/Markup/0/Start,number,0
/Record/Section/8/Section/3/Information/0/Value/StringWithMarkup/39/Markup/0/Length,number,3
/Record/Section/8/Section/3/Information/0/Value/StringWithMarkup/39/Markup/0/Type,string,Superscript
/Record/Section/8/Section/3/Information/0/Value/StringWithMarkup/39/Markup/1/Start,number,5
/Record/Section/8/Section/3/Information/0/Value/StringWithMarkup/39/Markup/1/Length,number,1
/Record/Section/8/Section/3/Information/0/Value/StringWithMarkup/39/Markup/1/Type,string,Superscript
/Record/Section/8/Section/3/Information/0/Value/StringWithMarkup/40/String,string,176Tap
/Record/Section/8/Section/3/Information/0/Value/StringWithMarkup/40/Markup/0/Start,number,0
/Record/Section/8/Section/3/Information/0/Value/StringWithMarkup/40/Markup/0/Length,number,3
/Record/Section/8/Section/3/Information/0/Value/StringWithMarkup/40/Markup/0/Type,string,Superscript
/Record/Section/8/Section/3/Information/0/Value/StringWithMarkup/40/Markup/1/Start,number,5
/Record/Section/8/Section/3/Information/0/Value/StringWithMarkup/40/Markup/1/Length,number,1
/Record/Section/8/Section/3/Information/0/Value/StringWithMarkup/40/Markup/1/Type,string,Superscript
/Record/Section/8/Section/3/Information/0/Value/StringWithMarkup/41/String,string,177Ta
/Record/Section/8/Section/3/Information/0/Value/StringWithMarkup/41/Markup/0/Start,number,0
/Record/Section/8/Section/3/Information/0/Value/StringWithMarkup/41/Markup/0/Length,number,3
/Record/Section/8/Section/3/Information/0/Value/StringWithMarkup/41/Markup/0/Type,string,Superscript
/Record/Section/8/Section/3/Information/0/Value/StringWithMarkup/42/String,string,177Tam
/Record/Section/8/Section/3/Information/0/Value/StringWithMarkup/42/Markup/0/Start,number,0
/Record/Section/8/Section/3/Information/0/Value/StringWithMarkup/42/Markup/0/Length,number,3
/Record/Section/8/Section/3/Information/0/Value/StringWithMarkup/42/Markup/0/Type,string,Superscript
/Record/Section/8/Section/3/Information/0/Value/StringWithMarkup/42/Markup/1/Start,number,5
/Record/Section/8/Section/3/Information/0/Value/StringWithMarkup/42/Markup/1/Length,number,1
/Record/Section/8/Section/3/Information/0/Value/StringWithMarkup/42/Markup/1/Type,string,Superscript
/Record/Section/8/Section/3/Information/0/Value/StringWithMarkup/43/String,string,177Tan
/Record/Section/8/Section/3/Information/0/Value/StringWithMarkup/43/Markup/0/Start,number,0
/Record/Section/8/Section/3/Information/0/Value/StringWithMarkup/43/Markup/0/Length,number,3
/Record/Section/8/Section/3/Information/0/Value/StringWithMarkup/43/Markup/0/Type,string,Superscript
/Record/Section/8/Section/3/Information/0/Value/StringWithMarkup/43/Markup/1/Start,number,5
/Record/Section/8/Section/3/Information/0/Value/StringWithMarkup/43/Markup/1/Length,number,1
/Record/Section/8/Section/3/Information/0/Value/StringWithMarkup/43/Markup/1/Type,string,Superscript
/Record/Section/8/Section/3/Information/0/Value/StringWithMarkup/44/String,string,177Tap
/Record/Section/8/Section/3/Information/0/Value/StringWithMarkup/44/Markup/0/Start,number,0
/Record/Section/8/Section/3/Information/0/Value/StringWithMarkup/44/Markup/0/Length,number,3
/Record/Section/8/Section/3/Information/0/Value/StringWithMarkup/44/Markup/0/Type,string,Superscript
/Record/Section/8/Section/3/Information/0/Value/StringWithMarkup/44/Markup/1/Start,number,5
/Record/Section/8/Section/3/Information/0/Value/StringWithMarkup/44/Markup/1/Length,number,1
/Record/Section/8/Section/3/Information/0/Value/StringWithMarkup/44/Markup/1/Type,string,Superscript
/Record/Section/8/Section/3/Information/0/Value/StringWithMarkup/45/String,string,177Taq
/Record/Section/8/Section/3/Information/0/Value/StringWithMarkup/45/Markup/0/Start,number,0
/Record/Section/8/Section/3/Information/0/Value/StringWithMarkup/45/Markup/0/Length,number,3
/Record/Section/8/Section/3/Information/0/Value/StringWithMarkup/45/Markup/0/Type,string,Superscript
/Record/Section/8/Section/3/Information/0/Value/StringWithMarkup/45/Markup/1/Start,number,5
/Record/Section/8/Section/3/Information/0/Value/StringWithMarkup/45/Markup/1/Length,number,1
/Record/Section/8/Section/3/Information/0/Value/StringWithMarkup/45/Markup/1/Type,string,Superscript
/Record/Section/8/Section/3/Information/0/Value/StringWithMarkup/46/String,string,178Ta
/Record/Section/8/Section/3/Information/0/Value/StringWithMarkup/46/Markup/0/Start,number,0
/Record/Section/8/Section/3/Information/0/Value/StringWithMarkup/46/Markup/0/Length,number,3
/Record/Section/8/Section/3/Information/0/Value/StringWithMarkup/46/Markup/0/Type,string,Superscript
/Record/Section/8/Section/3/Information/0/Value/StringWithMarkup/47/String,string,178Tam
/Record/Section/8/Section/3/Information/0/Value/StringWithMarkup/47/Markup/0/Start,number,0
/Record/Section/8/Section/3/Information/0/Value/StringWithMarkup/47/Markup/0/Length,number,3
/Record/Section/8/Section/3/Information/0/Value/StringWithMarkup/47/Markup/0/Type,string,Superscript
/Record/Section/8/Section/3/Information/0/Value/StringWithMarkup/47/Markup/1/Start,number,5
/Record/Section/8/Section/3/Information/0/Value/StringWithMarkup/47/Markup/1/Length,number,1
/Record/Section/8/Section/3/Information/0/Value/StringWithMarkup/47/Markup/1/Type,string,Superscript
/Record/Section/8/Section/3/Information/0/Value/StringWithMarkup/48/String,string,178Tan
/Record/Section/8/Section/3/Information/0/Value/StringWithMarkup/48/Markup/0/Start,number,0
/Record/Section/8/Section/3/Information/0/Value/StringWithMarkup/48/Markup/0/Length,number,3
/Record/Section/8/Section/3/Information/0/Value/StringWithMarkup/48/Markup/0/Type,string,Superscript
/Record/Section/8/Section/3/Information/0/Value/StringWithMarkup/48/Markup/1/Start,number,5
/Record/Section/8/Section/3/Information/0/Value/StringWithMarkup/48/Markup/1/Length,number,1
/Record/Section/8/Section/3/Information/0/Value/StringWithMarkup/48/Markup/1/Type,string,Superscript
/Record/Section/8/Section/3/Information/0/Value/StringWithMarkup/49/String,string,178Tap
/Record/Section/8/Section/3/Information/0/Value/StringWithMarkup/49/Markup/0/Start,number,0
/Record/Section/8/Section/3/Information/0/Value/StringWithMarkup/49/Markup/0/Length,number,3
/Record/Section/8/Section/3/Information/0/Value/StringWithMarkup/49/Markup/0/Type,string,Superscript
/Record/Section/8/Section/3/Information/0/Value/StringWithMarkup/49/Markup/1/Start,number,5
/Record/Section/8/Section/3/Information/0/Value/StringWithMarkup/49/Markup/1/Length,number,1
/Record/Section/8/Section/3/Information/0/Value/StringWithMarkup/49/Markup/1/Type,string,Superscript
/Record/Section/8/Section/3/Information/0/Value/StringWithMarkup/50/String,string,179Ta
/Record/Section/8/Section/3/Information/0/Value/StringWithMarkup/50/Markup/0/Start,number,0
/Record/Section/8/Section/3/Information/0/Value/StringWithMarkup/50/Markup/0/Length,number,3
/Record/Section/8/Section/3/Information/0/Value/StringWithMarkup/50/Markup/0/Type,string,Superscript
/Record/Section/8/Section/3/Information/0/Value/StringWithMarkup/51/String,string,179Tam
/Record/Section/8/Section/3/Information/0/Value/StringWithMarkup/51/Markup/0/Start,number,0
/Record/Section/8/Section/3/Information/0/Value/StringWithMarkup/51/Markup/0/Length,number,3
/Record/Section/8/Section/3/Information/0/Value/StringWithMarkup/51/Markup/0/Type,string,Superscript
/Record/Section/8/Section/3/Information/0/Value/StringWithMarkup/51/Markup/1/Start,number,5
/Record/Section/8/Section/3/Information/0/Value/StringWithMarkup/51/Markup/1/Length,number,1
/Record/Section/8/Section/3/Information/0/Value/StringWithMarkup/51/Markup/1/Type,string,Superscript
/Record/Section/8/Section/3/Information/0/Value/StringWithMarkup/52/String,string,179Tan
/Record/Section/8/Section/3/Information/0/Value/StringWithMarkup/52/Markup/0/Start,number,0
/Record/Section/8/Section/3/Information/0/Value/StringWithMarkup/52/Markup/0/Length,number,3
/Record/Section/8/Section/3/Information/0/Value/StringWithMarkup/52/Markup/0/Type,string,Superscript
/Record/Section/8/Section/3/Information/0/Value/StringWithMarkup/52/Markup/1/Start,number,5
/Record/Section/8/Section/3/Information/0/Value/StringWithMarkup/52/Markup/1/Length,number,1
/Record/Section/8/Section/3/Information/0/Value/StringWithMarkup/52/Markup/1/Type,string,Superscript
/Record/Section/8/Section/3/Information/0/Value/StringWithMarkup/53/String,string,179Tap
/Record/Section/8/Section/3/Information/0/Value/StringWithMarkup/53/Markup/0/Start,number,0
/Record/Section/8/Section/3/Information/0/Value/StringWithMarkup/53/Markup/0/Length,number,3
/Record/Section/8/Section/3/Information/0/Value/StringWithMarkup/53/Markup/0/Type,string,Superscript
/Record/Section/8/Section/3/Information/0/Value/StringWithMarkup/53/Markup/1/Start,number,5
/Record/Section/8/Section/3/Information/0/Value/StringWithMarkup/53/Markup/1/Length,number,1
/Record/Section/8/Section/3/Information/0/Value/StringWithMarkup/53/Markup/1/Type,string,Superscript
/Record/Section/8/Section/3/Information/0/Value/StringWithMarkup/54/String,string,179Taq
/Record/Section/8/Section/3/Information/0/Value/StringWithMarkup/54/Markup/0/Start,number,0
/Record/Section/8/Section/3/Information/0/Value/StringWithMarkup/54/Markup/0/Length,number,3
/Record/Section/8/Section/3/Information/0/Value/StringWithMarkup/54/Markup/0/Type,string,Superscript
/Record/Section/8/Section/3/Information/0/Value/StringWithMarkup/54/Markup/1/Start,number,5
/Record/Section/8/Section/3/Information/0/Value/StringWithMarkup/54/Markup/1/Length,number,1
/Record/Section/8/Section/3/Information/0/Value/StringWithMarkup/54/Markup/1/Type,string,Superscript
/Record/Section/8/Section/3/Information/0/Value/StringWithMarkup/55/String,string,179Tar
/Record/Section/8/Section/3/Information/0/Value/StringWithMarkup/55/Markup/0/Start,number,0
/Record/Section/8/Section/3/Information/0/Value/StringWithMarkup/55/Markup/0/Length,number,3
/Record/Section/8/Section/3/Information/0/Value/StringWithMarkup/55/Markup/0/Type,string,Superscript
/Record/Section/8/Section/3/Information/0/Value/StringWithMarkup/55/Markup/1/Start,number,5
/Record/Section/8/Section/3/Information/0/Value/StringWithMarkup/55/Markup/1/Length,number,1
/Record/Section/8/Section/3/Information/0/Value/StringWithMarkup/55/Markup/1/Type,string,Superscript
/Record/Section/8/Section/3/Information/0/Value/StringWithMarkup/56/String,string,179Tax
/Record/Section/8/Section/3/Information/0/Value/StringWithMarkup/56/Markup/0/Start,number,0
/Record/Section/8/Section/3/Information/0/Value/StringWithMarkup/56/Markup/0/Length,number,3
/Record/Section/8/Section/3/Information/0/Value/StringWithMarkup/56/Markup/0/Type,string,Superscript
/Record/Section/8/Section/3/Information/0/Value/StringWithMarkup/56/Markup/1/Start,number,5
/Record/Section/8/Section/3/Information/0/Value/StringWithMarkup/56/Markup/1/Length,number,1
/Record/Section/8/Section/3/Information/0/Value/StringWithMarkup/56/Markup/1/Type,string,Superscript
/Record/Section/8/Section/3/Information/0/Value/StringWithMarkup/57/String,string,180Ta
/Record/Section/8/Section/3/Information/0/Value/StringWithMarkup/57/Markup/0/Start,number,0
/Record/Section/8/Section/3/Information/0/Value/StringWithMarkup/57/Markup/0/Length,number,3
/Record/Section/8/Section/3/Information/0/Value/StringWithMarkup/57/Markup/0/Type,string,Superscript
/Record/Section/8/Section/3/Information/0/Value/StringWithMarkup/58/String,string,180Tam
/Record/Section/8/Section/3/Information/0/Value/StringWithMarkup/58/Markup/0/Start,number,0
/Record/Section/8/Section/3/Information/0/Value/StringWithMarkup/58/Markup/0/Length,number,3
/Record/Section/8/Section/3/Information/0/Value/StringWithMarkup/58/Markup/0/Type,string,Superscript
/Record/Section/8/Section/3/Information/0/Value/StringWithMarkup/58/Markup/1/Start,number,5
/Record/Section/8/Section/3/Information/0/Value/StringWithMarkup/58/Markup/1/Length,number,1
/Record/Section/8/Section/3/Information/0/Value/StringWithMarkup/58/Markup/1/Type,string,Superscript
/Record/Section/8/Section/3/Information/0/Value/StringWithMarkup/59/String,string,180Tan
/Record/Section/8/Section/3/Information/0/Value/StringWithMarkup/59/Markup/0/Start,number,0
/Record/Section/8/Section/3/Information/0/Value/StringWithMarkup/59/Markup/0/Length,number,3
/Record/Section/8/Section/3/Information/0/Value/StringWithMarkup/59/Markup/0/Type,string,Superscript
/Record/Section/8/Section/3/Information/0/Value/StringWithMarkup/59/Markup/1/Start,number,5
/Record/Section/8/Section/3/Information/0/Value/StringWithMarkup/59/Markup/1/Length,number,1
/Record/Section/8/Section/3/Information/0/Value/StringWithMarkup/59/Markup/1/Type,string,Superscript
/Record/Section/8/Section/3/Information/0/Value/StringWithMarkup/60/String,string,180Tap
/Record/Section/8/Section/3/Information/0/Value/StringWithMarkup/60/Markup/0/Start,number,0
/Record/Section/8/Section/3/Information/0/Value/StringWithMarkup/60/Markup/0/Length,number,3
/Record/Section/8/Section/3/Information/0/Value/StringWithMarkup/60/Markup/0/Type,string,Superscript
/Record/Section/8/Section/3/Information/0/Value/StringWithMarkup/60/Markup/1/Start,number,5
/Record/Section/8/Section/3/Information/0/Value/StringWithMarkup/60/Markup/1/Length,number,1
/Record/Section/8/Section/3/Information/0/Value/StringWithMarkup/60/Markup/1/Type,string,Superscript
/Record/Section/8/Section/3/Information/0/Value/StringWithMarkup/61/String,string,180Taq
/Record/Section/8/Section/3/Information/0/Value/StringWithMarkup/61/Markup/0/Start,number,0
/Record/Section/8/Section/3/Information/0/Value/StringWithMarkup/61/Markup/0/Length,number,3
/Record/Section/8/Section/3/Information/0/Value/StringWithMarkup/61/Markup/0/Type,string,Superscript
/Record/Section/8/Section/3/Information/0/Value/StringWithMarkup/61/Markup/1/Start,number,5
/Record/Section/8/Section/3/Information/0/Value/StringWithMarkup/61/Markup/1/Length,number,1
/Record/Section/8/Section/3/Information/0/Value/StringWithMarkup/61/Markup/1/Type,string,Superscript
/Record/Section/8/Section/3/Information/0/Value/StringWithMarkup/62/String,string,181Ta
/Record/Section/8/Section/3/Information/0/Value/StringWithMarkup/62/Markup/0/Start,number,0
/Record/Section/8/Section/3/Information/0/Value/StringWithMarkup/62/Markup/0/Length,number,3
/Record/Section/8/Section/3/Information/0/Value/StringWithMarkup/62/Markup/0/Type,string,Superscript
/Record/Section/8/Section/3/Information/0/Value/StringWithMarkup/63/String,string,181Tam
/Record/Section/8/Section/3/Information/0/Value/StringWithMarkup/63/Markup/0/Start,number,0
/Record/Section/8/Section/3/Information/0/Value/StringWithMarkup/63/Markup/0/Length,number,3
/Record/Section/8/Section/3/Information/0/Value/StringWithMarkup/63/Markup/0/Type,string,Superscript
/Record/Section/8/Section/3/Information/0/Value/StringWithMarkup/63/Markup/1/Start,number,5
/Record/Section/8/Section/3/Information/0/Value/StringWithMarkup/63/Markup/1/Length,number,1
/Record/Section/8/Section/3/Information/0/Value/StringWithMarkup/63/Markup/1/Type,string,Superscript
/Record/Section/8/Section/3/Information/0/Value/StringWithMarkup/64/String,string,181Tan
/Record/Section/8/Section/3/Information/0/Value/StringWithMarkup/64/Markup/0/Start,number,0
/Record/Section/8/Section/3/Information/0/Value/StringWithMarkup/64/Markup/0/Length,number,3
/Record/Section/8/Section/3/Information/0/Value/StringWithMarkup/64/Markup/0/Type,string,Superscript
/Record/Section/8/Section/3/Information/0/Value/StringWithMarkup/64/Markup/1/Start,number,5
/Record/Section/8/Section/3/Information/0/Value/StringWithMarkup/64/Markup/1/Length,number,1
/Record/Section/8/Section/3/Information/0/Value/StringWithMarkup/64/Markup/1/Type,string,Superscript
/Record/Section/8/Section/3/Information/0/Value/StringWithMarkup/65/String,string,181Tap
/Record/Section/8/Section/3/Information/0/Value/StringWithMarkup/65/Markup/0/Start,number,0
/Record/Section/8/Section/3/Information/0/Value/StringWithMarkup/65/Markup/0/Length,number,3
/Record/Section/8/Section/3/Information/0/Value/StringWithMarkup/65/Markup/0/Type,string,Superscript
/Record/Section/8/Section/3/Information/0/Value/StringWithMarkup/65/Markup/1/Start,number,5
/Record/Section/8/Section/3/Information/0/Value/StringWithMarkup/65/Markup/1/Length,number,1
/Record/Section/8/Section/3/Information/0/Value/StringWithMarkup/65/Markup/1/Type,string,Superscript
/Record/Section/8/Section/3/Information/0/Value/StringWithMarkup/66/String,string,181Taq
/Record/Section/8/Section/3/Information/0/Value/StringWithMarkup/66/Markup/0/Start,number,0
/Record/Section/8/Section/3/Information/0/Value/StringWithMarkup/66/Markup/0/Length,number,3
/Record/Section/8/Section/3/Information/0/Value/StringWithMarkup/66/Markup/0/Type,string,Superscript
/Record/Section/8/Section/3/Information/0/Value/StringWithMarkup/66/Markup/1/Start,number,5
/Record/Section/8/Section/3/Information/0/Value/StringWithMarkup/66/Markup/1/Length,number,1
/Record/Section/8/Section/3/Information/0/Value/StringWithMarkup/66/Markup/1/Type,string,Superscript
/Record/Section/8/Section/3/Information/0/Value/StringWithMarkup/67/String,string,181Tar
/Record/Section/8/Section/3/Information/0/Value/StringWithMarkup/67/Markup/0/Start,number,0
/Record/Section/8/Section/3/Information/0/Value/StringWithMarkup/67/Markup/0/Length,number,3
/Record/Section/8/Section/3/Information/0/Value/StringWithMarkup/67/Markup/0/Type,string,Superscript
/Record/Section/8/Section/3/Information/0/Value/StringWithMarkup/67/Markup/1/Start,number,5
/Record/Section/8/Section/3/Information/0/Value/StringWithMarkup/67/Markup/1/Length,number,1
/Record/Section/8/Section/3/Information/0/Value/StringWithMarkup/67/Markup/1/Type,string,Superscript
/Record/Section/8/Section/3/Information/0/Value/StringWithMarkup/68/String,string,182Ta
/Record/Section/8/Section/3/Information/0/Value/StringWithMarkup/68/Markup/0/Start,number,0
/Record/Section/8/Section/3/Information/0/Value/StringWithMarkup/68/Markup/0/Length,number,3
/Record/Section/8/Section/3/Information/0/Value/StringWithMarkup/68/Markup/0/Type,string,Superscript
/Record/Section/8/Section/3/Information/0/Value/StringWithMarkup/69/String,string,182Tam
/Record/Section/8/Section/3/Information/0/Value/StringWithMarkup/69/Markup/0/Start,number,0
/Record/Section/8/Section/3/Information/0/Value/StringWithMarkup/69/Markup/0/Length,number,3
/Record/Section/8/Section/3/Information/0/Value/StringWithMarkup/69/Markup/0/Type,string,Superscript
/Record/Section/8/Section/3/Information/0/Value/StringWithMarkup/69/Markup/1/Start,number,5
/Record/Section/8/Section/3/Information/0/Value/StringWithMarkup/69/Markup/1/Length,number,1
/Record/Section/8/Section/3/Information/0/Value/StringWithMarkup/69/Markup/1/Type,string,Superscript
/Record/Section/8/Section/3/Information/0/Value/StringWithMarkup/70/String,string,182Tan
/Record/Section/8/Section/3/Information/0/Value/StringWithMarkup/70/Markup/0/Start,number,0
/Record/Section/8/Section/3/Information/0/Value/StringWithMarkup/70/Markup/0/Length,number,3
/Record/Section/8/Section/3/Information/0/Value/StringWithMarkup/70/Markup/0/Type,string,Superscript
/Record/Section/8/Section/3/Information/0/Value/StringWithMarkup/70/Markup/1/Start,number,5
/Record/Section/8/Section/3/Information/0/Value/StringWithMarkup/70/Markup/1/Length,number,1
/Record/Section/8/Section/3/Information/0/Value/StringWithMarkup/70/Markup/1/Type,string,Superscript
/Record/Section/8/Section/3/Information/0/Value/StringWithMarkup/71/String,string,183Ta
/Record/Section/8/Section/3/Information/0/Value/StringWithMarkup/71/Markup/0/Start,number,0
/Record/Section/8/Section/3/Information/0/Value/StringWithMarkup/71/Markup/0/Length,number,3
/Record/Section/8/Section/3/Information/0/Value/StringWithMarkup/71/Markup/0/Type,string,Superscript
/Record/Section/8/Section/3/Information/0/Value/StringWithMarkup/72/String,string,183Tam
/Record/Section/8/Section/3/Information/0/Value/StringWithMarkup/72/Markup/0/Start,number,0
/Record/Section/8/Section/3/Information/0/Value/StringWithMarkup/72/Markup/0/Length,number,3
/Record/Section/8/Section/3/Information/0/Value/StringWithMarkup/72/Markup/0/Type,string,Superscript
/Record/Section/8/Section/3/Information/0/Value/StringWithMarkup/72/Markup/1/Start,number,5
/Record/Section/8/Section/3/Information/0/Value/StringWithMarkup/72/Markup/1/Length,number,1
/Record/Section/8/Section/3/Information/0/Value/StringWithMarkup/72/Markup/1/Type,string,Superscript
/Record/Section/8/Section/3/Information/0/Value/StringWithMarkup/73/String,string,183Tan
/Record/Section/8/Section/3/Information/0/Value/StringWithMarkup/73/Markup/0/Start,number,0
/Record/Section/8/Section/3/Information/0/Value/StringWithMarkup/73/Markup/0/Length,number,3
/Record/Section/8/Section/3/Information/0/Value/StringWithMarkup/73/Markup/0/Type,string,Superscript
/Record/Section/8/Section/3/Information/0/Value/StringWithMarkup/73/Markup/1/Start,number,5
/Record/Section/8/Section/3/Information/0/Value/StringWithMarkup/73/Markup/1/Length,number,1
/Record/Section/8/Section/3/Information/0/Value/StringWithMarkup/73/Markup/1/Type,string,Superscript
/Record/Section/8/Section/3/Information/0/Value/StringWithMarkup/74/String,string,184Ta
/Record/Section/8/Section/3/Information/0/Value/StringWithMarkup/74/Markup/0/Start,number,0
/Record/Section/8/Section/3/Information/0/Value/StringWithMarkup/74/Markup/0/Length,number,3
/Record/Section/8/Section/3/Information/0/Value/StringWithMarkup/74/Markup/0/Type,string,Superscript
/Record/Section/8/Section/3/Information/0/Value/StringWithMarkup/75/String,string,185Ta
/Record/Section/8/Section/3/Information/0/Value/StringWithMarkup/75/Markup/0/Start,number,0
/Record/Section/8/Section/3/Information/0/Value/StringWithMarkup/75/Markup/0/Length,number,3
/Record/Section/8/Section/3/Information/0/Value/StringWithMarkup/75/Markup/0/Type,string,Superscript
/Record/Section/8/Section/3/Information/0/Value/StringWithMarkup/76/String,string,185Tam
/Record/Section/8/Section/3/Information/0/Value/StringWithMarkup/76/Markup/0/Start,number,0
/Record/Section/8/Section/3/Information/0/Value/StringWithMarkup/76/Markup/0/Length,number,3
/Record/Section/8/Section/3/Information/0/Value/StringWithMarkup/76/Markup/0/Type,string,Superscript
/Record/Section/8/Section/3/Information/0/Value/StringWithMarkup/76/Markup/1/Start,number,5
/Record/Section/8/Section/3/Information/0/Value/StringWithMarkup/76/Markup/1/Length,number,1
/Record/Section/8/Section/3/Information/0/Value/StringWithMarkup/76/Markup/1/Type,string,Superscript
/Record/Section/8/Section/3/Information/0/Value/StringWithMarkup/77/String,string,185Tan
/Record/Section/8/Section/3/Information/0/Value/StringWithMarkup/77/Markup/0/Start,number,0
/Record/Section/8/Section/3/Information/0/Value/StringWithMarkup/77/Markup/0/Length,number,3
/Record/Section/8/Section/3/Information/0/Value/StringWithMarkup/77/Markup/0/Type,string,Superscript
/Record/Section/8/Section/3/Information/0/Value/StringWithMarkup/77/Markup/1/Start,number,5
/Record/Section/8/Section/3/Information/0/Value/StringWithMarkup/77/Markup/1/Length,number,1
/Record/Section/8/Section/3/Information/0/Value/StringWithMarkup/77/Markup/1/Type,string,Superscript
/Record/Section/8/Section/3/Information/0/Value/StringWithMarkup/78/String,string,186Ta
/Record/Section/8/Section/3/Information/0/Value/StringWithMarkup/78/Markup/0/Start,number,0
/Record/Section/8/Section/3/Information/0/Value/StringWithMarkup/78/Markup/0/Length,number,3
/Record/Section/8/Section/3/Information/0/Value/StringWithMarkup/78/Markup/0/Type,string,Superscript
/Record/Section/8/Section/3/Information/0/Value/StringWithMarkup/79/String,string,186Tam
/Record/Section/8/Section/3/Information/0/Value/StringWithMarkup/79/Markup/0/Start,number,0
/Record/Section/8/Section/3/Information/0/Value/StringWithMarkup/79/Markup/0/Length,number,3
/Record/Section/8/Section/3/Information/0/Value/StringWithMarkup/79/Markup/0/Type,string,Superscript
/Record/Section/8/Section/3/Information/0/Value/StringWithMarkup/79/Markup/1/Start,number,5
/Record/Section/8/Section/3/Information/0/Value/StringWithMarkup/79/Markup/1/Length,number,1
/Record/Section/8/Section/3/Information/0/Value/StringWithMarkup/79/Markup/1/Type,string,Superscript
/Record/Section/8/Section/3/Information/0/Value/StringWithMarkup/80/String,string,187Ta
/Record/Section/8/Section/3/Information/0/Value/StringWithMarkup/80/Markup/0/Start,number,0
/Record/Section/8/Section/3/Information/0/Value/StringWithMarkup/80/Markup/0/Length,number,3
/Record/Section/8/Section/3/Information/0/Value/StringWithMarkup/80/Markup/0/Type,string,Superscript
/Record/Section/8/Section/3/Information/0/Value/StringWithMarkup/81/String,string,187Tam
/Record/Section/8/Section/3/Information/0/Value/StringWithMarkup/81/Markup/0/Start,number,0
/Record/Section/8/Section/3/Information/0/Value/StringWithMarkup/81/Markup/0/Length,number,3
/Record/Section/8/Section/3/Information/0/Value/StringWithMarkup/81/Markup/0/Type,string,Superscript
/Record/Section/8/Section/3/Information/0/Value/StringWithMarkup/81/Markup/1/Start,number,5
/Record/Section/8/Section/3/Information/0/Value/StringWithMarkup/81/Markup/1/Length,number,1
/Record/Section/8/Section/3/Information/0/Value/StringWithMarkup/81/Markup/1/Type,string,Superscript
/Record/Section/8/Section/3/Information/0/Value/StringWithMarkup/82/String,string,187Tan
/Record/Section/8/Section/3/Information/0/Value/StringWithMarkup/82/Markup/0/Start,number,0
/Record/Section/8/Section/3/Information/0/Value/StringWithMarkup/82/Markup/0/Length,number,3
/Record/Section/8/Section/3/Information/0/Value/StringWithMarkup/82/Markup/0/Type,string,Superscript
/Record/Section/8/Section/3/Information/0/Value/StringWithMarkup/82/Markup/1/Start,number,5
/Record/Section/8/Section/3/Information/0/Value/StringWithMarkup/82/Markup/1/Length,number,1
/Record/Section/8/Section/3/Information/0/Value/StringWithMarkup/82/Markup/1/Type,string,Superscript
/Record/Section/8/Section/3/Information/0/Value/StringWithMarkup/83/String,string,188Ta
/Record/Section/8/Section/3/Information/0/Value/StringWithMarkup/83/Markup/0/Start,number,0
/Record/Section/8/Section/3/Information/0/Value/StringWithMarkup/83/Markup/0/Length,number,3
/Record/Section/8/Section/3/Information/0/Value/StringWithMarkup/83/Markup/0/Type,string,Superscript
/Record/Section/8/Section/3/Information/0/Value/StringWithMarkup/84/String,string,188Tam
/Record/Section/8/Section/3/Information/0/Value/StringWithMarkup/84/Markup/0/Start,number,0
/Record/Section/8/Section/3/Information/0/Value/StringWithMarkup/84/Markup/0/Length,number,3
/Record/Section/8/Section/3/Information/0/Value/StringWithMarkup/84/Markup/0/Type,string,Superscript
/Record/Section/8/Section/3/Information/0/Value/StringWithMarkup/84/Markup/1/Start,number,5
/Record/Section/8/Section/3/Information/0/Value/StringWithMarkup/84/Markup/1/Length,number,1
/Record/Section/8/Section/3/Information/0/Value/StringWithMarkup/84/Markup/1/Type,string,Superscript
/Record/Section/8/Section/3/Information/0/Value/StringWithMarkup/85/String,string,188Tan
/Record/Section/8/Section/3/Information/0/Value/StringWithMarkup/85/Markup/0/Start,number,0
/Record/Section/8/Section/3/Information/0/Value/StringWithMarkup/85/Markup/0/Length,number,3
/Record/Section/8/Section/3/Information/0/Value/StringWithMarkup/85/Markup/0/Type,string,Superscript
/Record/Section/8/Section/3/Information/0/Value/StringWithMarkup/85/Markup/1/Start,number,5
/Record/Section/8/Section/3/Information/0/Value/StringWithMarkup/85/Markup/1/Length,number,1
/Record/Section/8/Section/3/Information/0/Value/StringWithMarkup/85/Markup/1/Type,string,Superscript
/Record/Section/8/Section/3/Information/0/Value/StringWithMarkup/86/String,string,189Ta
/Record/Section/8/Section/3/Information/0/Value/StringWithMarkup/86/Markup/0/Start,number,0
/Record/Section/8/Section/3/Information/0/Value/StringWithMarkup/86/Markup/0/Length,number,3
/Record/Section/8/Section/3/Information/0/Value/StringWithMarkup/86/Markup/0/Type,string,Superscript
/Record/Section/8/Section/3/Information/0/Value/StringWithMarkup/87/String,string,189Tam
/Record/Section/8/Section/3/Information/0/Value/StringWithMarkup/87/Markup/0/Start,number,0
/Record/Section/8/Section/3/Information/0/Value/StringWithMarkup/87/Markup/0/Length,number,3
/Record/Section/8/Section/3/Information/0/Value/StringWithMarkup/87/Markup/0/Type,string,Superscript
/Record/Section/8/Section/3/Information/0/Value/StringWithMarkup/87/Markup/1/Start,number,5
/Record/Section/8/Section/3/Information/0/Value/StringWithMarkup/87/Markup/1/Length,number,1
/Record/Section/8/Section/3/Information/0/Value/StringWithMarkup/87/Markup/1/Type,string,Superscript
/Record/Section/8/Section/3/Information/0/Value/StringWithMarkup/88/String,string,190Ta
/Record/Section/8/Section/3/Information/0/Value/StringWithMarkup/88/Markup/0/Start,number,0
/Record/Section/8/Section/3/Information/0/Value/StringWithMarkup/88/Markup/0/Length,number,3
/Record/Section/8/Section/3/Information/0/Value/StringWithMarkup/88/Markup/0/Type,string,Superscript
/Record/Section/8/Section/3/Information/0/Value/StringWithMarkup/89/String,string,191Ta
/Record/Section/8/Section/3/Information/0/Value/StringWithMarkup/89/Markup/0/Start,number,0
/Record/Section/8/Section/3/Information/0/Value/StringWithMarkup/89/Markup/0/Length,number,3
/Record/Section/8/Section/3/Information/0/Value/StringWithMarkup/89/Markup/0/Type,string,Superscript
/Record/Section/8/Section/3/Information/0/Value/StringWithMarkup/90/String,string,192Ta
/Record/Section/8/Section/3/Information/0/Value/StringWithMarkup/90/Markup/0/Start,number,0
/Record/Section/8/Section/3/Information/0/Value/StringWithMarkup/90/Markup/0/Length,number,3
/Record/Section/8/Section/3/Information/0/Value/StringWithMarkup/90/Markup/0/Type,string,Superscript
/Record/Section/8/Section/3/Information/0/Value/StringWithMarkup/91/String,string,193Ta
/Record/Section/8/Section/3/Information/0/Value/StringWithMarkup/91/Markup/0/Start,number,0
/Record/Section/8/Section/3/Information/0/Value/StringWithMarkup/91/Markup/0/Length,number,3
/Record/Section/8/Section/3/Information/0/Value/StringWithMarkup/91/Markup/0/Type,string,Superscript
/Record/Section/8/Section/3/Information/0/Value/StringWithMarkup/92/String,string,194Ta
/Record/Section/8/Section/3/Information/0/Value/StringWithMarkup/92/Markup/0/Start,number,0
/Record/Section/8/Section/3/Information/0/Value/StringWithMarkup/92/Markup/0/Length,number,3
/Record/Section/8/Section/3/Information/0/Value/StringWithMarkup/92/Markup/0/Type,string,Superscript
/Record/Section/8/Section/3/Information/1/ReferenceNumber,number,2
/Record/Section/8/Section/3/Information/1/Name,string,Atomic Mass and Uncertainty [u]
/Record/Section/8/Section/3/Information/1/Value/StringWithMarkup/0/String,string,154.974248 ± 0.000322 [Estimated]
/Record/Section/8/Section/3/Information/1/Value/StringWithMarkup/1/String,string,155.972087 ± 0.000322 [Estimated]
/Record/Section/8/Section/3/Information/1/Value/StringWithMarkup/2/String,string,155.972087 ± 0.000322 [Estimated]
/Record/Section/8/Section/3/Information/1/Value/StringWithMarkup/3/String,string,156.968227445 ± 0.000161087
/Record/Section/8/Section/3/Information/1/Value/StringWithMarkup/4/String,string,156.968227445 ± 0.000161087
/Record/Section/8/Section/3/Information/1/Value/StringWithMarkup/5/String,string,156.968227445 ± 0.000161087
/Record/Section/8/Section/3/Information/1/Value/StringWithMarkup/6/String,string,157.966593 ± 0.000215 [Estimated]
/Record/Section/8/Section/3/Information/1/Value/StringWithMarkup/7/String,string,157.966593 ± 0.000215 [Estimated]
/Record/Section/8/Section/3/Information/1/Value/StringWithMarkup/8/String,string,157.966593 ± 0.000215 [Estimated]
/Record/Section/8/Section/3/Information/1/Value/StringWithMarkup/9/String,string,158.963028046 ± 0.000021137
/Record/Section/8/Section/3/Information/1/Value/StringWithMarkup/10/String,string,158.963028046 ± 0.000021137
/Record/Section/8/Section/3/Information/1/Value/StringWithMarkup/11/String,string,159.961541678 ± 0.00005831
/Record/Section/8/Section/3/Information/1/Value/StringWithMarkup/12/String,string,159.961541678 ± 0.00005831
/Record/Section/8/Section/3/Information/1/Value/StringWithMarkup/13/String,string,160.958369489 ± 0.000026174
/Record/Section/8/Section/3/Information/1/Value/StringWithMarkup/14/String,string,160.958369489 ± 0.000026174
/Record/Section/8/Section/3/Information/1/Value/StringWithMarkup/15/String,string,161.957292907 ± 0.000067979
/Record/Section/8/Section/3/Information/1/Value/StringWithMarkup/16/String,string,161.957292907 ± 0.000067979
/Record/Section/8/Section/3/Information/1/Value/StringWithMarkup/17/String,string,162.954337194 ± 0.00004086
/Record/Section/8/Section/3/Information/1/Value/StringWithMarkup/18/String,string,162.954337194 ± 0.00004086
/Record/Section/8/Section/3/Information/1/Value/StringWithMarkup/19/String,string,163.953534000 ± 0.00003
/Record/Section/8/Section/3/Information/1/Value/StringWithMarkup/20/String,string,164.950780287 ± 0.000014571
/Record/Section/8/Section/3/Information/1/Value/StringWithMarkup/21/String,string,164.950780287 ± 0.000014571
/Record/Section/8/Section/3/Information/1/Value/StringWithMarkup/22/String,string,165.950512000 ± 0.00003
/Record/Section/8/Section/3/Information/1/Value/StringWithMarkup/23/String,string,166.948093000 ± 0.00003
/Record/Section/8/Section/3/Information/1/Value/StringWithMarkup/24/String,string,167.948047000 ± 0.00003
/Record/Section/8/Section/3/Information/1/Value/StringWithMarkup/25/String,string,168.946011000 ± 0.00003
/Record/Section/8/Section/3/Information/1/Value/StringWithMarkup/26/String,string,169.946175000 ± 0.00003
/Record/Section/8/Section/3/Information/1/Value/StringWithMarkup/27/String,string,170.944476000 ± 0.00003
/Record/Section/8/Section/3/Information/1/Value/StringWithMarkup/28/String,string,171.944895000 ± 0.00003
/Record/Section/8/Section/3/Information/1/Value/StringWithMarkup/29/String,string,172.943750000 ± 0.00003
/Record/Section/8/Section/3/Information/1/Value/StringWithMarkup/30/String,string,172.943750000 ± 0.00003
/Record/Section/8/Section/3/Information/1/Value/StringWithMarkup/31/String,string,172.943750000 ± 0.00003
/Record/Section/8/Section/3/Information/1/Value/StringWithMarkup/32/String,string,173.944454000 ± 0.00003
/Record/Section/8/Section/3/Information/1/Value/StringWithMarkup/33/String,string,174.943737000 ± 0.00003
/Record/Section/8/Section/3/Information/1/Value/StringWithMarkup/34/String,string,174.943737000 ± 0.00003
/Record/Section/8/Section/3/Information/1/Value/StringWithMarkup/35/String,string,174.943737000 ± 0.00003
/Record/Section/8/Section/3/Information/1/Value/StringWithMarkup/36/String,string,174.943737000 ± 0.00003
/Record/Section/8/Section/3/Information/1/Value/StringWithMarkup/37/String,string,175.944857000 ± 0.000033
/Record/Section/8/Section/3/Information/1/Value/StringWithMarkup/38/String,string,175.944857000 ± 0.000033
/Record/Section/8/Section/3/Information/1/Value/StringWithMarkup/39/String,string,175.944857000 ± 0.000033
/Record/Section/8/Section/3/Information/1/Value/StringWithMarkup/40/String,string,175.944857000 ± 0.000033
/Record/Section/8/Section/3/Information/1/Value/StringWithMarkup/41/String,string,176.944481940 ± 0.000003558
/Record/Section/8/Section/3/Information/1/Value/StringWithMarkup/42/String,string,176.944481940 ± 0.000003558
/Record/Section/8/Section/3/Information/1/Value/StringWithMarkup/43/String,string,176.944481940 ± 0.000003558
/Record/Section/8/Section/3/Information/1/Value/StringWithMarkup/44/String,string,176.944481940 ± 0.000003558
/Record/Section/8/Section/3/Information/1/Value/StringWithMarkup/45/String,string,176.944481940 ± 0.000003558
/Record/Section/8/Section/3/Information/1/Value/StringWithMarkup/46/String,string,177.945680 ± 0.000056 [Estimated]
/Record/Section/8/Section/3/Information/1/Value/StringWithMarkup/47/String,string,177.945680 ± 0.000056 [Estimated]
/Record/Section/8/Section/3/Information/1/Value/StringWithMarkup/48/String,string,177.945680 ± 0.000056 [Estimated]
/Record/Section/8/Section/3/Information/1/Value/StringWithMarkup/49/String,string,177.945680 ± 0.000056 [Estimated]
/Record/Section/8/Section/3/Information/1/Value/StringWithMarkup/50/String,string,178.945939050 ± 0.000001574
/Record/Section/8/Section/3/Information/1/Value/StringWithMarkup/51/String,string,178.945939050 ± 0.000001574
/Record/Section/8/Section/3/Information/1/Value/StringWithMarkup/52/String,string,178.945939050 ± 0.000001574
/Record/Section/8/Section/3/Information/1/Value/StringWithMarkup/53/String,string,178.945939050 ± 0.000001574
/Record/Section/8/Section/3/Information/1/Value/StringWithMarkup/54/String,string,178.945939050 ± 0.000001574
/Record/Section/8/Section/3/Information/1/Value/StringWithMarkup/55/String,string,178.945939050 ± 0.000001574
/Record/Section/8/Section/3/Information/1/Value/StringWithMarkup/56/String,string,178.945939050 ± 0.000001574
/Record/Section/8/Section/3/Information/1/Value/StringWithMarkup/57/String,string,179.947467589 ± 0.000002219
/Record/Section/8/Section/3/Information/1/Value/StringWithMarkup/58/String,string,179.947467589 ± 0.000002219
/Record/Section/8/Section/3/Information/1/Value/StringWithMarkup/59/String,string,179.947467589 ± 0.000002219
/Record/Section/8/Section/3/Information/1/Value/StringWithMarkup/60/String,string,179.947467589 ± 0.000002219
/Record/Section/8/Section/3/Information/1/Value/StringWithMarkup/61/String,string,179.947467589 ± 0.000002219
/Record/Section/8/Section/3/Information/1/Value/StringWithMarkup/62/String,string,180.947998528 ± 0.000001692
/Record/Section/8/Section/3/Information/1/Value/StringWithMarkup/63/String,string,180.947998528 ± 0.000001692
/Record/Section/8/Section/3/Information/1/Value/StringWithMarkup/64/String,string,180.947998528 ± 0.000001692
/Record/Section/8/Section/3/Information/1/Value/StringWithMarkup/65/String,string,180.947998528 ± 0.000001692
/Record/Section/8/Section/3/Information/1/Value/StringWithMarkup/66/String,string,180.947998528 ± 0.000001692
/Record/Section/8/Section/3/Information/1/Value/StringWithMarkup/67/String,string,180.947998528 ± 0.000001692
/Record/Section/8/Section/3/Information/1/Value/StringWithMarkup/68/String,string,181.950154612 ± 0.000001693
/Record/Section/8/Section/3/Information/1/Value/StringWithMarkup/69/String,string,181.950154612 ± 0.000001693
/Record/Section/8/Section/3/Information/1/Value/StringWithMarkup/70/String,string,181.950154612 ± 0.000001693
/Record/Section/8/Section/3/Information/1/Value/StringWithMarkup/71/String,string,182.951375380 ± 0.000001707
/Record/Section/8/Section/3/Information/1/Value/StringWithMarkup/72/String,string,182.951375380 ± 0.000001707
/Record/Section/8/Section/3/Information/1/Value/StringWithMarkup/73/String,string,182.951375380 ± 0.000001707
/Record/Section/8/Section/3/Information/1/Value/StringWithMarkup/74/String,string,183.954009958 ± 0.000027923
/Record/Section/8/Section/3/Information/1/Value/StringWithMarkup/75/String,string,184.955561317 ± 0.000015202
/Record/Section/8/Section/3/Information/1/Value/StringWithMarkup/76/String,string,184.955561317 ± 0.000015202
/Record/Section/8/Section/3/Information/1/Value/StringWithMarkup/77/String,string,184.955561317 ± 0.000015202
/Record/Section/8/Section/3/Information/1/Value/StringWithMarkup/78/String,string,185.958553036 ± 0.000064425
/Record/Section/8/Section/3/Information/1/Value/StringWithMarkup/79/String,string,185.958553036 ± 0.000064425
/Record/Section/8/Section/3/Information/1/Value/StringWithMarkup/80/String,string,186.960391000 ± 0.00006
/Record/Section/8/Section/3/Information/1/Value/StringWithMarkup/81/String,string,186.960391000 ± 0.00006
/Record/Section/8/Section/3/Information/1/Value/StringWithMarkup/82/String,string,186.960391000 ± 0.00006
/Record/Section/8/Section/3/Information/1/Value/StringWithMarkup/83/String,string,187.963596 ± 0.000215 [Estimated]
/Record/Section/8/Section/3/Information/1/Value/StringWithMarkup/84/String,string,187.963596 ± 0.000215 [Estimated]
/Record/Section/8/Section/3/Information/1/Value/StringWithMarkup/85/String,string,187.963596 ± 0.000215 [Estimated]
/Record/Section/8/Section/3/Information/1/Value/StringWithMarkup/86/String,string,188.965690 ± 0.000215 [Estimated]
/Record/Section/8/Section/3/Information/1/Value/StringWithMarkup/87/String,string,188.965690 ± 0.000215 [Estimated]
/Record/Section/8/Section/3/Information/1/Value/StringWithMarkup/88/String,string,189.969168 ± 0.000215 [Estimated]
/Record/Section/8/Section/3/Information/1/Value/StringWithMarkup/89/String,string,190.971530 ± 0.000322 [Estimated]
/Record/Section/8/Section/3/Information/1/Value/StringWithMarkup/90/String,string,191.975201 ± 0.000429 [Estimated]
/Record/Section/8/Section/3/Information/1/Value/StringWithMarkup/91/String,string,192.977660 ± 0.000429 [Estimated]
/Record/Section/8/Section/3/Information/1/Value/StringWithMarkup/92/String,string,193.981610 ± 0.000537 [Estimated]
/Record/Section/8/Section/3/Information/2/ReferenceNumber,number,2
/Record/Section/8/Section/3/Information/2/Name,string,Half Life and Uncertainty
/Record/Section/8/Section/3/Information/2/Value/StringWithMarkup/0/String,string,3.2 ms ± 1.3
/Record/Section/8/Section/3/Information/2/Value/StringWithMarkup/1/String,string,106 ms ± 4
/Record/Section/8/Section/3/Information/2/Value/StringWithMarkup/2/String,string,360 ms ± 40
/Record/Section/8/Section/3/Information/2/Value/StringWithMarkup/3/String,string,10.1 ms ± 0.4
/Record/Section/8/Section/3/Information/2/Value/StringWithMarkup/4/String,string,4.3 ms ± 0.1
/Record/Section/8/Section/3/Information/2/Value/StringWithMarkup/5/String,string,1.7 ms ± 0.1
/Record/Section/8/Section/3/Information/2/Value/StringWithMarkup/6/String,string,49 ms ± 4
/Record/Section/8/Section/3/Information/2/Value/StringWithMarkup/7/String,string,36.0 ms ± 0.8
/Record/Section/8/Section/3/Information/2/Value/StringWithMarkup/8/String,string,6.1 us ± 0.1
/Record/Section/8/Section/3/Information/2/Value/StringWithMarkup/9/String,string,1.04 s ± 0.09
/Record/Section/8/Section/3/Information/2/Value/StringWithMarkup/10/String,string,560 ms ± 60
/Record/Section/8/Section/3/Information/2/Value/StringWithMarkup/11/String,string,1.70 s ± 0.20
/Record/Section/8/Section/3/Information/2/Value/StringWithMarkup/12/String,string,1.55 s ± 0.04
/Record/Section/8/Section/3/Information/2/Value/StringWithMarkup/13/String,string,3 s [Estimated]
/Record/Section/8/Section/3/Information/2/Value/StringWithMarkup/14/String,string,3.08 s ± 0.11
/Record/Section/8/Section/3/Information/2/Value/StringWithMarkup/15/String,string,3.57 s ± 0.12
/Record/Section/8/Section/3/Information/2/Value/StringWithMarkup/16/String,string,5 s [Estimated]
/Record/Section/8/Section/3/Information/2/Value/StringWithMarkup/17/String,string,10.6 s ± 1.8
/Record/Section/8/Section/3/Information/2/Value/StringWithMarkup/18/String,string,10 s [Estimated]
/Record/Section/8/Section/3/Information/2/Value/StringWithMarkup/19/String,string,14.2 s ± 0.3
/Record/Section/8/Section/3/Information/2/Value/StringWithMarkup/20/String,string,31.0 s ± 1.5
/Record/Section/8/Section/3/Information/2/Value/StringWithMarkup/21/String,string,30 s [Estimated]
/Record/Section/8/Section/3/Information/2/Value/StringWithMarkup/22/String,string,34.4 s ± 0.5
/Record/Section/8/Section/3/Information/2/Value/StringWithMarkup/23/String,string,1.33 m ± 0.07
/Record/Section/8/Section/3/Information/2/Value/StringWithMarkup/24/String,string,2.0 m ± 0.1
/Record/Section/8/Section/3/Information/2/Value/StringWithMarkup/25/String,string,4.9 m ± 0.4
/Record/Section/8/Section/3/Information/2/Value/StringWithMarkup/26/String,string,6.76 m ± 0.06
/Record/Section/8/Section/3/Information/2/Value/StringWithMarkup/27/String,string,23.3 m ± 0.3
/Record/Section/8/Section/3/Information/2/Value/StringWithMarkup/28/String,string,36.8 m ± 0.3
/Record/Section/8/Section/3/Information/2/Value/StringWithMarkup/29/String,string,3.14 h ± 0.13
/Record/Section/8/Section/3/Information/2/Value/StringWithMarkup/30/String,string,205.2 ns ± 5.6
/Record/Section/8/Section/3/Information/2/Value/StringWithMarkup/31/String,string,132 ns ± 3
/Record/Section/8/Section/3/Information/2/Value/StringWithMarkup/32/String,string,1.14 h ± 0.08
/Record/Section/8/Section/3/Information/2/Value/StringWithMarkup/33/String,string,10.5 h ± 0.2
/Record/Section/8/Section/3/Information/2/Value/StringWithMarkup/34/String,string,222 ns ± 8
/Record/Section/8/Section/3/Information/2/Value/StringWithMarkup/35/String,string,170 ns ± 20
/Record/Section/8/Section/3/Information/2/Value/StringWithMarkup/36/String,string,1.95 us ± 0.15
/Record/Section/8/Section/3/Information/2/Value/StringWithMarkup/37/String,string,8.09 h ± 0.05
/Record/Section/8/Section/3/Information/2/Value/StringWithMarkup/38/String,string,1.08 ms ± 0.07
/Record/Section/8/Section/3/Information/2/Value/StringWithMarkup/39/String,string,3.8 us ± 0.4
/Record/Section/8/Section/3/Information/2/Value/StringWithMarkup/40/String,string,970 us ± 70
/Record/Section/8/Section/3/Information/2/Value/StringWithMarkup/41/String,string,56.36 h ± 0.13
/Record/Section/8/Section/3/Information/2/Value/StringWithMarkup/42/String,string,410 ns ± 7
/Record/Section/8/Section/3/Information/2/Value/StringWithMarkup/43/String,string,3.62 us ± 0.10
/Record/Section/8/Section/3/Information/2/Value/StringWithMarkup/44/String,string,5.30 us ± 0.11
/Record/Section/8/Section/3/Information/2/Value/StringWithMarkup/45/String,string,133 us ± 4
/Record/Section/8/Section/3/Information/2/Value/StringWithMarkup/46/String,string,2.36 h ± 0.08
/Record/Section/8/Section/3/Information/2/Value/StringWithMarkup/47/String,string,9.31 m ± 0.03
/Record/Section/8/Section/3/Information/2/Value/StringWithMarkup/48/String,string,59 ms ± 3
/Record/Section/8/Section/3/Information/2/Value/StringWithMarkup/49/String,string,290 ms ± 12
/Record/Section/8/Section/3/Information/2/Value/StringWithMarkup/50/String,string,1.82 y ± 0.03
/Record/Section/8/Section/3/Information/2/Value/StringWithMarkup/51/String,string,1.42 us ± 0.08
/Record/Section/8/Section/3/Information/2/Value/StringWithMarkup/52/String,string,280 ns ± 80
/Record/Section/8/Section/3/Information/2/Value/StringWithMarkup/53/String,string,322 ns ± 16
/Record/Section/8/Section/3/Information/2/Value/StringWithMarkup/54/String,string,9.0 ms ± 0.2
/Record/Section/8/Section/3/Information/2/Value/StringWithMarkup/55/String,string,1.6 us ± 0.4
/Record/Section/8/Section/3/Information/2/Value/StringWithMarkup/56/String,string,54.1 ms ± 1.7
/Record/Section/8/Section/3/Information/2/Value/StringWithMarkup/57/String,string,8.154 h ± 0.006
/Record/Section/8/Section/3/Information/2/Value/StringWithMarkup/58/String,string,Stable >45 Py
/Record/Section/8/Section/3/Information/2/Value/StringWithMarkup/59/String,string,31.2 us ± 1.4
/Record/Section/8/Section/3/Information/2/Value/StringWithMarkup/60/String,string,2.0 us ± 0.5
/Record/Section/8/Section/3/Information/2/Value/StringWithMarkup/61/String,string,17 us ± 5
/Record/Section/8/Section/3/Information/2/Value/StringWithMarkup/62/String,string,Stable
/Record/Section/8/Section/3/Information/2/Value/StringWithMarkup/63/String,string,6.05 us ± 0.12
/Record/Section/8/Section/3/Information/2/Value/StringWithMarkup/64/String,string,18 us ± 1
/Record/Section/8/Section/3/Information/2/Value/StringWithMarkup/65/String,string,140 ns ± 36
/Record/Section/8/Section/3/Information/2/Value/StringWithMarkup/66/String,string,25.2 us ± 1.8
/Record/Section/8/Section/3/Information/2/Value/StringWithMarkup/67/String,string,210 us ± 20
/Record/Section/8/Section/3/Information/2/Value/StringWithMarkup/68/String,string,114.74 d ± 0.12
/Record/Section/8/Section/3/Information/2/Value/StringWithMarkup/69/String,string,283 ms ± 3
/Record/Section/8/Section/3/Information/2/Value/StringWithMarkup/70/String,string,15.84 m ± 0.10
/Record/Section/8/Section/3/Information/2/Value/StringWithMarkup/71/String,string,5.1 d ± 0.1
/Record/Section/8/Section/3/Information/2/Value/StringWithMarkup/72/String,string,106 ns ± 10
/Record/Section/8/Section/3/Information/2/Value/StringWithMarkup/73/String,string,900 ns ± 300
/Record/Section/8/Section/3/Information/2/Value/StringWithMarkup/74/String,string,8.7 h ± 0.1
/Record/Section/8/Section/3/Information/2/Value/StringWithMarkup/75/String,string,49.4 m ± 1.5
/Record/Section/8/Section/3/Information/2/Value/StringWithMarkup/76/String,string,900 ns ± 300
/Record/Section/8/Section/3/Information/2/Value/StringWithMarkup/77/String,string,11.8 ms ± 1.4
/Record/Section/8/Section/3/Information/2/Value/StringWithMarkup/78/String,string,10.5 m ± 0.3
/Record/Section/8/Section/3/Information/2/Value/StringWithMarkup/79/String,string,1.54 m ± 0.05
/Record/Section/8/Section/3/Information/2/Value/StringWithMarkup/80/String,string,2.3 m ± 6
/Record/Section/8/Section/3/Information/2/Value/StringWithMarkup/81/String,string,7.3 s ± 0.9
/Record/Section/8/Section/3/Information/2/Value/StringWithMarkup/82/String,string,>5 m
/Record/Section/8/Section/3/Information/2/Value/StringWithMarkup/83/String,string,19.6 s ± 2.0
/Record/Section/8/Section/3/Information/2/Value/StringWithMarkup/84/String,string,19.6 s ± 2.0
/Record/Section/8/Section/3/Information/2/Value/StringWithMarkup/85/String,string,3.6 us ± 0.4
/Record/Section/8/Section/3/Information/2/Value/StringWithMarkup/86/String,string,20 s >300ns [Estimated]
/Record/Section/8/Section/3/Information/2/Value/StringWithMarkup/87/String,string,1.6 us ± 0.2
/Record/Section/8/Section/3/Information/2/Value/StringWithMarkup/88/String,string,5.3 s ± 0.7
/Record/Section/8/Section/3/Information/2/Value/StringWithMarkup/89/String,string,460 ms >300ns [Estimated]
/Record/Section/8/Section/3/Information/2/Value/StringWithMarkup/90/String,string,2.2 s ± 0.7
/Record/Section/8/Section/3/Information/2/Value/StringWithMarkup/91/String,string,220 ms >300ns [Estimated]
/Record/Section/8/Section/3/Information/2/Value/StringWithMarkup/92/String,string,2 s >300ns [Estimated]
/Record/Section/8/Section/3/Information/3/ReferenceNumber,number,2
/Record/Section/8/Section/3/Information/3/Name,string,Discovery Year
/Record/Section/8/Section/3/Information/3/Value/StringWithMarkup/0/String,string,2007
/Record/Section/8/Section/3/Information/3/Value/StringWithMarkup/1/String,string,1992
/Record/Section/8/Section/3/Information/3/Value/StringWithMarkup/2/String,string,1993
/Record/Section/8/Section/3/Information/3/Value/StringWithMarkup/3/String,string,1979
/Record/Section/8/Section/3/Information/3/Value/StringWithMarkup/4/String,string,1996
/Record/Section/8/Section/3/Information/3/Value/StringWithMarkup/5/String,string,1996
/Record/Section/8/Section/3/Information/3/Value/StringWithMarkup/6/String,string,1979
/Record/Section/8/Section/3/Information/3/Value/StringWithMarkup/7/String,string,1979
/Record/Section/8/Section/3/Information/3/Value/StringWithMarkup/8/String,string,2014
/Record/Section/8/Section/3/Information/3/Value/StringWithMarkup/9/String,string,1979
/Record/Section/8/Section/3/Information/3/Value/StringWithMarkup/10/String,string,1994
/Record/Section/8/Section/3/Information/3/Value/StringWithMarkup/11/String,string,1979
/Record/Section/8/Section/3/Information/3/Value/StringWithMarkup/12/String,string,1979
/Record/Section/8/Section/3/Information/3/Value/StringWithMarkup/13/String,string,1979
/Record/Section/8/Section/3/Information/3/Value/StringWithMarkup/14/String,string,1979
/Record/Section/8/Section/3/Information/3/Value/StringWithMarkup/15/String,string,1985
/Record/Section/8/Section/3/Information/3/Value/StringWithMarkup/16/String,string,
/Record/Section/8/Section/3/Information/3/Value/StringWithMarkup/17/String,string,1985
/Record/Section/8/Section/3/Information/3/Value/StringWithMarkup/18/String,string,
/Record/Section/8/Section/3/Information/3/Value/StringWithMarkup/19/String,string,1982
/Record/Section/8/Section/3/Information/3/Value/StringWithMarkup/20/String,string,1982
/Record/Section/8/Section/3/Information/3/Value/StringWithMarkup/21/String,string,
/Record/Section/8/Section/3/Information/3/Value/StringWithMarkup/22/String,string,1977
/Record/Section/8/Section/3/Information/3/Value/StringWithMarkup/23/String,string,1982
/Record/Section/8/Section/3/Information/3/Value/StringWithMarkup/24/String,string,1969
/Record/Section/8/Section/3/Information/3/Value/StringWithMarkup/25/String,string,1969
/Record/Section/8/Section/3/Information/3/Value/StringWithMarkup/26/String,string,1969
/Record/Section/8/Section/3/Information/3/Value/StringWithMarkup/27/String,string,1969
/Record/Section/8/Section/3/Information/3/Value/StringWithMarkup/28/String,string,1964
/Record/Section/8/Section/3/Information/3/Value/StringWithMarkup/29/String,string,1960
/Record/Section/8/Section/3/Information/3/Value/StringWithMarkup/30/String,string,1977
/Record/Section/8/Section/3/Information/3/Value/StringWithMarkup/31/String,string,2006
/Record/Section/8/Section/3/Information/3/Value/StringWithMarkup/32/String,string,1960
/Record/Section/8/Section/3/Information/3/Value/StringWithMarkup/33/String,string,1960
/Record/Section/8/Section/3/Information/3/Value/StringWithMarkup/34/String,string,1972
/Record/Section/8/Section/3/Information/3/Value/StringWithMarkup/35/String,string,1969
/Record/Section/8/Section/3/Information/3/Value/StringWithMarkup/36/String,string,1996
/Record/Section/8/Section/3/Information/3/Value/StringWithMarkup/37/String,string,1948
/Record/Section/8/Section/3/Information/3/Value/StringWithMarkup/38/String,string,1971
/Record/Section/8/Section/3/Information/3/Value/StringWithMarkup/39/String,string,1978
/Record/Section/8/Section/3/Information/3/Value/StringWithMarkup/40/String,string,1994
/Record/Section/8/Section/3/Information/3/Value/StringWithMarkup/41/String,string,1948
/Record/Section/8/Section/3/Information/3/Value/StringWithMarkup/42/String,string,1973
/Record/Section/8/Section/3/Information/3/Value/StringWithMarkup/43/String,string,1971
/Record/Section/8/Section/3/Information/3/Value/StringWithMarkup/44/String,string,1971
/Record/Section/8/Section/3/Information/3/Value/StringWithMarkup/45/String,string,1994
/Record/Section/8/Section/3/Information/3/Value/StringWithMarkup/46/String,string,1950
/Record/Section/8/Section/3/Information/3/Value/StringWithMarkup/47/String,string,1950
/Record/Section/8/Section/3/Information/3/Value/StringWithMarkup/48/String,string,1979
/Record/Section/8/Section/3/Information/3/Value/StringWithMarkup/49/String,string,1996
/Record/Section/8/Section/3/Information/3/Value/StringWithMarkup/50/String,string,1950
/Record/Section/8/Section/3/Information/3/Value/StringWithMarkup/51/String,string,1964
/Record/Section/8/Section/3/Information/3/Value/StringWithMarkup/52/String,string,1974
/Record/Section/8/Section/3/Information/3/Value/StringWithMarkup/53/String,string,1982
/Record/Section/8/Section/3/Information/3/Value/StringWithMarkup/54/String,string,1982
/Record/Section/8/Section/3/Information/3/Value/StringWithMarkup/55/String,string,1982
/Record/Section/8/Section/3/Information/3/Value/StringWithMarkup/56/String,string,1982
/Record/Section/8/Section/3/Information/3/Value/StringWithMarkup/57/String,string,1938
/Record/Section/8/Section/3/Information/3/Value/StringWithMarkup/58/String,string,1940
/Record/Section/8/Section/3/Information/3/Value/StringWithMarkup/59/String,string,1996
/Record/Section/8/Section/3/Information/3/Value/StringWithMarkup/60/String,string,2000
/Record/Section/8/Section/3/Information/3/Value/StringWithMarkup/61/String,string,2000
/Record/Section/8/Section/3/Information/3/Value/StringWithMarkup/62/String,string,1932
/Record/Section/8/Section/3/Information/3/Value/StringWithMarkup/63/String,string,1979
/Record/Section/8/Section/3/Information/3/Value/StringWithMarkup/64/String,string,1948
/Record/Section/8/Section/3/Information/3/Value/StringWithMarkup/65/String,string,1998
/Record/Section/8/Section/3/Information/3/Value/StringWithMarkup/66/String,string,1998
/Record/Section/8/Section/3/Information/3/Value/StringWithMarkup/67/String,string,1998
/Record/Section/8/Section/3/Information/3/Value/StringWithMarkup/68/String,string,1938
/Record/Section/8/Section/3/Information/3/Value/StringWithMarkup/69/String,string,1968
/Record/Section/8/Section/3/Information/3/Value/StringWithMarkup/70/String,string,1947
/Record/Section/8/Section/3/Information/3/Value/StringWithMarkup/71/String,string,1950
/Record/Section/8/Section/3/Information/3/Value/StringWithMarkup/72/String,string,1967
/Record/Section/8/Section/3/Information/3/Value/StringWithMarkup/73/String,string,2009
/Record/Section/8/Section/3/Information/3/Value/StringWithMarkup/74/String,string,1955
/Record/Section/8/Section/3/Information/3/Value/StringWithMarkup/75/String,string,1950
/Record/Section/8/Section/3/Information/3/Value/StringWithMarkup/76/String,string,2007
/Record/Section/8/Section/3/Information/3/Value/StringWithMarkup/77/String,string,1999
/Record/Section/8/Section/3/Information/3/Value/StringWithMarkup/78/String,string,1955
/Record/Section/8/Section/3/Information/3/Value/StringWithMarkup/79/String,string,2010
/Record/Section/8/Section/3/Information/3/Value/StringWithMarkup/80/String,string,1999
/Record/Section/8/Section/3/Information/3/Value/StringWithMarkup/81/String,string,2010
/Record/Section/8/Section/3/Information/3/Value/StringWithMarkup/82/String,string,2010
/Record/Section/8/Section/3/Information/3/Value/StringWithMarkup/83/String,string,1999
/Record/Section/8/Section/3/Information/3/Value/StringWithMarkup/84/String,string,2005
/Record/Section/8/Section/3/Information/3/Value/StringWithMarkup/85/String,string,2005
/Record/Section/8/Section/3/Information/3/Value/StringWithMarkup/86/String,string,1999
/Record/Section/8/Section/3/Information/3/Value/StringWithMarkup/87/String,string,2009
/Record/Section/8/Section/3/Information/3/Value/StringWithMarkup/88/String,string,2009
/Record/Section/8/Section/3/Information/3/Value/StringWithMarkup/89/String,string,2009
/Record/Section/8/Section/3/Information/3/Value/StringWithMarkup/90/String,string,2009
/Record/Section/8/Section/3/Information/3/Value/StringWithMarkup/91/String,string,2012
/Record/Section/8/Section/3/Information/3/Value/StringWithMarkup/92/String,string,2012
/Record/Section/8/Section/3/Information/4/ReferenceNumber,number,2
/Record/Section/8/Section/3/Information/4/Name,string,"Decay Modes, Intensities and Uncertainties [%]"
/Record/Section/8/Section/3/Information/4/Value/StringWithMarkup/0/String,string,p=100%
/Record/Section/8/Section/3/Information/4/Value/StringWithMarkup/1/String,string,p=71±0.3%; β+=29±0.3%
/Record/Section/8/Section/3/Information/4/Value/StringWithMarkup/1/Markup/0/Start,number,12
/Record/Section/8/Section/3/Information/4/Value/StringWithMarkup/1/Markup/0/Length,number,1
/Record/Section/8/Section/3/Information/4/Value/StringWithMarkup/1/Markup/0/Type,string,Superscript
/Record/Section/8/Section/3/Information/4/Value/StringWithMarkup/2/String,string,β+=95.8±0.9%; p=4.2±0.9%
/Record/Section/8/Section/3/Information/4/Value/StringWithMarkup/2/Markup/0/Start,number,1
/Record/Section/8/Section/3/Information/4/Value/StringWithMarkup/2/Markup/0/Length,number,1
/Record/Section/8/Section/3/Information/4/Value/StringWithMarkup/2/Markup/0/Type,string,Superscript
/Record/Section/8/Section/3/Information/4/Value/StringWithMarkup/3/String,string,α=96.6±1.2%; p=3.4±1.2%; β+ ?
/Record/Section/8/Section/3/Information/4/Value/StringWithMarkup/3/Markup/0/Start,number,26
/Record/Section/8/Section/3/Information/4/Value/StringWithMarkup/3/Markup/0/Length,number,1
/Record/Section/8/Section/3/Information/4/Value/StringWithMarkup/3/Markup/0/Type,string,Superscript
/Record/Section/8/Section/3/Information/4/Value/StringWithMarkup/4/String,string,α≈100%; β+ ?; p=0%
/Record/Section/8/Section/3/Information/4/Value/StringWithMarkup/4/Markup/0/Start,number,9
/Record/Section/8/Section/3/Information/4/Value/StringWithMarkup/4/Markup/0/Length,number,1
/Record/Section/8/Section/3/Information/4/Value/StringWithMarkup/4/Markup/0/Type,string,Superscript
/Record/Section/8/Section/3/Information/4/Value/StringWithMarkup/5/String,string,α=100%
/Record/Section/8/Section/3/Information/4/Value/StringWithMarkup/6/String,string,α≈100%; β+ ?
/Record/Section/8/Section/3/Information/4/Value/StringWithMarkup/6/Markup/0/Start,number,9
/Record/Section/8/Section/3/Information/4/Value/StringWithMarkup/6/Markup/0/Length,number,1
/Record/Section/8/Section/3/Information/4/Value/StringWithMarkup/6/Markup/0/Type,string,Superscript
/Record/Section/8/Section/3/Information/4/Value/StringWithMarkup/7/String,string,α=95±0.5%; β+ ?; IT ?
/Record/Section/8/Section/3/Information/4/Value/StringWithMarkup/7/Markup/0/Start,number,12
/Record/Section/8/Section/3/Information/4/Value/StringWithMarkup/7/Markup/0/Length,number,1
/Record/Section/8/Section/3/Information/4/Value/StringWithMarkup/7/Markup/0/Type,string,Superscript
/Record/Section/8/Section/3/Information/4/Value/StringWithMarkup/8/String,string,IT=98.6±0.2%; α=1.4±0.2%
/Record/Section/8/Section/3/Information/4/Value/StringWithMarkup/9/String,string,β+=66±0.5%; α=34±0.5%
/Record/Section/8/Section/3/Information/4/Value/StringWithMarkup/9/Markup/0/Start,number,1
/Record/Section/8/Section/3/Information/4/Value/StringWithMarkup/9/Markup/0/Length,number,1
/Record/Section/8/Section/3/Information/4/Value/StringWithMarkup/9/Markup/0/Type,string,Superscript
/Record/Section/8/Section/3/Information/4/Value/StringWithMarkup/10/String,string,α=55±0.1%; β+=45±0.1%
/Record/Section/8/Section/3/Information/4/Value/StringWithMarkup/10/Markup/0/Start,number,12
/Record/Section/8/Section/3/Information/4/Value/StringWithMarkup/10/Markup/0/Length,number,1
/Record/Section/8/Section/3/Information/4/Value/StringWithMarkup/10/Markup/0/Type,string,Superscript
/Record/Section/8/Section/3/Information/4/Value/StringWithMarkup/11/String,string,β+ ?; α=?
/Record/Section/8/Section/3/Information/4/Value/StringWithMarkup/11/Markup/0/Start,number,1
/Record/Section/8/Section/3/Information/4/Value/StringWithMarkup/11/Markup/0/Length,number,1
/Record/Section/8/Section/3/Information/4/Value/StringWithMarkup/11/Markup/0/Type,string,Superscript
/Record/Section/8/Section/3/Information/4/Value/StringWithMarkup/12/String,string,β+ ?; α=?
/Record/Section/8/Section/3/Information/4/Value/StringWithMarkup/12/Markup/0/Start,number,1
/Record/Section/8/Section/3/Information/4/Value/StringWithMarkup/12/Markup/0/Length,number,1
/Record/Section/8/Section/3/Information/4/Value/StringWithMarkup/12/Markup/0/Type,string,Superscript
/Record/Section/8/Section/3/Information/4/Value/StringWithMarkup/13/String,string,β+ ?; α ?
/Record/Section/8/Section/3/Information/4/Value/StringWithMarkup/13/Markup/0/Start,number,1
/Record/Section/8/Section/3/Information/4/Value/StringWithMarkup/13/Markup/0/Length,number,1
/Record/Section/8/Section/3/Information/4/Value/StringWithMarkup/13/Markup/0/Type,string,Superscript
/Record/Section/8/Section/3/Information/4/Value/StringWithMarkup/14/String,string,β+=93±0.3%; α=7±0.3%
/Record/Section/8/Section/3/Information/4/Value/StringWithMarkup/14/Markup/0/Start,number,1
/Record/Section/8/Section/3/Information/4/Value/StringWithMarkup/14/Markup/0/Length,number,1
/Record/Section/8/Section/3/Information/4/Value/StringWithMarkup/14/Markup/0/Type,string,Superscript
/Record/Section/8/Section/3/Information/4/Value/StringWithMarkup/15/String,string,β+=99.926±1%; α=0.074±1%
/Record/Section/8/Section/3/Information/4/Value/StringWithMarkup/15/Markup/0/Start,number,1
/Record/Section/8/Section/3/Information/4/Value/StringWithMarkup/15/Markup/0/Length,number,1
/Record/Section/8/Section/3/Information/4/Value/StringWithMarkup/15/Markup/0/Type,string,Superscript
/Record/Section/8/Section/3/Information/4/Value/StringWithMarkup/16/String,string,β+ ?; IT ?; α ?
/Record/Section/8/Section/3/Information/4/Value/StringWithMarkup/16/Markup/0/Start,number,1
/Record/Section/8/Section/3/Information/4/Value/StringWithMarkup/16/Markup/0/Length,number,1
/Record/Section/8/Section/3/Information/4/Value/StringWithMarkup/16/Markup/0/Type,string,Superscript
/Record/Section/8/Section/3/Information/4/Value/StringWithMarkup/17/String,string,β+≈100%; α ?
/Record/Section/8/Section/3/Information/4/Value/StringWithMarkup/17/Markup/0/Start,number,1
/Record/Section/8/Section/3/Information/4/Value/StringWithMarkup/17/Markup/0/Length,number,1
/Record/Section/8/Section/3/Information/4/Value/StringWithMarkup/17/Markup/0/Type,string,Superscript
/Record/Section/8/Section/3/Information/4/Value/StringWithMarkup/18/String,string,β+ ?; α ?; IT ?
/Record/Section/8/Section/3/Information/4/Value/StringWithMarkup/18/Markup/0/Start,number,1
/Record/Section/8/Section/3/Information/4/Value/StringWithMarkup/18/Markup/0/Length,number,1
/Record/Section/8/Section/3/Information/4/Value/StringWithMarkup/18/Markup/0/Type,string,Superscript
/Record/Section/8/Section/3/Information/4/Value/StringWithMarkup/19/String,string,β+=100%
/Record/Section/8/Section/3/Information/4/Value/StringWithMarkup/19/Markup/0/Start,number,1
/Record/Section/8/Section/3/Information/4/Value/StringWithMarkup/19/Markup/0/Length,number,1
/Record/Section/8/Section/3/Information/4/Value/StringWithMarkup/19/Markup/0/Type,string,Superscript
/Record/Section/8/Section/3/Information/4/Value/StringWithMarkup/20/String,string,β+=100%
/Record/Section/8/Section/3/Information/4/Value/StringWithMarkup/20/Markup/0/Start,number,1
/Record/Section/8/Section/3/Information/4/Value/StringWithMarkup/20/Markup/0/Length,number,1
/Record/Section/8/Section/3/Information/4/Value/StringWithMarkup/20/Markup/0/Type,string,Superscript
/Record/Section/8/Section/3/Information/4/Value/StringWithMarkup/21/String,string,β+ ?; α ?
/Record/Section/8/Section/3/Information/4/Value/StringWithMarkup/21/Markup/0/Start,number,1
/Record/Section/8/Section/3/Information/4/Value/StringWithMarkup/21/Markup/0/Length,number,1
/Record/Section/8/Section/3/Information/4/Value/StringWithMarkup/21/Markup/0/Type,string,Superscript
/Record/Section/8/Section/3/Information/4/Value/StringWithMarkup/22/String,string,β+=100%
/Record/Section/8/Section/3/Information/4/Value/StringWithMarkup/22/Markup/0/Start,number,1
/Record/Section/8/Section/3/Information/4/Value/StringWithMarkup/22/Markup/0/Length,number,1
/Record/Section/8/Section/3/Information/4/Value/StringWithMarkup/22/Markup/0/Type,string,Superscript
/Record/Section/8/Section/3/Information/4/Value/StringWithMarkup/23/String,string,β+=100%
/Record/Section/8/Section/3/Information/4/Value/StringWithMarkup/23/Markup/0/Start,number,1
/Record/Section/8/Section/3/Information/4/Value/StringWithMarkup/23/Markup/0/Length,number,1
/Record/Section/8/Section/3/Information/4/Value/StringWithMarkup/23/Markup/0/Type,string,Superscript
/Record/Section/8/Section/3/Information/4/Value/StringWithMarkup/24/String,string,β+=100%
/Record/Section/8/Section/3/Information/4/Value/StringWithMarkup/24/Markup/0/Start,number,1
/Record/Section/8/Section/3/Information/4/Value/StringWithMarkup/24/Markup/0/Length,number,1
/Record/Section/8/Section/3/Information/4/Value/StringWithMarkup/24/Markup/0/Type,string,Superscript
/Record/Section/8/Section/3/Information/4/Value/StringWithMarkup/25/String,string,β+=100%
/Record/Section/8/Section/3/Information/4/Value/StringWithMarkup/25/Markup/0/Start,number,1
/Record/Section/8/Section/3/Information/4/Value/StringWithMarkup/25/Markup/0/Length,number,1
/Record/Section/8/Section/3/Information/4/Value/StringWithMarkup/25/Markup/0/Type,string,Superscript
/Record/Section/8/Section/3/Information/4/Value/StringWithMarkup/26/String,string,β+=100%
/Record/Section/8/Section/3/Information/4/Value/StringWithMarkup/26/Markup/0/Start,number,1
/Record/Section/8/Section/3/Information/4/Value/StringWithMarkup/26/Markup/0/Length,number,1
/Record/Section/8/Section/3/Information/4/Value/StringWithMarkup/26/Markup/0/Type,string,Superscript
/Record/Section/8/Section/3/Information/4/Value/StringWithMarkup/27/String,string,β+=100%
/Record/Section/8/Section/3/Information/4/Value/StringWithMarkup/27/Markup/0/Start,number,1
/Record/Section/8/Section/3/Information/4/Value/StringWithMarkup/27/Markup/0/Length,number,1
/Record/Section/8/Section/3/Information/4/Value/StringWithMarkup/27/Markup/0/Type,string,Superscript
/Record/Section/8/Section/3/Information/4/Value/StringWithMarkup/28/String,string,β+=100%
/Record/Section/8/Section/3/Information/4/Value/StringWithMarkup/28/Markup/0/Start,number,1
/Record/Section/8/Section/3/Information/4/Value/StringWithMarkup/28/Markup/0/Length,number,1
/Record/Section/8/Section/3/Information/4/Value/StringWithMarkup/28/Markup/0/Type,string,Superscript
/Record/Section/8/Section/3/Information/4/Value/StringWithMarkup/29/String,string,β+=100%
/Record/Section/8/Section/3/Information/4/Value/StringWithMarkup/29/Markup/0/Start,number,1
/Record/Section/8/Section/3/Information/4/Value/StringWithMarkup/29/Markup/0/Length,number,1
/Record/Section/8/Section/3/Information/4/Value/StringWithMarkup/29/Markup/0/Type,string,Superscript
/Record/Section/8/Section/3/Information/4/Value/StringWithMarkup/30/String,string,IT=100%
/Record/Section/8/Section/3/Information/4/Value/StringWithMarkup/31/String,string,IT=100%
/Record/Section/8/Section/3/Information/4/Value/StringWithMarkup/32/String,string,β+=100%
/Record/Section/8/Section/3/Information/4/Value/StringWithMarkup/32/Markup/0/Start,number,1
/Record/Section/8/Section/3/Information/4/Value/StringWithMarkup/32/Markup/0/Length,number,1
/Record/Section/8/Section/3/Information/4/Value/StringWithMarkup/32/Markup/0/Type,string,Superscript
/Record/Section/8/Section/3/Information/4/Value/StringWithMarkup/33/String,string,β+=100%
/Record/Section/8/Section/3/Information/4/Value/StringWithMarkup/33/Markup/0/Start,number,1
/Record/Section/8/Section/3/Information/4/Value/StringWithMarkup/33/Markup/0/Length,number,1
/Record/Section/8/Section/3/Information/4/Value/StringWithMarkup/33/Markup/0/Type,string,Superscript
/Record/Section/8/Section/3/Information/4/Value/StringWithMarkup/34/String,string,IT=100%
/Record/Section/8/Section/3/Information/4/Value/StringWithMarkup/35/String,string,IT=100%
/Record/Section/8/Section/3/Information/4/Value/StringWithMarkup/36/String,string,IT=100%
/Record/Section/8/Section/3/Information/4/Value/StringWithMarkup/37/String,string,β+=100%
/Record/Section/8/Section/3/Information/4/Value/StringWithMarkup/37/Markup/0/Start,number,1
/Record/Section/8/Section/3/Information/4/Value/StringWithMarkup/37/Markup/0/Length,number,1
/Record/Section/8/Section/3/Information/4/Value/StringWithMarkup/37/Markup/0/Type,string,Superscript
/Record/Section/8/Section/3/Information/4/Value/StringWithMarkup/38/String,string,IT=100%
/Record/Section/8/Section/3/Information/4/Value/StringWithMarkup/39/String,string,IT=100%
/Record/Section/8/Section/3/Information/4/Value/StringWithMarkup/40/String,string,IT=100%
/Record/Section/8/Section/3/Information/4/Value/StringWithMarkup/41/String,string,β+=100%
/Record/Section/8/Section/3/Information/4/Value/StringWithMarkup/41/Markup/0/Start,number,1
/Record/Section/8/Section/3/Information/4/Value/StringWithMarkup/41/Markup/0/Length,number,1
/Record/Section/8/Section/3/Information/4/Value/StringWithMarkup/41/Markup/0/Type,string,Superscript
/Record/Section/8/Section/3/Information/4/Value/StringWithMarkup/42/String,string,IT=100%
/Record/Section/8/Section/3/Information/4/Value/StringWithMarkup/43/String,string,IT=100%
/Record/Section/8/Section/3/Information/4/Value/StringWithMarkup/44/String,string,IT=100%
/Record/Section/8/Section/3/Information/4/Value/StringWithMarkup/45/String,string,IT=100%
/Record/Section/8/Section/3/Information/4/Value/StringWithMarkup/46/String,string,β+=100%
/Record/Section/8/Section/3/Information/4/Value/StringWithMarkup/46/Markup/0/Start,number,1
/Record/Section/8/Section/3/Information/4/Value/StringWithMarkup/46/Markup/0/Length,number,1
/Record/Section/8/Section/3/Information/4/Value/StringWithMarkup/46/Markup/0/Type,string,Superscript
/Record/Section/8/Section/3/Information/4/Value/StringWithMarkup/47/String,string,β+=100%
/Record/Section/8/Section/3/Information/4/Value/StringWithMarkup/47/Markup/0/Start,number,1
/Record/Section/8/Section/3/Information/4/Value/StringWithMarkup/47/Markup/0/Length,number,1
/Record/Section/8/Section/3/Information/4/Value/StringWithMarkup/47/Markup/0/Type,string,Superscript
/Record/Section/8/Section/3/Information/4/Value/StringWithMarkup/48/String,string,IT=100%
/Record/Section/8/Section/3/Information/4/Value/StringWithMarkup/49/String,string,IT=100%
/Record/Section/8/Section/3/Information/4/Value/StringWithMarkup/50/String,string,ε=100%
/Record/Section/8/Section/3/Information/4/Value/StringWithMarkup/51/String,string,IT=100%
/Record/Section/8/Section/3/Information/4/Value/StringWithMarkup/52/String,string,IT=100%
/Record/Section/8/Section/3/Information/4/Value/StringWithMarkup/53/String,string,IT=100%
/Record/Section/8/Section/3/Information/4/Value/StringWithMarkup/54/String,string,IT=100%
/Record/Section/8/Section/3/Information/4/Value/StringWithMarkup/55/String,string,IT=100%
/Record/Section/8/Section/3/Information/4/Value/StringWithMarkup/56/String,string,IT=100%
/Record/Section/8/Section/3/Information/4/Value/StringWithMarkup/57/String,string,ε=85±0.3%; β-=15±0.3%
/Record/Section/8/Section/3/Information/4/Value/StringWithMarkup/57/Markup/0/Start,number,12
/Record/Section/8/Section/3/Information/4/Value/StringWithMarkup/57/Markup/0/Length,number,1
/Record/Section/8/Section/3/Information/4/Value/StringWithMarkup/57/Markup/0/Type,string,Superscript
/Record/Section/8/Section/3/Information/4/Value/StringWithMarkup/58/String,string,IS=0.01201±3.2%; β- ?
/Record/Section/8/Section/3/Information/4/Value/StringWithMarkup/58/Markup/0/Start,number,18
/Record/Section/8/Section/3/Information/4/Value/StringWithMarkup/58/Markup/0/Length,number,1
/Record/Section/8/Section/3/Information/4/Value/StringWithMarkup/58/Markup/0/Type,string,Superscript
/Record/Section/8/Section/3/Information/4/Value/StringWithMarkup/59/String,string,IT=100%
/Record/Section/8/Section/3/Information/4/Value/StringWithMarkup/60/String,string,IT=100%
/Record/Section/8/Section/3/Information/4/Value/StringWithMarkup/61/String,string,IT=100%
/Record/Section/8/Section/3/Information/4/Value/StringWithMarkup/62/String,string,IS=99.98799±3.2%
/Record/Section/8/Section/3/Information/4/Value/StringWithMarkup/63/String,string,IT=100%
/Record/Section/8/Section/3/Information/4/Value/StringWithMarkup/64/String,string,IT=100%
/Record/Section/8/Section/3/Information/4/Value/StringWithMarkup/65/String,string,IT=100%
/Record/Section/8/Section/3/Information/4/Value/StringWithMarkup/66/String,string,IT=100%
/Record/Section/8/Section/3/Information/4/Value/StringWithMarkup/67/String,string,IT=100%
/Record/Section/8/Section/3/Information/4/Value/StringWithMarkup/68/String,string,β-=100%
/Record/Section/8/Section/3/Information/4/Value/StringWithMarkup/68/Markup/0/Start,number,1
/Record/Section/8/Section/3/Information/4/Value/StringWithMarkup/68/Markup/0/Length,number,1
/Record/Section/8/Section/3/Information/4/Value/StringWithMarkup/68/Markup/0/Type,string,Superscript
/Record/Section/8/Section/3/Information/4/Value/StringWithMarkup/69/String,string,IT=100%
/Record/Section/8/Section/3/Information/4/Value/StringWithMarkup/70/String,string,IT=100%
/Record/Section/8/Section/3/Information/4/Value/StringWithMarkup/71/String,string,β-=100%
/Record/Section/8/Section/3/Information/4/Value/StringWithMarkup/71/Markup/0/Start,number,1
/Record/Section/8/Section/3/Information/4/Value/StringWithMarkup/71/Markup/0/Length,number,1
/Record/Section/8/Section/3/Information/4/Value/StringWithMarkup/71/Markup/0/Type,string,Superscript
/Record/Section/8/Section/3/Information/4/Value/StringWithMarkup/72/String,string,IT=100%
/Record/Section/8/Section/3/Information/4/Value/StringWithMarkup/73/String,string,IT=100%
/Record/Section/8/Section/3/Information/4/Value/StringWithMarkup/74/String,string,β-=100%
/Record/Section/8/Section/3/Information/4/Value/StringWithMarkup/74/Markup/0/Start,number,1
/Record/Section/8/Section/3/Information/4/Value/StringWithMarkup/74/Markup/0/Length,number,1
/Record/Section/8/Section/3/Information/4/Value/StringWithMarkup/74/Markup/0/Type,string,Superscript
/Record/Section/8/Section/3/Information/4/Value/StringWithMarkup/75/String,string,β-=100%
/Record/Section/8/Section/3/Information/4/Value/StringWithMarkup/75/Markup/0/Start,number,1
/Record/Section/8/Section/3/Information/4/Value/StringWithMarkup/75/Markup/0/Length,number,1
/Record/Section/8/Section/3/Information/4/Value/StringWithMarkup/75/Markup/0/Type,string,Superscript
/Record/Section/8/Section/3/Information/4/Value/StringWithMarkup/76/String,string,IT=100%
/Record/Section/8/Section/3/Information/4/Value/StringWithMarkup/77/String,string,IT=100%
/Record/Section/8/Section/3/Information/4/Value/StringWithMarkup/78/String,string,β-=100%
/Record/Section/8/Section/3/Information/4/Value/StringWithMarkup/78/Markup/0/Start,number,1
/Record/Section/8/Section/3/Information/4/Value/StringWithMarkup/78/Markup/0/Length,number,1
/Record/Section/8/Section/3/Information/4/Value/StringWithMarkup/78/Markup/0/Type,string,Superscript
/Record/Section/8/Section/3/Information/4/Value/StringWithMarkup/79/String,string,β- ?; IT ?
/Record/Section/8/Section/3/Information/4/Value/StringWithMarkup/79/Markup/0/Start,number,1
/Record/Section/8/Section/3/Information/4/Value/StringWithMarkup/79/Markup/0/Length,number,1
/Record/Section/8/Section/3/Information/4/Value/StringWithMarkup/79/Markup/0/Type,string,Superscript
/Record/Section/8/Section/3/Information/4/Value/StringWithMarkup/80/String,string,β-=100%
/Record/Section/8/Section/3/Information/4/Value/StringWithMarkup/80/Markup/0/Start,number,1
/Record/Section/8/Section/3/Information/4/Value/StringWithMarkup/80/Markup/0/Length,number,1
/Record/Section/8/Section/3/Information/4/Value/StringWithMarkup/80/Markup/0/Type,string,Superscript
/Record/Section/8/Section/3/Information/4/Value/StringWithMarkup/81/String,string,IT≈100%; β- ?
/Record/Section/8/Section/3/Information/4/Value/StringWithMarkup/81/Markup/0/Start,number,10
/Record/Section/8/Section/3/Information/4/Value/StringWithMarkup/81/Markup/0/Length,number,1
/Record/Section/8/Section/3/Information/4/Value/StringWithMarkup/81/Markup/0/Type,string,Superscript
/Record/Section/8/Section/3/Information/4/Value/StringWithMarkup/82/String,string,β- ?; IT ?
/Record/Section/8/Section/3/Information/4/Value/StringWithMarkup/82/Markup/0/Start,number,1
/Record/Section/8/Section/3/Information/4/Value/StringWithMarkup/82/Markup/0/Length,number,1
/Record/Section/8/Section/3/Information/4/Value/StringWithMarkup/82/Markup/0/Type,string,Superscript
/Record/Section/8/Section/3/Information/4/Value/StringWithMarkup/83/String,string,β-=100%
/Record/Section/8/Section/3/Information/4/Value/StringWithMarkup/83/Markup/0/Start,number,1
/Record/Section/8/Section/3/Information/4/Value/StringWithMarkup/83/Markup/0/Length,number,1
/Record/Section/8/Section/3/Information/4/Value/StringWithMarkup/83/Markup/0/Type,string,Superscript
/Record/Section/8/Section/3/Information/4/Value/StringWithMarkup/84/String,string,IT ?; β- ?
/Record/Section/8/Section/3/Information/4/Value/StringWithMarkup/84/Markup/0/Start,number,7
/Record/Section/8/Section/3/Information/4/Value/StringWithMarkup/84/Markup/0/Length,number,1
/Record/Section/8/Section/3/Information/4/Value/StringWithMarkup/84/Markup/0/Type,string,Superscript
/Record/Section/8/Section/3/Information/4/Value/StringWithMarkup/85/String,string,IT=100%
/Record/Section/8/Section/3/Information/4/Value/StringWithMarkup/86/String,string,β-=100%
/Record/Section/8/Section/3/Information/4/Value/StringWithMarkup/86/Markup/0/Start,number,1
/Record/Section/8/Section/3/Information/4/Value/StringWithMarkup/86/Markup/0/Length,number,1
/Record/Section/8/Section/3/Information/4/Value/StringWithMarkup/86/Markup/0/Type,string,Superscript
/Record/Section/8/Section/3/Information/4/Value/StringWithMarkup/87/String,string,IT=100%
/Record/Section/8/Section/3/Information/4/Value/StringWithMarkup/88/String,string,β-=100%
/Record/Section/8/Section/3/Information/4/Value/StringWithMarkup/88/Markup/0/Start,number,1
/Record/Section/8/Section/3/Information/4/Value/StringWithMarkup/88/Markup/0/Length,number,1
/Record/Section/8/Section/3/Information/4/Value/StringWithMarkup/88/Markup/0/Type,string,Superscript
/Record/Section/8/Section/3/Information/4/Value/StringWithMarkup/89/String,string,β- ?
/Record/Section/8/Section/3/Information/4/Value/StringWithMarkup/89/Markup/0/Start,number,1
/Record/Section/8/Section/3/Information/4/Value/StringWithMarkup/89/Markup/0/Length,number,1
/Record/Section/8/Section/3/Information/4/Value/StringWithMarkup/89/Markup/0/Type,string,Superscript
/Record/Section/8/Section/3/Information/4/Value/StringWithMarkup/90/String,string,β-=100%; β-n ?
/Record/Section/8/Section/3/Information/4/Value/StringWithMarkup/90/Markup/0/Start,number,1
/Record/Section/8/Section/3/Information/4/Value/StringWithMarkup/90/Markup/0/Length,number,1
/Record/Section/8/Section/3/Information/4/Value/StringWithMarkup/90/Markup/0/Type,string,Superscript
/Record/Section/8/Section/3/Information/4/Value/StringWithMarkup/90/Markup/1/Start,number,10
/Record/Section/8/Section/3/Information/4/Value/StringWithMarkup/90/Markup/1/Length,number,1
/Record/Section/8/Section/3/Information/4/Value/StringWithMarkup/90/Markup/1/Type,string,Superscript
/Record/Section/8/Section/3/Information/4/Value/StringWithMarkup/91/String,string,β- ?; β-n ?
/Record/Section/8/Section/3/Information/4/Value/StringWithMarkup/91/Markup/0/Start,number,1
/Record/Section/8/Section/3/Information/4/Value/StringWithMarkup/91/Markup/0/Length,number,1
/Record/Section/8/Section/3/Information/4/Value/StringWithMarkup/91/Markup/0/Type,string,Superscript
/Record/Section/8/Section/3/Information/4/Value/StringWithMarkup/91/Markup/1/Start,number,7
/Record/Section/8/Section/3/Information/4/Value/StringWithMarkup/91/Markup/1/Length,number,1
/Record/Section/8/Section/3/Information/4/Value/StringWithMarkup/91/Markup/1/Type,string,Superscript
/Record/Section/8/Section/3/Information/4/Value/StringWithMarkup/92/String,string,β- ?; β-n ?
/Record/Section/8/Section/3/Information/4/Value/StringWithMarkup/92/Markup/0/Start,number,1
/Record/Section/8/Section/3/Information/4/Value/StringWithMarkup/92/Markup/0/Length,number,1
/Record/Section/8/Section/3/Information/4/Value/StringWithMarkup/92/Markup/0/Type,string,Superscript
/Record/Section/8/Section/3/Information/4/Value/StringWithMarkup/92/Markup/1/Start,number,7
/Record/Section/8/Section/3/Information/4/Value/StringWithMarkup/92/Markup/1/Length,number,1
/Record/Section/8/Section/3/Information/4/Value/StringWithMarkup/92/Markup/1/Type,string,Superscript
/Record/Reference/0/ReferenceNumber,number,1
/Record/Reference/0/SourceName,string,PubChem
/Record/Reference/0/SourceID,string,PubChem
/Record/Reference/0/Description,string,Data deposited in or computed by PubChem
/Record/Reference/0/URL,string,https://pubchem.ncbi.nlm.nih.gov
/Record/Reference/1/ReferenceNumber,number,2
/Record/Reference/1/SourceName,string,"Atomic Mass Data Center (AMDC), International Atomic Energy Agency (IAEA)"
/Record/Reference/1/SourceID,string,e73
/Record/Reference/1/Name,string,Ta
/Record/Reference/1/Description,string,The half-life and atomic mass data was provided by the Atomic Mass Data Center at the International Atomic Energy Agency.
/Record/Reference/1/URL,string,https://www-nds.iaea.org/amdc/
/Record/Reference/1/LicenseURL,string,https://www-nds.iaea.org/disclaimer.html
/Record/Reference/1/ANID,number,6590300
/Record/Reference/2/ReferenceNumber,number,3
/Record/Reference/2/SourceName,string,IUPAC Commission on Isotopic Abundances and Atomic Weights (CIAAW)
/Record/Reference/2/SourceID,string,a73
/Record/Reference/2/Name,string,Tantalum
/Record/Reference/2/Description,string,Element data are cited from the Atomic weights of the elements (an IUPAC Technical Report). The IUPAC periodic table of elements can be found at https://iupac.org/what-we-do/periodic-table-of-elements/. Additional information can be found within IUPAC publication doi:10.1515/pac-2015-0703 Copyright © 2020 International Union of Pure and Applied Chemistry.
/Record/Reference/2/URL,string,https://www.ciaaw.org/tantalum.htm
/Record/Reference/2/LicenseURL,string,http://www.ciaaw.org/bylaws.htm
/Record/Reference/2/ANID,number,2292454
/Record/Reference/3/ReferenceNumber,number,5
/Record/Reference/3/SourceName,string,"Jefferson Lab, U.S. Department of Energy"
/Record/Reference/3/SourceID,string,jlab73
/Record/Reference/3/Name,string,Tantalum
/Record/Reference/3/Description,string,"Thomas Jefferson National Accelerator Facility (Jefferson Lab) is one of 17 national laboratories funded by the U.S. Department of Energy. The lab's primary mission is to conduct basic research of the atom's nucleus using the lab's unique particle accelerator, known as the Continuous Electron Beam Accelerator Facility (CEBAF). For more information visit https://www.jlab.org/"
/Record/Reference/3/URL,string,https://education.jlab.org/itselemental/ele073.html
/Record/Reference/3/LicenseNote,string,Please see citation and linking information: https://education.jlab.org/faq/index.html
/Record/Reference/3/LicenseURL,string,https://www.jlab.org/privacy-and-security-notice
/Record/Reference/3/ANID,number,507135
/Record/Reference/4/ReferenceNumber,number,6
/Record/Reference/4/SourceName,string,"Los Alamos National Laboratory, U.S. Department of Energy"
/Record/Reference/4/SourceID,string,lanl73
/Record/Reference/4/Name,string,Tantalum
/Record/Reference/4/Description,string,"The periodic table at the LANL (Los Alamos National Laboratory) contains basic element information together with the history, source, properties, use, handling and more. The provenance data may be found from the link under the source name."
/Record/Reference/4/URL,string,https://periodic.lanl.gov/73.shtml
/Record/Reference/4/ANID,number,507253
/Record/Reference/5/ReferenceNumber,number,7
/Record/Reference/5/SourceName,string,NIST Physical Measurement Laboratory
/Record/Reference/5/SourceID,string,e73
/Record/Reference/5/Name,string,Tantalum
/Record/Reference/5/Description,string,"The periodic table contains NIST's critically-evaluated data on atomic properties of the elements. The provenance data that include data for atomic spectroscopy, X-ray and gamma ray, radiation dosimetry, nuclear physics, and condensed matter physics may be found from the link under the source name. Ref: https://www.nist.gov/pml/atomic-spectra-database"
/Record/Reference/5/URL,string,https://physics.nist.gov/cgi-bin/Elements/elInfo.pl?element=73
/Record/Reference/5/LicenseURL,string,https://www.nist.gov/pml/database-disclaimer
/Record/Reference/5/ANID,number,2292690
/Record/Reference/6/ReferenceNumber,number,4
/Record/Reference/6/SourceName,string,IUPAC Periodic Table of the Elements and Isotopes (IPTEI)
/Record/Reference/6/SourceID,string,p73
/Record/Reference/6/Description,string,"The information are cited from Pure Appl. Chem. 2018; 90(12): 1833-2092, https://doi.org/10.1515/pac-2015-0703."
/Record/Reference/6/URL,string,https://doi.org/10.1515/pac-2015-0703
/Record/Reference/6/LicenseNote,string,"Copyright (c) 2020 International Union of Pure and Applied Chemistry.

The International Union of Pure and Applied Chemistry (IUPAC) contribution within Pubchem is provided under a CC-BY-NC-ND 4.0 license, unless otherwise stated."
/Record/Reference/6/LicenseURL,string,https://creativecommons.org/licenses/by-nc-nd/4.0/
/Record/Reference/6/ANID,number,13296478
/Record/Reference/7/ReferenceNumber,number,9
/Record/Reference/7/SourceName,string,PubChem Elements
/Record/Reference/7/SourceID,string,ep_73
/Record/Reference/7/Name,string,Tantalum
/Record/Reference/7/Description,string,The element property data was retrieved from publications.
/Record/Reference/7/LicenseURL,string,https://www.nlm.nih.gov/copyright.html
/Record/Reference/7/ANID,number,24834182
/Record/Reference/8/ReferenceNumber,number,8
/Record/Reference/8/SourceName,string,PubChem Elements
/Record/Reference/8/SourceID,string,ef_73
/Record/Reference/8/Name,string,Tantalum
/Record/Reference/8/Description,string,This section provides all form of data related to element Tantalum.
/Record/Reference/8/LicenseURL,string,https://www.nlm.nih.gov/copyright.html
/Record/Reference/8/ANID,number,24834001
