path,type,value
/Record/RecordType,string,AtomicNumber
/Record/RecordNumber,number,16
/Record/RecordTitle,string,Sulfur
/Record/Section/0/TOCHeading,string,Identifiers
/Record/Section/0/Description,string,"Identifiers for this element, including element name, element symbol, InChI string, and InChIKey."
/Record/Section/0/Section/0/TOCHeading,string,Element Name
/Record/Section/0/Section/0/Description,string,"The formal, standard name for a given element, originating from factors such as common usage and the person or place involved in its discovery. Element, also called chemical element, refers to a species of atom; all varieties of atoms with the same number of protons in the nucleus (but possibly a different number of neutrons) are considered to be the same element."
/Record/Section/0/Section/0/Information/0/ReferenceNumber,number,1
/Record/Section/0/Section/0/Information/0/Name,string,Element Name
/Record/Section/0/Section/0/Information/0/Value/StringWithMarkup/0/String,string,Sulfur
/Record/Section/0/Section/0/Information/1/ReferenceNumber,number,3
/Record/Section/0/Section/0/Information/1/Name,string,Element Name
/Record/Section/0/Section/0/Information/1/Value/StringWithMarkup/0/String,string,Sulfur
/Record/Section/0/Section/1/TOCHeading,string,Element Symbol
/Record/Section/0/Section/1/Description,string,"Element symbol, also called atomic symbol, typically consists of one or two letters from the Latin alphabet derived from the element name in one of several languages."
/Record/Section/0/Section/1/Information/0/ReferenceNumber,number,1
/Record/Section/0/Section/1/Information/0/Name,string,Element Symbol
/Record/Section/0/Section/1/Information/0/Value/StringWithMarkup/0/String,string,S
/Record/Section/0/Section/1/Information/1/ReferenceNumber,number,3
/Record/Section/0/Section/1/Information/1/Name,string,Element Symbol
/Record/Section/0/Section/1/Information/1/Value/StringWithMarkup/0/String,string,S
/Record/Section/0/Section/2/TOCHeading,string,InChI
/Record/Section/0/Section/2/Description,string,"The International Chemical Identifier (InChI) is a computed, non-proprietary identifier for a chemical structure.  The InChI is an International Union of Pure and Applied Chemistry (IUPAC) standard."
/Record/Section/0/Section/2/URL,string,https://iupac.org/who-we-are/divisions/division-details/inchi/
/Record/Section/0/Section/2/Information/0/ReferenceNumber,number,1
/Record/Section/0/Section/2/Information/0/Name,string,InChI
/Record/Section/0/Section/2/Information/0/Value/StringWithMarkup/0/String,string,InChI=1S/S
/Record/Section/0/Section/3/TOCHeading,string,InChIKey
/Record/Section/0/Section/3/Description,string,"An InChIKey is a 27-character hashed code derived from an InChI.  The International Chemical Identifier (InChI) is a computed, non-proprietary identifier for a chemical structure.  The InChI is an International Union of Pure and Applied Chemistry (IUPAC) standard."
/Record/Section/0/Section/3/URL,string,https://iupac.org/who-we-are/divisions/division-details/inchi/
/Record/Section/0/Section/3/Information/0/ReferenceNumber,number,1
/Record/Section/0/Section/3/Information/0/Name,string,InChIKey
/Record/Section/0/Section/3/Information/0/Value/StringWithMarkup/0/String,string,NINIDFKCEFEMDL-UHFFFAOYSA-N
/Record/Section/1/TOCHeading,string,Properties
/Record/Section/1/Description,string,"Characteristics of this element, such as atomic number, atomic mass, density, melting point, boiling point and so on."
/Record/Section/1/Section/0/TOCHeading,string,Atomic Weight
/Record/Section/1/Section/0/Description,string,"Also called relative atomic mass, is the ratio of the average mass of the atom to the unified atomic mass unit, defined as one twelfth of the mass of a carbon-12 atom in its ground state and used to express masses of atomic particles, u=1.660 5402(10) * 10**(-27) kg. The Standard atomic weights refer to recommended values of relative atomic masses of the elements revised biennially by the IUPAC Commission on Atomic Weights and Isotopic Abundances and applicable to elements in any normal sample with a high level of confidence. The number in the parenthesis refers to an uncertainty when exists. The unit of atomic weight is the dalton or unified atomic mass unit (symbol: Da or u)."
/Record/Section/1/Section/0/Information/0/ReferenceNumber,number,3
/Record/Section/1/Section/0/Information/0/Name,string,Atomic Weight
/Record/Section/1/Section/0/Information/0/Value/StringWithMarkup/0/String,string,"[32.059, 32.076]"
/Record/Section/1/Section/0/Information/1/ReferenceNumber,number,5
/Record/Section/1/Section/0/Information/1/Value/StringWithMarkup/0/String,string,32.066
/Record/Section/1/Section/0/Information/2/ReferenceNumber,number,6
/Record/Section/1/Section/0/Information/2/Value/StringWithMarkup/0/String,string,32.06
/Record/Section/1/Section/0/Information/3/ReferenceNumber,number,7
/Record/Section/1/Section/0/Information/3/Value/StringWithMarkup/0/String,string,"[32.059,32.076]"
/Record/Section/1/Section/1/TOCHeading,string,Electron Configuration
/Record/Section/1/Section/1/Description,string,"The electron configuration refers a distribution of the electrons of an atom or a molecular entity over a set of one-electron wavefunctions (called orbitals), according to the Pauli principle. From one configuration several states with different multiplicities may result."
/Record/Section/1/Section/1/URL,string,https://chem.libretexts.org/Courses/Sacramento_City_College/SCC%3A_Chem_420_-_Organic_Chemistry_I/Text/01%3A_Introduction_and_Review/1.04%3A_Electron_Configurations
/Record/Section/1/Section/1/Information/0/ReferenceNumber,number,6
/Record/Section/1/Section/1/Information/0/Value/StringWithMarkup/0/String,string,[Ne]3s23p4
/Record/Section/1/Section/1/Information/0/Value/StringWithMarkup/0/Markup/0/Start,number,6
/Record/Section/1/Section/1/Information/0/Value/StringWithMarkup/0/Markup/0/Length,number,1
/Record/Section/1/Section/1/Information/0/Value/StringWithMarkup/0/Markup/0/Type,string,Superscript
/Record/Section/1/Section/1/Information/0/Value/StringWithMarkup/0/Markup/1/Start,number,9
/Record/Section/1/Section/1/Information/0/Value/StringWithMarkup/0/Markup/1/Length,number,1
/Record/Section/1/Section/1/Information/0/Value/StringWithMarkup/0/Markup/1/Type,string,Superscript
/Record/Section/1/Section/2/TOCHeading,string,Atomic Radius
/Record/Section/1/Section/2/Description,string,"The atomic radius of a chemical element is a measure of the size of its atom, usually, the distance from the center of the nucleus to the outermost isolated electron.  Because an atom does not have a discrete boundary, there are various non-equivalent definitions of atomic radius, such as Van der Waals radius and covalent radius."
/Record/Section/1/Section/2/Information/0/ReferenceNumber,number,6
/Record/Section/1/Section/2/Information/0/Name,string,Van der Waals Atomic Radius
/Record/Section/1/Section/2/Information/0/Value/StringWithMarkup/0/String,string,180 pm (Van der Waals)
/Record/Section/1/Section/2/Information/1/ReferenceNumber,number,9
/Record/Section/1/Section/2/Information/1/Name,string,Empirical Atomic Radius
/Record/Section/1/Section/2/Information/1/Reference/0,string,"J.C. Slater, J Chem Phys, 1964, 41(10), 3199-3205. DOI:10.1063/1.1725697"
/Record/Section/1/Section/2/Information/1/ExtendedReference/0/Citation,string,"J.C. Slater, J Chem Phys, 1964, 41(10), 3199-3205. DOI:10.1063/1.1725697"
/Record/Section/1/Section/2/Information/1/Value/Number/0,number,100
/Record/Section/1/Section/2/Information/1/Value/Unit,string,pm (Empirical)
/Record/Section/1/Section/2/Information/2/ReferenceNumber,number,9
/Record/Section/1/Section/2/Information/2/Name,string,Covalent Atomic Radius
/Record/Section/1/Section/2/Information/2/Reference/0,string,"B. Cordero, V. Gómez, A.E. Platero-Prats, M. Revés, J. Echeverría, E. Cremades, F. Barragán, S. Alvarez, Dalton Trans. 2008, 21, 2832-2838. DOI:10.1039/b801115j PMID:18478144."
/Record/Section/1/Section/2/Information/2/ExtendedReference/0/Citation,string,"B. Cordero, V. Gómez, A.E. Platero-Prats, M. Revés, J. Echeverría, E. Cremades, F. Barragán, S. Alvarez, Dalton Trans. 2008, 21, 2832-2838. DOI:10.1039/b801115j PMID:18478144."
/Record/Section/1/Section/2/Information/2/Value/StringWithMarkup/0/String,string,105(3) pm (Covalent)
/Record/Section/1/Section/3/TOCHeading,string,Oxidation States
/Record/Section/1/Section/3/Description,string,"The oxidation state(s) that this element commonly has in a compound.  The oxidation state of an atom is defined as the hypothetical charge that would be held by that atom if all of its bonds to other atoms were completely ionic in nature. For example, the oxidation state of carbon in CO2 would be +4 since the hypothetical charge held by the carbon atom if both of the carbon-oxygen double bonds were completely ionic would be equal to +4 (each oxygen atom would hold a charge of -2 since oxygen is more electronegative than carbon)."
/Record/Section/1/Section/3/URL,string,https://chem.libretexts.org/Bookshelves/General_Chemistry/Map%3A_Chemistry_-_The_Central_Science_(Brown_et_al.)/20%3A_Electrochemistry/20.01%3A_Oxidation_States_and_Redox_Reactions
/Record/Section/1/Section/3/Information/0/ReferenceNumber,number,5
/Record/Section/1/Section/3/Information/0/Value/StringWithMarkup/0/String,string,"+6, +4, -2"
/Record/Section/1/Section/3/Information/1/ReferenceNumber,number,6
/Record/Section/1/Section/3/Information/1/Value/StringWithMarkup/0/String,string,"6, 5, 4, 3, 2, 1, -1, -2 ​(a strongly acidic oxide)"
/Record/Section/1/Section/4/TOCHeading,string,Ground Level
/Record/Section/1/Section/4/Description,string,Also called ground-state level. The ground state electron configuration is the arrangement of electrons around the nucleus of an atom with lower energy levels.
/Record/Section/1/Section/4/Information/0/ReferenceNumber,number,7
/Record/Section/1/Section/4/Information/0/Value/StringWithMarkup/0/String,string,3P2
/Record/Section/1/Section/4/Information/0/Value/StringWithMarkup/0/Markup/0/Start,number,0
/Record/Section/1/Section/4/Information/0/Value/StringWithMarkup/0/Markup/0/Length,number,1
/Record/Section/1/Section/4/Information/0/Value/StringWithMarkup/0/Markup/0/Type,string,Superscript
/Record/Section/1/Section/4/Information/0/Value/StringWithMarkup/0/Markup/1/Start,number,2
/Record/Section/1/Section/4/Information/0/Value/StringWithMarkup/0/Markup/1/Length,number,1
/Record/Section/1/Section/4/Information/0/Value/StringWithMarkup/0/Markup/1/Type,string,Subscript
/Record/Section/1/Section/5/TOCHeading,string,Ionization Energy
/Record/Section/1/Section/5/Description,string,"Ionization energy, also called ionization potential, is the amount of energy required to remove an electron from an isolated atom or molecule."
/Record/Section/1/Section/5/URL,string,https://www.britannica.com/science/ionization-energy
/Record/Section/1/Section/5/Information/0/ReferenceNumber,number,5
/Record/Section/1/Section/5/Information/0/Value/StringWithMarkup/0/String,string,10.360 eV
/Record/Section/1/Section/5/Information/1/ReferenceNumber,number,7
/Record/Section/1/Section/5/Information/1/Reference/0,string,"Updated System of S I Levels Using Fourier Transform Infrared Spectroscopy in the Range from 800 to 11,000 cm-1, S. Civiš, A. Kramida, E. M. Zanozina, J. Kubišta, P. Kubelík, M. Ferus, and V. E. Chernov, Astrophys. J., Suppl. Ser. 274, 32 (2024) DOI:10.3847/1538-4365/ad6904"
/Record/Section/1/Section/5/Information/1/ExtendedReference/0/Citation,string,"Updated System of S I Levels Using Fourier Transform Infrared Spectroscopy in the Range from 800 to 11,000 cm-1, S. Civiš, A. Kramida, E. M. Zanozina, J. Kubišta, P. Kubelík, M. Ferus, and V. E. Chernov, Astrophys. J., Suppl. Ser. 274, 32 (2024) DOI:10.3847/1538-4365/ad6904"
/Record/Section/1/Section/5/Information/1/Value/StringWithMarkup/0/String,string,10.3600167 ± 0.0000014 eV
/Record/Section/1/Section/6/TOCHeading,string,Electronegativity
/Record/Section/1/Section/6/Description,string,Electronegativity is a measure of the tendency of an atom to attract a bonding pair of electrons.
/Record/Section/1/Section/6/URL,string,https://chem.libretexts.org/Bookshelves/Physical_and_Theoretical_Chemistry_Textbook_Maps/Supplemental_Modules_(Physical_and_Theoretical_Chemistry)/Physical_Properties_of_Matter/Atomic_and_Molecular_Properties/Electronegativity
/Record/Section/1/Section/6/Information/0/ReferenceNumber,number,9
/Record/Section/1/Section/6/Information/0/Name,string,Pauling Scale Electronegativity
/Record/Section/1/Section/6/Information/0/Reference/0,string,"A.L. Allred, J. Inorg. Nucl. Chem., 1961, 17(3-4), 215-221. DOI:10.1016/0022-1902(61)80142-5"
/Record/Section/1/Section/6/Information/0/ExtendedReference/0/Citation,string,"A.L. Allred, J. Inorg. Nucl. Chem., 1961, 17(3-4), 215-221. DOI:10.1016/0022-1902(61)80142-5"
/Record/Section/1/Section/6/Information/0/Value/Number/0,number,2.58
/Record/Section/1/Section/6/Information/0/Value/Unit,string,(Pauling Scale)
/Record/Section/1/Section/6/Information/1/ReferenceNumber,number,9
/Record/Section/1/Section/6/Information/1/Name,string,Allen Scale Electronegativity
/Record/Section/1/Section/6/Information/1/Reference/0,string,"L.C. Allen, J. Am. Chem. Soc., 1989, 111, 9003. DOI:10.1021/ja00207a003"
/Record/Section/1/Section/6/Information/1/Reference/1,string,"J.B. Mann, T.L. Meek and L.C. Allen, J. Am. Chem. Soc., 2000, 122, 2780. DOI:10.1021/ja992866e"
/Record/Section/1/Section/6/Information/1/Reference/2,string,"J.B. Mann, T.L. Meek, E.T. Knight, J.F. Capitani and L.C Allen, J. Am. Chem. Soc., 2000, 122, 5132. DOI:10.1021/ja9928677"
/Record/Section/1/Section/6/Information/1/ExtendedReference/0/Citation,string,"L.C. Allen, J. Am. Chem. Soc., 1989, 111, 9003. DOI:10.1021/ja00207a003"
/Record/Section/1/Section/6/Information/1/ExtendedReference/1/Citation,string,"J.B. Mann, T.L. Meek and L.C. Allen, J. Am. Chem. Soc., 2000, 122, 2780. DOI:10.1021/ja992866e"
/Record/Section/1/Section/6/Information/1/ExtendedReference/2/Citation,string,"J.B. Mann, T.L. Meek, E.T. Knight, J.F. Capitani and L.C Allen, J. Am. Chem. Soc., 2000, 122, 5132. DOI:10.1021/ja9928677"
/Record/Section/1/Section/6/Information/1/Value/Number/0,number,2.589
/Record/Section/1/Section/6/Information/1/Value/Unit,string,(Allen Scale)
/Record/Section/1/Section/7/TOCHeading,string,Electron Affinity
/Record/Section/1/Section/7/Description,string,"Electron affinity refers to the energy released when an additional electron is attached to a neutral atom to form a singly charged negative ion.  Alternatively, it can also be defined as the energy required to detach an electron from the singly charged negative ion."
/Record/Section/1/Section/7/URL,string,https://chem.libretexts.org/Bookshelves/Physical_and_Theoretical_Chemistry_Textbook_Maps/Supplemental_Modules_(Physical_and_Theoretical_Chemistry)/Physical_Properties_of_Matter/Atomic_and_Molecular_Properties/Electron_Affinity
/Record/Section/1/Section/7/Information/0/ReferenceNumber,number,9
/Record/Section/1/Section/7/Information/0/Reference/0,string,"R.T Myers, J. Chem. Edu., 1990, 67(4), 307. DOI:10.1021/ed067p307"
/Record/Section/1/Section/7/Information/0/ExtendedReference/0/Citation,string,"R.T Myers, J. Chem. Edu., 1990, 67(4), 307. DOI:10.1021/ed067p307"
/Record/Section/1/Section/7/Information/0/Value/Number/0,number,2.077
/Record/Section/1/Section/7/Information/0/Value/Unit,string,eV
/Record/Section/1/Section/7/Information/1/ReferenceNumber,number,9
/Record/Section/1/Section/7/Information/1/Reference/0,string,"R.J. Zollweg, J. Chem. Phys., 1969, 50, 4251. DOI:10.1063/1.1670890"
/Record/Section/1/Section/7/Information/1/ExtendedReference/0/Citation,string,"R.J. Zollweg, J. Chem. Phys., 1969, 50, 4251. DOI:10.1063/1.1670890"
/Record/Section/1/Section/7/Information/1/Value/Number/0,number,2.04
/Record/Section/1/Section/7/Information/1/Value/Unit,string,eV
/Record/Section/1/Section/8/TOCHeading,string,Atomic Spectra
/Record/Section/1/Section/8/Description,string,The spectrum of the electromagnetic radiation emitted or absorbed by an electron during transitions between different energy levels within an atom.
/Record/Section/1/Section/8/Information/0/ReferenceNumber,number,7
/Record/Section/1/Section/8/Information/0/URL,string,https://physics.nist.gov/cgi-bin/ASD/lines_hold.pl?el=S
/Record/Section/1/Section/8/Information/0/Value/StringWithMarkup/0/String,string,Lines Holdings
/Record/Section/1/Section/8/Information/1/ReferenceNumber,number,7
/Record/Section/1/Section/8/Information/1/URL,string,https://physics.nist.gov/cgi-bin/ASD/levels_hold.pl?el=S
/Record/Section/1/Section/8/Information/1/Value/StringWithMarkup/0/String,string,Levels Holdings
/Record/Section/1/Section/9/TOCHeading,string,Physical Description
/Record/Section/1/Section/9/Description,string,"The appearance or features of this element, including color, odor, state, taste and more in general."
/Record/Section/1/Section/9/Information/0/ReferenceNumber,number,5
/Record/Section/1/Section/9/Information/0/Value/StringWithMarkup/0/String,string,Solid
/Record/Section/1/Section/10/TOCHeading,string,Element Classification
/Record/Section/1/Section/10/Description,string,"Classification according to the element's chemical and physical properties, and location within the periodic table."
/Record/Section/1/Section/10/Information/0/ReferenceNumber,number,5
/Record/Section/1/Section/10/Information/0/Value/StringWithMarkup/0/String,string,Non-metal
/Record/Section/1/Section/11/TOCHeading,string,Element Period Number
/Record/Section/1/Section/11/Description,string,The element period number refers to a horizontal row of the periodic table. The periodic table has 7 periods.
/Record/Section/1/Section/11/Information/0/ReferenceNumber,number,5
/Record/Section/1/Section/11/Information/0/Value/StringWithMarkup/0/String,string,3
/Record/Section/1/Section/12/TOCHeading,string,Element Group Number
/Record/Section/1/Section/12/Description,string,Element group refers to a set of chemical elements in the same vertical column of the periodic table
/Record/Section/1/Section/12/Information/0/ReferenceNumber,number,5
/Record/Section/1/Section/12/Information/0/Value/StringWithMarkup/0/String,string,16 - Chalcogen
/Record/Section/1/Section/13/TOCHeading,string,Density
/Record/Section/1/Section/13/Description,string,This section provides information on the density of an element. It is the mass of a unit volume of the element and commonly expressed in units of kg/m3 or g/cm3.
/Record/Section/1/Section/13/URL,string,https://chem.libretexts.org/Bookshelves/Introductory_Chemistry/Map%3A_Fundamentals_of_General_Organic_and_Biological_Chemistry_(McMurry_et_al.)/01%3A_Matter_and_Measurements/1.12%3A_Density_and_Specific_Gravity
/Record/Section/1/Section/13/Information/0/ReferenceNumber,number,5
/Record/Section/1/Section/13/Information/0/Value/StringWithMarkup/0/String,string,2.067 grams per cubic centimeter
/Record/Section/1/Section/14/TOCHeading,string,Melting Point
/Record/Section/1/Section/14/Description,string,"This section provides the melting point and/or freezing point. The melting point is the temperature at which a substance changes state from solid to liquid at atmospheric pressure. When considered as the temperature of the reverse change (from liquid to solid), it is referred to as the freezing point."
/Record/Section/1/Section/14/URL,string,https://chem.libretexts.org/Bookshelves/Organic_Chemistry/Organic_Chemistry_Lab_Techniques_(Nichols)/06%3A_Miscellaneous_Techniques/6.01%3A_Melting_Point
/Record/Section/1/Section/14/Information/0/ReferenceNumber,number,5
/Record/Section/1/Section/14/Information/0/Value/StringWithMarkup/0/String,string,388.36 K (115.21°C or 239.38°F)
/Record/Section/1/Section/14/Information/1/ReferenceNumber,number,6
/Record/Section/1/Section/14/Information/1/Value/StringWithMarkup/0/String,string,115.21°C
/Record/Section/1/Section/15/TOCHeading,string,Boiling Point
/Record/Section/1/Section/15/Description,string,The temperature at which this element changes state from liquid to gas at a given atmospheric pressure.
/Record/Section/1/Section/15/URL,string,https://chem.libretexts.org/Bookshelves/Organic_Chemistry/Organic_Chemistry_Lab_Techniques_(Nichols)/06%3A_Miscellaneous_Techniques/6.02%3A_Boiling_Point
/Record/Section/1/Section/15/Information/0/ReferenceNumber,number,5
/Record/Section/1/Section/15/Information/0/Value/StringWithMarkup/0/String,string,717.75 K (444.60°C or 832.28°F)
/Record/Section/1/Section/15/Information/1/ReferenceNumber,number,6
/Record/Section/1/Section/15/Information/1/Value/StringWithMarkup/0/String,string,444.60°C
/Record/Section/1/Section/16/TOCHeading,string,Estimated Crustal Abundance
/Record/Section/1/Section/16/Description,string,The estimated element abundance in the earth's crust.
/Record/Section/1/Section/16/Information/0/ReferenceNumber,number,5
/Record/Section/1/Section/16/Information/0/Value/StringWithMarkup/0/String,string,3.50×102 milligrams per kilogram
/Record/Section/1/Section/16/Information/0/Value/StringWithMarkup/0/Markup/0/Start,number,7
/Record/Section/1/Section/16/Information/0/Value/StringWithMarkup/0/Markup/0/Length,number,1
/Record/Section/1/Section/16/Information/0/Value/StringWithMarkup/0/Markup/0/Type,string,Superscript
/Record/Section/1/Section/17/TOCHeading,string,Estimated Oceanic Abundance
/Record/Section/1/Section/17/Description,string,The estimated element abundance in the earth's oceans.
/Record/Section/1/Section/17/Information/0/ReferenceNumber,number,5
/Record/Section/1/Section/17/Information/0/Value/StringWithMarkup/0/String,string,9.05×102 milligrams per liter
/Record/Section/1/Section/17/Information/0/Value/StringWithMarkup/0/Markup/0/Start,number,7
/Record/Section/1/Section/17/Information/0/Value/StringWithMarkup/0/Markup/0/Length,number,1
/Record/Section/1/Section/17/Information/0/Value/StringWithMarkup/0/Markup/0/Type,string,Superscript
/Record/Section/2/TOCHeading,string,History
/Record/Section/2/Description,string,The history of the discovery and use of this element.
/Record/Section/2/Information/0/ReferenceNumber,number,3
/Record/Section/2/Information/0/Name,string,History
/Record/Section/2/Information/0/Value/StringWithMarkup/0/String,string,"The name derives from the Latin sulphurium and the Sanskrit sulveri. Sulfur was known as brenne stone for ""combustible stone"" from which brim-stone is derived. It was known from prehistoric times and thought to contain hydrogen and oxygen. In 1809, the French chemists Louis-Joseph Gay-Lussac and Louis-Jacques Thenard proved the elemental nature of sulfur."
/Record/Section/2/Information/0/Value/StringWithMarkup/0/Markup/0/Start,number,32
/Record/Section/2/Information/0/Value/StringWithMarkup/0/Markup/0/Length,number,10
/Record/Section/2/Information/0/Value/StringWithMarkup/0/Markup/0/Type,string,Italics
/Record/Section/2/Information/0/Value/StringWithMarkup/0/Markup/1/Start,number,60
/Record/Section/2/Information/0/Value/StringWithMarkup/0/Markup/1/Length,number,7
/Record/Section/2/Information/0/Value/StringWithMarkup/0/Markup/1/Type,string,Italics
/Record/Section/2/Information/0/Value/StringWithMarkup/0/Markup/2/Start,number,89
/Record/Section/2/Information/0/Value/StringWithMarkup/0/Markup/2/Length,number,12
/Record/Section/2/Information/0/Value/StringWithMarkup/0/Markup/2/Type,string,Italics
/Record/Section/2/Information/1/ReferenceNumber,number,5
/Record/Section/2/Information/1/Value/StringWithMarkup/0/String,string,"Sulfur, the tenth most abundant element in the universe, has been known since ancient times. Sometime around 1777, Antoine Lavoisier convinced the rest of the scientific community that sulfur was an element. Sulfur is a component of many common minerals, such as galena (PbS), gypsum (CaSO4·2(H2O), pyrite (FeS2), sphalerite (ZnS or FeS), cinnabar (HgS), stibnite (Sb2S3), epsomite (MgSO4·7(H2O)), celestite (SrSO4) and barite (BaSO4). Nearly 25% of the sulfur produced today is recovered from petroleum refining operations and as a byproduct of extracting other materials from sulfur containing ores. The majority of the sulfur produced today is obtained from underground deposits, usually found in conjunction with salt deposits, with a process known as the Frasch process. Sulfur is a pale yellow, odorless and brittle material. It displays three allotropic forms: orthorhombic, monoclinic and amorphous. The orthorhombic form is the most stable form of sulfur. Monoclinic sulfur exists between the temperatures of 96°C and 119°C and reverts back to the orthorhombic form when cooled. Amorphous sulfur is formed when molten sulfur is quickly cooled. Amorphous sulfur is soft and elastic and eventually reverts back to the orthorhombic form."
/Record/Section/2/Information/1/Value/StringWithMarkup/0/Markup/0/Start,number,289
/Record/Section/2/Information/1/Value/StringWithMarkup/0/Markup/0/Length,number,1
/Record/Section/2/Information/1/Value/StringWithMarkup/0/Markup/0/Type,string,Subscript
/Record/Section/2/Information/1/Value/StringWithMarkup/0/Markup/1/Start,number,294
/Record/Section/2/Information/1/Value/StringWithMarkup/0/Markup/1/Length,number,1
/Record/Section/2/Information/1/Value/StringWithMarkup/0/Markup/1/Type,string,Subscript
/Record/Section/2/Information/1/Value/StringWithMarkup/0/Markup/2/Start,number,310
/Record/Section/2/Information/1/Value/StringWithMarkup/0/Markup/2/Length,number,1
/Record/Section/2/Information/1/Value/StringWithMarkup/0/Markup/2/Type,string,Subscript
/Record/Section/2/Information/1/Value/StringWithMarkup/0/Markup/3/Start,number,367
/Record/Section/2/Information/1/Value/StringWithMarkup/0/Markup/3/Length,number,1
/Record/Section/2/Information/1/Value/StringWithMarkup/0/Markup/3/Type,string,Subscript
/Record/Section/2/Information/1/Value/StringWithMarkup/0/Markup/4/Start,number,369
/Record/Section/2/Information/1/Value/StringWithMarkup/0/Markup/4/Length,number,1
/Record/Section/2/Information/1/Value/StringWithMarkup/0/Markup/4/Type,string,Subscript
/Record/Section/2/Information/1/Value/StringWithMarkup/0/Markup/5/Start,number,387
/Record/Section/2/Information/1/Value/StringWithMarkup/0/Markup/5/Length,number,1
/Record/Section/2/Information/1/Value/StringWithMarkup/0/Markup/5/Type,string,Subscript
/Record/Section/2/Information/1/Value/StringWithMarkup/0/Markup/6/Start,number,392
/Record/Section/2/Information/1/Value/StringWithMarkup/0/Markup/6/Length,number,1
/Record/Section/2/Information/1/Value/StringWithMarkup/0/Markup/6/Type,string,Subscript
/Record/Section/2/Information/1/Value/StringWithMarkup/0/Markup/7/Start,number,413
/Record/Section/2/Information/1/Value/StringWithMarkup/0/Markup/7/Length,number,1
/Record/Section/2/Information/1/Value/StringWithMarkup/0/Markup/7/Type,string,Subscript
/Record/Section/2/Information/1/Value/StringWithMarkup/0/Markup/8/Start,number,432
/Record/Section/2/Information/1/Value/StringWithMarkup/0/Markup/8/Length,number,1
/Record/Section/2/Information/1/Value/StringWithMarkup/0/Markup/8/Type,string,Subscript
/Record/Section/2/Information/2/ReferenceNumber,number,6
/Record/Section/2/Information/2/Value/StringWithMarkup/0/String,string,Known to the ancients; referred to in Genesis as brimstone.
/Record/Section/2/Section/0/TOCHeading,string,Historical Atomic Weights
/Record/Section/2/Section/0/Description,string,This section provides the historical atomic weights. The atomic weight shown in brackets means the value range while others shown with uncertainty in parenthesis.
/Record/Section/2/Section/0/DisplayControls/CreateTable/FromInformationIn,string,ThisSection
/Record/Section/2/Section/0/DisplayControls/CreateTable/NumberOfColumns,number,3
/Record/Section/2/Section/0/DisplayControls/CreateTable/ColumnsFromNamedLists/Name/0,string,Year
/Record/Section/2/Section/0/DisplayControls/CreateTable/ColumnsFromNamedLists/Name/1,string,Atomic Weight (uncertainty) [u]
/Record/Section/2/Section/0/DisplayControls/CreateTable/ColumnsFromNamedLists/Name/2,string,Reference
/Record/Section/2/Section/0/DisplayControls/CreateTable/ColumnsFromNamedLists/UseNamesAsColumnHeadings,boolean,true
/Record/Section/2/Section/0/Information/0/ReferenceNumber,number,3
/Record/Section/2/Section/0/Information/0/Name,string,Year
/Record/Section/2/Section/0/Information/0/Value/StringWithMarkup/0/String,string,2009
/Record/Section/2/Section/0/Information/0/Value/StringWithMarkup/1/String,string,1999
/Record/Section/2/Section/0/Information/0/Value/StringWithMarkup/2/String,string,1983
/Record/Section/2/Section/0/Information/0/Value/StringWithMarkup/3/String,string,1969
/Record/Section/2/Section/0/Information/0/Value/StringWithMarkup/4/String,string,1961
/Record/Section/2/Section/0/Information/0/Value/StringWithMarkup/5/String,string,1951
/Record/Section/2/Section/0/Information/0/Value/StringWithMarkup/6/String,string,1947
/Record/Section/2/Section/0/Information/0/Value/StringWithMarkup/7/String,string,1931
/Record/Section/2/Section/0/Information/0/Value/StringWithMarkup/8/String,string,1925
/Record/Section/2/Section/0/Information/0/Value/StringWithMarkup/9/String,string,1916
/Record/Section/2/Section/0/Information/0/Value/StringWithMarkup/10/String,string,1909
/Record/Section/2/Section/0/Information/0/Value/StringWithMarkup/11/String,string,1902
/Record/Section/2/Section/0/Information/1/ReferenceNumber,number,3
/Record/Section/2/Section/0/Information/1/Name,string,Atomic Weight (uncertainty)
/Record/Section/2/Section/0/Information/1/Value/StringWithMarkup/0/String,string,"[32.059, 32.076]"
/Record/Section/2/Section/0/Information/1/Value/StringWithMarkup/1/String,string,32.065(5)
/Record/Section/2/Section/0/Information/1/Value/StringWithMarkup/2/String,string,32.066(6)
/Record/Section/2/Section/0/Information/1/Value/StringWithMarkup/3/String,string,32.06(1)
/Record/Section/2/Section/0/Information/1/Value/StringWithMarkup/4/String,string,32.064(3)
/Record/Section/2/Section/0/Information/1/Value/StringWithMarkup/5/String,string,32.066(3)
/Record/Section/2/Section/0/Information/1/Value/StringWithMarkup/6/String,string,32.066
/Record/Section/2/Section/0/Information/1/Value/StringWithMarkup/7/String,string,32.06
/Record/Section/2/Section/0/Information/1/Value/StringWithMarkup/8/String,string,32.064
/Record/Section/2/Section/0/Information/1/Value/StringWithMarkup/9/String,string,32.06
/Record/Section/2/Section/0/Information/1/Value/StringWithMarkup/10/String,string,32.07
/Record/Section/2/Section/0/Information/1/Value/StringWithMarkup/11/String,string,32.06
/Record/Section/2/Section/0/Information/2/ReferenceNumber,number,3
/Record/Section/2/Section/0/Information/2/Name,string,Reference
/Record/Section/2/Section/0/Information/2/Value/StringWithMarkup/0/String,string,doi:10.1351/PAC-REP-10-09-14
/Record/Section/2/Section/0/Information/2/Value/StringWithMarkup/0/Markup/0/Start,number,0
/Record/Section/2/Section/0/Information/2/Value/StringWithMarkup/0/Markup/0/Length,number,28
/Record/Section/2/Section/0/Information/2/Value/StringWithMarkup/0/Markup/0/URL,string,https://doi.org/10.1351/PAC-REP-10-09-14
/Record/Section/2/Section/0/Information/2/Value/StringWithMarkup/1/String,string,doi:10.1351/pac200173040667
/Record/Section/2/Section/0/Information/2/Value/StringWithMarkup/1/Markup/0/Start,number,0
/Record/Section/2/Section/0/Information/2/Value/StringWithMarkup/1/Markup/0/Length,number,27
/Record/Section/2/Section/0/Information/2/Value/StringWithMarkup/1/Markup/0/URL,string,https://doi.org/10.1351/pac200173040667
/Record/Section/2/Section/0/Information/2/Value/StringWithMarkup/2/String,string,doi:10.1351/pac198456060653
/Record/Section/2/Section/0/Information/2/Value/StringWithMarkup/2/Markup/0/Start,number,0
/Record/Section/2/Section/0/Information/2/Value/StringWithMarkup/2/Markup/0/Length,number,27
/Record/Section/2/Section/0/Information/2/Value/StringWithMarkup/2/Markup/0/URL,string,https://doi.org/10.1351/pac198456060653
/Record/Section/2/Section/0/Information/2/Value/StringWithMarkup/3/String,string,doi:10.1351/pac197021010091
/Record/Section/2/Section/0/Information/2/Value/StringWithMarkup/3/Markup/0/Start,number,0
/Record/Section/2/Section/0/Information/2/Value/StringWithMarkup/3/Markup/0/Length,number,27
/Record/Section/2/Section/0/Information/2/Value/StringWithMarkup/3/Markup/0/URL,string,https://doi.org/10.1351/pac197021010091
/Record/Section/2/Section/0/Information/2/Value/StringWithMarkup/4/String,string,doi:10.1021/ja00881a001
/Record/Section/2/Section/0/Information/2/Value/StringWithMarkup/4/Markup/0/Start,number,0
/Record/Section/2/Section/0/Information/2/Value/StringWithMarkup/4/Markup/0/Length,number,23
/Record/Section/2/Section/0/Information/2/Value/StringWithMarkup/4/Markup/0/URL,string,https://doi.org/10.1021/ja00881a001
/Record/Section/2/Section/0/Information/2/Value/StringWithMarkup/5/String,string,doi:10.1039/JR9530000001
/Record/Section/2/Section/0/Information/2/Value/StringWithMarkup/5/Markup/0/Start,number,0
/Record/Section/2/Section/0/Information/2/Value/StringWithMarkup/5/Markup/0/Length,number,24
/Record/Section/2/Section/0/Information/2/Value/StringWithMarkup/5/Markup/0/URL,string,https://doi.org/10.1039/JR9530000001
/Record/Section/2/Section/0/Information/2/Value/StringWithMarkup/6/String,string,doi:10.1039/JR9510000001
/Record/Section/2/Section/0/Information/2/Value/StringWithMarkup/6/Markup/0/Start,number,0
/Record/Section/2/Section/0/Information/2/Value/StringWithMarkup/6/Markup/0/Length,number,24
/Record/Section/2/Section/0/Information/2/Value/StringWithMarkup/6/Markup/0/URL,string,https://doi.org/10.1039/JR9510000001
/Record/Section/2/Section/0/Information/2/Value/StringWithMarkup/7/String,string,doi:10.1039/JR9310001617
/Record/Section/2/Section/0/Information/2/Value/StringWithMarkup/7/Markup/0/Start,number,0
/Record/Section/2/Section/0/Information/2/Value/StringWithMarkup/7/Markup/0/Length,number,24
/Record/Section/2/Section/0/Information/2/Value/StringWithMarkup/7/Markup/0/URL,string,https://doi.org/10.1039/JR9310001617
/Record/Section/2/Section/0/Information/2/Value/StringWithMarkup/8/String,string,doi:10.1039/CT9252700913
/Record/Section/2/Section/0/Information/2/Value/StringWithMarkup/8/Markup/0/Start,number,0
/Record/Section/2/Section/0/Information/2/Value/StringWithMarkup/8/Markup/0/Length,number,24
/Record/Section/2/Section/0/Information/2/Value/StringWithMarkup/8/Markup/0/URL,string,https://doi.org/10.1039/CT9252700913
/Record/Section/2/Section/0/Information/2/Value/StringWithMarkup/9/String,string,doi:10.1021/ja02176a001
/Record/Section/2/Section/0/Information/2/Value/StringWithMarkup/9/Markup/0/Start,number,0
/Record/Section/2/Section/0/Information/2/Value/StringWithMarkup/9/Markup/0/Length,number,23
/Record/Section/2/Section/0/Information/2/Value/StringWithMarkup/9/Markup/0/URL,string,https://doi.org/10.1021/ja02176a001
/Record/Section/2/Section/0/Information/2/Value/StringWithMarkup/10/String,string,doi:10.1021/ja01931a001
/Record/Section/2/Section/0/Information/2/Value/StringWithMarkup/10/Markup/0/Start,number,0
/Record/Section/2/Section/0/Information/2/Value/StringWithMarkup/10/Markup/0/Length,number,23
/Record/Section/2/Section/0/Information/2/Value/StringWithMarkup/10/Markup/0/URL,string,https://doi.org/10.1021/ja01931a001
/Record/Section/2/Section/0/Information/2/Value/StringWithMarkup/11/String,string,doi:10.1007/BF01370337
/Record/Section/2/Section/0/Information/2/Value/StringWithMarkup/11/Markup/0/Start,number,0
/Record/Section/2/Section/0/Information/2/Value/StringWithMarkup/11/Markup/0/Length,number,22
/Record/Section/2/Section/0/Information/2/Value/StringWithMarkup/11/Markup/0/URL,string,https://doi.org/10.1007/BF01370337
/Record/Section/2/Section/1/TOCHeading,string,Historical Isotopic Abundances
/Record/Section/2/Section/1/Description,string,This section provides the historical isotopic abundance information. The abundance value shown in brackets means the value range while others shown with uncertainty in parenthesis.
/Record/Section/2/Section/1/DisplayControls/CreateTable/FromInformationIn,string,ThisSection
/Record/Section/2/Section/1/DisplayControls/CreateTable/NumberOfColumns,number,4
/Record/Section/2/Section/1/DisplayControls/CreateTable/ColumnsFromNamedLists/Name/0,string,Year
/Record/Section/2/Section/1/DisplayControls/CreateTable/ColumnsFromNamedLists/Name/1,string,Isotope
/Record/Section/2/Section/1/DisplayControls/CreateTable/ColumnsFromNamedLists/Name/2,string,Abundance (uncertainty)
/Record/Section/2/Section/1/DisplayControls/CreateTable/ColumnsFromNamedLists/Name/3,string,Reference
/Record/Section/2/Section/1/DisplayControls/CreateTable/ColumnsFromNamedLists/UseNamesAsColumnHeadings,boolean,true
/Record/Section/2/Section/1/Information/0/ReferenceNumber,number,3
/Record/Section/2/Section/1/Information/0/Name,string,Year
/Record/Section/2/Section/1/Information/0/Value/StringWithMarkup/0/String,string,2013
/Record/Section/2/Section/1/Information/0/Value/StringWithMarkup/1/String,string,2013
/Record/Section/2/Section/1/Information/0/Value/StringWithMarkup/2/String,string,2013
/Record/Section/2/Section/1/Information/0/Value/StringWithMarkup/3/String,string,2013
/Record/Section/2/Section/1/Information/0/Value/StringWithMarkup/4/String,string,2001
/Record/Section/2/Section/1/Information/0/Value/StringWithMarkup/5/String,string,2001
/Record/Section/2/Section/1/Information/0/Value/StringWithMarkup/6/String,string,2001
/Record/Section/2/Section/1/Information/0/Value/StringWithMarkup/7/String,string,2001
/Record/Section/2/Section/1/Information/0/Value/StringWithMarkup/8/String,string,1997
/Record/Section/2/Section/1/Information/0/Value/StringWithMarkup/9/String,string,1997
/Record/Section/2/Section/1/Information/0/Value/StringWithMarkup/10/String,string,1997
/Record/Section/2/Section/1/Information/0/Value/StringWithMarkup/11/String,string,1997
/Record/Section/2/Section/1/Information/0/Value/StringWithMarkup/12/String,string,1989
/Record/Section/2/Section/1/Information/0/Value/StringWithMarkup/13/String,string,1989
/Record/Section/2/Section/1/Information/0/Value/StringWithMarkup/14/String,string,1989
/Record/Section/2/Section/1/Information/0/Value/StringWithMarkup/15/String,string,1989
/Record/Section/2/Section/1/Information/0/Value/StringWithMarkup/16/String,string,1983
/Record/Section/2/Section/1/Information/0/Value/StringWithMarkup/17/String,string,1983
/Record/Section/2/Section/1/Information/0/Value/StringWithMarkup/18/String,string,1983
/Record/Section/2/Section/1/Information/0/Value/StringWithMarkup/19/String,string,1983
/Record/Section/2/Section/1/Information/0/Value/StringWithMarkup/20/String,string,1979
/Record/Section/2/Section/1/Information/0/Value/StringWithMarkup/21/String,string,1979
/Record/Section/2/Section/1/Information/0/Value/StringWithMarkup/22/String,string,1979
/Record/Section/2/Section/1/Information/0/Value/StringWithMarkup/23/String,string,1979
/Record/Section/2/Section/1/Information/0/Value/StringWithMarkup/24/String,string,1975
/Record/Section/2/Section/1/Information/0/Value/StringWithMarkup/25/String,string,1975
/Record/Section/2/Section/1/Information/0/Value/StringWithMarkup/26/String,string,1975
/Record/Section/2/Section/1/Information/0/Value/StringWithMarkup/27/String,string,1975
/Record/Section/2/Section/1/Information/1/ReferenceNumber,number,3
/Record/Section/2/Section/1/Information/1/Name,string,Isotope
/Record/Section/2/Section/1/Information/1/Value/StringWithMarkup/0/String,string,32S
/Record/Section/2/Section/1/Information/1/Value/StringWithMarkup/0/Markup/0/Start,number,0
/Record/Section/2/Section/1/Information/1/Value/StringWithMarkup/0/Markup/0/Length,number,2
/Record/Section/2/Section/1/Information/1/Value/StringWithMarkup/0/Markup/0/Type,string,Superscript
/Record/Section/2/Section/1/Information/1/Value/StringWithMarkup/1/String,string,33S
/Record/Section/2/Section/1/Information/1/Value/StringWithMarkup/1/Markup/0/Start,number,0
/Record/Section/2/Section/1/Information/1/Value/StringWithMarkup/1/Markup/0/Length,number,2
/Record/Section/2/Section/1/Information/1/Value/StringWithMarkup/1/Markup/0/Type,string,Superscript
/Record/Section/2/Section/1/Information/1/Value/StringWithMarkup/2/String,string,34S
/Record/Section/2/Section/1/Information/1/Value/StringWithMarkup/2/Markup/0/Start,number,0
/Record/Section/2/Section/1/Information/1/Value/StringWithMarkup/2/Markup/0/Length,number,2
/Record/Section/2/Section/1/Information/1/Value/StringWithMarkup/2/Markup/0/Type,string,Superscript
/Record/Section/2/Section/1/Information/1/Value/StringWithMarkup/3/String,string,36S
/Record/Section/2/Section/1/Information/1/Value/StringWithMarkup/3/Markup/0/Start,number,0
/Record/Section/2/Section/1/Information/1/Value/StringWithMarkup/3/Markup/0/Length,number,2
/Record/Section/2/Section/1/Information/1/Value/StringWithMarkup/3/Markup/0/Type,string,Superscript
/Record/Section/2/Section/1/Information/1/Value/StringWithMarkup/4/String,string,32S
/Record/Section/2/Section/1/Information/1/Value/StringWithMarkup/4/Markup/0/Start,number,0
/Record/Section/2/Section/1/Information/1/Value/StringWithMarkup/4/Markup/0/Length,number,2
/Record/Section/2/Section/1/Information/1/Value/StringWithMarkup/4/Markup/0/Type,string,Superscript
/Record/Section/2/Section/1/Information/1/Value/StringWithMarkup/5/String,string,33S
/Record/Section/2/Section/1/Information/1/Value/StringWithMarkup/5/Markup/0/Start,number,0
/Record/Section/2/Section/1/Information/1/Value/StringWithMarkup/5/Markup/0/Length,number,2
/Record/Section/2/Section/1/Information/1/Value/StringWithMarkup/5/Markup/0/Type,string,Superscript
/Record/Section/2/Section/1/Information/1/Value/StringWithMarkup/6/String,string,34S
/Record/Section/2/Section/1/Information/1/Value/StringWithMarkup/6/Markup/0/Start,number,0
/Record/Section/2/Section/1/Information/1/Value/StringWithMarkup/6/Markup/0/Length,number,2
/Record/Section/2/Section/1/Information/1/Value/StringWithMarkup/6/Markup/0/Type,string,Superscript
/Record/Section/2/Section/1/Information/1/Value/StringWithMarkup/7/String,string,36S
/Record/Section/2/Section/1/Information/1/Value/StringWithMarkup/7/Markup/0/Start,number,0
/Record/Section/2/Section/1/Information/1/Value/StringWithMarkup/7/Markup/0/Length,number,2
/Record/Section/2/Section/1/Information/1/Value/StringWithMarkup/7/Markup/0/Type,string,Superscript
/Record/Section/2/Section/1/Information/1/Value/StringWithMarkup/8/String,string,32S
/Record/Section/2/Section/1/Information/1/Value/StringWithMarkup/8/Markup/0/Start,number,0
/Record/Section/2/Section/1/Information/1/Value/StringWithMarkup/8/Markup/0/Length,number,2
/Record/Section/2/Section/1/Information/1/Value/StringWithMarkup/8/Markup/0/Type,string,Superscript
/Record/Section/2/Section/1/Information/1/Value/StringWithMarkup/9/String,string,33S
/Record/Section/2/Section/1/Information/1/Value/StringWithMarkup/9/Markup/0/Start,number,0
/Record/Section/2/Section/1/Information/1/Value/StringWithMarkup/9/Markup/0/Length,number,2
/Record/Section/2/Section/1/Information/1/Value/StringWithMarkup/9/Markup/0/Type,string,Superscript
/Record/Section/2/Section/1/Information/1/Value/StringWithMarkup/10/String,string,34S
/Record/Section/2/Section/1/Information/1/Value/StringWithMarkup/10/Markup/0/Start,number,0
/Record/Section/2/Section/1/Information/1/Value/StringWithMarkup/10/Markup/0/Length,number,2
/Record/Section/2/Section/1/Information/1/Value/StringWithMarkup/10/Markup/0/Type,string,Superscript
/Record/Section/2/Section/1/Information/1/Value/StringWithMarkup/11/String,string,36S
/Record/Section/2/Section/1/Information/1/Value/StringWithMarkup/11/Markup/0/Start,number,0
/Record/Section/2/Section/1/Information/1/Value/StringWithMarkup/11/Markup/0/Length,number,2
/Record/Section/2/Section/1/Information/1/Value/StringWithMarkup/11/Markup/0/Type,string,Superscript
/Record/Section/2/Section/1/Information/1/Value/StringWithMarkup/12/String,string,32S
/Record/Section/2/Section/1/Information/1/Value/StringWithMarkup/12/Markup/0/Start,number,0
/Record/Section/2/Section/1/Information/1/Value/StringWithMarkup/12/Markup/0/Length,number,2
/Record/Section/2/Section/1/Information/1/Value/StringWithMarkup/12/Markup/0/Type,string,Superscript
/Record/Section/2/Section/1/Information/1/Value/StringWithMarkup/13/String,string,33S
/Record/Section/2/Section/1/Information/1/Value/StringWithMarkup/13/Markup/0/Start,number,0
/Record/Section/2/Section/1/Information/1/Value/StringWithMarkup/13/Markup/0/Length,number,2
/Record/Section/2/Section/1/Information/1/Value/StringWithMarkup/13/Markup/0/Type,string,Superscript
/Record/Section/2/Section/1/Information/1/Value/StringWithMarkup/14/String,string,34S
/Record/Section/2/Section/1/Information/1/Value/StringWithMarkup/14/Markup/0/Start,number,0
/Record/Section/2/Section/1/Information/1/Value/StringWithMarkup/14/Markup/0/Length,number,2
/Record/Section/2/Section/1/Information/1/Value/StringWithMarkup/14/Markup/0/Type,string,Superscript
/Record/Section/2/Section/1/Information/1/Value/StringWithMarkup/15/String,string,36S
/Record/Section/2/Section/1/Information/1/Value/StringWithMarkup/15/Markup/0/Start,number,0
/Record/Section/2/Section/1/Information/1/Value/StringWithMarkup/15/Markup/0/Length,number,2
/Record/Section/2/Section/1/Information/1/Value/StringWithMarkup/15/Markup/0/Type,string,Superscript
/Record/Section/2/Section/1/Information/1/Value/StringWithMarkup/16/String,string,32S
/Record/Section/2/Section/1/Information/1/Value/StringWithMarkup/16/Markup/0/Start,number,0
/Record/Section/2/Section/1/Information/1/Value/StringWithMarkup/16/Markup/0/Length,number,2
/Record/Section/2/Section/1/Information/1/Value/StringWithMarkup/16/Markup/0/Type,string,Superscript
/Record/Section/2/Section/1/Information/1/Value/StringWithMarkup/17/String,string,33S
/Record/Section/2/Section/1/Information/1/Value/StringWithMarkup/17/Markup/0/Start,number,0
/Record/Section/2/Section/1/Information/1/Value/StringWithMarkup/17/Markup/0/Length,number,2
/Record/Section/2/Section/1/Information/1/Value/StringWithMarkup/17/Markup/0/Type,string,Superscript
/Record/Section/2/Section/1/Information/1/Value/StringWithMarkup/18/String,string,34S
/Record/Section/2/Section/1/Information/1/Value/StringWithMarkup/18/Markup/0/Start,number,0
/Record/Section/2/Section/1/Information/1/Value/StringWithMarkup/18/Markup/0/Length,number,2
/Record/Section/2/Section/1/Information/1/Value/StringWithMarkup/18/Markup/0/Type,string,Superscript
/Record/Section/2/Section/1/Information/1/Value/StringWithMarkup/19/String,string,36S
/Record/Section/2/Section/1/Information/1/Value/StringWithMarkup/19/Markup/0/Start,number,0
/Record/Section/2/Section/1/Information/1/Value/StringWithMarkup/19/Markup/0/Length,number,2
/Record/Section/2/Section/1/Information/1/Value/StringWithMarkup/19/Markup/0/Type,string,Superscript
/Record/Section/2/Section/1/Information/1/Value/StringWithMarkup/20/String,string,32S
/Record/Section/2/Section/1/Information/1/Value/StringWithMarkup/20/Markup/0/Start,number,0
/Record/Section/2/Section/1/Information/1/Value/StringWithMarkup/20/Markup/0/Length,number,2
/Record/Section/2/Section/1/Information/1/Value/StringWithMarkup/20/Markup/0/Type,string,Superscript
/Record/Section/2/Section/1/Information/1/Value/StringWithMarkup/21/String,string,33S
/Record/Section/2/Section/1/Information/1/Value/StringWithMarkup/21/Markup/0/Start,number,0
/Record/Section/2/Section/1/Information/1/Value/StringWithMarkup/21/Markup/0/Length,number,2
/Record/Section/2/Section/1/Information/1/Value/StringWithMarkup/21/Markup/0/Type,string,Superscript
/Record/Section/2/Section/1/Information/1/Value/StringWithMarkup/22/String,string,34S
/Record/Section/2/Section/1/Information/1/Value/StringWithMarkup/22/Markup/0/Start,number,0
/Record/Section/2/Section/1/Information/1/Value/StringWithMarkup/22/Markup/0/Length,number,2
/Record/Section/2/Section/1/Information/1/Value/StringWithMarkup/22/Markup/0/Type,string,Superscript
/Record/Section/2/Section/1/Information/1/Value/StringWithMarkup/23/String,string,36S
/Record/Section/2/Section/1/Information/1/Value/StringWithMarkup/23/Markup/0/Start,number,0
/Record/Section/2/Section/1/Information/1/Value/StringWithMarkup/23/Markup/0/Length,number,2
/Record/Section/2/Section/1/Information/1/Value/StringWithMarkup/23/Markup/0/Type,string,Superscript
/Record/Section/2/Section/1/Information/1/Value/StringWithMarkup/24/String,string,32S
/Record/Section/2/Section/1/Information/1/Value/StringWithMarkup/24/Markup/0/Start,number,0
/Record/Section/2/Section/1/Information/1/Value/StringWithMarkup/24/Markup/0/Length,number,2
/Record/Section/2/Section/1/Information/1/Value/StringWithMarkup/24/Markup/0/Type,string,Superscript
/Record/Section/2/Section/1/Information/1/Value/StringWithMarkup/25/String,string,33S
/Record/Section/2/Section/1/Information/1/Value/StringWithMarkup/25/Markup/0/Start,number,0
/Record/Section/2/Section/1/Information/1/Value/StringWithMarkup/25/Markup/0/Length,number,2
/Record/Section/2/Section/1/Information/1/Value/StringWithMarkup/25/Markup/0/Type,string,Superscript
/Record/Section/2/Section/1/Information/1/Value/StringWithMarkup/26/String,string,34S
/Record/Section/2/Section/1/Information/1/Value/StringWithMarkup/26/Markup/0/Start,number,0
/Record/Section/2/Section/1/Information/1/Value/StringWithMarkup/26/Markup/0/Length,number,2
/Record/Section/2/Section/1/Information/1/Value/StringWithMarkup/26/Markup/0/Type,string,Superscript
/Record/Section/2/Section/1/Information/1/Value/StringWithMarkup/27/String,string,36S
/Record/Section/2/Section/1/Information/1/Value/StringWithMarkup/27/Markup/0/Start,number,0
/Record/Section/2/Section/1/Information/1/Value/StringWithMarkup/27/Markup/0/Length,number,2
/Record/Section/2/Section/1/Information/1/Value/StringWithMarkup/27/Markup/0/Type,string,Superscript
/Record/Section/2/Section/1/Information/2/ReferenceNumber,number,3
/Record/Section/2/Section/1/Information/2/Name,string,Abundance (uncertainty)
/Record/Section/2/Section/1/Information/2/Value/StringWithMarkup/0/String,string,"[0.9441, 0.9529]"
/Record/Section/2/Section/1/Information/2/Value/StringWithMarkup/1/String,string,"[0.007 29, 0.007 97]"
/Record/Section/2/Section/1/Information/2/Value/StringWithMarkup/2/String,string,"[0.0396, 0.0477]"
/Record/Section/2/Section/1/Information/2/Value/StringWithMarkup/3/String,string,"[0.000 129, 0.000 187]"
/Record/Section/2/Section/1/Information/2/Value/StringWithMarkup/4/String,string,0.9499(26)
/Record/Section/2/Section/1/Information/2/Value/StringWithMarkup/5/String,string,0.0075(2)
/Record/Section/2/Section/1/Information/2/Value/StringWithMarkup/6/String,string,0.0425(24)
/Record/Section/2/Section/1/Information/2/Value/StringWithMarkup/7/String,string,0.0001(1)
/Record/Section/2/Section/1/Information/2/Value/StringWithMarkup/8/String,string,0.9493(31)
/Record/Section/2/Section/1/Information/2/Value/StringWithMarkup/9/String,string,0.0076(2)
/Record/Section/2/Section/1/Information/2/Value/StringWithMarkup/10/String,string,0.0429(28)
/Record/Section/2/Section/1/Information/2/Value/StringWithMarkup/11/String,string,0.0002(1)
/Record/Section/2/Section/1/Information/2/Value/StringWithMarkup/12/String,string,0.9502(9)
/Record/Section/2/Section/1/Information/2/Value/StringWithMarkup/13/String,string,0.0075(4)
/Record/Section/2/Section/1/Information/2/Value/StringWithMarkup/14/String,string,0.0421(8)
/Record/Section/2/Section/1/Information/2/Value/StringWithMarkup/15/String,string,0.0002(1)
/Record/Section/2/Section/1/Information/2/Value/StringWithMarkup/16/String,string,0.9502(9)
/Record/Section/2/Section/1/Information/2/Value/StringWithMarkup/17/String,string,0.0075(1)
/Record/Section/2/Section/1/Information/2/Value/StringWithMarkup/18/String,string,0.0421(8)
/Record/Section/2/Section/1/Information/2/Value/StringWithMarkup/19/String,string,0.0002(1)
/Record/Section/2/Section/1/Information/2/Value/StringWithMarkup/20/String,string,0.9502(6)
/Record/Section/2/Section/1/Information/2/Value/StringWithMarkup/21/String,string,0.0075(1)
/Record/Section/2/Section/1/Information/2/Value/StringWithMarkup/22/String,string,0.0421(8)
/Record/Section/2/Section/1/Information/2/Value/StringWithMarkup/23/String,string,0.0002(1)
/Record/Section/2/Section/1/Information/2/Value/StringWithMarkup/24/String,string,0.95
/Record/Section/2/Section/1/Information/2/Value/StringWithMarkup/25/String,string,0.0076
/Record/Section/2/Section/1/Information/2/Value/StringWithMarkup/26/String,string,0.0422
/Record/Section/2/Section/1/Information/2/Value/StringWithMarkup/27/String,string,0.0002
/Record/Section/2/Section/1/Information/3/ReferenceNumber,number,3
/Record/Section/2/Section/1/Information/3/Name,string,Reference
/Record/Section/2/Section/1/Information/3/Value/StringWithMarkup/0/String,string,doi:10.1515/pac-2015-0503
/Record/Section/2/Section/1/Information/3/Value/StringWithMarkup/0/Markup/0/Start,number,0
/Record/Section/2/Section/1/Information/3/Value/StringWithMarkup/0/Markup/0/Length,number,25
/Record/Section/2/Section/1/Information/3/Value/StringWithMarkup/0/Markup/0/URL,string,https://doi.org/10.1515/pac-2015-0503
/Record/Section/2/Section/1/Information/3/Value/StringWithMarkup/1/String,string,doi:10.1515/pac-2015-0503
/Record/Section/2/Section/1/Information/3/Value/StringWithMarkup/1/Markup/0/Start,number,0
/Record/Section/2/Section/1/Information/3/Value/StringWithMarkup/1/Markup/0/Length,number,25
/Record/Section/2/Section/1/Information/3/Value/StringWithMarkup/1/Markup/0/URL,string,https://doi.org/10.1515/pac-2015-0503
/Record/Section/2/Section/1/Information/3/Value/StringWithMarkup/2/String,string,doi:10.1515/pac-2015-0503
/Record/Section/2/Section/1/Information/3/Value/StringWithMarkup/2/Markup/0/Start,number,0
/Record/Section/2/Section/1/Information/3/Value/StringWithMarkup/2/Markup/0/Length,number,25
/Record/Section/2/Section/1/Information/3/Value/StringWithMarkup/2/Markup/0/URL,string,https://doi.org/10.1515/pac-2015-0503
/Record/Section/2/Section/1/Information/3/Value/StringWithMarkup/3/String,string,doi:10.1515/pac-2015-0503
/Record/Section/2/Section/1/Information/3/Value/StringWithMarkup/3/Markup/0/Start,number,0
/Record/Section/2/Section/1/Information/3/Value/StringWithMarkup/3/Markup/0/Length,number,25
/Record/Section/2/Section/1/Information/3/Value/StringWithMarkup/3/Markup/0/URL,string,https://doi.org/10.1515/pac-2015-0503
/Record/Section/2/Section/1/Information/3/Value/StringWithMarkup/4/String,string,doi:10.1063/1.1836764
/Record/Section/2/Section/1/Information/3/Value/StringWithMarkup/4/Markup/0/Start,number,0
/Record/Section/2/Section/1/Information/3/Value/StringWithMarkup/4/Markup/0/Length,number,21
/Record/Section/2/Section/1/Information/3/Value/StringWithMarkup/4/Markup/0/URL,string,https://doi.org/10.1063/1.1836764
/Record/Section/2/Section/1/Information/3/Value/StringWithMarkup/5/String,string,doi:10.1063/1.1836764
/Record/Section/2/Section/1/Information/3/Value/StringWithMarkup/5/Markup/0/Start,number,0
/Record/Section/2/Section/1/Information/3/Value/StringWithMarkup/5/Markup/0/Length,number,21
/Record/Section/2/Section/1/Information/3/Value/StringWithMarkup/5/Markup/0/URL,string,https://doi.org/10.1063/1.1836764
/Record/Section/2/Section/1/Information/3/Value/StringWithMarkup/6/String,string,doi:10.1063/1.1836764
/Record/Section/2/Section/1/Information/3/Value/StringWithMarkup/6/Markup/0/Start,number,0
/Record/Section/2/Section/1/Information/3/Value/StringWithMarkup/6/Markup/0/Length,number,21
/Record/Section/2/Section/1/Information/3/Value/StringWithMarkup/6/Markup/0/URL,string,https://doi.org/10.1063/1.1836764
/Record/Section/2/Section/1/Information/3/Value/StringWithMarkup/7/String,string,doi:10.1063/1.1836764
/Record/Section/2/Section/1/Information/3/Value/StringWithMarkup/7/Markup/0/Start,number,0
/Record/Section/2/Section/1/Information/3/Value/StringWithMarkup/7/Markup/0/Length,number,21
/Record/Section/2/Section/1/Information/3/Value/StringWithMarkup/7/Markup/0/URL,string,https://doi.org/10.1063/1.1836764
/Record/Section/2/Section/1/Information/3/Value/StringWithMarkup/8/String,string,doi:10.1351/pac199870010217
/Record/Section/2/Section/1/Information/3/Value/StringWithMarkup/8/Markup/0/Start,number,0
/Record/Section/2/Section/1/Information/3/Value/StringWithMarkup/8/Markup/0/Length,number,27
/Record/Section/2/Section/1/Information/3/Value/StringWithMarkup/8/Markup/0/URL,string,https://doi.org/10.1351/pac199870010217
/Record/Section/2/Section/1/Information/3/Value/StringWithMarkup/9/String,string,doi:10.1351/pac199870010217
/Record/Section/2/Section/1/Information/3/Value/StringWithMarkup/9/Markup/0/Start,number,0
/Record/Section/2/Section/1/Information/3/Value/StringWithMarkup/9/Markup/0/Length,number,27
/Record/Section/2/Section/1/Information/3/Value/StringWithMarkup/9/Markup/0/URL,string,https://doi.org/10.1351/pac199870010217
/Record/Section/2/Section/1/Information/3/Value/StringWithMarkup/10/String,string,doi:10.1351/pac199870010217
/Record/Section/2/Section/1/Information/3/Value/StringWithMarkup/10/Markup/0/Start,number,0
/Record/Section/2/Section/1/Information/3/Value/StringWithMarkup/10/Markup/0/Length,number,27
/Record/Section/2/Section/1/Information/3/Value/StringWithMarkup/10/Markup/0/URL,string,https://doi.org/10.1351/pac199870010217
/Record/Section/2/Section/1/Information/3/Value/StringWithMarkup/11/String,string,doi:10.1351/pac199870010217
/Record/Section/2/Section/1/Information/3/Value/StringWithMarkup/11/Markup/0/Start,number,0
/Record/Section/2/Section/1/Information/3/Value/StringWithMarkup/11/Markup/0/Length,number,27
/Record/Section/2/Section/1/Information/3/Value/StringWithMarkup/11/Markup/0/URL,string,https://doi.org/10.1351/pac199870010217
/Record/Section/2/Section/1/Information/3/Value/StringWithMarkup/12/String,string,doi:10.1351/pac199163070991
/Record/Section/2/Section/1/Information/3/Value/StringWithMarkup/12/Markup/0/Start,number,0
/Record/Section/2/Section/1/Information/3/Value/StringWithMarkup/12/Markup/0/Length,number,27
/Record/Section/2/Section/1/Information/3/Value/StringWithMarkup/12/Markup/0/URL,string,https://doi.org/10.1351/pac199163070991
/Record/Section/2/Section/1/Information/3/Value/StringWithMarkup/13/String,string,doi:10.1351/pac199163070991
/Record/Section/2/Section/1/Information/3/Value/StringWithMarkup/13/Markup/0/Start,number,0
/Record/Section/2/Section/1/Information/3/Value/StringWithMarkup/13/Markup/0/Length,number,27
/Record/Section/2/Section/1/Information/3/Value/StringWithMarkup/13/Markup/0/URL,string,https://doi.org/10.1351/pac199163070991
/Record/Section/2/Section/1/Information/3/Value/StringWithMarkup/14/String,string,doi:10.1351/pac199163070991
/Record/Section/2/Section/1/Information/3/Value/StringWithMarkup/14/Markup/0/Start,number,0
/Record/Section/2/Section/1/Information/3/Value/StringWithMarkup/14/Markup/0/Length,number,27
/Record/Section/2/Section/1/Information/3/Value/StringWithMarkup/14/Markup/0/URL,string,https://doi.org/10.1351/pac199163070991
/Record/Section/2/Section/1/Information/3/Value/StringWithMarkup/15/String,string,doi:10.1351/pac199163070991
/Record/Section/2/Section/1/Information/3/Value/StringWithMarkup/15/Markup/0/Start,number,0
/Record/Section/2/Section/1/Information/3/Value/StringWithMarkup/15/Markup/0/Length,number,27
/Record/Section/2/Section/1/Information/3/Value/StringWithMarkup/15/Markup/0/URL,string,https://doi.org/10.1351/pac199163070991
/Record/Section/2/Section/1/Information/3/Value/StringWithMarkup/16/String,string,doi:10.1351/pac198456060675
/Record/Section/2/Section/1/Information/3/Value/StringWithMarkup/16/Markup/0/Start,number,0
/Record/Section/2/Section/1/Information/3/Value/StringWithMarkup/16/Markup/0/Length,number,27
/Record/Section/2/Section/1/Information/3/Value/StringWithMarkup/16/Markup/0/URL,string,https://doi.org/10.1351/pac198456060675
/Record/Section/2/Section/1/Information/3/Value/StringWithMarkup/17/String,string,doi:10.1351/pac198456060675
/Record/Section/2/Section/1/Information/3/Value/StringWithMarkup/17/Markup/0/Start,number,0
/Record/Section/2/Section/1/Information/3/Value/StringWithMarkup/17/Markup/0/Length,number,27
/Record/Section/2/Section/1/Information/3/Value/StringWithMarkup/17/Markup/0/URL,string,https://doi.org/10.1351/pac198456060675
/Record/Section/2/Section/1/Information/3/Value/StringWithMarkup/18/String,string,doi:10.1351/pac198456060675
/Record/Section/2/Section/1/Information/3/Value/StringWithMarkup/18/Markup/0/Start,number,0
/Record/Section/2/Section/1/Information/3/Value/StringWithMarkup/18/Markup/0/Length,number,27
/Record/Section/2/Section/1/Information/3/Value/StringWithMarkup/18/Markup/0/URL,string,https://doi.org/10.1351/pac198456060675
/Record/Section/2/Section/1/Information/3/Value/StringWithMarkup/19/String,string,doi:10.1351/pac198456060675
/Record/Section/2/Section/1/Information/3/Value/StringWithMarkup/19/Markup/0/Start,number,0
/Record/Section/2/Section/1/Information/3/Value/StringWithMarkup/19/Markup/0/Length,number,27
/Record/Section/2/Section/1/Information/3/Value/StringWithMarkup/19/Markup/0/URL,string,https://doi.org/10.1351/pac198456060675
/Record/Section/2/Section/1/Information/3/Value/StringWithMarkup/20/String,string,doi:10.1351/pac198052102349
/Record/Section/2/Section/1/Information/3/Value/StringWithMarkup/20/Markup/0/Start,number,0
/Record/Section/2/Section/1/Information/3/Value/StringWithMarkup/20/Markup/0/Length,number,27
/Record/Section/2/Section/1/Information/3/Value/StringWithMarkup/20/Markup/0/URL,string,https://doi.org/10.1351/pac198052102349
/Record/Section/2/Section/1/Information/3/Value/StringWithMarkup/21/String,string,doi:10.1351/pac198052102349
/Record/Section/2/Section/1/Information/3/Value/StringWithMarkup/21/Markup/0/Start,number,0
/Record/Section/2/Section/1/Information/3/Value/StringWithMarkup/21/Markup/0/Length,number,27
/Record/Section/2/Section/1/Information/3/Value/StringWithMarkup/21/Markup/0/URL,string,https://doi.org/10.1351/pac198052102349
/Record/Section/2/Section/1/Information/3/Value/StringWithMarkup/22/String,string,doi:10.1351/pac198052102349
/Record/Section/2/Section/1/Information/3/Value/StringWithMarkup/22/Markup/0/Start,number,0
/Record/Section/2/Section/1/Information/3/Value/StringWithMarkup/22/Markup/0/Length,number,27
/Record/Section/2/Section/1/Information/3/Value/StringWithMarkup/22/Markup/0/URL,string,https://doi.org/10.1351/pac198052102349
/Record/Section/2/Section/1/Information/3/Value/StringWithMarkup/23/String,string,doi:10.1351/pac198052102349
/Record/Section/2/Section/1/Information/3/Value/StringWithMarkup/23/Markup/0/Start,number,0
/Record/Section/2/Section/1/Information/3/Value/StringWithMarkup/23/Markup/0/Length,number,27
/Record/Section/2/Section/1/Information/3/Value/StringWithMarkup/23/Markup/0/URL,string,https://doi.org/10.1351/pac198052102349
/Record/Section/2/Section/1/Information/3/Value/StringWithMarkup/24/String,string,doi:10.1351/pac197647010075
/Record/Section/2/Section/1/Information/3/Value/StringWithMarkup/24/Markup/0/Start,number,0
/Record/Section/2/Section/1/Information/3/Value/StringWithMarkup/24/Markup/0/Length,number,27
/Record/Section/2/Section/1/Information/3/Value/StringWithMarkup/24/Markup/0/URL,string,https://doi.org/10.1351/pac197647010075
/Record/Section/2/Section/1/Information/3/Value/StringWithMarkup/25/String,string,doi:10.1351/pac197647010075
/Record/Section/2/Section/1/Information/3/Value/StringWithMarkup/25/Markup/0/Start,number,0
/Record/Section/2/Section/1/Information/3/Value/StringWithMarkup/25/Markup/0/Length,number,27
/Record/Section/2/Section/1/Information/3/Value/StringWithMarkup/25/Markup/0/URL,string,https://doi.org/10.1351/pac197647010075
/Record/Section/2/Section/1/Information/3/Value/StringWithMarkup/26/String,string,doi:10.1351/pac197647010075
/Record/Section/2/Section/1/Information/3/Value/StringWithMarkup/26/Markup/0/Start,number,0
/Record/Section/2/Section/1/Information/3/Value/StringWithMarkup/26/Markup/0/Length,number,27
/Record/Section/2/Section/1/Information/3/Value/StringWithMarkup/26/Markup/0/URL,string,https://doi.org/10.1351/pac197647010075
/Record/Section/2/Section/1/Information/3/Value/StringWithMarkup/27/String,string,doi:10.1351/pac197647010075
/Record/Section/2/Section/1/Information/3/Value/StringWithMarkup/27/Markup/0/Start,number,0
/Record/Section/2/Section/1/Information/3/Value/StringWithMarkup/27/Markup/0/Length,number,27
/Record/Section/2/Section/1/Information/3/Value/StringWithMarkup/27/Markup/0/URL,string,https://doi.org/10.1351/pac197647010075
/Record/Section/3/TOCHeading,string,Description
/Record/Section/3/Description,string,"A short description of this element, provided by authoritative sources."
/Record/Section/3/Information/0/ReferenceNumber,number,6
/Record/Section/3/Information/0/Value/StringWithMarkup/0/String,string,"Sulfur is pale yellow, odorless, brittle solid, which is insoluble in water but soluble in carbon disulfide. In every state, whether gas, liquid or solid, elemental sulfur occurs in more than one allotropic form or modification; these present a confusing multitude of forms whose relations are not yet fully understood."
/Record/Section/3/Information/0/Value/StringWithMarkup/1/String,string,"In 1975, University of Pennsylvania scientists reported synthesis of polymeric sulfur nitride, which has the properties of a metal, although it contains no metal atoms. The material has unusual optical and electrical properties."
/Record/Section/3/Information/0/Value/StringWithMarkup/2/String,string,High-purity sulfur is commercially available in purities of 99.999+%.
/Record/Section/3/Information/0/Value/StringWithMarkup/3/String,string,"Amorphous or ""plastic"" sulfur is obtained by fast cooling of the crystalline form. X-ray studies indicate that amorphous sulfur may have a helical structure with eight atoms per spiral. Crystalline sulfur seems to be made of rings, each containing eight sulfur atoms, which fit together to give a normal X-ray pattern."
/Record/Section/4/TOCHeading,string,Uses
/Record/Section/4/Description,string,Uses of this element in industry and other fields.
/Record/Section/4/Information/0/ReferenceNumber,number,5
/Record/Section/4/Information/0/Value/StringWithMarkup/0/String,string,"Most of the sulfur that is produced is used in the manufacture of sulfuric acid (H2SO4). Large amounts of sulfuric acid, nearly 40 million tons, are used each year to make fertilizers, lead-acid batteries, and in many industrial processes. Smaller amounts of sulfur are used to vulcanize natural rubbers, as an insecticide (the Greek poet Homer mentioned ""pest-averting sulphur"" nearly 2,800 years ago!), in the manufacture of gunpowder and as a dying agent."
/Record/Section/4/Information/0/Value/StringWithMarkup/0/Markup/0/Start,number,82
/Record/Section/4/Information/0/Value/StringWithMarkup/0/Markup/0/Length,number,1
/Record/Section/4/Information/0/Value/StringWithMarkup/0/Markup/0/Type,string,Subscript
/Record/Section/4/Information/0/Value/StringWithMarkup/0/Markup/1/Start,number,85
/Record/Section/4/Information/0/Value/StringWithMarkup/0/Markup/1/Length,number,1
/Record/Section/4/Information/0/Value/StringWithMarkup/0/Markup/1/Type,string,Subscript
/Record/Section/4/Information/0/Value/StringWithMarkup/1/String,string,"In addition to sulfuric acid, sulfur forms other interesting compounds. Hydrogen sulfide (H2S) is a gas that smells like rotten eggs. Sulfur dioxide (SO2), formed by burning sulfur in air, is used as a bleaching agent, solvent, disinfectant and as a refrigerant. When combined with water (H2O), sulfur dioxide forms sulfurous acid (H2SO3), a weak acid that is a major component of acid rain."
/Record/Section/4/Information/0/Value/StringWithMarkup/1/Markup/0/Start,number,91
/Record/Section/4/Information/0/Value/StringWithMarkup/1/Markup/0/Length,number,1
/Record/Section/4/Information/0/Value/StringWithMarkup/1/Markup/0/Type,string,Subscript
/Record/Section/4/Information/0/Value/StringWithMarkup/1/Markup/1/Start,number,152
/Record/Section/4/Information/0/Value/StringWithMarkup/1/Markup/1/Length,number,1
/Record/Section/4/Information/0/Value/StringWithMarkup/1/Markup/1/Type,string,Subscript
/Record/Section/4/Information/0/Value/StringWithMarkup/1/Markup/2/Start,number,290
/Record/Section/4/Information/0/Value/StringWithMarkup/1/Markup/2/Length,number,1
/Record/Section/4/Information/0/Value/StringWithMarkup/1/Markup/2/Type,string,Subscript
/Record/Section/4/Information/0/Value/StringWithMarkup/1/Markup/3/Start,number,333
/Record/Section/4/Information/0/Value/StringWithMarkup/1/Markup/3/Length,number,1
/Record/Section/4/Information/0/Value/StringWithMarkup/1/Markup/3/Type,string,Subscript
/Record/Section/4/Information/0/Value/StringWithMarkup/1/Markup/4/Start,number,336
/Record/Section/4/Information/0/Value/StringWithMarkup/1/Markup/4/Length,number,1
/Record/Section/4/Information/0/Value/StringWithMarkup/1/Markup/4/Type,string,Subscript
/Record/Section/4/Information/1/ReferenceNumber,number,6
/Record/Section/4/Information/1/Value/StringWithMarkup/0/String,string,"Sulfur is a component of black gunpowder, and is used in the vulcanization of natural rubber and a fungicide. It is also used extensively in making phosphatic fertilizers. A tremendous tonnage is used to produce sulfuric acid, the most important manufactured chemical."
/Record/Section/4/Information/1/Value/StringWithMarkup/1/String,string,"It is used to make sulfite paper and other papers, to fumigate, and to bleach dried fruits. The element is a good insulator."
/Record/Section/4/Information/1/Value/StringWithMarkup/2/String,string,"Sulfur is essential to life. It is a minor constituent of fats, body fluids, and skeletal minerals."
/Record/Section/5/TOCHeading,string,Sources
/Record/Section/5/Description,string,Sources of this element.
/Record/Section/5/Information/0/ReferenceNumber,number,6
/Record/Section/5/Information/0/Value/StringWithMarkup/0/String,string,Sulfur is found in meteorites. R.W. Wood suggests that the dark area near the crater Aristarchus is a sulfur deposit.
/Record/Section/5/Information/0/Value/StringWithMarkup/1/String,string,"Sulfur occurs native in the vicinity of volcanos and hot springs. It is widely distributed in nature as iron pyrites, galena, sphalerite, cinnabar, stibnite, gypsum, epsom salts, celestite, barite, etc."
/Record/Section/6/TOCHeading,string,Production
/Record/Section/6/Description,string,Production of this element (from raw materials or other compounds containing the element).
/Record/Section/6/Information/0/ReferenceNumber,number,6
/Record/Section/6/Information/0/Value/StringWithMarkup/0/String,string,"Sulfur is commercially recovered from wells sunk into the salt domes along the Gulf Coast of the U.S. Using the Frasch process heated water is forced into the wells to melt the sulfur, which is then brought to the surface."
/Record/Section/6/Information/0/Value/StringWithMarkup/1/String,string,"Sulfur also occurs in natural gas and petroleum crudes and must be removed from these products. Formerly this was done chemically, which wasted the sulfur; new processes now permit recovery. Large amounts of sulfur are being recovered from Alberta gas fields."
/Record/Section/7/TOCHeading,string,Compounds
/Record/Section/7/Description,string,Compound records related to this element.
/Record/Section/7/Information/0/ReferenceNumber,number,6
/Record/Section/7/Information/0/Value/StringWithMarkup/0/String,string,"Organic compounds containing sulfur are very important. Calcium sulfur, ammonium sulfate, carbon disulfide, sulfur dioxide, and hydrogen sulfide are but a few of the many important compounds of sulfur."
/Record/Section/7/Information/1/ReferenceNumber,number,8
/Record/Section/7/Information/1/Name,string,Compounds
/Record/Section/7/Information/1/URL,string,https://pubchem.ncbi.nlm.nih.gov/#query=Sulfur
/Record/Section/7/Information/1/Value/StringWithMarkup/0/String,string,See more information at the Sulfur compound page.
/Record/Section/7/Section/0/TOCHeading,string,Element Forms
/Record/Section/7/Section/0/Description,string,"Other forms of this element, including ions, isotopes, etc."
/Record/Section/7/Section/0/DisplayControls/CreateTable/FromInformationIn,string,ThisSection
/Record/Section/7/Section/0/DisplayControls/CreateTable/NumberOfColumns,number,5
/Record/Section/7/Section/0/DisplayControls/CreateTable/ColumnsFromNamedLists/Name/0,string,CID
/Record/Section/7/Section/0/DisplayControls/CreateTable/ColumnsFromNamedLists/Name/1,string,Name
/Record/Section/7/Section/0/DisplayControls/CreateTable/ColumnsFromNamedLists/Name/2,string,Formula
/Record/Section/7/Section/0/DisplayControls/CreateTable/ColumnsFromNamedLists/Name/3,string,SMILES
/Record/Section/7/Section/0/DisplayControls/CreateTable/ColumnsFromNamedLists/Name/4,string,Molecular Weight
/Record/Section/7/Section/0/DisplayControls/CreateTable/ColumnsFromNamedLists/UseNamesAsColumnHeadings,boolean,true
/Record/Section/7/Section/0/Information/0/ReferenceNumber,number,8
/Record/Section/7/Section/0/Information/0/Name,string,CID
/Record/Section/7/Section/0/Information/0/Value/StringWithMarkup/0/String,string,5362487
/Record/Section/7/Section/0/Information/0/Value/StringWithMarkup/0/Markup/0/Start,number,0
/Record/Section/7/Section/0/Information/0/Value/StringWithMarkup/0/Markup/0/Length,number,7
/Record/Section/7/Section/0/Information/0/Value/StringWithMarkup/0/Markup/0/URL,string,https://pubchem.ncbi.nlm.nih.gov/compound/5362487
/Record/Section/7/Section/0/Information/0/Value/StringWithMarkup/1/String,string,29109
/Record/Section/7/Section/0/Information/0/Value/StringWithMarkup/1/Markup/0/Start,number,0
/Record/Section/7/Section/0/Information/0/Value/StringWithMarkup/1/Markup/0/Length,number,5
/Record/Section/7/Section/0/Information/0/Value/StringWithMarkup/1/Markup/0/URL,string,https://pubchem.ncbi.nlm.nih.gov/compound/29109
/Record/Section/7/Section/0/Information/0/Value/StringWithMarkup/2/String,string,5460611
/Record/Section/7/Section/0/Information/0/Value/StringWithMarkup/2/Markup/0/Start,number,0
/Record/Section/7/Section/0/Information/0/Value/StringWithMarkup/2/Markup/0/Length,number,7
/Record/Section/7/Section/0/Information/0/Value/StringWithMarkup/2/Markup/0/URL,string,https://pubchem.ncbi.nlm.nih.gov/compound/5460611
/Record/Section/7/Section/0/Information/0/Value/StringWithMarkup/3/String,string,156022697
/Record/Section/7/Section/0/Information/0/Value/StringWithMarkup/3/Markup/0/Start,number,0
/Record/Section/7/Section/0/Information/0/Value/StringWithMarkup/3/Markup/0/Length,number,9
/Record/Section/7/Section/0/Information/0/Value/StringWithMarkup/3/Markup/0/URL,string,https://pubchem.ncbi.nlm.nih.gov/compound/156022697
/Record/Section/7/Section/0/Information/0/Value/StringWithMarkup/4/String,string,71309543
/Record/Section/7/Section/0/Information/0/Value/StringWithMarkup/4/Markup/0/Start,number,0
/Record/Section/7/Section/0/Information/0/Value/StringWithMarkup/4/Markup/0/Length,number,8
/Record/Section/7/Section/0/Information/0/Value/StringWithMarkup/4/Markup/0/URL,string,https://pubchem.ncbi.nlm.nih.gov/compound/71309543
/Record/Section/7/Section/0/Information/0/Value/StringWithMarkup/5/String,string,71309715
/Record/Section/7/Section/0/Information/0/Value/StringWithMarkup/5/Markup/0/Start,number,0
/Record/Section/7/Section/0/Information/0/Value/StringWithMarkup/5/Markup/0/Length,number,8
/Record/Section/7/Section/0/Information/0/Value/StringWithMarkup/5/Markup/0/URL,string,https://pubchem.ncbi.nlm.nih.gov/compound/71309715
/Record/Section/7/Section/0/Information/0/Value/StringWithMarkup/6/String,string,71311181
/Record/Section/7/Section/0/Information/0/Value/StringWithMarkup/6/Markup/0/Start,number,0
/Record/Section/7/Section/0/Information/0/Value/StringWithMarkup/6/Markup/0/Length,number,8
/Record/Section/7/Section/0/Information/0/Value/StringWithMarkup/6/Markup/0/URL,string,https://pubchem.ncbi.nlm.nih.gov/compound/71311181
/Record/Section/7/Section/0/Information/0/Value/StringWithMarkup/7/String,string,644342
/Record/Section/7/Section/0/Information/0/Value/StringWithMarkup/7/Markup/0/Start,number,0
/Record/Section/7/Section/0/Information/0/Value/StringWithMarkup/7/Markup/0/Length,number,6
/Record/Section/7/Section/0/Information/0/Value/StringWithMarkup/7/Markup/0/URL,string,https://pubchem.ncbi.nlm.nih.gov/compound/644342
/Record/Section/7/Section/0/Information/1/ReferenceNumber,number,8
/Record/Section/7/Section/0/Information/1/Name,string,Name
/Record/Section/7/Section/0/Information/1/Value/StringWithMarkup/0/String,string,sulfur
/Record/Section/7/Section/0/Information/1/Value/StringWithMarkup/1/String,string,sulfide
/Record/Section/7/Section/0/Information/1/Value/StringWithMarkup/2/String,string,sulfur(1-)
/Record/Section/7/Section/0/Information/1/Value/StringWithMarkup/3/String,string,sulfur-34(2-)
/Record/Section/7/Section/0/Information/1/Value/StringWithMarkup/4/String,string,sulfur-34
/Record/Section/7/Section/0/Information/1/Value/StringWithMarkup/5/String,string,sulfur-33
/Record/Section/7/Section/0/Information/1/Value/StringWithMarkup/6/String,string,sulfur-32
/Record/Section/7/Section/0/Information/1/Value/StringWithMarkup/7/String,string,sulfur-35(2-)
/Record/Section/7/Section/0/Information/2/ReferenceNumber,number,8
/Record/Section/7/Section/0/Information/2/Name,string,Formula
/Record/Section/7/Section/0/Information/2/Value/StringWithMarkup/0/String,string,S
/Record/Section/7/Section/0/Information/2/Value/StringWithMarkup/1/String,string,S-2
/Record/Section/7/Section/0/Information/2/Value/StringWithMarkup/2/String,string,S-
/Record/Section/7/Section/0/Information/2/Value/StringWithMarkup/3/String,string,S-2
/Record/Section/7/Section/0/Information/2/Value/StringWithMarkup/4/String,string,S
/Record/Section/7/Section/0/Information/2/Value/StringWithMarkup/5/String,string,S
/Record/Section/7/Section/0/Information/2/Value/StringWithMarkup/6/String,string,S
/Record/Section/7/Section/0/Information/2/Value/StringWithMarkup/7/String,string,S-2
/Record/Section/7/Section/0/Information/3/ReferenceNumber,number,8
/Record/Section/7/Section/0/Information/3/Name,string,SMILES
/Record/Section/7/Section/0/Information/3/Value/StringWithMarkup/0/String,string,[S]
/Record/Section/7/Section/0/Information/3/Value/StringWithMarkup/1/String,string,[S-2]
/Record/Section/7/Section/0/Information/3/Value/StringWithMarkup/2/String,string,[S-]
/Record/Section/7/Section/0/Information/3/Value/StringWithMarkup/3/String,string,[34S-2]
/Record/Section/7/Section/0/Information/3/Value/StringWithMarkup/4/String,string,[34S]
/Record/Section/7/Section/0/Information/3/Value/StringWithMarkup/5/String,string,[33S]
/Record/Section/7/Section/0/Information/3/Value/StringWithMarkup/6/String,string,[32S]
/Record/Section/7/Section/0/Information/3/Value/StringWithMarkup/7/String,string,[35S-2]
/Record/Section/7/Section/0/Information/4/ReferenceNumber,number,8
/Record/Section/7/Section/0/Information/4/Name,string,Molecular Weight
/Record/Section/7/Section/0/Information/4/Value/StringWithMarkup/0/String,string,32.07
/Record/Section/7/Section/0/Information/4/Value/StringWithMarkup/1/String,string,32.07
/Record/Section/7/Section/0/Information/4/Value/StringWithMarkup/2/String,string,32.07
/Record/Section/7/Section/0/Information/4/Value/StringWithMarkup/3/String,string,33.9678670
/Record/Section/7/Section/0/Information/4/Value/StringWithMarkup/4/String,string,33.9678670
/Record/Section/7/Section/0/Information/4/Value/StringWithMarkup/5/String,string,32.97145891
/Record/Section/7/Section/0/Information/4/Value/StringWithMarkup/6/String,string,31.97207117
/Record/Section/7/Section/0/Information/4/Value/StringWithMarkup/7/String,string,34.9690323
/Record/Section/8/TOCHeading,string,Handling and Storage
/Record/Section/8/Description,string,This section provides guidance on the safe handling practices and storage conditions for this element.
/Record/Section/8/Information/0/ReferenceNumber,number,6
/Record/Section/8/Information/0/Value/StringWithMarkup/0/String,string,"Carbon disulfide, hydrogen sulfide, and sulfur dioxide should be handled carefully. Hydrogen sulfide in small concentrations can be metabolized, but in higher concentrations it quickly can cause death by respiratory paralysis."
/Record/Section/8/Information/0/Value/StringWithMarkup/1/String,string,It quickly deadens the sense of smell. Sulfur dioxide is a dangerous component in atmospheric air pollution.
/Record/Section/9/TOCHeading,string,Isotopes
/Record/Section/9/Description,string,Isotopes are nuclides having the same atomic number but different mass numbers.  This section provides information on the isotopes of this element and their uses in various fields.
/Record/Section/9/URL,string,https://chem.libretexts.org/Courses/Furman_University/CHM101%3A_Chemistry_and_Global_Awareness_(Gordon)/03%3A_Atoms_and_the_Periodic_Table/3.05%3A_Isotopes
/Record/Section/9/Information/0/ReferenceNumber,number,5
/Record/Section/9/Information/0/Name,string,Stable Isotope Count
/Record/Section/9/Information/0/Value/StringWithMarkup/0/String,string,4
/Record/Section/9/Information/1/ReferenceNumber,number,6
/Record/Section/9/Information/1/Name,string,Summary
/Record/Section/9/Information/1/Value/StringWithMarkup/0/String,string,"Eleven isotopes of sulfur exist. None of the four isotopes that are found in nature are radioactive. A finely divided form of sulfur, known as flowers of sulfur, is obtained by sublimation."
/Record/Section/9/Section/0/TOCHeading,string,Isotopes in Biology
/Record/Section/9/Section/0/Description,string,Information on the use of this element's isotopes in biology.
/Record/Section/9/Section/0/Information/0/ReferenceNumber,number,4
/Record/Section/9/Section/0/Information/0/Reference/0,string,"[13]  M. W. Wieser, T. B. Coplen. Pure Appl Chem.83, 359 (2011)."
/Record/Section/9/Section/0/Information/0/Reference/1,string,"[17]  T. B. Coplen, J. A. Hopple, J. K. Böhlke, H. S. Peiser, S. E. Rieder, H. R. Krouse, K. J. R. Rosman, T. Ding, R. D. Vocke, K. Revesz, A. Lamberty, P. D. P. Taylor, P. D. Bièvre. United States Geological Survey Water-Resources Investigations Report, 01-4222, (2002)."
/Record/Section/9/Section/0/Information/0/Reference/2,string,"[141]  C. E. Hebert, M. Bur, D. Sherman, J. L. Shutt. Ecol. Appl.18, 561 (2008)."
/Record/Section/9/Section/0/Information/0/ExtendedReference/0/Citation,string,"[13]  M. W. Wieser, T. B. Coplen. Pure Appl Chem.83, 359 (2011)."
/Record/Section/9/Section/0/Information/0/ExtendedReference/1/Citation,string,"[17]  T. B. Coplen, J. A. Hopple, J. K. Böhlke, H. S. Peiser, S. E. Rieder, H. R. Krouse, K. J. R. Rosman, T. Ding, R. D. Vocke, K. Revesz, A. Lamberty, P. D. P. Taylor, P. D. Bièvre. United States Geological Survey Water-Resources Investigations Report, 01-4222, (2002)."
/Record/Section/9/Section/0/Information/0/ExtendedReference/2/Citation,string,"[141]  C. E. Hebert, M. Bur, D. Sherman, J. L. Shutt. Ecol. Appl.18, 561 (2008)."
/Record/Section/9/Section/0/Information/0/Value/StringWithMarkup/0/String,string,"The stable sulfur isotope-amount ratio n(34S)/n(32S) has been used to distinguish whether animal tissues grew in freshwater or in marine ecosystems. The isotopes do not fractionate (separate) substantially with trophic influences (the movement of sulfur through and into plant and animal systems), and the isotope-amount ratio n(34S)/n(32S) is usually substantially different between freshwater and marine environments. As an example, by analyzing sulfur isotope-amount ratios in bird feathers, the environment in which the bird was living when these feathers developed can be determined. This enables one to track bird habitats and migration patterns throughout the year (Fig. IUPAC.16.1) [141]."
/Record/Section/9/Section/0/Information/0/Value/StringWithMarkup/0/Markup/0/Start,number,41
/Record/Section/9/Section/0/Information/0/Value/StringWithMarkup/0/Markup/0/Length,number,2
/Record/Section/9/Section/0/Information/0/Value/StringWithMarkup/0/Markup/0/Type,string,Superscript
/Record/Section/9/Section/0/Information/0/Value/StringWithMarkup/0/Markup/1/Start,number,48
/Record/Section/9/Section/0/Information/0/Value/StringWithMarkup/0/Markup/1/Length,number,2
/Record/Section/9/Section/0/Information/0/Value/StringWithMarkup/0/Markup/1/Type,string,Superscript
/Record/Section/9/Section/0/Information/0/Value/StringWithMarkup/0/Markup/2/Start,number,329
/Record/Section/9/Section/0/Information/0/Value/StringWithMarkup/0/Markup/2/Length,number,2
/Record/Section/9/Section/0/Information/0/Value/StringWithMarkup/0/Markup/2/Type,string,Superscript
/Record/Section/9/Section/0/Information/0/Value/StringWithMarkup/0/Markup/3/Start,number,336
/Record/Section/9/Section/0/Information/0/Value/StringWithMarkup/0/Markup/3/Length,number,2
/Record/Section/9/Section/0/Information/0/Value/StringWithMarkup/0/Markup/3/Type,string,Superscript
/Record/Section/9/Section/0/Information/0/Value/StringWithMarkup/1/String,string,          
/Record/Section/9/Section/0/Information/0/Value/StringWithMarkup/1/Markup/0/Start,number,0
/Record/Section/9/Section/0/Information/0/Value/StringWithMarkup/1/Markup/0/Length,number,1
/Record/Section/9/Section/0/Information/0/Value/StringWithMarkup/1/Markup/0/URL,string,https://pubchem.ncbi.nlm.nih.gov/images/iupac/j_pac-2015-0703_fig_029.jpg
/Record/Section/9/Section/0/Information/0/Value/StringWithMarkup/1/Markup/0/Type,string,Image
/Record/Section/9/Section/0/Information/0/Value/StringWithMarkup/1/Markup/0/Size,string,1359x1308
/Record/Section/9/Section/0/Information/0/Value/StringWithMarkup/1/Markup/0/Caption,string,"Fig. IUPAC.16.1: Variation in atomic weight with isotopic composition of selected sulfur-bearing materials (modified from [13], [17]). "
/Record/Section/9/Section/1/TOCHeading,string,Isotopes in Earth/Planetary Science
/Record/Section/9/Section/1/Description,string,Information on the use of this element's isotopes in earth/planetary science.
/Record/Section/9/Section/1/Information/0/ReferenceNumber,number,4
/Record/Section/9/Section/1/Information/0/Reference/0,string,"[13]  M. W. Wieser, T. B. Coplen. Pure Appl Chem.83, 359 (2011)."
/Record/Section/9/Section/1/Information/0/Reference/1,string,"[17]  T. B. Coplen, J. A. Hopple, J. K. Böhlke, H. S. Peiser, S. E. Rieder, H. R. Krouse, K. J. R. Rosman, T. Ding, R. D. Vocke, K. Revesz, A. Lamberty, P. D. P. Taylor, P. D. Bièvre. United States Geological Survey Water-Resources Investigations Report, 01-4222, (2002)."
/Record/Section/9/Section/1/Information/0/Reference/2,string,"[142]  International Atomic Energy Agency. Guidelines for the use of Isotopes of Sulfur in Soil–Plant Studies, International Atomic Energy Agency Vienna, Austria (2003)."
/Record/Section/9/Section/1/Information/0/Reference/3,string,"[143]  I. M. Cozzarelli, J. M. Suflita, G. A. Ulrich, S. H. Harris, M. A. Scholl, J. L. Schlottmann, S. Christenson. Environ. Sci. Technol.34, 4025 (2000)."
/Record/Section/9/Section/1/Information/0/Reference/4,string,"[144]  M. Edraki, S. D. Golding, K. A. Baublys, M. G. Lawrence. Appl. Geochem.20, 789 (2005)."
/Record/Section/9/Section/1/Information/0/Reference/5,string,"[146]  Y. Hu, H. Shang, H. Tong, O. Nehlich, W. Liu, C. Zhao, J. Yu, C. Wang, E. Trinkausd, M. P. Richards. Proc. Natl. Acad. Sci.106, 10971 (2009)."
/Record/Section/9/Section/1/Information/0/ExtendedReference/0/Citation,string,"[13]  M. W. Wieser, T. B. Coplen. Pure Appl Chem.83, 359 (2011)."
/Record/Section/9/Section/1/Information/0/ExtendedReference/1/Citation,string,"[17]  T. B. Coplen, J. A. Hopple, J. K. Böhlke, H. S. Peiser, S. E. Rieder, H. R. Krouse, K. J. R. Rosman, T. Ding, R. D. Vocke, K. Revesz, A. Lamberty, P. D. P. Taylor, P. D. Bièvre. United States Geological Survey Water-Resources Investigations Report, 01-4222, (2002)."
/Record/Section/9/Section/1/Information/0/ExtendedReference/2/Citation,string,"[142]  International Atomic Energy Agency. Guidelines for the use of Isotopes of Sulfur in Soil–Plant Studies, International Atomic Energy Agency Vienna, Austria (2003)."
/Record/Section/9/Section/1/Information/0/ExtendedReference/3/Citation,string,"[143]  I. M. Cozzarelli, J. M. Suflita, G. A. Ulrich, S. H. Harris, M. A. Scholl, J. L. Schlottmann, S. Christenson. Environ. Sci. Technol.34, 4025 (2000)."
/Record/Section/9/Section/1/Information/0/ExtendedReference/4/Citation,string,"[144]  M. Edraki, S. D. Golding, K. A. Baublys, M. G. Lawrence. Appl. Geochem.20, 789 (2005)."
/Record/Section/9/Section/1/Information/0/ExtendedReference/5/Citation,string,"[146]  Y. Hu, H. Shang, H. Tong, O. Nehlich, W. Liu, C. Zhao, J. Yu, C. Wang, E. Trinkausd, M. P. Richards. Proc. Natl. Acad. Sci.106, 10971 (2009)."
/Record/Section/9/Section/1/Information/0/Value/StringWithMarkup/0/String,string,"Molecules, atoms, and ions of the stable isotopes of sulfur possess slightly different physical and chemical properties, and they commonly will be fractionated during physical, chemical, and biological processes, giving rise to variations in isotopic abundances and in atomic weights. There are substantial variations in the isotopic abundances of sulfur in natural terrestrial materials (Fig. IUPAC.16.2). These variations are useful in investigating the origin of substances and studying environmental, hydrological, and geological processes [13], [17]. The isotope-amount ratio n(34S)/n(32S) can be used to trace natural and anthropogenic sources of sulfur. Examples include studies of acid mine drainage, the cycling of sulfur in agricultural watersheds, groundwater contamination from landfills, and sources of salinity in coastal aquifers [142], [143], [144]."
/Record/Section/9/Section/1/Information/0/Value/StringWithMarkup/0/Markup/0/Start,number,583
/Record/Section/9/Section/1/Information/0/Value/StringWithMarkup/0/Markup/0/Length,number,2
/Record/Section/9/Section/1/Information/0/Value/StringWithMarkup/0/Markup/0/Type,string,Superscript
/Record/Section/9/Section/1/Information/0/Value/StringWithMarkup/0/Markup/1/Start,number,590
/Record/Section/9/Section/1/Information/0/Value/StringWithMarkup/0/Markup/1/Length,number,2
/Record/Section/9/Section/1/Information/0/Value/StringWithMarkup/0/Markup/1/Type,string,Superscript
/Record/Section/9/Section/1/Information/0/Value/StringWithMarkup/1/String,string,          
/Record/Section/9/Section/1/Information/0/Value/StringWithMarkup/1/Markup/0/Start,number,0
/Record/Section/9/Section/1/Information/0/Value/StringWithMarkup/1/Markup/0/Length,number,1
/Record/Section/9/Section/1/Information/0/Value/StringWithMarkup/1/Markup/0/URL,string,https://pubchem.ncbi.nlm.nih.gov/images/iupac/j_pac-2015-0703_fig_030.jpg
/Record/Section/9/Section/1/Information/0/Value/StringWithMarkup/1/Markup/0/Type,string,Image
/Record/Section/9/Section/1/Information/0/Value/StringWithMarkup/1/Markup/0/Size,string,768x772
/Record/Section/9/Section/1/Information/0/Value/StringWithMarkup/1/Markup/0/Caption,string,"Fig. IUPAC.16.2: Sulfur isotopic abundances of Tianyuan 1 early modern human found in Eurasia, three terrestrial animals from Tianyuan Cave (Tianyuandong) in the Zhoukoudian region of China, and two fish from Donghulin (modified from [146]). Based on sulfur, carbon, and nitrogen isotopic analyses of bones from the early modern human and the associated animals in Tianyuan Cave and the Donghulin site, Hu et al. [146] conclude that the human most likely obtained a substantial portion of its protein from a freshwater ecosystem, probably from freshwater fish. "
/Record/Section/9/Section/2/TOCHeading,string,Isotopes in Forensic Science and Anthropology
/Record/Section/9/Section/2/Description,string,Information on the use of this element's isotopes in forensic science and anthropology.
/Record/Section/9/Section/2/Information/0/ReferenceNumber,number,4
/Record/Section/9/Section/2/Information/0/Reference/0,string,"[145]  B. Bahar, A. P. Moloney, F. J. Monahan, S. M. Harrison, A. Zazzo, C. M. Scrimgeour, I. S. Begley, O. Schmidt. J. Anim. Sci.87, 905 (2009)."
/Record/Section/9/Section/2/Information/0/ExtendedReference/0/Citation,string,"[145]  B. Bahar, A. P. Moloney, F. J. Monahan, S. M. Harrison, A. Zazzo, C. M. Scrimgeour, I. S. Begley, O. Schmidt. J. Anim. Sci.87, 905 (2009)."
/Record/Section/9/Section/2/Information/0/Value/StringWithMarkup/0/String,string,"The isotope-amount ratio n(34S)/n(32S) can be used to authenticate the dietary source of cattle. First, stable isotopes are measured to infer the dietary source of the cattle. Once the source of the diet is found, the isotopic compositions can be traced in certain muscle groups of the cattle and can be used to determine if the diet of the animal has been changed or if the feed is consistent with what the animal has been claimed to have been fed [145]."
/Record/Section/9/Section/2/Information/0/Value/StringWithMarkup/0/Markup/0/Start,number,27
/Record/Section/9/Section/2/Information/0/Value/StringWithMarkup/0/Markup/0/Length,number,2
/Record/Section/9/Section/2/Information/0/Value/StringWithMarkup/0/Markup/0/Type,string,Superscript
/Record/Section/9/Section/2/Information/0/Value/StringWithMarkup/0/Markup/1/Start,number,34
/Record/Section/9/Section/2/Information/0/Value/StringWithMarkup/0/Markup/1/Length,number,2
/Record/Section/9/Section/2/Information/0/Value/StringWithMarkup/0/Markup/1/Type,string,Superscript
/Record/Section/9/Section/3/TOCHeading,string,Isotopes in Geochronology
/Record/Section/9/Section/3/Description,string,Information on the use of this element's isotopes in geochronology.
/Record/Section/9/Section/3/Information/0/ReferenceNumber,number,4
/Record/Section/9/Section/3/Information/0/Reference/0,string,"[142]  International Atomic Energy Agency. Guidelines for the use of Isotopes of Sulfur in Soil–Plant Studies, International Atomic Energy Agency Vienna, Austria (2003)."
/Record/Section/9/Section/3/Information/0/Reference/1,string,"[147]  A. Priyadarshi, G. Dominguez, J. Savarino, M. Thiemens. Geophys. Res. Lett.38, L13808 (2011)."
/Record/Section/9/Section/3/Information/0/Reference/2,string,"[148]  INSTAAR University of Colorado Boulder. Sulfur 35, INSTAAR University of Colorado Boulder (2014), Feb. 24; http://snobear.colorado.edu/Daniel/isotopes/sulfur35.html."
/Record/Section/9/Section/3/Information/0/Reference/3,string,"[149]  Y. Kim, K. S. Lee, D. C. Koh, D. H. Lee, S. G. Lee, W. B. Park, G. W. Koh, N. C. Woo. J. Hydrol.270, 282 (2003)."
/Record/Section/9/Section/3/Information/0/Reference/4,string,"[150]  Y. L. Hong, G. Kim. Anal. Chem.77, 3390 (2005)."
/Record/Section/9/Section/3/Information/0/ExtendedReference/0/Citation,string,"[142]  International Atomic Energy Agency. Guidelines for the use of Isotopes of Sulfur in Soil–Plant Studies, International Atomic Energy Agency Vienna, Austria (2003)."
/Record/Section/9/Section/3/Information/0/ExtendedReference/1/Citation,string,"[147]  A. Priyadarshi, G. Dominguez, J. Savarino, M. Thiemens. Geophys. Res. Lett.38, L13808 (2011)."
/Record/Section/9/Section/3/Information/0/ExtendedReference/2/Citation,string,"[148]  INSTAAR University of Colorado Boulder. Sulfur 35, INSTAAR University of Colorado Boulder (2014), Feb. 24; http://snobear.colorado.edu/Daniel/isotopes/sulfur35.html."
/Record/Section/9/Section/3/Information/0/ExtendedReference/3/Citation,string,"[149]  Y. Kim, K. S. Lee, D. C. Koh, D. H. Lee, S. G. Lee, W. B. Park, G. W. Koh, N. C. Woo. J. Hydrol.270, 282 (2003)."
/Record/Section/9/Section/3/Information/0/ExtendedReference/4/Citation,string,"[150]  Y. L. Hong, G. Kim. Anal. Chem.77, 3390 (2005)."
/Record/Section/9/Section/3/Information/0/Value/StringWithMarkup/0/String,string,"35S has a half-life of 87 days, which is an ideal duration for use as a conservative tracer in atmospheric processes. 35SO2 gas is produced as a natural product of argon exposure to cosmic rays in the atmosphere. Because 35SO2 gas is present in the atmosphere and then precipitates and falls as moisture in the form of 35SO4 2-, 35S can act as a tracer to study air mass transport dynamics and atmospheric oxidation capacity [147]. Analyses of 35S in lake water and precipitation can also be used as a tracer to monitor contributions of sulfur that originated in precipitation to surface waters. If a water tests positive for the isotope 35S, it provides evidence that the water had been affected by recent (&lt;~1 year) precipitation [148], [149], [150]. 35S is used in direct labeling of elemental sulfur or sulfate sources to trace the fate of sulfur in fertilizers [142]."
/Record/Section/9/Section/3/Information/0/Value/StringWithMarkup/0/Markup/0/Start,number,0
/Record/Section/9/Section/3/Information/0/Value/StringWithMarkup/0/Markup/0/Length,number,2
/Record/Section/9/Section/3/Information/0/Value/StringWithMarkup/0/Markup/0/Type,string,Superscript
/Record/Section/9/Section/3/Information/0/Value/StringWithMarkup/0/Markup/1/Start,number,118
/Record/Section/9/Section/3/Information/0/Value/StringWithMarkup/0/Markup/1/Length,number,2
/Record/Section/9/Section/3/Information/0/Value/StringWithMarkup/0/Markup/1/Type,string,Superscript
/Record/Section/9/Section/3/Information/0/Value/StringWithMarkup/0/Markup/2/Start,number,122
/Record/Section/9/Section/3/Information/0/Value/StringWithMarkup/0/Markup/2/Length,number,1
/Record/Section/9/Section/3/Information/0/Value/StringWithMarkup/0/Markup/2/Type,string,Subscript
/Record/Section/9/Section/3/Information/0/Value/StringWithMarkup/0/Markup/3/Start,number,221
/Record/Section/9/Section/3/Information/0/Value/StringWithMarkup/0/Markup/3/Length,number,2
/Record/Section/9/Section/3/Information/0/Value/StringWithMarkup/0/Markup/3/Type,string,Superscript
/Record/Section/9/Section/3/Information/0/Value/StringWithMarkup/0/Markup/4/Start,number,225
/Record/Section/9/Section/3/Information/0/Value/StringWithMarkup/0/Markup/4/Length,number,1
/Record/Section/9/Section/3/Information/0/Value/StringWithMarkup/0/Markup/4/Type,string,Subscript
/Record/Section/9/Section/3/Information/0/Value/StringWithMarkup/0/Markup/5/Start,number,319
/Record/Section/9/Section/3/Information/0/Value/StringWithMarkup/0/Markup/5/Length,number,2
/Record/Section/9/Section/3/Information/0/Value/StringWithMarkup/0/Markup/5/Type,string,Superscript
/Record/Section/9/Section/3/Information/0/Value/StringWithMarkup/0/Markup/6/Start,number,323
/Record/Section/9/Section/3/Information/0/Value/StringWithMarkup/0/Markup/6/Length,number,1
/Record/Section/9/Section/3/Information/0/Value/StringWithMarkup/0/Markup/6/Type,string,Subscript
/Record/Section/9/Section/3/Information/0/Value/StringWithMarkup/0/Markup/7/Start,number,325
/Record/Section/9/Section/3/Information/0/Value/StringWithMarkup/0/Markup/7/Length,number,2
/Record/Section/9/Section/3/Information/0/Value/StringWithMarkup/0/Markup/7/Type,string,Superscript
/Record/Section/9/Section/3/Information/0/Value/StringWithMarkup/0/Markup/8/Start,number,329
/Record/Section/9/Section/3/Information/0/Value/StringWithMarkup/0/Markup/8/Length,number,2
/Record/Section/9/Section/3/Information/0/Value/StringWithMarkup/0/Markup/8/Type,string,Superscript
/Record/Section/9/Section/3/Information/0/Value/StringWithMarkup/0/Markup/9/Start,number,444
/Record/Section/9/Section/3/Information/0/Value/StringWithMarkup/0/Markup/9/Length,number,2
/Record/Section/9/Section/3/Information/0/Value/StringWithMarkup/0/Markup/9/Type,string,Superscript
/Record/Section/9/Section/3/Information/0/Value/StringWithMarkup/0/Markup/10/Start,number,638
/Record/Section/9/Section/3/Information/0/Value/StringWithMarkup/0/Markup/10/Length,number,2
/Record/Section/9/Section/3/Information/0/Value/StringWithMarkup/0/Markup/10/Type,string,Superscript
/Record/Section/9/Section/3/Information/0/Value/StringWithMarkup/0/Markup/11/Start,number,756
/Record/Section/9/Section/3/Information/0/Value/StringWithMarkup/0/Markup/11/Length,number,2
/Record/Section/9/Section/3/Information/0/Value/StringWithMarkup/0/Markup/11/Type,string,Superscript
/Record/Section/9/Section/4/TOCHeading,string,Isotope Mass and Abundance
/Record/Section/9/Section/4/Description,string,Atomic mass and abundance (composition) information for a given isotope/nuclide. The number in the parenthesis refers to an uncertainty when exist. The unit of atomic weight is the unified atomic mass unit (u) or dalton (Da). 
/Record/Section/9/Section/4/DisplayControls/CreateTable/FromInformationIn,string,ThisSection
/Record/Section/9/Section/4/DisplayControls/CreateTable/NumberOfColumns,number,3
/Record/Section/9/Section/4/DisplayControls/CreateTable/ColumnsFromNamedLists/Name/0,string,Isotope
/Record/Section/9/Section/4/DisplayControls/CreateTable/ColumnsFromNamedLists/Name/1,string,Atomic Mass (uncertainty) [u]
/Record/Section/9/Section/4/DisplayControls/CreateTable/ColumnsFromNamedLists/Name/2,string,Abundance (uncertainty)
/Record/Section/9/Section/4/DisplayControls/CreateTable/ColumnsFromNamedLists/UseNamesAsColumnHeadings,boolean,true
/Record/Section/9/Section/4/Information/0/ReferenceNumber,number,3
/Record/Section/9/Section/4/Information/0/Name,string,Isotope
/Record/Section/9/Section/4/Information/0/Value/StringWithMarkup/0/String,string, 32S
/Record/Section/9/Section/4/Information/0/Value/StringWithMarkup/0/Markup/0/Start,number,0
/Record/Section/9/Section/4/Information/0/Value/StringWithMarkup/0/Markup/0/Length,number,3
/Record/Section/9/Section/4/Information/0/Value/StringWithMarkup/0/Markup/0/Type,string,Superscript
/Record/Section/9/Section/4/Information/0/Value/StringWithMarkup/1/String,string, 33S
/Record/Section/9/Section/4/Information/0/Value/StringWithMarkup/1/Markup/0/Start,number,0
/Record/Section/9/Section/4/Information/0/Value/StringWithMarkup/1/Markup/0/Length,number,3
/Record/Section/9/Section/4/Information/0/Value/StringWithMarkup/1/Markup/0/Type,string,Superscript
/Record/Section/9/Section/4/Information/0/Value/StringWithMarkup/2/String,string, 34S
/Record/Section/9/Section/4/Information/0/Value/StringWithMarkup/2/Markup/0/Start,number,0
/Record/Section/9/Section/4/Information/0/Value/StringWithMarkup/2/Markup/0/Length,number,3
/Record/Section/9/Section/4/Information/0/Value/StringWithMarkup/2/Markup/0/Type,string,Superscript
/Record/Section/9/Section/4/Information/0/Value/StringWithMarkup/3/String,string, 36S
/Record/Section/9/Section/4/Information/0/Value/StringWithMarkup/3/Markup/0/Start,number,0
/Record/Section/9/Section/4/Information/0/Value/StringWithMarkup/3/Markup/0/Length,number,3
/Record/Section/9/Section/4/Information/0/Value/StringWithMarkup/3/Markup/0/Type,string,Superscript
/Record/Section/9/Section/4/Information/1/ReferenceNumber,number,3
/Record/Section/9/Section/4/Information/1/Name,string,Atomic Mass (uncertainty)
/Record/Section/9/Section/4/Information/1/Value/StringWithMarkup/0/String,string,31.972 071 174(9)
/Record/Section/9/Section/4/Information/1/Value/StringWithMarkup/1/String,string,32.971 458 91(1)
/Record/Section/9/Section/4/Information/1/Value/StringWithMarkup/2/String,string,33.967 8670(3)
/Record/Section/9/Section/4/Information/1/Value/StringWithMarkup/3/String,string,35.967 081(2)
/Record/Section/9/Section/4/Information/2/ReferenceNumber,number,3
/Record/Section/9/Section/4/Information/2/Name,string,Abundance (uncertainty)
/Record/Section/9/Section/4/Information/2/Value/StringWithMarkup/0/String,string,"[0.9441, 0.9529]"
/Record/Section/9/Section/4/Information/2/Value/StringWithMarkup/1/String,string,"[0.007 29, 0.007 97]"
/Record/Section/9/Section/4/Information/2/Value/StringWithMarkup/2/String,string,"[0.0396, 0.0477]"
/Record/Section/9/Section/4/Information/2/Value/StringWithMarkup/3/String,string,"[0.000 129, 0.000 187]"
/Record/Section/9/Section/4/Information/3/ReferenceNumber,number,7
/Record/Section/9/Section/4/Information/3/Name,string,Isotope
/Record/Section/9/Section/4/Information/3/Value/StringWithMarkup/0/String,string,32S
/Record/Section/9/Section/4/Information/3/Value/StringWithMarkup/0/Markup/0/Start,number,0
/Record/Section/9/Section/4/Information/3/Value/StringWithMarkup/0/Markup/0/Length,number,2
/Record/Section/9/Section/4/Information/3/Value/StringWithMarkup/0/Markup/0/Type,string,Superscript
/Record/Section/9/Section/4/Information/3/Value/StringWithMarkup/1/String,string,33S
/Record/Section/9/Section/4/Information/3/Value/StringWithMarkup/1/Markup/0/Start,number,0
/Record/Section/9/Section/4/Information/3/Value/StringWithMarkup/1/Markup/0/Length,number,2
/Record/Section/9/Section/4/Information/3/Value/StringWithMarkup/1/Markup/0/Type,string,Superscript
/Record/Section/9/Section/4/Information/3/Value/StringWithMarkup/2/String,string,34S
/Record/Section/9/Section/4/Information/3/Value/StringWithMarkup/2/Markup/0/Start,number,0
/Record/Section/9/Section/4/Information/3/Value/StringWithMarkup/2/Markup/0/Length,number,2
/Record/Section/9/Section/4/Information/3/Value/StringWithMarkup/2/Markup/0/Type,string,Superscript
/Record/Section/9/Section/4/Information/3/Value/StringWithMarkup/3/String,string,36S
/Record/Section/9/Section/4/Information/3/Value/StringWithMarkup/3/Markup/0/Start,number,0
/Record/Section/9/Section/4/Information/3/Value/StringWithMarkup/3/Markup/0/Length,number,2
/Record/Section/9/Section/4/Information/3/Value/StringWithMarkup/3/Markup/0/Type,string,Superscript
/Record/Section/9/Section/4/Information/4/ReferenceNumber,number,7
/Record/Section/9/Section/4/Information/4/Name,string,Atomic Mass (uncertainty) [u]
/Record/Section/9/Section/4/Information/4/Value/StringWithMarkup/0/String,string,31.9720711744(14)
/Record/Section/9/Section/4/Information/4/Value/StringWithMarkup/1/String,string,32.9714589098(15)
/Record/Section/9/Section/4/Information/4/Value/StringWithMarkup/2/String,string,33.967867004(47)
/Record/Section/9/Section/4/Information/4/Value/StringWithMarkup/3/String,string,35.96708071(20)
/Record/Section/9/Section/4/Information/5/ReferenceNumber,number,7
/Record/Section/9/Section/4/Information/5/Name,string,Abundance (uncertainty)
/Record/Section/9/Section/4/Information/5/Value/StringWithMarkup/0/String,string,0.9499(26)
/Record/Section/9/Section/4/Information/5/Value/StringWithMarkup/1/String,string,0.0075(2)
/Record/Section/9/Section/4/Information/5/Value/StringWithMarkup/2/String,string,0.0425(24)
/Record/Section/9/Section/4/Information/5/Value/StringWithMarkup/3/String,string,0.0001(1)
/Record/Section/9/Section/5/TOCHeading,string,"Atomic Mass, Half Life, and Decay"
/Record/Section/9/Section/5/Description,string,"Information on the atomic mass, half life, and decay for this element, from the the Atomic Mass Data Center. The number after the ± refers to an uncertainty when exists."
/Record/Section/9/Section/5/URL,string,https://pubchem.ncbi.nlm.nih.gov/docs/atomic-mass/
/Record/Section/9/Section/5/DisplayControls/CreateTable/FromInformationIn,string,ThisSection
/Record/Section/9/Section/5/DisplayControls/CreateTable/NumberOfColumns,number,5
/Record/Section/9/Section/5/DisplayControls/CreateTable/ColumnsFromNamedLists/Name/0,string,Nuclide
/Record/Section/9/Section/5/DisplayControls/CreateTable/ColumnsFromNamedLists/Name/1,string,Atomic Mass and Uncertainty [u]
/Record/Section/9/Section/5/DisplayControls/CreateTable/ColumnsFromNamedLists/Name/2,string,Half Life and Uncertainty
/Record/Section/9/Section/5/DisplayControls/CreateTable/ColumnsFromNamedLists/Name/3,string,Discovery Year
/Record/Section/9/Section/5/DisplayControls/CreateTable/ColumnsFromNamedLists/Name/4,string,"Decay Modes, Intensities and Uncertainties [%]"
/Record/Section/9/Section/5/DisplayControls/CreateTable/ColumnsFromNamedLists/UseNamesAsColumnHeadings,boolean,true
/Record/Section/9/Section/5/Information/0/ReferenceNumber,number,2
/Record/Section/9/Section/5/Information/0/Name,string,Nuclide
/Record/Section/9/Section/5/Information/0/Value/StringWithMarkup/0/String,string,26S
/Record/Section/9/Section/5/Information/0/Value/StringWithMarkup/0/Markup/0/Start,number,0
/Record/Section/9/Section/5/Information/0/Value/StringWithMarkup/0/Markup/0/Length,number,2
/Record/Section/9/Section/5/Information/0/Value/StringWithMarkup/0/Markup/0/Type,string,Superscript
/Record/Section/9/Section/5/Information/0/Value/StringWithMarkup/1/String,string,27S
/Record/Section/9/Section/5/Information/0/Value/StringWithMarkup/1/Markup/0/Start,number,0
/Record/Section/9/Section/5/Information/0/Value/StringWithMarkup/1/Markup/0/Length,number,2
/Record/Section/9/Section/5/Information/0/Value/StringWithMarkup/1/Markup/0/Type,string,Superscript
/Record/Section/9/Section/5/Information/0/Value/StringWithMarkup/2/String,string,28S
/Record/Section/9/Section/5/Information/0/Value/StringWithMarkup/2/Markup/0/Start,number,0
/Record/Section/9/Section/5/Information/0/Value/StringWithMarkup/2/Markup/0/Length,number,2
/Record/Section/9/Section/5/Information/0/Value/StringWithMarkup/2/Markup/0/Type,string,Superscript
/Record/Section/9/Section/5/Information/0/Value/StringWithMarkup/3/String,string,29S
/Record/Section/9/Section/5/Information/0/Value/StringWithMarkup/3/Markup/0/Start,number,0
/Record/Section/9/Section/5/Information/0/Value/StringWithMarkup/3/Markup/0/Length,number,2
/Record/Section/9/Section/5/Information/0/Value/StringWithMarkup/3/Markup/0/Type,string,Superscript
/Record/Section/9/Section/5/Information/0/Value/StringWithMarkup/4/String,string,30S
/Record/Section/9/Section/5/Information/0/Value/StringWithMarkup/4/Markup/0/Start,number,0
/Record/Section/9/Section/5/Information/0/Value/StringWithMarkup/4/Markup/0/Length,number,2
/Record/Section/9/Section/5/Information/0/Value/StringWithMarkup/4/Markup/0/Type,string,Superscript
/Record/Section/9/Section/5/Information/0/Value/StringWithMarkup/5/String,string,31S
/Record/Section/9/Section/5/Information/0/Value/StringWithMarkup/5/Markup/0/Start,number,0
/Record/Section/9/Section/5/Information/0/Value/StringWithMarkup/5/Markup/0/Length,number,2
/Record/Section/9/Section/5/Information/0/Value/StringWithMarkup/5/Markup/0/Type,string,Superscript
/Record/Section/9/Section/5/Information/0/Value/StringWithMarkup/6/String,string,32S
/Record/Section/9/Section/5/Information/0/Value/StringWithMarkup/6/Markup/0/Start,number,0
/Record/Section/9/Section/5/Information/0/Value/StringWithMarkup/6/Markup/0/Length,number,2
/Record/Section/9/Section/5/Information/0/Value/StringWithMarkup/6/Markup/0/Type,string,Superscript
/Record/Section/9/Section/5/Information/0/Value/StringWithMarkup/7/String,string,33S
/Record/Section/9/Section/5/Information/0/Value/StringWithMarkup/7/Markup/0/Start,number,0
/Record/Section/9/Section/5/Information/0/Value/StringWithMarkup/7/Markup/0/Length,number,2
/Record/Section/9/Section/5/Information/0/Value/StringWithMarkup/7/Markup/0/Type,string,Superscript
/Record/Section/9/Section/5/Information/0/Value/StringWithMarkup/8/String,string,34S
/Record/Section/9/Section/5/Information/0/Value/StringWithMarkup/8/Markup/0/Start,number,0
/Record/Section/9/Section/5/Information/0/Value/StringWithMarkup/8/Markup/0/Length,number,2
/Record/Section/9/Section/5/Information/0/Value/StringWithMarkup/8/Markup/0/Type,string,Superscript
/Record/Section/9/Section/5/Information/0/Value/StringWithMarkup/9/String,string,35S
/Record/Section/9/Section/5/Information/0/Value/StringWithMarkup/9/Markup/0/Start,number,0
/Record/Section/9/Section/5/Information/0/Value/StringWithMarkup/9/Markup/0/Length,number,2
/Record/Section/9/Section/5/Information/0/Value/StringWithMarkup/9/Markup/0/Type,string,Superscript
/Record/Section/9/Section/5/Information/0/Value/StringWithMarkup/10/String,string,36S
/Record/Section/9/Section/5/Information/0/Value/StringWithMarkup/10/Markup/0/Start,number,0
/Record/Section/9/Section/5/Information/0/Value/StringWithMarkup/10/Markup/0/Length,number,2
/Record/Section/9/Section/5/Information/0/Value/StringWithMarkup/10/Markup/0/Type,string,Superscript
/Record/Section/9/Section/5/Information/0/Value/StringWithMarkup/11/String,string,37S
/Record/Section/9/Section/5/Information/0/Value/StringWithMarkup/11/Markup/0/Start,number,0
/Record/Section/9/Section/5/Information/0/Value/StringWithMarkup/11/Markup/0/Length,number,2
/Record/Section/9/Section/5/Information/0/Value/StringWithMarkup/11/Markup/0/Type,string,Superscript
/Record/Section/9/Section/5/Information/0/Value/StringWithMarkup/12/String,string,38S
/Record/Section/9/Section/5/Information/0/Value/StringWithMarkup/12/Markup/0/Start,number,0
/Record/Section/9/Section/5/Information/0/Value/StringWithMarkup/12/Markup/0/Length,number,2
/Record/Section/9/Section/5/Information/0/Value/StringWithMarkup/12/Markup/0/Type,string,Superscript
/Record/Section/9/Section/5/Information/0/Value/StringWithMarkup/13/String,string,39S
/Record/Section/9/Section/5/Information/0/Value/StringWithMarkup/13/Markup/0/Start,number,0
/Record/Section/9/Section/5/Information/0/Value/StringWithMarkup/13/Markup/0/Length,number,2
/Record/Section/9/Section/5/Information/0/Value/StringWithMarkup/13/Markup/0/Type,string,Superscript
/Record/Section/9/Section/5/Information/0/Value/StringWithMarkup/14/String,string,40S
/Record/Section/9/Section/5/Information/0/Value/StringWithMarkup/14/Markup/0/Start,number,0
/Record/Section/9/Section/5/Information/0/Value/StringWithMarkup/14/Markup/0/Length,number,2
/Record/Section/9/Section/5/Information/0/Value/StringWithMarkup/14/Markup/0/Type,string,Superscript
/Record/Section/9/Section/5/Information/0/Value/StringWithMarkup/15/String,string,41S
/Record/Section/9/Section/5/Information/0/Value/StringWithMarkup/15/Markup/0/Start,number,0
/Record/Section/9/Section/5/Information/0/Value/StringWithMarkup/15/Markup/0/Length,number,2
/Record/Section/9/Section/5/Information/0/Value/StringWithMarkup/15/Markup/0/Type,string,Superscript
/Record/Section/9/Section/5/Information/0/Value/StringWithMarkup/16/String,string,42S
/Record/Section/9/Section/5/Information/0/Value/StringWithMarkup/16/Markup/0/Start,number,0
/Record/Section/9/Section/5/Information/0/Value/StringWithMarkup/16/Markup/0/Length,number,2
/Record/Section/9/Section/5/Information/0/Value/StringWithMarkup/16/Markup/0/Type,string,Superscript
/Record/Section/9/Section/5/Information/0/Value/StringWithMarkup/17/String,string,43S
/Record/Section/9/Section/5/Information/0/Value/StringWithMarkup/17/Markup/0/Start,number,0
/Record/Section/9/Section/5/Information/0/Value/StringWithMarkup/17/Markup/0/Length,number,2
/Record/Section/9/Section/5/Information/0/Value/StringWithMarkup/17/Markup/0/Type,string,Superscript
/Record/Section/9/Section/5/Information/0/Value/StringWithMarkup/18/String,string,43Sm
/Record/Section/9/Section/5/Information/0/Value/StringWithMarkup/18/Markup/0/Start,number,0
/Record/Section/9/Section/5/Information/0/Value/StringWithMarkup/18/Markup/0/Length,number,2
/Record/Section/9/Section/5/Information/0/Value/StringWithMarkup/18/Markup/0/Type,string,Superscript
/Record/Section/9/Section/5/Information/0/Value/StringWithMarkup/18/Markup/1/Start,number,3
/Record/Section/9/Section/5/Information/0/Value/StringWithMarkup/18/Markup/1/Length,number,1
/Record/Section/9/Section/5/Information/0/Value/StringWithMarkup/18/Markup/1/Type,string,Superscript
/Record/Section/9/Section/5/Information/0/Value/StringWithMarkup/19/String,string,44S
/Record/Section/9/Section/5/Information/0/Value/StringWithMarkup/19/Markup/0/Start,number,0
/Record/Section/9/Section/5/Information/0/Value/StringWithMarkup/19/Markup/0/Length,number,2
/Record/Section/9/Section/5/Information/0/Value/StringWithMarkup/19/Markup/0/Type,string,Superscript
/Record/Section/9/Section/5/Information/0/Value/StringWithMarkup/20/String,string,44Sm
/Record/Section/9/Section/5/Information/0/Value/StringWithMarkup/20/Markup/0/Start,number,0
/Record/Section/9/Section/5/Information/0/Value/StringWithMarkup/20/Markup/0/Length,number,2
/Record/Section/9/Section/5/Information/0/Value/StringWithMarkup/20/Markup/0/Type,string,Superscript
/Record/Section/9/Section/5/Information/0/Value/StringWithMarkup/20/Markup/1/Start,number,3
/Record/Section/9/Section/5/Information/0/Value/StringWithMarkup/20/Markup/1/Length,number,1
/Record/Section/9/Section/5/Information/0/Value/StringWithMarkup/20/Markup/1/Type,string,Superscript
/Record/Section/9/Section/5/Information/0/Value/StringWithMarkup/21/String,string,45S
/Record/Section/9/Section/5/Information/0/Value/StringWithMarkup/21/Markup/0/Start,number,0
/Record/Section/9/Section/5/Information/0/Value/StringWithMarkup/21/Markup/0/Length,number,2
/Record/Section/9/Section/5/Information/0/Value/StringWithMarkup/21/Markup/0/Type,string,Superscript
/Record/Section/9/Section/5/Information/0/Value/StringWithMarkup/22/String,string,46S
/Record/Section/9/Section/5/Information/0/Value/StringWithMarkup/22/Markup/0/Start,number,0
/Record/Section/9/Section/5/Information/0/Value/StringWithMarkup/22/Markup/0/Length,number,2
/Record/Section/9/Section/5/Information/0/Value/StringWithMarkup/22/Markup/0/Type,string,Superscript
/Record/Section/9/Section/5/Information/0/Value/StringWithMarkup/23/String,string,47S
/Record/Section/9/Section/5/Information/0/Value/StringWithMarkup/23/Markup/0/Start,number,0
/Record/Section/9/Section/5/Information/0/Value/StringWithMarkup/23/Markup/0/Length,number,2
/Record/Section/9/Section/5/Information/0/Value/StringWithMarkup/23/Markup/0/Type,string,Superscript
/Record/Section/9/Section/5/Information/0/Value/StringWithMarkup/24/String,string,48S
/Record/Section/9/Section/5/Information/0/Value/StringWithMarkup/24/Markup/0/Start,number,0
/Record/Section/9/Section/5/Information/0/Value/StringWithMarkup/24/Markup/0/Length,number,2
/Record/Section/9/Section/5/Information/0/Value/StringWithMarkup/24/Markup/0/Type,string,Superscript
/Record/Section/9/Section/5/Information/0/Value/StringWithMarkup/25/String,string,49S
/Record/Section/9/Section/5/Information/0/Value/StringWithMarkup/25/Markup/0/Start,number,0
/Record/Section/9/Section/5/Information/0/Value/StringWithMarkup/25/Markup/0/Length,number,2
/Record/Section/9/Section/5/Information/0/Value/StringWithMarkup/25/Markup/0/Type,string,Superscript
/Record/Section/9/Section/5/Information/1/ReferenceNumber,number,2
/Record/Section/9/Section/5/Information/1/Name,string,Atomic Mass and Uncertainty [u]
/Record/Section/9/Section/5/Information/1/Value/StringWithMarkup/0/String,string,26.029716 ± 0.000644 [Estimated]
/Record/Section/9/Section/5/Information/1/Value/StringWithMarkup/1/String,string,27.018777 ± 0.00043 [Estimated]
/Record/Section/9/Section/5/Information/1/Value/StringWithMarkup/2/String,string,28.004372762 ± 0.000171767
/Record/Section/9/Section/5/Information/1/Value/StringWithMarkup/3/String,string,28.996678000 ± 0.000014
/Record/Section/9/Section/5/Information/1/Value/StringWithMarkup/4/String,string,29.984906770 ± 0.000000221
/Record/Section/9/Section/5/Information/1/Value/StringWithMarkup/5/String,string,30.979557002 ± 0.000000246
/Record/Section/9/Section/5/Information/1/Value/StringWithMarkup/6/String,string,31.97207117354 ± 0.00000000141
/Record/Section/9/Section/5/Information/1/Value/StringWithMarkup/7/String,string,32.97145890862 ± 0.00000000144
/Record/Section/9/Section/5/Information/1/Value/StringWithMarkup/8/String,string,33.967867011 ± 0.000000047
/Record/Section/9/Section/5/Information/1/Value/StringWithMarkup/9/String,string,34.969032321 ± 0.000000043
/Record/Section/9/Section/5/Information/1/Value/StringWithMarkup/10/String,string,35.967080692 ± 0.000000201
/Record/Section/9/Section/5/Information/1/Value/StringWithMarkup/11/String,string,36.971125500 ± 0.000000212
/Record/Section/9/Section/5/Information/1/Value/StringWithMarkup/12/String,string,37.971163300 ± 0.000007699
/Record/Section/9/Section/5/Information/1/Value/StringWithMarkup/13/String,string,38.975133850 ± 0.000053677
/Record/Section/9/Section/5/Information/1/Value/StringWithMarkup/14/String,string,39.975482561 ± 0.000004274
/Record/Section/9/Section/5/Information/1/Value/StringWithMarkup/15/String,string,40.979593451 ± 0.0000044
/Record/Section/9/Section/5/Information/1/Value/StringWithMarkup/16/String,string,41.981065100 ± 0.000003
/Record/Section/9/Section/5/Information/1/Value/StringWithMarkup/17/String,string,42.986907635 ± 0.000005335
/Record/Section/9/Section/5/Information/1/Value/StringWithMarkup/18/String,string,42.986907635 ± 0.000005335
/Record/Section/9/Section/5/Information/1/Value/StringWithMarkup/19/String,string,43.990118846 ± 0.0000056
/Record/Section/9/Section/5/Information/1/Value/StringWithMarkup/20/String,string,43.990118846 ± 0.0000056
/Record/Section/9/Section/5/Information/1/Value/StringWithMarkup/21/String,string,44.996414 ± 0.000322 [Estimated]
/Record/Section/9/Section/5/Information/1/Value/StringWithMarkup/22/String,string,46.000687 ± 0.000429 [Estimated]
/Record/Section/9/Section/5/Information/1/Value/StringWithMarkup/23/String,string,47.007730 ± 0.000429 [Estimated]
/Record/Section/9/Section/5/Information/1/Value/StringWithMarkup/24/String,string,48.013301 ± 0.000537 [Estimated]
/Record/Section/9/Section/5/Information/1/Value/StringWithMarkup/25/String,string,49.021891 ± 0.000626 [Estimated]
/Record/Section/9/Section/5/Information/2/ReferenceNumber,number,2
/Record/Section/9/Section/5/Information/2/Name,string,Half Life and Uncertainty
/Record/Section/9/Section/5/Information/2/Value/StringWithMarkup/0/String,string,Not-specified <79ns
/Record/Section/9/Section/5/Information/2/Value/StringWithMarkup/1/String,string,16.3 ms ± 0.2
/Record/Section/9/Section/5/Information/2/Value/StringWithMarkup/2/String,string,125 ms ± 10
/Record/Section/9/Section/5/Information/2/Value/StringWithMarkup/3/String,string,188 ms ± 4
/Record/Section/9/Section/5/Information/2/Value/StringWithMarkup/4/String,string,1.1798 s ± 0.0003
/Record/Section/9/Section/5/Information/2/Value/StringWithMarkup/5/String,string,2.5534 s ± 0.0018
/Record/Section/9/Section/5/Information/2/Value/StringWithMarkup/6/String,string,Stable
/Record/Section/9/Section/5/Information/2/Value/StringWithMarkup/7/String,string,Stable
/Record/Section/9/Section/5/Information/2/Value/StringWithMarkup/8/String,string,Stable
/Record/Section/9/Section/5/Information/2/Value/StringWithMarkup/9/String,string,87.37 d ± 0.04
/Record/Section/9/Section/5/Information/2/Value/StringWithMarkup/10/String,string,Stable
/Record/Section/9/Section/5/Information/2/Value/StringWithMarkup/11/String,string,5.05 m ± 0.02
/Record/Section/9/Section/5/Information/2/Value/StringWithMarkup/12/String,string,170.3 m ± 0.7
/Record/Section/9/Section/5/Information/2/Value/StringWithMarkup/13/String,string,11.5 s ± 0.5
/Record/Section/9/Section/5/Information/2/Value/StringWithMarkup/14/String,string,8.8 s ± 2.2
/Record/Section/9/Section/5/Information/2/Value/StringWithMarkup/15/String,string,1.99 s ± 0.05
/Record/Section/9/Section/5/Information/2/Value/StringWithMarkup/16/String,string,1.016 s ± 0.015
/Record/Section/9/Section/5/Information/2/Value/StringWithMarkup/17/String,string,265 ms ± 13
/Record/Section/9/Section/5/Information/2/Value/StringWithMarkup/18/String,string,415.0 ns ± 2.6
/Record/Section/9/Section/5/Information/2/Value/StringWithMarkup/19/String,string,100 ms ± 1
/Record/Section/9/Section/5/Information/2/Value/StringWithMarkup/20/String,string,2.619 us ± 0.026
/Record/Section/9/Section/5/Information/2/Value/StringWithMarkup/21/String,string,68 ms ± 2
/Record/Section/9/Section/5/Information/2/Value/StringWithMarkup/22/String,string,50 ms ± 8
/Record/Section/9/Section/5/Information/2/Value/StringWithMarkup/23/String,string,24 ms >200ns [Estimated]
/Record/Section/9/Section/5/Information/2/Value/StringWithMarkup/24/String,string,10 ms >200ns [Estimated]
/Record/Section/9/Section/5/Information/2/Value/StringWithMarkup/25/String,string,4 ms >400ns [Estimated]
/Record/Section/9/Section/5/Information/3/ReferenceNumber,number,2
/Record/Section/9/Section/5/Information/3/Name,string,Discovery Year
/Record/Section/9/Section/5/Information/3/Value/StringWithMarkup/0/String,string,
/Record/Section/9/Section/5/Information/3/Value/StringWithMarkup/1/String,string,1986
/Record/Section/9/Section/5/Information/3/Value/StringWithMarkup/2/String,string,1982
/Record/Section/9/Section/5/Information/3/Value/StringWithMarkup/3/String,string,1964
/Record/Section/9/Section/5/Information/3/Value/StringWithMarkup/4/String,string,1961
/Record/Section/9/Section/5/Information/3/Value/StringWithMarkup/5/String,string,1940
/Record/Section/9/Section/5/Information/3/Value/StringWithMarkup/6/String,string,1920
/Record/Section/9/Section/5/Information/3/Value/StringWithMarkup/7/String,string,1926
/Record/Section/9/Section/5/Information/3/Value/StringWithMarkup/8/String,string,1926
/Record/Section/9/Section/5/Information/3/Value/StringWithMarkup/9/String,string,1936
/Record/Section/9/Section/5/Information/3/Value/StringWithMarkup/10/String,string,1938
/Record/Section/9/Section/5/Information/3/Value/StringWithMarkup/11/String,string,1945
/Record/Section/9/Section/5/Information/3/Value/StringWithMarkup/12/String,string,1958
/Record/Section/9/Section/5/Information/3/Value/StringWithMarkup/13/String,string,1971
/Record/Section/9/Section/5/Information/3/Value/StringWithMarkup/14/String,string,1971
/Record/Section/9/Section/5/Information/3/Value/StringWithMarkup/15/String,string,1979
/Record/Section/9/Section/5/Information/3/Value/StringWithMarkup/16/String,string,1979
/Record/Section/9/Section/5/Information/3/Value/StringWithMarkup/17/String,string,1979
/Record/Section/9/Section/5/Information/3/Value/StringWithMarkup/18/String,string,2000
/Record/Section/9/Section/5/Information/3/Value/StringWithMarkup/19/String,string,1979
/Record/Section/9/Section/5/Information/3/Value/StringWithMarkup/20/String,string,2005
/Record/Section/9/Section/5/Information/3/Value/StringWithMarkup/21/String,string,1989
/Record/Section/9/Section/5/Information/3/Value/StringWithMarkup/22/String,string,1989
/Record/Section/9/Section/5/Information/3/Value/StringWithMarkup/23/String,string,1989
/Record/Section/9/Section/5/Information/3/Value/StringWithMarkup/24/String,string,1990
/Record/Section/9/Section/5/Information/3/Value/StringWithMarkup/25/String,string,2018
/Record/Section/9/Section/5/Information/4/ReferenceNumber,number,2
/Record/Section/9/Section/5/Information/4/Name,string,"Decay Modes, Intensities and Uncertainties [%]"
/Record/Section/9/Section/5/Information/4/Value/StringWithMarkup/0/String,string,2p ?
/Record/Section/9/Section/5/Information/4/Value/StringWithMarkup/1/String,string,β+=100%; β+p=61±0.3%; β+2p=3.0±0.6%
/Record/Section/9/Section/5/Information/4/Value/StringWithMarkup/1/Markup/0/Start,number,1
/Record/Section/9/Section/5/Information/4/Value/StringWithMarkup/1/Markup/0/Length,number,1
/Record/Section/9/Section/5/Information/4/Value/StringWithMarkup/1/Markup/0/Type,string,Superscript
/Record/Section/9/Section/5/Information/4/Value/StringWithMarkup/1/Markup/1/Start,number,10
/Record/Section/9/Section/5/Information/4/Value/StringWithMarkup/1/Markup/1/Length,number,1
/Record/Section/9/Section/5/Information/4/Value/StringWithMarkup/1/Markup/1/Type,string,Superscript
/Record/Section/9/Section/5/Information/4/Value/StringWithMarkup/1/Markup/2/Start,number,23
/Record/Section/9/Section/5/Information/4/Value/StringWithMarkup/1/Markup/2/Length,number,1
/Record/Section/9/Section/5/Information/4/Value/StringWithMarkup/1/Markup/2/Type,string,Superscript
/Record/Section/9/Section/5/Information/4/Value/StringWithMarkup/2/String,string,β+=100%; β+p=20.7±1.9%
/Record/Section/9/Section/5/Information/4/Value/StringWithMarkup/2/Markup/0/Start,number,1
/Record/Section/9/Section/5/Information/4/Value/StringWithMarkup/2/Markup/0/Length,number,1
/Record/Section/9/Section/5/Information/4/Value/StringWithMarkup/2/Markup/0/Type,string,Superscript
/Record/Section/9/Section/5/Information/4/Value/StringWithMarkup/2/Markup/1/Start,number,10
/Record/Section/9/Section/5/Information/4/Value/StringWithMarkup/2/Markup/1/Length,number,1
/Record/Section/9/Section/5/Information/4/Value/StringWithMarkup/2/Markup/1/Type,string,Superscript
/Record/Section/9/Section/5/Information/4/Value/StringWithMarkup/3/String,string,β+=100%; β+p=46.4±1%
/Record/Section/9/Section/5/Information/4/Value/StringWithMarkup/3/Markup/0/Start,number,1
/Record/Section/9/Section/5/Information/4/Value/StringWithMarkup/3/Markup/0/Length,number,1
/Record/Section/9/Section/5/Information/4/Value/StringWithMarkup/3/Markup/0/Type,string,Superscript
/Record/Section/9/Section/5/Information/4/Value/StringWithMarkup/3/Markup/1/Start,number,10
/Record/Section/9/Section/5/Information/4/Value/StringWithMarkup/3/Markup/1/Length,number,1
/Record/Section/9/Section/5/Information/4/Value/StringWithMarkup/3/Markup/1/Type,string,Superscript
/Record/Section/9/Section/5/Information/4/Value/StringWithMarkup/4/String,string,β+=100%
/Record/Section/9/Section/5/Information/4/Value/StringWithMarkup/4/Markup/0/Start,number,1
/Record/Section/9/Section/5/Information/4/Value/StringWithMarkup/4/Markup/0/Length,number,1
/Record/Section/9/Section/5/Information/4/Value/StringWithMarkup/4/Markup/0/Type,string,Superscript
/Record/Section/9/Section/5/Information/4/Value/StringWithMarkup/5/String,string,β+=100%
/Record/Section/9/Section/5/Information/4/Value/StringWithMarkup/5/Markup/0/Start,number,1
/Record/Section/9/Section/5/Information/4/Value/StringWithMarkup/5/Markup/0/Length,number,1
/Record/Section/9/Section/5/Information/4/Value/StringWithMarkup/5/Markup/0/Type,string,Superscript
/Record/Section/9/Section/5/Information/4/Value/StringWithMarkup/6/String,string,IS=94.85±25.5%
/Record/Section/9/Section/5/Information/4/Value/StringWithMarkup/7/String,string,IS=0.763±2%
/Record/Section/9/Section/5/Information/4/Value/StringWithMarkup/8/String,string,IS=4.365±23.5%
/Record/Section/9/Section/5/Information/4/Value/StringWithMarkup/9/String,string,β-=100%
/Record/Section/9/Section/5/Information/4/Value/StringWithMarkup/9/Markup/0/Start,number,1
/Record/Section/9/Section/5/Information/4/Value/StringWithMarkup/9/Markup/0/Length,number,1
/Record/Section/9/Section/5/Information/4/Value/StringWithMarkup/9/Markup/0/Type,string,Superscript
/Record/Section/9/Section/5/Information/4/Value/StringWithMarkup/10/String,string,IS=0.0158±1.7%
/Record/Section/9/Section/5/Information/4/Value/StringWithMarkup/11/String,string,β-=100%
/Record/Section/9/Section/5/Information/4/Value/StringWithMarkup/11/Markup/0/Start,number,1
/Record/Section/9/Section/5/Information/4/Value/StringWithMarkup/11/Markup/0/Length,number,1
/Record/Section/9/Section/5/Information/4/Value/StringWithMarkup/11/Markup/0/Type,string,Superscript
/Record/Section/9/Section/5/Information/4/Value/StringWithMarkup/12/String,string,β-=100%
/Record/Section/9/Section/5/Information/4/Value/StringWithMarkup/12/Markup/0/Start,number,1
/Record/Section/9/Section/5/Information/4/Value/StringWithMarkup/12/Markup/0/Length,number,1
/Record/Section/9/Section/5/Information/4/Value/StringWithMarkup/12/Markup/0/Type,string,Superscript
/Record/Section/9/Section/5/Information/4/Value/StringWithMarkup/13/String,string,β-=100%
/Record/Section/9/Section/5/Information/4/Value/StringWithMarkup/13/Markup/0/Start,number,1
/Record/Section/9/Section/5/Information/4/Value/StringWithMarkup/13/Markup/0/Length,number,1
/Record/Section/9/Section/5/Information/4/Value/StringWithMarkup/13/Markup/0/Type,string,Superscript
/Record/Section/9/Section/5/Information/4/Value/StringWithMarkup/14/String,string,β-=100%
/Record/Section/9/Section/5/Information/4/Value/StringWithMarkup/14/Markup/0/Start,number,1
/Record/Section/9/Section/5/Information/4/Value/StringWithMarkup/14/Markup/0/Length,number,1
/Record/Section/9/Section/5/Information/4/Value/StringWithMarkup/14/Markup/0/Type,string,Superscript
/Record/Section/9/Section/5/Information/4/Value/StringWithMarkup/15/String,string,β-=100%; β-n ?
/Record/Section/9/Section/5/Information/4/Value/StringWithMarkup/15/Markup/0/Start,number,1
/Record/Section/9/Section/5/Information/4/Value/StringWithMarkup/15/Markup/0/Length,number,1
/Record/Section/9/Section/5/Information/4/Value/StringWithMarkup/15/Markup/0/Type,string,Superscript
/Record/Section/9/Section/5/Information/4/Value/StringWithMarkup/15/Markup/1/Start,number,10
/Record/Section/9/Section/5/Information/4/Value/StringWithMarkup/15/Markup/1/Length,number,1
/Record/Section/9/Section/5/Information/4/Value/StringWithMarkup/15/Markup/1/Type,string,Superscript
/Record/Section/9/Section/5/Information/4/Value/StringWithMarkup/16/String,string,β-=100%; β-n<1%
/Record/Section/9/Section/5/Information/4/Value/StringWithMarkup/16/Markup/0/Start,number,1
/Record/Section/9/Section/5/Information/4/Value/StringWithMarkup/16/Markup/0/Length,number,1
/Record/Section/9/Section/5/Information/4/Value/StringWithMarkup/16/Markup/0/Type,string,Superscript
/Record/Section/9/Section/5/Information/4/Value/StringWithMarkup/16/Markup/1/Start,number,10
/Record/Section/9/Section/5/Information/4/Value/StringWithMarkup/16/Markup/1/Length,number,1
/Record/Section/9/Section/5/Information/4/Value/StringWithMarkup/16/Markup/1/Type,string,Superscript
/Record/Section/9/Section/5/Information/4/Value/StringWithMarkup/17/String,string,β-=100%; β-n=40±1%
/Record/Section/9/Section/5/Information/4/Value/StringWithMarkup/17/Markup/0/Start,number,1
/Record/Section/9/Section/5/Information/4/Value/StringWithMarkup/17/Markup/0/Length,number,1
/Record/Section/9/Section/5/Information/4/Value/StringWithMarkup/17/Markup/0/Type,string,Superscript
/Record/Section/9/Section/5/Information/4/Value/StringWithMarkup/17/Markup/1/Start,number,10
/Record/Section/9/Section/5/Information/4/Value/StringWithMarkup/17/Markup/1/Length,number,1
/Record/Section/9/Section/5/Information/4/Value/StringWithMarkup/17/Markup/1/Type,string,Superscript
/Record/Section/9/Section/5/Information/4/Value/StringWithMarkup/18/String,string,IT=100%
/Record/Section/9/Section/5/Information/4/Value/StringWithMarkup/19/String,string,β-=100%; β-n=18±0.3%
/Record/Section/9/Section/5/Information/4/Value/StringWithMarkup/19/Markup/0/Start,number,1
/Record/Section/9/Section/5/Information/4/Value/StringWithMarkup/19/Markup/0/Length,number,1
/Record/Section/9/Section/5/Information/4/Value/StringWithMarkup/19/Markup/0/Type,string,Superscript
/Record/Section/9/Section/5/Information/4/Value/StringWithMarkup/19/Markup/1/Start,number,10
/Record/Section/9/Section/5/Information/4/Value/StringWithMarkup/19/Markup/1/Length,number,1
/Record/Section/9/Section/5/Information/4/Value/StringWithMarkup/19/Markup/1/Type,string,Superscript
/Record/Section/9/Section/5/Information/4/Value/StringWithMarkup/20/String,string,IT=100%
/Record/Section/9/Section/5/Information/4/Value/StringWithMarkup/21/String,string,β-=100%; β-n≈54%; β-2n ?
/Record/Section/9/Section/5/Information/4/Value/StringWithMarkup/21/Markup/0/Start,number,1
/Record/Section/9/Section/5/Information/4/Value/StringWithMarkup/21/Markup/0/Length,number,1
/Record/Section/9/Section/5/Information/4/Value/StringWithMarkup/21/Markup/0/Type,string,Superscript
/Record/Section/9/Section/5/Information/4/Value/StringWithMarkup/21/Markup/1/Start,number,10
/Record/Section/9/Section/5/Information/4/Value/StringWithMarkup/21/Markup/1/Length,number,1
/Record/Section/9/Section/5/Information/4/Value/StringWithMarkup/21/Markup/1/Type,string,Superscript
/Record/Section/9/Section/5/Information/4/Value/StringWithMarkup/21/Markup/2/Start,number,19
/Record/Section/9/Section/5/Information/4/Value/StringWithMarkup/21/Markup/2/Length,number,1
/Record/Section/9/Section/5/Information/4/Value/StringWithMarkup/21/Markup/2/Type,string,Superscript
/Record/Section/9/Section/5/Information/4/Value/StringWithMarkup/22/String,string,β-=100%; β-n ?; β-2n ?
/Record/Section/9/Section/5/Information/4/Value/StringWithMarkup/22/Markup/0/Start,number,1
/Record/Section/9/Section/5/Information/4/Value/StringWithMarkup/22/Markup/0/Length,number,1
/Record/Section/9/Section/5/Information/4/Value/StringWithMarkup/22/Markup/0/Type,string,Superscript
/Record/Section/9/Section/5/Information/4/Value/StringWithMarkup/22/Markup/1/Start,number,10
/Record/Section/9/Section/5/Information/4/Value/StringWithMarkup/22/Markup/1/Length,number,1
/Record/Section/9/Section/5/Information/4/Value/StringWithMarkup/22/Markup/1/Type,string,Superscript
/Record/Section/9/Section/5/Information/4/Value/StringWithMarkup/22/Markup/2/Start,number,17
/Record/Section/9/Section/5/Information/4/Value/StringWithMarkup/22/Markup/2/Length,number,1
/Record/Section/9/Section/5/Information/4/Value/StringWithMarkup/22/Markup/2/Type,string,Superscript
/Record/Section/9/Section/5/Information/4/Value/StringWithMarkup/23/String,string,β- ?; β-n ?; β-2n ?
/Record/Section/9/Section/5/Information/4/Value/StringWithMarkup/23/Markup/0/Start,number,1
/Record/Section/9/Section/5/Information/4/Value/StringWithMarkup/23/Markup/0/Length,number,1
/Record/Section/9/Section/5/Information/4/Value/StringWithMarkup/23/Markup/0/Type,string,Superscript
/Record/Section/9/Section/5/Information/4/Value/StringWithMarkup/23/Markup/1/Start,number,7
/Record/Section/9/Section/5/Information/4/Value/StringWithMarkup/23/Markup/1/Length,number,1
/Record/Section/9/Section/5/Information/4/Value/StringWithMarkup/23/Markup/1/Type,string,Superscript
/Record/Section/9/Section/5/Information/4/Value/StringWithMarkup/23/Markup/2/Start,number,14
/Record/Section/9/Section/5/Information/4/Value/StringWithMarkup/23/Markup/2/Length,number,1
/Record/Section/9/Section/5/Information/4/Value/StringWithMarkup/23/Markup/2/Type,string,Superscript
/Record/Section/9/Section/5/Information/4/Value/StringWithMarkup/24/String,string,β- ?; β-n ?; β-2n ?
/Record/Section/9/Section/5/Information/4/Value/StringWithMarkup/24/Markup/0/Start,number,1
/Record/Section/9/Section/5/Information/4/Value/StringWithMarkup/24/Markup/0/Length,number,1
/Record/Section/9/Section/5/Information/4/Value/StringWithMarkup/24/Markup/0/Type,string,Superscript
/Record/Section/9/Section/5/Information/4/Value/StringWithMarkup/24/Markup/1/Start,number,7
/Record/Section/9/Section/5/Information/4/Value/StringWithMarkup/24/Markup/1/Length,number,1
/Record/Section/9/Section/5/Information/4/Value/StringWithMarkup/24/Markup/1/Type,string,Superscript
/Record/Section/9/Section/5/Information/4/Value/StringWithMarkup/24/Markup/2/Start,number,14
/Record/Section/9/Section/5/Information/4/Value/StringWithMarkup/24/Markup/2/Length,number,1
/Record/Section/9/Section/5/Information/4/Value/StringWithMarkup/24/Markup/2/Type,string,Superscript
/Record/Section/9/Section/5/Information/4/Value/StringWithMarkup/25/String,string,β- ?; β-n ?; β-2n ?
/Record/Section/9/Section/5/Information/4/Value/StringWithMarkup/25/Markup/0/Start,number,1
/Record/Section/9/Section/5/Information/4/Value/StringWithMarkup/25/Markup/0/Length,number,1
/Record/Section/9/Section/5/Information/4/Value/StringWithMarkup/25/Markup/0/Type,string,Superscript
/Record/Section/9/Section/5/Information/4/Value/StringWithMarkup/25/Markup/1/Start,number,7
/Record/Section/9/Section/5/Information/4/Value/StringWithMarkup/25/Markup/1/Length,number,1
/Record/Section/9/Section/5/Information/4/Value/StringWithMarkup/25/Markup/1/Type,string,Superscript
/Record/Section/9/Section/5/Information/4/Value/StringWithMarkup/25/Markup/2/Start,number,14
/Record/Section/9/Section/5/Information/4/Value/StringWithMarkup/25/Markup/2/Length,number,1
/Record/Section/9/Section/5/Information/4/Value/StringWithMarkup/25/Markup/2/Type,string,Superscript
/Record/Reference/0/ReferenceNumber,number,1
/Record/Reference/0/SourceName,string,PubChem
/Record/Reference/0/SourceID,string,PubChem
/Record/Reference/0/Description,string,Data deposited in or computed by PubChem
/Record/Reference/0/URL,string,https://pubchem.ncbi.nlm.nih.gov
/Record/Reference/1/ReferenceNumber,number,2
/Record/Reference/1/SourceName,string,"Atomic Mass Data Center (AMDC), International Atomic Energy Agency (IAEA)"
/Record/Reference/1/SourceID,string,e16
/Record/Reference/1/Name,string,S
/Record/Reference/1/Description,string,The half-life and atomic mass data was provided by the Atomic Mass Data Center at the International Atomic Energy Agency.
/Record/Reference/1/URL,string,https://www-nds.iaea.org/amdc/
/Record/Reference/1/LicenseURL,string,https://www-nds.iaea.org/disclaimer.html
/Record/Reference/1/ANID,number,6590243
/Record/Reference/2/ReferenceNumber,number,3
/Record/Reference/2/SourceName,string,IUPAC Commission on Isotopic Abundances and Atomic Weights (CIAAW)
/Record/Reference/2/SourceID,string,a16
/Record/Reference/2/Name,string,Sulfur
/Record/Reference/2/Description,string,Element data are cited from the Atomic weights of the elements (an IUPAC Technical Report). The IUPAC periodic table of elements can be found at https://iupac.org/what-we-do/periodic-table-of-elements/. Additional information can be found within IUPAC publication doi:10.1515/pac-2015-0703 Copyright © 2020 International Union of Pure and Applied Chemistry.
/Record/Reference/2/URL,string,https://www.ciaaw.org/sulfur.htm
/Record/Reference/2/LicenseURL,string,http://www.ciaaw.org/bylaws.htm
/Record/Reference/2/ANID,number,2292397
/Record/Reference/3/ReferenceNumber,number,5
/Record/Reference/3/SourceName,string,"Jefferson Lab, U.S. Department of Energy"
/Record/Reference/3/SourceID,string,jlab16
/Record/Reference/3/Name,string,Sulfur
/Record/Reference/3/Description,string,"Thomas Jefferson National Accelerator Facility (Jefferson Lab) is one of 17 national laboratories funded by the U.S. Department of Energy. The lab's primary mission is to conduct basic research of the atom's nucleus using the lab's unique particle accelerator, known as the Continuous Electron Beam Accelerator Facility (CEBAF). For more information visit https://www.jlab.org/"
/Record/Reference/3/URL,string,https://education.jlab.org/itselemental/ele016.html
/Record/Reference/3/LicenseNote,string,Please see citation and linking information: https://education.jlab.org/faq/index.html
/Record/Reference/3/LicenseURL,string,https://www.jlab.org/privacy-and-security-notice
/Record/Reference/3/ANID,number,507078
/Record/Reference/4/ReferenceNumber,number,6
/Record/Reference/4/SourceName,string,"Los Alamos National Laboratory, U.S. Department of Energy"
/Record/Reference/4/SourceID,string,lanl16
/Record/Reference/4/Name,string,Sulfur
/Record/Reference/4/Description,string,"The periodic table at the LANL (Los Alamos National Laboratory) contains basic element information together with the history, source, properties, use, handling and more. The provenance data may be found from the link under the source name."
/Record/Reference/4/URL,string,https://periodic.lanl.gov/16.shtml
/Record/Reference/4/ANID,number,507196
/Record/Reference/5/ReferenceNumber,number,7
/Record/Reference/5/SourceName,string,NIST Physical Measurement Laboratory
/Record/Reference/5/SourceID,string,e16
/Record/Reference/5/Name,string,Sulfur
/Record/Reference/5/Description,string,"The periodic table contains NIST's critically-evaluated data on atomic properties of the elements. The provenance data that include data for atomic spectroscopy, X-ray and gamma ray, radiation dosimetry, nuclear physics, and condensed matter physics may be found from the link under the source name. Ref: https://www.nist.gov/pml/atomic-spectra-database"
/Record/Reference/5/URL,string,https://physics.nist.gov/cgi-bin/Elements/elInfo.pl?element=16
/Record/Reference/5/LicenseURL,string,https://www.nist.gov/pml/database-disclaimer
/Record/Reference/5/ANID,number,2292633
/Record/Reference/6/ReferenceNumber,number,4
/Record/Reference/6/SourceName,string,IUPAC Periodic Table of the Elements and Isotopes (IPTEI)
/Record/Reference/6/SourceID,string,p16
/Record/Reference/6/Description,string,"The information are cited from Pure Appl. Chem. 2018; 90(12): 1833-2092, https://doi.org/10.1515/pac-2015-0703."
/Record/Reference/6/URL,string,https://doi.org/10.1515/pac-2015-0703
/Record/Reference/6/LicenseNote,string,"Copyright (c) 2020 International Union of Pure and Applied Chemistry.

The International Union of Pure and Applied Chemistry (IUPAC) contribution within Pubchem is provided under a CC-BY-NC-ND 4.0 license, unless otherwise stated."
/Record/Reference/6/LicenseURL,string,https://creativecommons.org/licenses/by-nc-nd/4.0/
/Record/Reference/6/ANID,number,13296421
/Record/Reference/7/ReferenceNumber,number,9
/Record/Reference/7/SourceName,string,PubChem Elements
/Record/Reference/7/SourceID,string,ep_16
/Record/Reference/7/Name,string,Sulfur
/Record/Reference/7/Description,string,The element property data was retrieved from publications.
/Record/Reference/7/LicenseURL,string,https://www.nlm.nih.gov/copyright.html
/Record/Reference/7/ANID,number,24834068
/Record/Reference/8/ReferenceNumber,number,8
/Record/Reference/8/SourceName,string,PubChem Elements
/Record/Reference/8/SourceID,string,ef_16
/Record/Reference/8/Name,string,Sulfur
/Record/Reference/8/Description,string,This section provides all form of data related to element Sulfur.
/Record/Reference/8/LicenseURL,string,https://www.nlm.nih.gov/copyright.html
/Record/Reference/8/ANID,number,24833944
