path,type,value
/Record/RecordType,string,AtomicNumber
/Record/RecordNumber,number,77
/Record/RecordTitle,string,Iridium
/Record/Section/0/TOCHeading,string,Identifiers
/Record/Section/0/Description,string,"Identifiers for this element, including element name, element symbol, InChI string, and InChIKey."
/Record/Section/0/Section/0/TOCHeading,string,Element Name
/Record/Section/0/Section/0/Description,string,"The formal, standard name for a given element, originating from factors such as common usage and the person or place involved in its discovery. Element, also called chemical element, refers to a species of atom; all varieties of atoms with the same number of protons in the nucleus (but possibly a different number of neutrons) are considered to be the same element."
/Record/Section/0/Section/0/Information/0/ReferenceNumber,number,1
/Record/Section/0/Section/0/Information/0/Name,string,Element Name
/Record/Section/0/Section/0/Information/0/Value/StringWithMarkup/0/String,string,Iridium
/Record/Section/0/Section/0/Information/1/ReferenceNumber,number,3
/Record/Section/0/Section/0/Information/1/Name,string,Element Name
/Record/Section/0/Section/0/Information/1/Value/StringWithMarkup/0/String,string,Iridium
/Record/Section/0/Section/1/TOCHeading,string,Element Symbol
/Record/Section/0/Section/1/Description,string,"Element symbol, also called atomic symbol, typically consists of one or two letters from the Latin alphabet derived from the element name in one of several languages."
/Record/Section/0/Section/1/Information/0/ReferenceNumber,number,1
/Record/Section/0/Section/1/Information/0/Name,string,Element Symbol
/Record/Section/0/Section/1/Information/0/Value/StringWithMarkup/0/String,string,Ir
/Record/Section/0/Section/1/Information/1/ReferenceNumber,number,3
/Record/Section/0/Section/1/Information/1/Name,string,Element Symbol
/Record/Section/0/Section/1/Information/1/Value/StringWithMarkup/0/String,string,Ir
/Record/Section/0/Section/2/TOCHeading,string,InChI
/Record/Section/0/Section/2/Description,string,"The International Chemical Identifier (InChI) is a computed, non-proprietary identifier for a chemical structure.  The InChI is an International Union of Pure and Applied Chemistry (IUPAC) standard."
/Record/Section/0/Section/2/URL,string,https://iupac.org/who-we-are/divisions/division-details/inchi/
/Record/Section/0/Section/2/Information/0/ReferenceNumber,number,1
/Record/Section/0/Section/2/Information/0/Name,string,InChI
/Record/Section/0/Section/2/Information/0/Value/StringWithMarkup/0/String,string,InChI=1S/Ir
/Record/Section/0/Section/3/TOCHeading,string,InChIKey
/Record/Section/0/Section/3/Description,string,"An InChIKey is a 27-character hashed code derived from an InChI.  The International Chemical Identifier (InChI) is a computed, non-proprietary identifier for a chemical structure.  The InChI is an International Union of Pure and Applied Chemistry (IUPAC) standard."
/Record/Section/0/Section/3/URL,string,https://iupac.org/who-we-are/divisions/division-details/inchi/
/Record/Section/0/Section/3/Information/0/ReferenceNumber,number,1
/Record/Section/0/Section/3/Information/0/Name,string,InChIKey
/Record/Section/0/Section/3/Information/0/Value/StringWithMarkup/0/String,string,GKOZUEZYRPOHIO-UHFFFAOYSA-N
/Record/Section/1/TOCHeading,string,Properties
/Record/Section/1/Description,string,"Characteristics of this element, such as atomic number, atomic mass, density, melting point, boiling point and so on."
/Record/Section/1/Section/0/TOCHeading,string,Atomic Weight
/Record/Section/1/Section/0/Description,string,"Also called relative atomic mass, is the ratio of the average mass of the atom to the unified atomic mass unit, defined as one twelfth of the mass of a carbon-12 atom in its ground state and used to express masses of atomic particles, u=1.660 5402(10) * 10**(-27) kg. The Standard atomic weights refer to recommended values of relative atomic masses of the elements revised biennially by the IUPAC Commission on Atomic Weights and Isotopic Abundances and applicable to elements in any normal sample with a high level of confidence. The number in the parenthesis refers to an uncertainty when exists. The unit of atomic weight is the dalton or unified atomic mass unit (symbol: Da or u)."
/Record/Section/1/Section/0/Information/0/ReferenceNumber,number,3
/Record/Section/1/Section/0/Information/0/Name,string,Atomic Weight
/Record/Section/1/Section/0/Information/0/Value/StringWithMarkup/0/String,string,192.217(2)
/Record/Section/1/Section/0/Information/1/ReferenceNumber,number,5
/Record/Section/1/Section/0/Information/1/Value/StringWithMarkup/0/String,string,192.217
/Record/Section/1/Section/0/Information/2/ReferenceNumber,number,6
/Record/Section/1/Section/0/Information/2/Value/StringWithMarkup/0/String,string,192.2
/Record/Section/1/Section/0/Information/3/ReferenceNumber,number,7
/Record/Section/1/Section/0/Information/3/Value/StringWithMarkup/0/String,string,192.217(3)
/Record/Section/1/Section/1/TOCHeading,string,Electron Configuration
/Record/Section/1/Section/1/Description,string,"The electron configuration refers a distribution of the electrons of an atom or a molecular entity over a set of one-electron wavefunctions (called orbitals), according to the Pauli principle. From one configuration several states with different multiplicities may result."
/Record/Section/1/Section/1/URL,string,https://chem.libretexts.org/Courses/Sacramento_City_College/SCC%3A_Chem_420_-_Organic_Chemistry_I/Text/01%3A_Introduction_and_Review/1.04%3A_Electron_Configurations
/Record/Section/1/Section/1/Information/0/ReferenceNumber,number,6
/Record/Section/1/Section/1/Information/0/Value/StringWithMarkup/0/String,string,[Xe]6s24f145d7
/Record/Section/1/Section/1/Information/0/Value/StringWithMarkup/0/Markup/0/Start,number,6
/Record/Section/1/Section/1/Information/0/Value/StringWithMarkup/0/Markup/0/Length,number,1
/Record/Section/1/Section/1/Information/0/Value/StringWithMarkup/0/Markup/0/Type,string,Superscript
/Record/Section/1/Section/1/Information/0/Value/StringWithMarkup/0/Markup/1/Start,number,9
/Record/Section/1/Section/1/Information/0/Value/StringWithMarkup/0/Markup/1/Length,number,2
/Record/Section/1/Section/1/Information/0/Value/StringWithMarkup/0/Markup/1/Type,string,Superscript
/Record/Section/1/Section/1/Information/0/Value/StringWithMarkup/0/Markup/2/Start,number,13
/Record/Section/1/Section/1/Information/0/Value/StringWithMarkup/0/Markup/2/Length,number,1
/Record/Section/1/Section/1/Information/0/Value/StringWithMarkup/0/Markup/2/Type,string,Superscript
/Record/Section/1/Section/2/TOCHeading,string,Atomic Radius
/Record/Section/1/Section/2/Description,string,"The atomic radius of a chemical element is a measure of the size of its atom, usually, the distance from the center of the nucleus to the outermost isolated electron.  Because an atom does not have a discrete boundary, there are various non-equivalent definitions of atomic radius, such as Van der Waals radius and covalent radius."
/Record/Section/1/Section/2/Information/0/ReferenceNumber,number,6
/Record/Section/1/Section/2/Information/0/Name,string,Van der Waals Atomic Radius
/Record/Section/1/Section/2/Information/0/Value/StringWithMarkup/0/String,string,202 pm (Van der Waals)
/Record/Section/1/Section/2/Information/1/ReferenceNumber,number,9
/Record/Section/1/Section/2/Information/1/Name,string,Empirical Atomic Radius
/Record/Section/1/Section/2/Information/1/Reference/0,string,"J.C. Slater, J Chem Phys, 1964, 41(10), 3199-3205. DOI:10.1063/1.1725697"
/Record/Section/1/Section/2/Information/1/ExtendedReference/0/Citation,string,"J.C. Slater, J Chem Phys, 1964, 41(10), 3199-3205. DOI:10.1063/1.1725697"
/Record/Section/1/Section/2/Information/1/Value/Number/0,number,135
/Record/Section/1/Section/2/Information/1/Value/Unit,string,pm (Empirical)
/Record/Section/1/Section/2/Information/2/ReferenceNumber,number,9
/Record/Section/1/Section/2/Information/2/Name,string,Covalent Atomic Radius
/Record/Section/1/Section/2/Information/2/Reference/0,string,"B. Cordero, V. Gómez, A.E. Platero-Prats, M. Revés, J. Echeverría, E. Cremades, F. Barragán, S. Alvarez, Dalton Trans. 2008, 21, 2832-2838. DOI:10.1039/b801115j PMID:18478144."
/Record/Section/1/Section/2/Information/2/ExtendedReference/0/Citation,string,"B. Cordero, V. Gómez, A.E. Platero-Prats, M. Revés, J. Echeverría, E. Cremades, F. Barragán, S. Alvarez, Dalton Trans. 2008, 21, 2832-2838. DOI:10.1039/b801115j PMID:18478144."
/Record/Section/1/Section/2/Information/2/Value/StringWithMarkup/0/String,string,141(6) pm (Covalent)
/Record/Section/1/Section/3/TOCHeading,string,Oxidation States
/Record/Section/1/Section/3/Description,string,"The oxidation state(s) that this element commonly has in a compound.  The oxidation state of an atom is defined as the hypothetical charge that would be held by that atom if all of its bonds to other atoms were completely ionic in nature. For example, the oxidation state of carbon in CO2 would be +4 since the hypothetical charge held by the carbon atom if both of the carbon-oxygen double bonds were completely ionic would be equal to +4 (each oxygen atom would hold a charge of -2 since oxygen is more electronegative than carbon)."
/Record/Section/1/Section/3/URL,string,https://chem.libretexts.org/Bookshelves/General_Chemistry/Map%3A_Chemistry_-_The_Central_Science_(Brown_et_al.)/20%3A_Electrochemistry/20.01%3A_Oxidation_States_and_Redox_Reactions
/Record/Section/1/Section/3/Information/0/ReferenceNumber,number,5
/Record/Section/1/Section/3/Information/0/Value/StringWithMarkup/0/String,string,"+4, +3"
/Record/Section/1/Section/3/Information/1/ReferenceNumber,number,6
/Record/Section/1/Section/3/Information/1/Value/StringWithMarkup/0/String,string,"-3, -1, 0, 1, 2, 3, 4, 5, 6, 7, 8, 9"
/Record/Section/1/Section/4/TOCHeading,string,Ground Level
/Record/Section/1/Section/4/Description,string,Also called ground-state level. The ground state electron configuration is the arrangement of electrons around the nucleus of an atom with lower energy levels.
/Record/Section/1/Section/4/Information/0/ReferenceNumber,number,7
/Record/Section/1/Section/4/Information/0/Value/StringWithMarkup/0/String,string,4F9/2
/Record/Section/1/Section/4/Information/0/Value/StringWithMarkup/0/Markup/0/Start,number,0
/Record/Section/1/Section/4/Information/0/Value/StringWithMarkup/0/Markup/0/Length,number,1
/Record/Section/1/Section/4/Information/0/Value/StringWithMarkup/0/Markup/0/Type,string,Superscript
/Record/Section/1/Section/4/Information/0/Value/StringWithMarkup/0/Markup/1/Start,number,2
/Record/Section/1/Section/4/Information/0/Value/StringWithMarkup/0/Markup/1/Length,number,3
/Record/Section/1/Section/4/Information/0/Value/StringWithMarkup/0/Markup/1/Type,string,Subscript
/Record/Section/1/Section/5/TOCHeading,string,Ionization Energy
/Record/Section/1/Section/5/Description,string,"Ionization energy, also called ionization potential, is the amount of energy required to remove an electron from an isolated atom or molecule."
/Record/Section/1/Section/5/URL,string,https://www.britannica.com/science/ionization-energy
/Record/Section/1/Section/5/Information/0/ReferenceNumber,number,5
/Record/Section/1/Section/5/Information/0/Value/StringWithMarkup/0/String,string,9.1 eV
/Record/Section/1/Section/5/Information/1/ReferenceNumber,number,7
/Record/Section/1/Section/5/Information/1/Reference/0,string,"First Ionization Potentials of Osmium and Iridium Determined by Mass-Analyzed Double-Resonance Field-Ionization Spectroscopy, P. Colarusso, M.-A. Lebeault-Dorget, and B. Simard, Phys. Rev. A 55, 1526–1529 (1997) DOI:10.1103/PhysRevA.55.1526"
/Record/Section/1/Section/5/Information/1/ExtendedReference/0/Citation,string,"First Ionization Potentials of Osmium and Iridium Determined by Mass-Analyzed Double-Resonance Field-Ionization Spectroscopy, P. Colarusso, M.-A. Lebeault-Dorget, and B. Simard, Phys. Rev. A 55, 1526–1529 (1997) DOI:10.1103/PhysRevA.55.1526"
/Record/Section/1/Section/5/Information/1/Value/StringWithMarkup/0/String,string,8.96702 ± 0.00022 eV
/Record/Section/1/Section/6/TOCHeading,string,Electronegativity
/Record/Section/1/Section/6/Description,string,Electronegativity is a measure of the tendency of an atom to attract a bonding pair of electrons.
/Record/Section/1/Section/6/URL,string,https://chem.libretexts.org/Bookshelves/Physical_and_Theoretical_Chemistry_Textbook_Maps/Supplemental_Modules_(Physical_and_Theoretical_Chemistry)/Physical_Properties_of_Matter/Atomic_and_Molecular_Properties/Electronegativity
/Record/Section/1/Section/6/Information/0/ReferenceNumber,number,9
/Record/Section/1/Section/6/Information/0/Name,string,Pauling Scale Electronegativity
/Record/Section/1/Section/6/Information/0/Reference/0,string,"A.L. Allred, J. Inorg. Nucl. Chem., 1961, 17(3-4), 215-221. DOI:10.1016/0022-1902(61)80142-5"
/Record/Section/1/Section/6/Information/0/ExtendedReference/0/Citation,string,"A.L. Allred, J. Inorg. Nucl. Chem., 1961, 17(3-4), 215-221. DOI:10.1016/0022-1902(61)80142-5"
/Record/Section/1/Section/6/Information/0/Value/Number/0,number,2.2
/Record/Section/1/Section/6/Information/0/Value/Unit,string,(Pauling Scale)
/Record/Section/1/Section/6/Information/1/ReferenceNumber,number,9
/Record/Section/1/Section/6/Information/1/Name,string,Allen Scale Electronegativity
/Record/Section/1/Section/6/Information/1/Reference/0,string,"L.C. Allen, J. Am. Chem. Soc., 1989, 111, 9003. DOI:10.1021/ja00207a003"
/Record/Section/1/Section/6/Information/1/Reference/1,string,"J.B. Mann, T.L. Meek and L.C. Allen, J. Am. Chem. Soc., 2000, 122, 2780. DOI:10.1021/ja992866e"
/Record/Section/1/Section/6/Information/1/Reference/2,string,"J.B. Mann, T.L. Meek, E.T. Knight, J.F. Capitani and L.C Allen, J. Am. Chem. Soc., 2000, 122, 5132. DOI:10.1021/ja9928677"
/Record/Section/1/Section/6/Information/1/ExtendedReference/0/Citation,string,"L.C. Allen, J. Am. Chem. Soc., 1989, 111, 9003. DOI:10.1021/ja00207a003"
/Record/Section/1/Section/6/Information/1/ExtendedReference/1/Citation,string,"J.B. Mann, T.L. Meek and L.C. Allen, J. Am. Chem. Soc., 2000, 122, 2780. DOI:10.1021/ja992866e"
/Record/Section/1/Section/6/Information/1/ExtendedReference/2/Citation,string,"J.B. Mann, T.L. Meek, E.T. Knight, J.F. Capitani and L.C Allen, J. Am. Chem. Soc., 2000, 122, 5132. DOI:10.1021/ja9928677"
/Record/Section/1/Section/6/Information/1/Value/Number/0,number,1.68
/Record/Section/1/Section/6/Information/1/Value/Unit,string,(Allen Scale)
/Record/Section/1/Section/7/TOCHeading,string,Electron Affinity
/Record/Section/1/Section/7/Description,string,"Electron affinity refers to the energy released when an additional electron is attached to a neutral atom to form a singly charged negative ion.  Alternatively, it can also be defined as the energy required to detach an electron from the singly charged negative ion."
/Record/Section/1/Section/7/URL,string,https://chem.libretexts.org/Bookshelves/Physical_and_Theoretical_Chemistry_Textbook_Maps/Supplemental_Modules_(Physical_and_Theoretical_Chemistry)/Physical_Properties_of_Matter/Atomic_and_Molecular_Properties/Electron_Affinity
/Record/Section/1/Section/7/Information/0/ReferenceNumber,number,9
/Record/Section/1/Section/7/Information/0/Reference/0,string,"R.T Myers, J. Chem. Edu., 1990, 67(4), 307. DOI:10.1021/ed067p307"
/Record/Section/1/Section/7/Information/0/ExtendedReference/0/Citation,string,"R.T Myers, J. Chem. Edu., 1990, 67(4), 307. DOI:10.1021/ed067p307"
/Record/Section/1/Section/7/Information/0/Value/Number/0,number,1.565
/Record/Section/1/Section/7/Information/0/Value/Unit,string,eV
/Record/Section/1/Section/7/Information/1/ReferenceNumber,number,9
/Record/Section/1/Section/7/Information/1/Reference/0,string,"R.J. Zollweg, J. Chem. Phys., 1969, 50, 4251. DOI:10.1063/1.1670890"
/Record/Section/1/Section/7/Information/1/ExtendedReference/0/Citation,string,"R.J. Zollweg, J. Chem. Phys., 1969, 50, 4251. DOI:10.1063/1.1670890"
/Record/Section/1/Section/7/Information/1/Value/Number/0,number,1.97
/Record/Section/1/Section/7/Information/1/Value/Unit,string,eV
/Record/Section/1/Section/8/TOCHeading,string,Atomic Spectra
/Record/Section/1/Section/8/Description,string,The spectrum of the electromagnetic radiation emitted or absorbed by an electron during transitions between different energy levels within an atom.
/Record/Section/1/Section/8/Information/0/ReferenceNumber,number,7
/Record/Section/1/Section/8/Information/0/URL,string,https://physics.nist.gov/cgi-bin/ASD/lines_hold.pl?el=Ir
/Record/Section/1/Section/8/Information/0/Value/StringWithMarkup/0/String,string,Lines Holdings
/Record/Section/1/Section/8/Information/1/ReferenceNumber,number,7
/Record/Section/1/Section/8/Information/1/URL,string,https://physics.nist.gov/cgi-bin/ASD/levels_hold.pl?el=Ir
/Record/Section/1/Section/8/Information/1/Value/StringWithMarkup/0/String,string,Levels Holdings
/Record/Section/1/Section/9/TOCHeading,string,Physical Description
/Record/Section/1/Section/9/Description,string,"The appearance or features of this element, including color, odor, state, taste and more in general."
/Record/Section/1/Section/9/Information/0/ReferenceNumber,number,5
/Record/Section/1/Section/9/Information/0/Value/StringWithMarkup/0/String,string,Solid
/Record/Section/1/Section/10/TOCHeading,string,Element Classification
/Record/Section/1/Section/10/Description,string,"Classification according to the element's chemical and physical properties, and location within the periodic table."
/Record/Section/1/Section/10/Information/0/ReferenceNumber,number,5
/Record/Section/1/Section/10/Information/0/Value/StringWithMarkup/0/String,string,Metal
/Record/Section/1/Section/11/TOCHeading,string,Element Period Number
/Record/Section/1/Section/11/Description,string,The element period number refers to a horizontal row of the periodic table. The periodic table has 7 periods.
/Record/Section/1/Section/11/Information/0/ReferenceNumber,number,5
/Record/Section/1/Section/11/Information/0/Value/StringWithMarkup/0/String,string,6
/Record/Section/1/Section/12/TOCHeading,string,Element Group Number
/Record/Section/1/Section/12/Description,string,Element group refers to a set of chemical elements in the same vertical column of the periodic table
/Record/Section/1/Section/12/Information/0/ReferenceNumber,number,5
/Record/Section/1/Section/12/Information/0/Value/StringWithMarkup/0/String,string,9
/Record/Section/1/Section/13/TOCHeading,string,Density
/Record/Section/1/Section/13/Description,string,This section provides information on the density of an element. It is the mass of a unit volume of the element and commonly expressed in units of kg/m3 or g/cm3.
/Record/Section/1/Section/13/URL,string,https://chem.libretexts.org/Bookshelves/Introductory_Chemistry/Map%3A_Fundamentals_of_General_Organic_and_Biological_Chemistry_(McMurry_et_al.)/01%3A_Matter_and_Measurements/1.12%3A_Density_and_Specific_Gravity
/Record/Section/1/Section/13/Information/0/ReferenceNumber,number,5
/Record/Section/1/Section/13/Information/0/Value/StringWithMarkup/0/String,string,22.42 grams per cubic centimeter
/Record/Section/1/Section/14/TOCHeading,string,Melting Point
/Record/Section/1/Section/14/Description,string,"This section provides the melting point and/or freezing point. The melting point is the temperature at which a substance changes state from solid to liquid at atmospheric pressure. When considered as the temperature of the reverse change (from liquid to solid), it is referred to as the freezing point."
/Record/Section/1/Section/14/URL,string,https://chem.libretexts.org/Bookshelves/Organic_Chemistry/Organic_Chemistry_Lab_Techniques_(Nichols)/06%3A_Miscellaneous_Techniques/6.01%3A_Melting_Point
/Record/Section/1/Section/14/Information/0/ReferenceNumber,number,5
/Record/Section/1/Section/14/Information/0/Value/StringWithMarkup/0/String,string,2719 K (2446°C or 4435°F)
/Record/Section/1/Section/14/Information/1/ReferenceNumber,number,6
/Record/Section/1/Section/14/Information/1/Value/StringWithMarkup/0/String,string,2446°C
/Record/Section/1/Section/15/TOCHeading,string,Boiling Point
/Record/Section/1/Section/15/Description,string,The temperature at which this element changes state from liquid to gas at a given atmospheric pressure.
/Record/Section/1/Section/15/URL,string,https://chem.libretexts.org/Bookshelves/Organic_Chemistry/Organic_Chemistry_Lab_Techniques_(Nichols)/06%3A_Miscellaneous_Techniques/6.02%3A_Boiling_Point
/Record/Section/1/Section/15/Information/0/ReferenceNumber,number,5
/Record/Section/1/Section/15/Information/0/Value/StringWithMarkup/0/String,string,4701 K (4428°C or 8002°F)
/Record/Section/1/Section/15/Information/1/ReferenceNumber,number,6
/Record/Section/1/Section/15/Information/1/Value/StringWithMarkup/0/String,string,4130°C
/Record/Section/1/Section/16/TOCHeading,string,Estimated Crustal Abundance
/Record/Section/1/Section/16/Description,string,The estimated element abundance in the earth's crust.
/Record/Section/1/Section/16/Information/0/ReferenceNumber,number,5
/Record/Section/1/Section/16/Information/0/Value/StringWithMarkup/0/String,string,1×10-3 milligrams per kilogram
/Record/Section/1/Section/16/Information/0/Value/StringWithMarkup/0/Markup/0/Start,number,4
/Record/Section/1/Section/16/Information/0/Value/StringWithMarkup/0/Markup/0/Length,number,2
/Record/Section/1/Section/16/Information/0/Value/StringWithMarkup/0/Markup/0/Type,string,Superscript
/Record/Section/1/Section/17/TOCHeading,string,Estimated Oceanic Abundance
/Record/Section/1/Section/17/Description,string,The estimated element abundance in the earth's oceans.
/Record/Section/1/Section/17/Information/0/ReferenceNumber,number,5
/Record/Section/1/Section/17/Information/0/Value/StringWithMarkup/0/String,string,Not Applicable
/Record/Section/2/TOCHeading,string,History
/Record/Section/2/Description,string,The history of the discovery and use of this element.
/Record/Section/2/Information/0/ReferenceNumber,number,3
/Record/Section/2/Information/0/Name,string,History
/Record/Section/2/Information/0/Value/StringWithMarkup/0/String,string,"The name derives from the Latin Iris, the Greek goddess of rainbows, because of the variety of colours in the element's salt solutions. Iridium and osmium were both discovered in a crude platinum ore in 1803 by the English chemist Smithson Tennant. Iridium was discovered independently by the French chemist H. V. Collet-Descotils, who actually published his paper one month before Tennant, but Tennant is given credit for the discovery, perhaps because he alone also found osmium in the ore."
/Record/Section/2/Information/0/Value/StringWithMarkup/0/Markup/0/Start,number,32
/Record/Section/2/Information/0/Value/StringWithMarkup/0/Markup/0/Length,number,4
/Record/Section/2/Information/0/Value/StringWithMarkup/0/Markup/0/Type,string,Italics
/Record/Section/2/Information/1/ReferenceNumber,number,5
/Record/Section/2/Information/1/Value/StringWithMarkup/0/String,string,"Iridium and osmium were discovered at the same time by the British chemist Smithson Tennant in 1803. Iridium and osmium were identified in the black residue remaining after dissolving platinum ore with aqua regia, a mixture of 25% nitric acid (HNO3) and 75% hydrochloric acid (HCl). Today, iridium is still obtained from platinum ores and as a by-product of mining nickel."
/Record/Section/2/Information/1/Value/StringWithMarkup/0/Markup/0/Start,number,247
/Record/Section/2/Information/1/Value/StringWithMarkup/0/Markup/0/Length,number,1
/Record/Section/2/Information/1/Value/StringWithMarkup/0/Markup/0/Type,string,Subscript
/Record/Section/2/Information/2/ReferenceNumber,number,6
/Record/Section/2/Information/2/Value/StringWithMarkup/0/String,string,From the Latin word iris meaning rainbow. Tennant discovered iridium in 1803 in the residue left when crude platinum is dissolved by aqua regia. The name iridium is appropriate because its salts are highly colored.
/Record/Section/2/Section/0/TOCHeading,string,Historical Atomic Weights
/Record/Section/2/Section/0/Description,string,This section provides the historical atomic weights. The atomic weight shown in brackets means the value range while others shown with uncertainty in parenthesis.
/Record/Section/2/Section/0/DisplayControls/CreateTable/FromInformationIn,string,ThisSection
/Record/Section/2/Section/0/DisplayControls/CreateTable/NumberOfColumns,number,3
/Record/Section/2/Section/0/DisplayControls/CreateTable/ColumnsFromNamedLists/Name/0,string,Year
/Record/Section/2/Section/0/DisplayControls/CreateTable/ColumnsFromNamedLists/Name/1,string,Atomic Weight (uncertainty) [u]
/Record/Section/2/Section/0/DisplayControls/CreateTable/ColumnsFromNamedLists/Name/2,string,Reference
/Record/Section/2/Section/0/DisplayControls/CreateTable/ColumnsFromNamedLists/UseNamesAsColumnHeadings,boolean,true
/Record/Section/2/Section/0/Information/0/ReferenceNumber,number,3
/Record/Section/2/Section/0/Information/0/Name,string,Year
/Record/Section/2/Section/0/Information/0/Value/StringWithMarkup/0/String,string,2017
/Record/Section/2/Section/0/Information/0/Value/StringWithMarkup/1/String,string,1993
/Record/Section/2/Section/0/Information/0/Value/StringWithMarkup/2/String,string,1969
/Record/Section/2/Section/0/Information/0/Value/StringWithMarkup/3/String,string,1953
/Record/Section/2/Section/0/Information/0/Value/StringWithMarkup/4/String,string,1909
/Record/Section/2/Section/0/Information/0/Value/StringWithMarkup/5/String,string,1902
/Record/Section/2/Section/0/Information/1/ReferenceNumber,number,3
/Record/Section/2/Section/0/Information/1/Name,string,Atomic Weight (uncertainty)
/Record/Section/2/Section/0/Information/1/Value/StringWithMarkup/0/String,string,192.217(2)
/Record/Section/2/Section/0/Information/1/Value/StringWithMarkup/1/String,string,192.217(3)
/Record/Section/2/Section/0/Information/1/Value/StringWithMarkup/2/String,string,192.22(3)
/Record/Section/2/Section/0/Information/1/Value/StringWithMarkup/3/String,string,192.2
/Record/Section/2/Section/0/Information/1/Value/StringWithMarkup/4/String,string,193.1
/Record/Section/2/Section/0/Information/1/Value/StringWithMarkup/5/String,string,193.0
/Record/Section/2/Section/0/Information/2/ReferenceNumber,number,3
/Record/Section/2/Section/0/Information/2/Name,string,Reference
/Record/Section/2/Section/0/Information/2/Value/StringWithMarkup/0/String,string,doi:10.1515/pac-2019-0603
/Record/Section/2/Section/0/Information/2/Value/StringWithMarkup/0/Markup/0/Start,number,0
/Record/Section/2/Section/0/Information/2/Value/StringWithMarkup/0/Markup/0/Length,number,25
/Record/Section/2/Section/0/Information/2/Value/StringWithMarkup/0/Markup/0/URL,string,https://doi.org/10.1515/pac-2019-0603
/Record/Section/2/Section/0/Information/2/Value/StringWithMarkup/1/String,string,doi:10.1351/pac199466122423
/Record/Section/2/Section/0/Information/2/Value/StringWithMarkup/1/Markup/0/Start,number,0
/Record/Section/2/Section/0/Information/2/Value/StringWithMarkup/1/Markup/0/Length,number,27
/Record/Section/2/Section/0/Information/2/Value/StringWithMarkup/1/Markup/0/URL,string,https://doi.org/10.1351/pac199466122423
/Record/Section/2/Section/0/Information/2/Value/StringWithMarkup/2/String,string,doi:10.1351/pac197021010091
/Record/Section/2/Section/0/Information/2/Value/StringWithMarkup/2/Markup/0/Start,number,0
/Record/Section/2/Section/0/Information/2/Value/StringWithMarkup/2/Markup/0/Length,number,27
/Record/Section/2/Section/0/Information/2/Value/StringWithMarkup/2/Markup/0/URL,string,https://doi.org/10.1351/pac197021010091
/Record/Section/2/Section/0/Information/2/Value/StringWithMarkup/3/String,string,doi:10.1039/JR9540004713
/Record/Section/2/Section/0/Information/2/Value/StringWithMarkup/3/Markup/0/Start,number,0
/Record/Section/2/Section/0/Information/2/Value/StringWithMarkup/3/Markup/0/Length,number,24
/Record/Section/2/Section/0/Information/2/Value/StringWithMarkup/3/Markup/0/URL,string,https://doi.org/10.1039/JR9540004713
/Record/Section/2/Section/0/Information/2/Value/StringWithMarkup/4/String,string,doi:10.1021/ja01931a001
/Record/Section/2/Section/0/Information/2/Value/StringWithMarkup/4/Markup/0/Start,number,0
/Record/Section/2/Section/0/Information/2/Value/StringWithMarkup/4/Markup/0/Length,number,23
/Record/Section/2/Section/0/Information/2/Value/StringWithMarkup/4/Markup/0/URL,string,https://doi.org/10.1021/ja01931a001
/Record/Section/2/Section/0/Information/2/Value/StringWithMarkup/5/String,string,doi:10.1007/BF01370337
/Record/Section/2/Section/0/Information/2/Value/StringWithMarkup/5/Markup/0/Start,number,0
/Record/Section/2/Section/0/Information/2/Value/StringWithMarkup/5/Markup/0/Length,number,22
/Record/Section/2/Section/0/Information/2/Value/StringWithMarkup/5/Markup/0/URL,string,https://doi.org/10.1007/BF01370337
/Record/Section/2/Section/1/TOCHeading,string,Historical Isotopic Abundances
/Record/Section/2/Section/1/Description,string,This section provides the historical isotopic abundance information. The abundance value shown in brackets means the value range while others shown with uncertainty in parenthesis.
/Record/Section/2/Section/1/DisplayControls/CreateTable/FromInformationIn,string,ThisSection
/Record/Section/2/Section/1/DisplayControls/CreateTable/NumberOfColumns,number,4
/Record/Section/2/Section/1/DisplayControls/CreateTable/ColumnsFromNamedLists/Name/0,string,Year
/Record/Section/2/Section/1/DisplayControls/CreateTable/ColumnsFromNamedLists/Name/1,string,Isotope
/Record/Section/2/Section/1/DisplayControls/CreateTable/ColumnsFromNamedLists/Name/2,string,Abundance (uncertainty)
/Record/Section/2/Section/1/DisplayControls/CreateTable/ColumnsFromNamedLists/Name/3,string,Reference
/Record/Section/2/Section/1/DisplayControls/CreateTable/ColumnsFromNamedLists/UseNamesAsColumnHeadings,boolean,true
/Record/Section/2/Section/1/Information/0/ReferenceNumber,number,3
/Record/Section/2/Section/1/Information/0/Name,string,Year
/Record/Section/2/Section/1/Information/0/Value/StringWithMarkup/0/String,string,2017
/Record/Section/2/Section/1/Information/0/Value/StringWithMarkup/1/String,string,2017
/Record/Section/2/Section/1/Information/0/Value/StringWithMarkup/2/String,string,1997
/Record/Section/2/Section/1/Information/0/Value/StringWithMarkup/3/String,string,1997
/Record/Section/2/Section/1/Information/0/Value/StringWithMarkup/4/String,string,1979
/Record/Section/2/Section/1/Information/0/Value/StringWithMarkup/5/String,string,1979
/Record/Section/2/Section/1/Information/0/Value/StringWithMarkup/6/String,string,1975
/Record/Section/2/Section/1/Information/0/Value/StringWithMarkup/7/String,string,1975
/Record/Section/2/Section/1/Information/1/ReferenceNumber,number,3
/Record/Section/2/Section/1/Information/1/Name,string,Isotope
/Record/Section/2/Section/1/Information/1/Value/StringWithMarkup/0/String,string,191Ir
/Record/Section/2/Section/1/Information/1/Value/StringWithMarkup/0/Markup/0/Start,number,0
/Record/Section/2/Section/1/Information/1/Value/StringWithMarkup/0/Markup/0/Length,number,3
/Record/Section/2/Section/1/Information/1/Value/StringWithMarkup/0/Markup/0/Type,string,Superscript
/Record/Section/2/Section/1/Information/1/Value/StringWithMarkup/1/String,string,193Ir
/Record/Section/2/Section/1/Information/1/Value/StringWithMarkup/1/Markup/0/Start,number,0
/Record/Section/2/Section/1/Information/1/Value/StringWithMarkup/1/Markup/0/Length,number,3
/Record/Section/2/Section/1/Information/1/Value/StringWithMarkup/1/Markup/0/Type,string,Superscript
/Record/Section/2/Section/1/Information/1/Value/StringWithMarkup/2/String,string,191Ir
/Record/Section/2/Section/1/Information/1/Value/StringWithMarkup/2/Markup/0/Start,number,0
/Record/Section/2/Section/1/Information/1/Value/StringWithMarkup/2/Markup/0/Length,number,3
/Record/Section/2/Section/1/Information/1/Value/StringWithMarkup/2/Markup/0/Type,string,Superscript
/Record/Section/2/Section/1/Information/1/Value/StringWithMarkup/3/String,string,193Ir
/Record/Section/2/Section/1/Information/1/Value/StringWithMarkup/3/Markup/0/Start,number,0
/Record/Section/2/Section/1/Information/1/Value/StringWithMarkup/3/Markup/0/Length,number,3
/Record/Section/2/Section/1/Information/1/Value/StringWithMarkup/3/Markup/0/Type,string,Superscript
/Record/Section/2/Section/1/Information/1/Value/StringWithMarkup/4/String,string,191Ir
/Record/Section/2/Section/1/Information/1/Value/StringWithMarkup/4/Markup/0/Start,number,0
/Record/Section/2/Section/1/Information/1/Value/StringWithMarkup/4/Markup/0/Length,number,3
/Record/Section/2/Section/1/Information/1/Value/StringWithMarkup/4/Markup/0/Type,string,Superscript
/Record/Section/2/Section/1/Information/1/Value/StringWithMarkup/5/String,string,193Ir
/Record/Section/2/Section/1/Information/1/Value/StringWithMarkup/5/Markup/0/Start,number,0
/Record/Section/2/Section/1/Information/1/Value/StringWithMarkup/5/Markup/0/Length,number,3
/Record/Section/2/Section/1/Information/1/Value/StringWithMarkup/5/Markup/0/Type,string,Superscript
/Record/Section/2/Section/1/Information/1/Value/StringWithMarkup/6/String,string,191Ir
/Record/Section/2/Section/1/Information/1/Value/StringWithMarkup/6/Markup/0/Start,number,0
/Record/Section/2/Section/1/Information/1/Value/StringWithMarkup/6/Markup/0/Length,number,3
/Record/Section/2/Section/1/Information/1/Value/StringWithMarkup/6/Markup/0/Type,string,Superscript
/Record/Section/2/Section/1/Information/1/Value/StringWithMarkup/7/String,string,193Ir
/Record/Section/2/Section/1/Information/1/Value/StringWithMarkup/7/Markup/0/Start,number,0
/Record/Section/2/Section/1/Information/1/Value/StringWithMarkup/7/Markup/0/Length,number,3
/Record/Section/2/Section/1/Information/1/Value/StringWithMarkup/7/Markup/0/Type,string,Superscript
/Record/Section/2/Section/1/Information/2/ReferenceNumber,number,3
/Record/Section/2/Section/1/Information/2/Name,string,Abundance (uncertainty)
/Record/Section/2/Section/1/Information/2/Value/StringWithMarkup/0/String,string,0.3723(9)
/Record/Section/2/Section/1/Information/2/Value/StringWithMarkup/1/String,string,0.6277(9)
/Record/Section/2/Section/1/Information/2/Value/StringWithMarkup/2/String,string,0.373(2)
/Record/Section/2/Section/1/Information/2/Value/StringWithMarkup/3/String,string,0.627(2)
/Record/Section/2/Section/1/Information/2/Value/StringWithMarkup/4/String,string,0.373(3)
/Record/Section/2/Section/1/Information/2/Value/StringWithMarkup/5/String,string,0.627(3)
/Record/Section/2/Section/1/Information/2/Value/StringWithMarkup/6/String,string,0.373
/Record/Section/2/Section/1/Information/2/Value/StringWithMarkup/7/String,string,0.627
/Record/Section/2/Section/1/Information/3/ReferenceNumber,number,3
/Record/Section/2/Section/1/Information/3/Name,string,Reference
/Record/Section/2/Section/1/Information/3/Value/StringWithMarkup/0/String,string,
/Record/Section/2/Section/1/Information/3/Value/StringWithMarkup/1/String,string,
/Record/Section/2/Section/1/Information/3/Value/StringWithMarkup/2/String,string,doi:10.1351/pac199870010217
/Record/Section/2/Section/1/Information/3/Value/StringWithMarkup/2/Markup/0/Start,number,0
/Record/Section/2/Section/1/Information/3/Value/StringWithMarkup/2/Markup/0/Length,number,27
/Record/Section/2/Section/1/Information/3/Value/StringWithMarkup/2/Markup/0/URL,string,https://doi.org/10.1351/pac199870010217
/Record/Section/2/Section/1/Information/3/Value/StringWithMarkup/3/String,string,doi:10.1351/pac199870010217
/Record/Section/2/Section/1/Information/3/Value/StringWithMarkup/3/Markup/0/Start,number,0
/Record/Section/2/Section/1/Information/3/Value/StringWithMarkup/3/Markup/0/Length,number,27
/Record/Section/2/Section/1/Information/3/Value/StringWithMarkup/3/Markup/0/URL,string,https://doi.org/10.1351/pac199870010217
/Record/Section/2/Section/1/Information/3/Value/StringWithMarkup/4/String,string,doi:10.1351/pac198052102349
/Record/Section/2/Section/1/Information/3/Value/StringWithMarkup/4/Markup/0/Start,number,0
/Record/Section/2/Section/1/Information/3/Value/StringWithMarkup/4/Markup/0/Length,number,27
/Record/Section/2/Section/1/Information/3/Value/StringWithMarkup/4/Markup/0/URL,string,https://doi.org/10.1351/pac198052102349
/Record/Section/2/Section/1/Information/3/Value/StringWithMarkup/5/String,string,doi:10.1351/pac198052102349
/Record/Section/2/Section/1/Information/3/Value/StringWithMarkup/5/Markup/0/Start,number,0
/Record/Section/2/Section/1/Information/3/Value/StringWithMarkup/5/Markup/0/Length,number,27
/Record/Section/2/Section/1/Information/3/Value/StringWithMarkup/5/Markup/0/URL,string,https://doi.org/10.1351/pac198052102349
/Record/Section/2/Section/1/Information/3/Value/StringWithMarkup/6/String,string,doi:10.1351/pac197647010075
/Record/Section/2/Section/1/Information/3/Value/StringWithMarkup/6/Markup/0/Start,number,0
/Record/Section/2/Section/1/Information/3/Value/StringWithMarkup/6/Markup/0/Length,number,27
/Record/Section/2/Section/1/Information/3/Value/StringWithMarkup/6/Markup/0/URL,string,https://doi.org/10.1351/pac197647010075
/Record/Section/2/Section/1/Information/3/Value/StringWithMarkup/7/String,string,doi:10.1351/pac197647010075
/Record/Section/2/Section/1/Information/3/Value/StringWithMarkup/7/Markup/0/Start,number,0
/Record/Section/2/Section/1/Information/3/Value/StringWithMarkup/7/Markup/0/Length,number,27
/Record/Section/2/Section/1/Information/3/Value/StringWithMarkup/7/Markup/0/URL,string,https://doi.org/10.1351/pac197647010075
/Record/Section/3/TOCHeading,string,Description
/Record/Section/3/Description,string,"A short description of this element, provided by authoritative sources."
/Record/Section/3/Information/0/ReferenceNumber,number,6
/Record/Section/3/Information/0/Value/StringWithMarkup/0/String,string,"Iridium, a metal of the platinum family, is white (similar to platinum) but with a slight yellowish cast. Because iridium is very hard and brittle, it is hard to machine, form, or work."
/Record/Section/3/Information/0/Value/StringWithMarkup/1/String,string,"It is the most corrosion-resistant metal known, and was used in making the standard meter bar of Paris, which is a 90 percent platinum and 10 percent iridium alloy. This meter bar was replaced in 1960 as a fundamental unit of length (see Krypton)."
/Record/Section/3/Information/0/Value/StringWithMarkup/2/String,string,"Iridium is not attacked by any of the acids nor by aqua regia, but is attacked by molten salts, such as NaCl and NaCN. The specific gravity of iridium is to osmium's specific gravity. Calculations of the densities of iridium and osmium from the space lattices give values of 22.65 and 22.61 g/cm^3, respectively. These values may be more reliable than actual physical measurements for determining which element is heavier."
/Record/Section/4/TOCHeading,string,Uses
/Record/Section/4/Description,string,Uses of this element in industry and other fields.
/Record/Section/4/Information/0/ReferenceNumber,number,5
/Record/Section/4/Information/0/Value/StringWithMarkup/0/String,string,Pure iridium is very brittle and is nearly impossible to machine. It is primarily used as a hardening agent for platinum. Platinum-iridium alloys are used to make crucibles and other high temperature equipment. Iridium is also alloyed with osmium to make the tips of fountain pens and compass bearings.
/Record/Section/4/Information/0/Value/StringWithMarkup/1/String,string,"Iridium is the most corrosive resistant metal known. For this reason, the standard meter bar was created from an alloy of 90% platinum and 10% iridium. This bar was replaced as the definition of the meter in 1960 when the meter was redefined in terms of the orange-red spectral line of krypton-86."
/Record/Section/4/Information/0/Value/StringWithMarkup/2/String,string,"A thin, worldwide layer of iridium exists in a layer of sediment that was put down at the end of the Cretaceous period. Since meteors and asteroids contain a higher percentage of iridium than the earth's crust, this iridium enriched layer is seen as evidence that the earth was struck by a large meteor or asteroid at that time. Dust from the impact would have spread around the globe, depositing the iridium. The dust also would have blocked the sun for a time, resulting in the extinction of many plant and animal species, including the dinosaurs."
/Record/Section/4/Information/1/ReferenceNumber,number,6
/Record/Section/4/Information/1/Value/StringWithMarkup/0/String,string,"Although its principal use is as a hardening agent for platinum, iridium is also used to make crucibles and devices requiring high temperatures. It is also used for electrical contacts."
/Record/Section/4/Information/1/Value/StringWithMarkup/1/String,string,The element forms an alloy with osmium which is used for tipping pens and compass bearings.
/Record/Section/5/TOCHeading,string,Sources
/Record/Section/5/Description,string,Sources of this element.
/Record/Section/5/Information/0/ReferenceNumber,number,6
/Record/Section/5/Information/0/Value/StringWithMarkup/0/String,string,Iridium occurs uncombined in nature with platinum and other metals of this family in alluvial deposits. It is recovered as a by-product from the nickel mining industry.
/Record/Section/6/TOCHeading,string,Compounds
/Record/Section/6/Description,string,Compound records related to this element.
/Record/Section/6/Information/0/ReferenceNumber,number,8
/Record/Section/6/Information/0/Name,string,Compounds
/Record/Section/6/Information/0/URL,string,https://pubchem.ncbi.nlm.nih.gov/#query=Iridium
/Record/Section/6/Information/0/Value/StringWithMarkup/0/String,string,See more information at the Iridium compound page.
/Record/Section/6/Section/0/TOCHeading,string,Element Forms
/Record/Section/6/Section/0/Description,string,"Other forms of this element, including ions, isotopes, etc."
/Record/Section/6/Section/0/DisplayControls/CreateTable/FromInformationIn,string,ThisSection
/Record/Section/6/Section/0/DisplayControls/CreateTable/NumberOfColumns,number,5
/Record/Section/6/Section/0/DisplayControls/CreateTable/ColumnsFromNamedLists/Name/0,string,CID
/Record/Section/6/Section/0/DisplayControls/CreateTable/ColumnsFromNamedLists/Name/1,string,Name
/Record/Section/6/Section/0/DisplayControls/CreateTable/ColumnsFromNamedLists/Name/2,string,Formula
/Record/Section/6/Section/0/DisplayControls/CreateTable/ColumnsFromNamedLists/Name/3,string,SMILES
/Record/Section/6/Section/0/DisplayControls/CreateTable/ColumnsFromNamedLists/Name/4,string,Molecular Weight
/Record/Section/6/Section/0/DisplayControls/CreateTable/ColumnsFromNamedLists/UseNamesAsColumnHeadings,boolean,true
/Record/Section/6/Section/0/Information/0/ReferenceNumber,number,8
/Record/Section/6/Section/0/Information/0/Name,string,CID
/Record/Section/6/Section/0/Information/0/Value/StringWithMarkup/0/String,string,23924
/Record/Section/6/Section/0/Information/0/Value/StringWithMarkup/0/Markup/0/Start,number,0
/Record/Section/6/Section/0/Information/0/Value/StringWithMarkup/0/Markup/0/Length,number,5
/Record/Section/6/Section/0/Information/0/Value/StringWithMarkup/0/Markup/0/URL,string,https://pubchem.ncbi.nlm.nih.gov/compound/23924
/Record/Section/6/Section/0/Information/0/Value/StringWithMarkup/1/String,string,66373
/Record/Section/6/Section/0/Information/0/Value/StringWithMarkup/1/Markup/0/Start,number,0
/Record/Section/6/Section/0/Information/0/Value/StringWithMarkup/1/Markup/0/Length,number,5
/Record/Section/6/Section/0/Information/0/Value/StringWithMarkup/1/Markup/0/URL,string,https://pubchem.ncbi.nlm.nih.gov/compound/66373
/Record/Section/6/Section/0/Information/0/Value/StringWithMarkup/2/String,string,168053
/Record/Section/6/Section/0/Information/0/Value/StringWithMarkup/2/Markup/0/Start,number,0
/Record/Section/6/Section/0/Information/0/Value/StringWithMarkup/2/Markup/0/Length,number,6
/Record/Section/6/Section/0/Information/0/Value/StringWithMarkup/2/Markup/0/URL,string,https://pubchem.ncbi.nlm.nih.gov/compound/168053
/Record/Section/6/Section/0/Information/0/Value/StringWithMarkup/3/String,string,178173
/Record/Section/6/Section/0/Information/0/Value/StringWithMarkup/3/Markup/0/Start,number,0
/Record/Section/6/Section/0/Information/0/Value/StringWithMarkup/3/Markup/0/Length,number,6
/Record/Section/6/Section/0/Information/0/Value/StringWithMarkup/3/Markup/0/URL,string,https://pubchem.ncbi.nlm.nih.gov/compound/178173
/Record/Section/6/Section/0/Information/0/Value/StringWithMarkup/4/String,string,185619
/Record/Section/6/Section/0/Information/0/Value/StringWithMarkup/4/Markup/0/Start,number,0
/Record/Section/6/Section/0/Information/0/Value/StringWithMarkup/4/Markup/0/Length,number,6
/Record/Section/6/Section/0/Information/0/Value/StringWithMarkup/4/Markup/0/URL,string,https://pubchem.ncbi.nlm.nih.gov/compound/185619
/Record/Section/6/Section/0/Information/0/Value/StringWithMarkup/5/String,string,16097723
/Record/Section/6/Section/0/Information/0/Value/StringWithMarkup/5/Markup/0/Start,number,0
/Record/Section/6/Section/0/Information/0/Value/StringWithMarkup/5/Markup/0/Length,number,8
/Record/Section/6/Section/0/Information/0/Value/StringWithMarkup/5/Markup/0/URL,string,https://pubchem.ncbi.nlm.nih.gov/compound/16097723
/Record/Section/6/Section/0/Information/0/Value/StringWithMarkup/6/String,string,167365
/Record/Section/6/Section/0/Information/0/Value/StringWithMarkup/6/Markup/0/Start,number,0
/Record/Section/6/Section/0/Information/0/Value/StringWithMarkup/6/Markup/0/Length,number,6
/Record/Section/6/Section/0/Information/0/Value/StringWithMarkup/6/Markup/0/URL,string,https://pubchem.ncbi.nlm.nih.gov/compound/167365
/Record/Section/6/Section/0/Information/0/Value/StringWithMarkup/7/String,string,177484
/Record/Section/6/Section/0/Information/0/Value/StringWithMarkup/7/Markup/0/Start,number,0
/Record/Section/6/Section/0/Information/0/Value/StringWithMarkup/7/Markup/0/Length,number,6
/Record/Section/6/Section/0/Information/0/Value/StringWithMarkup/7/Markup/0/URL,string,https://pubchem.ncbi.nlm.nih.gov/compound/177484
/Record/Section/6/Section/0/Information/0/Value/StringWithMarkup/8/String,string,177690
/Record/Section/6/Section/0/Information/0/Value/StringWithMarkup/8/Markup/0/Start,number,0
/Record/Section/6/Section/0/Information/0/Value/StringWithMarkup/8/Markup/0/Length,number,6
/Record/Section/6/Section/0/Information/0/Value/StringWithMarkup/8/Markup/0/URL,string,https://pubchem.ncbi.nlm.nih.gov/compound/177690
/Record/Section/6/Section/0/Information/0/Value/StringWithMarkup/9/String,string,178177
/Record/Section/6/Section/0/Information/0/Value/StringWithMarkup/9/Markup/0/Start,number,0
/Record/Section/6/Section/0/Information/0/Value/StringWithMarkup/9/Markup/0/Length,number,6
/Record/Section/6/Section/0/Information/0/Value/StringWithMarkup/9/Markup/0/URL,string,https://pubchem.ncbi.nlm.nih.gov/compound/178177
/Record/Section/6/Section/0/Information/0/Value/StringWithMarkup/10/String,string,185569
/Record/Section/6/Section/0/Information/0/Value/StringWithMarkup/10/Markup/0/Start,number,0
/Record/Section/6/Section/0/Information/0/Value/StringWithMarkup/10/Markup/0/Length,number,6
/Record/Section/6/Section/0/Information/0/Value/StringWithMarkup/10/Markup/0/URL,string,https://pubchem.ncbi.nlm.nih.gov/compound/185569
/Record/Section/6/Section/0/Information/0/Value/StringWithMarkup/11/String,string,185674
/Record/Section/6/Section/0/Information/0/Value/StringWithMarkup/11/Markup/0/Start,number,0
/Record/Section/6/Section/0/Information/0/Value/StringWithMarkup/11/Markup/0/Length,number,6
/Record/Section/6/Section/0/Information/0/Value/StringWithMarkup/11/Markup/0/URL,string,https://pubchem.ncbi.nlm.nih.gov/compound/185674
/Record/Section/6/Section/0/Information/0/Value/StringWithMarkup/12/String,string,44146835
/Record/Section/6/Section/0/Information/0/Value/StringWithMarkup/12/Markup/0/Start,number,0
/Record/Section/6/Section/0/Information/0/Value/StringWithMarkup/12/Markup/0/Length,number,8
/Record/Section/6/Section/0/Information/0/Value/StringWithMarkup/12/Markup/0/URL,string,https://pubchem.ncbi.nlm.nih.gov/compound/44146835
/Record/Section/6/Section/0/Information/0/Value/StringWithMarkup/13/String,string,167220
/Record/Section/6/Section/0/Information/0/Value/StringWithMarkup/13/Markup/0/Start,number,0
/Record/Section/6/Section/0/Information/0/Value/StringWithMarkup/13/Markup/0/Length,number,6
/Record/Section/6/Section/0/Information/0/Value/StringWithMarkup/13/Markup/0/URL,string,https://pubchem.ncbi.nlm.nih.gov/compound/167220
/Record/Section/6/Section/0/Information/0/Value/StringWithMarkup/14/String,string,185673
/Record/Section/6/Section/0/Information/0/Value/StringWithMarkup/14/Markup/0/Start,number,0
/Record/Section/6/Section/0/Information/0/Value/StringWithMarkup/14/Markup/0/Length,number,6
/Record/Section/6/Section/0/Information/0/Value/StringWithMarkup/14/Markup/0/URL,string,https://pubchem.ncbi.nlm.nih.gov/compound/185673
/Record/Section/6/Section/0/Information/1/ReferenceNumber,number,8
/Record/Section/6/Section/0/Information/1/Name,string,Name
/Record/Section/6/Section/0/Information/1/Value/StringWithMarkup/0/String,string,iridium
/Record/Section/6/Section/0/Information/1/Value/StringWithMarkup/1/String,string,iridium-192
/Record/Section/6/Section/0/Information/1/Value/StringWithMarkup/2/String,string,iridium(3+)
/Record/Section/6/Section/0/Information/1/Value/StringWithMarkup/3/String,string,iridium-194
/Record/Section/6/Section/0/Information/1/Value/StringWithMarkup/4/String,string,iridium-184
/Record/Section/6/Section/0/Information/1/Value/StringWithMarkup/5/String,string,iridium-191
/Record/Section/6/Section/0/Information/1/Value/StringWithMarkup/6/String,string,iridium-188
/Record/Section/6/Section/0/Information/1/Value/StringWithMarkup/7/String,string,iridium-187
/Record/Section/6/Section/0/Information/1/Value/StringWithMarkup/8/String,string,iridium-195
/Record/Section/6/Section/0/Information/1/Value/StringWithMarkup/9/String,string,iridium-189
/Record/Section/6/Section/0/Information/1/Value/StringWithMarkup/10/String,string,iridium-186
/Record/Section/6/Section/0/Information/1/Value/StringWithMarkup/11/String,string,iridium-182
/Record/Section/6/Section/0/Information/1/Value/StringWithMarkup/12/String,string,iridium-193
/Record/Section/6/Section/0/Information/1/Value/StringWithMarkup/13/String,string,iridium-190
/Record/Section/6/Section/0/Information/1/Value/StringWithMarkup/14/String,string,iridium-185
/Record/Section/6/Section/0/Information/2/ReferenceNumber,number,8
/Record/Section/6/Section/0/Information/2/Name,string,Formula
/Record/Section/6/Section/0/Information/2/Value/StringWithMarkup/0/String,string,Ir
/Record/Section/6/Section/0/Information/2/Value/StringWithMarkup/1/String,string,Ir
/Record/Section/6/Section/0/Information/2/Value/StringWithMarkup/2/String,string,Ir+3
/Record/Section/6/Section/0/Information/2/Value/StringWithMarkup/3/String,string,Ir
/Record/Section/6/Section/0/Information/2/Value/StringWithMarkup/4/String,string,Ir
/Record/Section/6/Section/0/Information/2/Value/StringWithMarkup/5/String,string,Ir
/Record/Section/6/Section/0/Information/2/Value/StringWithMarkup/6/String,string,Ir
/Record/Section/6/Section/0/Information/2/Value/StringWithMarkup/7/String,string,Ir
/Record/Section/6/Section/0/Information/2/Value/StringWithMarkup/8/String,string,Ir
/Record/Section/6/Section/0/Information/2/Value/StringWithMarkup/9/String,string,Ir
/Record/Section/6/Section/0/Information/2/Value/StringWithMarkup/10/String,string,Ir
/Record/Section/6/Section/0/Information/2/Value/StringWithMarkup/11/String,string,Ir
/Record/Section/6/Section/0/Information/2/Value/StringWithMarkup/12/String,string,Ir
/Record/Section/6/Section/0/Information/2/Value/StringWithMarkup/13/String,string,Ir
/Record/Section/6/Section/0/Information/2/Value/StringWithMarkup/14/String,string,Ir
/Record/Section/6/Section/0/Information/3/ReferenceNumber,number,8
/Record/Section/6/Section/0/Information/3/Name,string,SMILES
/Record/Section/6/Section/0/Information/3/Value/StringWithMarkup/0/String,string,[Ir]
/Record/Section/6/Section/0/Information/3/Value/StringWithMarkup/1/String,string,[192Ir]
/Record/Section/6/Section/0/Information/3/Value/StringWithMarkup/2/String,string,[Ir+3]
/Record/Section/6/Section/0/Information/3/Value/StringWithMarkup/3/String,string,[194Ir]
/Record/Section/6/Section/0/Information/3/Value/StringWithMarkup/4/String,string,[184Ir]
/Record/Section/6/Section/0/Information/3/Value/StringWithMarkup/5/String,string,[191Ir]
/Record/Section/6/Section/0/Information/3/Value/StringWithMarkup/6/String,string,[188Ir]
/Record/Section/6/Section/0/Information/3/Value/StringWithMarkup/7/String,string,[187Ir]
/Record/Section/6/Section/0/Information/3/Value/StringWithMarkup/8/String,string,[195Ir]
/Record/Section/6/Section/0/Information/3/Value/StringWithMarkup/9/String,string,[189Ir]
/Record/Section/6/Section/0/Information/3/Value/StringWithMarkup/10/String,string,[186Ir]
/Record/Section/6/Section/0/Information/3/Value/StringWithMarkup/11/String,string,[182Ir]
/Record/Section/6/Section/0/Information/3/Value/StringWithMarkup/12/String,string,[193Ir]
/Record/Section/6/Section/0/Information/3/Value/StringWithMarkup/13/String,string,[190Ir]
/Record/Section/6/Section/0/Information/3/Value/StringWithMarkup/14/String,string,[185Ir]
/Record/Section/6/Section/0/Information/4/ReferenceNumber,number,8
/Record/Section/6/Section/0/Information/4/Name,string,Molecular Weight
/Record/Section/6/Section/0/Information/4/Value/StringWithMarkup/0/String,string,192.22
/Record/Section/6/Section/0/Information/4/Value/StringWithMarkup/1/String,string,191.96260
/Record/Section/6/Section/0/Information/4/Value/StringWithMarkup/2/String,string,192.22
/Record/Section/6/Section/0/Information/4/Value/StringWithMarkup/3/String,string,193.96508
/Record/Section/6/Section/0/Information/4/Value/StringWithMarkup/4/String,string,183.9575
/Record/Section/6/Section/0/Information/4/Value/StringWithMarkup/5/String,string,190.96059
/Record/Section/6/Section/0/Information/4/Value/StringWithMarkup/6/String,string,187.9588
/Record/Section/6/Section/0/Information/4/Value/StringWithMarkup/7/String,string,186.9575
/Record/Section/6/Section/0/Information/4/Value/StringWithMarkup/8/String,string,194.96598
/Record/Section/6/Section/0/Information/4/Value/StringWithMarkup/9/String,string,188.9587
/Record/Section/6/Section/0/Information/4/Value/StringWithMarkup/10/String,string,185.9579
/Record/Section/6/Section/0/Information/4/Value/StringWithMarkup/11/String,string,181.9581
/Record/Section/6/Section/0/Information/4/Value/StringWithMarkup/12/String,string,192.96292
/Record/Section/6/Section/0/Information/4/Value/StringWithMarkup/13/String,string,189.96054
/Record/Section/6/Section/0/Information/4/Value/StringWithMarkup/14/String,string,184.9567
/Record/Section/7/TOCHeading,string,Isotopes
/Record/Section/7/Description,string,Isotopes are nuclides having the same atomic number but different mass numbers.  This section provides information on the isotopes of this element and their uses in various fields.
/Record/Section/7/URL,string,https://chem.libretexts.org/Courses/Furman_University/CHM101%3A_Chemistry_and_Global_Awareness_(Gordon)/03%3A_Atoms_and_the_Periodic_Table/3.05%3A_Isotopes
/Record/Section/7/Information/0/ReferenceNumber,number,5
/Record/Section/7/Information/0/Name,string,Stable Isotope Count
/Record/Section/7/Information/0/Value/StringWithMarkup/0/String,string,2
/Record/Section/7/Section/0/TOCHeading,string,Isotopes in Industry
/Record/Section/7/Section/0/Description,string,Information on the use of this element's isotopes in industry.
/Record/Section/7/Section/0/Information/0/ReferenceNumber,number,4
/Record/Section/7/Section/0/Information/0/Reference/0,string,"[274]  P. Hayward, D. Currie. “Radiography of welds using seleniuim 75, Ir 192 and x-rays”, in Asia-Pacific Conference on NDT, Auckland, New Zealand (2006)."
/Record/Section/7/Section/0/Information/0/ExtendedReference/0/Citation,string,"[274]  P. Hayward, D. Currie. “Radiography of welds using seleniuim 75, Ir 192 and x-rays”, in Asia-Pacific Conference on NDT, Auckland, New Zealand (2006)."
/Record/Section/7/Section/0/Information/0/Value/StringWithMarkup/0/String,string,"Metallic 192Ir (with a half-life of 74 days) is used as a radiation source in gamma cameras for non-destructive testing of products for manufacturing flaws, such as aircraft parts, boilers, and pipeline welds (Fig. IUPAC.77.1) [274]."
/Record/Section/7/Section/0/Information/0/Value/StringWithMarkup/0/Markup/0/Start,number,9
/Record/Section/7/Section/0/Information/0/Value/StringWithMarkup/0/Markup/0/Length,number,3
/Record/Section/7/Section/0/Information/0/Value/StringWithMarkup/0/Markup/0/Type,string,Superscript
/Record/Section/7/Section/0/Information/0/Value/StringWithMarkup/1/String,string,          
/Record/Section/7/Section/0/Information/0/Value/StringWithMarkup/1/Markup/0/Start,number,0
/Record/Section/7/Section/0/Information/0/Value/StringWithMarkup/1/Markup/0/Length,number,1
/Record/Section/7/Section/0/Information/0/Value/StringWithMarkup/1/Markup/0/URL,string,https://pubchem.ncbi.nlm.nih.gov/images/iupac/j_pac-2015-0703_fig_105.jpg
/Record/Section/7/Section/0/Information/0/Value/StringWithMarkup/1/Markup/0/Type,string,Image
/Record/Section/7/Section/0/Information/0/Value/StringWithMarkup/1/Markup/0/Size,string,945x437
/Record/Section/7/Section/0/Information/0/Value/StringWithMarkup/1/Markup/0/Caption,string,"Fig. IUPAC.77.1: This is a radiograph of a weld using ¹⁹²Ir as the source of radiation. The gamma rays given off by the isotope enable imperfections in the weld to be seen on the radiograph. (Photo Source: Hayward and Currie, 2006) [274]. "
/Record/Section/7/Section/1/TOCHeading,string,Isotopes in Medicine
/Record/Section/7/Section/1/Description,string,Information on the use of this element's isotopes in medicine.
/Record/Section/7/Section/1/Information/0/ReferenceNumber,number,4
/Record/Section/7/Section/1/Information/0/Reference/0,string,"[188]  S. J. Adelstein, F. J. Manning. Isotopes for Medicine and the Life Sciences, pp. 20–25, National Academy Press, Washington DC (1995)."
/Record/Section/7/Section/1/Information/0/Reference/1,string,"[521]  A. Talamo, Y. Gohar. Radioactive Isotope Production for Medical Applications Using Kharkov Electron Driven Subcritical Assembly Facility, ANL-07/18, Argonne National Laboratory Argonne, Illinois (2007)."
/Record/Section/7/Section/1/Information/0/Reference/2,string,"[522]  S. A. Buzdar, M. A. Gadhi, M. A. Rao, N. A. Laghari, M. Anees. J. Pak. Med. Assoc.59, 113 (2009)."
/Record/Section/7/Section/1/Information/0/Reference/3,string,"[523]  T. Genkaa, S. Iwamotoa, E. Juitab, N. Takeuchia. Nucl. Inst. Methods Phys. Res. Section A: Accelerators, Spectrometers, Detectors and Associated Equipment.369, 709 (1996)."
/Record/Section/7/Section/1/Information/0/Reference/4,string,"[524]  K. J. Kairemo, M. S. Kestilä, S. Savolainen, O. A. Korhola, J. V. Hiltunen, R. I. Svahn, E. T. Korppi Tommola, F. F. Knapp, C. Brihaye. J. Nucl. Biol. Med.38, 86 (1994)."
/Record/Section/7/Section/1/Information/0/Reference/5,string,"[525]  S. T. Treves, A. B. Packard, L. C. T. Fung. J. Nucl. Med.45, 508 (2004)."
/Record/Section/7/Section/1/Information/0/ExtendedReference/0/Citation,string,"[188]  S. J. Adelstein, F. J. Manning. Isotopes for Medicine and the Life Sciences, pp. 20–25, National Academy Press, Washington DC (1995)."
/Record/Section/7/Section/1/Information/0/ExtendedReference/1/Citation,string,"[521]  A. Talamo, Y. Gohar. Radioactive Isotope Production for Medical Applications Using Kharkov Electron Driven Subcritical Assembly Facility, ANL-07/18, Argonne National Laboratory Argonne, Illinois (2007)."
/Record/Section/7/Section/1/Information/0/ExtendedReference/2/Citation,string,"[522]  S. A. Buzdar, M. A. Gadhi, M. A. Rao, N. A. Laghari, M. Anees. J. Pak. Med. Assoc.59, 113 (2009)."
/Record/Section/7/Section/1/Information/0/ExtendedReference/3/Citation,string,"[523]  T. Genkaa, S. Iwamotoa, E. Juitab, N. Takeuchia. Nucl. Inst. Methods Phys. Res. Section A: Accelerators, Spectrometers, Detectors and Associated Equipment.369, 709 (1996)."
/Record/Section/7/Section/1/Information/0/ExtendedReference/4/Citation,string,"[524]  K. J. Kairemo, M. S. Kestilä, S. Savolainen, O. A. Korhola, J. V. Hiltunen, R. I. Svahn, E. T. Korppi Tommola, F. F. Knapp, C. Brihaye. J. Nucl. Biol. Med.38, 86 (1994)."
/Record/Section/7/Section/1/Information/0/ExtendedReference/5/Citation,string,"[525]  S. T. Treves, A. B. Packard, L. C. T. Fung. J. Nucl. Med.45, 508 (2004)."
/Record/Section/7/Section/1/Information/0/Value/StringWithMarkup/0/String,string,"Metallic 192Ir is used in brachytherapy [188], [521], [522], [523]. 191mIr (with a half-life of 5 s) is used for blood flow imaging (angiography), especially in pediatric populations [524], [525]. The m in the superscript 191mIr indicates a metastable state of the isotope."
/Record/Section/7/Section/1/Information/0/Value/StringWithMarkup/0/Markup/0/Start,number,9
/Record/Section/7/Section/1/Information/0/Value/StringWithMarkup/0/Markup/0/Length,number,3
/Record/Section/7/Section/1/Information/0/Value/StringWithMarkup/0/Markup/0/Type,string,Superscript
/Record/Section/7/Section/1/Information/0/Value/StringWithMarkup/0/Markup/1/Start,number,68
/Record/Section/7/Section/1/Information/0/Value/StringWithMarkup/0/Markup/1/Length,number,4
/Record/Section/7/Section/1/Information/0/Value/StringWithMarkup/0/Markup/1/Type,string,Superscript
/Record/Section/7/Section/1/Information/0/Value/StringWithMarkup/0/Markup/2/Start,number,222
/Record/Section/7/Section/1/Information/0/Value/StringWithMarkup/0/Markup/2/Length,number,4
/Record/Section/7/Section/1/Information/0/Value/StringWithMarkup/0/Markup/2/Type,string,Superscript
/Record/Section/7/Section/2/TOCHeading,string,Isotopes Used as a Source of Radioactive Isotope(s)
/Record/Section/7/Section/2/Description,string,Information on the use of this element's isotopes to generate radioactive isotopes.
/Record/Section/7/Section/2/Information/0/ReferenceNumber,number,4
/Record/Section/7/Section/2/Information/0/Value/StringWithMarkup/0/String,string,Iridium consists of two stable isotopes (191Ir and 193Ir) from which the radioactive isotopes 192Ir and 195mPt (with a half-life of 4 days) can be produced. Both are used in nuclear medicine. The m in the superscript 195mPt indicates a metastable state of the isotope.
/Record/Section/7/Section/2/Information/0/Value/StringWithMarkup/0/Markup/0/Start,number,41
/Record/Section/7/Section/2/Information/0/Value/StringWithMarkup/0/Markup/0/Length,number,3
/Record/Section/7/Section/2/Information/0/Value/StringWithMarkup/0/Markup/0/Type,string,Superscript
/Record/Section/7/Section/2/Information/0/Value/StringWithMarkup/0/Markup/1/Start,number,51
/Record/Section/7/Section/2/Information/0/Value/StringWithMarkup/0/Markup/1/Length,number,3
/Record/Section/7/Section/2/Information/0/Value/StringWithMarkup/0/Markup/1/Type,string,Superscript
/Record/Section/7/Section/2/Information/0/Value/StringWithMarkup/0/Markup/2/Start,number,94
/Record/Section/7/Section/2/Information/0/Value/StringWithMarkup/0/Markup/2/Length,number,3
/Record/Section/7/Section/2/Information/0/Value/StringWithMarkup/0/Markup/2/Type,string,Superscript
/Record/Section/7/Section/2/Information/0/Value/StringWithMarkup/0/Markup/3/Start,number,104
/Record/Section/7/Section/2/Information/0/Value/StringWithMarkup/0/Markup/3/Length,number,4
/Record/Section/7/Section/2/Information/0/Value/StringWithMarkup/0/Markup/3/Type,string,Superscript
/Record/Section/7/Section/2/Information/0/Value/StringWithMarkup/0/Markup/4/Start,number,217
/Record/Section/7/Section/2/Information/0/Value/StringWithMarkup/0/Markup/4/Length,number,4
/Record/Section/7/Section/2/Information/0/Value/StringWithMarkup/0/Markup/4/Type,string,Superscript
/Record/Section/7/Section/3/TOCHeading,string,Isotope Mass and Abundance
/Record/Section/7/Section/3/Description,string,Atomic mass and abundance (composition) information for a given isotope/nuclide. The number in the parenthesis refers to an uncertainty when exist. The unit of atomic weight is the unified atomic mass unit (u) or dalton (Da). 
/Record/Section/7/Section/3/DisplayControls/CreateTable/FromInformationIn,string,ThisSection
/Record/Section/7/Section/3/DisplayControls/CreateTable/NumberOfColumns,number,3
/Record/Section/7/Section/3/DisplayControls/CreateTable/ColumnsFromNamedLists/Name/0,string,Isotope
/Record/Section/7/Section/3/DisplayControls/CreateTable/ColumnsFromNamedLists/Name/1,string,Atomic Mass (uncertainty) [u]
/Record/Section/7/Section/3/DisplayControls/CreateTable/ColumnsFromNamedLists/Name/2,string,Abundance (uncertainty)
/Record/Section/7/Section/3/DisplayControls/CreateTable/ColumnsFromNamedLists/UseNamesAsColumnHeadings,boolean,true
/Record/Section/7/Section/3/Information/0/ReferenceNumber,number,3
/Record/Section/7/Section/3/Information/0/Name,string,Isotope
/Record/Section/7/Section/3/Information/0/Value/StringWithMarkup/0/String,string, 191Ir
/Record/Section/7/Section/3/Information/0/Value/StringWithMarkup/0/Markup/0/Start,number,0
/Record/Section/7/Section/3/Information/0/Value/StringWithMarkup/0/Markup/0/Length,number,4
/Record/Section/7/Section/3/Information/0/Value/StringWithMarkup/0/Markup/0/Type,string,Superscript
/Record/Section/7/Section/3/Information/0/Value/StringWithMarkup/1/String,string, 193Ir
/Record/Section/7/Section/3/Information/0/Value/StringWithMarkup/1/Markup/0/Start,number,0
/Record/Section/7/Section/3/Information/0/Value/StringWithMarkup/1/Markup/0/Length,number,4
/Record/Section/7/Section/3/Information/0/Value/StringWithMarkup/1/Markup/0/Type,string,Superscript
/Record/Section/7/Section/3/Information/1/ReferenceNumber,number,3
/Record/Section/7/Section/3/Information/1/Name,string,Atomic Mass (uncertainty)
/Record/Section/7/Section/3/Information/1/Value/StringWithMarkup/0/String,string,190.960 591(9)
/Record/Section/7/Section/3/Information/1/Value/StringWithMarkup/1/String,string,192.962 924(9)
/Record/Section/7/Section/3/Information/2/ReferenceNumber,number,3
/Record/Section/7/Section/3/Information/2/Name,string,Abundance (uncertainty)
/Record/Section/7/Section/3/Information/2/Value/StringWithMarkup/0/String,string,0.3723(9)
/Record/Section/7/Section/3/Information/2/Value/StringWithMarkup/1/String,string,0.6277(9)
/Record/Section/7/Section/3/Information/3/ReferenceNumber,number,7
/Record/Section/7/Section/3/Information/3/Name,string,Isotope
/Record/Section/7/Section/3/Information/3/Value/StringWithMarkup/0/String,string,191Ir
/Record/Section/7/Section/3/Information/3/Value/StringWithMarkup/0/Markup/0/Start,number,0
/Record/Section/7/Section/3/Information/3/Value/StringWithMarkup/0/Markup/0/Length,number,3
/Record/Section/7/Section/3/Information/3/Value/StringWithMarkup/0/Markup/0/Type,string,Superscript
/Record/Section/7/Section/3/Information/3/Value/StringWithMarkup/1/String,string,193Ir
/Record/Section/7/Section/3/Information/3/Value/StringWithMarkup/1/Markup/0/Start,number,0
/Record/Section/7/Section/3/Information/3/Value/StringWithMarkup/1/Markup/0/Length,number,3
/Record/Section/7/Section/3/Information/3/Value/StringWithMarkup/1/Markup/0/Type,string,Superscript
/Record/Section/7/Section/3/Information/4/ReferenceNumber,number,7
/Record/Section/7/Section/3/Information/4/Name,string,Atomic Mass (uncertainty) [u]
/Record/Section/7/Section/3/Information/4/Value/StringWithMarkup/0/String,string,190.9605893(21)
/Record/Section/7/Section/3/Information/4/Value/StringWithMarkup/1/String,string,192.9629216(21)
/Record/Section/7/Section/3/Information/5/ReferenceNumber,number,7
/Record/Section/7/Section/3/Information/5/Name,string,Abundance (uncertainty)
/Record/Section/7/Section/3/Information/5/Value/StringWithMarkup/0/String,string,0.373(2)
/Record/Section/7/Section/3/Information/5/Value/StringWithMarkup/1/String,string,0.627(2)
/Record/Section/7/Section/4/TOCHeading,string,"Atomic Mass, Half Life, and Decay"
/Record/Section/7/Section/4/Description,string,"Information on the atomic mass, half life, and decay for this element, from the the Atomic Mass Data Center. The number after the ± refers to an uncertainty when exists."
/Record/Section/7/Section/4/URL,string,https://pubchem.ncbi.nlm.nih.gov/docs/atomic-mass/
/Record/Section/7/Section/4/DisplayControls/CreateTable/FromInformationIn,string,ThisSection
/Record/Section/7/Section/4/DisplayControls/CreateTable/NumberOfColumns,number,5
/Record/Section/7/Section/4/DisplayControls/CreateTable/ColumnsFromNamedLists/Name/0,string,Nuclide
/Record/Section/7/Section/4/DisplayControls/CreateTable/ColumnsFromNamedLists/Name/1,string,Atomic Mass and Uncertainty [u]
/Record/Section/7/Section/4/DisplayControls/CreateTable/ColumnsFromNamedLists/Name/2,string,Half Life and Uncertainty
/Record/Section/7/Section/4/DisplayControls/CreateTable/ColumnsFromNamedLists/Name/3,string,Discovery Year
/Record/Section/7/Section/4/DisplayControls/CreateTable/ColumnsFromNamedLists/Name/4,string,"Decay Modes, Intensities and Uncertainties [%]"
/Record/Section/7/Section/4/DisplayControls/CreateTable/ColumnsFromNamedLists/UseNamesAsColumnHeadings,boolean,true
/Record/Section/7/Section/4/Information/0/ReferenceNumber,number,2
/Record/Section/7/Section/4/Information/0/Name,string,Nuclide
/Record/Section/7/Section/4/Information/0/Value/StringWithMarkup/0/String,string,163Ir
/Record/Section/7/Section/4/Information/0/Value/StringWithMarkup/0/Markup/0/Start,number,0
/Record/Section/7/Section/4/Information/0/Value/StringWithMarkup/0/Markup/0/Length,number,3
/Record/Section/7/Section/4/Information/0/Value/StringWithMarkup/0/Markup/0/Type,string,Superscript
/Record/Section/7/Section/4/Information/0/Value/StringWithMarkup/1/String,string,164Ir
/Record/Section/7/Section/4/Information/0/Value/StringWithMarkup/1/Markup/0/Start,number,0
/Record/Section/7/Section/4/Information/0/Value/StringWithMarkup/1/Markup/0/Length,number,3
/Record/Section/7/Section/4/Information/0/Value/StringWithMarkup/1/Markup/0/Type,string,Superscript
/Record/Section/7/Section/4/Information/0/Value/StringWithMarkup/2/String,string,164Irm
/Record/Section/7/Section/4/Information/0/Value/StringWithMarkup/2/Markup/0/Start,number,0
/Record/Section/7/Section/4/Information/0/Value/StringWithMarkup/2/Markup/0/Length,number,3
/Record/Section/7/Section/4/Information/0/Value/StringWithMarkup/2/Markup/0/Type,string,Superscript
/Record/Section/7/Section/4/Information/0/Value/StringWithMarkup/2/Markup/1/Start,number,5
/Record/Section/7/Section/4/Information/0/Value/StringWithMarkup/2/Markup/1/Length,number,1
/Record/Section/7/Section/4/Information/0/Value/StringWithMarkup/2/Markup/1/Type,string,Superscript
/Record/Section/7/Section/4/Information/0/Value/StringWithMarkup/3/String,string,165Ir
/Record/Section/7/Section/4/Information/0/Value/StringWithMarkup/3/Markup/0/Start,number,0
/Record/Section/7/Section/4/Information/0/Value/StringWithMarkup/3/Markup/0/Length,number,3
/Record/Section/7/Section/4/Information/0/Value/StringWithMarkup/3/Markup/0/Type,string,Superscript
/Record/Section/7/Section/4/Information/0/Value/StringWithMarkup/4/String,string,165Irm
/Record/Section/7/Section/4/Information/0/Value/StringWithMarkup/4/Markup/0/Start,number,0
/Record/Section/7/Section/4/Information/0/Value/StringWithMarkup/4/Markup/0/Length,number,3
/Record/Section/7/Section/4/Information/0/Value/StringWithMarkup/4/Markup/0/Type,string,Superscript
/Record/Section/7/Section/4/Information/0/Value/StringWithMarkup/4/Markup/1/Start,number,5
/Record/Section/7/Section/4/Information/0/Value/StringWithMarkup/4/Markup/1/Length,number,1
/Record/Section/7/Section/4/Information/0/Value/StringWithMarkup/4/Markup/1/Type,string,Superscript
/Record/Section/7/Section/4/Information/0/Value/StringWithMarkup/5/String,string,166Ir
/Record/Section/7/Section/4/Information/0/Value/StringWithMarkup/5/Markup/0/Start,number,0
/Record/Section/7/Section/4/Information/0/Value/StringWithMarkup/5/Markup/0/Length,number,3
/Record/Section/7/Section/4/Information/0/Value/StringWithMarkup/5/Markup/0/Type,string,Superscript
/Record/Section/7/Section/4/Information/0/Value/StringWithMarkup/6/String,string,166Irm
/Record/Section/7/Section/4/Information/0/Value/StringWithMarkup/6/Markup/0/Start,number,0
/Record/Section/7/Section/4/Information/0/Value/StringWithMarkup/6/Markup/0/Length,number,3
/Record/Section/7/Section/4/Information/0/Value/StringWithMarkup/6/Markup/0/Type,string,Superscript
/Record/Section/7/Section/4/Information/0/Value/StringWithMarkup/6/Markup/1/Start,number,5
/Record/Section/7/Section/4/Information/0/Value/StringWithMarkup/6/Markup/1/Length,number,1
/Record/Section/7/Section/4/Information/0/Value/StringWithMarkup/6/Markup/1/Type,string,Superscript
/Record/Section/7/Section/4/Information/0/Value/StringWithMarkup/7/String,string,167Ir
/Record/Section/7/Section/4/Information/0/Value/StringWithMarkup/7/Markup/0/Start,number,0
/Record/Section/7/Section/4/Information/0/Value/StringWithMarkup/7/Markup/0/Length,number,3
/Record/Section/7/Section/4/Information/0/Value/StringWithMarkup/7/Markup/0/Type,string,Superscript
/Record/Section/7/Section/4/Information/0/Value/StringWithMarkup/8/String,string,167Irm
/Record/Section/7/Section/4/Information/0/Value/StringWithMarkup/8/Markup/0/Start,number,0
/Record/Section/7/Section/4/Information/0/Value/StringWithMarkup/8/Markup/0/Length,number,3
/Record/Section/7/Section/4/Information/0/Value/StringWithMarkup/8/Markup/0/Type,string,Superscript
/Record/Section/7/Section/4/Information/0/Value/StringWithMarkup/8/Markup/1/Start,number,5
/Record/Section/7/Section/4/Information/0/Value/StringWithMarkup/8/Markup/1/Length,number,1
/Record/Section/7/Section/4/Information/0/Value/StringWithMarkup/8/Markup/1/Type,string,Superscript
/Record/Section/7/Section/4/Information/0/Value/StringWithMarkup/9/String,string,168Ir
/Record/Section/7/Section/4/Information/0/Value/StringWithMarkup/9/Markup/0/Start,number,0
/Record/Section/7/Section/4/Information/0/Value/StringWithMarkup/9/Markup/0/Length,number,3
/Record/Section/7/Section/4/Information/0/Value/StringWithMarkup/9/Markup/0/Type,string,Superscript
/Record/Section/7/Section/4/Information/0/Value/StringWithMarkup/10/String,string,168Irm
/Record/Section/7/Section/4/Information/0/Value/StringWithMarkup/10/Markup/0/Start,number,0
/Record/Section/7/Section/4/Information/0/Value/StringWithMarkup/10/Markup/0/Length,number,3
/Record/Section/7/Section/4/Information/0/Value/StringWithMarkup/10/Markup/0/Type,string,Superscript
/Record/Section/7/Section/4/Information/0/Value/StringWithMarkup/10/Markup/1/Start,number,5
/Record/Section/7/Section/4/Information/0/Value/StringWithMarkup/10/Markup/1/Length,number,1
/Record/Section/7/Section/4/Information/0/Value/StringWithMarkup/10/Markup/1/Type,string,Superscript
/Record/Section/7/Section/4/Information/0/Value/StringWithMarkup/11/String,string,169Ir
/Record/Section/7/Section/4/Information/0/Value/StringWithMarkup/11/Markup/0/Start,number,0
/Record/Section/7/Section/4/Information/0/Value/StringWithMarkup/11/Markup/0/Length,number,3
/Record/Section/7/Section/4/Information/0/Value/StringWithMarkup/11/Markup/0/Type,string,Superscript
/Record/Section/7/Section/4/Information/0/Value/StringWithMarkup/12/String,string,169Irm
/Record/Section/7/Section/4/Information/0/Value/StringWithMarkup/12/Markup/0/Start,number,0
/Record/Section/7/Section/4/Information/0/Value/StringWithMarkup/12/Markup/0/Length,number,3
/Record/Section/7/Section/4/Information/0/Value/StringWithMarkup/12/Markup/0/Type,string,Superscript
/Record/Section/7/Section/4/Information/0/Value/StringWithMarkup/12/Markup/1/Start,number,5
/Record/Section/7/Section/4/Information/0/Value/StringWithMarkup/12/Markup/1/Length,number,1
/Record/Section/7/Section/4/Information/0/Value/StringWithMarkup/12/Markup/1/Type,string,Superscript
/Record/Section/7/Section/4/Information/0/Value/StringWithMarkup/13/String,string,170Ir
/Record/Section/7/Section/4/Information/0/Value/StringWithMarkup/13/Markup/0/Start,number,0
/Record/Section/7/Section/4/Information/0/Value/StringWithMarkup/13/Markup/0/Length,number,3
/Record/Section/7/Section/4/Information/0/Value/StringWithMarkup/13/Markup/0/Type,string,Superscript
/Record/Section/7/Section/4/Information/0/Value/StringWithMarkup/14/String,string,170Irm
/Record/Section/7/Section/4/Information/0/Value/StringWithMarkup/14/Markup/0/Start,number,0
/Record/Section/7/Section/4/Information/0/Value/StringWithMarkup/14/Markup/0/Length,number,3
/Record/Section/7/Section/4/Information/0/Value/StringWithMarkup/14/Markup/0/Type,string,Superscript
/Record/Section/7/Section/4/Information/0/Value/StringWithMarkup/14/Markup/1/Start,number,5
/Record/Section/7/Section/4/Information/0/Value/StringWithMarkup/14/Markup/1/Length,number,1
/Record/Section/7/Section/4/Information/0/Value/StringWithMarkup/14/Markup/1/Type,string,Superscript
/Record/Section/7/Section/4/Information/0/Value/StringWithMarkup/15/String,string,171Ir
/Record/Section/7/Section/4/Information/0/Value/StringWithMarkup/15/Markup/0/Start,number,0
/Record/Section/7/Section/4/Information/0/Value/StringWithMarkup/15/Markup/0/Length,number,3
/Record/Section/7/Section/4/Information/0/Value/StringWithMarkup/15/Markup/0/Type,string,Superscript
/Record/Section/7/Section/4/Information/0/Value/StringWithMarkup/16/String,string,171Irm
/Record/Section/7/Section/4/Information/0/Value/StringWithMarkup/16/Markup/0/Start,number,0
/Record/Section/7/Section/4/Information/0/Value/StringWithMarkup/16/Markup/0/Length,number,3
/Record/Section/7/Section/4/Information/0/Value/StringWithMarkup/16/Markup/0/Type,string,Superscript
/Record/Section/7/Section/4/Information/0/Value/StringWithMarkup/16/Markup/1/Start,number,5
/Record/Section/7/Section/4/Information/0/Value/StringWithMarkup/16/Markup/1/Length,number,1
/Record/Section/7/Section/4/Information/0/Value/StringWithMarkup/16/Markup/1/Type,string,Superscript
/Record/Section/7/Section/4/Information/0/Value/StringWithMarkup/17/String,string,172Ir
/Record/Section/7/Section/4/Information/0/Value/StringWithMarkup/17/Markup/0/Start,number,0
/Record/Section/7/Section/4/Information/0/Value/StringWithMarkup/17/Markup/0/Length,number,3
/Record/Section/7/Section/4/Information/0/Value/StringWithMarkup/17/Markup/0/Type,string,Superscript
/Record/Section/7/Section/4/Information/0/Value/StringWithMarkup/18/String,string,172Irm
/Record/Section/7/Section/4/Information/0/Value/StringWithMarkup/18/Markup/0/Start,number,0
/Record/Section/7/Section/4/Information/0/Value/StringWithMarkup/18/Markup/0/Length,number,3
/Record/Section/7/Section/4/Information/0/Value/StringWithMarkup/18/Markup/0/Type,string,Superscript
/Record/Section/7/Section/4/Information/0/Value/StringWithMarkup/18/Markup/1/Start,number,5
/Record/Section/7/Section/4/Information/0/Value/StringWithMarkup/18/Markup/1/Length,number,1
/Record/Section/7/Section/4/Information/0/Value/StringWithMarkup/18/Markup/1/Type,string,Superscript
/Record/Section/7/Section/4/Information/0/Value/StringWithMarkup/19/String,string,173Ir
/Record/Section/7/Section/4/Information/0/Value/StringWithMarkup/19/Markup/0/Start,number,0
/Record/Section/7/Section/4/Information/0/Value/StringWithMarkup/19/Markup/0/Length,number,3
/Record/Section/7/Section/4/Information/0/Value/StringWithMarkup/19/Markup/0/Type,string,Superscript
/Record/Section/7/Section/4/Information/0/Value/StringWithMarkup/20/String,string,173Irm
/Record/Section/7/Section/4/Information/0/Value/StringWithMarkup/20/Markup/0/Start,number,0
/Record/Section/7/Section/4/Information/0/Value/StringWithMarkup/20/Markup/0/Length,number,3
/Record/Section/7/Section/4/Information/0/Value/StringWithMarkup/20/Markup/0/Type,string,Superscript
/Record/Section/7/Section/4/Information/0/Value/StringWithMarkup/20/Markup/1/Start,number,5
/Record/Section/7/Section/4/Information/0/Value/StringWithMarkup/20/Markup/1/Length,number,1
/Record/Section/7/Section/4/Information/0/Value/StringWithMarkup/20/Markup/1/Type,string,Superscript
/Record/Section/7/Section/4/Information/0/Value/StringWithMarkup/21/String,string,174Ir
/Record/Section/7/Section/4/Information/0/Value/StringWithMarkup/21/Markup/0/Start,number,0
/Record/Section/7/Section/4/Information/0/Value/StringWithMarkup/21/Markup/0/Length,number,3
/Record/Section/7/Section/4/Information/0/Value/StringWithMarkup/21/Markup/0/Type,string,Superscript
/Record/Section/7/Section/4/Information/0/Value/StringWithMarkup/22/String,string,174Irm
/Record/Section/7/Section/4/Information/0/Value/StringWithMarkup/22/Markup/0/Start,number,0
/Record/Section/7/Section/4/Information/0/Value/StringWithMarkup/22/Markup/0/Length,number,3
/Record/Section/7/Section/4/Information/0/Value/StringWithMarkup/22/Markup/0/Type,string,Superscript
/Record/Section/7/Section/4/Information/0/Value/StringWithMarkup/22/Markup/1/Start,number,5
/Record/Section/7/Section/4/Information/0/Value/StringWithMarkup/22/Markup/1/Length,number,1
/Record/Section/7/Section/4/Information/0/Value/StringWithMarkup/22/Markup/1/Type,string,Superscript
/Record/Section/7/Section/4/Information/0/Value/StringWithMarkup/23/String,string,175Ir
/Record/Section/7/Section/4/Information/0/Value/StringWithMarkup/23/Markup/0/Start,number,0
/Record/Section/7/Section/4/Information/0/Value/StringWithMarkup/23/Markup/0/Length,number,3
/Record/Section/7/Section/4/Information/0/Value/StringWithMarkup/23/Markup/0/Type,string,Superscript
/Record/Section/7/Section/4/Information/0/Value/StringWithMarkup/24/String,string,175Irm
/Record/Section/7/Section/4/Information/0/Value/StringWithMarkup/24/Markup/0/Start,number,0
/Record/Section/7/Section/4/Information/0/Value/StringWithMarkup/24/Markup/0/Length,number,3
/Record/Section/7/Section/4/Information/0/Value/StringWithMarkup/24/Markup/0/Type,string,Superscript
/Record/Section/7/Section/4/Information/0/Value/StringWithMarkup/24/Markup/1/Start,number,5
/Record/Section/7/Section/4/Information/0/Value/StringWithMarkup/24/Markup/1/Length,number,1
/Record/Section/7/Section/4/Information/0/Value/StringWithMarkup/24/Markup/1/Type,string,Superscript
/Record/Section/7/Section/4/Information/0/Value/StringWithMarkup/25/String,string,175Irn
/Record/Section/7/Section/4/Information/0/Value/StringWithMarkup/25/Markup/0/Start,number,0
/Record/Section/7/Section/4/Information/0/Value/StringWithMarkup/25/Markup/0/Length,number,3
/Record/Section/7/Section/4/Information/0/Value/StringWithMarkup/25/Markup/0/Type,string,Superscript
/Record/Section/7/Section/4/Information/0/Value/StringWithMarkup/25/Markup/1/Start,number,5
/Record/Section/7/Section/4/Information/0/Value/StringWithMarkup/25/Markup/1/Length,number,1
/Record/Section/7/Section/4/Information/0/Value/StringWithMarkup/25/Markup/1/Type,string,Superscript
/Record/Section/7/Section/4/Information/0/Value/StringWithMarkup/26/String,string,176Ir
/Record/Section/7/Section/4/Information/0/Value/StringWithMarkup/26/Markup/0/Start,number,0
/Record/Section/7/Section/4/Information/0/Value/StringWithMarkup/26/Markup/0/Length,number,3
/Record/Section/7/Section/4/Information/0/Value/StringWithMarkup/26/Markup/0/Type,string,Superscript
/Record/Section/7/Section/4/Information/0/Value/StringWithMarkup/27/String,string,176Irm
/Record/Section/7/Section/4/Information/0/Value/StringWithMarkup/27/Markup/0/Start,number,0
/Record/Section/7/Section/4/Information/0/Value/StringWithMarkup/27/Markup/0/Length,number,3
/Record/Section/7/Section/4/Information/0/Value/StringWithMarkup/27/Markup/0/Type,string,Superscript
/Record/Section/7/Section/4/Information/0/Value/StringWithMarkup/27/Markup/1/Start,number,5
/Record/Section/7/Section/4/Information/0/Value/StringWithMarkup/27/Markup/1/Length,number,1
/Record/Section/7/Section/4/Information/0/Value/StringWithMarkup/27/Markup/1/Type,string,Superscript
/Record/Section/7/Section/4/Information/0/Value/StringWithMarkup/28/String,string,177Ir
/Record/Section/7/Section/4/Information/0/Value/StringWithMarkup/28/Markup/0/Start,number,0
/Record/Section/7/Section/4/Information/0/Value/StringWithMarkup/28/Markup/0/Length,number,3
/Record/Section/7/Section/4/Information/0/Value/StringWithMarkup/28/Markup/0/Type,string,Superscript
/Record/Section/7/Section/4/Information/0/Value/StringWithMarkup/29/String,string,177Irm
/Record/Section/7/Section/4/Information/0/Value/StringWithMarkup/29/Markup/0/Start,number,0
/Record/Section/7/Section/4/Information/0/Value/StringWithMarkup/29/Markup/0/Length,number,3
/Record/Section/7/Section/4/Information/0/Value/StringWithMarkup/29/Markup/0/Type,string,Superscript
/Record/Section/7/Section/4/Information/0/Value/StringWithMarkup/29/Markup/1/Start,number,5
/Record/Section/7/Section/4/Information/0/Value/StringWithMarkup/29/Markup/1/Length,number,1
/Record/Section/7/Section/4/Information/0/Value/StringWithMarkup/29/Markup/1/Type,string,Superscript
/Record/Section/7/Section/4/Information/0/Value/StringWithMarkup/30/String,string,177Irn
/Record/Section/7/Section/4/Information/0/Value/StringWithMarkup/30/Markup/0/Start,number,0
/Record/Section/7/Section/4/Information/0/Value/StringWithMarkup/30/Markup/0/Length,number,3
/Record/Section/7/Section/4/Information/0/Value/StringWithMarkup/30/Markup/0/Type,string,Superscript
/Record/Section/7/Section/4/Information/0/Value/StringWithMarkup/30/Markup/1/Start,number,5
/Record/Section/7/Section/4/Information/0/Value/StringWithMarkup/30/Markup/1/Length,number,1
/Record/Section/7/Section/4/Information/0/Value/StringWithMarkup/30/Markup/1/Type,string,Superscript
/Record/Section/7/Section/4/Information/0/Value/StringWithMarkup/31/String,string,178Ir
/Record/Section/7/Section/4/Information/0/Value/StringWithMarkup/31/Markup/0/Start,number,0
/Record/Section/7/Section/4/Information/0/Value/StringWithMarkup/31/Markup/0/Length,number,3
/Record/Section/7/Section/4/Information/0/Value/StringWithMarkup/31/Markup/0/Type,string,Superscript
/Record/Section/7/Section/4/Information/0/Value/StringWithMarkup/32/String,string,179Ir
/Record/Section/7/Section/4/Information/0/Value/StringWithMarkup/32/Markup/0/Start,number,0
/Record/Section/7/Section/4/Information/0/Value/StringWithMarkup/32/Markup/0/Length,number,3
/Record/Section/7/Section/4/Information/0/Value/StringWithMarkup/32/Markup/0/Type,string,Superscript
/Record/Section/7/Section/4/Information/0/Value/StringWithMarkup/33/String,string,180Ir
/Record/Section/7/Section/4/Information/0/Value/StringWithMarkup/33/Markup/0/Start,number,0
/Record/Section/7/Section/4/Information/0/Value/StringWithMarkup/33/Markup/0/Length,number,3
/Record/Section/7/Section/4/Information/0/Value/StringWithMarkup/33/Markup/0/Type,string,Superscript
/Record/Section/7/Section/4/Information/0/Value/StringWithMarkup/34/String,string,181Ir
/Record/Section/7/Section/4/Information/0/Value/StringWithMarkup/34/Markup/0/Start,number,0
/Record/Section/7/Section/4/Information/0/Value/StringWithMarkup/34/Markup/0/Length,number,3
/Record/Section/7/Section/4/Information/0/Value/StringWithMarkup/34/Markup/0/Type,string,Superscript
/Record/Section/7/Section/4/Information/0/Value/StringWithMarkup/35/String,string,181Irm
/Record/Section/7/Section/4/Information/0/Value/StringWithMarkup/35/Markup/0/Start,number,0
/Record/Section/7/Section/4/Information/0/Value/StringWithMarkup/35/Markup/0/Length,number,3
/Record/Section/7/Section/4/Information/0/Value/StringWithMarkup/35/Markup/0/Type,string,Superscript
/Record/Section/7/Section/4/Information/0/Value/StringWithMarkup/35/Markup/1/Start,number,5
/Record/Section/7/Section/4/Information/0/Value/StringWithMarkup/35/Markup/1/Length,number,1
/Record/Section/7/Section/4/Information/0/Value/StringWithMarkup/35/Markup/1/Type,string,Superscript
/Record/Section/7/Section/4/Information/0/Value/StringWithMarkup/36/String,string,181Irn
/Record/Section/7/Section/4/Information/0/Value/StringWithMarkup/36/Markup/0/Start,number,0
/Record/Section/7/Section/4/Information/0/Value/StringWithMarkup/36/Markup/0/Length,number,3
/Record/Section/7/Section/4/Information/0/Value/StringWithMarkup/36/Markup/0/Type,string,Superscript
/Record/Section/7/Section/4/Information/0/Value/StringWithMarkup/36/Markup/1/Start,number,5
/Record/Section/7/Section/4/Information/0/Value/StringWithMarkup/36/Markup/1/Length,number,1
/Record/Section/7/Section/4/Information/0/Value/StringWithMarkup/36/Markup/1/Type,string,Superscript
/Record/Section/7/Section/4/Information/0/Value/StringWithMarkup/37/String,string,182Ir
/Record/Section/7/Section/4/Information/0/Value/StringWithMarkup/37/Markup/0/Start,number,0
/Record/Section/7/Section/4/Information/0/Value/StringWithMarkup/37/Markup/0/Length,number,3
/Record/Section/7/Section/4/Information/0/Value/StringWithMarkup/37/Markup/0/Type,string,Superscript
/Record/Section/7/Section/4/Information/0/Value/StringWithMarkup/38/String,string,182Irm
/Record/Section/7/Section/4/Information/0/Value/StringWithMarkup/38/Markup/0/Start,number,0
/Record/Section/7/Section/4/Information/0/Value/StringWithMarkup/38/Markup/0/Length,number,3
/Record/Section/7/Section/4/Information/0/Value/StringWithMarkup/38/Markup/0/Type,string,Superscript
/Record/Section/7/Section/4/Information/0/Value/StringWithMarkup/38/Markup/1/Start,number,5
/Record/Section/7/Section/4/Information/0/Value/StringWithMarkup/38/Markup/1/Length,number,1
/Record/Section/7/Section/4/Information/0/Value/StringWithMarkup/38/Markup/1/Type,string,Superscript
/Record/Section/7/Section/4/Information/0/Value/StringWithMarkup/39/String,string,182Irn
/Record/Section/7/Section/4/Information/0/Value/StringWithMarkup/39/Markup/0/Start,number,0
/Record/Section/7/Section/4/Information/0/Value/StringWithMarkup/39/Markup/0/Length,number,3
/Record/Section/7/Section/4/Information/0/Value/StringWithMarkup/39/Markup/0/Type,string,Superscript
/Record/Section/7/Section/4/Information/0/Value/StringWithMarkup/39/Markup/1/Start,number,5
/Record/Section/7/Section/4/Information/0/Value/StringWithMarkup/39/Markup/1/Length,number,1
/Record/Section/7/Section/4/Information/0/Value/StringWithMarkup/39/Markup/1/Type,string,Superscript
/Record/Section/7/Section/4/Information/0/Value/StringWithMarkup/40/String,string,183Ir
/Record/Section/7/Section/4/Information/0/Value/StringWithMarkup/40/Markup/0/Start,number,0
/Record/Section/7/Section/4/Information/0/Value/StringWithMarkup/40/Markup/0/Length,number,3
/Record/Section/7/Section/4/Information/0/Value/StringWithMarkup/40/Markup/0/Type,string,Superscript
/Record/Section/7/Section/4/Information/0/Value/StringWithMarkup/41/String,string,184Ir
/Record/Section/7/Section/4/Information/0/Value/StringWithMarkup/41/Markup/0/Start,number,0
/Record/Section/7/Section/4/Information/0/Value/StringWithMarkup/41/Markup/0/Length,number,3
/Record/Section/7/Section/4/Information/0/Value/StringWithMarkup/41/Markup/0/Type,string,Superscript
/Record/Section/7/Section/4/Information/0/Value/StringWithMarkup/42/String,string,184Irm
/Record/Section/7/Section/4/Information/0/Value/StringWithMarkup/42/Markup/0/Start,number,0
/Record/Section/7/Section/4/Information/0/Value/StringWithMarkup/42/Markup/0/Length,number,3
/Record/Section/7/Section/4/Information/0/Value/StringWithMarkup/42/Markup/0/Type,string,Superscript
/Record/Section/7/Section/4/Information/0/Value/StringWithMarkup/42/Markup/1/Start,number,5
/Record/Section/7/Section/4/Information/0/Value/StringWithMarkup/42/Markup/1/Length,number,1
/Record/Section/7/Section/4/Information/0/Value/StringWithMarkup/42/Markup/1/Type,string,Superscript
/Record/Section/7/Section/4/Information/0/Value/StringWithMarkup/43/String,string,184Irn
/Record/Section/7/Section/4/Information/0/Value/StringWithMarkup/43/Markup/0/Start,number,0
/Record/Section/7/Section/4/Information/0/Value/StringWithMarkup/43/Markup/0/Length,number,3
/Record/Section/7/Section/4/Information/0/Value/StringWithMarkup/43/Markup/0/Type,string,Superscript
/Record/Section/7/Section/4/Information/0/Value/StringWithMarkup/43/Markup/1/Start,number,5
/Record/Section/7/Section/4/Information/0/Value/StringWithMarkup/43/Markup/1/Length,number,1
/Record/Section/7/Section/4/Information/0/Value/StringWithMarkup/43/Markup/1/Type,string,Superscript
/Record/Section/7/Section/4/Information/0/Value/StringWithMarkup/44/String,string,185Ir
/Record/Section/7/Section/4/Information/0/Value/StringWithMarkup/44/Markup/0/Start,number,0
/Record/Section/7/Section/4/Information/0/Value/StringWithMarkup/44/Markup/0/Length,number,3
/Record/Section/7/Section/4/Information/0/Value/StringWithMarkup/44/Markup/0/Type,string,Superscript
/Record/Section/7/Section/4/Information/0/Value/StringWithMarkup/45/String,string,185Irm
/Record/Section/7/Section/4/Information/0/Value/StringWithMarkup/45/Markup/0/Start,number,0
/Record/Section/7/Section/4/Information/0/Value/StringWithMarkup/45/Markup/0/Length,number,3
/Record/Section/7/Section/4/Information/0/Value/StringWithMarkup/45/Markup/0/Type,string,Superscript
/Record/Section/7/Section/4/Information/0/Value/StringWithMarkup/45/Markup/1/Start,number,5
/Record/Section/7/Section/4/Information/0/Value/StringWithMarkup/45/Markup/1/Length,number,1
/Record/Section/7/Section/4/Information/0/Value/StringWithMarkup/45/Markup/1/Type,string,Superscript
/Record/Section/7/Section/4/Information/0/Value/StringWithMarkup/46/String,string,186Ir
/Record/Section/7/Section/4/Information/0/Value/StringWithMarkup/46/Markup/0/Start,number,0
/Record/Section/7/Section/4/Information/0/Value/StringWithMarkup/46/Markup/0/Length,number,3
/Record/Section/7/Section/4/Information/0/Value/StringWithMarkup/46/Markup/0/Type,string,Superscript
/Record/Section/7/Section/4/Information/0/Value/StringWithMarkup/47/String,string,186Irm
/Record/Section/7/Section/4/Information/0/Value/StringWithMarkup/47/Markup/0/Start,number,0
/Record/Section/7/Section/4/Information/0/Value/StringWithMarkup/47/Markup/0/Length,number,3
/Record/Section/7/Section/4/Information/0/Value/StringWithMarkup/47/Markup/0/Type,string,Superscript
/Record/Section/7/Section/4/Information/0/Value/StringWithMarkup/47/Markup/1/Start,number,5
/Record/Section/7/Section/4/Information/0/Value/StringWithMarkup/47/Markup/1/Length,number,1
/Record/Section/7/Section/4/Information/0/Value/StringWithMarkup/47/Markup/1/Type,string,Superscript
/Record/Section/7/Section/4/Information/0/Value/StringWithMarkup/48/String,string,187Ir
/Record/Section/7/Section/4/Information/0/Value/StringWithMarkup/48/Markup/0/Start,number,0
/Record/Section/7/Section/4/Information/0/Value/StringWithMarkup/48/Markup/0/Length,number,3
/Record/Section/7/Section/4/Information/0/Value/StringWithMarkup/48/Markup/0/Type,string,Superscript
/Record/Section/7/Section/4/Information/0/Value/StringWithMarkup/49/String,string,187Irm
/Record/Section/7/Section/4/Information/0/Value/StringWithMarkup/49/Markup/0/Start,number,0
/Record/Section/7/Section/4/Information/0/Value/StringWithMarkup/49/Markup/0/Length,number,3
/Record/Section/7/Section/4/Information/0/Value/StringWithMarkup/49/Markup/0/Type,string,Superscript
/Record/Section/7/Section/4/Information/0/Value/StringWithMarkup/49/Markup/1/Start,number,5
/Record/Section/7/Section/4/Information/0/Value/StringWithMarkup/49/Markup/1/Length,number,1
/Record/Section/7/Section/4/Information/0/Value/StringWithMarkup/49/Markup/1/Type,string,Superscript
/Record/Section/7/Section/4/Information/0/Value/StringWithMarkup/50/String,string,187Irn
/Record/Section/7/Section/4/Information/0/Value/StringWithMarkup/50/Markup/0/Start,number,0
/Record/Section/7/Section/4/Information/0/Value/StringWithMarkup/50/Markup/0/Length,number,3
/Record/Section/7/Section/4/Information/0/Value/StringWithMarkup/50/Markup/0/Type,string,Superscript
/Record/Section/7/Section/4/Information/0/Value/StringWithMarkup/50/Markup/1/Start,number,5
/Record/Section/7/Section/4/Information/0/Value/StringWithMarkup/50/Markup/1/Length,number,1
/Record/Section/7/Section/4/Information/0/Value/StringWithMarkup/50/Markup/1/Type,string,Superscript
/Record/Section/7/Section/4/Information/0/Value/StringWithMarkup/51/String,string,187Irp
/Record/Section/7/Section/4/Information/0/Value/StringWithMarkup/51/Markup/0/Start,number,0
/Record/Section/7/Section/4/Information/0/Value/StringWithMarkup/51/Markup/0/Length,number,3
/Record/Section/7/Section/4/Information/0/Value/StringWithMarkup/51/Markup/0/Type,string,Superscript
/Record/Section/7/Section/4/Information/0/Value/StringWithMarkup/51/Markup/1/Start,number,5
/Record/Section/7/Section/4/Information/0/Value/StringWithMarkup/51/Markup/1/Length,number,1
/Record/Section/7/Section/4/Information/0/Value/StringWithMarkup/51/Markup/1/Type,string,Superscript
/Record/Section/7/Section/4/Information/0/Value/StringWithMarkup/52/String,string,188Ir
/Record/Section/7/Section/4/Information/0/Value/StringWithMarkup/52/Markup/0/Start,number,0
/Record/Section/7/Section/4/Information/0/Value/StringWithMarkup/52/Markup/0/Length,number,3
/Record/Section/7/Section/4/Information/0/Value/StringWithMarkup/52/Markup/0/Type,string,Superscript
/Record/Section/7/Section/4/Information/0/Value/StringWithMarkup/53/String,string,188Irm
/Record/Section/7/Section/4/Information/0/Value/StringWithMarkup/53/Markup/0/Start,number,0
/Record/Section/7/Section/4/Information/0/Value/StringWithMarkup/53/Markup/0/Length,number,3
/Record/Section/7/Section/4/Information/0/Value/StringWithMarkup/53/Markup/0/Type,string,Superscript
/Record/Section/7/Section/4/Information/0/Value/StringWithMarkup/53/Markup/1/Start,number,5
/Record/Section/7/Section/4/Information/0/Value/StringWithMarkup/53/Markup/1/Length,number,1
/Record/Section/7/Section/4/Information/0/Value/StringWithMarkup/53/Markup/1/Type,string,Superscript
/Record/Section/7/Section/4/Information/0/Value/StringWithMarkup/54/String,string,189Ir
/Record/Section/7/Section/4/Information/0/Value/StringWithMarkup/54/Markup/0/Start,number,0
/Record/Section/7/Section/4/Information/0/Value/StringWithMarkup/54/Markup/0/Length,number,3
/Record/Section/7/Section/4/Information/0/Value/StringWithMarkup/54/Markup/0/Type,string,Superscript
/Record/Section/7/Section/4/Information/0/Value/StringWithMarkup/55/String,string,189Irm
/Record/Section/7/Section/4/Information/0/Value/StringWithMarkup/55/Markup/0/Start,number,0
/Record/Section/7/Section/4/Information/0/Value/StringWithMarkup/55/Markup/0/Length,number,3
/Record/Section/7/Section/4/Information/0/Value/StringWithMarkup/55/Markup/0/Type,string,Superscript
/Record/Section/7/Section/4/Information/0/Value/StringWithMarkup/55/Markup/1/Start,number,5
/Record/Section/7/Section/4/Information/0/Value/StringWithMarkup/55/Markup/1/Length,number,1
/Record/Section/7/Section/4/Information/0/Value/StringWithMarkup/55/Markup/1/Type,string,Superscript
/Record/Section/7/Section/4/Information/0/Value/StringWithMarkup/56/String,string,189Irn
/Record/Section/7/Section/4/Information/0/Value/StringWithMarkup/56/Markup/0/Start,number,0
/Record/Section/7/Section/4/Information/0/Value/StringWithMarkup/56/Markup/0/Length,number,3
/Record/Section/7/Section/4/Information/0/Value/StringWithMarkup/56/Markup/0/Type,string,Superscript
/Record/Section/7/Section/4/Information/0/Value/StringWithMarkup/56/Markup/1/Start,number,5
/Record/Section/7/Section/4/Information/0/Value/StringWithMarkup/56/Markup/1/Length,number,1
/Record/Section/7/Section/4/Information/0/Value/StringWithMarkup/56/Markup/1/Type,string,Superscript
/Record/Section/7/Section/4/Information/0/Value/StringWithMarkup/57/String,string,190Ir
/Record/Section/7/Section/4/Information/0/Value/StringWithMarkup/57/Markup/0/Start,number,0
/Record/Section/7/Section/4/Information/0/Value/StringWithMarkup/57/Markup/0/Length,number,3
/Record/Section/7/Section/4/Information/0/Value/StringWithMarkup/57/Markup/0/Type,string,Superscript
/Record/Section/7/Section/4/Information/0/Value/StringWithMarkup/58/String,string,190Irm
/Record/Section/7/Section/4/Information/0/Value/StringWithMarkup/58/Markup/0/Start,number,0
/Record/Section/7/Section/4/Information/0/Value/StringWithMarkup/58/Markup/0/Length,number,3
/Record/Section/7/Section/4/Information/0/Value/StringWithMarkup/58/Markup/0/Type,string,Superscript
/Record/Section/7/Section/4/Information/0/Value/StringWithMarkup/58/Markup/1/Start,number,5
/Record/Section/7/Section/4/Information/0/Value/StringWithMarkup/58/Markup/1/Length,number,1
/Record/Section/7/Section/4/Information/0/Value/StringWithMarkup/58/Markup/1/Type,string,Superscript
/Record/Section/7/Section/4/Information/0/Value/StringWithMarkup/59/String,string,190Irn
/Record/Section/7/Section/4/Information/0/Value/StringWithMarkup/59/Markup/0/Start,number,0
/Record/Section/7/Section/4/Information/0/Value/StringWithMarkup/59/Markup/0/Length,number,3
/Record/Section/7/Section/4/Information/0/Value/StringWithMarkup/59/Markup/0/Type,string,Superscript
/Record/Section/7/Section/4/Information/0/Value/StringWithMarkup/59/Markup/1/Start,number,5
/Record/Section/7/Section/4/Information/0/Value/StringWithMarkup/59/Markup/1/Length,number,1
/Record/Section/7/Section/4/Information/0/Value/StringWithMarkup/59/Markup/1/Type,string,Superscript
/Record/Section/7/Section/4/Information/0/Value/StringWithMarkup/60/String,string,190Irp
/Record/Section/7/Section/4/Information/0/Value/StringWithMarkup/60/Markup/0/Start,number,0
/Record/Section/7/Section/4/Information/0/Value/StringWithMarkup/60/Markup/0/Length,number,3
/Record/Section/7/Section/4/Information/0/Value/StringWithMarkup/60/Markup/0/Type,string,Superscript
/Record/Section/7/Section/4/Information/0/Value/StringWithMarkup/60/Markup/1/Start,number,5
/Record/Section/7/Section/4/Information/0/Value/StringWithMarkup/60/Markup/1/Length,number,1
/Record/Section/7/Section/4/Information/0/Value/StringWithMarkup/60/Markup/1/Type,string,Superscript
/Record/Section/7/Section/4/Information/0/Value/StringWithMarkup/61/String,string,191Ir
/Record/Section/7/Section/4/Information/0/Value/StringWithMarkup/61/Markup/0/Start,number,0
/Record/Section/7/Section/4/Information/0/Value/StringWithMarkup/61/Markup/0/Length,number,3
/Record/Section/7/Section/4/Information/0/Value/StringWithMarkup/61/Markup/0/Type,string,Superscript
/Record/Section/7/Section/4/Information/0/Value/StringWithMarkup/62/String,string,191Irm
/Record/Section/7/Section/4/Information/0/Value/StringWithMarkup/62/Markup/0/Start,number,0
/Record/Section/7/Section/4/Information/0/Value/StringWithMarkup/62/Markup/0/Length,number,3
/Record/Section/7/Section/4/Information/0/Value/StringWithMarkup/62/Markup/0/Type,string,Superscript
/Record/Section/7/Section/4/Information/0/Value/StringWithMarkup/62/Markup/1/Start,number,5
/Record/Section/7/Section/4/Information/0/Value/StringWithMarkup/62/Markup/1/Length,number,1
/Record/Section/7/Section/4/Information/0/Value/StringWithMarkup/62/Markup/1/Type,string,Superscript
/Record/Section/7/Section/4/Information/0/Value/StringWithMarkup/63/String,string,191Irn
/Record/Section/7/Section/4/Information/0/Value/StringWithMarkup/63/Markup/0/Start,number,0
/Record/Section/7/Section/4/Information/0/Value/StringWithMarkup/63/Markup/0/Length,number,3
/Record/Section/7/Section/4/Information/0/Value/StringWithMarkup/63/Markup/0/Type,string,Superscript
/Record/Section/7/Section/4/Information/0/Value/StringWithMarkup/63/Markup/1/Start,number,5
/Record/Section/7/Section/4/Information/0/Value/StringWithMarkup/63/Markup/1/Length,number,1
/Record/Section/7/Section/4/Information/0/Value/StringWithMarkup/63/Markup/1/Type,string,Superscript
/Record/Section/7/Section/4/Information/0/Value/StringWithMarkup/64/String,string,192Ir
/Record/Section/7/Section/4/Information/0/Value/StringWithMarkup/64/Markup/0/Start,number,0
/Record/Section/7/Section/4/Information/0/Value/StringWithMarkup/64/Markup/0/Length,number,3
/Record/Section/7/Section/4/Information/0/Value/StringWithMarkup/64/Markup/0/Type,string,Superscript
/Record/Section/7/Section/4/Information/0/Value/StringWithMarkup/65/String,string,192Irm
/Record/Section/7/Section/4/Information/0/Value/StringWithMarkup/65/Markup/0/Start,number,0
/Record/Section/7/Section/4/Information/0/Value/StringWithMarkup/65/Markup/0/Length,number,3
/Record/Section/7/Section/4/Information/0/Value/StringWithMarkup/65/Markup/0/Type,string,Superscript
/Record/Section/7/Section/4/Information/0/Value/StringWithMarkup/65/Markup/1/Start,number,5
/Record/Section/7/Section/4/Information/0/Value/StringWithMarkup/65/Markup/1/Length,number,1
/Record/Section/7/Section/4/Information/0/Value/StringWithMarkup/65/Markup/1/Type,string,Superscript
/Record/Section/7/Section/4/Information/0/Value/StringWithMarkup/66/String,string,192Irn
/Record/Section/7/Section/4/Information/0/Value/StringWithMarkup/66/Markup/0/Start,number,0
/Record/Section/7/Section/4/Information/0/Value/StringWithMarkup/66/Markup/0/Length,number,3
/Record/Section/7/Section/4/Information/0/Value/StringWithMarkup/66/Markup/0/Type,string,Superscript
/Record/Section/7/Section/4/Information/0/Value/StringWithMarkup/66/Markup/1/Start,number,5
/Record/Section/7/Section/4/Information/0/Value/StringWithMarkup/66/Markup/1/Length,number,1
/Record/Section/7/Section/4/Information/0/Value/StringWithMarkup/66/Markup/1/Type,string,Superscript
/Record/Section/7/Section/4/Information/0/Value/StringWithMarkup/67/String,string,193Ir
/Record/Section/7/Section/4/Information/0/Value/StringWithMarkup/67/Markup/0/Start,number,0
/Record/Section/7/Section/4/Information/0/Value/StringWithMarkup/67/Markup/0/Length,number,3
/Record/Section/7/Section/4/Information/0/Value/StringWithMarkup/67/Markup/0/Type,string,Superscript
/Record/Section/7/Section/4/Information/0/Value/StringWithMarkup/68/String,string,193Irm
/Record/Section/7/Section/4/Information/0/Value/StringWithMarkup/68/Markup/0/Start,number,0
/Record/Section/7/Section/4/Information/0/Value/StringWithMarkup/68/Markup/0/Length,number,3
/Record/Section/7/Section/4/Information/0/Value/StringWithMarkup/68/Markup/0/Type,string,Superscript
/Record/Section/7/Section/4/Information/0/Value/StringWithMarkup/68/Markup/1/Start,number,5
/Record/Section/7/Section/4/Information/0/Value/StringWithMarkup/68/Markup/1/Length,number,1
/Record/Section/7/Section/4/Information/0/Value/StringWithMarkup/68/Markup/1/Type,string,Superscript
/Record/Section/7/Section/4/Information/0/Value/StringWithMarkup/69/String,string,193Irn
/Record/Section/7/Section/4/Information/0/Value/StringWithMarkup/69/Markup/0/Start,number,0
/Record/Section/7/Section/4/Information/0/Value/StringWithMarkup/69/Markup/0/Length,number,3
/Record/Section/7/Section/4/Information/0/Value/StringWithMarkup/69/Markup/0/Type,string,Superscript
/Record/Section/7/Section/4/Information/0/Value/StringWithMarkup/69/Markup/1/Start,number,5
/Record/Section/7/Section/4/Information/0/Value/StringWithMarkup/69/Markup/1/Length,number,1
/Record/Section/7/Section/4/Information/0/Value/StringWithMarkup/69/Markup/1/Type,string,Superscript
/Record/Section/7/Section/4/Information/0/Value/StringWithMarkup/70/String,string,194Ir
/Record/Section/7/Section/4/Information/0/Value/StringWithMarkup/70/Markup/0/Start,number,0
/Record/Section/7/Section/4/Information/0/Value/StringWithMarkup/70/Markup/0/Length,number,3
/Record/Section/7/Section/4/Information/0/Value/StringWithMarkup/70/Markup/0/Type,string,Superscript
/Record/Section/7/Section/4/Information/0/Value/StringWithMarkup/71/String,string,194Irm
/Record/Section/7/Section/4/Information/0/Value/StringWithMarkup/71/Markup/0/Start,number,0
/Record/Section/7/Section/4/Information/0/Value/StringWithMarkup/71/Markup/0/Length,number,3
/Record/Section/7/Section/4/Information/0/Value/StringWithMarkup/71/Markup/0/Type,string,Superscript
/Record/Section/7/Section/4/Information/0/Value/StringWithMarkup/71/Markup/1/Start,number,5
/Record/Section/7/Section/4/Information/0/Value/StringWithMarkup/71/Markup/1/Length,number,1
/Record/Section/7/Section/4/Information/0/Value/StringWithMarkup/71/Markup/1/Type,string,Superscript
/Record/Section/7/Section/4/Information/0/Value/StringWithMarkup/72/String,string,194Irn
/Record/Section/7/Section/4/Information/0/Value/StringWithMarkup/72/Markup/0/Start,number,0
/Record/Section/7/Section/4/Information/0/Value/StringWithMarkup/72/Markup/0/Length,number,3
/Record/Section/7/Section/4/Information/0/Value/StringWithMarkup/72/Markup/0/Type,string,Superscript
/Record/Section/7/Section/4/Information/0/Value/StringWithMarkup/72/Markup/1/Start,number,5
/Record/Section/7/Section/4/Information/0/Value/StringWithMarkup/72/Markup/1/Length,number,1
/Record/Section/7/Section/4/Information/0/Value/StringWithMarkup/72/Markup/1/Type,string,Superscript
/Record/Section/7/Section/4/Information/0/Value/StringWithMarkup/73/String,string,195Ir
/Record/Section/7/Section/4/Information/0/Value/StringWithMarkup/73/Markup/0/Start,number,0
/Record/Section/7/Section/4/Information/0/Value/StringWithMarkup/73/Markup/0/Length,number,3
/Record/Section/7/Section/4/Information/0/Value/StringWithMarkup/73/Markup/0/Type,string,Superscript
/Record/Section/7/Section/4/Information/0/Value/StringWithMarkup/74/String,string,195Irm
/Record/Section/7/Section/4/Information/0/Value/StringWithMarkup/74/Markup/0/Start,number,0
/Record/Section/7/Section/4/Information/0/Value/StringWithMarkup/74/Markup/0/Length,number,3
/Record/Section/7/Section/4/Information/0/Value/StringWithMarkup/74/Markup/0/Type,string,Superscript
/Record/Section/7/Section/4/Information/0/Value/StringWithMarkup/74/Markup/1/Start,number,5
/Record/Section/7/Section/4/Information/0/Value/StringWithMarkup/74/Markup/1/Length,number,1
/Record/Section/7/Section/4/Information/0/Value/StringWithMarkup/74/Markup/1/Type,string,Superscript
/Record/Section/7/Section/4/Information/0/Value/StringWithMarkup/75/String,string,195Irn
/Record/Section/7/Section/4/Information/0/Value/StringWithMarkup/75/Markup/0/Start,number,0
/Record/Section/7/Section/4/Information/0/Value/StringWithMarkup/75/Markup/0/Length,number,3
/Record/Section/7/Section/4/Information/0/Value/StringWithMarkup/75/Markup/0/Type,string,Superscript
/Record/Section/7/Section/4/Information/0/Value/StringWithMarkup/75/Markup/1/Start,number,5
/Record/Section/7/Section/4/Information/0/Value/StringWithMarkup/75/Markup/1/Length,number,1
/Record/Section/7/Section/4/Information/0/Value/StringWithMarkup/75/Markup/1/Type,string,Superscript
/Record/Section/7/Section/4/Information/0/Value/StringWithMarkup/76/String,string,196Ir
/Record/Section/7/Section/4/Information/0/Value/StringWithMarkup/76/Markup/0/Start,number,0
/Record/Section/7/Section/4/Information/0/Value/StringWithMarkup/76/Markup/0/Length,number,3
/Record/Section/7/Section/4/Information/0/Value/StringWithMarkup/76/Markup/0/Type,string,Superscript
/Record/Section/7/Section/4/Information/0/Value/StringWithMarkup/77/String,string,196Irm
/Record/Section/7/Section/4/Information/0/Value/StringWithMarkup/77/Markup/0/Start,number,0
/Record/Section/7/Section/4/Information/0/Value/StringWithMarkup/77/Markup/0/Length,number,3
/Record/Section/7/Section/4/Information/0/Value/StringWithMarkup/77/Markup/0/Type,string,Superscript
/Record/Section/7/Section/4/Information/0/Value/StringWithMarkup/77/Markup/1/Start,number,5
/Record/Section/7/Section/4/Information/0/Value/StringWithMarkup/77/Markup/1/Length,number,1
/Record/Section/7/Section/4/Information/0/Value/StringWithMarkup/77/Markup/1/Type,string,Superscript
/Record/Section/7/Section/4/Information/0/Value/StringWithMarkup/78/String,string,197Ir
/Record/Section/7/Section/4/Information/0/Value/StringWithMarkup/78/Markup/0/Start,number,0
/Record/Section/7/Section/4/Information/0/Value/StringWithMarkup/78/Markup/0/Length,number,3
/Record/Section/7/Section/4/Information/0/Value/StringWithMarkup/78/Markup/0/Type,string,Superscript
/Record/Section/7/Section/4/Information/0/Value/StringWithMarkup/79/String,string,197Irm
/Record/Section/7/Section/4/Information/0/Value/StringWithMarkup/79/Markup/0/Start,number,0
/Record/Section/7/Section/4/Information/0/Value/StringWithMarkup/79/Markup/0/Length,number,3
/Record/Section/7/Section/4/Information/0/Value/StringWithMarkup/79/Markup/0/Type,string,Superscript
/Record/Section/7/Section/4/Information/0/Value/StringWithMarkup/79/Markup/1/Start,number,5
/Record/Section/7/Section/4/Information/0/Value/StringWithMarkup/79/Markup/1/Length,number,1
/Record/Section/7/Section/4/Information/0/Value/StringWithMarkup/79/Markup/1/Type,string,Superscript
/Record/Section/7/Section/4/Information/0/Value/StringWithMarkup/80/String,string,197Irn
/Record/Section/7/Section/4/Information/0/Value/StringWithMarkup/80/Markup/0/Start,number,0
/Record/Section/7/Section/4/Information/0/Value/StringWithMarkup/80/Markup/0/Length,number,3
/Record/Section/7/Section/4/Information/0/Value/StringWithMarkup/80/Markup/0/Type,string,Superscript
/Record/Section/7/Section/4/Information/0/Value/StringWithMarkup/80/Markup/1/Start,number,5
/Record/Section/7/Section/4/Information/0/Value/StringWithMarkup/80/Markup/1/Length,number,1
/Record/Section/7/Section/4/Information/0/Value/StringWithMarkup/80/Markup/1/Type,string,Superscript
/Record/Section/7/Section/4/Information/0/Value/StringWithMarkup/81/String,string,197Irp
/Record/Section/7/Section/4/Information/0/Value/StringWithMarkup/81/Markup/0/Start,number,0
/Record/Section/7/Section/4/Information/0/Value/StringWithMarkup/81/Markup/0/Length,number,3
/Record/Section/7/Section/4/Information/0/Value/StringWithMarkup/81/Markup/0/Type,string,Superscript
/Record/Section/7/Section/4/Information/0/Value/StringWithMarkup/81/Markup/1/Start,number,5
/Record/Section/7/Section/4/Information/0/Value/StringWithMarkup/81/Markup/1/Length,number,1
/Record/Section/7/Section/4/Information/0/Value/StringWithMarkup/81/Markup/1/Type,string,Superscript
/Record/Section/7/Section/4/Information/0/Value/StringWithMarkup/82/String,string,198Ir
/Record/Section/7/Section/4/Information/0/Value/StringWithMarkup/82/Markup/0/Start,number,0
/Record/Section/7/Section/4/Information/0/Value/StringWithMarkup/82/Markup/0/Length,number,3
/Record/Section/7/Section/4/Information/0/Value/StringWithMarkup/82/Markup/0/Type,string,Superscript
/Record/Section/7/Section/4/Information/0/Value/StringWithMarkup/83/String,string,199Ir
/Record/Section/7/Section/4/Information/0/Value/StringWithMarkup/83/Markup/0/Start,number,0
/Record/Section/7/Section/4/Information/0/Value/StringWithMarkup/83/Markup/0/Length,number,3
/Record/Section/7/Section/4/Information/0/Value/StringWithMarkup/83/Markup/0/Type,string,Superscript
/Record/Section/7/Section/4/Information/0/Value/StringWithMarkup/84/String,string,200Ir
/Record/Section/7/Section/4/Information/0/Value/StringWithMarkup/84/Markup/0/Start,number,0
/Record/Section/7/Section/4/Information/0/Value/StringWithMarkup/84/Markup/0/Length,number,3
/Record/Section/7/Section/4/Information/0/Value/StringWithMarkup/84/Markup/0/Type,string,Superscript
/Record/Section/7/Section/4/Information/0/Value/StringWithMarkup/85/String,string,201Ir
/Record/Section/7/Section/4/Information/0/Value/StringWithMarkup/85/Markup/0/Start,number,0
/Record/Section/7/Section/4/Information/0/Value/StringWithMarkup/85/Markup/0/Length,number,3
/Record/Section/7/Section/4/Information/0/Value/StringWithMarkup/85/Markup/0/Type,string,Superscript
/Record/Section/7/Section/4/Information/0/Value/StringWithMarkup/86/String,string,202Ir
/Record/Section/7/Section/4/Information/0/Value/StringWithMarkup/86/Markup/0/Start,number,0
/Record/Section/7/Section/4/Information/0/Value/StringWithMarkup/86/Markup/0/Length,number,3
/Record/Section/7/Section/4/Information/0/Value/StringWithMarkup/86/Markup/0/Type,string,Superscript
/Record/Section/7/Section/4/Information/0/Value/StringWithMarkup/87/String,string,202Irm
/Record/Section/7/Section/4/Information/0/Value/StringWithMarkup/87/Markup/0/Start,number,0
/Record/Section/7/Section/4/Information/0/Value/StringWithMarkup/87/Markup/0/Length,number,3
/Record/Section/7/Section/4/Information/0/Value/StringWithMarkup/87/Markup/0/Type,string,Superscript
/Record/Section/7/Section/4/Information/0/Value/StringWithMarkup/87/Markup/1/Start,number,5
/Record/Section/7/Section/4/Information/0/Value/StringWithMarkup/87/Markup/1/Length,number,1
/Record/Section/7/Section/4/Information/0/Value/StringWithMarkup/87/Markup/1/Type,string,Superscript
/Record/Section/7/Section/4/Information/0/Value/StringWithMarkup/88/String,string,203Ir
/Record/Section/7/Section/4/Information/0/Value/StringWithMarkup/88/Markup/0/Start,number,0
/Record/Section/7/Section/4/Information/0/Value/StringWithMarkup/88/Markup/0/Length,number,3
/Record/Section/7/Section/4/Information/0/Value/StringWithMarkup/88/Markup/0/Type,string,Superscript
/Record/Section/7/Section/4/Information/0/Value/StringWithMarkup/89/String,string,203Irm
/Record/Section/7/Section/4/Information/0/Value/StringWithMarkup/89/Markup/0/Start,number,0
/Record/Section/7/Section/4/Information/0/Value/StringWithMarkup/89/Markup/0/Length,number,3
/Record/Section/7/Section/4/Information/0/Value/StringWithMarkup/89/Markup/0/Type,string,Superscript
/Record/Section/7/Section/4/Information/0/Value/StringWithMarkup/89/Markup/1/Start,number,5
/Record/Section/7/Section/4/Information/0/Value/StringWithMarkup/89/Markup/1/Length,number,1
/Record/Section/7/Section/4/Information/0/Value/StringWithMarkup/89/Markup/1/Type,string,Superscript
/Record/Section/7/Section/4/Information/0/Value/StringWithMarkup/90/String,string,203Irn
/Record/Section/7/Section/4/Information/0/Value/StringWithMarkup/90/Markup/0/Start,number,0
/Record/Section/7/Section/4/Information/0/Value/StringWithMarkup/90/Markup/0/Length,number,3
/Record/Section/7/Section/4/Information/0/Value/StringWithMarkup/90/Markup/0/Type,string,Superscript
/Record/Section/7/Section/4/Information/0/Value/StringWithMarkup/90/Markup/1/Start,number,5
/Record/Section/7/Section/4/Information/0/Value/StringWithMarkup/90/Markup/1/Length,number,1
/Record/Section/7/Section/4/Information/0/Value/StringWithMarkup/90/Markup/1/Type,string,Superscript
/Record/Section/7/Section/4/Information/0/Value/StringWithMarkup/91/String,string,204Ir
/Record/Section/7/Section/4/Information/0/Value/StringWithMarkup/91/Markup/0/Start,number,0
/Record/Section/7/Section/4/Information/0/Value/StringWithMarkup/91/Markup/0/Length,number,3
/Record/Section/7/Section/4/Information/0/Value/StringWithMarkup/91/Markup/0/Type,string,Superscript
/Record/Section/7/Section/4/Information/0/Value/StringWithMarkup/92/String,string,205Ir
/Record/Section/7/Section/4/Information/0/Value/StringWithMarkup/92/Markup/0/Start,number,0
/Record/Section/7/Section/4/Information/0/Value/StringWithMarkup/92/Markup/0/Length,number,3
/Record/Section/7/Section/4/Information/0/Value/StringWithMarkup/92/Markup/0/Type,string,Superscript
/Record/Section/7/Section/4/Information/1/ReferenceNumber,number,2
/Record/Section/7/Section/4/Information/1/Name,string,Atomic Mass and Uncertainty [u]
/Record/Section/7/Section/4/Information/1/Value/StringWithMarkup/0/String,string,162.994299 ± 0.000429 [Estimated]
/Record/Section/7/Section/4/Information/1/Value/StringWithMarkup/1/String,string,163.991966 ± 0.000339 [Estimated]
/Record/Section/7/Section/4/Information/1/Value/StringWithMarkup/2/String,string,163.991966 ± 0.000339 [Estimated]
/Record/Section/7/Section/4/Information/1/Value/StringWithMarkup/3/String,string,164.987552 ± 0.00017 [Estimated]
/Record/Section/7/Section/4/Information/1/Value/StringWithMarkup/4/String,string,164.987552 ± 0.00017 [Estimated]
/Record/Section/7/Section/4/Information/1/Value/StringWithMarkup/5/String,string,165.985716 ± 0.000215 [Estimated]
/Record/Section/7/Section/4/Information/1/Value/StringWithMarkup/6/String,string,165.985716 ± 0.000215 [Estimated]
/Record/Section/7/Section/4/Information/1/Value/StringWithMarkup/7/String,string,166.981671973 ± 0.000019694
/Record/Section/7/Section/4/Information/1/Value/StringWithMarkup/8/String,string,166.981671973 ± 0.000019694
/Record/Section/7/Section/4/Information/1/Value/StringWithMarkup/9/String,string,167.979960978 ± 0.000059277
/Record/Section/7/Section/4/Information/1/Value/StringWithMarkup/10/String,string,167.979960978 ± 0.000059277
/Record/Section/7/Section/4/Information/1/Value/StringWithMarkup/11/String,string,168.976281743 ± 0.00002502
/Record/Section/7/Section/4/Information/1/Value/StringWithMarkup/12/String,string,168.976281743 ± 0.00002502
/Record/Section/7/Section/4/Information/1/Value/StringWithMarkup/13/String,string,169.975113 ± 0.000109 [Estimated]
/Record/Section/7/Section/4/Information/1/Value/StringWithMarkup/14/String,string,169.975113 ± 0.000109 [Estimated]
/Record/Section/7/Section/4/Information/1/Value/StringWithMarkup/15/String,string,170.971645520 ± 0.000041295
/Record/Section/7/Section/4/Information/1/Value/StringWithMarkup/16/String,string,170.971645520 ± 0.000041295
/Record/Section/7/Section/4/Information/1/Value/StringWithMarkup/17/String,string,171.970607035 ± 0.000034785
/Record/Section/7/Section/4/Information/1/Value/StringWithMarkup/18/String,string,171.970607035 ± 0.000034785
/Record/Section/7/Section/4/Information/1/Value/StringWithMarkup/19/String,string,172.967505477 ± 0.000011316
/Record/Section/7/Section/4/Information/1/Value/StringWithMarkup/20/String,string,172.967505477 ± 0.000011316
/Record/Section/7/Section/4/Information/1/Value/StringWithMarkup/21/String,string,173.966949939 ± 0.000012046
/Record/Section/7/Section/4/Information/1/Value/StringWithMarkup/22/String,string,173.966949939 ± 0.000012046
/Record/Section/7/Section/4/Information/1/Value/StringWithMarkup/23/String,string,174.964149519 ± 0.000013295
/Record/Section/7/Section/4/Information/1/Value/StringWithMarkup/24/String,string,174.964149519 ± 0.000013295
/Record/Section/7/Section/4/Information/1/Value/StringWithMarkup/25/String,string,174.964149519 ± 0.000013295
/Record/Section/7/Section/4/Information/1/Value/StringWithMarkup/26/String,string,175.963626261 ± 0.000008679
/Record/Section/7/Section/4/Information/1/Value/StringWithMarkup/27/String,string,175.963626261 ± 0.000008679
/Record/Section/7/Section/4/Information/1/Value/StringWithMarkup/28/String,string,176.961301500 ± 0.000021213
/Record/Section/7/Section/4/Information/1/Value/StringWithMarkup/29/String,string,176.961301500 ± 0.000021213
/Record/Section/7/Section/4/Information/1/Value/StringWithMarkup/30/String,string,176.961301500 ± 0.000021213
/Record/Section/7/Section/4/Information/1/Value/StringWithMarkup/31/String,string,177.961079395 ± 0.000020204
/Record/Section/7/Section/4/Information/1/Value/StringWithMarkup/32/String,string,178.959117594 ± 0.000010489
/Record/Section/7/Section/4/Information/1/Value/StringWithMarkup/33/String,string,179.959229446 ± 0.000023302
/Record/Section/7/Section/4/Information/1/Value/StringWithMarkup/34/String,string,180.957634691 ± 0.000005631
/Record/Section/7/Section/4/Information/1/Value/StringWithMarkup/35/String,string,180.957634691 ± 0.000005631
/Record/Section/7/Section/4/Information/1/Value/StringWithMarkup/36/String,string,180.957634691 ± 0.000005631
/Record/Section/7/Section/4/Information/1/Value/StringWithMarkup/37/String,string,181.958076296 ± 0.000022509
/Record/Section/7/Section/4/Information/1/Value/StringWithMarkup/38/String,string,181.958076296 ± 0.000022509
/Record/Section/7/Section/4/Information/1/Value/StringWithMarkup/39/String,string,181.958076296 ± 0.000022509
/Record/Section/7/Section/4/Information/1/Value/StringWithMarkup/40/String,string,182.956841231 ± 0.000026486
/Record/Section/7/Section/4/Information/1/Value/StringWithMarkup/41/String,string,183.957476000 ± 0.00003
/Record/Section/7/Section/4/Information/1/Value/StringWithMarkup/42/String,string,183.957476000 ± 0.00003
/Record/Section/7/Section/4/Information/1/Value/StringWithMarkup/43/String,string,183.957476000 ± 0.00003
/Record/Section/7/Section/4/Information/1/Value/StringWithMarkup/44/String,string,184.956698000 ± 0.00003
/Record/Section/7/Section/4/Information/1/Value/StringWithMarkup/45/String,string,184.956698000 ± 0.00003
/Record/Section/7/Section/4/Information/1/Value/StringWithMarkup/46/String,string,185.957946754 ± 0.00001774
/Record/Section/7/Section/4/Information/1/Value/StringWithMarkup/47/String,string,185.957946754 ± 0.00001774
/Record/Section/7/Section/4/Information/1/Value/StringWithMarkup/48/String,string,186.957542000 ± 0.00003
/Record/Section/7/Section/4/Information/1/Value/StringWithMarkup/49/String,string,186.957542000 ± 0.00003
/Record/Section/7/Section/4/Information/1/Value/StringWithMarkup/50/String,string,186.957542000 ± 0.00003
/Record/Section/7/Section/4/Information/1/Value/StringWithMarkup/51/String,string,186.957542000 ± 0.00003
/Record/Section/7/Section/4/Information/1/Value/StringWithMarkup/52/String,string,187.958834999 ± 0.000010116
/Record/Section/7/Section/4/Information/1/Value/StringWithMarkup/53/String,string,187.958834999 ± 0.000010116
/Record/Section/7/Section/4/Information/1/Value/StringWithMarkup/54/String,string,188.958722602 ± 0.0000135
/Record/Section/7/Section/4/Information/1/Value/StringWithMarkup/55/String,string,188.958722602 ± 0.0000135
/Record/Section/7/Section/4/Information/1/Value/StringWithMarkup/56/String,string,188.958722602 ± 0.0000135
/Record/Section/7/Section/4/Information/1/Value/StringWithMarkup/57/String,string,189.960543374 ± 0.00000147
/Record/Section/7/Section/4/Information/1/Value/StringWithMarkup/58/String,string,189.960543374 ± 0.00000147
/Record/Section/7/Section/4/Information/1/Value/StringWithMarkup/59/String,string,189.960543374 ± 0.00000147
/Record/Section/7/Section/4/Information/1/Value/StringWithMarkup/60/String,string,189.960543374 ± 0.00000147
/Record/Section/7/Section/4/Information/1/Value/StringWithMarkup/61/String,string,190.960591455 ± 0.000001406
/Record/Section/7/Section/4/Information/1/Value/StringWithMarkup/62/String,string,190.960591455 ± 0.000001406
/Record/Section/7/Section/4/Information/1/Value/StringWithMarkup/63/String,string,190.960591455 ± 0.000001406
/Record/Section/7/Section/4/Information/1/Value/StringWithMarkup/64/String,string,191.962602414 ± 0.00000141
/Record/Section/7/Section/4/Information/1/Value/StringWithMarkup/65/String,string,191.962602414 ± 0.00000141
/Record/Section/7/Section/4/Information/1/Value/StringWithMarkup/66/String,string,191.962602414 ± 0.00000141
/Record/Section/7/Section/4/Information/1/Value/StringWithMarkup/67/String,string,192.962923753 ± 0.000001425
/Record/Section/7/Section/4/Information/1/Value/StringWithMarkup/68/String,string,192.962923753 ± 0.000001425
/Record/Section/7/Section/4/Information/1/Value/StringWithMarkup/69/String,string,192.962923753 ± 0.000001425
/Record/Section/7/Section/4/Information/1/Value/StringWithMarkup/70/String,string,193.965075703 ± 0.000001429
/Record/Section/7/Section/4/Information/1/Value/StringWithMarkup/71/String,string,193.965075703 ± 0.000001429
/Record/Section/7/Section/4/Information/1/Value/StringWithMarkup/72/String,string,193.965075703 ± 0.000001429
/Record/Section/7/Section/4/Information/1/Value/StringWithMarkup/73/String,string,194.965976898 ± 0.000001431
/Record/Section/7/Section/4/Information/1/Value/StringWithMarkup/74/String,string,194.965976898 ± 0.000001431
/Record/Section/7/Section/4/Information/1/Value/StringWithMarkup/75/String,string,194.965976898 ± 0.000001431
/Record/Section/7/Section/4/Information/1/Value/StringWithMarkup/76/String,string,195.968399669 ± 0.000041239
/Record/Section/7/Section/4/Information/1/Value/StringWithMarkup/77/String,string,195.968399669 ± 0.000041239
/Record/Section/7/Section/4/Information/1/Value/StringWithMarkup/78/String,string,196.969657217 ± 0.000021588
/Record/Section/7/Section/4/Information/1/Value/StringWithMarkup/79/String,string,196.969657217 ± 0.000021588
/Record/Section/7/Section/4/Information/1/Value/StringWithMarkup/80/String,string,196.969657217 ± 0.000021588
/Record/Section/7/Section/4/Information/1/Value/StringWithMarkup/81/String,string,196.969657217 ± 0.000021588
/Record/Section/7/Section/4/Information/1/Value/StringWithMarkup/82/String,string,197.972399 ± 0.000215 [Estimated]
/Record/Section/7/Section/4/Information/1/Value/StringWithMarkup/83/String,string,198.973807097 ± 0.000044073
/Record/Section/7/Section/4/Information/1/Value/StringWithMarkup/84/String,string,199.976844 ± 0.00021 [Estimated]
/Record/Section/7/Section/4/Information/1/Value/StringWithMarkup/85/String,string,200.978701 ± 0.000215 [Estimated]
/Record/Section/7/Section/4/Information/1/Value/StringWithMarkup/86/String,string,201.982136 ± 0.000322 [Estimated]
/Record/Section/7/Section/4/Information/1/Value/StringWithMarkup/87/String,string,201.982136 ± 0.000322 [Estimated]
/Record/Section/7/Section/4/Information/1/Value/StringWithMarkup/88/String,string,202.984573 ± 0.000429 [Estimated]
/Record/Section/7/Section/4/Information/1/Value/StringWithMarkup/89/String,string,202.984573 ± 0.000429 [Estimated]
/Record/Section/7/Section/4/Information/1/Value/StringWithMarkup/90/String,string,202.984573 ± 0.000429 [Estimated]
/Record/Section/7/Section/4/Information/1/Value/StringWithMarkup/91/String,string,203.989726 ± 0.000429 [Estimated]
/Record/Section/7/Section/4/Information/1/Value/StringWithMarkup/92/String,string,204.993988 ± 0.000537 [Estimated]
/Record/Section/7/Section/4/Information/2/ReferenceNumber,number,2
/Record/Section/7/Section/4/Information/2/Name,string,Half Life and Uncertainty
/Record/Section/7/Section/4/Information/2/Value/StringWithMarkup/0/String,string,Not-specified
/Record/Section/7/Section/4/Information/2/Value/StringWithMarkup/1/String,string,1 ms [Estimated]
/Record/Section/7/Section/4/Information/2/Value/StringWithMarkup/2/String,string,70 us ± 10
/Record/Section/7/Section/4/Information/2/Value/StringWithMarkup/3/String,string,50 ns [Estimated]
/Record/Section/7/Section/4/Information/2/Value/StringWithMarkup/4/String,string,325 us ± 33
/Record/Section/7/Section/4/Information/2/Value/StringWithMarkup/5/String,string,10.5 ms ± 2.2
/Record/Section/7/Section/4/Information/2/Value/StringWithMarkup/6/String,string,15.1 ms ± 0.9
/Record/Section/7/Section/4/Information/2/Value/StringWithMarkup/7/String,string,29.3 ms ± 0.6
/Record/Section/7/Section/4/Information/2/Value/StringWithMarkup/8/String,string,28.5 ms ± 0.5
/Record/Section/7/Section/4/Information/2/Value/StringWithMarkup/9/String,string,230 ms ± 50
/Record/Section/7/Section/4/Information/2/Value/StringWithMarkup/10/String,string,163 ms ± 16
/Record/Section/7/Section/4/Information/2/Value/StringWithMarkup/11/String,string,353 ms ± 4
/Record/Section/7/Section/4/Information/2/Value/StringWithMarkup/12/String,string,280 ms ± 1
/Record/Section/7/Section/4/Information/2/Value/StringWithMarkup/13/String,string,910 ms ± 150
/Record/Section/7/Section/4/Information/2/Value/StringWithMarkup/14/String,string,811 ms ± 18
/Record/Section/7/Section/4/Information/2/Value/StringWithMarkup/15/String,string,3.1 s ± 0.3
/Record/Section/7/Section/4/Information/2/Value/StringWithMarkup/16/String,string,1.47 s ± 0.06
/Record/Section/7/Section/4/Information/2/Value/StringWithMarkup/17/String,string,4.4 s ± 0.3
/Record/Section/7/Section/4/Information/2/Value/StringWithMarkup/18/String,string,2.19 s ± 0.07
/Record/Section/7/Section/4/Information/2/Value/StringWithMarkup/19/String,string,9.0 s ± 0.8
/Record/Section/7/Section/4/Information/2/Value/StringWithMarkup/20/String,string,2.20 s ± 0.05
/Record/Section/7/Section/4/Information/2/Value/StringWithMarkup/21/String,string,7.9 s ± 0.6
/Record/Section/7/Section/4/Information/2/Value/StringWithMarkup/22/String,string,4.9 s ± 0.3
/Record/Section/7/Section/4/Information/2/Value/StringWithMarkup/23/String,string,9 s ± 2
/Record/Section/7/Section/4/Information/2/Value/StringWithMarkup/24/String,string,33 s ± 4
/Record/Section/7/Section/4/Information/2/Value/StringWithMarkup/25/String,string,6.58 us ± 0.15
/Record/Section/7/Section/4/Information/2/Value/StringWithMarkup/26/String,string,8.7 s ± 0.5
/Record/Section/7/Section/4/Information/2/Value/StringWithMarkup/27/String,string,10 s [Estimated]
/Record/Section/7/Section/4/Information/2/Value/StringWithMarkup/28/String,string,29.8 s ± 1.7
/Record/Section/7/Section/4/Information/2/Value/StringWithMarkup/29/String,string,>100 ns
/Record/Section/7/Section/4/Information/2/Value/StringWithMarkup/30/String,string,>100 ns
/Record/Section/7/Section/4/Information/2/Value/StringWithMarkup/31/String,string,12 s ± 2
/Record/Section/7/Section/4/Information/2/Value/StringWithMarkup/32/String,string,79 s ± 1
/Record/Section/7/Section/4/Information/2/Value/StringWithMarkup/33/String,string,1.5 m ± 0.1
/Record/Section/7/Section/4/Information/2/Value/StringWithMarkup/34/String,string,4.90 m ± 0.15
/Record/Section/7/Section/4/Information/2/Value/StringWithMarkup/35/String,string,298 ns
/Record/Section/7/Section/4/Information/2/Value/StringWithMarkup/36/String,string,126 ns ± 6
/Record/Section/7/Section/4/Information/2/Value/StringWithMarkup/37/String,string,15.0 m ± 1.0
/Record/Section/7/Section/4/Information/2/Value/StringWithMarkup/38/String,string,170 ns ± 40
/Record/Section/7/Section/4/Information/2/Value/StringWithMarkup/39/String,string,130 ns ± 50
/Record/Section/7/Section/4/Information/2/Value/StringWithMarkup/40/String,string,58 m ± 5
/Record/Section/7/Section/4/Information/2/Value/StringWithMarkup/41/String,string,3.09 h ± 0.03
/Record/Section/7/Section/4/Information/2/Value/StringWithMarkup/42/String,string,470 us ± 30
/Record/Section/7/Section/4/Information/2/Value/StringWithMarkup/43/String,string,350 ns ± 90
/Record/Section/7/Section/4/Information/2/Value/StringWithMarkup/44/String,string,14.4 h ± 0.1
/Record/Section/7/Section/4/Information/2/Value/StringWithMarkup/45/String,string,120 ns ± 20
/Record/Section/7/Section/4/Information/2/Value/StringWithMarkup/46/String,string,16.64 h ± 0.03
/Record/Section/7/Section/4/Information/2/Value/StringWithMarkup/47/String,string,1.92 h ± 0.05
/Record/Section/7/Section/4/Information/2/Value/StringWithMarkup/48/String,string,10.5 h ± 0.3
/Record/Section/7/Section/4/Information/2/Value/StringWithMarkup/49/String,string,30.3 ms ± 0.6
/Record/Section/7/Section/4/Information/2/Value/StringWithMarkup/50/String,string,152 ns ± 12
/Record/Section/7/Section/4/Information/2/Value/StringWithMarkup/51/String,string,1.8 us ± 0.5
/Record/Section/7/Section/4/Information/2/Value/StringWithMarkup/52/String,string,41.5 h ± 0.5
/Record/Section/7/Section/4/Information/2/Value/StringWithMarkup/53/String,string,4.15 ms ± 0.15
/Record/Section/7/Section/4/Information/2/Value/StringWithMarkup/54/String,string,13.2 d ± 0.1
/Record/Section/7/Section/4/Information/2/Value/StringWithMarkup/55/String,string,13.3 ms ± 0.3
/Record/Section/7/Section/4/Information/2/Value/StringWithMarkup/56/String,string,3.7 ms ± 0.2
/Record/Section/7/Section/4/Information/2/Value/StringWithMarkup/57/String,string,11.78 d ± 0.10
/Record/Section/7/Section/4/Information/2/Value/StringWithMarkup/58/String,string,1.120 h ± 0.003
/Record/Section/7/Section/4/Information/2/Value/StringWithMarkup/59/String,string,>2 us
/Record/Section/7/Section/4/Information/2/Value/StringWithMarkup/60/String,string,3.087 h ± 0.012
/Record/Section/7/Section/4/Information/2/Value/StringWithMarkup/61/String,string,Stable
/Record/Section/7/Section/4/Information/2/Value/StringWithMarkup/62/String,string,4.899 s ± 0.023
/Record/Section/7/Section/4/Information/2/Value/StringWithMarkup/63/String,string,5.7 s ± 0.4
/Record/Section/7/Section/4/Information/2/Value/StringWithMarkup/64/String,string,73.820 d ± 0.014
/Record/Section/7/Section/4/Information/2/Value/StringWithMarkup/65/String,string,1.45 m ± 0.05
/Record/Section/7/Section/4/Information/2/Value/StringWithMarkup/66/String,string,241 y ± 9
/Record/Section/7/Section/4/Information/2/Value/StringWithMarkup/67/String,string,Stable
/Record/Section/7/Section/4/Information/2/Value/StringWithMarkup/68/String,string,10.53 d ± 0.04
/Record/Section/7/Section/4/Information/2/Value/StringWithMarkup/69/String,string,124.8 us ± 2.1
/Record/Section/7/Section/4/Information/2/Value/StringWithMarkup/70/String,string,19.35 h ± 0.07
/Record/Section/7/Section/4/Information/2/Value/StringWithMarkup/71/String,string,31.85 ms ± 0.24
/Record/Section/7/Section/4/Information/2/Value/StringWithMarkup/72/String,string,171 d ± 11
/Record/Section/7/Section/4/Information/2/Value/StringWithMarkup/73/String,string,2.29 h ± 0.17
/Record/Section/7/Section/4/Information/2/Value/StringWithMarkup/74/String,string,3.74 h ± 0.07
/Record/Section/7/Section/4/Information/2/Value/StringWithMarkup/75/String,string,4.4 us ± 0.6
/Record/Section/7/Section/4/Information/2/Value/StringWithMarkup/76/String,string,52.0 s ± 1.1
/Record/Section/7/Section/4/Information/2/Value/StringWithMarkup/77/String,string,1.40 h ± 0.02
/Record/Section/7/Section/4/Information/2/Value/StringWithMarkup/78/String,string,5.8 m ± 0.5
/Record/Section/7/Section/4/Information/2/Value/StringWithMarkup/79/String,string,8.9 m ± 0.3
/Record/Section/7/Section/4/Information/2/Value/StringWithMarkup/80/String,string,30 us ± 8
/Record/Section/7/Section/4/Information/2/Value/StringWithMarkup/81/String,string,15 us ± 9
/Record/Section/7/Section/4/Information/2/Value/StringWithMarkup/82/String,string,8.7 s ± 0.4
/Record/Section/7/Section/4/Information/2/Value/StringWithMarkup/83/String,string,7 s ± 5
/Record/Section/7/Section/4/Information/2/Value/StringWithMarkup/84/String,string,43 s ± 6
/Record/Section/7/Section/4/Information/2/Value/StringWithMarkup/85/String,string,21 s ± 5
/Record/Section/7/Section/4/Information/2/Value/StringWithMarkup/86/String,string,11 s ± 3
/Record/Section/7/Section/4/Information/2/Value/StringWithMarkup/87/String,string,3.4 us ± 0.6
/Record/Section/7/Section/4/Information/2/Value/StringWithMarkup/88/String,string,7 s >300ns [Estimated]
/Record/Section/7/Section/4/Information/2/Value/StringWithMarkup/89/String,string,>100 ns [Estimated]
/Record/Section/7/Section/4/Information/2/Value/StringWithMarkup/90/String,string,798 ns ± 350
/Record/Section/7/Section/4/Information/2/Value/StringWithMarkup/91/String,string,2 s >300ns [Estimated]
/Record/Section/7/Section/4/Information/2/Value/StringWithMarkup/92/String,string,1 s >300ns [Estimated]
/Record/Section/7/Section/4/Information/3/ReferenceNumber,number,2
/Record/Section/7/Section/4/Information/3/Name,string,Discovery Year
/Record/Section/7/Section/4/Information/3/Value/StringWithMarkup/0/String,string,
/Record/Section/7/Section/4/Information/3/Value/StringWithMarkup/1/String,string,
/Record/Section/7/Section/4/Information/3/Value/StringWithMarkup/2/String,string,2001
/Record/Section/7/Section/4/Information/3/Value/StringWithMarkup/3/String,string,
/Record/Section/7/Section/4/Information/3/Value/StringWithMarkup/4/String,string,1997
/Record/Section/7/Section/4/Information/3/Value/StringWithMarkup/5/String,string,1981
/Record/Section/7/Section/4/Information/3/Value/StringWithMarkup/6/String,string,1996
/Record/Section/7/Section/4/Information/3/Value/StringWithMarkup/7/String,string,1981
/Record/Section/7/Section/4/Information/3/Value/StringWithMarkup/8/String,string,1995
/Record/Section/7/Section/4/Information/3/Value/StringWithMarkup/9/String,string,1978
/Record/Section/7/Section/4/Information/3/Value/StringWithMarkup/10/String,string,1996
/Record/Section/7/Section/4/Information/3/Value/StringWithMarkup/11/String,string,1978
/Record/Section/7/Section/4/Information/3/Value/StringWithMarkup/12/String,string,1984
/Record/Section/7/Section/4/Information/3/Value/StringWithMarkup/13/String,string,1977
/Record/Section/7/Section/4/Information/3/Value/StringWithMarkup/14/String,string,1977
/Record/Section/7/Section/4/Information/3/Value/StringWithMarkup/15/String,string,1967
/Record/Section/7/Section/4/Information/3/Value/StringWithMarkup/16/String,string,1967
/Record/Section/7/Section/4/Information/3/Value/StringWithMarkup/17/String,string,1967
/Record/Section/7/Section/4/Information/3/Value/StringWithMarkup/18/String,string,1967
/Record/Section/7/Section/4/Information/3/Value/StringWithMarkup/19/String,string,1967
/Record/Section/7/Section/4/Information/3/Value/StringWithMarkup/20/String,string,1967
/Record/Section/7/Section/4/Information/3/Value/StringWithMarkup/21/String,string,1967
/Record/Section/7/Section/4/Information/3/Value/StringWithMarkup/22/String,string,1992
/Record/Section/7/Section/4/Information/3/Value/StringWithMarkup/23/String,string,1967
/Record/Section/7/Section/4/Information/3/Value/StringWithMarkup/24/String,string,1967
/Record/Section/7/Section/4/Information/3/Value/StringWithMarkup/25/String,string,2019
/Record/Section/7/Section/4/Information/3/Value/StringWithMarkup/26/String,string,1967
/Record/Section/7/Section/4/Information/3/Value/StringWithMarkup/27/String,string,
/Record/Section/7/Section/4/Information/3/Value/StringWithMarkup/28/String,string,1967
/Record/Section/7/Section/4/Information/3/Value/StringWithMarkup/29/String,string,
/Record/Section/7/Section/4/Information/3/Value/StringWithMarkup/30/String,string,1991
/Record/Section/7/Section/4/Information/3/Value/StringWithMarkup/31/String,string,1972
/Record/Section/7/Section/4/Information/3/Value/StringWithMarkup/32/String,string,1992
/Record/Section/7/Section/4/Information/3/Value/StringWithMarkup/33/String,string,1972
/Record/Section/7/Section/4/Information/3/Value/StringWithMarkup/34/String,string,1972
/Record/Section/7/Section/4/Information/3/Value/StringWithMarkup/35/String,string,1992
/Record/Section/7/Section/4/Information/3/Value/StringWithMarkup/36/String,string,1992
/Record/Section/7/Section/4/Information/3/Value/StringWithMarkup/37/String,string,1961
/Record/Section/7/Section/4/Information/3/Value/StringWithMarkup/38/String,string,1990
/Record/Section/7/Section/4/Information/3/Value/StringWithMarkup/39/String,string,1990
/Record/Section/7/Section/4/Information/3/Value/StringWithMarkup/40/String,string,1961
/Record/Section/7/Section/4/Information/3/Value/StringWithMarkup/41/String,string,1960
/Record/Section/7/Section/4/Information/3/Value/StringWithMarkup/42/String,string,1988
/Record/Section/7/Section/4/Information/3/Value/StringWithMarkup/43/String,string,1988
/Record/Section/7/Section/4/Information/3/Value/StringWithMarkup/44/String,string,1958
/Record/Section/7/Section/4/Information/3/Value/StringWithMarkup/45/String,string,1979
/Record/Section/7/Section/4/Information/3/Value/StringWithMarkup/46/String,string,1958
/Record/Section/7/Section/4/Information/3/Value/StringWithMarkup/47/String,string,1962
/Record/Section/7/Section/4/Information/3/Value/StringWithMarkup/48/String,string,1958
/Record/Section/7/Section/4/Information/3/Value/StringWithMarkup/49/String,string,1963
/Record/Section/7/Section/4/Information/3/Value/StringWithMarkup/50/String,string,1969
/Record/Section/7/Section/4/Information/3/Value/StringWithMarkup/51/String,string,2010
/Record/Section/7/Section/4/Information/3/Value/StringWithMarkup/52/String,string,1950
/Record/Section/7/Section/4/Information/3/Value/StringWithMarkup/53/String,string,1971
/Record/Section/7/Section/4/Information/3/Value/StringWithMarkup/54/String,string,1955
/Record/Section/7/Section/4/Information/3/Value/StringWithMarkup/55/String,string,1960
/Record/Section/7/Section/4/Information/3/Value/StringWithMarkup/56/String,string,1975
/Record/Section/7/Section/4/Information/3/Value/StringWithMarkup/57/String,string,1947
/Record/Section/7/Section/4/Information/3/Value/StringWithMarkup/58/String,string,1964
/Record/Section/7/Section/4/Information/3/Value/StringWithMarkup/59/String,string,1996
/Record/Section/7/Section/4/Information/3/Value/StringWithMarkup/60/String,string,1950
/Record/Section/7/Section/4/Information/3/Value/StringWithMarkup/61/String,string,1935
/Record/Section/7/Section/4/Information/3/Value/StringWithMarkup/62/String,string,1955
/Record/Section/7/Section/4/Information/3/Value/StringWithMarkup/63/String,string,1979
/Record/Section/7/Section/4/Information/3/Value/StringWithMarkup/64/String,string,1937
/Record/Section/7/Section/4/Information/3/Value/StringWithMarkup/65/String,string,1937
/Record/Section/7/Section/4/Information/3/Value/StringWithMarkup/66/String,string,1959
/Record/Section/7/Section/4/Information/3/Value/StringWithMarkup/67/String,string,1935
/Record/Section/7/Section/4/Information/3/Value/StringWithMarkup/68/String,string,1957
/Record/Section/7/Section/4/Information/3/Value/StringWithMarkup/69/String,string,2012
/Record/Section/7/Section/4/Information/3/Value/StringWithMarkup/70/String,string,1937
/Record/Section/7/Section/4/Information/3/Value/StringWithMarkup/71/String,string,1959
/Record/Section/7/Section/4/Information/3/Value/StringWithMarkup/72/String,string,1968
/Record/Section/7/Section/4/Information/3/Value/StringWithMarkup/73/String,string,1952
/Record/Section/7/Section/4/Information/3/Value/StringWithMarkup/74/String,string,1968
/Record/Section/7/Section/4/Information/3/Value/StringWithMarkup/75/String,string,2011
/Record/Section/7/Section/4/Information/3/Value/StringWithMarkup/76/String,string,1966
/Record/Section/7/Section/4/Information/3/Value/StringWithMarkup/77/String,string,1959
/Record/Section/7/Section/4/Information/3/Value/StringWithMarkup/78/String,string,1952
/Record/Section/7/Section/4/Information/3/Value/StringWithMarkup/79/String,string,1976
/Record/Section/7/Section/4/Information/3/Value/StringWithMarkup/80/String,string,2005
/Record/Section/7/Section/4/Information/3/Value/StringWithMarkup/81/String,string,2005
/Record/Section/7/Section/4/Information/3/Value/StringWithMarkup/82/String,string,1973
/Record/Section/7/Section/4/Information/3/Value/StringWithMarkup/83/String,string,1993
/Record/Section/7/Section/4/Information/3/Value/StringWithMarkup/84/String,string,2008
/Record/Section/7/Section/4/Information/3/Value/StringWithMarkup/85/String,string,2008
/Record/Section/7/Section/4/Information/3/Value/StringWithMarkup/86/String,string,2008
/Record/Section/7/Section/4/Information/3/Value/StringWithMarkup/87/String,string,2011
/Record/Section/7/Section/4/Information/3/Value/StringWithMarkup/88/String,string,2009
/Record/Section/7/Section/4/Information/3/Value/StringWithMarkup/89/String,string,
/Record/Section/7/Section/4/Information/3/Value/StringWithMarkup/90/String,string,2011
/Record/Section/7/Section/4/Information/3/Value/StringWithMarkup/91/String,string,2011
/Record/Section/7/Section/4/Information/3/Value/StringWithMarkup/92/String,string,2012
/Record/Section/7/Section/4/Information/4/ReferenceNumber,number,2
/Record/Section/7/Section/4/Information/4/Name,string,"Decay Modes, Intensities and Uncertainties [%]"
/Record/Section/7/Section/4/Information/4/Value/StringWithMarkup/0/String,string,p ?
/Record/Section/7/Section/4/Information/4/Value/StringWithMarkup/1/String,string,p ?; α ?; β+ ?
/Record/Section/7/Section/4/Information/4/Value/StringWithMarkup/1/Markup/0/Start,number,11
/Record/Section/7/Section/4/Information/4/Value/StringWithMarkup/1/Markup/0/Length,number,1
/Record/Section/7/Section/4/Information/4/Value/StringWithMarkup/1/Markup/0/Type,string,Superscript
/Record/Section/7/Section/4/Information/4/Value/StringWithMarkup/2/String,string,p=?; α=4±0.2%; β+ ?
/Record/Section/7/Section/4/Information/4/Value/StringWithMarkup/2/Markup/0/Start,number,16
/Record/Section/7/Section/4/Information/4/Value/StringWithMarkup/2/Markup/0/Length,number,1
/Record/Section/7/Section/4/Information/4/Value/StringWithMarkup/2/Markup/0/Type,string,Superscript
/Record/Section/7/Section/4/Information/4/Value/StringWithMarkup/3/String,string,p ?; α ?
/Record/Section/7/Section/4/Information/4/Value/StringWithMarkup/4/String,string,p=88±0.2%; α=12±0.2%
/Record/Section/7/Section/4/Information/4/Value/StringWithMarkup/5/String,string,α=93±0.3%; p=7±0.3%
/Record/Section/7/Section/4/Information/4/Value/StringWithMarkup/6/String,string,α=98.2±0.6%; p=1.8±0.6%
/Record/Section/7/Section/4/Information/4/Value/StringWithMarkup/7/String,string,α=43.5±1.9%; p=38.6±1.2%; β+ ?
/Record/Section/7/Section/4/Information/4/Value/StringWithMarkup/7/Markup/0/Start,number,27
/Record/Section/7/Section/4/Information/4/Value/StringWithMarkup/7/Markup/0/Length,number,1
/Record/Section/7/Section/4/Information/4/Value/StringWithMarkup/7/Markup/0/Type,string,Superscript
/Record/Section/7/Section/4/Information/4/Value/StringWithMarkup/8/String,string,α=89±0.3%; β+ ?; p=0.41±0.6%
/Record/Section/7/Section/4/Information/4/Value/StringWithMarkup/8/Markup/0/Start,number,12
/Record/Section/7/Section/4/Information/4/Value/StringWithMarkup/8/Markup/0/Length,number,1
/Record/Section/7/Section/4/Information/4/Value/StringWithMarkup/8/Markup/0/Type,string,Superscript
/Record/Section/7/Section/4/Information/4/Value/StringWithMarkup/9/String,string,α≈100%; β+ ?; β+p ?
/Record/Section/7/Section/4/Information/4/Value/StringWithMarkup/9/Markup/0/Start,number,9
/Record/Section/7/Section/4/Information/4/Value/StringWithMarkup/9/Markup/0/Length,number,1
/Record/Section/7/Section/4/Information/4/Value/StringWithMarkup/9/Markup/0/Type,string,Superscript
/Record/Section/7/Section/4/Information/4/Value/StringWithMarkup/9/Markup/1/Start,number,15
/Record/Section/7/Section/4/Information/4/Value/StringWithMarkup/9/Markup/1/Length,number,1
/Record/Section/7/Section/4/Information/4/Value/StringWithMarkup/9/Markup/1/Type,string,Superscript
/Record/Section/7/Section/4/Information/4/Value/StringWithMarkup/10/String,string,α=77±0.9%; β+ ?; β+p ?
/Record/Section/7/Section/4/Information/4/Value/StringWithMarkup/10/Markup/0/Start,number,12
/Record/Section/7/Section/4/Information/4/Value/StringWithMarkup/10/Markup/0/Length,number,1
/Record/Section/7/Section/4/Information/4/Value/StringWithMarkup/10/Markup/0/Type,string,Superscript
/Record/Section/7/Section/4/Information/4/Value/StringWithMarkup/10/Markup/1/Start,number,18
/Record/Section/7/Section/4/Information/4/Value/StringWithMarkup/10/Markup/1/Length,number,1
/Record/Section/7/Section/4/Information/4/Value/StringWithMarkup/10/Markup/1/Type,string,Superscript
/Record/Section/7/Section/4/Information/4/Value/StringWithMarkup/11/String,string,α=53±0.7%; β+ ?
/Record/Section/7/Section/4/Information/4/Value/StringWithMarkup/11/Markup/0/Start,number,12
/Record/Section/7/Section/4/Information/4/Value/StringWithMarkup/11/Markup/0/Length,number,1
/Record/Section/7/Section/4/Information/4/Value/StringWithMarkup/11/Markup/0/Type,string,Superscript
/Record/Section/7/Section/4/Information/4/Value/StringWithMarkup/12/String,string,α=79±0.5%; β+ ?; p ?
/Record/Section/7/Section/4/Information/4/Value/StringWithMarkup/12/Markup/0/Start,number,12
/Record/Section/7/Section/4/Information/4/Value/StringWithMarkup/12/Markup/0/Length,number,1
/Record/Section/7/Section/4/Information/4/Value/StringWithMarkup/12/Markup/0/Type,string,Superscript
/Record/Section/7/Section/4/Information/4/Value/StringWithMarkup/13/String,string,β+ ?; α=5.2±1.7%
/Record/Section/7/Section/4/Information/4/Value/StringWithMarkup/13/Markup/0/Start,number,1
/Record/Section/7/Section/4/Information/4/Value/StringWithMarkup/13/Markup/0/Length,number,1
/Record/Section/7/Section/4/Information/4/Value/StringWithMarkup/13/Markup/0/Type,string,Superscript
/Record/Section/7/Section/4/Information/4/Value/StringWithMarkup/14/String,string,α=38±0.5%; β+ ?; IT ?
/Record/Section/7/Section/4/Information/4/Value/StringWithMarkup/14/Markup/0/Start,number,12
/Record/Section/7/Section/4/Information/4/Value/StringWithMarkup/14/Markup/0/Length,number,1
/Record/Section/7/Section/4/Information/4/Value/StringWithMarkup/14/Markup/0/Type,string,Superscript
/Record/Section/7/Section/4/Information/4/Value/StringWithMarkup/15/String,string,β+ ?; α=15±0.2%
/Record/Section/7/Section/4/Information/4/Value/StringWithMarkup/15/Markup/0/Start,number,1
/Record/Section/7/Section/4/Information/4/Value/StringWithMarkup/15/Markup/0/Length,number,1
/Record/Section/7/Section/4/Information/4/Value/StringWithMarkup/15/Markup/0/Type,string,Superscript
/Record/Section/7/Section/4/Information/4/Value/StringWithMarkup/16/String,string,α=54±0.5%; β+ ?; p ?
/Record/Section/7/Section/4/Information/4/Value/StringWithMarkup/16/Markup/0/Start,number,12
/Record/Section/7/Section/4/Information/4/Value/StringWithMarkup/16/Markup/0/Length,number,1
/Record/Section/7/Section/4/Information/4/Value/StringWithMarkup/16/Markup/0/Type,string,Superscript
/Record/Section/7/Section/4/Information/4/Value/StringWithMarkup/17/String,string,β+≈98%; α≈2%
/Record/Section/7/Section/4/Information/4/Value/StringWithMarkup/17/Markup/0/Start,number,1
/Record/Section/7/Section/4/Information/4/Value/StringWithMarkup/17/Markup/0/Length,number,1
/Record/Section/7/Section/4/Information/4/Value/StringWithMarkup/17/Markup/0/Type,string,Superscript
/Record/Section/7/Section/4/Information/4/Value/StringWithMarkup/18/String,string,β+=90.5±1.1%; α=9.5±1.1%
/Record/Section/7/Section/4/Information/4/Value/StringWithMarkup/18/Markup/0/Start,number,1
/Record/Section/7/Section/4/Information/4/Value/StringWithMarkup/18/Markup/0/Length,number,1
/Record/Section/7/Section/4/Information/4/Value/StringWithMarkup/18/Markup/0/Type,string,Superscript
/Record/Section/7/Section/4/Information/4/Value/StringWithMarkup/19/String,string,β+=96.5±2%; α=3.5±2%
/Record/Section/7/Section/4/Information/4/Value/StringWithMarkup/19/Markup/0/Start,number,1
/Record/Section/7/Section/4/Information/4/Value/StringWithMarkup/19/Markup/0/Length,number,1
/Record/Section/7/Section/4/Information/4/Value/StringWithMarkup/19/Markup/0/Type,string,Superscript
/Record/Section/7/Section/4/Information/4/Value/StringWithMarkup/20/String,string,β+=88±0.1%; α=12±0.1%
/Record/Section/7/Section/4/Information/4/Value/StringWithMarkup/20/Markup/0/Start,number,1
/Record/Section/7/Section/4/Information/4/Value/StringWithMarkup/20/Markup/0/Length,number,1
/Record/Section/7/Section/4/Information/4/Value/StringWithMarkup/20/Markup/0/Type,string,Superscript
/Record/Section/7/Section/4/Information/4/Value/StringWithMarkup/21/String,string,β+=99.5±0.3%; α=0.5±0.3%
/Record/Section/7/Section/4/Information/4/Value/StringWithMarkup/21/Markup/0/Start,number,1
/Record/Section/7/Section/4/Information/4/Value/StringWithMarkup/21/Markup/0/Length,number,1
/Record/Section/7/Section/4/Information/4/Value/StringWithMarkup/21/Markup/0/Type,string,Superscript
/Record/Section/7/Section/4/Information/4/Value/StringWithMarkup/22/String,string,β+=97.5±0.3%; α=2.5±0.3%
/Record/Section/7/Section/4/Information/4/Value/StringWithMarkup/22/Markup/0/Start,number,1
/Record/Section/7/Section/4/Information/4/Value/StringWithMarkup/22/Markup/0/Length,number,1
/Record/Section/7/Section/4/Information/4/Value/StringWithMarkup/22/Markup/0/Type,string,Superscript
/Record/Section/7/Section/4/Information/4/Value/StringWithMarkup/23/String,string,β+=99.15±2.8%; α=0.85±2.8%
/Record/Section/7/Section/4/Information/4/Value/StringWithMarkup/23/Markup/0/Start,number,1
/Record/Section/7/Section/4/Information/4/Value/StringWithMarkup/23/Markup/0/Length,number,1
/Record/Section/7/Section/4/Information/4/Value/StringWithMarkup/23/Markup/0/Type,string,Superscript
/Record/Section/7/Section/4/Information/4/Value/StringWithMarkup/24/String,string,β+= ?; IT ?
/Record/Section/7/Section/4/Information/4/Value/StringWithMarkup/24/Markup/0/Start,number,1
/Record/Section/7/Section/4/Information/4/Value/StringWithMarkup/24/Markup/0/Length,number,1
/Record/Section/7/Section/4/Information/4/Value/StringWithMarkup/24/Markup/0/Type,string,Superscript
/Record/Section/7/Section/4/Information/4/Value/StringWithMarkup/25/String,string,IT=100%
/Record/Section/7/Section/4/Information/4/Value/StringWithMarkup/26/String,string,β+=96.9±0.6%; α=3.1±0.6%
/Record/Section/7/Section/4/Information/4/Value/StringWithMarkup/26/Markup/0/Start,number,1
/Record/Section/7/Section/4/Information/4/Value/StringWithMarkup/26/Markup/0/Length,number,1
/Record/Section/7/Section/4/Information/4/Value/StringWithMarkup/26/Markup/0/Type,string,Superscript
/Record/Section/7/Section/4/Information/4/Value/StringWithMarkup/27/String,string,β+= ?; IT ?
/Record/Section/7/Section/4/Information/4/Value/StringWithMarkup/27/Markup/0/Start,number,1
/Record/Section/7/Section/4/Information/4/Value/StringWithMarkup/27/Markup/0/Length,number,1
/Record/Section/7/Section/4/Information/4/Value/StringWithMarkup/27/Markup/0/Type,string,Superscript
/Record/Section/7/Section/4/Information/4/Value/StringWithMarkup/28/String,string,β+≈100%; α=0.06±0.1%
/Record/Section/7/Section/4/Information/4/Value/StringWithMarkup/28/Markup/0/Start,number,1
/Record/Section/7/Section/4/Information/4/Value/StringWithMarkup/28/Markup/0/Length,number,1
/Record/Section/7/Section/4/Information/4/Value/StringWithMarkup/28/Markup/0/Type,string,Superscript
/Record/Section/7/Section/4/Information/4/Value/StringWithMarkup/29/String,string,IT=100%
/Record/Section/7/Section/4/Information/4/Value/StringWithMarkup/30/String,string,IT=100%
/Record/Section/7/Section/4/Information/4/Value/StringWithMarkup/31/String,string,β+=100%
/Record/Section/7/Section/4/Information/4/Value/StringWithMarkup/31/Markup/0/Start,number,1
/Record/Section/7/Section/4/Information/4/Value/StringWithMarkup/31/Markup/0/Length,number,1
/Record/Section/7/Section/4/Information/4/Value/StringWithMarkup/31/Markup/0/Type,string,Superscript
/Record/Section/7/Section/4/Information/4/Value/StringWithMarkup/32/String,string,β+=100%
/Record/Section/7/Section/4/Information/4/Value/StringWithMarkup/32/Markup/0/Start,number,1
/Record/Section/7/Section/4/Information/4/Value/StringWithMarkup/32/Markup/0/Length,number,1
/Record/Section/7/Section/4/Information/4/Value/StringWithMarkup/32/Markup/0/Type,string,Superscript
/Record/Section/7/Section/4/Information/4/Value/StringWithMarkup/33/String,string,β+=100%
/Record/Section/7/Section/4/Information/4/Value/StringWithMarkup/33/Markup/0/Start,number,1
/Record/Section/7/Section/4/Information/4/Value/StringWithMarkup/33/Markup/0/Length,number,1
/Record/Section/7/Section/4/Information/4/Value/StringWithMarkup/33/Markup/0/Type,string,Superscript
/Record/Section/7/Section/4/Information/4/Value/StringWithMarkup/34/String,string,β+=100%
/Record/Section/7/Section/4/Information/4/Value/StringWithMarkup/34/Markup/0/Start,number,1
/Record/Section/7/Section/4/Information/4/Value/StringWithMarkup/34/Markup/0/Length,number,1
/Record/Section/7/Section/4/Information/4/Value/StringWithMarkup/34/Markup/0/Type,string,Superscript
/Record/Section/7/Section/4/Information/4/Value/StringWithMarkup/35/String,string,IT=100%
/Record/Section/7/Section/4/Information/4/Value/StringWithMarkup/36/String,string,IT=100%
/Record/Section/7/Section/4/Information/4/Value/StringWithMarkup/37/String,string,β+=100%
/Record/Section/7/Section/4/Information/4/Value/StringWithMarkup/37/Markup/0/Start,number,1
/Record/Section/7/Section/4/Information/4/Value/StringWithMarkup/37/Markup/0/Length,number,1
/Record/Section/7/Section/4/Information/4/Value/StringWithMarkup/37/Markup/0/Type,string,Superscript
/Record/Section/7/Section/4/Information/4/Value/StringWithMarkup/38/String,string,IT=100%
/Record/Section/7/Section/4/Information/4/Value/StringWithMarkup/39/String,string,IT=100%
/Record/Section/7/Section/4/Information/4/Value/StringWithMarkup/40/String,string,β+≈100%; α ?
/Record/Section/7/Section/4/Information/4/Value/StringWithMarkup/40/Markup/0/Start,number,1
/Record/Section/7/Section/4/Information/4/Value/StringWithMarkup/40/Markup/0/Length,number,1
/Record/Section/7/Section/4/Information/4/Value/StringWithMarkup/40/Markup/0/Type,string,Superscript
/Record/Section/7/Section/4/Information/4/Value/StringWithMarkup/41/String,string,β+=100%
/Record/Section/7/Section/4/Information/4/Value/StringWithMarkup/41/Markup/0/Start,number,1
/Record/Section/7/Section/4/Information/4/Value/StringWithMarkup/41/Markup/0/Length,number,1
/Record/Section/7/Section/4/Information/4/Value/StringWithMarkup/41/Markup/0/Type,string,Superscript
/Record/Section/7/Section/4/Information/4/Value/StringWithMarkup/42/String,string,IT=100%
/Record/Section/7/Section/4/Information/4/Value/StringWithMarkup/43/String,string,IT=100%
/Record/Section/7/Section/4/Information/4/Value/StringWithMarkup/44/String,string,β+=100%
/Record/Section/7/Section/4/Information/4/Value/StringWithMarkup/44/Markup/0/Start,number,1
/Record/Section/7/Section/4/Information/4/Value/StringWithMarkup/44/Markup/0/Length,number,1
/Record/Section/7/Section/4/Information/4/Value/StringWithMarkup/44/Markup/0/Type,string,Superscript
/Record/Section/7/Section/4/Information/4/Value/StringWithMarkup/45/String,string,IT=100%
/Record/Section/7/Section/4/Information/4/Value/StringWithMarkup/46/String,string,β+=100%
/Record/Section/7/Section/4/Information/4/Value/StringWithMarkup/46/Markup/0/Start,number,1
/Record/Section/7/Section/4/Information/4/Value/StringWithMarkup/46/Markup/0/Length,number,1
/Record/Section/7/Section/4/Information/4/Value/StringWithMarkup/46/Markup/0/Type,string,Superscript
/Record/Section/7/Section/4/Information/4/Value/StringWithMarkup/47/String,string,β+≈75%; IT≈25%
/Record/Section/7/Section/4/Information/4/Value/StringWithMarkup/47/Markup/0/Start,number,1
/Record/Section/7/Section/4/Information/4/Value/StringWithMarkup/47/Markup/0/Length,number,1
/Record/Section/7/Section/4/Information/4/Value/StringWithMarkup/47/Markup/0/Type,string,Superscript
/Record/Section/7/Section/4/Information/4/Value/StringWithMarkup/48/String,string,β+=100%
/Record/Section/7/Section/4/Information/4/Value/StringWithMarkup/48/Markup/0/Start,number,1
/Record/Section/7/Section/4/Information/4/Value/StringWithMarkup/48/Markup/0/Length,number,1
/Record/Section/7/Section/4/Information/4/Value/StringWithMarkup/48/Markup/0/Type,string,Superscript
/Record/Section/7/Section/4/Information/4/Value/StringWithMarkup/49/String,string,IT=100%
/Record/Section/7/Section/4/Information/4/Value/StringWithMarkup/50/String,string,IT=100%
/Record/Section/7/Section/4/Information/4/Value/StringWithMarkup/51/String,string,IT=100%
/Record/Section/7/Section/4/Information/4/Value/StringWithMarkup/52/String,string,β+=100%
/Record/Section/7/Section/4/Information/4/Value/StringWithMarkup/52/Markup/0/Start,number,1
/Record/Section/7/Section/4/Information/4/Value/StringWithMarkup/52/Markup/0/Length,number,1
/Record/Section/7/Section/4/Information/4/Value/StringWithMarkup/52/Markup/0/Type,string,Superscript
/Record/Section/7/Section/4/Information/4/Value/StringWithMarkup/53/String,string,IT≈100%; β+ ?
/Record/Section/7/Section/4/Information/4/Value/StringWithMarkup/53/Markup/0/Start,number,10
/Record/Section/7/Section/4/Information/4/Value/StringWithMarkup/53/Markup/0/Length,number,1
/Record/Section/7/Section/4/Information/4/Value/StringWithMarkup/53/Markup/0/Type,string,Superscript
/Record/Section/7/Section/4/Information/4/Value/StringWithMarkup/54/String,string,ε=100%
/Record/Section/7/Section/4/Information/4/Value/StringWithMarkup/55/String,string,IT=100%
/Record/Section/7/Section/4/Information/4/Value/StringWithMarkup/56/String,string,IT=100%
/Record/Section/7/Section/4/Information/4/Value/StringWithMarkup/57/String,string,β+=100%; e+<0.002%
/Record/Section/7/Section/4/Information/4/Value/StringWithMarkup/57/Markup/0/Start,number,1
/Record/Section/7/Section/4/Information/4/Value/StringWithMarkup/57/Markup/0/Length,number,1
/Record/Section/7/Section/4/Information/4/Value/StringWithMarkup/57/Markup/0/Type,string,Superscript
/Record/Section/7/Section/4/Information/4/Value/StringWithMarkup/57/Markup/1/Start,number,10
/Record/Section/7/Section/4/Information/4/Value/StringWithMarkup/57/Markup/1/Length,number,1
/Record/Section/7/Section/4/Information/4/Value/StringWithMarkup/57/Markup/1/Type,string,Superscript
/Record/Section/7/Section/4/Information/4/Value/StringWithMarkup/58/String,string,IT=100%
/Record/Section/7/Section/4/Information/4/Value/StringWithMarkup/59/String,string,IT=100%
/Record/Section/7/Section/4/Information/4/Value/StringWithMarkup/60/String,string,β+=91.4±0.2%; IT=8.6±0.2%
/Record/Section/7/Section/4/Information/4/Value/StringWithMarkup/60/Markup/0/Start,number,1
/Record/Section/7/Section/4/Information/4/Value/StringWithMarkup/60/Markup/0/Length,number,1
/Record/Section/7/Section/4/Information/4/Value/StringWithMarkup/60/Markup/0/Type,string,Superscript
/Record/Section/7/Section/4/Information/4/Value/StringWithMarkup/61/String,string,IS=37.3±0.2%
/Record/Section/7/Section/4/Information/4/Value/StringWithMarkup/62/String,string,IT=100%
/Record/Section/7/Section/4/Information/4/Value/StringWithMarkup/63/String,string,IT=100%
/Record/Section/7/Section/4/Information/4/Value/StringWithMarkup/64/String,string,β-=95.24±0.4%; ε=4.76±0.4%
/Record/Section/7/Section/4/Information/4/Value/StringWithMarkup/64/Markup/0/Start,number,1
/Record/Section/7/Section/4/Information/4/Value/StringWithMarkup/64/Markup/0/Length,number,1
/Record/Section/7/Section/4/Information/4/Value/StringWithMarkup/64/Markup/0/Type,string,Superscript
/Record/Section/7/Section/4/Information/4/Value/StringWithMarkup/65/String,string,IT≈100%; β-=0.0175%
/Record/Section/7/Section/4/Information/4/Value/StringWithMarkup/65/Markup/0/Start,number,10
/Record/Section/7/Section/4/Information/4/Value/StringWithMarkup/65/Markup/0/Length,number,1
/Record/Section/7/Section/4/Information/4/Value/StringWithMarkup/65/Markup/0/Type,string,Superscript
/Record/Section/7/Section/4/Information/4/Value/StringWithMarkup/66/String,string,IT=100%
/Record/Section/7/Section/4/Information/4/Value/StringWithMarkup/67/String,string,IS=62.7±0.2%
/Record/Section/7/Section/4/Information/4/Value/StringWithMarkup/68/String,string,IT=100%
/Record/Section/7/Section/4/Information/4/Value/StringWithMarkup/69/String,string,IT=100%
/Record/Section/7/Section/4/Information/4/Value/StringWithMarkup/70/String,string,β-=100%
/Record/Section/7/Section/4/Information/4/Value/StringWithMarkup/70/Markup/0/Start,number,1
/Record/Section/7/Section/4/Information/4/Value/StringWithMarkup/70/Markup/0/Length,number,1
/Record/Section/7/Section/4/Information/4/Value/StringWithMarkup/70/Markup/0/Type,string,Superscript
/Record/Section/7/Section/4/Information/4/Value/StringWithMarkup/71/String,string,IT=100%
/Record/Section/7/Section/4/Information/4/Value/StringWithMarkup/72/String,string,β-=100%
/Record/Section/7/Section/4/Information/4/Value/StringWithMarkup/72/Markup/0/Start,number,1
/Record/Section/7/Section/4/Information/4/Value/StringWithMarkup/72/Markup/0/Length,number,1
/Record/Section/7/Section/4/Information/4/Value/StringWithMarkup/72/Markup/0/Type,string,Superscript
/Record/Section/7/Section/4/Information/4/Value/StringWithMarkup/73/String,string,β-=100%
/Record/Section/7/Section/4/Information/4/Value/StringWithMarkup/73/Markup/0/Start,number,1
/Record/Section/7/Section/4/Information/4/Value/StringWithMarkup/73/Markup/0/Length,number,1
/Record/Section/7/Section/4/Information/4/Value/StringWithMarkup/73/Markup/0/Type,string,Superscript
/Record/Section/7/Section/4/Information/4/Value/StringWithMarkup/74/String,string,β-≈100%; IT ?
/Record/Section/7/Section/4/Information/4/Value/StringWithMarkup/74/Markup/0/Start,number,1
/Record/Section/7/Section/4/Information/4/Value/StringWithMarkup/74/Markup/0/Length,number,1
/Record/Section/7/Section/4/Information/4/Value/StringWithMarkup/74/Markup/0/Type,string,Superscript
/Record/Section/7/Section/4/Information/4/Value/StringWithMarkup/75/String,string,IT=100%
/Record/Section/7/Section/4/Information/4/Value/StringWithMarkup/76/String,string,β-=100%
/Record/Section/7/Section/4/Information/4/Value/StringWithMarkup/76/Markup/0/Start,number,1
/Record/Section/7/Section/4/Information/4/Value/StringWithMarkup/76/Markup/0/Length,number,1
/Record/Section/7/Section/4/Information/4/Value/StringWithMarkup/76/Markup/0/Type,string,Superscript
/Record/Section/7/Section/4/Information/4/Value/StringWithMarkup/77/String,string,β-≈100%; IT ?
/Record/Section/7/Section/4/Information/4/Value/StringWithMarkup/77/Markup/0/Start,number,1
/Record/Section/7/Section/4/Information/4/Value/StringWithMarkup/77/Markup/0/Length,number,1
/Record/Section/7/Section/4/Information/4/Value/StringWithMarkup/77/Markup/0/Type,string,Superscript
/Record/Section/7/Section/4/Information/4/Value/StringWithMarkup/78/String,string,β-=100%
/Record/Section/7/Section/4/Information/4/Value/StringWithMarkup/78/Markup/0/Start,number,1
/Record/Section/7/Section/4/Information/4/Value/StringWithMarkup/78/Markup/0/Length,number,1
/Record/Section/7/Section/4/Information/4/Value/StringWithMarkup/78/Markup/0/Type,string,Superscript
/Record/Section/7/Section/4/Information/4/Value/StringWithMarkup/79/String,string,β-≈100%; IT ?
/Record/Section/7/Section/4/Information/4/Value/StringWithMarkup/79/Markup/0/Start,number,1
/Record/Section/7/Section/4/Information/4/Value/StringWithMarkup/79/Markup/0/Length,number,1
/Record/Section/7/Section/4/Information/4/Value/StringWithMarkup/79/Markup/0/Type,string,Superscript
/Record/Section/7/Section/4/Information/4/Value/StringWithMarkup/80/String,string,IT=100%
/Record/Section/7/Section/4/Information/4/Value/StringWithMarkup/81/String,string,IT=100%
/Record/Section/7/Section/4/Information/4/Value/StringWithMarkup/82/String,string,β-=100%
/Record/Section/7/Section/4/Information/4/Value/StringWithMarkup/82/Markup/0/Start,number,1
/Record/Section/7/Section/4/Information/4/Value/StringWithMarkup/82/Markup/0/Length,number,1
/Record/Section/7/Section/4/Information/4/Value/StringWithMarkup/82/Markup/0/Type,string,Superscript
/Record/Section/7/Section/4/Information/4/Value/StringWithMarkup/83/String,string,β-=100%
/Record/Section/7/Section/4/Information/4/Value/StringWithMarkup/83/Markup/0/Start,number,1
/Record/Section/7/Section/4/Information/4/Value/StringWithMarkup/83/Markup/0/Length,number,1
/Record/Section/7/Section/4/Information/4/Value/StringWithMarkup/83/Markup/0/Type,string,Superscript
/Record/Section/7/Section/4/Information/4/Value/StringWithMarkup/84/String,string,β-=100%; β-n ?
/Record/Section/7/Section/4/Information/4/Value/StringWithMarkup/84/Markup/0/Start,number,1
/Record/Section/7/Section/4/Information/4/Value/StringWithMarkup/84/Markup/0/Length,number,1
/Record/Section/7/Section/4/Information/4/Value/StringWithMarkup/84/Markup/0/Type,string,Superscript
/Record/Section/7/Section/4/Information/4/Value/StringWithMarkup/84/Markup/1/Start,number,10
/Record/Section/7/Section/4/Information/4/Value/StringWithMarkup/84/Markup/1/Length,number,1
/Record/Section/7/Section/4/Information/4/Value/StringWithMarkup/84/Markup/1/Type,string,Superscript
/Record/Section/7/Section/4/Information/4/Value/StringWithMarkup/85/String,string,β-=100%
/Record/Section/7/Section/4/Information/4/Value/StringWithMarkup/85/Markup/0/Start,number,1
/Record/Section/7/Section/4/Information/4/Value/StringWithMarkup/85/Markup/0/Length,number,1
/Record/Section/7/Section/4/Information/4/Value/StringWithMarkup/85/Markup/0/Type,string,Superscript
/Record/Section/7/Section/4/Information/4/Value/StringWithMarkup/86/String,string,β-=100%
/Record/Section/7/Section/4/Information/4/Value/StringWithMarkup/86/Markup/0/Start,number,1
/Record/Section/7/Section/4/Information/4/Value/StringWithMarkup/86/Markup/0/Length,number,1
/Record/Section/7/Section/4/Information/4/Value/StringWithMarkup/86/Markup/0/Type,string,Superscript
/Record/Section/7/Section/4/Information/4/Value/StringWithMarkup/87/String,string,IT=100%
/Record/Section/7/Section/4/Information/4/Value/StringWithMarkup/88/String,string,β- ?
/Record/Section/7/Section/4/Information/4/Value/StringWithMarkup/88/Markup/0/Start,number,1
/Record/Section/7/Section/4/Information/4/Value/StringWithMarkup/88/Markup/0/Length,number,1
/Record/Section/7/Section/4/Information/4/Value/StringWithMarkup/88/Markup/0/Type,string,Superscript
/Record/Section/7/Section/4/Information/4/Value/StringWithMarkup/89/String,string,IT ?; β- ?
/Record/Section/7/Section/4/Information/4/Value/StringWithMarkup/89/Markup/0/Start,number,7
/Record/Section/7/Section/4/Information/4/Value/StringWithMarkup/89/Markup/0/Length,number,1
/Record/Section/7/Section/4/Information/4/Value/StringWithMarkup/89/Markup/0/Type,string,Superscript
/Record/Section/7/Section/4/Information/4/Value/StringWithMarkup/90/String,string,IT=100%
/Record/Section/7/Section/4/Information/4/Value/StringWithMarkup/91/String,string,β- ?; β-n ?
/Record/Section/7/Section/4/Information/4/Value/StringWithMarkup/91/Markup/0/Start,number,1
/Record/Section/7/Section/4/Information/4/Value/StringWithMarkup/91/Markup/0/Length,number,1
/Record/Section/7/Section/4/Information/4/Value/StringWithMarkup/91/Markup/0/Type,string,Superscript
/Record/Section/7/Section/4/Information/4/Value/StringWithMarkup/91/Markup/1/Start,number,7
/Record/Section/7/Section/4/Information/4/Value/StringWithMarkup/91/Markup/1/Length,number,1
/Record/Section/7/Section/4/Information/4/Value/StringWithMarkup/91/Markup/1/Type,string,Superscript
/Record/Section/7/Section/4/Information/4/Value/StringWithMarkup/92/String,string,β- ?; β-n ?
/Record/Section/7/Section/4/Information/4/Value/StringWithMarkup/92/Markup/0/Start,number,1
/Record/Section/7/Section/4/Information/4/Value/StringWithMarkup/92/Markup/0/Length,number,1
/Record/Section/7/Section/4/Information/4/Value/StringWithMarkup/92/Markup/0/Type,string,Superscript
/Record/Section/7/Section/4/Information/4/Value/StringWithMarkup/92/Markup/1/Start,number,7
/Record/Section/7/Section/4/Information/4/Value/StringWithMarkup/92/Markup/1/Length,number,1
/Record/Section/7/Section/4/Information/4/Value/StringWithMarkup/92/Markup/1/Type,string,Superscript
/Record/Reference/0/ReferenceNumber,number,1
/Record/Reference/0/SourceName,string,PubChem
/Record/Reference/0/SourceID,string,PubChem
/Record/Reference/0/Description,string,Data deposited in or computed by PubChem
/Record/Reference/0/URL,string,https://pubchem.ncbi.nlm.nih.gov
/Record/Reference/1/ReferenceNumber,number,2
/Record/Reference/1/SourceName,string,"Atomic Mass Data Center (AMDC), International Atomic Energy Agency (IAEA)"
/Record/Reference/1/SourceID,string,e77
/Record/Reference/1/Name,string,Ir
/Record/Reference/1/Description,string,The half-life and atomic mass data was provided by the Atomic Mass Data Center at the International Atomic Energy Agency.
/Record/Reference/1/URL,string,https://www-nds.iaea.org/amdc/
/Record/Reference/1/LicenseURL,string,https://www-nds.iaea.org/disclaimer.html
/Record/Reference/1/ANID,number,6590304
/Record/Reference/2/ReferenceNumber,number,3
/Record/Reference/2/SourceName,string,IUPAC Commission on Isotopic Abundances and Atomic Weights (CIAAW)
/Record/Reference/2/SourceID,string,a77
/Record/Reference/2/Name,string,Iridium
/Record/Reference/2/Description,string,Element data are cited from the Atomic weights of the elements (an IUPAC Technical Report). The IUPAC periodic table of elements can be found at https://iupac.org/what-we-do/periodic-table-of-elements/. Additional information can be found within IUPAC publication doi:10.1515/pac-2015-0703 Copyright © 2020 International Union of Pure and Applied Chemistry.
/Record/Reference/2/URL,string,https://www.ciaaw.org/iridium.htm
/Record/Reference/2/LicenseURL,string,http://www.ciaaw.org/bylaws.htm
/Record/Reference/2/ANID,number,2292458
/Record/Reference/3/ReferenceNumber,number,5
/Record/Reference/3/SourceName,string,"Jefferson Lab, U.S. Department of Energy"
/Record/Reference/3/SourceID,string,jlab77
/Record/Reference/3/Name,string,Iridium
/Record/Reference/3/Description,string,"Thomas Jefferson National Accelerator Facility (Jefferson Lab) is one of 17 national laboratories funded by the U.S. Department of Energy. The lab's primary mission is to conduct basic research of the atom's nucleus using the lab's unique particle accelerator, known as the Continuous Electron Beam Accelerator Facility (CEBAF). For more information visit https://www.jlab.org/"
/Record/Reference/3/URL,string,https://education.jlab.org/itselemental/ele077.html
/Record/Reference/3/LicenseNote,string,Please see citation and linking information: https://education.jlab.org/faq/index.html
/Record/Reference/3/LicenseURL,string,https://www.jlab.org/privacy-and-security-notice
/Record/Reference/3/ANID,number,507139
/Record/Reference/4/ReferenceNumber,number,6
/Record/Reference/4/SourceName,string,"Los Alamos National Laboratory, U.S. Department of Energy"
/Record/Reference/4/SourceID,string,lanl77
/Record/Reference/4/Name,string,Iridium
/Record/Reference/4/Description,string,"The periodic table at the LANL (Los Alamos National Laboratory) contains basic element information together with the history, source, properties, use, handling and more. The provenance data may be found from the link under the source name."
/Record/Reference/4/URL,string,https://periodic.lanl.gov/77.shtml
/Record/Reference/4/ANID,number,507257
/Record/Reference/5/ReferenceNumber,number,7
/Record/Reference/5/SourceName,string,NIST Physical Measurement Laboratory
/Record/Reference/5/SourceID,string,e77
/Record/Reference/5/Name,string,Iridium
/Record/Reference/5/Description,string,"The periodic table contains NIST's critically-evaluated data on atomic properties of the elements. The provenance data that include data for atomic spectroscopy, X-ray and gamma ray, radiation dosimetry, nuclear physics, and condensed matter physics may be found from the link under the source name. Ref: https://www.nist.gov/pml/atomic-spectra-database"
/Record/Reference/5/URL,string,https://physics.nist.gov/cgi-bin/Elements/elInfo.pl?element=77
/Record/Reference/5/LicenseURL,string,https://www.nist.gov/pml/database-disclaimer
/Record/Reference/5/ANID,number,2292694
/Record/Reference/6/ReferenceNumber,number,4
/Record/Reference/6/SourceName,string,IUPAC Periodic Table of the Elements and Isotopes (IPTEI)
/Record/Reference/6/SourceID,string,p77
/Record/Reference/6/Description,string,"The information are cited from Pure Appl. Chem. 2018; 90(12): 1833-2092, https://doi.org/10.1515/pac-2015-0703."
/Record/Reference/6/URL,string,https://doi.org/10.1515/pac-2015-0703
/Record/Reference/6/LicenseNote,string,"Copyright (c) 2020 International Union of Pure and Applied Chemistry.

The International Union of Pure and Applied Chemistry (IUPAC) contribution within Pubchem is provided under a CC-BY-NC-ND 4.0 license, unless otherwise stated."
/Record/Reference/6/LicenseURL,string,https://creativecommons.org/licenses/by-nc-nd/4.0/
/Record/Reference/6/ANID,number,13296482
/Record/Reference/7/ReferenceNumber,number,9
/Record/Reference/7/SourceName,string,PubChem Elements
/Record/Reference/7/SourceID,string,ep_77
/Record/Reference/7/Name,string,Iridium
/Record/Reference/7/Description,string,The element property data was retrieved from publications.
/Record/Reference/7/LicenseURL,string,https://www.nlm.nih.gov/copyright.html
/Record/Reference/7/ANID,number,24834190
/Record/Reference/8/ReferenceNumber,number,8
/Record/Reference/8/SourceName,string,PubChem Elements
/Record/Reference/8/SourceID,string,ef_77
/Record/Reference/8/Name,string,Iridium
/Record/Reference/8/Description,string,This section provides all form of data related to element Iridium.
/Record/Reference/8/LicenseURL,string,https://www.nlm.nih.gov/copyright.html
/Record/Reference/8/ANID,number,24834005
