path,type,value
/Record/RecordType,string,AtomicNumber
/Record/RecordNumber,number,91
/Record/RecordTitle,string,Protactinium
/Record/Section/0/TOCHeading,string,Identifiers
/Record/Section/0/Description,string,"Identifiers for this element, including element name, element symbol, InChI string, and InChIKey."
/Record/Section/0/Section/0/TOCHeading,string,Element Name
/Record/Section/0/Section/0/Description,string,"The formal, standard name for a given element, originating from factors such as common usage and the person or place involved in its discovery. Element, also called chemical element, refers to a species of atom; all varieties of atoms with the same number of protons in the nucleus (but possibly a different number of neutrons) are considered to be the same element."
/Record/Section/0/Section/0/Information/0/ReferenceNumber,number,1
/Record/Section/0/Section/0/Information/0/Name,string,Element Name
/Record/Section/0/Section/0/Information/0/Value/StringWithMarkup/0/String,string,Protactinium
/Record/Section/0/Section/0/Information/1/ReferenceNumber,number,3
/Record/Section/0/Section/0/Information/1/Name,string,Element Name
/Record/Section/0/Section/0/Information/1/Value/StringWithMarkup/0/String,string,Protactinium
/Record/Section/0/Section/1/TOCHeading,string,Element Symbol
/Record/Section/0/Section/1/Description,string,"Element symbol, also called atomic symbol, typically consists of one or two letters from the Latin alphabet derived from the element name in one of several languages."
/Record/Section/0/Section/1/Information/0/ReferenceNumber,number,1
/Record/Section/0/Section/1/Information/0/Name,string,Element Symbol
/Record/Section/0/Section/1/Information/0/Value/StringWithMarkup/0/String,string,Pa
/Record/Section/0/Section/1/Information/1/ReferenceNumber,number,3
/Record/Section/0/Section/1/Information/1/Name,string,Element Symbol
/Record/Section/0/Section/1/Information/1/Value/StringWithMarkup/0/String,string,Pa
/Record/Section/0/Section/2/TOCHeading,string,InChI
/Record/Section/0/Section/2/Description,string,"The International Chemical Identifier (InChI) is a computed, non-proprietary identifier for a chemical structure.  The InChI is an International Union of Pure and Applied Chemistry (IUPAC) standard."
/Record/Section/0/Section/2/URL,string,https://iupac.org/who-we-are/divisions/division-details/inchi/
/Record/Section/0/Section/2/Information/0/ReferenceNumber,number,1
/Record/Section/0/Section/2/Information/0/Name,string,InChI
/Record/Section/0/Section/2/Information/0/Value/StringWithMarkup/0/String,string,InChI=1S/Pa
/Record/Section/0/Section/3/TOCHeading,string,InChIKey
/Record/Section/0/Section/3/Description,string,"An InChIKey is a 27-character hashed code derived from an InChI.  The International Chemical Identifier (InChI) is a computed, non-proprietary identifier for a chemical structure.  The InChI is an International Union of Pure and Applied Chemistry (IUPAC) standard."
/Record/Section/0/Section/3/URL,string,https://iupac.org/who-we-are/divisions/division-details/inchi/
/Record/Section/0/Section/3/Information/0/ReferenceNumber,number,1
/Record/Section/0/Section/3/Information/0/Name,string,InChIKey
/Record/Section/0/Section/3/Information/0/Value/StringWithMarkup/0/String,string,XLROVYAPLOFLNU-UHFFFAOYSA-N
/Record/Section/1/TOCHeading,string,Properties
/Record/Section/1/Description,string,"Characteristics of this element, such as atomic number, atomic mass, density, melting point, boiling point and so on."
/Record/Section/1/Section/0/TOCHeading,string,Atomic Weight
/Record/Section/1/Section/0/Description,string,"Also called relative atomic mass, is the ratio of the average mass of the atom to the unified atomic mass unit, defined as one twelfth of the mass of a carbon-12 atom in its ground state and used to express masses of atomic particles, u=1.660 5402(10) * 10**(-27) kg. The Standard atomic weights refer to recommended values of relative atomic masses of the elements revised biennially by the IUPAC Commission on Atomic Weights and Isotopic Abundances and applicable to elements in any normal sample with a high level of confidence. The number in the parenthesis refers to an uncertainty when exists. The unit of atomic weight is the dalton or unified atomic mass unit (symbol: Da or u)."
/Record/Section/1/Section/0/Information/0/ReferenceNumber,number,3
/Record/Section/1/Section/0/Information/0/Name,string,Atomic Weight
/Record/Section/1/Section/0/Information/0/Value/StringWithMarkup/0/String,string,231.035 88(1)
/Record/Section/1/Section/0/Information/1/ReferenceNumber,number,5
/Record/Section/1/Section/0/Information/1/Value/StringWithMarkup/0/String,string,231.03588
/Record/Section/1/Section/0/Information/2/ReferenceNumber,number,6
/Record/Section/1/Section/0/Information/2/Value/StringWithMarkup/0/String,string,231
/Record/Section/1/Section/0/Information/3/ReferenceNumber,number,7
/Record/Section/1/Section/0/Information/3/Value/StringWithMarkup/0/String,string,231.03588(2)
/Record/Section/1/Section/1/TOCHeading,string,Electron Configuration
/Record/Section/1/Section/1/Description,string,"The electron configuration refers a distribution of the electrons of an atom or a molecular entity over a set of one-electron wavefunctions (called orbitals), according to the Pauli principle. From one configuration several states with different multiplicities may result."
/Record/Section/1/Section/1/URL,string,https://chem.libretexts.org/Courses/Sacramento_City_College/SCC%3A_Chem_420_-_Organic_Chemistry_I/Text/01%3A_Introduction_and_Review/1.04%3A_Electron_Configurations
/Record/Section/1/Section/1/Information/0/ReferenceNumber,number,6
/Record/Section/1/Section/1/Information/0/Value/StringWithMarkup/0/String,string,[Rn]7s25f26d1
/Record/Section/1/Section/1/Information/0/Value/StringWithMarkup/0/Markup/0/Start,number,6
/Record/Section/1/Section/1/Information/0/Value/StringWithMarkup/0/Markup/0/Length,number,1
/Record/Section/1/Section/1/Information/0/Value/StringWithMarkup/0/Markup/0/Type,string,Superscript
/Record/Section/1/Section/1/Information/0/Value/StringWithMarkup/0/Markup/1/Start,number,9
/Record/Section/1/Section/1/Information/0/Value/StringWithMarkup/0/Markup/1/Length,number,1
/Record/Section/1/Section/1/Information/0/Value/StringWithMarkup/0/Markup/1/Type,string,Superscript
/Record/Section/1/Section/1/Information/0/Value/StringWithMarkup/0/Markup/2/Start,number,12
/Record/Section/1/Section/1/Information/0/Value/StringWithMarkup/0/Markup/2/Length,number,1
/Record/Section/1/Section/1/Information/0/Value/StringWithMarkup/0/Markup/2/Type,string,Superscript
/Record/Section/1/Section/2/TOCHeading,string,Atomic Radius
/Record/Section/1/Section/2/Description,string,"The atomic radius of a chemical element is a measure of the size of its atom, usually, the distance from the center of the nucleus to the outermost isolated electron.  Because an atom does not have a discrete boundary, there are various non-equivalent definitions of atomic radius, such as Van der Waals radius and covalent radius."
/Record/Section/1/Section/2/Information/0/ReferenceNumber,number,6
/Record/Section/1/Section/2/Information/0/Name,string,Van der Waals Atomic Radius
/Record/Section/1/Section/2/Information/0/Value/StringWithMarkup/0/String,string,243 pm (Van der Waals)
/Record/Section/1/Section/2/Information/1/ReferenceNumber,number,9
/Record/Section/1/Section/2/Information/1/Name,string,Empirical Atomic Radius
/Record/Section/1/Section/2/Information/1/Reference/0,string,"J.C. Slater, J Chem Phys, 1964, 41(10), 3199-3205. DOI:10.1063/1.1725697"
/Record/Section/1/Section/2/Information/1/ExtendedReference/0/Citation,string,"J.C. Slater, J Chem Phys, 1964, 41(10), 3199-3205. DOI:10.1063/1.1725697"
/Record/Section/1/Section/2/Information/1/Value/Number/0,number,180
/Record/Section/1/Section/2/Information/1/Value/Unit,string,pm (Empirical)
/Record/Section/1/Section/2/Information/2/ReferenceNumber,number,9
/Record/Section/1/Section/2/Information/2/Name,string,Covalent Atomic Radius
/Record/Section/1/Section/2/Information/2/Reference/0,string,"B. Cordero, V. Gómez, A.E. Platero-Prats, M. Revés, J. Echeverría, E. Cremades, F. Barragán, S. Alvarez, Dalton Trans. 2008, 21, 2832-2838. DOI:10.1039/b801115j PMID:18478144."
/Record/Section/1/Section/2/Information/2/ExtendedReference/0/Citation,string,"B. Cordero, V. Gómez, A.E. Platero-Prats, M. Revés, J. Echeverría, E. Cremades, F. Barragán, S. Alvarez, Dalton Trans. 2008, 21, 2832-2838. DOI:10.1039/b801115j PMID:18478144."
/Record/Section/1/Section/2/Information/2/Value/StringWithMarkup/0/String,string,200 pm (Covalent)
/Record/Section/1/Section/3/TOCHeading,string,Oxidation States
/Record/Section/1/Section/3/Description,string,"The oxidation state(s) that this element commonly has in a compound.  The oxidation state of an atom is defined as the hypothetical charge that would be held by that atom if all of its bonds to other atoms were completely ionic in nature. For example, the oxidation state of carbon in CO2 would be +4 since the hypothetical charge held by the carbon atom if both of the carbon-oxygen double bonds were completely ionic would be equal to +4 (each oxygen atom would hold a charge of -2 since oxygen is more electronegative than carbon)."
/Record/Section/1/Section/3/URL,string,https://chem.libretexts.org/Bookshelves/General_Chemistry/Map%3A_Chemistry_-_The_Central_Science_(Brown_et_al.)/20%3A_Electrochemistry/20.01%3A_Oxidation_States_and_Redox_Reactions
/Record/Section/1/Section/3/Information/0/ReferenceNumber,number,5
/Record/Section/1/Section/3/Information/0/Value/StringWithMarkup/0/String,string,"+5, +4"
/Record/Section/1/Section/3/Information/1/ReferenceNumber,number,6
/Record/Section/1/Section/3/Information/1/Value/StringWithMarkup/0/String,string,"2, 3, 4, 5"
/Record/Section/1/Section/4/TOCHeading,string,Ground Level
/Record/Section/1/Section/4/Description,string,Also called ground-state level. The ground state electron configuration is the arrangement of electrons around the nucleus of an atom with lower energy levels.
/Record/Section/1/Section/4/Information/0/ReferenceNumber,number,7
/Record/Section/1/Section/4/Information/0/Value/StringWithMarkup/0/String,string,4K11/2
/Record/Section/1/Section/4/Information/0/Value/StringWithMarkup/0/Markup/0/Start,number,0
/Record/Section/1/Section/4/Information/0/Value/StringWithMarkup/0/Markup/0/Length,number,1
/Record/Section/1/Section/4/Information/0/Value/StringWithMarkup/0/Markup/0/Type,string,Superscript
/Record/Section/1/Section/4/Information/0/Value/StringWithMarkup/0/Markup/1/Start,number,2
/Record/Section/1/Section/4/Information/0/Value/StringWithMarkup/0/Markup/1/Length,number,4
/Record/Section/1/Section/4/Information/0/Value/StringWithMarkup/0/Markup/1/Type,string,Subscript
/Record/Section/1/Section/5/TOCHeading,string,Ionization Energy
/Record/Section/1/Section/5/Description,string,"Ionization energy, also called ionization potential, is the amount of energy required to remove an electron from an isolated atom or molecule."
/Record/Section/1/Section/5/URL,string,https://www.britannica.com/science/ionization-energy
/Record/Section/1/Section/5/Information/0/ReferenceNumber,number,5
/Record/Section/1/Section/5/Information/0/Value/StringWithMarkup/0/String,string,5.89 eV
/Record/Section/1/Section/5/Information/1/ReferenceNumber,number,7
/Record/Section/1/Section/5/Information/1/Reference/0,string,"Revised Ionization Energies of the Neutral Actinides, J. Sugar, J. Chem. Phys. 60, 4103 (1974) DOI:10.1063/1.1680874"
/Record/Section/1/Section/5/Information/1/ExtendedReference/0/Citation,string,"Revised Ionization Energies of the Neutral Actinides, J. Sugar, J. Chem. Phys. 60, 4103 (1974) DOI:10.1063/1.1680874"
/Record/Section/1/Section/5/Information/1/Value/StringWithMarkup/0/String,string,5.89 ± 0.12 eV  (The level was determined by interpolation or extrapolation of known experimental values or by semiempirical calculation; its absolutre accuracy is reflected in the number of significant figures assigned to it.)
/Record/Section/1/Section/6/TOCHeading,string,Electronegativity
/Record/Section/1/Section/6/Description,string,Electronegativity is a measure of the tendency of an atom to attract a bonding pair of electrons.
/Record/Section/1/Section/6/URL,string,https://chem.libretexts.org/Bookshelves/Physical_and_Theoretical_Chemistry_Textbook_Maps/Supplemental_Modules_(Physical_and_Theoretical_Chemistry)/Physical_Properties_of_Matter/Atomic_and_Molecular_Properties/Electronegativity
/Record/Section/1/Section/6/Information/0/ReferenceNumber,number,9
/Record/Section/1/Section/6/Information/0/Name,string,Pauling Scale Electronegativity
/Record/Section/1/Section/6/Information/0/Reference/0,string,"A.L. Allred, J. Inorg. Nucl. Chem., 1961, 17(3-4), 215-221. DOI:10.1016/0022-1902(61)80142-5"
/Record/Section/1/Section/6/Information/0/ExtendedReference/0/Citation,string,"A.L. Allred, J. Inorg. Nucl. Chem., 1961, 17(3-4), 215-221. DOI:10.1016/0022-1902(61)80142-5"
/Record/Section/1/Section/6/Information/0/Value/Number/0,number,1.5
/Record/Section/1/Section/6/Information/0/Value/Unit,string,(Pauling Scale)
/Record/Section/1/Section/7/TOCHeading,string,Atomic Spectra
/Record/Section/1/Section/7/Description,string,The spectrum of the electromagnetic radiation emitted or absorbed by an electron during transitions between different energy levels within an atom.
/Record/Section/1/Section/7/Information/0/ReferenceNumber,number,7
/Record/Section/1/Section/7/Information/0/URL,string,https://physics.nist.gov/cgi-bin/ASD/lines_hold.pl?el=Pa
/Record/Section/1/Section/7/Information/0/Value/StringWithMarkup/0/String,string,Lines Holdings
/Record/Section/1/Section/7/Information/1/ReferenceNumber,number,7
/Record/Section/1/Section/7/Information/1/URL,string,https://physics.nist.gov/cgi-bin/ASD/levels_hold.pl?el=Pa
/Record/Section/1/Section/7/Information/1/Value/StringWithMarkup/0/String,string,Levels Holdings
/Record/Section/1/Section/8/TOCHeading,string,Physical Description
/Record/Section/1/Section/8/Description,string,"The appearance or features of this element, including color, odor, state, taste and more in general."
/Record/Section/1/Section/8/Information/0/ReferenceNumber,number,5
/Record/Section/1/Section/8/Information/0/Value/StringWithMarkup/0/String,string,Solid
/Record/Section/1/Section/9/TOCHeading,string,Element Classification
/Record/Section/1/Section/9/Description,string,"Classification according to the element's chemical and physical properties, and location within the periodic table."
/Record/Section/1/Section/9/Information/0/ReferenceNumber,number,5
/Record/Section/1/Section/9/Information/0/Value/StringWithMarkup/0/String,string,Metal
/Record/Section/1/Section/10/TOCHeading,string,Element Period Number
/Record/Section/1/Section/10/Description,string,The element period number refers to a horizontal row of the periodic table. The periodic table has 7 periods.
/Record/Section/1/Section/10/Information/0/ReferenceNumber,number,5
/Record/Section/1/Section/10/Information/0/Value/StringWithMarkup/0/String,string,7
/Record/Section/1/Section/11/TOCHeading,string,Element Group Number
/Record/Section/1/Section/11/Description,string,Element group refers to a set of chemical elements in the same vertical column of the periodic table
/Record/Section/1/Section/11/Information/0/ReferenceNumber,number,5
/Record/Section/1/Section/11/Information/0/Value/StringWithMarkup/0/String,string,- Actinide
/Record/Section/1/Section/12/TOCHeading,string,Density
/Record/Section/1/Section/12/Description,string,This section provides information on the density of an element. It is the mass of a unit volume of the element and commonly expressed in units of kg/m3 or g/cm3.
/Record/Section/1/Section/12/URL,string,https://chem.libretexts.org/Bookshelves/Introductory_Chemistry/Map%3A_Fundamentals_of_General_Organic_and_Biological_Chemistry_(McMurry_et_al.)/01%3A_Matter_and_Measurements/1.12%3A_Density_and_Specific_Gravity
/Record/Section/1/Section/12/Information/0/ReferenceNumber,number,5
/Record/Section/1/Section/12/Information/0/Value/StringWithMarkup/0/String,string,15.37 grams per cubic centimeter
/Record/Section/1/Section/13/TOCHeading,string,Melting Point
/Record/Section/1/Section/13/Description,string,"This section provides the melting point and/or freezing point. The melting point is the temperature at which a substance changes state from solid to liquid at atmospheric pressure. When considered as the temperature of the reverse change (from liquid to solid), it is referred to as the freezing point."
/Record/Section/1/Section/13/URL,string,https://chem.libretexts.org/Bookshelves/Organic_Chemistry/Organic_Chemistry_Lab_Techniques_(Nichols)/06%3A_Miscellaneous_Techniques/6.01%3A_Melting_Point
/Record/Section/1/Section/13/Information/0/ReferenceNumber,number,5
/Record/Section/1/Section/13/Information/0/Value/StringWithMarkup/0/String,string,1845 K (1572°C or 2862°F)
/Record/Section/1/Section/13/Information/1/ReferenceNumber,number,6
/Record/Section/1/Section/13/Information/1/Value/StringWithMarkup/0/String,string,1568°C
/Record/Section/1/Section/14/TOCHeading,string,Boiling Point
/Record/Section/1/Section/14/Description,string,The temperature at which this element changes state from liquid to gas at a given atmospheric pressure.
/Record/Section/1/Section/14/URL,string,https://chem.libretexts.org/Bookshelves/Organic_Chemistry/Organic_Chemistry_Lab_Techniques_(Nichols)/06%3A_Miscellaneous_Techniques/6.02%3A_Boiling_Point
/Record/Section/1/Section/14/Information/0/ReferenceNumber,number,6
/Record/Section/1/Section/14/Information/0/Value/StringWithMarkup/0/String,string,4027°C
/Record/Section/1/Section/15/TOCHeading,string,Estimated Crustal Abundance
/Record/Section/1/Section/15/Description,string,The estimated element abundance in the earth's crust.
/Record/Section/1/Section/15/Information/0/ReferenceNumber,number,5
/Record/Section/1/Section/15/Information/0/Value/StringWithMarkup/0/String,string,1.4×10-6 milligrams per kilogram
/Record/Section/1/Section/15/Information/0/Value/StringWithMarkup/0/Markup/0/Start,number,6
/Record/Section/1/Section/15/Information/0/Value/StringWithMarkup/0/Markup/0/Length,number,2
/Record/Section/1/Section/15/Information/0/Value/StringWithMarkup/0/Markup/0/Type,string,Superscript
/Record/Section/1/Section/16/TOCHeading,string,Estimated Oceanic Abundance
/Record/Section/1/Section/16/Description,string,The estimated element abundance in the earth's oceans.
/Record/Section/1/Section/16/Information/0/ReferenceNumber,number,5
/Record/Section/1/Section/16/Information/0/Value/StringWithMarkup/0/String,string,5×10-11 milligrams per liter
/Record/Section/1/Section/16/Information/0/Value/StringWithMarkup/0/Markup/0/Start,number,4
/Record/Section/1/Section/16/Information/0/Value/StringWithMarkup/0/Markup/0/Length,number,3
/Record/Section/1/Section/16/Information/0/Value/StringWithMarkup/0/Markup/0/Type,string,Superscript
/Record/Section/2/TOCHeading,string,History
/Record/Section/2/Description,string,The history of the discovery and use of this element.
/Record/Section/2/Information/0/ReferenceNumber,number,3
/Record/Section/2/Information/0/Name,string,History
/Record/Section/2/Information/0/Value/StringWithMarkup/0/String,string,"The name derives from the Greek protos (first) for preceding the element actinium, because its most common isotope (231Pa) decays to 227Ac by loss of an alpha particle."
/Record/Section/2/Information/0/Value/StringWithMarkup/0/Markup/0/Start,number,32
/Record/Section/2/Information/0/Value/StringWithMarkup/0/Markup/0/Length,number,6
/Record/Section/2/Information/0/Value/StringWithMarkup/0/Markup/0/Type,string,Italics
/Record/Section/2/Information/0/Value/StringWithMarkup/0/Markup/1/Start,number,116
/Record/Section/2/Information/0/Value/StringWithMarkup/0/Markup/1/Length,number,3
/Record/Section/2/Information/0/Value/StringWithMarkup/0/Markup/1/Type,string,Superscript
/Record/Section/2/Information/0/Value/StringWithMarkup/0/Markup/2/Start,number,133
/Record/Section/2/Information/0/Value/StringWithMarkup/0/Markup/2/Length,number,3
/Record/Section/2/Information/0/Value/StringWithMarkup/0/Markup/2/Type,string,Superscript
/Record/Section/2/Information/0/Value/StringWithMarkup/1/String,string,"In 1913 the German chemists K. Fajans and O. H. Gohring identified the first isotope of protactinium, 234Pa, and proposed the name brevium because of that isotope's short half-life of 6.7 h. 231Pa, with a longer half-life of 3.25(1)×104 a, was identified in 1918 by the German chemist O. Hahn and the Austrian physicist L. Meitner; and, independently in Britain, by F. Soddy and J. A. Cranston."
/Record/Section/2/Information/0/Value/StringWithMarkup/1/Markup/0/Start,number,102
/Record/Section/2/Information/0/Value/StringWithMarkup/1/Markup/0/Length,number,3
/Record/Section/2/Information/0/Value/StringWithMarkup/1/Markup/0/Type,string,Superscript
/Record/Section/2/Information/0/Value/StringWithMarkup/1/Markup/1/Start,number,131
/Record/Section/2/Information/0/Value/StringWithMarkup/1/Markup/1/Length,number,7
/Record/Section/2/Information/0/Value/StringWithMarkup/1/Markup/1/Type,string,Italics
/Record/Section/2/Information/0/Value/StringWithMarkup/1/Markup/2/Start,number,191
/Record/Section/2/Information/0/Value/StringWithMarkup/1/Markup/2/Length,number,3
/Record/Section/2/Information/0/Value/StringWithMarkup/1/Markup/2/Type,string,Superscript
/Record/Section/2/Information/0/Value/StringWithMarkup/1/Markup/3/Start,number,235
/Record/Section/2/Information/0/Value/StringWithMarkup/1/Markup/3/Length,number,1
/Record/Section/2/Information/0/Value/StringWithMarkup/1/Markup/3/Type,string,Superscript
/Record/Section/2/Information/1/ReferenceNumber,number,5
/Record/Section/2/Information/1/Value/StringWithMarkup/0/String,string,"Protactinium was first identified by Kasimir Fajans and O.H. Göhring in 1913 while studying uranium's decay chain. The particular isotope they found, protactinium-234m, has a half-life of about 1.17 minutes. They named the element brevium, meaning brief, and then continued with their studies. Protactinium's existence was confirmed in 1918 when another isotope, protactinium-231, was independently discovered and studied by two groups of scientists, Otto Hahn and Lise Meitner of Germany and Frederick Soddy and John Cranston of Great Britain. Protactinium was first isolated by Aristid V. Grosse in 1934. Protactinium is a rare, poisonous and expensive element that is present in uranium ores in very small amounts. In 1961, the Great Britain Atomic Energy Authority was able to produce 125 grams of 99.9% pure protactinium, although they had to process about 55,000 kilograms of ore and spend about $500,000 to get it."
/Record/Section/2/Information/1/Value/StringWithMarkup/0/Markup/0/Start,number,166
/Record/Section/2/Information/1/Value/StringWithMarkup/0/Markup/0/Length,number,1
/Record/Section/2/Information/1/Value/StringWithMarkup/0/Markup/0/Type,string,Superscript
/Record/Section/2/Information/1/Value/StringWithMarkup/1/String,string,"Protactinium's most stable isotope, protactinium-231, has a half-life of about 32,760 years. It decays into actinium-227 through alpha decay."
/Record/Section/2/Information/2/ReferenceNumber,number,6
/Record/Section/2/Information/2/Value/StringWithMarkup/0/String,string,"The name ""protactinium"" comes from adding the Greek protos meaning first, before the word ""actinium."" In 1871, Dmitri Mendeleevpredicted the existence of an element between thorium and uranium. In 1900, William Crookes isolated protactinium from uraniu. It was an intensely radioactive material, however, he could not characterize it as a new chemical element and thus named it uranium-X. In 1913 the first isotope of element 91, 234Pa, was discovered by K. Fajans and O.H. Gohring. It was a very short-lived member of the naturally occurring 238U decay series and as such they named it ""brevium."" In 1917/18, two groups of scientists, Otto Hahn and Lise Meitner of Germany and Frederick Soddy and John Cranston of Great Britain, independently discovered another isotope of protactinium, 231Pa having much longer half-life of about 32,000 years. The name was changed to proto-actinium as being more consistent with the longer-lived characteristics of the most abundant isotope. In 1927, Grosse prepared 2 mg of a white powder, which was shown to be Pa2O5. In 1934 he isolated the element from 0.1 g of pure Pa2O5 by two methods, one of which was by converting the oxide to an iodide and ""cracking"" it in a high vacuum by an electrically heated filament by the reaction: 2PaI5 > 2Pa + 5I2. In 1949, the name protoactinium was shortened by the IUPAC who officially named it protactinium and confirmed Hahn and Meitner as co-discoverers. The new name meant ""parent of actinium"" and reflected the fact that actinium is a decay product of the radioactive decay of protactinium."
/Record/Section/2/Information/2/Value/StringWithMarkup/0/Markup/0/Start,number,430
/Record/Section/2/Information/2/Value/StringWithMarkup/0/Markup/0/Length,number,3
/Record/Section/2/Information/2/Value/StringWithMarkup/0/Markup/0/Type,string,Superscript
/Record/Section/2/Information/2/Value/StringWithMarkup/0/Markup/1/Start,number,543
/Record/Section/2/Information/2/Value/StringWithMarkup/0/Markup/1/Length,number,3
/Record/Section/2/Information/2/Value/StringWithMarkup/0/Markup/1/Type,string,Superscript
/Record/Section/2/Information/2/Value/StringWithMarkup/0/Markup/2/Start,number,788
/Record/Section/2/Information/2/Value/StringWithMarkup/0/Markup/2/Length,number,3
/Record/Section/2/Information/2/Value/StringWithMarkup/0/Markup/2/Type,string,Superscript
/Record/Section/2/Information/2/Value/StringWithMarkup/0/Markup/3/Start,number,1051
/Record/Section/2/Information/2/Value/StringWithMarkup/0/Markup/3/Length,number,1
/Record/Section/2/Information/2/Value/StringWithMarkup/0/Markup/3/Type,string,Subscript
/Record/Section/2/Information/2/Value/StringWithMarkup/0/Markup/4/Start,number,1053
/Record/Section/2/Information/2/Value/StringWithMarkup/0/Markup/4/Length,number,1
/Record/Section/2/Information/2/Value/StringWithMarkup/0/Markup/4/Type,string,Subscript
/Record/Section/2/Information/2/Value/StringWithMarkup/0/Markup/5/Start,number,1109
/Record/Section/2/Information/2/Value/StringWithMarkup/0/Markup/5/Length,number,1
/Record/Section/2/Information/2/Value/StringWithMarkup/0/Markup/5/Type,string,Subscript
/Record/Section/2/Information/2/Value/StringWithMarkup/0/Markup/6/Start,number,1111
/Record/Section/2/Information/2/Value/StringWithMarkup/0/Markup/6/Length,number,1
/Record/Section/2/Information/2/Value/StringWithMarkup/0/Markup/6/Type,string,Subscript
/Record/Section/2/Information/2/Value/StringWithMarkup/0/Markup/7/Start,number,1274
/Record/Section/2/Information/2/Value/StringWithMarkup/0/Markup/7/Length,number,1
/Record/Section/2/Information/2/Value/StringWithMarkup/0/Markup/7/Type,string,Subscript
/Record/Section/2/Information/2/Value/StringWithMarkup/0/Markup/8/Start,number,1286
/Record/Section/2/Information/2/Value/StringWithMarkup/0/Markup/8/Length,number,1
/Record/Section/2/Information/2/Value/StringWithMarkup/0/Markup/8/Type,string,Subscript
/Record/Section/2/Section/0/TOCHeading,string,Historical Atomic Weights
/Record/Section/2/Section/0/Description,string,This section provides the historical atomic weights. The atomic weight shown in brackets means the value range while others shown with uncertainty in parenthesis.
/Record/Section/2/Section/0/DisplayControls/CreateTable/FromInformationIn,string,ThisSection
/Record/Section/2/Section/0/DisplayControls/CreateTable/NumberOfColumns,number,3
/Record/Section/2/Section/0/DisplayControls/CreateTable/ColumnsFromNamedLists/Name/0,string,Year
/Record/Section/2/Section/0/DisplayControls/CreateTable/ColumnsFromNamedLists/Name/1,string,Atomic Weight (uncertainty) [u]
/Record/Section/2/Section/0/DisplayControls/CreateTable/ColumnsFromNamedLists/Name/2,string,Reference
/Record/Section/2/Section/0/DisplayControls/CreateTable/ColumnsFromNamedLists/UseNamesAsColumnHeadings,boolean,true
/Record/Section/2/Section/0/Information/0/ReferenceNumber,number,3
/Record/Section/2/Section/0/Information/0/Name,string,Year
/Record/Section/2/Section/0/Information/0/Value/StringWithMarkup/0/String,string,2017
/Record/Section/2/Section/0/Information/0/Value/StringWithMarkup/1/String,string,1989
/Record/Section/2/Section/0/Information/0/Value/StringWithMarkup/2/String,string,1987
/Record/Section/2/Section/0/Information/0/Value/StringWithMarkup/3/String,string,1985
/Record/Section/2/Section/0/Information/0/Value/StringWithMarkup/4/String,string,1969
/Record/Section/2/Section/0/Information/0/Value/StringWithMarkup/5/String,string,1936
/Record/Section/2/Section/0/Information/1/ReferenceNumber,number,3
/Record/Section/2/Section/0/Information/1/Name,string,Atomic Weight (uncertainty)
/Record/Section/2/Section/0/Information/1/Value/StringWithMarkup/0/String,string,231.035 88(1)
/Record/Section/2/Section/0/Information/1/Value/StringWithMarkup/1/String,string,231.035 88(2)
/Record/Section/2/Section/0/Information/1/Value/StringWithMarkup/2/String,string,n/a
/Record/Section/2/Section/0/Information/1/Value/StringWithMarkup/3/String,string,231.035 88(2)
/Record/Section/2/Section/0/Information/1/Value/StringWithMarkup/4/String,string,231.0359(1)
/Record/Section/2/Section/0/Information/1/Value/StringWithMarkup/5/String,string,231
/Record/Section/2/Section/0/Information/2/ReferenceNumber,number,3
/Record/Section/2/Section/0/Information/2/Name,string,Reference
/Record/Section/2/Section/0/Information/2/Value/StringWithMarkup/0/String,string,doi:10.1515/pac-2019-0603
/Record/Section/2/Section/0/Information/2/Value/StringWithMarkup/0/Markup/0/Start,number,0
/Record/Section/2/Section/0/Information/2/Value/StringWithMarkup/0/Markup/0/Length,number,25
/Record/Section/2/Section/0/Information/2/Value/StringWithMarkup/0/Markup/0/URL,string,https://doi.org/10.1515/pac-2019-0603
/Record/Section/2/Section/0/Information/2/Value/StringWithMarkup/1/String,string,doi:10.1351/pac199163070975
/Record/Section/2/Section/0/Information/2/Value/StringWithMarkup/1/Markup/0/Start,number,0
/Record/Section/2/Section/0/Information/2/Value/StringWithMarkup/1/Markup/0/Length,number,27
/Record/Section/2/Section/0/Information/2/Value/StringWithMarkup/1/Markup/0/URL,string,https://doi.org/10.1351/pac199163070975
/Record/Section/2/Section/0/Information/2/Value/StringWithMarkup/2/String,string,doi:10.1351/pac198860060841
/Record/Section/2/Section/0/Information/2/Value/StringWithMarkup/2/Markup/0/Start,number,0
/Record/Section/2/Section/0/Information/2/Value/StringWithMarkup/2/Markup/0/Length,number,27
/Record/Section/2/Section/0/Information/2/Value/StringWithMarkup/2/Markup/0/URL,string,https://doi.org/10.1351/pac198860060841
/Record/Section/2/Section/0/Information/2/Value/StringWithMarkup/3/String,string,doi:10.1351/pac198658121677
/Record/Section/2/Section/0/Information/2/Value/StringWithMarkup/3/Markup/0/Start,number,0
/Record/Section/2/Section/0/Information/2/Value/StringWithMarkup/3/Markup/0/Length,number,27
/Record/Section/2/Section/0/Information/2/Value/StringWithMarkup/3/Markup/0/URL,string,https://doi.org/10.1351/pac198658121677
/Record/Section/2/Section/0/Information/2/Value/StringWithMarkup/4/String,string,doi:10.1351/pac197021010091
/Record/Section/2/Section/0/Information/2/Value/StringWithMarkup/4/Markup/0/Start,number,0
/Record/Section/2/Section/0/Information/2/Value/StringWithMarkup/4/Markup/0/Length,number,27
/Record/Section/2/Section/0/Information/2/Value/StringWithMarkup/4/Markup/0/URL,string,https://doi.org/10.1351/pac197021010091
/Record/Section/2/Section/0/Information/2/Value/StringWithMarkup/5/String,string,doi:10.1039/JR9370001893
/Record/Section/2/Section/0/Information/2/Value/StringWithMarkup/5/Markup/0/Start,number,0
/Record/Section/2/Section/0/Information/2/Value/StringWithMarkup/5/Markup/0/Length,number,24
/Record/Section/2/Section/0/Information/2/Value/StringWithMarkup/5/Markup/0/URL,string,https://doi.org/10.1039/JR9370001893
/Record/Section/2/Section/1/TOCHeading,string,Historical Isotopic Abundances
/Record/Section/2/Section/1/Description,string,This section provides the historical isotopic abundance information. The abundance value shown in brackets means the value range while others shown with uncertainty in parenthesis.
/Record/Section/2/Section/1/DisplayControls/CreateTable/FromInformationIn,string,ThisSection
/Record/Section/2/Section/1/DisplayControls/CreateTable/NumberOfColumns,number,4
/Record/Section/2/Section/1/DisplayControls/CreateTable/ColumnsFromNamedLists/Name/0,string,Year
/Record/Section/2/Section/1/DisplayControls/CreateTable/ColumnsFromNamedLists/Name/1,string,Isotope
/Record/Section/2/Section/1/DisplayControls/CreateTable/ColumnsFromNamedLists/Name/2,string,Abundance (uncertainty)
/Record/Section/2/Section/1/DisplayControls/CreateTable/ColumnsFromNamedLists/Name/3,string,Reference
/Record/Section/2/Section/1/DisplayControls/CreateTable/ColumnsFromNamedLists/UseNamesAsColumnHeadings,boolean,true
/Record/Section/2/Section/1/Information/0/ReferenceNumber,number,3
/Record/Section/2/Section/1/Information/0/Name,string,Year
/Record/Section/2/Section/1/Information/0/Value/StringWithMarkup/0/String,string,1989
/Record/Section/2/Section/1/Information/1/ReferenceNumber,number,3
/Record/Section/2/Section/1/Information/1/Name,string,Isotope
/Record/Section/2/Section/1/Information/1/Value/StringWithMarkup/0/String,string,231Pa
/Record/Section/2/Section/1/Information/1/Value/StringWithMarkup/0/Markup/0/Start,number,0
/Record/Section/2/Section/1/Information/1/Value/StringWithMarkup/0/Markup/0/Length,number,3
/Record/Section/2/Section/1/Information/1/Value/StringWithMarkup/0/Markup/0/Type,string,Superscript
/Record/Section/2/Section/1/Information/2/ReferenceNumber,number,3
/Record/Section/2/Section/1/Information/2/Name,string,Abundance (uncertainty)
/Record/Section/2/Section/1/Information/2/Value/StringWithMarkup/0/String,string,1
/Record/Section/2/Section/1/Information/3/ReferenceNumber,number,3
/Record/Section/2/Section/1/Information/3/Name,string,Reference
/Record/Section/2/Section/1/Information/3/Value/StringWithMarkup/0/String,string,doi:10.1351/pac199163070991
/Record/Section/2/Section/1/Information/3/Value/StringWithMarkup/0/Markup/0/Start,number,0
/Record/Section/2/Section/1/Information/3/Value/StringWithMarkup/0/Markup/0/Length,number,27
/Record/Section/2/Section/1/Information/3/Value/StringWithMarkup/0/Markup/0/URL,string,https://doi.org/10.1351/pac199163070991
/Record/Section/3/TOCHeading,string,Description
/Record/Section/3/Description,string,"A short description of this element, provided by authoritative sources."
/Record/Section/3/Information/0/ReferenceNumber,number,6
/Record/Section/3/Information/0/Value/StringWithMarkup/0/String,string,"Protactinium metal is a dense, silvery-gray material with a bright metallic luster which it retains for some time in air but it does readily react with oxygen, water vapor and inorganic acids to form various compounds. In solid compounds protactinium is most stable in the oxidation state +5, but it also exists in the +4, +3 and +2 oxidation states. In solution the +5 state rapidly hydrolyzes by combining with hydroxide ions to form soluble or insoluble hydroxy-oxide solids which have a tendency to stick to the surfaces of vessels in which it is contained. A number of protactinium compounds are known, some of which are colored. The element is superconductive below 1.4K."
/Record/Section/4/TOCHeading,string,Uses
/Record/Section/4/Description,string,Uses of this element in industry and other fields.
/Record/Section/4/Information/0/ReferenceNumber,number,5
/Record/Section/4/Information/0/Value/StringWithMarkup/0/String,string,"Due to its scarcity, high radioactivity and toxicity, there are currently no uses for protactinium outside of basic scientific research."
/Record/Section/4/Information/1/ReferenceNumber,number,6
/Record/Section/4/Information/1/Value/StringWithMarkup/0/String,string,"Because of its scarcity, high radioactivity and high toxicity, there are currently no practical uses for protactinium other than that of basic scientific research, and for this purpose, protactinium is generally extracted from spent nuclear fuel."
/Record/Section/5/TOCHeading,string,Sources
/Record/Section/5/Description,string,Sources of this element.
/Record/Section/5/Information/0/ReferenceNumber,number,6
/Record/Section/5/Information/0/Value/StringWithMarkup/0/String,string,"Protactinium is one of the rarest and most expensive naturally occurring elements. The average concentrations of protactinium in the Earth's crust is typically on the order of a few parts per trillion, but may reach up to a few parts per million in some uraninite ore deposits. The element occurs in pitchblende to the extent of about 1 part 231Pa to 10 million parts of ore. Ores from Zaire have about 3 ppm. In 1959 and 1961, it was announced that the Great Britain Atomic Energy Authority extracted by a 12-stage process 125 g of 99.9% protactinium, the world's only stock of the metal for many years following. The extraction was made from 60 tons of waste material at a cost of about $500,000."
/Record/Section/5/Information/0/Value/StringWithMarkup/0/Markup/0/Start,number,342
/Record/Section/5/Information/0/Value/StringWithMarkup/0/Markup/0/Length,number,3
/Record/Section/5/Information/0/Value/StringWithMarkup/0/Markup/0/Type,string,Superscript
/Record/Section/6/TOCHeading,string,Compounds
/Record/Section/6/Description,string,Compound records related to this element.
/Record/Section/6/Information/0/ReferenceNumber,number,8
/Record/Section/6/Information/0/Name,string,Compounds
/Record/Section/6/Information/0/URL,string,https://pubchem.ncbi.nlm.nih.gov/#query=Protactinium
/Record/Section/6/Information/0/Value/StringWithMarkup/0/String,string,See more information at the Protactinium compound page.
/Record/Section/6/Section/0/TOCHeading,string,Element Forms
/Record/Section/6/Section/0/Description,string,"Other forms of this element, including ions, isotopes, etc."
/Record/Section/6/Section/0/DisplayControls/CreateTable/FromInformationIn,string,ThisSection
/Record/Section/6/Section/0/DisplayControls/CreateTable/NumberOfColumns,number,5
/Record/Section/6/Section/0/DisplayControls/CreateTable/ColumnsFromNamedLists/Name/0,string,CID
/Record/Section/6/Section/0/DisplayControls/CreateTable/ColumnsFromNamedLists/Name/1,string,Name
/Record/Section/6/Section/0/DisplayControls/CreateTable/ColumnsFromNamedLists/Name/2,string,Formula
/Record/Section/6/Section/0/DisplayControls/CreateTable/ColumnsFromNamedLists/Name/3,string,SMILES
/Record/Section/6/Section/0/DisplayControls/CreateTable/ColumnsFromNamedLists/Name/4,string,Molecular Weight
/Record/Section/6/Section/0/DisplayControls/CreateTable/ColumnsFromNamedLists/UseNamesAsColumnHeadings,boolean,true
/Record/Section/6/Section/0/Information/0/ReferenceNumber,number,8
/Record/Section/6/Section/0/Information/0/Name,string,CID
/Record/Section/6/Section/0/Information/0/Value/StringWithMarkup/0/String,string,23945
/Record/Section/6/Section/0/Information/0/Value/StringWithMarkup/0/Markup/0/Start,number,0
/Record/Section/6/Section/0/Information/0/Value/StringWithMarkup/0/Markup/0/Length,number,5
/Record/Section/6/Section/0/Information/0/Value/StringWithMarkup/0/Markup/0/URL,string,https://pubchem.ncbi.nlm.nih.gov/compound/23945
/Record/Section/6/Section/0/Information/0/Value/StringWithMarkup/1/String,string,105147
/Record/Section/6/Section/0/Information/0/Value/StringWithMarkup/1/Markup/0/Start,number,0
/Record/Section/6/Section/0/Information/0/Value/StringWithMarkup/1/Markup/0/Length,number,6
/Record/Section/6/Section/0/Information/0/Value/StringWithMarkup/1/Markup/0/URL,string,https://pubchem.ncbi.nlm.nih.gov/compound/105147
/Record/Section/6/Section/0/Information/0/Value/StringWithMarkup/2/String,string,114695
/Record/Section/6/Section/0/Information/0/Value/StringWithMarkup/2/Markup/0/Start,number,0
/Record/Section/6/Section/0/Information/0/Value/StringWithMarkup/2/Markup/0/Length,number,6
/Record/Section/6/Section/0/Information/0/Value/StringWithMarkup/2/Markup/0/URL,string,https://pubchem.ncbi.nlm.nih.gov/compound/114695
/Record/Section/6/Section/0/Information/0/Value/StringWithMarkup/3/String,string,115129
/Record/Section/6/Section/0/Information/0/Value/StringWithMarkup/3/Markup/0/Start,number,0
/Record/Section/6/Section/0/Information/0/Value/StringWithMarkup/3/Markup/0/Length,number,6
/Record/Section/6/Section/0/Information/0/Value/StringWithMarkup/3/Markup/0/URL,string,https://pubchem.ncbi.nlm.nih.gov/compound/115129
/Record/Section/6/Section/0/Information/0/Value/StringWithMarkup/4/String,string,177681
/Record/Section/6/Section/0/Information/0/Value/StringWithMarkup/4/Markup/0/Start,number,0
/Record/Section/6/Section/0/Information/0/Value/StringWithMarkup/4/Markup/0/Length,number,6
/Record/Section/6/Section/0/Information/0/Value/StringWithMarkup/4/Markup/0/URL,string,https://pubchem.ncbi.nlm.nih.gov/compound/177681
/Record/Section/6/Section/0/Information/0/Value/StringWithMarkup/5/String,string,177679
/Record/Section/6/Section/0/Information/0/Value/StringWithMarkup/5/Markup/0/Start,number,0
/Record/Section/6/Section/0/Information/0/Value/StringWithMarkup/5/Markup/0/Length,number,6
/Record/Section/6/Section/0/Information/0/Value/StringWithMarkup/5/Markup/0/URL,string,https://pubchem.ncbi.nlm.nih.gov/compound/177679
/Record/Section/6/Section/0/Information/0/Value/StringWithMarkup/6/String,string,177680
/Record/Section/6/Section/0/Information/0/Value/StringWithMarkup/6/Markup/0/Start,number,0
/Record/Section/6/Section/0/Information/0/Value/StringWithMarkup/6/Markup/0/Length,number,6
/Record/Section/6/Section/0/Information/0/Value/StringWithMarkup/6/Markup/0/URL,string,https://pubchem.ncbi.nlm.nih.gov/compound/177680
/Record/Section/6/Section/0/Information/0/Value/StringWithMarkup/7/String,string,185707
/Record/Section/6/Section/0/Information/0/Value/StringWithMarkup/7/Markup/0/Start,number,0
/Record/Section/6/Section/0/Information/0/Value/StringWithMarkup/7/Markup/0/Length,number,6
/Record/Section/6/Section/0/Information/0/Value/StringWithMarkup/7/Markup/0/URL,string,https://pubchem.ncbi.nlm.nih.gov/compound/185707
/Record/Section/6/Section/0/Information/1/ReferenceNumber,number,8
/Record/Section/6/Section/0/Information/1/Name,string,Name
/Record/Section/6/Section/0/Information/1/Value/StringWithMarkup/0/String,string,protactinium
/Record/Section/6/Section/0/Information/1/Value/StringWithMarkup/1/String,string,protactinium-231
/Record/Section/6/Section/0/Information/1/Value/StringWithMarkup/2/String,string,protactinium-234
/Record/Section/6/Section/0/Information/1/Value/StringWithMarkup/3/String,string,protactinium-233
/Record/Section/6/Section/0/Information/1/Value/StringWithMarkup/4/String,string,protactinium-230
/Record/Section/6/Section/0/Information/1/Value/StringWithMarkup/5/String,string,protactinium-232
/Record/Section/6/Section/0/Information/1/Value/StringWithMarkup/6/String,string,protactinium-228
/Record/Section/6/Section/0/Information/1/Value/StringWithMarkup/7/String,string,protactinium-227
/Record/Section/6/Section/0/Information/2/ReferenceNumber,number,8
/Record/Section/6/Section/0/Information/2/Name,string,Formula
/Record/Section/6/Section/0/Information/2/Value/StringWithMarkup/0/String,string,Pa
/Record/Section/6/Section/0/Information/2/Value/StringWithMarkup/1/String,string,Pa
/Record/Section/6/Section/0/Information/2/Value/StringWithMarkup/2/String,string,Pa
/Record/Section/6/Section/0/Information/2/Value/StringWithMarkup/3/String,string,Pa
/Record/Section/6/Section/0/Information/2/Value/StringWithMarkup/4/String,string,Pa
/Record/Section/6/Section/0/Information/2/Value/StringWithMarkup/5/String,string,Pa
/Record/Section/6/Section/0/Information/2/Value/StringWithMarkup/6/String,string,Pa
/Record/Section/6/Section/0/Information/2/Value/StringWithMarkup/7/String,string,Pa
/Record/Section/6/Section/0/Information/3/ReferenceNumber,number,8
/Record/Section/6/Section/0/Information/3/Name,string,SMILES
/Record/Section/6/Section/0/Information/3/Value/StringWithMarkup/0/String,string,[Pa]
/Record/Section/6/Section/0/Information/3/Value/StringWithMarkup/1/String,string,[231Pa]
/Record/Section/6/Section/0/Information/3/Value/StringWithMarkup/2/String,string,[234Pa]
/Record/Section/6/Section/0/Information/3/Value/StringWithMarkup/3/String,string,[233Pa]
/Record/Section/6/Section/0/Information/3/Value/StringWithMarkup/4/String,string,[230Pa]
/Record/Section/6/Section/0/Information/3/Value/StringWithMarkup/5/String,string,[232Pa]
/Record/Section/6/Section/0/Information/3/Value/StringWithMarkup/6/String,string,[228Pa]
/Record/Section/6/Section/0/Information/3/Value/StringWithMarkup/7/String,string,[227Pa]
/Record/Section/6/Section/0/Information/4/ReferenceNumber,number,8
/Record/Section/6/Section/0/Information/4/Name,string,Molecular Weight
/Record/Section/6/Section/0/Information/4/Value/StringWithMarkup/0/String,string,231.03588
/Record/Section/6/Section/0/Information/4/Value/StringWithMarkup/1/String,string,231.03588
/Record/Section/6/Section/0/Information/4/Value/StringWithMarkup/2/String,string,234.04331
/Record/Section/6/Section/0/Information/4/Value/StringWithMarkup/3/String,string,233.04025
/Record/Section/6/Section/0/Information/4/Value/StringWithMarkup/4/String,string,230.03454
/Record/Section/6/Section/0/Information/4/Value/StringWithMarkup/5/String,string,232.03859
/Record/Section/6/Section/0/Information/4/Value/StringWithMarkup/6/String,string,228.03105
/Record/Section/6/Section/0/Information/4/Value/StringWithMarkup/7/String,string,227.02880
/Record/Section/7/TOCHeading,string,Isotopes
/Record/Section/7/Description,string,Isotopes are nuclides having the same atomic number but different mass numbers.  This section provides information on the isotopes of this element and their uses in various fields.
/Record/Section/7/URL,string,https://chem.libretexts.org/Courses/Furman_University/CHM101%3A_Chemistry_and_Global_Awareness_(Gordon)/03%3A_Atoms_and_the_Periodic_Table/3.05%3A_Isotopes
/Record/Section/7/Information/0/ReferenceNumber,number,5
/Record/Section/7/Information/0/Name,string,Stable Isotope Count
/Record/Section/7/Information/0/Value/StringWithMarkup/0/String,string,0
/Record/Section/7/Information/1/ReferenceNumber,number,6
/Record/Section/7/Information/1/Name,string,Summary
/Record/Section/7/Information/1/Value/StringWithMarkup/0/String,string,"Twenty-nine radioisotopes of protactinium have been discovered. Nearly all naturally occurring protactinium is 231Pa with a half-life of 32,700 years. It is an alpha emitter and is formed by the decay of uranium-235, whereas the beta radiating protactinium-234 with a half-life of 6.74 hours is produced as a result of uranium-238 decay. Nearly all uranium-238 (99.8%) decays first to the 234mPa isomer and then to 234Pa. Smaller trace amounts of the short-lived nuclear isomer protactinium-234m occur in the decay chain of uranium-238. Protactinium-233 results from the decay of thorium-233 as part of the chain of events used to produce uranium-233 by neutron irradiation of thorium-232."
/Record/Section/7/Information/1/Value/StringWithMarkup/0/Markup/0/Start,number,111
/Record/Section/7/Information/1/Value/StringWithMarkup/0/Markup/0/Length,number,3
/Record/Section/7/Information/1/Value/StringWithMarkup/0/Markup/0/Type,string,Superscript
/Record/Section/7/Information/1/Value/StringWithMarkup/0/Markup/1/Start,number,389
/Record/Section/7/Information/1/Value/StringWithMarkup/0/Markup/1/Length,number,4
/Record/Section/7/Information/1/Value/StringWithMarkup/0/Markup/1/Type,string,Superscript
/Record/Section/7/Information/1/Value/StringWithMarkup/0/Markup/2/Start,number,415
/Record/Section/7/Information/1/Value/StringWithMarkup/0/Markup/2/Length,number,3
/Record/Section/7/Information/1/Value/StringWithMarkup/0/Markup/2/Type,string,Superscript
/Record/Section/7/Section/0/TOCHeading,string,Isotopes in Earth/Planetary Science
/Record/Section/7/Section/0/Description,string,Information on the use of this element's isotopes in earth/planetary science.
/Record/Section/7/Section/0/Information/0/ReferenceNumber,number,4
/Record/Section/7/Section/0/Information/0/Reference/0,string,"[593]  K. A. Roberts, C. Xu, C. C. Hung, M. H. Conte, P. H. Santschi. Earth. Planet. Sci. Lett.286, 131 (2009)."
/Record/Section/7/Section/0/Information/0/Reference/1,string,"[594]  J. F. McManus, R. Francois, J. M. Gherardi, L. D. Keigwin, S. Brown-Leger. Nature428, 834 (2004)."
/Record/Section/7/Section/0/Information/0/Reference/2,string,"[595]  G. M. Henderson, R. F. Anderson. Rev. Mineral. Geochem.52, 493 (2003)."
/Record/Section/7/Section/0/Information/0/ExtendedReference/0/Citation,string,"[593]  K. A. Roberts, C. Xu, C. C. Hung, M. H. Conte, P. H. Santschi. Earth. Planet. Sci. Lett.286, 131 (2009)."
/Record/Section/7/Section/0/Information/0/ExtendedReference/1/Citation,string,"[594]  J. F. McManus, R. Francois, J. M. Gherardi, L. D. Keigwin, S. Brown-Leger. Nature428, 834 (2004)."
/Record/Section/7/Section/0/Information/0/ExtendedReference/2/Citation,string,"[595]  G. M. Henderson, R. F. Anderson. Rev. Mineral. Geochem.52, 493 (2003)."
/Record/Section/7/Section/0/Information/0/Value/StringWithMarkup/0/String,string,"231Pa (with a half-life of 3.25×104 years) and 230Th (with a half-life of 7.56×104 years) are produced in seawater by radioactive decay of 235U and 234U. The amount ratio of radioactive production of 231Pa and 230Th, n(231Pa)/n(230Th), is 0.093. 230Th is removed from seawater in settling particulates more efficiently than 231Pa, while 231Pa tends to be transported farther in ocean currents. Therefore, the amount ratio n(231Pa)/n(230Th) in settling particulates tends to be less than the production ratio of 0.093 unless the water mass is stationary and allows both products to settle out. Thus, sedimentary records of excess n(231Pa)/n(230Th) amount ratios can provide information for changes in the relative magnitude of major ocean circulation (Fig. IUPAC.91.1) [593], [594]."
/Record/Section/7/Section/0/Information/0/Value/StringWithMarkup/0/Markup/0/Start,number,0
/Record/Section/7/Section/0/Information/0/Value/StringWithMarkup/0/Markup/0/Length,number,3
/Record/Section/7/Section/0/Information/0/Value/StringWithMarkup/0/Markup/0/Type,string,Superscript
/Record/Section/7/Section/0/Information/0/Value/StringWithMarkup/0/Markup/1/Start,number,34
/Record/Section/7/Section/0/Information/0/Value/StringWithMarkup/0/Markup/1/Length,number,1
/Record/Section/7/Section/0/Information/0/Value/StringWithMarkup/0/Markup/1/Type,string,Superscript
/Record/Section/7/Section/0/Information/0/Value/StringWithMarkup/0/Markup/2/Start,number,47
/Record/Section/7/Section/0/Information/0/Value/StringWithMarkup/0/Markup/2/Length,number,3
/Record/Section/7/Section/0/Information/0/Value/StringWithMarkup/0/Markup/2/Type,string,Superscript
/Record/Section/7/Section/0/Information/0/Value/StringWithMarkup/0/Markup/3/Start,number,81
/Record/Section/7/Section/0/Information/0/Value/StringWithMarkup/0/Markup/3/Length,number,1
/Record/Section/7/Section/0/Information/0/Value/StringWithMarkup/0/Markup/3/Type,string,Superscript
/Record/Section/7/Section/0/Information/0/Value/StringWithMarkup/0/Markup/4/Start,number,139
/Record/Section/7/Section/0/Information/0/Value/StringWithMarkup/0/Markup/4/Length,number,3
/Record/Section/7/Section/0/Information/0/Value/StringWithMarkup/0/Markup/4/Type,string,Superscript
/Record/Section/7/Section/0/Information/0/Value/StringWithMarkup/0/Markup/5/Start,number,148
/Record/Section/7/Section/0/Information/0/Value/StringWithMarkup/0/Markup/5/Length,number,3
/Record/Section/7/Section/0/Information/0/Value/StringWithMarkup/0/Markup/5/Type,string,Superscript
/Record/Section/7/Section/0/Information/0/Value/StringWithMarkup/0/Markup/6/Start,number,200
/Record/Section/7/Section/0/Information/0/Value/StringWithMarkup/0/Markup/6/Length,number,3
/Record/Section/7/Section/0/Information/0/Value/StringWithMarkup/0/Markup/6/Type,string,Superscript
/Record/Section/7/Section/0/Information/0/Value/StringWithMarkup/0/Markup/7/Start,number,210
/Record/Section/7/Section/0/Information/0/Value/StringWithMarkup/0/Markup/7/Length,number,3
/Record/Section/7/Section/0/Information/0/Value/StringWithMarkup/0/Markup/7/Type,string,Superscript
/Record/Section/7/Section/0/Information/0/Value/StringWithMarkup/0/Markup/8/Start,number,219
/Record/Section/7/Section/0/Information/0/Value/StringWithMarkup/0/Markup/8/Length,number,3
/Record/Section/7/Section/0/Information/0/Value/StringWithMarkup/0/Markup/8/Type,string,Superscript
/Record/Section/7/Section/0/Information/0/Value/StringWithMarkup/0/Markup/9/Start,number,228
/Record/Section/7/Section/0/Information/0/Value/StringWithMarkup/0/Markup/9/Length,number,3
/Record/Section/7/Section/0/Information/0/Value/StringWithMarkup/0/Markup/9/Type,string,Superscript
/Record/Section/7/Section/0/Information/0/Value/StringWithMarkup/0/Markup/10/Start,number,246
/Record/Section/7/Section/0/Information/0/Value/StringWithMarkup/0/Markup/10/Length,number,3
/Record/Section/7/Section/0/Information/0/Value/StringWithMarkup/0/Markup/10/Type,string,Superscript
/Record/Section/7/Section/0/Information/0/Value/StringWithMarkup/0/Markup/11/Start,number,324
/Record/Section/7/Section/0/Information/0/Value/StringWithMarkup/0/Markup/11/Length,number,3
/Record/Section/7/Section/0/Information/0/Value/StringWithMarkup/0/Markup/11/Type,string,Superscript
/Record/Section/7/Section/0/Information/0/Value/StringWithMarkup/0/Markup/12/Start,number,337
/Record/Section/7/Section/0/Information/0/Value/StringWithMarkup/0/Markup/12/Length,number,3
/Record/Section/7/Section/0/Information/0/Value/StringWithMarkup/0/Markup/12/Type,string,Superscript
/Record/Section/7/Section/0/Information/0/Value/StringWithMarkup/0/Markup/13/Start,number,424
/Record/Section/7/Section/0/Information/0/Value/StringWithMarkup/0/Markup/13/Length,number,3
/Record/Section/7/Section/0/Information/0/Value/StringWithMarkup/0/Markup/13/Type,string,Superscript
/Record/Section/7/Section/0/Information/0/Value/StringWithMarkup/0/Markup/14/Start,number,433
/Record/Section/7/Section/0/Information/0/Value/StringWithMarkup/0/Markup/14/Length,number,3
/Record/Section/7/Section/0/Information/0/Value/StringWithMarkup/0/Markup/14/Type,string,Superscript
/Record/Section/7/Section/0/Information/0/Value/StringWithMarkup/0/Markup/15/Start,number,631
/Record/Section/7/Section/0/Information/0/Value/StringWithMarkup/0/Markup/15/Length,number,3
/Record/Section/7/Section/0/Information/0/Value/StringWithMarkup/0/Markup/15/Type,string,Superscript
/Record/Section/7/Section/0/Information/0/Value/StringWithMarkup/0/Markup/16/Start,number,640
/Record/Section/7/Section/0/Information/0/Value/StringWithMarkup/0/Markup/16/Length,number,3
/Record/Section/7/Section/0/Information/0/Value/StringWithMarkup/0/Markup/16/Type,string,Superscript
/Record/Section/7/Section/0/Information/0/Value/StringWithMarkup/1/String,string,          
/Record/Section/7/Section/0/Information/0/Value/StringWithMarkup/1/Markup/0/Start,number,0
/Record/Section/7/Section/0/Information/0/Value/StringWithMarkup/1/Markup/0/Length,number,1
/Record/Section/7/Section/0/Information/0/Value/StringWithMarkup/1/Markup/0/URL,string,https://pubchem.ncbi.nlm.nih.gov/images/iupac/j_pac-2015-0703_fig_124.jpg
/Record/Section/7/Section/0/Information/0/Value/StringWithMarkup/1/Markup/0/Type,string,Image
/Record/Section/7/Section/0/Information/0/Value/StringWithMarkup/1/Markup/0/Size,string,945x757
/Record/Section/7/Section/0/Information/0/Value/StringWithMarkup/1/Markup/0/Caption,string,"Fig. IUPAC.91.1: Diagram of ²³¹Pa- ²³⁰Th fractionation (preferential separation) in the oceans. NADW is North Atlantic Deep Water. (Diagram Source: Henderson and Anderson, 2003) [595]. "
/Record/Section/7/Section/1/TOCHeading,string,Isotopes in Geochronology
/Record/Section/7/Section/1/Description,string,Information on the use of this element's isotopes in geochronology.
/Record/Section/7/Section/1/Information/0/ReferenceNumber,number,4
/Record/Section/7/Section/1/Information/0/Reference/0,string,"[596]  H. Cheng, R. L. Edwards, M. T. Murrell, T. M. Benjamin. Geochim. Cosmochim. Acta62 (21-22), 3437 (1998)."
/Record/Section/7/Section/1/Information/0/Reference/1,string,"[597]  R. L. Edwards, C. D. Gallup, H. Cheng. Rev. Mineral. Geochem.52, 363 (2003)."
/Record/Section/7/Section/1/Information/0/ExtendedReference/0/Citation,string,"[596]  H. Cheng, R. L. Edwards, M. T. Murrell, T. M. Benjamin. Geochim. Cosmochim. Acta62 (21-22), 3437 (1998)."
/Record/Section/7/Section/1/Information/0/ExtendedReference/1/Citation,string,"[597]  R. L. Edwards, C. D. Gallup, H. Cheng. Rev. Mineral. Geochem.52, 363 (2003)."
/Record/Section/7/Section/1/Information/0/Value/StringWithMarkup/0/String,string,"231Pa is a natural radiogenic isotope produced by alpha decay of 235U to 231Th, followed by beta emission to form 231Pa. Although its behavior in the environment as a transient member of the U-series decay chain may be complex, measurements and modeling of 231Pa in relation to the isotopes of uranium and thorium have been used in a variety of geochronologic applications on time scales of 103 to 105 years [596], [597]. Studies include movement of water masses and particles in the oceans, rates of magma melting and movement beneath volcanoes, and ages of carbonate mineral deposits, including corals, in relation to climate change."
/Record/Section/7/Section/1/Information/0/Value/StringWithMarkup/0/Markup/0/Start,number,0
/Record/Section/7/Section/1/Information/0/Value/StringWithMarkup/0/Markup/0/Length,number,3
/Record/Section/7/Section/1/Information/0/Value/StringWithMarkup/0/Markup/0/Type,string,Superscript
/Record/Section/7/Section/1/Information/0/Value/StringWithMarkup/0/Markup/1/Start,number,65
/Record/Section/7/Section/1/Information/0/Value/StringWithMarkup/0/Markup/1/Length,number,3
/Record/Section/7/Section/1/Information/0/Value/StringWithMarkup/0/Markup/1/Type,string,Superscript
/Record/Section/7/Section/1/Information/0/Value/StringWithMarkup/0/Markup/2/Start,number,73
/Record/Section/7/Section/1/Information/0/Value/StringWithMarkup/0/Markup/2/Length,number,3
/Record/Section/7/Section/1/Information/0/Value/StringWithMarkup/0/Markup/2/Type,string,Superscript
/Record/Section/7/Section/1/Information/0/Value/StringWithMarkup/0/Markup/3/Start,number,114
/Record/Section/7/Section/1/Information/0/Value/StringWithMarkup/0/Markup/3/Length,number,3
/Record/Section/7/Section/1/Information/0/Value/StringWithMarkup/0/Markup/3/Type,string,Superscript
/Record/Section/7/Section/1/Information/0/Value/StringWithMarkup/0/Markup/4/Start,number,257
/Record/Section/7/Section/1/Information/0/Value/StringWithMarkup/0/Markup/4/Length,number,3
/Record/Section/7/Section/1/Information/0/Value/StringWithMarkup/0/Markup/4/Type,string,Superscript
/Record/Section/7/Section/1/Information/0/Value/StringWithMarkup/0/Markup/5/Start,number,393
/Record/Section/7/Section/1/Information/0/Value/StringWithMarkup/0/Markup/5/Length,number,1
/Record/Section/7/Section/1/Information/0/Value/StringWithMarkup/0/Markup/5/Type,string,Superscript
/Record/Section/7/Section/1/Information/0/Value/StringWithMarkup/0/Markup/6/Start,number,400
/Record/Section/7/Section/1/Information/0/Value/StringWithMarkup/0/Markup/6/Length,number,1
/Record/Section/7/Section/1/Information/0/Value/StringWithMarkup/0/Markup/6/Type,string,Superscript
/Record/Section/7/Section/2/TOCHeading,string,Isotope Mass and Abundance
/Record/Section/7/Section/2/Description,string,Atomic mass and abundance (composition) information for a given isotope/nuclide. The number in the parenthesis refers to an uncertainty when exist. The unit of atomic weight is the unified atomic mass unit (u) or dalton (Da). 
/Record/Section/7/Section/2/DisplayControls/CreateTable/FromInformationIn,string,ThisSection
/Record/Section/7/Section/2/DisplayControls/CreateTable/NumberOfColumns,number,3
/Record/Section/7/Section/2/DisplayControls/CreateTable/ColumnsFromNamedLists/Name/0,string,Isotope
/Record/Section/7/Section/2/DisplayControls/CreateTable/ColumnsFromNamedLists/Name/1,string,Atomic Mass (uncertainty) [u]
/Record/Section/7/Section/2/DisplayControls/CreateTable/ColumnsFromNamedLists/Name/2,string,Abundance (uncertainty)
/Record/Section/7/Section/2/DisplayControls/CreateTable/ColumnsFromNamedLists/UseNamesAsColumnHeadings,boolean,true
/Record/Section/7/Section/2/Information/0/ReferenceNumber,number,3
/Record/Section/7/Section/2/Information/0/Name,string,Isotope
/Record/Section/7/Section/2/Information/0/Value/StringWithMarkup/0/String,string, 231Pa
/Record/Section/7/Section/2/Information/0/Value/StringWithMarkup/0/Markup/0/Start,number,0
/Record/Section/7/Section/2/Information/0/Value/StringWithMarkup/0/Markup/0/Length,number,4
/Record/Section/7/Section/2/Information/0/Value/StringWithMarkup/0/Markup/0/Type,string,Superscript
/Record/Section/7/Section/2/Information/1/ReferenceNumber,number,3
/Record/Section/7/Section/2/Information/1/Name,string,Atomic Mass (uncertainty)
/Record/Section/7/Section/2/Information/1/Value/StringWithMarkup/0/String,string,231.035 88(1)
/Record/Section/7/Section/2/Information/2/ReferenceNumber,number,3
/Record/Section/7/Section/2/Information/2/Name,string,Abundance (uncertainty)
/Record/Section/7/Section/2/Information/2/Value/StringWithMarkup/0/String,string,1
/Record/Section/7/Section/2/Information/3/ReferenceNumber,number,7
/Record/Section/7/Section/2/Information/3/Name,string,Isotope
/Record/Section/7/Section/2/Information/3/Value/StringWithMarkup/0/String,string,231Pa
/Record/Section/7/Section/2/Information/3/Value/StringWithMarkup/0/Markup/0/Start,number,0
/Record/Section/7/Section/2/Information/3/Value/StringWithMarkup/0/Markup/0/Length,number,3
/Record/Section/7/Section/2/Information/3/Value/StringWithMarkup/0/Markup/0/Type,string,Superscript
/Record/Section/7/Section/2/Information/4/ReferenceNumber,number,7
/Record/Section/7/Section/2/Information/4/Name,string,Atomic Mass (uncertainty) [u]
/Record/Section/7/Section/2/Information/4/Value/StringWithMarkup/0/String,string,231.0358842(24)
/Record/Section/7/Section/2/Information/5/ReferenceNumber,number,7
/Record/Section/7/Section/2/Information/5/Name,string,Abundance (uncertainty)
/Record/Section/7/Section/2/Information/5/Value/StringWithMarkup/0/String,string,1
/Record/Section/7/Section/3/TOCHeading,string,"Atomic Mass, Half Life, and Decay"
/Record/Section/7/Section/3/Description,string,"Information on the atomic mass, half life, and decay for this element, from the the Atomic Mass Data Center. The number after the ± refers to an uncertainty when exists."
/Record/Section/7/Section/3/URL,string,https://pubchem.ncbi.nlm.nih.gov/docs/atomic-mass/
/Record/Section/7/Section/3/DisplayControls/CreateTable/FromInformationIn,string,ThisSection
/Record/Section/7/Section/3/DisplayControls/CreateTable/NumberOfColumns,number,5
/Record/Section/7/Section/3/DisplayControls/CreateTable/ColumnsFromNamedLists/Name/0,string,Nuclide
/Record/Section/7/Section/3/DisplayControls/CreateTable/ColumnsFromNamedLists/Name/1,string,Atomic Mass and Uncertainty [u]
/Record/Section/7/Section/3/DisplayControls/CreateTable/ColumnsFromNamedLists/Name/2,string,Half Life and Uncertainty
/Record/Section/7/Section/3/DisplayControls/CreateTable/ColumnsFromNamedLists/Name/3,string,Discovery Year
/Record/Section/7/Section/3/DisplayControls/CreateTable/ColumnsFromNamedLists/Name/4,string,"Decay Modes, Intensities and Uncertainties [%]"
/Record/Section/7/Section/3/DisplayControls/CreateTable/ColumnsFromNamedLists/UseNamesAsColumnHeadings,boolean,true
/Record/Section/7/Section/3/Information/0/ReferenceNumber,number,2
/Record/Section/7/Section/3/Information/0/Name,string,Nuclide
/Record/Section/7/Section/3/Information/0/Value/StringWithMarkup/0/String,string,211Pa
/Record/Section/7/Section/3/Information/0/Value/StringWithMarkup/0/Markup/0/Start,number,0
/Record/Section/7/Section/3/Information/0/Value/StringWithMarkup/0/Markup/0/Length,number,3
/Record/Section/7/Section/3/Information/0/Value/StringWithMarkup/0/Markup/0/Type,string,Superscript
/Record/Section/7/Section/3/Information/0/Value/StringWithMarkup/1/String,string,212Pa
/Record/Section/7/Section/3/Information/0/Value/StringWithMarkup/1/Markup/0/Start,number,0
/Record/Section/7/Section/3/Information/0/Value/StringWithMarkup/1/Markup/0/Length,number,3
/Record/Section/7/Section/3/Information/0/Value/StringWithMarkup/1/Markup/0/Type,string,Superscript
/Record/Section/7/Section/3/Information/0/Value/StringWithMarkup/2/String,string,213Pa
/Record/Section/7/Section/3/Information/0/Value/StringWithMarkup/2/Markup/0/Start,number,0
/Record/Section/7/Section/3/Information/0/Value/StringWithMarkup/2/Markup/0/Length,number,3
/Record/Section/7/Section/3/Information/0/Value/StringWithMarkup/2/Markup/0/Type,string,Superscript
/Record/Section/7/Section/3/Information/0/Value/StringWithMarkup/3/String,string,214Pa
/Record/Section/7/Section/3/Information/0/Value/StringWithMarkup/3/Markup/0/Start,number,0
/Record/Section/7/Section/3/Information/0/Value/StringWithMarkup/3/Markup/0/Length,number,3
/Record/Section/7/Section/3/Information/0/Value/StringWithMarkup/3/Markup/0/Type,string,Superscript
/Record/Section/7/Section/3/Information/0/Value/StringWithMarkup/4/String,string,215Pa
/Record/Section/7/Section/3/Information/0/Value/StringWithMarkup/4/Markup/0/Start,number,0
/Record/Section/7/Section/3/Information/0/Value/StringWithMarkup/4/Markup/0/Length,number,3
/Record/Section/7/Section/3/Information/0/Value/StringWithMarkup/4/Markup/0/Type,string,Superscript
/Record/Section/7/Section/3/Information/0/Value/StringWithMarkup/5/String,string,216Pa
/Record/Section/7/Section/3/Information/0/Value/StringWithMarkup/5/Markup/0/Start,number,0
/Record/Section/7/Section/3/Information/0/Value/StringWithMarkup/5/Markup/0/Length,number,3
/Record/Section/7/Section/3/Information/0/Value/StringWithMarkup/5/Markup/0/Type,string,Superscript
/Record/Section/7/Section/3/Information/0/Value/StringWithMarkup/6/String,string,217Pa
/Record/Section/7/Section/3/Information/0/Value/StringWithMarkup/6/Markup/0/Start,number,0
/Record/Section/7/Section/3/Information/0/Value/StringWithMarkup/6/Markup/0/Length,number,3
/Record/Section/7/Section/3/Information/0/Value/StringWithMarkup/6/Markup/0/Type,string,Superscript
/Record/Section/7/Section/3/Information/0/Value/StringWithMarkup/7/String,string,217Pam
/Record/Section/7/Section/3/Information/0/Value/StringWithMarkup/7/Markup/0/Start,number,0
/Record/Section/7/Section/3/Information/0/Value/StringWithMarkup/7/Markup/0/Length,number,3
/Record/Section/7/Section/3/Information/0/Value/StringWithMarkup/7/Markup/0/Type,string,Superscript
/Record/Section/7/Section/3/Information/0/Value/StringWithMarkup/7/Markup/1/Start,number,5
/Record/Section/7/Section/3/Information/0/Value/StringWithMarkup/7/Markup/1/Length,number,1
/Record/Section/7/Section/3/Information/0/Value/StringWithMarkup/7/Markup/1/Type,string,Superscript
/Record/Section/7/Section/3/Information/0/Value/StringWithMarkup/8/String,string,218Pa
/Record/Section/7/Section/3/Information/0/Value/StringWithMarkup/8/Markup/0/Start,number,0
/Record/Section/7/Section/3/Information/0/Value/StringWithMarkup/8/Markup/0/Length,number,3
/Record/Section/7/Section/3/Information/0/Value/StringWithMarkup/8/Markup/0/Type,string,Superscript
/Record/Section/7/Section/3/Information/0/Value/StringWithMarkup/9/String,string,218Pam
/Record/Section/7/Section/3/Information/0/Value/StringWithMarkup/9/Markup/0/Start,number,0
/Record/Section/7/Section/3/Information/0/Value/StringWithMarkup/9/Markup/0/Length,number,3
/Record/Section/7/Section/3/Information/0/Value/StringWithMarkup/9/Markup/0/Type,string,Superscript
/Record/Section/7/Section/3/Information/0/Value/StringWithMarkup/9/Markup/1/Start,number,5
/Record/Section/7/Section/3/Information/0/Value/StringWithMarkup/9/Markup/1/Length,number,1
/Record/Section/7/Section/3/Information/0/Value/StringWithMarkup/9/Markup/1/Type,string,Superscript
/Record/Section/7/Section/3/Information/0/Value/StringWithMarkup/10/String,string,219Pa
/Record/Section/7/Section/3/Information/0/Value/StringWithMarkup/10/Markup/0/Start,number,0
/Record/Section/7/Section/3/Information/0/Value/StringWithMarkup/10/Markup/0/Length,number,3
/Record/Section/7/Section/3/Information/0/Value/StringWithMarkup/10/Markup/0/Type,string,Superscript
/Record/Section/7/Section/3/Information/0/Value/StringWithMarkup/11/String,string,220Pa
/Record/Section/7/Section/3/Information/0/Value/StringWithMarkup/11/Markup/0/Start,number,0
/Record/Section/7/Section/3/Information/0/Value/StringWithMarkup/11/Markup/0/Length,number,3
/Record/Section/7/Section/3/Information/0/Value/StringWithMarkup/11/Markup/0/Type,string,Superscript
/Record/Section/7/Section/3/Information/0/Value/StringWithMarkup/12/String,string,220Pam
/Record/Section/7/Section/3/Information/0/Value/StringWithMarkup/12/Markup/0/Start,number,0
/Record/Section/7/Section/3/Information/0/Value/StringWithMarkup/12/Markup/0/Length,number,3
/Record/Section/7/Section/3/Information/0/Value/StringWithMarkup/12/Markup/0/Type,string,Superscript
/Record/Section/7/Section/3/Information/0/Value/StringWithMarkup/12/Markup/1/Start,number,5
/Record/Section/7/Section/3/Information/0/Value/StringWithMarkup/12/Markup/1/Length,number,1
/Record/Section/7/Section/3/Information/0/Value/StringWithMarkup/12/Markup/1/Type,string,Superscript
/Record/Section/7/Section/3/Information/0/Value/StringWithMarkup/13/String,string,220Pan
/Record/Section/7/Section/3/Information/0/Value/StringWithMarkup/13/Markup/0/Start,number,0
/Record/Section/7/Section/3/Information/0/Value/StringWithMarkup/13/Markup/0/Length,number,3
/Record/Section/7/Section/3/Information/0/Value/StringWithMarkup/13/Markup/0/Type,string,Superscript
/Record/Section/7/Section/3/Information/0/Value/StringWithMarkup/13/Markup/1/Start,number,5
/Record/Section/7/Section/3/Information/0/Value/StringWithMarkup/13/Markup/1/Length,number,1
/Record/Section/7/Section/3/Information/0/Value/StringWithMarkup/13/Markup/1/Type,string,Superscript
/Record/Section/7/Section/3/Information/0/Value/StringWithMarkup/14/String,string,221Pa
/Record/Section/7/Section/3/Information/0/Value/StringWithMarkup/14/Markup/0/Start,number,0
/Record/Section/7/Section/3/Information/0/Value/StringWithMarkup/14/Markup/0/Length,number,3
/Record/Section/7/Section/3/Information/0/Value/StringWithMarkup/14/Markup/0/Type,string,Superscript
/Record/Section/7/Section/3/Information/0/Value/StringWithMarkup/15/String,string,222Pa
/Record/Section/7/Section/3/Information/0/Value/StringWithMarkup/15/Markup/0/Start,number,0
/Record/Section/7/Section/3/Information/0/Value/StringWithMarkup/15/Markup/0/Length,number,3
/Record/Section/7/Section/3/Information/0/Value/StringWithMarkup/15/Markup/0/Type,string,Superscript
/Record/Section/7/Section/3/Information/0/Value/StringWithMarkup/16/String,string,223Pa
/Record/Section/7/Section/3/Information/0/Value/StringWithMarkup/16/Markup/0/Start,number,0
/Record/Section/7/Section/3/Information/0/Value/StringWithMarkup/16/Markup/0/Length,number,3
/Record/Section/7/Section/3/Information/0/Value/StringWithMarkup/16/Markup/0/Type,string,Superscript
/Record/Section/7/Section/3/Information/0/Value/StringWithMarkup/17/String,string,224Pa
/Record/Section/7/Section/3/Information/0/Value/StringWithMarkup/17/Markup/0/Start,number,0
/Record/Section/7/Section/3/Information/0/Value/StringWithMarkup/17/Markup/0/Length,number,3
/Record/Section/7/Section/3/Information/0/Value/StringWithMarkup/17/Markup/0/Type,string,Superscript
/Record/Section/7/Section/3/Information/0/Value/StringWithMarkup/18/String,string,225Pa
/Record/Section/7/Section/3/Information/0/Value/StringWithMarkup/18/Markup/0/Start,number,0
/Record/Section/7/Section/3/Information/0/Value/StringWithMarkup/18/Markup/0/Length,number,3
/Record/Section/7/Section/3/Information/0/Value/StringWithMarkup/18/Markup/0/Type,string,Superscript
/Record/Section/7/Section/3/Information/0/Value/StringWithMarkup/19/String,string,226Pa
/Record/Section/7/Section/3/Information/0/Value/StringWithMarkup/19/Markup/0/Start,number,0
/Record/Section/7/Section/3/Information/0/Value/StringWithMarkup/19/Markup/0/Length,number,3
/Record/Section/7/Section/3/Information/0/Value/StringWithMarkup/19/Markup/0/Type,string,Superscript
/Record/Section/7/Section/3/Information/0/Value/StringWithMarkup/20/String,string,227Pa
/Record/Section/7/Section/3/Information/0/Value/StringWithMarkup/20/Markup/0/Start,number,0
/Record/Section/7/Section/3/Information/0/Value/StringWithMarkup/20/Markup/0/Length,number,3
/Record/Section/7/Section/3/Information/0/Value/StringWithMarkup/20/Markup/0/Type,string,Superscript
/Record/Section/7/Section/3/Information/0/Value/StringWithMarkup/21/String,string,228Pa
/Record/Section/7/Section/3/Information/0/Value/StringWithMarkup/21/Markup/0/Start,number,0
/Record/Section/7/Section/3/Information/0/Value/StringWithMarkup/21/Markup/0/Length,number,3
/Record/Section/7/Section/3/Information/0/Value/StringWithMarkup/21/Markup/0/Type,string,Superscript
/Record/Section/7/Section/3/Information/0/Value/StringWithMarkup/22/String,string,229Pa
/Record/Section/7/Section/3/Information/0/Value/StringWithMarkup/22/Markup/0/Start,number,0
/Record/Section/7/Section/3/Information/0/Value/StringWithMarkup/22/Markup/0/Length,number,3
/Record/Section/7/Section/3/Information/0/Value/StringWithMarkup/22/Markup/0/Type,string,Superscript
/Record/Section/7/Section/3/Information/0/Value/StringWithMarkup/23/String,string,229Pam
/Record/Section/7/Section/3/Information/0/Value/StringWithMarkup/23/Markup/0/Start,number,0
/Record/Section/7/Section/3/Information/0/Value/StringWithMarkup/23/Markup/0/Length,number,3
/Record/Section/7/Section/3/Information/0/Value/StringWithMarkup/23/Markup/0/Type,string,Superscript
/Record/Section/7/Section/3/Information/0/Value/StringWithMarkup/23/Markup/1/Start,number,5
/Record/Section/7/Section/3/Information/0/Value/StringWithMarkup/23/Markup/1/Length,number,1
/Record/Section/7/Section/3/Information/0/Value/StringWithMarkup/23/Markup/1/Type,string,Superscript
/Record/Section/7/Section/3/Information/0/Value/StringWithMarkup/24/String,string,230Pa
/Record/Section/7/Section/3/Information/0/Value/StringWithMarkup/24/Markup/0/Start,number,0
/Record/Section/7/Section/3/Information/0/Value/StringWithMarkup/24/Markup/0/Length,number,3
/Record/Section/7/Section/3/Information/0/Value/StringWithMarkup/24/Markup/0/Type,string,Superscript
/Record/Section/7/Section/3/Information/0/Value/StringWithMarkup/25/String,string,231Pa
/Record/Section/7/Section/3/Information/0/Value/StringWithMarkup/25/Markup/0/Start,number,0
/Record/Section/7/Section/3/Information/0/Value/StringWithMarkup/25/Markup/0/Length,number,3
/Record/Section/7/Section/3/Information/0/Value/StringWithMarkup/25/Markup/0/Type,string,Superscript
/Record/Section/7/Section/3/Information/0/Value/StringWithMarkup/26/String,string,232Pa
/Record/Section/7/Section/3/Information/0/Value/StringWithMarkup/26/Markup/0/Start,number,0
/Record/Section/7/Section/3/Information/0/Value/StringWithMarkup/26/Markup/0/Length,number,3
/Record/Section/7/Section/3/Information/0/Value/StringWithMarkup/26/Markup/0/Type,string,Superscript
/Record/Section/7/Section/3/Information/0/Value/StringWithMarkup/27/String,string,233Pa
/Record/Section/7/Section/3/Information/0/Value/StringWithMarkup/27/Markup/0/Start,number,0
/Record/Section/7/Section/3/Information/0/Value/StringWithMarkup/27/Markup/0/Length,number,3
/Record/Section/7/Section/3/Information/0/Value/StringWithMarkup/27/Markup/0/Type,string,Superscript
/Record/Section/7/Section/3/Information/0/Value/StringWithMarkup/28/String,string,234Pa
/Record/Section/7/Section/3/Information/0/Value/StringWithMarkup/28/Markup/0/Start,number,0
/Record/Section/7/Section/3/Information/0/Value/StringWithMarkup/28/Markup/0/Length,number,3
/Record/Section/7/Section/3/Information/0/Value/StringWithMarkup/28/Markup/0/Type,string,Superscript
/Record/Section/7/Section/3/Information/0/Value/StringWithMarkup/29/String,string,234Pam
/Record/Section/7/Section/3/Information/0/Value/StringWithMarkup/29/Markup/0/Start,number,0
/Record/Section/7/Section/3/Information/0/Value/StringWithMarkup/29/Markup/0/Length,number,3
/Record/Section/7/Section/3/Information/0/Value/StringWithMarkup/29/Markup/0/Type,string,Superscript
/Record/Section/7/Section/3/Information/0/Value/StringWithMarkup/29/Markup/1/Start,number,5
/Record/Section/7/Section/3/Information/0/Value/StringWithMarkup/29/Markup/1/Length,number,1
/Record/Section/7/Section/3/Information/0/Value/StringWithMarkup/29/Markup/1/Type,string,Superscript
/Record/Section/7/Section/3/Information/0/Value/StringWithMarkup/30/String,string,235Pa
/Record/Section/7/Section/3/Information/0/Value/StringWithMarkup/30/Markup/0/Start,number,0
/Record/Section/7/Section/3/Information/0/Value/StringWithMarkup/30/Markup/0/Length,number,3
/Record/Section/7/Section/3/Information/0/Value/StringWithMarkup/30/Markup/0/Type,string,Superscript
/Record/Section/7/Section/3/Information/0/Value/StringWithMarkup/31/String,string,236Pa
/Record/Section/7/Section/3/Information/0/Value/StringWithMarkup/31/Markup/0/Start,number,0
/Record/Section/7/Section/3/Information/0/Value/StringWithMarkup/31/Markup/0/Length,number,3
/Record/Section/7/Section/3/Information/0/Value/StringWithMarkup/31/Markup/0/Type,string,Superscript
/Record/Section/7/Section/3/Information/0/Value/StringWithMarkup/32/String,string,237Pa
/Record/Section/7/Section/3/Information/0/Value/StringWithMarkup/32/Markup/0/Start,number,0
/Record/Section/7/Section/3/Information/0/Value/StringWithMarkup/32/Markup/0/Length,number,3
/Record/Section/7/Section/3/Information/0/Value/StringWithMarkup/32/Markup/0/Type,string,Superscript
/Record/Section/7/Section/3/Information/0/Value/StringWithMarkup/33/String,string,238Pa
/Record/Section/7/Section/3/Information/0/Value/StringWithMarkup/33/Markup/0/Start,number,0
/Record/Section/7/Section/3/Information/0/Value/StringWithMarkup/33/Markup/0/Length,number,3
/Record/Section/7/Section/3/Information/0/Value/StringWithMarkup/33/Markup/0/Type,string,Superscript
/Record/Section/7/Section/3/Information/0/Value/StringWithMarkup/34/String,string,239Pa
/Record/Section/7/Section/3/Information/0/Value/StringWithMarkup/34/Markup/0/Start,number,0
/Record/Section/7/Section/3/Information/0/Value/StringWithMarkup/34/Markup/0/Length,number,3
/Record/Section/7/Section/3/Information/0/Value/StringWithMarkup/34/Markup/0/Type,string,Superscript
/Record/Section/7/Section/3/Information/0/Value/StringWithMarkup/35/String,string,240Pa
/Record/Section/7/Section/3/Information/0/Value/StringWithMarkup/35/Markup/0/Start,number,0
/Record/Section/7/Section/3/Information/0/Value/StringWithMarkup/35/Markup/0/Length,number,3
/Record/Section/7/Section/3/Information/0/Value/StringWithMarkup/35/Markup/0/Type,string,Superscript
/Record/Section/7/Section/3/Information/0/Value/StringWithMarkup/36/String,string,241Pa
/Record/Section/7/Section/3/Information/0/Value/StringWithMarkup/36/Markup/0/Start,number,0
/Record/Section/7/Section/3/Information/0/Value/StringWithMarkup/36/Markup/0/Length,number,3
/Record/Section/7/Section/3/Information/0/Value/StringWithMarkup/36/Markup/0/Type,string,Superscript
/Record/Section/7/Section/3/Information/1/ReferenceNumber,number,2
/Record/Section/7/Section/3/Information/1/Name,string,Atomic Mass and Uncertainty [u]
/Record/Section/7/Section/3/Information/1/Value/StringWithMarkup/0/String,string,211.023674036 ± 0.000074581
/Record/Section/7/Section/3/Information/1/Value/StringWithMarkup/1/String,string,212.023184819 ± 0.000094047
/Record/Section/7/Section/3/Information/1/Value/StringWithMarkup/2/String,string,213.021099644 ± 0.000061374
/Record/Section/7/Section/3/Information/1/Value/StringWithMarkup/3/String,string,214.020891055 ± 0.00008718
/Record/Section/7/Section/3/Information/1/Value/StringWithMarkup/4/String,string,215.019113955 ± 0.000088513
/Record/Section/7/Section/3/Information/1/Value/StringWithMarkup/5/String,string,216.019134633 ± 0.000026459
/Record/Section/7/Section/3/Information/1/Value/StringWithMarkup/6/String,string,217.018309024 ± 0.000013417
/Record/Section/7/Section/3/Information/1/Value/StringWithMarkup/7/String,string,217.018309024 ± 0.000013417
/Record/Section/7/Section/3/Information/1/Value/StringWithMarkup/8/String,string,218.020021133 ± 0.000019158
/Record/Section/7/Section/3/Information/1/Value/StringWithMarkup/9/String,string,218.020021133 ± 0.000019158
/Record/Section/7/Section/3/Information/1/Value/StringWithMarkup/10/String,string,219.019949909 ± 0.000074831
/Record/Section/7/Section/3/Information/1/Value/StringWithMarkup/11/String,string,220.021769753 ± 0.000015732
/Record/Section/7/Section/3/Information/1/Value/StringWithMarkup/12/String,string,220.021769753 ± 0.000015732
/Record/Section/7/Section/3/Information/1/Value/StringWithMarkup/13/String,string,220.021769753 ± 0.000015732
/Record/Section/7/Section/3/Information/1/Value/StringWithMarkup/14/String,string,221.021873393 ± 0.000063746
/Record/Section/7/Section/3/Information/1/Value/StringWithMarkup/15/String,string,222.023687064 ± 0.000092975
/Record/Section/7/Section/3/Information/1/Value/StringWithMarkup/16/String,string,223.023980414 ± 0.000081193
/Record/Section/7/Section/3/Information/1/Value/StringWithMarkup/17/String,string,224.025617286 ± 0.000008145
/Record/Section/7/Section/3/Information/1/Value/StringWithMarkup/18/String,string,225.026147927 ± 0.000087887
/Record/Section/7/Section/3/Information/1/Value/StringWithMarkup/19/String,string,226.027948217 ± 0.000012037
/Record/Section/7/Section/3/Information/1/Value/StringWithMarkup/20/String,string,227.028803586 ± 0.000007797
/Record/Section/7/Section/3/Information/1/Value/StringWithMarkup/21/String,string,228.031050758 ± 0.000004659
/Record/Section/7/Section/3/Information/1/Value/StringWithMarkup/22/String,string,229.032095585 ± 0.000003521
/Record/Section/7/Section/3/Information/1/Value/StringWithMarkup/23/String,string,229.032095585 ± 0.000003521
/Record/Section/7/Section/3/Information/1/Value/StringWithMarkup/24/String,string,230.034539717 ± 0.000003261
/Record/Section/7/Section/3/Information/1/Value/StringWithMarkup/25/String,string,231.035882500 ± 0.000001901
/Record/Section/7/Section/3/Information/1/Value/StringWithMarkup/26/String,string,232.038590205 ± 0.000008206
/Record/Section/7/Section/3/Information/1/Value/StringWithMarkup/27/String,string,233.040246535 ± 0.000001433
/Record/Section/7/Section/3/Information/1/Value/StringWithMarkup/28/String,string,234.043305555 ± 0.000004395
/Record/Section/7/Section/3/Information/1/Value/StringWithMarkup/29/String,string,234.043305555 ± 0.000004395
/Record/Section/7/Section/3/Information/1/Value/StringWithMarkup/30/String,string,235.045399000 ± 0.000015
/Record/Section/7/Section/3/Information/1/Value/StringWithMarkup/31/String,string,236.048668000 ± 0.000015
/Record/Section/7/Section/3/Information/1/Value/StringWithMarkup/32/String,string,237.051023000 ± 0.000014
/Record/Section/7/Section/3/Information/1/Value/StringWithMarkup/33/String,string,238.054637000 ± 0.000017
/Record/Section/7/Section/3/Information/1/Value/StringWithMarkup/34/String,string,239.057260 ± 0.00021 [Estimated]
/Record/Section/7/Section/3/Information/1/Value/StringWithMarkup/35/String,string,240.061203 ± 0.000215 [Estimated]
/Record/Section/7/Section/3/Information/1/Value/StringWithMarkup/36/String,string,241.064134 ± 0.000322 [Estimated]
/Record/Section/7/Section/3/Information/2/ReferenceNumber,number,2
/Record/Section/7/Section/3/Information/2/Name,string,Half Life and Uncertainty
/Record/Section/7/Section/3/Information/2/Value/StringWithMarkup/0/String,string,6 ms ± 3
/Record/Section/7/Section/3/Information/2/Value/StringWithMarkup/1/String,string,5.8 ms ± 1.9
/Record/Section/7/Section/3/Information/2/Value/StringWithMarkup/2/String,string,7.4 ms ± 2.4
/Record/Section/7/Section/3/Information/2/Value/StringWithMarkup/3/String,string,17 ms ± 3
/Record/Section/7/Section/3/Information/2/Value/StringWithMarkup/4/String,string,14 ms ± 2
/Record/Section/7/Section/3/Information/2/Value/StringWithMarkup/5/String,string,105 ms ± 12
/Record/Section/7/Section/3/Information/2/Value/StringWithMarkup/6/String,string,3.8 ms ± 0.2
/Record/Section/7/Section/3/Information/2/Value/StringWithMarkup/7/String,string,1.08 ms ± 0.03
/Record/Section/7/Section/3/Information/2/Value/StringWithMarkup/8/String,string,108 us ± 5
/Record/Section/7/Section/3/Information/2/Value/StringWithMarkup/9/String,string,150 us ± 50
/Record/Section/7/Section/3/Information/2/Value/StringWithMarkup/10/String,string,56 ns ± 9
/Record/Section/7/Section/3/Information/2/Value/StringWithMarkup/11/String,string,0.85 us ± 0.06
/Record/Section/7/Section/3/Information/2/Value/StringWithMarkup/12/String,string,410 ns ± 180
/Record/Section/7/Section/3/Information/2/Value/StringWithMarkup/13/String,string,260 ns ± 210
/Record/Section/7/Section/3/Information/2/Value/StringWithMarkup/14/String,string,5.9 us ± 1.7
/Record/Section/7/Section/3/Information/2/Value/StringWithMarkup/15/String,string,3.8 ms ± 0.2
/Record/Section/7/Section/3/Information/2/Value/StringWithMarkup/16/String,string,5.3 ms ± 0.3
/Record/Section/7/Section/3/Information/2/Value/StringWithMarkup/17/String,string,844 ms ± 19
/Record/Section/7/Section/3/Information/2/Value/StringWithMarkup/18/String,string,1.71 s ± 0.10
/Record/Section/7/Section/3/Information/2/Value/StringWithMarkup/19/String,string,1.8 m ± 0.2
/Record/Section/7/Section/3/Information/2/Value/StringWithMarkup/20/String,string,38.3 m ± 0.3
/Record/Section/7/Section/3/Information/2/Value/StringWithMarkup/21/String,string,22 h ± 1
/Record/Section/7/Section/3/Information/2/Value/StringWithMarkup/22/String,string,1.55 d ± 0.04
/Record/Section/7/Section/3/Information/2/Value/StringWithMarkup/23/String,string,420 ns ± 30
/Record/Section/7/Section/3/Information/2/Value/StringWithMarkup/24/String,string,17.4 d ± 0.5
/Record/Section/7/Section/3/Information/2/Value/StringWithMarkup/25/String,string,32.65 ky ± 0.20
/Record/Section/7/Section/3/Information/2/Value/StringWithMarkup/26/String,string,1.32 d ± 0.02
/Record/Section/7/Section/3/Information/2/Value/StringWithMarkup/27/String,string,26.975 d ± 0.013
/Record/Section/7/Section/3/Information/2/Value/StringWithMarkup/28/String,string,6.70 h ± 0.05
/Record/Section/7/Section/3/Information/2/Value/StringWithMarkup/29/String,string,1.159 m ± 0.011
/Record/Section/7/Section/3/Information/2/Value/StringWithMarkup/30/String,string,24.4 m ± 0.2
/Record/Section/7/Section/3/Information/2/Value/StringWithMarkup/31/String,string,9.1 m ± 0.1
/Record/Section/7/Section/3/Information/2/Value/StringWithMarkup/32/String,string,8.7 m ± 0.2
/Record/Section/7/Section/3/Information/2/Value/StringWithMarkup/33/String,string,2.28 m ± 0.09
/Record/Section/7/Section/3/Information/2/Value/StringWithMarkup/34/String,string,1.8 h ± 0.5
/Record/Section/7/Section/3/Information/2/Value/StringWithMarkup/35/String,string,20 s [Estimated]
/Record/Section/7/Section/3/Information/2/Value/StringWithMarkup/36/String,string,28 m [Estimated]
/Record/Section/7/Section/3/Information/3/ReferenceNumber,number,2
/Record/Section/7/Section/3/Information/3/Name,string,Discovery Year
/Record/Section/7/Section/3/Information/3/Value/StringWithMarkup/0/String,string,2006
/Record/Section/7/Section/3/Information/3/Value/StringWithMarkup/1/String,string,1997
/Record/Section/7/Section/3/Information/3/Value/StringWithMarkup/2/String,string,1995
/Record/Section/7/Section/3/Information/3/Value/StringWithMarkup/3/String,string,1995
/Record/Section/7/Section/3/Information/3/Value/StringWithMarkup/4/String,string,1979
/Record/Section/7/Section/3/Information/3/Value/StringWithMarkup/5/String,string,1972
/Record/Section/7/Section/3/Information/3/Value/StringWithMarkup/6/String,string,1968
/Record/Section/7/Section/3/Information/3/Value/StringWithMarkup/7/String,string,1979
/Record/Section/7/Section/3/Information/3/Value/StringWithMarkup/8/String,string,1979
/Record/Section/7/Section/3/Information/3/Value/StringWithMarkup/9/String,string,1979
/Record/Section/7/Section/3/Information/3/Value/StringWithMarkup/10/String,string,2005
/Record/Section/7/Section/3/Information/3/Value/StringWithMarkup/11/String,string,2005
/Record/Section/7/Section/3/Information/3/Value/StringWithMarkup/12/String,string,2018
/Record/Section/7/Section/3/Information/3/Value/StringWithMarkup/13/String,string,2018
/Record/Section/7/Section/3/Information/3/Value/StringWithMarkup/14/String,string,1983
/Record/Section/7/Section/3/Information/3/Value/StringWithMarkup/15/String,string,1970
/Record/Section/7/Section/3/Information/3/Value/StringWithMarkup/16/String,string,1970
/Record/Section/7/Section/3/Information/3/Value/StringWithMarkup/17/String,string,1958
/Record/Section/7/Section/3/Information/3/Value/StringWithMarkup/18/String,string,1958
/Record/Section/7/Section/3/Information/3/Value/StringWithMarkup/19/String,string,1949
/Record/Section/7/Section/3/Information/3/Value/StringWithMarkup/20/String,string,1948
/Record/Section/7/Section/3/Information/3/Value/StringWithMarkup/21/String,string,1948
/Record/Section/7/Section/3/Information/3/Value/StringWithMarkup/22/String,string,1949
/Record/Section/7/Section/3/Information/3/Value/StringWithMarkup/23/String,string,1982
/Record/Section/7/Section/3/Information/3/Value/StringWithMarkup/24/String,string,1948
/Record/Section/7/Section/3/Information/3/Value/StringWithMarkup/25/String,string,1918
/Record/Section/7/Section/3/Information/3/Value/StringWithMarkup/26/String,string,1949
/Record/Section/7/Section/3/Information/3/Value/StringWithMarkup/27/String,string,1938
/Record/Section/7/Section/3/Information/3/Value/StringWithMarkup/28/String,string,1913
/Record/Section/7/Section/3/Information/3/Value/StringWithMarkup/29/String,string,1951
/Record/Section/7/Section/3/Information/3/Value/StringWithMarkup/30/String,string,1950
/Record/Section/7/Section/3/Information/3/Value/StringWithMarkup/31/String,string,1963
/Record/Section/7/Section/3/Information/3/Value/StringWithMarkup/32/String,string,1954
/Record/Section/7/Section/3/Information/3/Value/StringWithMarkup/33/String,string,1968
/Record/Section/7/Section/3/Information/3/Value/StringWithMarkup/34/String,string,1995
/Record/Section/7/Section/3/Information/3/Value/StringWithMarkup/35/String,string,
/Record/Section/7/Section/3/Information/3/Value/StringWithMarkup/36/String,string,
/Record/Section/7/Section/3/Information/4/ReferenceNumber,number,2
/Record/Section/7/Section/3/Information/4/Name,string,"Decay Modes, Intensities and Uncertainties [%]"
/Record/Section/7/Section/3/Information/4/Value/StringWithMarkup/0/String,string,α≈100%; β+ ?; p ?
/Record/Section/7/Section/3/Information/4/Value/StringWithMarkup/0/Markup/0/Start,number,9
/Record/Section/7/Section/3/Information/4/Value/StringWithMarkup/0/Markup/0/Length,number,1
/Record/Section/7/Section/3/Information/4/Value/StringWithMarkup/0/Markup/0/Type,string,Superscript
/Record/Section/7/Section/3/Information/4/Value/StringWithMarkup/1/String,string,α=100%
/Record/Section/7/Section/3/Information/4/Value/StringWithMarkup/2/String,string,α=100%
/Record/Section/7/Section/3/Information/4/Value/StringWithMarkup/3/String,string,α≈100%
/Record/Section/7/Section/3/Information/4/Value/StringWithMarkup/4/String,string,α=100%
/Record/Section/7/Section/3/Information/4/Value/StringWithMarkup/5/String,string,α≈100%; β+ ?
/Record/Section/7/Section/3/Information/4/Value/StringWithMarkup/5/Markup/0/Start,number,9
/Record/Section/7/Section/3/Information/4/Value/StringWithMarkup/5/Markup/0/Length,number,1
/Record/Section/7/Section/3/Information/4/Value/StringWithMarkup/5/Markup/0/Type,string,Superscript
/Record/Section/7/Section/3/Information/4/Value/StringWithMarkup/6/String,string,α=100%; β- ?
/Record/Section/7/Section/3/Information/4/Value/StringWithMarkup/6/Markup/0/Start,number,9
/Record/Section/7/Section/3/Information/4/Value/StringWithMarkup/6/Markup/0/Length,number,1
/Record/Section/7/Section/3/Information/4/Value/StringWithMarkup/6/Markup/0/Type,string,Superscript
/Record/Section/7/Section/3/Information/4/Value/StringWithMarkup/7/String,string,α=73±0.4%; IT ?
/Record/Section/7/Section/3/Information/4/Value/StringWithMarkup/8/String,string,α=100%
/Record/Section/7/Section/3/Information/4/Value/StringWithMarkup/9/String,string,α=100%
/Record/Section/7/Section/3/Information/4/Value/StringWithMarkup/10/String,string,α=100%; β+ ?
/Record/Section/7/Section/3/Information/4/Value/StringWithMarkup/10/Markup/0/Start,number,9
/Record/Section/7/Section/3/Information/4/Value/StringWithMarkup/10/Markup/0/Length,number,1
/Record/Section/7/Section/3/Information/4/Value/StringWithMarkup/10/Markup/0/Type,string,Superscript
/Record/Section/7/Section/3/Information/4/Value/StringWithMarkup/11/String,string,α=100%; β+ ?
/Record/Section/7/Section/3/Information/4/Value/StringWithMarkup/11/Markup/0/Start,number,9
/Record/Section/7/Section/3/Information/4/Value/StringWithMarkup/11/Markup/0/Length,number,1
/Record/Section/7/Section/3/Information/4/Value/StringWithMarkup/11/Markup/0/Type,string,Superscript
/Record/Section/7/Section/3/Information/4/Value/StringWithMarkup/12/String,string,α=100%
/Record/Section/7/Section/3/Information/4/Value/StringWithMarkup/13/String,string,α=100%
/Record/Section/7/Section/3/Information/4/Value/StringWithMarkup/14/String,string,α=100%
/Record/Section/7/Section/3/Information/4/Value/StringWithMarkup/15/String,string,α=100%
/Record/Section/7/Section/3/Information/4/Value/StringWithMarkup/16/String,string,α=100%; β+ ?
/Record/Section/7/Section/3/Information/4/Value/StringWithMarkup/16/Markup/0/Start,number,9
/Record/Section/7/Section/3/Information/4/Value/StringWithMarkup/16/Markup/0/Length,number,1
/Record/Section/7/Section/3/Information/4/Value/StringWithMarkup/16/Markup/0/Type,string,Superscript
/Record/Section/7/Section/3/Information/4/Value/StringWithMarkup/17/String,string,α≈100%; β+ ?
/Record/Section/7/Section/3/Information/4/Value/StringWithMarkup/17/Markup/0/Start,number,9
/Record/Section/7/Section/3/Information/4/Value/StringWithMarkup/17/Markup/0/Length,number,1
/Record/Section/7/Section/3/Information/4/Value/StringWithMarkup/17/Markup/0/Type,string,Superscript
/Record/Section/7/Section/3/Information/4/Value/StringWithMarkup/18/String,string,α=100%
/Record/Section/7/Section/3/Information/4/Value/StringWithMarkup/19/String,string,α=74±0.5%; β+=26±0.5%
/Record/Section/7/Section/3/Information/4/Value/StringWithMarkup/19/Markup/0/Start,number,12
/Record/Section/7/Section/3/Information/4/Value/StringWithMarkup/19/Markup/0/Length,number,1
/Record/Section/7/Section/3/Information/4/Value/StringWithMarkup/19/Markup/0/Type,string,Superscript
/Record/Section/7/Section/3/Information/4/Value/StringWithMarkup/20/String,string,α=85±0.2%; ε=15±0.2%
/Record/Section/7/Section/3/Information/4/Value/StringWithMarkup/21/String,string,β+=98.15±1.7%; α=1.85±1.7%
/Record/Section/7/Section/3/Information/4/Value/StringWithMarkup/21/Markup/0/Start,number,1
/Record/Section/7/Section/3/Information/4/Value/StringWithMarkup/21/Markup/0/Length,number,1
/Record/Section/7/Section/3/Information/4/Value/StringWithMarkup/21/Markup/0/Type,string,Superscript
/Record/Section/7/Section/3/Information/4/Value/StringWithMarkup/22/String,string,ε=99.51±0.5%; α=0.49±0.5%
/Record/Section/7/Section/3/Information/4/Value/StringWithMarkup/23/String,string,IT=100%
/Record/Section/7/Section/3/Information/4/Value/StringWithMarkup/24/String,string,β+=92.2±0.7%; β-=7.8±0.7%; α=0.0032±0.1%
/Record/Section/7/Section/3/Information/4/Value/StringWithMarkup/24/Markup/0/Start,number,1
/Record/Section/7/Section/3/Information/4/Value/StringWithMarkup/24/Markup/0/Length,number,1
/Record/Section/7/Section/3/Information/4/Value/StringWithMarkup/24/Markup/0/Type,string,Superscript
/Record/Section/7/Section/3/Information/4/Value/StringWithMarkup/24/Markup/1/Start,number,15
/Record/Section/7/Section/3/Information/4/Value/StringWithMarkup/24/Markup/1/Length,number,1
/Record/Section/7/Section/3/Information/4/Value/StringWithMarkup/24/Markup/1/Type,string,Superscript
/Record/Section/7/Section/3/Information/4/Value/StringWithMarkup/25/String,string,IS=100%; α=100%; SF<3e-10%; 24Ne=13.4e-10±1.7%; 23F=9.9e-13%
/Record/Section/7/Section/3/Information/4/Value/StringWithMarkup/26/String,string,β-≈100%; ε ?
/Record/Section/7/Section/3/Information/4/Value/StringWithMarkup/26/Markup/0/Start,number,1
/Record/Section/7/Section/3/Information/4/Value/StringWithMarkup/26/Markup/0/Length,number,1
/Record/Section/7/Section/3/Information/4/Value/StringWithMarkup/26/Markup/0/Type,string,Superscript
/Record/Section/7/Section/3/Information/4/Value/StringWithMarkup/27/String,string,β-=100%
/Record/Section/7/Section/3/Information/4/Value/StringWithMarkup/27/Markup/0/Start,number,1
/Record/Section/7/Section/3/Information/4/Value/StringWithMarkup/27/Markup/0/Length,number,1
/Record/Section/7/Section/3/Information/4/Value/StringWithMarkup/27/Markup/0/Type,string,Superscript
/Record/Section/7/Section/3/Information/4/Value/StringWithMarkup/28/String,string,β-=100%
/Record/Section/7/Section/3/Information/4/Value/StringWithMarkup/28/Markup/0/Start,number,1
/Record/Section/7/Section/3/Information/4/Value/StringWithMarkup/28/Markup/0/Length,number,1
/Record/Section/7/Section/3/Information/4/Value/StringWithMarkup/28/Markup/0/Type,string,Superscript
/Record/Section/7/Section/3/Information/4/Value/StringWithMarkup/29/String,string,β-≈100%; IT=0.16±0.4%
/Record/Section/7/Section/3/Information/4/Value/StringWithMarkup/29/Markup/0/Start,number,1
/Record/Section/7/Section/3/Information/4/Value/StringWithMarkup/29/Markup/0/Length,number,1
/Record/Section/7/Section/3/Information/4/Value/StringWithMarkup/29/Markup/0/Type,string,Superscript
/Record/Section/7/Section/3/Information/4/Value/StringWithMarkup/30/String,string,β-=100%
/Record/Section/7/Section/3/Information/4/Value/StringWithMarkup/30/Markup/0/Start,number,1
/Record/Section/7/Section/3/Information/4/Value/StringWithMarkup/30/Markup/0/Length,number,1
/Record/Section/7/Section/3/Information/4/Value/StringWithMarkup/30/Markup/0/Type,string,Superscript
/Record/Section/7/Section/3/Information/4/Value/StringWithMarkup/31/String,string,β-=100%; β-SF=6e-8±0.4%
/Record/Section/7/Section/3/Information/4/Value/StringWithMarkup/31/Markup/0/Start,number,1
/Record/Section/7/Section/3/Information/4/Value/StringWithMarkup/31/Markup/0/Length,number,1
/Record/Section/7/Section/3/Information/4/Value/StringWithMarkup/31/Markup/0/Type,string,Superscript
/Record/Section/7/Section/3/Information/4/Value/StringWithMarkup/31/Markup/1/Start,number,10
/Record/Section/7/Section/3/Information/4/Value/StringWithMarkup/31/Markup/1/Length,number,1
/Record/Section/7/Section/3/Information/4/Value/StringWithMarkup/31/Markup/1/Type,string,Superscript
/Record/Section/7/Section/3/Information/4/Value/StringWithMarkup/32/String,string,β-=100%
/Record/Section/7/Section/3/Information/4/Value/StringWithMarkup/32/Markup/0/Start,number,1
/Record/Section/7/Section/3/Information/4/Value/StringWithMarkup/32/Markup/0/Length,number,1
/Record/Section/7/Section/3/Information/4/Value/StringWithMarkup/32/Markup/0/Type,string,Superscript
/Record/Section/7/Section/3/Information/4/Value/StringWithMarkup/33/String,string,β-=100%; β-SF<2.6e-6%
/Record/Section/7/Section/3/Information/4/Value/StringWithMarkup/33/Markup/0/Start,number,1
/Record/Section/7/Section/3/Information/4/Value/StringWithMarkup/33/Markup/0/Length,number,1
/Record/Section/7/Section/3/Information/4/Value/StringWithMarkup/33/Markup/0/Type,string,Superscript
/Record/Section/7/Section/3/Information/4/Value/StringWithMarkup/33/Markup/1/Start,number,10
/Record/Section/7/Section/3/Information/4/Value/StringWithMarkup/33/Markup/1/Length,number,1
/Record/Section/7/Section/3/Information/4/Value/StringWithMarkup/33/Markup/1/Type,string,Superscript
/Record/Section/7/Section/3/Information/4/Value/StringWithMarkup/34/String,string,β-=100%
/Record/Section/7/Section/3/Information/4/Value/StringWithMarkup/34/Markup/0/Start,number,1
/Record/Section/7/Section/3/Information/4/Value/StringWithMarkup/34/Markup/0/Length,number,1
/Record/Section/7/Section/3/Information/4/Value/StringWithMarkup/34/Markup/0/Type,string,Superscript
/Record/Section/7/Section/3/Information/4/Value/StringWithMarkup/35/String,string,β- ?
/Record/Section/7/Section/3/Information/4/Value/StringWithMarkup/35/Markup/0/Start,number,1
/Record/Section/7/Section/3/Information/4/Value/StringWithMarkup/35/Markup/0/Length,number,1
/Record/Section/7/Section/3/Information/4/Value/StringWithMarkup/35/Markup/0/Type,string,Superscript
/Record/Section/7/Section/3/Information/4/Value/StringWithMarkup/36/String,string,β- ?
/Record/Section/7/Section/3/Information/4/Value/StringWithMarkup/36/Markup/0/Start,number,1
/Record/Section/7/Section/3/Information/4/Value/StringWithMarkup/36/Markup/0/Length,number,1
/Record/Section/7/Section/3/Information/4/Value/StringWithMarkup/36/Markup/0/Type,string,Superscript
/Record/Reference/0/ReferenceNumber,number,1
/Record/Reference/0/SourceName,string,PubChem
/Record/Reference/0/SourceID,string,PubChem
/Record/Reference/0/Description,string,Data deposited in or computed by PubChem
/Record/Reference/0/URL,string,https://pubchem.ncbi.nlm.nih.gov
/Record/Reference/1/ReferenceNumber,number,2
/Record/Reference/1/SourceName,string,"Atomic Mass Data Center (AMDC), International Atomic Energy Agency (IAEA)"
/Record/Reference/1/SourceID,string,e91
/Record/Reference/1/Name,string,Pa
/Record/Reference/1/Description,string,The half-life and atomic mass data was provided by the Atomic Mass Data Center at the International Atomic Energy Agency.
/Record/Reference/1/URL,string,https://www-nds.iaea.org/amdc/
/Record/Reference/1/LicenseURL,string,https://www-nds.iaea.org/disclaimer.html
/Record/Reference/1/ANID,number,6590318
/Record/Reference/2/ReferenceNumber,number,3
/Record/Reference/2/SourceName,string,IUPAC Commission on Isotopic Abundances and Atomic Weights (CIAAW)
/Record/Reference/2/SourceID,string,a91
/Record/Reference/2/Name,string,Protactinium
/Record/Reference/2/Description,string,Element data are cited from the Atomic weights of the elements (an IUPAC Technical Report). The IUPAC periodic table of elements can be found at https://iupac.org/what-we-do/periodic-table-of-elements/. Additional information can be found within IUPAC publication doi:10.1515/pac-2015-0703 Copyright © 2020 International Union of Pure and Applied Chemistry.
/Record/Reference/2/URL,string,https://www.ciaaw.org/protactinium.htm
/Record/Reference/2/LicenseURL,string,http://www.ciaaw.org/bylaws.htm
/Record/Reference/2/ANID,number,2292472
/Record/Reference/3/ReferenceNumber,number,5
/Record/Reference/3/SourceName,string,"Jefferson Lab, U.S. Department of Energy"
/Record/Reference/3/SourceID,string,jlab91
/Record/Reference/3/Name,string,Protactinium
/Record/Reference/3/Description,string,"Thomas Jefferson National Accelerator Facility (Jefferson Lab) is one of 17 national laboratories funded by the U.S. Department of Energy. The lab's primary mission is to conduct basic research of the atom's nucleus using the lab's unique particle accelerator, known as the Continuous Electron Beam Accelerator Facility (CEBAF). For more information visit https://www.jlab.org/"
/Record/Reference/3/URL,string,https://education.jlab.org/itselemental/ele091.html
/Record/Reference/3/LicenseNote,string,Please see citation and linking information: https://education.jlab.org/faq/index.html
/Record/Reference/3/LicenseURL,string,https://www.jlab.org/privacy-and-security-notice
/Record/Reference/3/ANID,number,507153
/Record/Reference/4/ReferenceNumber,number,6
/Record/Reference/4/SourceName,string,"Los Alamos National Laboratory, U.S. Department of Energy"
/Record/Reference/4/SourceID,string,lanl91
/Record/Reference/4/Name,string,Protactinium
/Record/Reference/4/Description,string,"The periodic table at the LANL (Los Alamos National Laboratory) contains basic element information together with the history, source, properties, use, handling and more. The provenance data may be found from the link under the source name."
/Record/Reference/4/URL,string,https://periodic.lanl.gov/91.shtml
/Record/Reference/4/ANID,number,507271
/Record/Reference/5/ReferenceNumber,number,7
/Record/Reference/5/SourceName,string,NIST Physical Measurement Laboratory
/Record/Reference/5/SourceID,string,e91
/Record/Reference/5/Name,string,Protactinium
/Record/Reference/5/Description,string,"The periodic table contains NIST's critically-evaluated data on atomic properties of the elements. The provenance data that include data for atomic spectroscopy, X-ray and gamma ray, radiation dosimetry, nuclear physics, and condensed matter physics may be found from the link under the source name. Ref: https://www.nist.gov/pml/atomic-spectra-database"
/Record/Reference/5/URL,string,https://physics.nist.gov/cgi-bin/Elements/elInfo.pl?element=91
/Record/Reference/5/LicenseURL,string,https://www.nist.gov/pml/database-disclaimer
/Record/Reference/5/ANID,number,2292708
/Record/Reference/6/ReferenceNumber,number,4
/Record/Reference/6/SourceName,string,IUPAC Periodic Table of the Elements and Isotopes (IPTEI)
/Record/Reference/6/SourceID,string,p91
/Record/Reference/6/Description,string,"The information are cited from Pure Appl. Chem. 2018; 90(12): 1833-2092, https://doi.org/10.1515/pac-2015-0703."
/Record/Reference/6/URL,string,https://doi.org/10.1515/pac-2015-0703
/Record/Reference/6/LicenseNote,string,"Copyright (c) 2020 International Union of Pure and Applied Chemistry.

The International Union of Pure and Applied Chemistry (IUPAC) contribution within Pubchem is provided under a CC-BY-NC-ND 4.0 license, unless otherwise stated."
/Record/Reference/6/LicenseURL,string,https://creativecommons.org/licenses/by-nc-nd/4.0/
/Record/Reference/6/ANID,number,13296496
/Record/Reference/7/ReferenceNumber,number,9
/Record/Reference/7/SourceName,string,PubChem Elements
/Record/Reference/7/SourceID,string,ep_91
/Record/Reference/7/Name,string,Protactinium
/Record/Reference/7/Description,string,The element property data was retrieved from publications.
/Record/Reference/7/LicenseURL,string,https://www.nlm.nih.gov/copyright.html
/Record/Reference/7/ANID,number,24834218
/Record/Reference/8/ReferenceNumber,number,8
/Record/Reference/8/SourceName,string,PubChem Elements
/Record/Reference/8/SourceID,string,ef_91
/Record/Reference/8/Name,string,Protactinium
/Record/Reference/8/Description,string,This section provides all form of data related to element Protactinium.
/Record/Reference/8/LicenseURL,string,https://www.nlm.nih.gov/copyright.html
/Record/Reference/8/ANID,number,24834019
