path,type,value
/Record/RecordType,string,AtomicNumber
/Record/RecordNumber,number,37
/Record/RecordTitle,string,Rubidium
/Record/Section/0/TOCHeading,string,Identifiers
/Record/Section/0/Description,string,"Identifiers for this element, including element name, element symbol, InChI string, and InChIKey."
/Record/Section/0/Section/0/TOCHeading,string,Element Name
/Record/Section/0/Section/0/Description,string,"The formal, standard name for a given element, originating from factors such as common usage and the person or place involved in its discovery. Element, also called chemical element, refers to a species of atom; all varieties of atoms with the same number of protons in the nucleus (but possibly a different number of neutrons) are considered to be the same element."
/Record/Section/0/Section/0/Information/0/ReferenceNumber,number,1
/Record/Section/0/Section/0/Information/0/Name,string,Element Name
/Record/Section/0/Section/0/Information/0/Value/StringWithMarkup/0/String,string,Rubidium
/Record/Section/0/Section/0/Information/1/ReferenceNumber,number,3
/Record/Section/0/Section/0/Information/1/Name,string,Element Name
/Record/Section/0/Section/0/Information/1/Value/StringWithMarkup/0/String,string,Rubidium
/Record/Section/0/Section/1/TOCHeading,string,Element Symbol
/Record/Section/0/Section/1/Description,string,"Element symbol, also called atomic symbol, typically consists of one or two letters from the Latin alphabet derived from the element name in one of several languages."
/Record/Section/0/Section/1/Information/0/ReferenceNumber,number,1
/Record/Section/0/Section/1/Information/0/Name,string,Element Symbol
/Record/Section/0/Section/1/Information/0/Value/StringWithMarkup/0/String,string,Rb
/Record/Section/0/Section/1/Information/1/ReferenceNumber,number,3
/Record/Section/0/Section/1/Information/1/Name,string,Element Symbol
/Record/Section/0/Section/1/Information/1/Value/StringWithMarkup/0/String,string,Rb
/Record/Section/0/Section/2/TOCHeading,string,InChI
/Record/Section/0/Section/2/Description,string,"The International Chemical Identifier (InChI) is a computed, non-proprietary identifier for a chemical structure.  The InChI is an International Union of Pure and Applied Chemistry (IUPAC) standard."
/Record/Section/0/Section/2/URL,string,https://iupac.org/who-we-are/divisions/division-details/inchi/
/Record/Section/0/Section/2/Information/0/ReferenceNumber,number,1
/Record/Section/0/Section/2/Information/0/Name,string,InChI
/Record/Section/0/Section/2/Information/0/Value/StringWithMarkup/0/String,string,InChI=1S/Rb
/Record/Section/0/Section/3/TOCHeading,string,InChIKey
/Record/Section/0/Section/3/Description,string,"An InChIKey is a 27-character hashed code derived from an InChI.  The International Chemical Identifier (InChI) is a computed, non-proprietary identifier for a chemical structure.  The InChI is an International Union of Pure and Applied Chemistry (IUPAC) standard."
/Record/Section/0/Section/3/URL,string,https://iupac.org/who-we-are/divisions/division-details/inchi/
/Record/Section/0/Section/3/Information/0/ReferenceNumber,number,1
/Record/Section/0/Section/3/Information/0/Name,string,InChIKey
/Record/Section/0/Section/3/Information/0/Value/StringWithMarkup/0/String,string,IGLNJRXAVVLDKE-UHFFFAOYSA-N
/Record/Section/1/TOCHeading,string,Properties
/Record/Section/1/Description,string,"Characteristics of this element, such as atomic number, atomic mass, density, melting point, boiling point and so on."
/Record/Section/1/Section/0/TOCHeading,string,Atomic Weight
/Record/Section/1/Section/0/Description,string,"Also called relative atomic mass, is the ratio of the average mass of the atom to the unified atomic mass unit, defined as one twelfth of the mass of a carbon-12 atom in its ground state and used to express masses of atomic particles, u=1.660 5402(10) * 10**(-27) kg. The Standard atomic weights refer to recommended values of relative atomic masses of the elements revised biennially by the IUPAC Commission on Atomic Weights and Isotopic Abundances and applicable to elements in any normal sample with a high level of confidence. The number in the parenthesis refers to an uncertainty when exists. The unit of atomic weight is the dalton or unified atomic mass unit (symbol: Da or u)."
/Record/Section/1/Section/0/Information/0/ReferenceNumber,number,3
/Record/Section/1/Section/0/Information/0/Name,string,Atomic Weight
/Record/Section/1/Section/0/Information/0/Value/StringWithMarkup/0/String,string,85.4678(3)
/Record/Section/1/Section/0/Information/1/ReferenceNumber,number,5
/Record/Section/1/Section/0/Information/1/Value/StringWithMarkup/0/String,string,85.4678
/Record/Section/1/Section/0/Information/2/ReferenceNumber,number,6
/Record/Section/1/Section/0/Information/2/Value/StringWithMarkup/0/String,string,85.47
/Record/Section/1/Section/0/Information/3/ReferenceNumber,number,7
/Record/Section/1/Section/0/Information/3/Value/StringWithMarkup/0/String,string,85.4678(3)
/Record/Section/1/Section/1/TOCHeading,string,Electron Configuration
/Record/Section/1/Section/1/Description,string,"The electron configuration refers a distribution of the electrons of an atom or a molecular entity over a set of one-electron wavefunctions (called orbitals), according to the Pauli principle. From one configuration several states with different multiplicities may result."
/Record/Section/1/Section/1/URL,string,https://chem.libretexts.org/Courses/Sacramento_City_College/SCC%3A_Chem_420_-_Organic_Chemistry_I/Text/01%3A_Introduction_and_Review/1.04%3A_Electron_Configurations
/Record/Section/1/Section/1/Information/0/ReferenceNumber,number,6
/Record/Section/1/Section/1/Information/0/Value/StringWithMarkup/0/String,string,[Kr]5s1
/Record/Section/1/Section/1/Information/0/Value/StringWithMarkup/0/Markup/0/Start,number,6
/Record/Section/1/Section/1/Information/0/Value/StringWithMarkup/0/Markup/0/Length,number,1
/Record/Section/1/Section/1/Information/0/Value/StringWithMarkup/0/Markup/0/Type,string,Superscript
/Record/Section/1/Section/2/TOCHeading,string,Atomic Radius
/Record/Section/1/Section/2/Description,string,"The atomic radius of a chemical element is a measure of the size of its atom, usually, the distance from the center of the nucleus to the outermost isolated electron.  Because an atom does not have a discrete boundary, there are various non-equivalent definitions of atomic radius, such as Van der Waals radius and covalent radius."
/Record/Section/1/Section/2/Information/0/ReferenceNumber,number,6
/Record/Section/1/Section/2/Information/0/Name,string,Van der Waals Atomic Radius
/Record/Section/1/Section/2/Information/0/Value/StringWithMarkup/0/String,string,303 pm (Van der Waals)
/Record/Section/1/Section/2/Information/1/ReferenceNumber,number,9
/Record/Section/1/Section/2/Information/1/Name,string,Empirical Atomic Radius
/Record/Section/1/Section/2/Information/1/Reference/0,string,"J.C. Slater, J Chem Phys, 1964, 41(10), 3199-3205. DOI:10.1063/1.1725697"
/Record/Section/1/Section/2/Information/1/ExtendedReference/0/Citation,string,"J.C. Slater, J Chem Phys, 1964, 41(10), 3199-3205. DOI:10.1063/1.1725697"
/Record/Section/1/Section/2/Information/1/Value/Number/0,number,235
/Record/Section/1/Section/2/Information/1/Value/Unit,string,pm (Empirical)
/Record/Section/1/Section/2/Information/2/ReferenceNumber,number,9
/Record/Section/1/Section/2/Information/2/Name,string,Covalent Atomic Radius
/Record/Section/1/Section/2/Information/2/Reference/0,string,"B. Cordero, V. Gómez, A.E. Platero-Prats, M. Revés, J. Echeverría, E. Cremades, F. Barragán, S. Alvarez, Dalton Trans. 2008, 21, 2832-2838. DOI:10.1039/b801115j PMID:18478144."
/Record/Section/1/Section/2/Information/2/ExtendedReference/0/Citation,string,"B. Cordero, V. Gómez, A.E. Platero-Prats, M. Revés, J. Echeverría, E. Cremades, F. Barragán, S. Alvarez, Dalton Trans. 2008, 21, 2832-2838. DOI:10.1039/b801115j PMID:18478144."
/Record/Section/1/Section/2/Information/2/Value/StringWithMarkup/0/String,string,220(9) pm (Covalent)
/Record/Section/1/Section/3/TOCHeading,string,Oxidation States
/Record/Section/1/Section/3/Description,string,"The oxidation state(s) that this element commonly has in a compound.  The oxidation state of an atom is defined as the hypothetical charge that would be held by that atom if all of its bonds to other atoms were completely ionic in nature. For example, the oxidation state of carbon in CO2 would be +4 since the hypothetical charge held by the carbon atom if both of the carbon-oxygen double bonds were completely ionic would be equal to +4 (each oxygen atom would hold a charge of -2 since oxygen is more electronegative than carbon)."
/Record/Section/1/Section/3/URL,string,https://chem.libretexts.org/Bookshelves/General_Chemistry/Map%3A_Chemistry_-_The_Central_Science_(Brown_et_al.)/20%3A_Electrochemistry/20.01%3A_Oxidation_States_and_Redox_Reactions
/Record/Section/1/Section/3/Information/0/ReferenceNumber,number,5
/Record/Section/1/Section/3/Information/0/Value/StringWithMarkup/0/String,string,+1
/Record/Section/1/Section/3/Information/1/ReferenceNumber,number,6
/Record/Section/1/Section/3/Information/1/Value/StringWithMarkup/0/String,string,"+1, -1 ​(a strongly basic oxide)"
/Record/Section/1/Section/4/TOCHeading,string,Ground Level
/Record/Section/1/Section/4/Description,string,Also called ground-state level. The ground state electron configuration is the arrangement of electrons around the nucleus of an atom with lower energy levels.
/Record/Section/1/Section/4/Information/0/ReferenceNumber,number,7
/Record/Section/1/Section/4/Information/0/Value/StringWithMarkup/0/String,string,2S1/2
/Record/Section/1/Section/4/Information/0/Value/StringWithMarkup/0/Markup/0/Start,number,0
/Record/Section/1/Section/4/Information/0/Value/StringWithMarkup/0/Markup/0/Length,number,1
/Record/Section/1/Section/4/Information/0/Value/StringWithMarkup/0/Markup/0/Type,string,Superscript
/Record/Section/1/Section/4/Information/0/Value/StringWithMarkup/0/Markup/1/Start,number,2
/Record/Section/1/Section/4/Information/0/Value/StringWithMarkup/0/Markup/1/Length,number,3
/Record/Section/1/Section/4/Information/0/Value/StringWithMarkup/0/Markup/1/Type,string,Subscript
/Record/Section/1/Section/5/TOCHeading,string,Ionization Energy
/Record/Section/1/Section/5/Description,string,"Ionization energy, also called ionization potential, is the amount of energy required to remove an electron from an isolated atom or molecule."
/Record/Section/1/Section/5/URL,string,https://www.britannica.com/science/ionization-energy
/Record/Section/1/Section/5/Information/0/ReferenceNumber,number,5
/Record/Section/1/Section/5/Information/0/Value/StringWithMarkup/0/String,string,4.177 eV
/Record/Section/1/Section/5/Information/1/ReferenceNumber,number,7
/Record/Section/1/Section/5/Information/1/Reference/0,string,"Spectra of the Alkali Metals in the Lead-Sulphide Region, I. Johansson, Ark. Fys. (Stockholm) 20, 135–145 (1961)"
/Record/Section/1/Section/5/Information/1/Reference/1,string,"Quantum Defects of the n 2P1/2,3/2 Levels in 39K I and 85Rb I, C.-J. Lorenzen and K. Niemax, Phys. Scr. 27, 300–305 (1983) DOI:10.1088/0031-8949/27/4/012"
/Record/Section/1/Section/5/Information/1/ExtendedReference/0/Citation,string,"Spectra of the Alkali Metals in the Lead-Sulphide Region, I. Johansson, Ark. Fys. (Stockholm) 20, 135–145 (1961)"
/Record/Section/1/Section/5/Information/1/ExtendedReference/1/Citation,string,"Quantum Defects of the n 2P1/2,3/2 Levels in 39K I and 85Rb I, C.-J. Lorenzen and K. Niemax, Phys. Scr. 27, 300–305 (1983) DOI:10.1088/0031-8949/27/4/012"
/Record/Section/1/Section/5/Information/1/Value/StringWithMarkup/0/String,string,4.1771281 ± 0.0000012 eV
/Record/Section/1/Section/6/TOCHeading,string,Electronegativity
/Record/Section/1/Section/6/Description,string,Electronegativity is a measure of the tendency of an atom to attract a bonding pair of electrons.
/Record/Section/1/Section/6/URL,string,https://chem.libretexts.org/Bookshelves/Physical_and_Theoretical_Chemistry_Textbook_Maps/Supplemental_Modules_(Physical_and_Theoretical_Chemistry)/Physical_Properties_of_Matter/Atomic_and_Molecular_Properties/Electronegativity
/Record/Section/1/Section/6/Information/0/ReferenceNumber,number,9
/Record/Section/1/Section/6/Information/0/Name,string,Pauling Scale Electronegativity
/Record/Section/1/Section/6/Information/0/Reference/0,string,"A.L. Allred, J. Inorg. Nucl. Chem., 1961, 17(3-4), 215-221. DOI:10.1016/0022-1902(61)80142-5"
/Record/Section/1/Section/6/Information/0/ExtendedReference/0/Citation,string,"A.L. Allred, J. Inorg. Nucl. Chem., 1961, 17(3-4), 215-221. DOI:10.1016/0022-1902(61)80142-5"
/Record/Section/1/Section/6/Information/0/Value/Number/0,number,0.82
/Record/Section/1/Section/6/Information/0/Value/Unit,string,(Pauling Scale)
/Record/Section/1/Section/6/Information/1/ReferenceNumber,number,9
/Record/Section/1/Section/6/Information/1/Name,string,Allen Scale Electronegativity
/Record/Section/1/Section/6/Information/1/Reference/0,string,"L.C. Allen, J. Am. Chem. Soc., 1989, 111, 9003. DOI:10.1021/ja00207a003"
/Record/Section/1/Section/6/Information/1/Reference/1,string,"J.B. Mann, T.L. Meek and L.C. Allen, J. Am. Chem. Soc., 2000, 122, 2780. DOI:10.1021/ja992866e"
/Record/Section/1/Section/6/Information/1/Reference/2,string,"J.B. Mann, T.L. Meek, E.T. Knight, J.F. Capitani and L.C Allen, J. Am. Chem. Soc., 2000, 122, 5132. DOI:10.1021/ja9928677"
/Record/Section/1/Section/6/Information/1/ExtendedReference/0/Citation,string,"L.C. Allen, J. Am. Chem. Soc., 1989, 111, 9003. DOI:10.1021/ja00207a003"
/Record/Section/1/Section/6/Information/1/ExtendedReference/1/Citation,string,"J.B. Mann, T.L. Meek and L.C. Allen, J. Am. Chem. Soc., 2000, 122, 2780. DOI:10.1021/ja992866e"
/Record/Section/1/Section/6/Information/1/ExtendedReference/2/Citation,string,"J.B. Mann, T.L. Meek, E.T. Knight, J.F. Capitani and L.C Allen, J. Am. Chem. Soc., 2000, 122, 5132. DOI:10.1021/ja9928677"
/Record/Section/1/Section/6/Information/1/Value/Number/0,number,0.706
/Record/Section/1/Section/6/Information/1/Value/Unit,string,(Allen Scale)
/Record/Section/1/Section/7/TOCHeading,string,Electron Affinity
/Record/Section/1/Section/7/Description,string,"Electron affinity refers to the energy released when an additional electron is attached to a neutral atom to form a singly charged negative ion.  Alternatively, it can also be defined as the energy required to detach an electron from the singly charged negative ion."
/Record/Section/1/Section/7/URL,string,https://chem.libretexts.org/Bookshelves/Physical_and_Theoretical_Chemistry_Textbook_Maps/Supplemental_Modules_(Physical_and_Theoretical_Chemistry)/Physical_Properties_of_Matter/Atomic_and_Molecular_Properties/Electron_Affinity
/Record/Section/1/Section/7/Information/0/ReferenceNumber,number,9
/Record/Section/1/Section/7/Information/0/Reference/0,string,"R.T Myers, J. Chem. Edu., 1990, 67(4), 307. DOI:10.1021/ed067p307"
/Record/Section/1/Section/7/Information/0/ExtendedReference/0/Citation,string,"R.T Myers, J. Chem. Edu., 1990, 67(4), 307. DOI:10.1021/ed067p307"
/Record/Section/1/Section/7/Information/0/Value/Number/0,number,0.468
/Record/Section/1/Section/7/Information/0/Value/Unit,string,eV
/Record/Section/1/Section/7/Information/1/ReferenceNumber,number,9
/Record/Section/1/Section/7/Information/1/Reference/0,string,"R.J. Zollweg, J. Chem. Phys., 1969, 50, 4251. DOI:10.1063/1.1670890"
/Record/Section/1/Section/7/Information/1/ExtendedReference/0/Citation,string,"R.J. Zollweg, J. Chem. Phys., 1969, 50, 4251. DOI:10.1063/1.1670890"
/Record/Section/1/Section/7/Information/1/Value/Number/0,number,0.42
/Record/Section/1/Section/7/Information/1/Value/Unit,string,eV
/Record/Section/1/Section/8/TOCHeading,string,Atomic Spectra
/Record/Section/1/Section/8/Description,string,The spectrum of the electromagnetic radiation emitted or absorbed by an electron during transitions between different energy levels within an atom.
/Record/Section/1/Section/8/Information/0/ReferenceNumber,number,7
/Record/Section/1/Section/8/Information/0/URL,string,https://physics.nist.gov/cgi-bin/ASD/lines_hold.pl?el=Rb
/Record/Section/1/Section/8/Information/0/Value/StringWithMarkup/0/String,string,Lines Holdings
/Record/Section/1/Section/8/Information/1/ReferenceNumber,number,7
/Record/Section/1/Section/8/Information/1/URL,string,https://physics.nist.gov/cgi-bin/ASD/levels_hold.pl?el=Rb
/Record/Section/1/Section/8/Information/1/Value/StringWithMarkup/0/String,string,Levels Holdings
/Record/Section/1/Section/9/TOCHeading,string,Physical Description
/Record/Section/1/Section/9/Description,string,"The appearance or features of this element, including color, odor, state, taste and more in general."
/Record/Section/1/Section/9/Information/0/ReferenceNumber,number,5
/Record/Section/1/Section/9/Information/0/Value/StringWithMarkup/0/String,string,Solid
/Record/Section/1/Section/10/TOCHeading,string,Element Classification
/Record/Section/1/Section/10/Description,string,"Classification according to the element's chemical and physical properties, and location within the periodic table."
/Record/Section/1/Section/10/Information/0/ReferenceNumber,number,5
/Record/Section/1/Section/10/Information/0/Value/StringWithMarkup/0/String,string,Metal
/Record/Section/1/Section/11/TOCHeading,string,Element Period Number
/Record/Section/1/Section/11/Description,string,The element period number refers to a horizontal row of the periodic table. The periodic table has 7 periods.
/Record/Section/1/Section/11/Information/0/ReferenceNumber,number,5
/Record/Section/1/Section/11/Information/0/Value/StringWithMarkup/0/String,string,5
/Record/Section/1/Section/12/TOCHeading,string,Element Group Number
/Record/Section/1/Section/12/Description,string,Element group refers to a set of chemical elements in the same vertical column of the periodic table
/Record/Section/1/Section/12/Information/0/ReferenceNumber,number,5
/Record/Section/1/Section/12/Information/0/Value/StringWithMarkup/0/String,string,1 - Alkali Metal
/Record/Section/1/Section/13/TOCHeading,string,Density
/Record/Section/1/Section/13/Description,string,This section provides information on the density of an element. It is the mass of a unit volume of the element and commonly expressed in units of kg/m3 or g/cm3.
/Record/Section/1/Section/13/URL,string,https://chem.libretexts.org/Bookshelves/Introductory_Chemistry/Map%3A_Fundamentals_of_General_Organic_and_Biological_Chemistry_(McMurry_et_al.)/01%3A_Matter_and_Measurements/1.12%3A_Density_and_Specific_Gravity
/Record/Section/1/Section/13/Information/0/ReferenceNumber,number,5
/Record/Section/1/Section/13/Information/0/Value/StringWithMarkup/0/String,string,1.53 grams per cubic centimeter
/Record/Section/1/Section/14/TOCHeading,string,Melting Point
/Record/Section/1/Section/14/Description,string,"This section provides the melting point and/or freezing point. The melting point is the temperature at which a substance changes state from solid to liquid at atmospheric pressure. When considered as the temperature of the reverse change (from liquid to solid), it is referred to as the freezing point."
/Record/Section/1/Section/14/URL,string,https://chem.libretexts.org/Bookshelves/Organic_Chemistry/Organic_Chemistry_Lab_Techniques_(Nichols)/06%3A_Miscellaneous_Techniques/6.01%3A_Melting_Point
/Record/Section/1/Section/14/Information/0/ReferenceNumber,number,5
/Record/Section/1/Section/14/Information/0/Value/StringWithMarkup/0/String,string,312.46 K (39.31°C or 102.76°F)
/Record/Section/1/Section/14/Information/1/ReferenceNumber,number,6
/Record/Section/1/Section/14/Information/1/Value/StringWithMarkup/0/String,string,39.3°C
/Record/Section/1/Section/15/TOCHeading,string,Boiling Point
/Record/Section/1/Section/15/Description,string,The temperature at which this element changes state from liquid to gas at a given atmospheric pressure.
/Record/Section/1/Section/15/URL,string,https://chem.libretexts.org/Bookshelves/Organic_Chemistry/Organic_Chemistry_Lab_Techniques_(Nichols)/06%3A_Miscellaneous_Techniques/6.02%3A_Boiling_Point
/Record/Section/1/Section/15/Information/0/ReferenceNumber,number,5
/Record/Section/1/Section/15/Information/0/Value/StringWithMarkup/0/String,string,961 K (688°C or 1270°F)
/Record/Section/1/Section/15/Information/1/ReferenceNumber,number,6
/Record/Section/1/Section/15/Information/1/Value/StringWithMarkup/0/String,string,688°C
/Record/Section/1/Section/16/TOCHeading,string,Estimated Crustal Abundance
/Record/Section/1/Section/16/Description,string,The estimated element abundance in the earth's crust.
/Record/Section/1/Section/16/Information/0/ReferenceNumber,number,5
/Record/Section/1/Section/16/Information/0/Value/StringWithMarkup/0/String,string,9.0×101 milligrams per kilogram
/Record/Section/1/Section/16/Information/0/Value/StringWithMarkup/0/Markup/0/Start,number,6
/Record/Section/1/Section/16/Information/0/Value/StringWithMarkup/0/Markup/0/Length,number,1
/Record/Section/1/Section/16/Information/0/Value/StringWithMarkup/0/Markup/0/Type,string,Superscript
/Record/Section/1/Section/17/TOCHeading,string,Estimated Oceanic Abundance
/Record/Section/1/Section/17/Description,string,The estimated element abundance in the earth's oceans.
/Record/Section/1/Section/17/Information/0/ReferenceNumber,number,5
/Record/Section/1/Section/17/Information/0/Value/StringWithMarkup/0/String,string,1.2×10-1 milligrams per liter
/Record/Section/1/Section/17/Information/0/Value/StringWithMarkup/0/Markup/0/Start,number,6
/Record/Section/1/Section/17/Information/0/Value/StringWithMarkup/0/Markup/0/Length,number,2
/Record/Section/1/Section/17/Information/0/Value/StringWithMarkup/0/Markup/0/Type,string,Superscript
/Record/Section/2/TOCHeading,string,History
/Record/Section/2/Description,string,The history of the discovery and use of this element.
/Record/Section/2/Information/0/ReferenceNumber,number,3
/Record/Section/2/Information/0/Name,string,History
/Record/Section/2/Information/0/Value/StringWithMarkup/0/String,string,"The name derives from the Latin rubidus for ""deepest red"" because of the two deep red lines in its spectra. Rubidium was discovered in the mineral lepidolite by the German chemist Robert Wilhelm Bunsen and the German physicist Gustav-Robert Kirchoff in 1861. Bunsen isolated rubidium in 1863."
/Record/Section/2/Information/0/Value/StringWithMarkup/0/Markup/0/Start,number,32
/Record/Section/2/Information/0/Value/StringWithMarkup/0/Markup/0/Length,number,7
/Record/Section/2/Information/0/Value/StringWithMarkup/0/Markup/0/Type,string,Italics
/Record/Section/2/Information/1/ReferenceNumber,number,5
/Record/Section/2/Information/1/Value/StringWithMarkup/0/String,string,"Rubidium was discovered by the German chemists Robert Bunsen and Gustav Kirchhoff in 1861 while analyzing samples of the mineral lepidolite (KLi2Al(Al, Si)3O10(F, OH)2) with a device called a spectroscope. The sample produced a set of deep red spectral lines they had never seen before. Bunsen was eventually able to isolate samples of rubidium metal. Today, most rubidium is obtained as a byproduct of refining lithium."
/Record/Section/2/Information/1/Value/StringWithMarkup/0/Markup/0/Start,number,144
/Record/Section/2/Information/1/Value/StringWithMarkup/0/Markup/0/Length,number,1
/Record/Section/2/Information/1/Value/StringWithMarkup/0/Markup/0/Type,string,Subscript
/Record/Section/2/Information/1/Value/StringWithMarkup/0/Markup/1/Start,number,155
/Record/Section/2/Information/1/Value/StringWithMarkup/0/Markup/1/Length,number,1
/Record/Section/2/Information/1/Value/StringWithMarkup/0/Markup/1/Type,string,Subscript
/Record/Section/2/Information/1/Value/StringWithMarkup/0/Markup/2/Start,number,157
/Record/Section/2/Information/1/Value/StringWithMarkup/0/Markup/2/Length,number,2
/Record/Section/2/Information/1/Value/StringWithMarkup/0/Markup/2/Type,string,Subscript
/Record/Section/2/Information/1/Value/StringWithMarkup/0/Markup/3/Start,number,166
/Record/Section/2/Information/1/Value/StringWithMarkup/0/Markup/3/Length,number,1
/Record/Section/2/Information/1/Value/StringWithMarkup/0/Markup/3/Type,string,Subscript
/Record/Section/2/Information/2/ReferenceNumber,number,6
/Record/Section/2/Information/2/Value/StringWithMarkup/0/String,string,"From the Latin word rubidus, deepest red. Discovered in 1861 by Bunsen and Kirchoff in the mineral lepidolite by use of the spectroscope."
/Record/Section/2/Section/0/TOCHeading,string,Historical Atomic Weights
/Record/Section/2/Section/0/Description,string,This section provides the historical atomic weights. The atomic weight shown in brackets means the value range while others shown with uncertainty in parenthesis.
/Record/Section/2/Section/0/DisplayControls/CreateTable/FromInformationIn,string,ThisSection
/Record/Section/2/Section/0/DisplayControls/CreateTable/NumberOfColumns,number,3
/Record/Section/2/Section/0/DisplayControls/CreateTable/ColumnsFromNamedLists/Name/0,string,Year
/Record/Section/2/Section/0/DisplayControls/CreateTable/ColumnsFromNamedLists/Name/1,string,Atomic Weight (uncertainty) [u]
/Record/Section/2/Section/0/DisplayControls/CreateTable/ColumnsFromNamedLists/Name/2,string,Reference
/Record/Section/2/Section/0/DisplayControls/CreateTable/ColumnsFromNamedLists/UseNamesAsColumnHeadings,boolean,true
/Record/Section/2/Section/0/Information/0/ReferenceNumber,number,3
/Record/Section/2/Section/0/Information/0/Name,string,Year
/Record/Section/2/Section/0/Information/0/Value/StringWithMarkup/0/String,string,1969
/Record/Section/2/Section/0/Information/0/Value/StringWithMarkup/1/String,string,1961
/Record/Section/2/Section/0/Information/0/Value/StringWithMarkup/2/String,string,1937
/Record/Section/2/Section/0/Information/0/Value/StringWithMarkup/3/String,string,1925
/Record/Section/2/Section/0/Information/0/Value/StringWithMarkup/4/String,string,1909
/Record/Section/2/Section/0/Information/0/Value/StringWithMarkup/5/String,string,1905
/Record/Section/2/Section/0/Information/0/Value/StringWithMarkup/6/String,string,1902
/Record/Section/2/Section/0/Information/1/ReferenceNumber,number,3
/Record/Section/2/Section/0/Information/1/Name,string,Atomic Weight (uncertainty)
/Record/Section/2/Section/0/Information/1/Value/StringWithMarkup/0/String,string,85.4678(3)
/Record/Section/2/Section/0/Information/1/Value/StringWithMarkup/1/String,string,85.47
/Record/Section/2/Section/0/Information/1/Value/StringWithMarkup/2/String,string,85.48
/Record/Section/2/Section/0/Information/1/Value/StringWithMarkup/3/String,string,85.44
/Record/Section/2/Section/0/Information/1/Value/StringWithMarkup/4/String,string,85.45
/Record/Section/2/Section/0/Information/1/Value/StringWithMarkup/5/String,string,85.5
/Record/Section/2/Section/0/Information/1/Value/StringWithMarkup/6/String,string,85.4
/Record/Section/2/Section/0/Information/2/ReferenceNumber,number,3
/Record/Section/2/Section/0/Information/2/Name,string,Reference
/Record/Section/2/Section/0/Information/2/Value/StringWithMarkup/0/String,string,doi:10.1351/pac197021010091
/Record/Section/2/Section/0/Information/2/Value/StringWithMarkup/0/Markup/0/Start,number,0
/Record/Section/2/Section/0/Information/2/Value/StringWithMarkup/0/Markup/0/Length,number,27
/Record/Section/2/Section/0/Information/2/Value/StringWithMarkup/0/Markup/0/URL,string,https://doi.org/10.1351/pac197021010091
/Record/Section/2/Section/0/Information/2/Value/StringWithMarkup/1/String,string,doi:10.1021/ja00881a001
/Record/Section/2/Section/0/Information/2/Value/StringWithMarkup/1/Markup/0/Start,number,0
/Record/Section/2/Section/0/Information/2/Value/StringWithMarkup/1/Markup/0/Length,number,23
/Record/Section/2/Section/0/Information/2/Value/StringWithMarkup/1/Markup/0/URL,string,https://doi.org/10.1021/ja00881a001
/Record/Section/2/Section/0/Information/2/Value/StringWithMarkup/2/String,string,doi:10.1039/JR9370001900
/Record/Section/2/Section/0/Information/2/Value/StringWithMarkup/2/Markup/0/Start,number,0
/Record/Section/2/Section/0/Information/2/Value/StringWithMarkup/2/Markup/0/Length,number,24
/Record/Section/2/Section/0/Information/2/Value/StringWithMarkup/2/Markup/0/URL,string,https://doi.org/10.1039/JR9370001900
/Record/Section/2/Section/0/Information/2/Value/StringWithMarkup/3/String,string,doi:10.1039/CT9252700913
/Record/Section/2/Section/0/Information/2/Value/StringWithMarkup/3/Markup/0/Start,number,0
/Record/Section/2/Section/0/Information/2/Value/StringWithMarkup/3/Markup/0/Length,number,24
/Record/Section/2/Section/0/Information/2/Value/StringWithMarkup/3/Markup/0/URL,string,https://doi.org/10.1039/CT9252700913
/Record/Section/2/Section/0/Information/2/Value/StringWithMarkup/4/String,string,doi:10.1021/ja01931a001
/Record/Section/2/Section/0/Information/2/Value/StringWithMarkup/4/Markup/0/Start,number,0
/Record/Section/2/Section/0/Information/2/Value/StringWithMarkup/4/Markup/0/Length,number,23
/Record/Section/2/Section/0/Information/2/Value/StringWithMarkup/4/Markup/0/URL,string,https://doi.org/10.1021/ja01931a001
/Record/Section/2/Section/0/Information/2/Value/StringWithMarkup/5/String,string,doi:10.1021/ja01979a001
/Record/Section/2/Section/0/Information/2/Value/StringWithMarkup/5/Markup/0/Start,number,0
/Record/Section/2/Section/0/Information/2/Value/StringWithMarkup/5/Markup/0/Length,number,23
/Record/Section/2/Section/0/Information/2/Value/StringWithMarkup/5/Markup/0/URL,string,https://doi.org/10.1021/ja01979a001
/Record/Section/2/Section/0/Information/2/Value/StringWithMarkup/6/String,string,doi:10.1007/BF01370337
/Record/Section/2/Section/0/Information/2/Value/StringWithMarkup/6/Markup/0/Start,number,0
/Record/Section/2/Section/0/Information/2/Value/StringWithMarkup/6/Markup/0/Length,number,22
/Record/Section/2/Section/0/Information/2/Value/StringWithMarkup/6/Markup/0/URL,string,https://doi.org/10.1007/BF01370337
/Record/Section/2/Section/1/TOCHeading,string,Historical Isotopic Abundances
/Record/Section/2/Section/1/Description,string,This section provides the historical isotopic abundance information. The abundance value shown in brackets means the value range while others shown with uncertainty in parenthesis.
/Record/Section/2/Section/1/DisplayControls/CreateTable/FromInformationIn,string,ThisSection
/Record/Section/2/Section/1/DisplayControls/CreateTable/NumberOfColumns,number,4
/Record/Section/2/Section/1/DisplayControls/CreateTable/ColumnsFromNamedLists/Name/0,string,Year
/Record/Section/2/Section/1/DisplayControls/CreateTable/ColumnsFromNamedLists/Name/1,string,Isotope
/Record/Section/2/Section/1/DisplayControls/CreateTable/ColumnsFromNamedLists/Name/2,string,Abundance (uncertainty)
/Record/Section/2/Section/1/DisplayControls/CreateTable/ColumnsFromNamedLists/Name/3,string,Reference
/Record/Section/2/Section/1/DisplayControls/CreateTable/ColumnsFromNamedLists/UseNamesAsColumnHeadings,boolean,true
/Record/Section/2/Section/1/Information/0/ReferenceNumber,number,3
/Record/Section/2/Section/1/Information/0/Name,string,Year
/Record/Section/2/Section/1/Information/0/Value/StringWithMarkup/0/String,string,1997
/Record/Section/2/Section/1/Information/0/Value/StringWithMarkup/1/String,string,1997
/Record/Section/2/Section/1/Information/0/Value/StringWithMarkup/2/String,string,1989
/Record/Section/2/Section/1/Information/0/Value/StringWithMarkup/3/String,string,1989
/Record/Section/2/Section/1/Information/0/Value/StringWithMarkup/4/String,string,1979
/Record/Section/2/Section/1/Information/0/Value/StringWithMarkup/5/String,string,1979
/Record/Section/2/Section/1/Information/0/Value/StringWithMarkup/6/String,string,1975
/Record/Section/2/Section/1/Information/0/Value/StringWithMarkup/7/String,string,1975
/Record/Section/2/Section/1/Information/1/ReferenceNumber,number,3
/Record/Section/2/Section/1/Information/1/Name,string,Isotope
/Record/Section/2/Section/1/Information/1/Value/StringWithMarkup/0/String,string,85Rb
/Record/Section/2/Section/1/Information/1/Value/StringWithMarkup/0/Markup/0/Start,number,0
/Record/Section/2/Section/1/Information/1/Value/StringWithMarkup/0/Markup/0/Length,number,2
/Record/Section/2/Section/1/Information/1/Value/StringWithMarkup/0/Markup/0/Type,string,Superscript
/Record/Section/2/Section/1/Information/1/Value/StringWithMarkup/1/String,string,87Rb
/Record/Section/2/Section/1/Information/1/Value/StringWithMarkup/1/Markup/0/Start,number,0
/Record/Section/2/Section/1/Information/1/Value/StringWithMarkup/1/Markup/0/Length,number,2
/Record/Section/2/Section/1/Information/1/Value/StringWithMarkup/1/Markup/0/Type,string,Superscript
/Record/Section/2/Section/1/Information/1/Value/StringWithMarkup/2/String,string,85Rb
/Record/Section/2/Section/1/Information/1/Value/StringWithMarkup/2/Markup/0/Start,number,0
/Record/Section/2/Section/1/Information/1/Value/StringWithMarkup/2/Markup/0/Length,number,2
/Record/Section/2/Section/1/Information/1/Value/StringWithMarkup/2/Markup/0/Type,string,Superscript
/Record/Section/2/Section/1/Information/1/Value/StringWithMarkup/3/String,string,87Rb
/Record/Section/2/Section/1/Information/1/Value/StringWithMarkup/3/Markup/0/Start,number,0
/Record/Section/2/Section/1/Information/1/Value/StringWithMarkup/3/Markup/0/Length,number,2
/Record/Section/2/Section/1/Information/1/Value/StringWithMarkup/3/Markup/0/Type,string,Superscript
/Record/Section/2/Section/1/Information/1/Value/StringWithMarkup/4/String,string,85Rb
/Record/Section/2/Section/1/Information/1/Value/StringWithMarkup/4/Markup/0/Start,number,0
/Record/Section/2/Section/1/Information/1/Value/StringWithMarkup/4/Markup/0/Length,number,2
/Record/Section/2/Section/1/Information/1/Value/StringWithMarkup/4/Markup/0/Type,string,Superscript
/Record/Section/2/Section/1/Information/1/Value/StringWithMarkup/5/String,string,87Rb
/Record/Section/2/Section/1/Information/1/Value/StringWithMarkup/5/Markup/0/Start,number,0
/Record/Section/2/Section/1/Information/1/Value/StringWithMarkup/5/Markup/0/Length,number,2
/Record/Section/2/Section/1/Information/1/Value/StringWithMarkup/5/Markup/0/Type,string,Superscript
/Record/Section/2/Section/1/Information/1/Value/StringWithMarkup/6/String,string,85Rb
/Record/Section/2/Section/1/Information/1/Value/StringWithMarkup/6/Markup/0/Start,number,0
/Record/Section/2/Section/1/Information/1/Value/StringWithMarkup/6/Markup/0/Length,number,2
/Record/Section/2/Section/1/Information/1/Value/StringWithMarkup/6/Markup/0/Type,string,Superscript
/Record/Section/2/Section/1/Information/1/Value/StringWithMarkup/7/String,string,87Rb
/Record/Section/2/Section/1/Information/1/Value/StringWithMarkup/7/Markup/0/Start,number,0
/Record/Section/2/Section/1/Information/1/Value/StringWithMarkup/7/Markup/0/Length,number,2
/Record/Section/2/Section/1/Information/1/Value/StringWithMarkup/7/Markup/0/Type,string,Superscript
/Record/Section/2/Section/1/Information/2/ReferenceNumber,number,3
/Record/Section/2/Section/1/Information/2/Name,string,Abundance (uncertainty)
/Record/Section/2/Section/1/Information/2/Value/StringWithMarkup/0/String,string,0.7217(2)
/Record/Section/2/Section/1/Information/2/Value/StringWithMarkup/1/String,string,0.2783(2)
/Record/Section/2/Section/1/Information/2/Value/StringWithMarkup/2/String,string,0.721 65(20)
/Record/Section/2/Section/1/Information/2/Value/StringWithMarkup/3/String,string,0.278 35(20)
/Record/Section/2/Section/1/Information/2/Value/StringWithMarkup/4/String,string,0.7217(2)
/Record/Section/2/Section/1/Information/2/Value/StringWithMarkup/5/String,string,0.2783(2)
/Record/Section/2/Section/1/Information/2/Value/StringWithMarkup/6/String,string,0.7217
/Record/Section/2/Section/1/Information/2/Value/StringWithMarkup/7/String,string,0.2783
/Record/Section/2/Section/1/Information/3/ReferenceNumber,number,3
/Record/Section/2/Section/1/Information/3/Name,string,Reference
/Record/Section/2/Section/1/Information/3/Value/StringWithMarkup/0/String,string,doi:10.1351/pac199870010217
/Record/Section/2/Section/1/Information/3/Value/StringWithMarkup/0/Markup/0/Start,number,0
/Record/Section/2/Section/1/Information/3/Value/StringWithMarkup/0/Markup/0/Length,number,27
/Record/Section/2/Section/1/Information/3/Value/StringWithMarkup/0/Markup/0/URL,string,https://doi.org/10.1351/pac199870010217
/Record/Section/2/Section/1/Information/3/Value/StringWithMarkup/1/String,string,doi:10.1351/pac199870010217
/Record/Section/2/Section/1/Information/3/Value/StringWithMarkup/1/Markup/0/Start,number,0
/Record/Section/2/Section/1/Information/3/Value/StringWithMarkup/1/Markup/0/Length,number,27
/Record/Section/2/Section/1/Information/3/Value/StringWithMarkup/1/Markup/0/URL,string,https://doi.org/10.1351/pac199870010217
/Record/Section/2/Section/1/Information/3/Value/StringWithMarkup/2/String,string,doi:10.1351/pac199163070991
/Record/Section/2/Section/1/Information/3/Value/StringWithMarkup/2/Markup/0/Start,number,0
/Record/Section/2/Section/1/Information/3/Value/StringWithMarkup/2/Markup/0/Length,number,27
/Record/Section/2/Section/1/Information/3/Value/StringWithMarkup/2/Markup/0/URL,string,https://doi.org/10.1351/pac199163070991
/Record/Section/2/Section/1/Information/3/Value/StringWithMarkup/3/String,string,doi:10.1351/pac199163070991
/Record/Section/2/Section/1/Information/3/Value/StringWithMarkup/3/Markup/0/Start,number,0
/Record/Section/2/Section/1/Information/3/Value/StringWithMarkup/3/Markup/0/Length,number,27
/Record/Section/2/Section/1/Information/3/Value/StringWithMarkup/3/Markup/0/URL,string,https://doi.org/10.1351/pac199163070991
/Record/Section/2/Section/1/Information/3/Value/StringWithMarkup/4/String,string,doi:10.1351/pac198052102349
/Record/Section/2/Section/1/Information/3/Value/StringWithMarkup/4/Markup/0/Start,number,0
/Record/Section/2/Section/1/Information/3/Value/StringWithMarkup/4/Markup/0/Length,number,27
/Record/Section/2/Section/1/Information/3/Value/StringWithMarkup/4/Markup/0/URL,string,https://doi.org/10.1351/pac198052102349
/Record/Section/2/Section/1/Information/3/Value/StringWithMarkup/5/String,string,doi:10.1351/pac198052102349
/Record/Section/2/Section/1/Information/3/Value/StringWithMarkup/5/Markup/0/Start,number,0
/Record/Section/2/Section/1/Information/3/Value/StringWithMarkup/5/Markup/0/Length,number,27
/Record/Section/2/Section/1/Information/3/Value/StringWithMarkup/5/Markup/0/URL,string,https://doi.org/10.1351/pac198052102349
/Record/Section/2/Section/1/Information/3/Value/StringWithMarkup/6/String,string,doi:10.1351/pac197647010075
/Record/Section/2/Section/1/Information/3/Value/StringWithMarkup/6/Markup/0/Start,number,0
/Record/Section/2/Section/1/Information/3/Value/StringWithMarkup/6/Markup/0/Length,number,27
/Record/Section/2/Section/1/Information/3/Value/StringWithMarkup/6/Markup/0/URL,string,https://doi.org/10.1351/pac197647010075
/Record/Section/2/Section/1/Information/3/Value/StringWithMarkup/7/String,string,doi:10.1351/pac197647010075
/Record/Section/2/Section/1/Information/3/Value/StringWithMarkup/7/Markup/0/Start,number,0
/Record/Section/2/Section/1/Information/3/Value/StringWithMarkup/7/Markup/0/Length,number,27
/Record/Section/2/Section/1/Information/3/Value/StringWithMarkup/7/Markup/0/URL,string,https://doi.org/10.1351/pac197647010075
/Record/Section/3/TOCHeading,string,Description
/Record/Section/3/Description,string,"A short description of this element, provided by authoritative sources."
/Record/Section/3/Information/0/ReferenceNumber,number,6
/Record/Section/3/Information/0/Value/StringWithMarkup/0/String,string,"Rubidium can be liquid at room temperature. It is a soft, silvery-white metallic element of the alkali group and is the second most electropositive and alkaline element. It ignites spontaneously in air and reacts violently in water, setting fire to the liberated hydrogen. As with other alkali metals, it forms amalgams with mercury and it alloys with gold, cesium, sodium, and potassium. It colors a flame yellowish violet. Rubidium metal can be prepared by reducing rubidium chloride with calcium, and by a number of other methods. It must be kept under a dry mineral oil or in a vacuum or inert atmosphere."
/Record/Section/4/TOCHeading,string,Uses
/Record/Section/4/Description,string,Uses of this element in industry and other fields.
/Record/Section/4/Information/0/ReferenceNumber,number,5
/Record/Section/4/Information/0/Value/StringWithMarkup/0/String,string,"Rubidium is used in vacuum tubes as a getter, a material that combines with and removes trace gases from vacuum tubes. It is also used in the manufacture of photocells and in special glasses. Since it is easily ionized, it might be used as a propellant in ion engines on spacecraft. Recent discoveries of large deposits of rubidium suggest that its usefulness will increase as its properties become better understood."
/Record/Section/4/Information/0/Value/StringWithMarkup/1/String,string,"Rubidium forms a large number of compounds, although none of them has any significant commercial application. Some of the common rubidium compounds are: rubidium chloride (RbCl), rubidium monoxide (Rb2O) and rubidium copper sulfate Rb2SO4·CuSO4·6H20). A compound of rubidium, silver and iodine, RbAg4I5, has interesting electrical characteristics and might be useful in thin film batteries."
/Record/Section/4/Information/0/Value/StringWithMarkup/1/Markup/0/Start,number,200
/Record/Section/4/Information/0/Value/StringWithMarkup/1/Markup/0/Length,number,1
/Record/Section/4/Information/0/Value/StringWithMarkup/1/Markup/0/Type,string,Subscript
/Record/Section/4/Information/0/Value/StringWithMarkup/1/Markup/1/Start,number,234
/Record/Section/4/Information/0/Value/StringWithMarkup/1/Markup/1/Length,number,1
/Record/Section/4/Information/0/Value/StringWithMarkup/1/Markup/1/Type,string,Subscript
/Record/Section/4/Information/0/Value/StringWithMarkup/1/Markup/2/Start,number,237
/Record/Section/4/Information/0/Value/StringWithMarkup/1/Markup/2/Length,number,1
/Record/Section/4/Information/0/Value/StringWithMarkup/1/Markup/2/Type,string,Subscript
/Record/Section/4/Information/0/Value/StringWithMarkup/1/Markup/3/Start,number,243
/Record/Section/4/Information/0/Value/StringWithMarkup/1/Markup/3/Length,number,1
/Record/Section/4/Information/0/Value/StringWithMarkup/1/Markup/3/Type,string,Subscript
/Record/Section/4/Information/0/Value/StringWithMarkup/1/Markup/4/Start,number,247
/Record/Section/4/Information/0/Value/StringWithMarkup/1/Markup/4/Length,number,1
/Record/Section/4/Information/0/Value/StringWithMarkup/1/Markup/4/Type,string,Subscript
/Record/Section/4/Information/0/Value/StringWithMarkup/1/Markup/5/Start,number,299
/Record/Section/4/Information/0/Value/StringWithMarkup/1/Markup/5/Length,number,1
/Record/Section/4/Information/0/Value/StringWithMarkup/1/Markup/5/Type,string,Subscript
/Record/Section/4/Information/0/Value/StringWithMarkup/1/Markup/6/Start,number,301
/Record/Section/4/Information/0/Value/StringWithMarkup/1/Markup/6/Length,number,1
/Record/Section/4/Information/0/Value/StringWithMarkup/1/Markup/6/Type,string,Subscript
/Record/Section/4/Information/1/ReferenceNumber,number,6
/Record/Section/4/Information/1/Value/StringWithMarkup/0/String,string,"Because rubidium can be easily ionized, it has been considered for use in ""ion engines"" for space vehicles; however, cesium is somewhat more efficient for this purpose. It is also proposed for use as a working fluid for vapor turbines and for use in a thermoelectric generator using the magnetohydrodynamic principle where rubidium ions are formed by heat at high temperature and passed through a magnetic field. These conduct electricity and act like an amature of a generator thereby generating an electric current. Rubidium is used as a getter in vacuum tubes and as a photocell component. It has been used in making special glasses. RbAg4I5 is important, as it has the highest room conductivity of any known ionic crystal. At 20°C its conductivity is about the same as dilute sulfuric acid. This suggests use in thin film batteries and other applications."
/Record/Section/4/Information/1/Value/StringWithMarkup/0/Markup/0/Start,number,641
/Record/Section/4/Information/1/Value/StringWithMarkup/0/Markup/0/Length,number,1
/Record/Section/4/Information/1/Value/StringWithMarkup/0/Markup/0/Type,string,Subscript
/Record/Section/4/Information/1/Value/StringWithMarkup/0/Markup/1/Start,number,643
/Record/Section/4/Information/1/Value/StringWithMarkup/0/Markup/1/Length,number,1
/Record/Section/4/Information/1/Value/StringWithMarkup/0/Markup/1/Type,string,Subscript
/Record/Section/5/TOCHeading,string,Sources
/Record/Section/5/Description,string,Sources of this element.
/Record/Section/5/Information/0/ReferenceNumber,number,6
/Record/Section/5/Information/0/Value/StringWithMarkup/0/String,string,"The element is much more abundant than was thought several years ago. It is now considered to be the 16th most abundant element in the earth's crust. Rubidium occurs in pollucite, leucite, and zinnwaldite, which contains traces up to 1%, in the form of the oxide. It is found in lepidolite to the extent of about 1.5%, and is recovered commercially from this source. Potassium minerals, such as those found at Searles Lake, California, and potassium chloride recovered from the brines in Michigan also contain the element and are commercial sources. It is also found along with cesium in the extensive deposits of pollucite at Bernic Lake, Manitoba."
/Record/Section/6/TOCHeading,string,Compounds
/Record/Section/6/Description,string,Compound records related to this element.
/Record/Section/6/Information/0/ReferenceNumber,number,8
/Record/Section/6/Information/0/Name,string,Compounds
/Record/Section/6/Information/0/URL,string,https://pubchem.ncbi.nlm.nih.gov/#query=Rubidium
/Record/Section/6/Information/0/Value/StringWithMarkup/0/String,string,See more information at the Rubidium compound page.
/Record/Section/6/Section/0/TOCHeading,string,Element Forms
/Record/Section/6/Section/0/Description,string,"Other forms of this element, including ions, isotopes, etc."
/Record/Section/6/Section/0/DisplayControls/CreateTable/FromInformationIn,string,ThisSection
/Record/Section/6/Section/0/DisplayControls/CreateTable/NumberOfColumns,number,5
/Record/Section/6/Section/0/DisplayControls/CreateTable/ColumnsFromNamedLists/Name/0,string,CID
/Record/Section/6/Section/0/DisplayControls/CreateTable/ColumnsFromNamedLists/Name/1,string,Name
/Record/Section/6/Section/0/DisplayControls/CreateTable/ColumnsFromNamedLists/Name/2,string,Formula
/Record/Section/6/Section/0/DisplayControls/CreateTable/ColumnsFromNamedLists/Name/3,string,SMILES
/Record/Section/6/Section/0/DisplayControls/CreateTable/ColumnsFromNamedLists/Name/4,string,Molecular Weight
/Record/Section/6/Section/0/DisplayControls/CreateTable/ColumnsFromNamedLists/UseNamesAsColumnHeadings,boolean,true
/Record/Section/6/Section/0/Information/0/ReferenceNumber,number,8
/Record/Section/6/Section/0/Information/0/Name,string,CID
/Record/Section/6/Section/0/Information/0/Value/StringWithMarkup/0/String,string,5357696
/Record/Section/6/Section/0/Information/0/Value/StringWithMarkup/0/Markup/0/Start,number,0
/Record/Section/6/Section/0/Information/0/Value/StringWithMarkup/0/Markup/0/Length,number,7
/Record/Section/6/Section/0/Information/0/Value/StringWithMarkup/0/Markup/0/URL,string,https://pubchem.ncbi.nlm.nih.gov/compound/5357696
/Record/Section/6/Section/0/Information/0/Value/StringWithMarkup/1/String,string,105153
/Record/Section/6/Section/0/Information/0/Value/StringWithMarkup/1/Markup/0/Start,number,0
/Record/Section/6/Section/0/Information/0/Value/StringWithMarkup/1/Markup/0/Length,number,6
/Record/Section/6/Section/0/Information/0/Value/StringWithMarkup/1/Markup/0/URL,string,https://pubchem.ncbi.nlm.nih.gov/compound/105153
/Record/Section/6/Section/0/Information/0/Value/StringWithMarkup/2/String,string,5464265
/Record/Section/6/Section/0/Information/0/Value/StringWithMarkup/2/Markup/0/Start,number,0
/Record/Section/6/Section/0/Information/0/Value/StringWithMarkup/2/Markup/0/Length,number,7
/Record/Section/6/Section/0/Information/0/Value/StringWithMarkup/2/Markup/0/URL,string,https://pubchem.ncbi.nlm.nih.gov/compound/5464265
/Record/Section/6/Section/0/Information/0/Value/StringWithMarkup/3/String,string,10176083
/Record/Section/6/Section/0/Information/0/Value/StringWithMarkup/3/Markup/0/Start,number,0
/Record/Section/6/Section/0/Information/0/Value/StringWithMarkup/3/Markup/0/Length,number,8
/Record/Section/6/Section/0/Information/0/Value/StringWithMarkup/3/Markup/0/URL,string,https://pubchem.ncbi.nlm.nih.gov/compound/10176083
/Record/Section/6/Section/0/Information/0/Value/StringWithMarkup/4/String,string,6335499
/Record/Section/6/Section/0/Information/0/Value/StringWithMarkup/4/Markup/0/Start,number,0
/Record/Section/6/Section/0/Information/0/Value/StringWithMarkup/4/Markup/0/Length,number,7
/Record/Section/6/Section/0/Information/0/Value/StringWithMarkup/4/Markup/0/URL,string,https://pubchem.ncbi.nlm.nih.gov/compound/6335499
/Record/Section/6/Section/0/Information/0/Value/StringWithMarkup/5/String,string,6335802
/Record/Section/6/Section/0/Information/0/Value/StringWithMarkup/5/Markup/0/Start,number,0
/Record/Section/6/Section/0/Information/0/Value/StringWithMarkup/5/Markup/0/Length,number,7
/Record/Section/6/Section/0/Information/0/Value/StringWithMarkup/5/Markup/0/URL,string,https://pubchem.ncbi.nlm.nih.gov/compound/6335802
/Record/Section/6/Section/0/Information/0/Value/StringWithMarkup/6/String,string,6337092
/Record/Section/6/Section/0/Information/0/Value/StringWithMarkup/6/Markup/0/Start,number,0
/Record/Section/6/Section/0/Information/0/Value/StringWithMarkup/6/Markup/0/Length,number,7
/Record/Section/6/Section/0/Information/0/Value/StringWithMarkup/6/Markup/0/URL,string,https://pubchem.ncbi.nlm.nih.gov/compound/6337092
/Record/Section/6/Section/0/Information/0/Value/StringWithMarkup/7/String,string,6337108
/Record/Section/6/Section/0/Information/0/Value/StringWithMarkup/7/Markup/0/Start,number,0
/Record/Section/6/Section/0/Information/0/Value/StringWithMarkup/7/Markup/0/Length,number,7
/Record/Section/6/Section/0/Information/0/Value/StringWithMarkup/7/Markup/0/URL,string,https://pubchem.ncbi.nlm.nih.gov/compound/6337108
/Record/Section/6/Section/0/Information/0/Value/StringWithMarkup/8/String,string,25087142
/Record/Section/6/Section/0/Information/0/Value/StringWithMarkup/8/Markup/0/Start,number,0
/Record/Section/6/Section/0/Information/0/Value/StringWithMarkup/8/Markup/0/Length,number,8
/Record/Section/6/Section/0/Information/0/Value/StringWithMarkup/8/Markup/0/URL,string,https://pubchem.ncbi.nlm.nih.gov/compound/25087142
/Record/Section/6/Section/0/Information/0/Value/StringWithMarkup/9/String,string,6337037
/Record/Section/6/Section/0/Information/0/Value/StringWithMarkup/9/Markup/0/Start,number,0
/Record/Section/6/Section/0/Information/0/Value/StringWithMarkup/9/Markup/0/Length,number,7
/Record/Section/6/Section/0/Information/0/Value/StringWithMarkup/9/Markup/0/URL,string,https://pubchem.ncbi.nlm.nih.gov/compound/6337037
/Record/Section/6/Section/0/Information/0/Value/StringWithMarkup/10/String,string,6337063
/Record/Section/6/Section/0/Information/0/Value/StringWithMarkup/10/Markup/0/Start,number,0
/Record/Section/6/Section/0/Information/0/Value/StringWithMarkup/10/Markup/0/Length,number,7
/Record/Section/6/Section/0/Information/0/Value/StringWithMarkup/10/Markup/0/URL,string,https://pubchem.ncbi.nlm.nih.gov/compound/6337063
/Record/Section/6/Section/0/Information/0/Value/StringWithMarkup/11/String,string,6337102
/Record/Section/6/Section/0/Information/0/Value/StringWithMarkup/11/Markup/0/Start,number,0
/Record/Section/6/Section/0/Information/0/Value/StringWithMarkup/11/Markup/0/Length,number,7
/Record/Section/6/Section/0/Information/0/Value/StringWithMarkup/11/Markup/0/URL,string,https://pubchem.ncbi.nlm.nih.gov/compound/6337102
/Record/Section/6/Section/0/Information/0/Value/StringWithMarkup/12/String,string,6337555
/Record/Section/6/Section/0/Information/0/Value/StringWithMarkup/12/Markup/0/Start,number,0
/Record/Section/6/Section/0/Information/0/Value/StringWithMarkup/12/Markup/0/Length,number,7
/Record/Section/6/Section/0/Information/0/Value/StringWithMarkup/12/Markup/0/URL,string,https://pubchem.ncbi.nlm.nih.gov/compound/6337555
/Record/Section/6/Section/0/Information/0/Value/StringWithMarkup/13/String,string,156022707
/Record/Section/6/Section/0/Information/0/Value/StringWithMarkup/13/Markup/0/Start,number,0
/Record/Section/6/Section/0/Information/0/Value/StringWithMarkup/13/Markup/0/Length,number,9
/Record/Section/6/Section/0/Information/0/Value/StringWithMarkup/13/Markup/0/URL,string,https://pubchem.ncbi.nlm.nih.gov/compound/156022707
/Record/Section/6/Section/0/Information/0/Value/StringWithMarkup/14/String,string,44154479
/Record/Section/6/Section/0/Information/0/Value/StringWithMarkup/14/Markup/0/Start,number,0
/Record/Section/6/Section/0/Information/0/Value/StringWithMarkup/14/Markup/0/Length,number,8
/Record/Section/6/Section/0/Information/0/Value/StringWithMarkup/14/Markup/0/URL,string,https://pubchem.ncbi.nlm.nih.gov/compound/44154479
/Record/Section/6/Section/0/Information/0/Value/StringWithMarkup/15/String,string,10219374
/Record/Section/6/Section/0/Information/0/Value/StringWithMarkup/15/Markup/0/Start,number,0
/Record/Section/6/Section/0/Information/0/Value/StringWithMarkup/15/Markup/0/Length,number,8
/Record/Section/6/Section/0/Information/0/Value/StringWithMarkup/15/Markup/0/URL,string,https://pubchem.ncbi.nlm.nih.gov/compound/10219374
/Record/Section/6/Section/0/Information/0/Value/StringWithMarkup/16/String,string,24880815
/Record/Section/6/Section/0/Information/0/Value/StringWithMarkup/16/Markup/0/Start,number,0
/Record/Section/6/Section/0/Information/0/Value/StringWithMarkup/16/Markup/0/Length,number,8
/Record/Section/6/Section/0/Information/0/Value/StringWithMarkup/16/Markup/0/URL,string,https://pubchem.ncbi.nlm.nih.gov/compound/24880815
/Record/Section/6/Section/0/Information/1/ReferenceNumber,number,8
/Record/Section/6/Section/0/Information/1/Name,string,Name
/Record/Section/6/Section/0/Information/1/Value/StringWithMarkup/0/String,string,rubidium
/Record/Section/6/Section/0/Information/1/Value/StringWithMarkup/1/String,string,rubidium(1+)
/Record/Section/6/Section/0/Information/1/Value/StringWithMarkup/2/String,string,rubidium-82
/Record/Section/6/Section/0/Information/1/Value/StringWithMarkup/3/String,string,rubidium-82(1+)
/Record/Section/6/Section/0/Information/1/Value/StringWithMarkup/4/String,string,rubidium-86
/Record/Section/6/Section/0/Information/1/Value/StringWithMarkup/5/String,string,rubidium-87
/Record/Section/6/Section/0/Information/1/Value/StringWithMarkup/6/String,string,rubidium-84
/Record/Section/6/Section/0/Information/1/Value/StringWithMarkup/7/String,string,rubidium-81
/Record/Section/6/Section/0/Information/1/Value/StringWithMarkup/8/String,string,rubidium-85
/Record/Section/6/Section/0/Information/1/Value/StringWithMarkup/9/String,string,rubidium-89
/Record/Section/6/Section/0/Information/1/Value/StringWithMarkup/10/String,string,rubidium-88
/Record/Section/6/Section/0/Information/1/Value/StringWithMarkup/11/String,string,rubidium-83
/Record/Section/6/Section/0/Information/1/Value/StringWithMarkup/12/String,string,rubidium-79
/Record/Section/6/Section/0/Information/1/Value/StringWithMarkup/13/String,string,rubidium-85(1+)
/Record/Section/6/Section/0/Information/1/Value/StringWithMarkup/14/String,string,rubidium-80
/Record/Section/6/Section/0/Information/1/Value/StringWithMarkup/15/String,string,rubidium-86(1+)
/Record/Section/6/Section/0/Information/1/Value/StringWithMarkup/16/String,string,rubidium-81(1+)
/Record/Section/6/Section/0/Information/2/ReferenceNumber,number,8
/Record/Section/6/Section/0/Information/2/Name,string,Formula
/Record/Section/6/Section/0/Information/2/Value/StringWithMarkup/0/String,string,Rb
/Record/Section/6/Section/0/Information/2/Value/StringWithMarkup/1/String,string,Rb+
/Record/Section/6/Section/0/Information/2/Value/StringWithMarkup/2/String,string,Rb
/Record/Section/6/Section/0/Information/2/Value/StringWithMarkup/3/String,string,Rb+
/Record/Section/6/Section/0/Information/2/Value/StringWithMarkup/4/String,string,Rb
/Record/Section/6/Section/0/Information/2/Value/StringWithMarkup/5/String,string,Rb
/Record/Section/6/Section/0/Information/2/Value/StringWithMarkup/6/String,string,Rb
/Record/Section/6/Section/0/Information/2/Value/StringWithMarkup/7/String,string,Rb
/Record/Section/6/Section/0/Information/2/Value/StringWithMarkup/8/String,string,Rb
/Record/Section/6/Section/0/Information/2/Value/StringWithMarkup/9/String,string,Rb
/Record/Section/6/Section/0/Information/2/Value/StringWithMarkup/10/String,string,Rb
/Record/Section/6/Section/0/Information/2/Value/StringWithMarkup/11/String,string,Rb
/Record/Section/6/Section/0/Information/2/Value/StringWithMarkup/12/String,string,Rb
/Record/Section/6/Section/0/Information/2/Value/StringWithMarkup/13/String,string,Rb+
/Record/Section/6/Section/0/Information/2/Value/StringWithMarkup/14/String,string,Rb
/Record/Section/6/Section/0/Information/2/Value/StringWithMarkup/15/String,string,Rb+
/Record/Section/6/Section/0/Information/2/Value/StringWithMarkup/16/String,string,Rb+
/Record/Section/6/Section/0/Information/3/ReferenceNumber,number,8
/Record/Section/6/Section/0/Information/3/Name,string,SMILES
/Record/Section/6/Section/0/Information/3/Value/StringWithMarkup/0/String,string,[Rb]
/Record/Section/6/Section/0/Information/3/Value/StringWithMarkup/1/String,string,[Rb+]
/Record/Section/6/Section/0/Information/3/Value/StringWithMarkup/2/String,string,[82Rb]
/Record/Section/6/Section/0/Information/3/Value/StringWithMarkup/3/String,string,[82Rb+]
/Record/Section/6/Section/0/Information/3/Value/StringWithMarkup/4/String,string,[86Rb]
/Record/Section/6/Section/0/Information/3/Value/StringWithMarkup/5/String,string,[87Rb]
/Record/Section/6/Section/0/Information/3/Value/StringWithMarkup/6/String,string,[84Rb]
/Record/Section/6/Section/0/Information/3/Value/StringWithMarkup/7/String,string,[81Rb]
/Record/Section/6/Section/0/Information/3/Value/StringWithMarkup/8/String,string,[85Rb]
/Record/Section/6/Section/0/Information/3/Value/StringWithMarkup/9/String,string,[89Rb]
/Record/Section/6/Section/0/Information/3/Value/StringWithMarkup/10/String,string,[88Rb]
/Record/Section/6/Section/0/Information/3/Value/StringWithMarkup/11/String,string,[83Rb]
/Record/Section/6/Section/0/Information/3/Value/StringWithMarkup/12/String,string,[79Rb]
/Record/Section/6/Section/0/Information/3/Value/StringWithMarkup/13/String,string,[85Rb+]
/Record/Section/6/Section/0/Information/3/Value/StringWithMarkup/14/String,string,[80Rb]
/Record/Section/6/Section/0/Information/3/Value/StringWithMarkup/15/String,string,[86Rb+]
/Record/Section/6/Section/0/Information/3/Value/StringWithMarkup/16/String,string,[81Rb+]
/Record/Section/6/Section/0/Information/4/ReferenceNumber,number,8
/Record/Section/6/Section/0/Information/4/Name,string,Molecular Weight
/Record/Section/6/Section/0/Information/4/Value/StringWithMarkup/0/String,string,85.468
/Record/Section/6/Section/0/Information/4/Value/StringWithMarkup/1/String,string,85.468
/Record/Section/6/Section/0/Information/4/Value/StringWithMarkup/2/String,string,81.91821
/Record/Section/6/Section/0/Information/4/Value/StringWithMarkup/3/String,string,81.91821
/Record/Section/6/Section/0/Information/4/Value/StringWithMarkup/4/String,string,85.911167
/Record/Section/6/Section/0/Information/4/Value/StringWithMarkup/5/String,string,86.90918053
/Record/Section/6/Section/0/Information/4/Value/StringWithMarkup/6/String,string,83.91438
/Record/Section/6/Section/0/Information/4/Value/StringWithMarkup/7/String,string,80.91899
/Record/Section/6/Section/0/Information/4/Value/StringWithMarkup/8/String,string,84.91178974
/Record/Section/6/Section/0/Information/4/Value/StringWithMarkup/9/String,string,88.91228
/Record/Section/6/Section/0/Information/4/Value/StringWithMarkup/10/String,string,87.911316
/Record/Section/6/Section/0/Information/4/Value/StringWithMarkup/11/String,string,82.91511
/Record/Section/6/Section/0/Information/4/Value/StringWithMarkup/12/String,string,78.92399
/Record/Section/6/Section/0/Information/4/Value/StringWithMarkup/13/String,string,84.91178974
/Record/Section/6/Section/0/Information/4/Value/StringWithMarkup/14/String,string,79.92252
/Record/Section/6/Section/0/Information/4/Value/StringWithMarkup/15/String,string,85.911167
/Record/Section/6/Section/0/Information/4/Value/StringWithMarkup/16/String,string,80.91899
/Record/Section/7/TOCHeading,string,Isotopes
/Record/Section/7/Description,string,Isotopes are nuclides having the same atomic number but different mass numbers.  This section provides information on the isotopes of this element and their uses in various fields.
/Record/Section/7/URL,string,https://chem.libretexts.org/Courses/Furman_University/CHM101%3A_Chemistry_and_Global_Awareness_(Gordon)/03%3A_Atoms_and_the_Periodic_Table/3.05%3A_Isotopes
/Record/Section/7/Information/0/ReferenceNumber,number,5
/Record/Section/7/Information/0/Name,string,Stable Isotope Count
/Record/Section/7/Information/0/Value/StringWithMarkup/0/String,string,1
/Record/Section/7/Information/1/ReferenceNumber,number,6
/Record/Section/7/Information/1/Name,string,Summary
/Record/Section/7/Information/1/Value/StringWithMarkup/0/String,string,"Twenty four isotopes of rubidium are known. Naturally occurring rubidium is made of two isotopes, 85Rb and 87Rb. Rubidium-87 is present to the extent of 27.85% in natural rubidium and is a beta emitter with a half-life of 4.9 x 1010 years. Ordinary rubidium is sufficiently radioactive to expose a photographic film in about 30 to 60 days. Rubidium forms four oxides: Rb2O, Rb2O2, Rb2O3, Rb2O4."
/Record/Section/7/Information/1/Value/StringWithMarkup/0/Markup/0/Start,number,98
/Record/Section/7/Information/1/Value/StringWithMarkup/0/Markup/0/Length,number,2
/Record/Section/7/Information/1/Value/StringWithMarkup/0/Markup/0/Type,string,Superscript
/Record/Section/7/Information/1/Value/StringWithMarkup/0/Markup/1/Start,number,107
/Record/Section/7/Information/1/Value/StringWithMarkup/0/Markup/1/Length,number,2
/Record/Section/7/Information/1/Value/StringWithMarkup/0/Markup/1/Type,string,Superscript
/Record/Section/7/Information/1/Value/StringWithMarkup/0/Markup/2/Start,number,230
/Record/Section/7/Information/1/Value/StringWithMarkup/0/Markup/2/Length,number,2
/Record/Section/7/Information/1/Value/StringWithMarkup/0/Markup/2/Type,string,Superscript
/Record/Section/7/Information/1/Value/StringWithMarkup/0/Markup/3/Start,number,370
/Record/Section/7/Information/1/Value/StringWithMarkup/0/Markup/3/Length,number,1
/Record/Section/7/Information/1/Value/StringWithMarkup/0/Markup/3/Type,string,Subscript
/Record/Section/7/Information/1/Value/StringWithMarkup/0/Markup/4/Start,number,376
/Record/Section/7/Information/1/Value/StringWithMarkup/0/Markup/4/Length,number,1
/Record/Section/7/Information/1/Value/StringWithMarkup/0/Markup/4/Type,string,Subscript
/Record/Section/7/Information/1/Value/StringWithMarkup/0/Markup/5/Start,number,378
/Record/Section/7/Information/1/Value/StringWithMarkup/0/Markup/5/Length,number,1
/Record/Section/7/Information/1/Value/StringWithMarkup/0/Markup/5/Type,string,Subscript
/Record/Section/7/Information/1/Value/StringWithMarkup/0/Markup/6/Start,number,383
/Record/Section/7/Information/1/Value/StringWithMarkup/0/Markup/6/Length,number,1
/Record/Section/7/Information/1/Value/StringWithMarkup/0/Markup/6/Type,string,Subscript
/Record/Section/7/Information/1/Value/StringWithMarkup/0/Markup/7/Start,number,385
/Record/Section/7/Information/1/Value/StringWithMarkup/0/Markup/7/Length,number,1
/Record/Section/7/Information/1/Value/StringWithMarkup/0/Markup/7/Type,string,Subscript
/Record/Section/7/Information/1/Value/StringWithMarkup/0/Markup/8/Start,number,390
/Record/Section/7/Information/1/Value/StringWithMarkup/0/Markup/8/Length,number,1
/Record/Section/7/Information/1/Value/StringWithMarkup/0/Markup/8/Type,string,Subscript
/Record/Section/7/Information/1/Value/StringWithMarkup/0/Markup/9/Start,number,392
/Record/Section/7/Information/1/Value/StringWithMarkup/0/Markup/9/Length,number,1
/Record/Section/7/Information/1/Value/StringWithMarkup/0/Markup/9/Type,string,Subscript
/Record/Section/7/Section/0/TOCHeading,string,Isotopes in Biology
/Record/Section/7/Section/0/Description,string,Information on the use of this element's isotopes in biology.
/Record/Section/7/Section/0/Information/0/ReferenceNumber,number,4
/Record/Section/7/Section/0/Information/0/Reference/0,string,"[110]  AUS-e-TUTE for Astute Science Students. Chemistry Tutorial: Summary of Radioactive Particles, Isotopes, Properties and Uses, AUS-e-TUTE for Astute Science Students (2014), Feb. 24; http://www.ausetute.com.au/nuclesum.html."
/Record/Section/7/Section/0/Information/0/Reference/1,string,"[291]  S. Tomlinson, S. K. Maloney, P. C. Withers, C. C. Voigt, A. P. Cruz-Neto. Methods Ecol. Evol.4, 619 (2013)."
/Record/Section/7/Section/0/Information/0/ExtendedReference/0/Citation,string,"[110]  AUS-e-TUTE for Astute Science Students. Chemistry Tutorial: Summary of Radioactive Particles, Isotopes, Properties and Uses, AUS-e-TUTE for Astute Science Students (2014), Feb. 24; http://www.ausetute.com.au/nuclesum.html."
/Record/Section/7/Section/0/Information/0/ExtendedReference/1/Citation,string,"[291]  S. Tomlinson, S. K. Maloney, P. C. Withers, C. C. Voigt, A. P. Cruz-Neto. Methods Ecol. Evol.4, 619 (2013)."
/Record/Section/7/Section/0/Information/0/Value/StringWithMarkup/0/String,string,"Due to biological similarities between rubidium and potassium, the radionuclide 86Rb (with a half-life of 18.7 days) is used as a tracer in biological or medical investigations for applications where the half-life of the radioactive-tracer 42K (half-life of 0.5 day) is too short [110]. 86Rb (with a half-life of 18.7 days) has been used measure the metabolism in small vertebrates (Fig. IUPAC.37.1), such as dunnarts (furry, narrow-footed marsupials about the size of a mouse) [291]. The advantage of this technique over the standard doubly labelled water method, using water enriched in 2H and 18O, include lower equipment requirements, lower technical expertise, and longer time spans over which measurements can be made. This technique could be very useful for measuring the metabolism of amphibians and insects."
/Record/Section/7/Section/0/Information/0/Value/StringWithMarkup/0/Markup/0/Start,number,80
/Record/Section/7/Section/0/Information/0/Value/StringWithMarkup/0/Markup/0/Length,number,2
/Record/Section/7/Section/0/Information/0/Value/StringWithMarkup/0/Markup/0/Type,string,Superscript
/Record/Section/7/Section/0/Information/0/Value/StringWithMarkup/0/Markup/1/Start,number,240
/Record/Section/7/Section/0/Information/0/Value/StringWithMarkup/0/Markup/1/Length,number,2
/Record/Section/7/Section/0/Information/0/Value/StringWithMarkup/0/Markup/1/Type,string,Superscript
/Record/Section/7/Section/0/Information/0/Value/StringWithMarkup/0/Markup/2/Start,number,287
/Record/Section/7/Section/0/Information/0/Value/StringWithMarkup/0/Markup/2/Length,number,2
/Record/Section/7/Section/0/Information/0/Value/StringWithMarkup/0/Markup/2/Type,string,Superscript
/Record/Section/7/Section/0/Information/0/Value/StringWithMarkup/0/Markup/3/Start,number,589
/Record/Section/7/Section/0/Information/0/Value/StringWithMarkup/0/Markup/3/Length,number,1
/Record/Section/7/Section/0/Information/0/Value/StringWithMarkup/0/Markup/3/Type,string,Superscript
/Record/Section/7/Section/0/Information/0/Value/StringWithMarkup/0/Markup/4/Start,number,596
/Record/Section/7/Section/0/Information/0/Value/StringWithMarkup/0/Markup/4/Length,number,2
/Record/Section/7/Section/0/Information/0/Value/StringWithMarkup/0/Markup/4/Type,string,Superscript
/Record/Section/7/Section/0/Information/0/Value/StringWithMarkup/1/String,string,          
/Record/Section/7/Section/0/Information/0/Value/StringWithMarkup/1/Markup/0/Start,number,0
/Record/Section/7/Section/0/Information/0/Value/StringWithMarkup/1/Markup/0/Length,number,1
/Record/Section/7/Section/0/Information/0/Value/StringWithMarkup/1/Markup/0/URL,string,https://pubchem.ncbi.nlm.nih.gov/images/iupac/j_pac-2015-0703_fig_056.jpg
/Record/Section/7/Section/0/Information/0/Value/StringWithMarkup/1/Markup/0/Type,string,Image
/Record/Section/7/Section/0/Information/0/Value/StringWithMarkup/1/Markup/0/Size,string,707x486
/Record/Section/7/Section/0/Information/0/Value/StringWithMarkup/1/Markup/0/Caption,string,"Fig. IUPAC.37.1: Exponential decay of ⁸⁶Rb for Sminthopsis macroura (striped-faced dunnart; an Australian marsupial that weighs between 15 and 25 g; turquoise crosses) and Sminthopsis ooldea (an Australian marsupial called the Troughton’s dunnart that weighs between 10 and 18 g; green diamonds) in thermoneutrality (after [291]). The solid lines are the best fit of the fraction of initial enrichment remaining, taking into account both radioactive decay and biological elimination of ⁸⁶Rb. "
/Record/Section/7/Section/1/TOCHeading,string,Isotopes in Geochronology
/Record/Section/7/Section/1/Description,string,Information on the use of this element's isotopes in geochronology.
/Record/Section/7/Section/1/Information/0/ReferenceNumber,number,4
/Record/Section/7/Section/1/Information/0/Reference/0,string,"[292]  M. A. Geyh, H. Schleicher. Absolute Age Determination: Physical and Chemical Dating Methods and Their Application, p. 503, Springer-Verlag, Berlin (1990)."
/Record/Section/7/Section/1/Information/0/ExtendedReference/0/Citation,string,"[292]  M. A. Geyh, H. Schleicher. Absolute Age Determination: Physical and Chemical Dating Methods and Their Application, p. 503, Springer-Verlag, Berlin (1990)."
/Record/Section/7/Section/1/Information/0/Value/StringWithMarkup/0/String,string,"87Rb (with a half-life of 4.97×1010 years) is a long-lived radioisotope that is transformed into 87Sr by emission of a beta-minus particle (an electron) and an antineutrino. From the abundance of 87Sr and the Rb/Sr amount ratio in a rock, its age of crystallization can be calculated. Rb/Sr dating is one of the most widely employed techniques for dating geological samples [292]."
/Record/Section/7/Section/1/Information/0/Value/StringWithMarkup/0/Markup/0/Start,number,0
/Record/Section/7/Section/1/Information/0/Value/StringWithMarkup/0/Markup/0/Length,number,2
/Record/Section/7/Section/1/Information/0/Value/StringWithMarkup/0/Markup/0/Type,string,Superscript
/Record/Section/7/Section/1/Information/0/Value/StringWithMarkup/0/Markup/1/Start,number,33
/Record/Section/7/Section/1/Information/0/Value/StringWithMarkup/0/Markup/1/Length,number,2
/Record/Section/7/Section/1/Information/0/Value/StringWithMarkup/0/Markup/1/Type,string,Superscript
/Record/Section/7/Section/1/Information/0/Value/StringWithMarkup/0/Markup/2/Start,number,97
/Record/Section/7/Section/1/Information/0/Value/StringWithMarkup/0/Markup/2/Length,number,2
/Record/Section/7/Section/1/Information/0/Value/StringWithMarkup/0/Markup/2/Type,string,Superscript
/Record/Section/7/Section/1/Information/0/Value/StringWithMarkup/0/Markup/3/Start,number,196
/Record/Section/7/Section/1/Information/0/Value/StringWithMarkup/0/Markup/3/Length,number,2
/Record/Section/7/Section/1/Information/0/Value/StringWithMarkup/0/Markup/3/Type,string,Superscript
/Record/Section/7/Section/2/TOCHeading,string,Isotopes in Medicine
/Record/Section/7/Section/2/Description,string,Information on the use of this element's isotopes in medicine.
/Record/Section/7/Section/2/Information/0/ReferenceNumber,number,4
/Record/Section/7/Section/2/Information/0/Reference/0,string,"[293]  J. vom Dahl, O. Muzik, E. R. Wolfe, C. Allman, G. Hutchins, M. Schwaiger. Circulation93, 238 (1996)."
/Record/Section/7/Section/2/Information/0/Reference/1,string,"[294]  K. L. Gould, K. Yoshida, M. J. Hess, M. Haynie, N. Mullani, R. W. Smalling. J. Nucl. Med.32, 1 (1991)."
/Record/Section/7/Section/2/Information/0/ExtendedReference/0/Citation,string,"[293]  J. vom Dahl, O. Muzik, E. R. Wolfe, C. Allman, G. Hutchins, M. Schwaiger. Circulation93, 238 (1996)."
/Record/Section/7/Section/2/Information/0/ExtendedReference/1/Citation,string,"[294]  K. L. Gould, K. Yoshida, M. J. Hess, M. Haynie, N. Mullani, R. W. Smalling. J. Nucl. Med.32, 1 (1991)."
/Record/Section/7/Section/2/Information/0/Value/StringWithMarkup/0/String,string,"82Rb (with a half-life of 75 s) acts similarly to potassium and is used for imaging of the heart to better assess heart muscle function as a radioactive analog to potassium [293], [294]. 82Rb is being considered as an alternative to highly-enriched uranium for producing medically important radioisotopes [293]."
/Record/Section/7/Section/2/Information/0/Value/StringWithMarkup/0/Markup/0/Start,number,0
/Record/Section/7/Section/2/Information/0/Value/StringWithMarkup/0/Markup/0/Length,number,2
/Record/Section/7/Section/2/Information/0/Value/StringWithMarkup/0/Markup/0/Type,string,Superscript
/Record/Section/7/Section/2/Information/0/Value/StringWithMarkup/0/Markup/1/Start,number,187
/Record/Section/7/Section/2/Information/0/Value/StringWithMarkup/0/Markup/1/Length,number,2
/Record/Section/7/Section/2/Information/0/Value/StringWithMarkup/0/Markup/1/Type,string,Superscript
/Record/Section/7/Section/3/TOCHeading,string,Isotope Mass and Abundance
/Record/Section/7/Section/3/Description,string,Atomic mass and abundance (composition) information for a given isotope/nuclide. The number in the parenthesis refers to an uncertainty when exist. The unit of atomic weight is the unified atomic mass unit (u) or dalton (Da). 
/Record/Section/7/Section/3/DisplayControls/CreateTable/FromInformationIn,string,ThisSection
/Record/Section/7/Section/3/DisplayControls/CreateTable/NumberOfColumns,number,3
/Record/Section/7/Section/3/DisplayControls/CreateTable/ColumnsFromNamedLists/Name/0,string,Isotope
/Record/Section/7/Section/3/DisplayControls/CreateTable/ColumnsFromNamedLists/Name/1,string,Atomic Mass (uncertainty) [u]
/Record/Section/7/Section/3/DisplayControls/CreateTable/ColumnsFromNamedLists/Name/2,string,Abundance (uncertainty)
/Record/Section/7/Section/3/DisplayControls/CreateTable/ColumnsFromNamedLists/UseNamesAsColumnHeadings,boolean,true
/Record/Section/7/Section/3/Information/0/ReferenceNumber,number,3
/Record/Section/7/Section/3/Information/0/Name,string,Isotope
/Record/Section/7/Section/3/Information/0/Value/StringWithMarkup/0/String,string, 85Rb
/Record/Section/7/Section/3/Information/0/Value/StringWithMarkup/0/Markup/0/Start,number,0
/Record/Section/7/Section/3/Information/0/Value/StringWithMarkup/0/Markup/0/Length,number,3
/Record/Section/7/Section/3/Information/0/Value/StringWithMarkup/0/Markup/0/Type,string,Superscript
/Record/Section/7/Section/3/Information/0/Value/StringWithMarkup/1/String,string, 87Rb
/Record/Section/7/Section/3/Information/0/Value/StringWithMarkup/1/Markup/0/Start,number,0
/Record/Section/7/Section/3/Information/0/Value/StringWithMarkup/1/Markup/0/Length,number,3
/Record/Section/7/Section/3/Information/0/Value/StringWithMarkup/1/Markup/0/Type,string,Superscript
/Record/Section/7/Section/3/Information/1/ReferenceNumber,number,3
/Record/Section/7/Section/3/Information/1/Name,string,Atomic Mass (uncertainty)
/Record/Section/7/Section/3/Information/1/Value/StringWithMarkup/0/String,string,84.911 789 74(3)
/Record/Section/7/Section/3/Information/1/Value/StringWithMarkup/1/String,string,86.909 180 53(4)
/Record/Section/7/Section/3/Information/2/ReferenceNumber,number,3
/Record/Section/7/Section/3/Information/2/Name,string,Abundance (uncertainty)
/Record/Section/7/Section/3/Information/2/Value/StringWithMarkup/0/String,string,0.7217(2)
/Record/Section/7/Section/3/Information/2/Value/StringWithMarkup/1/String,string,0.2783(2)
/Record/Section/7/Section/3/Information/3/ReferenceNumber,number,7
/Record/Section/7/Section/3/Information/3/Name,string,Isotope
/Record/Section/7/Section/3/Information/3/Value/StringWithMarkup/0/String,string,85Rb
/Record/Section/7/Section/3/Information/3/Value/StringWithMarkup/0/Markup/0/Start,number,0
/Record/Section/7/Section/3/Information/3/Value/StringWithMarkup/0/Markup/0/Length,number,2
/Record/Section/7/Section/3/Information/3/Value/StringWithMarkup/0/Markup/0/Type,string,Superscript
/Record/Section/7/Section/3/Information/3/Value/StringWithMarkup/1/String,string,87Rb
/Record/Section/7/Section/3/Information/3/Value/StringWithMarkup/1/Markup/0/Start,number,0
/Record/Section/7/Section/3/Information/3/Value/StringWithMarkup/1/Markup/0/Length,number,2
/Record/Section/7/Section/3/Information/3/Value/StringWithMarkup/1/Markup/0/Type,string,Superscript
/Record/Section/7/Section/3/Information/4/ReferenceNumber,number,7
/Record/Section/7/Section/3/Information/4/Name,string,Atomic Mass (uncertainty) [u]
/Record/Section/7/Section/3/Information/4/Value/StringWithMarkup/0/String,string,84.9117897379(54)
/Record/Section/7/Section/3/Information/4/Value/StringWithMarkup/1/String,string,86.9091805310(60)
/Record/Section/7/Section/3/Information/5/ReferenceNumber,number,7
/Record/Section/7/Section/3/Information/5/Name,string,Abundance (uncertainty)
/Record/Section/7/Section/3/Information/5/Value/StringWithMarkup/0/String,string,0.7217(2)
/Record/Section/7/Section/3/Information/5/Value/StringWithMarkup/1/String,string,0.2783(2)
/Record/Section/7/Section/4/TOCHeading,string,"Atomic Mass, Half Life, and Decay"
/Record/Section/7/Section/4/Description,string,"Information on the atomic mass, half life, and decay for this element, from the the Atomic Mass Data Center. The number after the ± refers to an uncertainty when exists."
/Record/Section/7/Section/4/URL,string,https://pubchem.ncbi.nlm.nih.gov/docs/atomic-mass/
/Record/Section/7/Section/4/DisplayControls/CreateTable/FromInformationIn,string,ThisSection
/Record/Section/7/Section/4/DisplayControls/CreateTable/NumberOfColumns,number,5
/Record/Section/7/Section/4/DisplayControls/CreateTable/ColumnsFromNamedLists/Name/0,string,Nuclide
/Record/Section/7/Section/4/DisplayControls/CreateTable/ColumnsFromNamedLists/Name/1,string,Atomic Mass and Uncertainty [u]
/Record/Section/7/Section/4/DisplayControls/CreateTable/ColumnsFromNamedLists/Name/2,string,Half Life and Uncertainty
/Record/Section/7/Section/4/DisplayControls/CreateTable/ColumnsFromNamedLists/Name/3,string,Discovery Year
/Record/Section/7/Section/4/DisplayControls/CreateTable/ColumnsFromNamedLists/Name/4,string,"Decay Modes, Intensities and Uncertainties [%]"
/Record/Section/7/Section/4/DisplayControls/CreateTable/ColumnsFromNamedLists/UseNamesAsColumnHeadings,boolean,true
/Record/Section/7/Section/4/Information/0/ReferenceNumber,number,2
/Record/Section/7/Section/4/Information/0/Name,string,Nuclide
/Record/Section/7/Section/4/Information/0/Value/StringWithMarkup/0/String,string,71Rb
/Record/Section/7/Section/4/Information/0/Value/StringWithMarkup/0/Markup/0/Start,number,0
/Record/Section/7/Section/4/Information/0/Value/StringWithMarkup/0/Markup/0/Length,number,2
/Record/Section/7/Section/4/Information/0/Value/StringWithMarkup/0/Markup/0/Type,string,Superscript
/Record/Section/7/Section/4/Information/0/Value/StringWithMarkup/1/String,string,71Rbm
/Record/Section/7/Section/4/Information/0/Value/StringWithMarkup/1/Markup/0/Start,number,0
/Record/Section/7/Section/4/Information/0/Value/StringWithMarkup/1/Markup/0/Length,number,2
/Record/Section/7/Section/4/Information/0/Value/StringWithMarkup/1/Markup/0/Type,string,Superscript
/Record/Section/7/Section/4/Information/0/Value/StringWithMarkup/1/Markup/1/Start,number,4
/Record/Section/7/Section/4/Information/0/Value/StringWithMarkup/1/Markup/1/Length,number,1
/Record/Section/7/Section/4/Information/0/Value/StringWithMarkup/1/Markup/1/Type,string,Superscript
/Record/Section/7/Section/4/Information/0/Value/StringWithMarkup/2/String,string,71Rbn
/Record/Section/7/Section/4/Information/0/Value/StringWithMarkup/2/Markup/0/Start,number,0
/Record/Section/7/Section/4/Information/0/Value/StringWithMarkup/2/Markup/0/Length,number,2
/Record/Section/7/Section/4/Information/0/Value/StringWithMarkup/2/Markup/0/Type,string,Superscript
/Record/Section/7/Section/4/Information/0/Value/StringWithMarkup/2/Markup/1/Start,number,4
/Record/Section/7/Section/4/Information/0/Value/StringWithMarkup/2/Markup/1/Length,number,1
/Record/Section/7/Section/4/Information/0/Value/StringWithMarkup/2/Markup/1/Type,string,Superscript
/Record/Section/7/Section/4/Information/0/Value/StringWithMarkup/3/String,string,72Rb
/Record/Section/7/Section/4/Information/0/Value/StringWithMarkup/3/Markup/0/Start,number,0
/Record/Section/7/Section/4/Information/0/Value/StringWithMarkup/3/Markup/0/Length,number,2
/Record/Section/7/Section/4/Information/0/Value/StringWithMarkup/3/Markup/0/Type,string,Superscript
/Record/Section/7/Section/4/Information/0/Value/StringWithMarkup/4/String,string,72Rbm
/Record/Section/7/Section/4/Information/0/Value/StringWithMarkup/4/Markup/0/Start,number,0
/Record/Section/7/Section/4/Information/0/Value/StringWithMarkup/4/Markup/0/Length,number,2
/Record/Section/7/Section/4/Information/0/Value/StringWithMarkup/4/Markup/0/Type,string,Superscript
/Record/Section/7/Section/4/Information/0/Value/StringWithMarkup/4/Markup/1/Start,number,4
/Record/Section/7/Section/4/Information/0/Value/StringWithMarkup/4/Markup/1/Length,number,1
/Record/Section/7/Section/4/Information/0/Value/StringWithMarkup/4/Markup/1/Type,string,Superscript
/Record/Section/7/Section/4/Information/0/Value/StringWithMarkup/5/String,string,73Rb
/Record/Section/7/Section/4/Information/0/Value/StringWithMarkup/5/Markup/0/Start,number,0
/Record/Section/7/Section/4/Information/0/Value/StringWithMarkup/5/Markup/0/Length,number,2
/Record/Section/7/Section/4/Information/0/Value/StringWithMarkup/5/Markup/0/Type,string,Superscript
/Record/Section/7/Section/4/Information/0/Value/StringWithMarkup/6/String,string,73Rbm
/Record/Section/7/Section/4/Information/0/Value/StringWithMarkup/6/Markup/0/Start,number,0
/Record/Section/7/Section/4/Information/0/Value/StringWithMarkup/6/Markup/0/Length,number,2
/Record/Section/7/Section/4/Information/0/Value/StringWithMarkup/6/Markup/0/Type,string,Superscript
/Record/Section/7/Section/4/Information/0/Value/StringWithMarkup/6/Markup/1/Start,number,4
/Record/Section/7/Section/4/Information/0/Value/StringWithMarkup/6/Markup/1/Length,number,1
/Record/Section/7/Section/4/Information/0/Value/StringWithMarkup/6/Markup/1/Type,string,Superscript
/Record/Section/7/Section/4/Information/0/Value/StringWithMarkup/7/String,string,74Rb
/Record/Section/7/Section/4/Information/0/Value/StringWithMarkup/7/Markup/0/Start,number,0
/Record/Section/7/Section/4/Information/0/Value/StringWithMarkup/7/Markup/0/Length,number,2
/Record/Section/7/Section/4/Information/0/Value/StringWithMarkup/7/Markup/0/Type,string,Superscript
/Record/Section/7/Section/4/Information/0/Value/StringWithMarkup/8/String,string,75Rb
/Record/Section/7/Section/4/Information/0/Value/StringWithMarkup/8/Markup/0/Start,number,0
/Record/Section/7/Section/4/Information/0/Value/StringWithMarkup/8/Markup/0/Length,number,2
/Record/Section/7/Section/4/Information/0/Value/StringWithMarkup/8/Markup/0/Type,string,Superscript
/Record/Section/7/Section/4/Information/0/Value/StringWithMarkup/9/String,string,76Rb
/Record/Section/7/Section/4/Information/0/Value/StringWithMarkup/9/Markup/0/Start,number,0
/Record/Section/7/Section/4/Information/0/Value/StringWithMarkup/9/Markup/0/Length,number,2
/Record/Section/7/Section/4/Information/0/Value/StringWithMarkup/9/Markup/0/Type,string,Superscript
/Record/Section/7/Section/4/Information/0/Value/StringWithMarkup/10/String,string,76Rbm
/Record/Section/7/Section/4/Information/0/Value/StringWithMarkup/10/Markup/0/Start,number,0
/Record/Section/7/Section/4/Information/0/Value/StringWithMarkup/10/Markup/0/Length,number,2
/Record/Section/7/Section/4/Information/0/Value/StringWithMarkup/10/Markup/0/Type,string,Superscript
/Record/Section/7/Section/4/Information/0/Value/StringWithMarkup/10/Markup/1/Start,number,4
/Record/Section/7/Section/4/Information/0/Value/StringWithMarkup/10/Markup/1/Length,number,1
/Record/Section/7/Section/4/Information/0/Value/StringWithMarkup/10/Markup/1/Type,string,Superscript
/Record/Section/7/Section/4/Information/0/Value/StringWithMarkup/11/String,string,77Rb
/Record/Section/7/Section/4/Information/0/Value/StringWithMarkup/11/Markup/0/Start,number,0
/Record/Section/7/Section/4/Information/0/Value/StringWithMarkup/11/Markup/0/Length,number,2
/Record/Section/7/Section/4/Information/0/Value/StringWithMarkup/11/Markup/0/Type,string,Superscript
/Record/Section/7/Section/4/Information/0/Value/StringWithMarkup/12/String,string,78Rb
/Record/Section/7/Section/4/Information/0/Value/StringWithMarkup/12/Markup/0/Start,number,0
/Record/Section/7/Section/4/Information/0/Value/StringWithMarkup/12/Markup/0/Length,number,2
/Record/Section/7/Section/4/Information/0/Value/StringWithMarkup/12/Markup/0/Type,string,Superscript
/Record/Section/7/Section/4/Information/0/Value/StringWithMarkup/13/String,string,78Rbm
/Record/Section/7/Section/4/Information/0/Value/StringWithMarkup/13/Markup/0/Start,number,0
/Record/Section/7/Section/4/Information/0/Value/StringWithMarkup/13/Markup/0/Length,number,2
/Record/Section/7/Section/4/Information/0/Value/StringWithMarkup/13/Markup/0/Type,string,Superscript
/Record/Section/7/Section/4/Information/0/Value/StringWithMarkup/13/Markup/1/Start,number,4
/Record/Section/7/Section/4/Information/0/Value/StringWithMarkup/13/Markup/1/Length,number,1
/Record/Section/7/Section/4/Information/0/Value/StringWithMarkup/13/Markup/1/Type,string,Superscript
/Record/Section/7/Section/4/Information/0/Value/StringWithMarkup/14/String,string,78Rbn
/Record/Section/7/Section/4/Information/0/Value/StringWithMarkup/14/Markup/0/Start,number,0
/Record/Section/7/Section/4/Information/0/Value/StringWithMarkup/14/Markup/0/Length,number,2
/Record/Section/7/Section/4/Information/0/Value/StringWithMarkup/14/Markup/0/Type,string,Superscript
/Record/Section/7/Section/4/Information/0/Value/StringWithMarkup/14/Markup/1/Start,number,4
/Record/Section/7/Section/4/Information/0/Value/StringWithMarkup/14/Markup/1/Length,number,1
/Record/Section/7/Section/4/Information/0/Value/StringWithMarkup/14/Markup/1/Type,string,Superscript
/Record/Section/7/Section/4/Information/0/Value/StringWithMarkup/15/String,string,79Rb
/Record/Section/7/Section/4/Information/0/Value/StringWithMarkup/15/Markup/0/Start,number,0
/Record/Section/7/Section/4/Information/0/Value/StringWithMarkup/15/Markup/0/Length,number,2
/Record/Section/7/Section/4/Information/0/Value/StringWithMarkup/15/Markup/0/Type,string,Superscript
/Record/Section/7/Section/4/Information/0/Value/StringWithMarkup/16/String,string,80Rb
/Record/Section/7/Section/4/Information/0/Value/StringWithMarkup/16/Markup/0/Start,number,0
/Record/Section/7/Section/4/Information/0/Value/StringWithMarkup/16/Markup/0/Length,number,2
/Record/Section/7/Section/4/Information/0/Value/StringWithMarkup/16/Markup/0/Type,string,Superscript
/Record/Section/7/Section/4/Information/0/Value/StringWithMarkup/17/String,string,80Rbm
/Record/Section/7/Section/4/Information/0/Value/StringWithMarkup/17/Markup/0/Start,number,0
/Record/Section/7/Section/4/Information/0/Value/StringWithMarkup/17/Markup/0/Length,number,2
/Record/Section/7/Section/4/Information/0/Value/StringWithMarkup/17/Markup/0/Type,string,Superscript
/Record/Section/7/Section/4/Information/0/Value/StringWithMarkup/17/Markup/1/Start,number,4
/Record/Section/7/Section/4/Information/0/Value/StringWithMarkup/17/Markup/1/Length,number,1
/Record/Section/7/Section/4/Information/0/Value/StringWithMarkup/17/Markup/1/Type,string,Superscript
/Record/Section/7/Section/4/Information/0/Value/StringWithMarkup/18/String,string,81Rb
/Record/Section/7/Section/4/Information/0/Value/StringWithMarkup/18/Markup/0/Start,number,0
/Record/Section/7/Section/4/Information/0/Value/StringWithMarkup/18/Markup/0/Length,number,2
/Record/Section/7/Section/4/Information/0/Value/StringWithMarkup/18/Markup/0/Type,string,Superscript
/Record/Section/7/Section/4/Information/0/Value/StringWithMarkup/19/String,string,81Rbm
/Record/Section/7/Section/4/Information/0/Value/StringWithMarkup/19/Markup/0/Start,number,0
/Record/Section/7/Section/4/Information/0/Value/StringWithMarkup/19/Markup/0/Length,number,2
/Record/Section/7/Section/4/Information/0/Value/StringWithMarkup/19/Markup/0/Type,string,Superscript
/Record/Section/7/Section/4/Information/0/Value/StringWithMarkup/19/Markup/1/Start,number,4
/Record/Section/7/Section/4/Information/0/Value/StringWithMarkup/19/Markup/1/Length,number,1
/Record/Section/7/Section/4/Information/0/Value/StringWithMarkup/19/Markup/1/Type,string,Superscript
/Record/Section/7/Section/4/Information/0/Value/StringWithMarkup/20/String,string,82Rb
/Record/Section/7/Section/4/Information/0/Value/StringWithMarkup/20/Markup/0/Start,number,0
/Record/Section/7/Section/4/Information/0/Value/StringWithMarkup/20/Markup/0/Length,number,2
/Record/Section/7/Section/4/Information/0/Value/StringWithMarkup/20/Markup/0/Type,string,Superscript
/Record/Section/7/Section/4/Information/0/Value/StringWithMarkup/21/String,string,82Rbm
/Record/Section/7/Section/4/Information/0/Value/StringWithMarkup/21/Markup/0/Start,number,0
/Record/Section/7/Section/4/Information/0/Value/StringWithMarkup/21/Markup/0/Length,number,2
/Record/Section/7/Section/4/Information/0/Value/StringWithMarkup/21/Markup/0/Type,string,Superscript
/Record/Section/7/Section/4/Information/0/Value/StringWithMarkup/21/Markup/1/Start,number,4
/Record/Section/7/Section/4/Information/0/Value/StringWithMarkup/21/Markup/1/Length,number,1
/Record/Section/7/Section/4/Information/0/Value/StringWithMarkup/21/Markup/1/Type,string,Superscript
/Record/Section/7/Section/4/Information/0/Value/StringWithMarkup/22/String,string,83Rb
/Record/Section/7/Section/4/Information/0/Value/StringWithMarkup/22/Markup/0/Start,number,0
/Record/Section/7/Section/4/Information/0/Value/StringWithMarkup/22/Markup/0/Length,number,2
/Record/Section/7/Section/4/Information/0/Value/StringWithMarkup/22/Markup/0/Type,string,Superscript
/Record/Section/7/Section/4/Information/0/Value/StringWithMarkup/23/String,string,83Rbm
/Record/Section/7/Section/4/Information/0/Value/StringWithMarkup/23/Markup/0/Start,number,0
/Record/Section/7/Section/4/Information/0/Value/StringWithMarkup/23/Markup/0/Length,number,2
/Record/Section/7/Section/4/Information/0/Value/StringWithMarkup/23/Markup/0/Type,string,Superscript
/Record/Section/7/Section/4/Information/0/Value/StringWithMarkup/23/Markup/1/Start,number,4
/Record/Section/7/Section/4/Information/0/Value/StringWithMarkup/23/Markup/1/Length,number,1
/Record/Section/7/Section/4/Information/0/Value/StringWithMarkup/23/Markup/1/Type,string,Superscript
/Record/Section/7/Section/4/Information/0/Value/StringWithMarkup/24/String,string,84Rb
/Record/Section/7/Section/4/Information/0/Value/StringWithMarkup/24/Markup/0/Start,number,0
/Record/Section/7/Section/4/Information/0/Value/StringWithMarkup/24/Markup/0/Length,number,2
/Record/Section/7/Section/4/Information/0/Value/StringWithMarkup/24/Markup/0/Type,string,Superscript
/Record/Section/7/Section/4/Information/0/Value/StringWithMarkup/25/String,string,84Rbm
/Record/Section/7/Section/4/Information/0/Value/StringWithMarkup/25/Markup/0/Start,number,0
/Record/Section/7/Section/4/Information/0/Value/StringWithMarkup/25/Markup/0/Length,number,2
/Record/Section/7/Section/4/Information/0/Value/StringWithMarkup/25/Markup/0/Type,string,Superscript
/Record/Section/7/Section/4/Information/0/Value/StringWithMarkup/25/Markup/1/Start,number,4
/Record/Section/7/Section/4/Information/0/Value/StringWithMarkup/25/Markup/1/Length,number,1
/Record/Section/7/Section/4/Information/0/Value/StringWithMarkup/25/Markup/1/Type,string,Superscript
/Record/Section/7/Section/4/Information/0/Value/StringWithMarkup/26/String,string,85Rb
/Record/Section/7/Section/4/Information/0/Value/StringWithMarkup/26/Markup/0/Start,number,0
/Record/Section/7/Section/4/Information/0/Value/StringWithMarkup/26/Markup/0/Length,number,2
/Record/Section/7/Section/4/Information/0/Value/StringWithMarkup/26/Markup/0/Type,string,Superscript
/Record/Section/7/Section/4/Information/0/Value/StringWithMarkup/27/String,string,85Rbm
/Record/Section/7/Section/4/Information/0/Value/StringWithMarkup/27/Markup/0/Start,number,0
/Record/Section/7/Section/4/Information/0/Value/StringWithMarkup/27/Markup/0/Length,number,2
/Record/Section/7/Section/4/Information/0/Value/StringWithMarkup/27/Markup/0/Type,string,Superscript
/Record/Section/7/Section/4/Information/0/Value/StringWithMarkup/27/Markup/1/Start,number,4
/Record/Section/7/Section/4/Information/0/Value/StringWithMarkup/27/Markup/1/Length,number,1
/Record/Section/7/Section/4/Information/0/Value/StringWithMarkup/27/Markup/1/Type,string,Superscript
/Record/Section/7/Section/4/Information/0/Value/StringWithMarkup/28/String,string,86Rb
/Record/Section/7/Section/4/Information/0/Value/StringWithMarkup/28/Markup/0/Start,number,0
/Record/Section/7/Section/4/Information/0/Value/StringWithMarkup/28/Markup/0/Length,number,2
/Record/Section/7/Section/4/Information/0/Value/StringWithMarkup/28/Markup/0/Type,string,Superscript
/Record/Section/7/Section/4/Information/0/Value/StringWithMarkup/29/String,string,86Rbm
/Record/Section/7/Section/4/Information/0/Value/StringWithMarkup/29/Markup/0/Start,number,0
/Record/Section/7/Section/4/Information/0/Value/StringWithMarkup/29/Markup/0/Length,number,2
/Record/Section/7/Section/4/Information/0/Value/StringWithMarkup/29/Markup/0/Type,string,Superscript
/Record/Section/7/Section/4/Information/0/Value/StringWithMarkup/29/Markup/1/Start,number,4
/Record/Section/7/Section/4/Information/0/Value/StringWithMarkup/29/Markup/1/Length,number,1
/Record/Section/7/Section/4/Information/0/Value/StringWithMarkup/29/Markup/1/Type,string,Superscript
/Record/Section/7/Section/4/Information/0/Value/StringWithMarkup/30/String,string,87Rb
/Record/Section/7/Section/4/Information/0/Value/StringWithMarkup/30/Markup/0/Start,number,0
/Record/Section/7/Section/4/Information/0/Value/StringWithMarkup/30/Markup/0/Length,number,2
/Record/Section/7/Section/4/Information/0/Value/StringWithMarkup/30/Markup/0/Type,string,Superscript
/Record/Section/7/Section/4/Information/0/Value/StringWithMarkup/31/String,string,88Rb
/Record/Section/7/Section/4/Information/0/Value/StringWithMarkup/31/Markup/0/Start,number,0
/Record/Section/7/Section/4/Information/0/Value/StringWithMarkup/31/Markup/0/Length,number,2
/Record/Section/7/Section/4/Information/0/Value/StringWithMarkup/31/Markup/0/Type,string,Superscript
/Record/Section/7/Section/4/Information/0/Value/StringWithMarkup/32/String,string,88Rbm
/Record/Section/7/Section/4/Information/0/Value/StringWithMarkup/32/Markup/0/Start,number,0
/Record/Section/7/Section/4/Information/0/Value/StringWithMarkup/32/Markup/0/Length,number,2
/Record/Section/7/Section/4/Information/0/Value/StringWithMarkup/32/Markup/0/Type,string,Superscript
/Record/Section/7/Section/4/Information/0/Value/StringWithMarkup/32/Markup/1/Start,number,4
/Record/Section/7/Section/4/Information/0/Value/StringWithMarkup/32/Markup/1/Length,number,1
/Record/Section/7/Section/4/Information/0/Value/StringWithMarkup/32/Markup/1/Type,string,Superscript
/Record/Section/7/Section/4/Information/0/Value/StringWithMarkup/33/String,string,89Rb
/Record/Section/7/Section/4/Information/0/Value/StringWithMarkup/33/Markup/0/Start,number,0
/Record/Section/7/Section/4/Information/0/Value/StringWithMarkup/33/Markup/0/Length,number,2
/Record/Section/7/Section/4/Information/0/Value/StringWithMarkup/33/Markup/0/Type,string,Superscript
/Record/Section/7/Section/4/Information/0/Value/StringWithMarkup/34/String,string,90Rb
/Record/Section/7/Section/4/Information/0/Value/StringWithMarkup/34/Markup/0/Start,number,0
/Record/Section/7/Section/4/Information/0/Value/StringWithMarkup/34/Markup/0/Length,number,2
/Record/Section/7/Section/4/Information/0/Value/StringWithMarkup/34/Markup/0/Type,string,Superscript
/Record/Section/7/Section/4/Information/0/Value/StringWithMarkup/35/String,string,90Rbm
/Record/Section/7/Section/4/Information/0/Value/StringWithMarkup/35/Markup/0/Start,number,0
/Record/Section/7/Section/4/Information/0/Value/StringWithMarkup/35/Markup/0/Length,number,2
/Record/Section/7/Section/4/Information/0/Value/StringWithMarkup/35/Markup/0/Type,string,Superscript
/Record/Section/7/Section/4/Information/0/Value/StringWithMarkup/35/Markup/1/Start,number,4
/Record/Section/7/Section/4/Information/0/Value/StringWithMarkup/35/Markup/1/Length,number,1
/Record/Section/7/Section/4/Information/0/Value/StringWithMarkup/35/Markup/1/Type,string,Superscript
/Record/Section/7/Section/4/Information/0/Value/StringWithMarkup/36/String,string,91Rb
/Record/Section/7/Section/4/Information/0/Value/StringWithMarkup/36/Markup/0/Start,number,0
/Record/Section/7/Section/4/Information/0/Value/StringWithMarkup/36/Markup/0/Length,number,2
/Record/Section/7/Section/4/Information/0/Value/StringWithMarkup/36/Markup/0/Type,string,Superscript
/Record/Section/7/Section/4/Information/0/Value/StringWithMarkup/37/String,string,92Rb
/Record/Section/7/Section/4/Information/0/Value/StringWithMarkup/37/Markup/0/Start,number,0
/Record/Section/7/Section/4/Information/0/Value/StringWithMarkup/37/Markup/0/Length,number,2
/Record/Section/7/Section/4/Information/0/Value/StringWithMarkup/37/Markup/0/Type,string,Superscript
/Record/Section/7/Section/4/Information/0/Value/StringWithMarkup/38/String,string,93Rb
/Record/Section/7/Section/4/Information/0/Value/StringWithMarkup/38/Markup/0/Start,number,0
/Record/Section/7/Section/4/Information/0/Value/StringWithMarkup/38/Markup/0/Length,number,2
/Record/Section/7/Section/4/Information/0/Value/StringWithMarkup/38/Markup/0/Type,string,Superscript
/Record/Section/7/Section/4/Information/0/Value/StringWithMarkup/39/String,string,93Rbm
/Record/Section/7/Section/4/Information/0/Value/StringWithMarkup/39/Markup/0/Start,number,0
/Record/Section/7/Section/4/Information/0/Value/StringWithMarkup/39/Markup/0/Length,number,2
/Record/Section/7/Section/4/Information/0/Value/StringWithMarkup/39/Markup/0/Type,string,Superscript
/Record/Section/7/Section/4/Information/0/Value/StringWithMarkup/39/Markup/1/Start,number,4
/Record/Section/7/Section/4/Information/0/Value/StringWithMarkup/39/Markup/1/Length,number,1
/Record/Section/7/Section/4/Information/0/Value/StringWithMarkup/39/Markup/1/Type,string,Superscript
/Record/Section/7/Section/4/Information/0/Value/StringWithMarkup/40/String,string,94Rb
/Record/Section/7/Section/4/Information/0/Value/StringWithMarkup/40/Markup/0/Start,number,0
/Record/Section/7/Section/4/Information/0/Value/StringWithMarkup/40/Markup/0/Length,number,2
/Record/Section/7/Section/4/Information/0/Value/StringWithMarkup/40/Markup/0/Type,string,Superscript
/Record/Section/7/Section/4/Information/0/Value/StringWithMarkup/41/String,string,94Rbm
/Record/Section/7/Section/4/Information/0/Value/StringWithMarkup/41/Markup/0/Start,number,0
/Record/Section/7/Section/4/Information/0/Value/StringWithMarkup/41/Markup/0/Length,number,2
/Record/Section/7/Section/4/Information/0/Value/StringWithMarkup/41/Markup/0/Type,string,Superscript
/Record/Section/7/Section/4/Information/0/Value/StringWithMarkup/41/Markup/1/Start,number,4
/Record/Section/7/Section/4/Information/0/Value/StringWithMarkup/41/Markup/1/Length,number,1
/Record/Section/7/Section/4/Information/0/Value/StringWithMarkup/41/Markup/1/Type,string,Superscript
/Record/Section/7/Section/4/Information/0/Value/StringWithMarkup/42/String,string,94Rbn
/Record/Section/7/Section/4/Information/0/Value/StringWithMarkup/42/Markup/0/Start,number,0
/Record/Section/7/Section/4/Information/0/Value/StringWithMarkup/42/Markup/0/Length,number,2
/Record/Section/7/Section/4/Information/0/Value/StringWithMarkup/42/Markup/0/Type,string,Superscript
/Record/Section/7/Section/4/Information/0/Value/StringWithMarkup/42/Markup/1/Start,number,4
/Record/Section/7/Section/4/Information/0/Value/StringWithMarkup/42/Markup/1/Length,number,1
/Record/Section/7/Section/4/Information/0/Value/StringWithMarkup/42/Markup/1/Type,string,Superscript
/Record/Section/7/Section/4/Information/0/Value/StringWithMarkup/43/String,string,95Rb
/Record/Section/7/Section/4/Information/0/Value/StringWithMarkup/43/Markup/0/Start,number,0
/Record/Section/7/Section/4/Information/0/Value/StringWithMarkup/43/Markup/0/Length,number,2
/Record/Section/7/Section/4/Information/0/Value/StringWithMarkup/43/Markup/0/Type,string,Superscript
/Record/Section/7/Section/4/Information/0/Value/StringWithMarkup/44/String,string,95Rbm
/Record/Section/7/Section/4/Information/0/Value/StringWithMarkup/44/Markup/0/Start,number,0
/Record/Section/7/Section/4/Information/0/Value/StringWithMarkup/44/Markup/0/Length,number,2
/Record/Section/7/Section/4/Information/0/Value/StringWithMarkup/44/Markup/0/Type,string,Superscript
/Record/Section/7/Section/4/Information/0/Value/StringWithMarkup/44/Markup/1/Start,number,4
/Record/Section/7/Section/4/Information/0/Value/StringWithMarkup/44/Markup/1/Length,number,1
/Record/Section/7/Section/4/Information/0/Value/StringWithMarkup/44/Markup/1/Type,string,Superscript
/Record/Section/7/Section/4/Information/0/Value/StringWithMarkup/45/String,string,96Rb
/Record/Section/7/Section/4/Information/0/Value/StringWithMarkup/45/Markup/0/Start,number,0
/Record/Section/7/Section/4/Information/0/Value/StringWithMarkup/45/Markup/0/Length,number,2
/Record/Section/7/Section/4/Information/0/Value/StringWithMarkup/45/Markup/0/Type,string,Superscript
/Record/Section/7/Section/4/Information/0/Value/StringWithMarkup/46/String,string,96Rbm
/Record/Section/7/Section/4/Information/0/Value/StringWithMarkup/46/Markup/0/Start,number,0
/Record/Section/7/Section/4/Information/0/Value/StringWithMarkup/46/Markup/0/Length,number,2
/Record/Section/7/Section/4/Information/0/Value/StringWithMarkup/46/Markup/0/Type,string,Superscript
/Record/Section/7/Section/4/Information/0/Value/StringWithMarkup/46/Markup/1/Start,number,4
/Record/Section/7/Section/4/Information/0/Value/StringWithMarkup/46/Markup/1/Length,number,1
/Record/Section/7/Section/4/Information/0/Value/StringWithMarkup/46/Markup/1/Type,string,Superscript
/Record/Section/7/Section/4/Information/0/Value/StringWithMarkup/47/String,string,96Rbn
/Record/Section/7/Section/4/Information/0/Value/StringWithMarkup/47/Markup/0/Start,number,0
/Record/Section/7/Section/4/Information/0/Value/StringWithMarkup/47/Markup/0/Length,number,2
/Record/Section/7/Section/4/Information/0/Value/StringWithMarkup/47/Markup/0/Type,string,Superscript
/Record/Section/7/Section/4/Information/0/Value/StringWithMarkup/47/Markup/1/Start,number,4
/Record/Section/7/Section/4/Information/0/Value/StringWithMarkup/47/Markup/1/Length,number,1
/Record/Section/7/Section/4/Information/0/Value/StringWithMarkup/47/Markup/1/Type,string,Superscript
/Record/Section/7/Section/4/Information/0/Value/StringWithMarkup/48/String,string,97Rb
/Record/Section/7/Section/4/Information/0/Value/StringWithMarkup/48/Markup/0/Start,number,0
/Record/Section/7/Section/4/Information/0/Value/StringWithMarkup/48/Markup/0/Length,number,2
/Record/Section/7/Section/4/Information/0/Value/StringWithMarkup/48/Markup/0/Type,string,Superscript
/Record/Section/7/Section/4/Information/0/Value/StringWithMarkup/49/String,string,97Rbm
/Record/Section/7/Section/4/Information/0/Value/StringWithMarkup/49/Markup/0/Start,number,0
/Record/Section/7/Section/4/Information/0/Value/StringWithMarkup/49/Markup/0/Length,number,2
/Record/Section/7/Section/4/Information/0/Value/StringWithMarkup/49/Markup/0/Type,string,Superscript
/Record/Section/7/Section/4/Information/0/Value/StringWithMarkup/49/Markup/1/Start,number,4
/Record/Section/7/Section/4/Information/0/Value/StringWithMarkup/49/Markup/1/Length,number,1
/Record/Section/7/Section/4/Information/0/Value/StringWithMarkup/49/Markup/1/Type,string,Superscript
/Record/Section/7/Section/4/Information/0/Value/StringWithMarkup/50/String,string,98Rb
/Record/Section/7/Section/4/Information/0/Value/StringWithMarkup/50/Markup/0/Start,number,0
/Record/Section/7/Section/4/Information/0/Value/StringWithMarkup/50/Markup/0/Length,number,2
/Record/Section/7/Section/4/Information/0/Value/StringWithMarkup/50/Markup/0/Type,string,Superscript
/Record/Section/7/Section/4/Information/0/Value/StringWithMarkup/51/String,string,98Rbm
/Record/Section/7/Section/4/Information/0/Value/StringWithMarkup/51/Markup/0/Start,number,0
/Record/Section/7/Section/4/Information/0/Value/StringWithMarkup/51/Markup/0/Length,number,2
/Record/Section/7/Section/4/Information/0/Value/StringWithMarkup/51/Markup/0/Type,string,Superscript
/Record/Section/7/Section/4/Information/0/Value/StringWithMarkup/51/Markup/1/Start,number,4
/Record/Section/7/Section/4/Information/0/Value/StringWithMarkup/51/Markup/1/Length,number,1
/Record/Section/7/Section/4/Information/0/Value/StringWithMarkup/51/Markup/1/Type,string,Superscript
/Record/Section/7/Section/4/Information/0/Value/StringWithMarkup/52/String,string,98Rbn
/Record/Section/7/Section/4/Information/0/Value/StringWithMarkup/52/Markup/0/Start,number,0
/Record/Section/7/Section/4/Information/0/Value/StringWithMarkup/52/Markup/0/Length,number,2
/Record/Section/7/Section/4/Information/0/Value/StringWithMarkup/52/Markup/0/Type,string,Superscript
/Record/Section/7/Section/4/Information/0/Value/StringWithMarkup/52/Markup/1/Start,number,4
/Record/Section/7/Section/4/Information/0/Value/StringWithMarkup/52/Markup/1/Length,number,1
/Record/Section/7/Section/4/Information/0/Value/StringWithMarkup/52/Markup/1/Type,string,Superscript
/Record/Section/7/Section/4/Information/0/Value/StringWithMarkup/53/String,string,99Rb
/Record/Section/7/Section/4/Information/0/Value/StringWithMarkup/53/Markup/0/Start,number,0
/Record/Section/7/Section/4/Information/0/Value/StringWithMarkup/53/Markup/0/Length,number,2
/Record/Section/7/Section/4/Information/0/Value/StringWithMarkup/53/Markup/0/Type,string,Superscript
/Record/Section/7/Section/4/Information/0/Value/StringWithMarkup/54/String,string,100Rb
/Record/Section/7/Section/4/Information/0/Value/StringWithMarkup/54/Markup/0/Start,number,0
/Record/Section/7/Section/4/Information/0/Value/StringWithMarkup/54/Markup/0/Length,number,3
/Record/Section/7/Section/4/Information/0/Value/StringWithMarkup/54/Markup/0/Type,string,Superscript
/Record/Section/7/Section/4/Information/0/Value/StringWithMarkup/55/String,string,101Rb
/Record/Section/7/Section/4/Information/0/Value/StringWithMarkup/55/Markup/0/Start,number,0
/Record/Section/7/Section/4/Information/0/Value/StringWithMarkup/55/Markup/0/Length,number,3
/Record/Section/7/Section/4/Information/0/Value/StringWithMarkup/55/Markup/0/Type,string,Superscript
/Record/Section/7/Section/4/Information/0/Value/StringWithMarkup/56/String,string,102Rb
/Record/Section/7/Section/4/Information/0/Value/StringWithMarkup/56/Markup/0/Start,number,0
/Record/Section/7/Section/4/Information/0/Value/StringWithMarkup/56/Markup/0/Length,number,3
/Record/Section/7/Section/4/Information/0/Value/StringWithMarkup/56/Markup/0/Type,string,Superscript
/Record/Section/7/Section/4/Information/0/Value/StringWithMarkup/57/String,string,103Rb
/Record/Section/7/Section/4/Information/0/Value/StringWithMarkup/57/Markup/0/Start,number,0
/Record/Section/7/Section/4/Information/0/Value/StringWithMarkup/57/Markup/0/Length,number,3
/Record/Section/7/Section/4/Information/0/Value/StringWithMarkup/57/Markup/0/Type,string,Superscript
/Record/Section/7/Section/4/Information/0/Value/StringWithMarkup/58/String,string,104Rb
/Record/Section/7/Section/4/Information/0/Value/StringWithMarkup/58/Markup/0/Start,number,0
/Record/Section/7/Section/4/Information/0/Value/StringWithMarkup/58/Markup/0/Length,number,3
/Record/Section/7/Section/4/Information/0/Value/StringWithMarkup/58/Markup/0/Type,string,Superscript
/Record/Section/7/Section/4/Information/1/ReferenceNumber,number,2
/Record/Section/7/Section/4/Information/1/Name,string,Atomic Mass and Uncertainty [u]
/Record/Section/7/Section/4/Information/1/Value/StringWithMarkup/0/String,string,70.965335 ± 0.000429 [Estimated]
/Record/Section/7/Section/4/Information/1/Value/StringWithMarkup/1/String,string,70.965335 ± 0.000429 [Estimated]
/Record/Section/7/Section/4/Information/1/Value/StringWithMarkup/2/String,string,70.965335 ± 0.000429 [Estimated]
/Record/Section/7/Section/4/Information/1/Value/StringWithMarkup/3/String,string,71.958851 ± 0.000537 [Estimated]
/Record/Section/7/Section/4/Information/1/Value/StringWithMarkup/4/String,string,71.958851 ± 0.000537 [Estimated]
/Record/Section/7/Section/4/Information/1/Value/StringWithMarkup/5/String,string,72.950604506 ± 0.000043794
/Record/Section/7/Section/4/Information/1/Value/StringWithMarkup/6/String,string,72.950604506 ± 0.000043794
/Record/Section/7/Section/4/Information/1/Value/StringWithMarkup/7/String,string,73.944265867 ± 0.000003249
/Record/Section/7/Section/4/Information/1/Value/StringWithMarkup/8/String,string,74.938573200 ± 0.000001266
/Record/Section/7/Section/4/Information/1/Value/StringWithMarkup/9/String,string,75.935073031 ± 0.000001006
/Record/Section/7/Section/4/Information/1/Value/StringWithMarkup/10/String,string,75.935073031 ± 0.000001006
/Record/Section/7/Section/4/Information/1/Value/StringWithMarkup/11/String,string,76.930401599 ± 0.0000014
/Record/Section/7/Section/4/Information/1/Value/StringWithMarkup/12/String,string,77.928141866 ± 0.000003475
/Record/Section/7/Section/4/Information/1/Value/StringWithMarkup/13/String,string,77.928141866 ± 0.000003475
/Record/Section/7/Section/4/Information/1/Value/StringWithMarkup/14/String,string,77.928141866 ± 0.000003475
/Record/Section/7/Section/4/Information/1/Value/StringWithMarkup/15/String,string,78.923990095 ± 0.000002085
/Record/Section/7/Section/4/Information/1/Value/StringWithMarkup/16/String,string,79.922516442 ± 0.000002
/Record/Section/7/Section/4/Information/1/Value/StringWithMarkup/17/String,string,79.922516442 ± 0.000002
/Record/Section/7/Section/4/Information/1/Value/StringWithMarkup/18/String,string,80.918993900 ± 0.000005265
/Record/Section/7/Section/4/Information/1/Value/StringWithMarkup/19/String,string,80.918993900 ± 0.000005265
/Record/Section/7/Section/4/Information/1/Value/StringWithMarkup/20/String,string,81.918209023 ± 0.00000323
/Record/Section/7/Section/4/Information/1/Value/StringWithMarkup/21/String,string,81.918209023 ± 0.00000323
/Record/Section/7/Section/4/Information/1/Value/StringWithMarkup/22/String,string,82.915114181 ± 0.0000025
/Record/Section/7/Section/4/Information/1/Value/StringWithMarkup/23/String,string,82.915114181 ± 0.0000025
/Record/Section/7/Section/4/Information/1/Value/StringWithMarkup/24/String,string,83.914375223 ± 0.000002355
/Record/Section/7/Section/4/Information/1/Value/StringWithMarkup/25/String,string,83.914375223 ± 0.000002355
/Record/Section/7/Section/4/Information/1/Value/StringWithMarkup/26/String,string,84.91178973604 ± 0.00000000537
/Record/Section/7/Section/4/Information/1/Value/StringWithMarkup/27/String,string,84.91178973604 ± 0.00000000537
/Record/Section/7/Section/4/Information/1/Value/StringWithMarkup/28/String,string,85.911167443 ± 0.000000214
/Record/Section/7/Section/4/Information/1/Value/StringWithMarkup/29/String,string,85.911167443 ± 0.000000214
/Record/Section/7/Section/4/Information/1/Value/StringWithMarkup/30/String,string,86.909180529 ± 0.000000006
/Record/Section/7/Section/4/Information/1/Value/StringWithMarkup/31/String,string,87.911315590 ± 0.00000017
/Record/Section/7/Section/4/Information/1/Value/StringWithMarkup/32/String,string,87.911315590 ± 0.00000017
/Record/Section/7/Section/4/Information/1/Value/StringWithMarkup/33/String,string,88.912278136 ± 0.000005825
/Record/Section/7/Section/4/Information/1/Value/StringWithMarkup/34/String,string,89.914797557 ± 0.000006926
/Record/Section/7/Section/4/Information/1/Value/StringWithMarkup/35/String,string,89.914797557 ± 0.000006926
/Record/Section/7/Section/4/Information/1/Value/StringWithMarkup/36/String,string,90.916537261 ± 0.000008375
/Record/Section/7/Section/4/Information/1/Value/StringWithMarkup/37/String,string,91.919728477 ± 0.000006573
/Record/Section/7/Section/4/Information/1/Value/StringWithMarkup/38/String,string,92.922039334 ± 0.000008406
/Record/Section/7/Section/4/Information/1/Value/StringWithMarkup/39/String,string,92.922039334 ± 0.000008406
/Record/Section/7/Section/4/Information/1/Value/StringWithMarkup/40/String,string,93.926394819 ± 0.000002177
/Record/Section/7/Section/4/Information/1/Value/StringWithMarkup/41/String,string,93.926394819 ± 0.000002177
/Record/Section/7/Section/4/Information/1/Value/StringWithMarkup/42/String,string,93.926394819 ± 0.000002177
/Record/Section/7/Section/4/Information/1/Value/StringWithMarkup/43/String,string,94.929263849 ± 0.000021733
/Record/Section/7/Section/4/Information/1/Value/StringWithMarkup/44/String,string,94.929263849 ± 0.000021733
/Record/Section/7/Section/4/Information/1/Value/StringWithMarkup/45/String,string,95.934133398 ± 0.000003599
/Record/Section/7/Section/4/Information/1/Value/StringWithMarkup/46/String,string,95.934133398 ± 0.000003599
/Record/Section/7/Section/4/Information/1/Value/StringWithMarkup/47/String,string,95.934133398 ± 0.000003599
/Record/Section/7/Section/4/Information/1/Value/StringWithMarkup/48/String,string,96.937177117 ± 0.000002052
/Record/Section/7/Section/4/Information/1/Value/StringWithMarkup/49/String,string,96.937177117 ± 0.000002052
/Record/Section/7/Section/4/Information/1/Value/StringWithMarkup/50/String,string,97.941632317 ± 0.000017265
/Record/Section/7/Section/4/Information/1/Value/StringWithMarkup/51/String,string,97.941632317 ± 0.000017265
/Record/Section/7/Section/4/Information/1/Value/StringWithMarkup/52/String,string,97.941632317 ± 0.000017265
/Record/Section/7/Section/4/Information/1/Value/StringWithMarkup/53/String,string,98.945119190 ± 0.000004327
/Record/Section/7/Section/4/Information/1/Value/StringWithMarkup/54/String,string,99.950331532 ± 0.000014089
/Record/Section/7/Section/4/Information/1/Value/StringWithMarkup/55/String,string,100.954302000 ± 0.000022
/Record/Section/7/Section/4/Information/1/Value/StringWithMarkup/56/String,string,101.960008000 ± 0.000089
/Record/Section/7/Section/4/Information/1/Value/StringWithMarkup/57/String,string,102.964401 ± 0.000429 [Estimated]
/Record/Section/7/Section/4/Information/1/Value/StringWithMarkup/58/String,string,103.970531 ± 0.000537 [Estimated]
/Record/Section/7/Section/4/Information/2/ReferenceNumber,number,2
/Record/Section/7/Section/4/Information/2/Name,string,Half Life and Uncertainty
/Record/Section/7/Section/4/Information/2/Value/StringWithMarkup/0/String,string,Not-specified
/Record/Section/7/Section/4/Information/2/Value/StringWithMarkup/1/String,string,Not-specified
/Record/Section/7/Section/4/Information/2/Value/StringWithMarkup/2/String,string,Not-specified
/Record/Section/7/Section/4/Information/2/Value/StringWithMarkup/3/String,string,103 ns ± 22
/Record/Section/7/Section/4/Information/2/Value/StringWithMarkup/4/String,string,Not-specified
/Record/Section/7/Section/4/Information/2/Value/StringWithMarkup/5/String,string,<81 ns
/Record/Section/7/Section/4/Information/2/Value/StringWithMarkup/6/String,string,Not-specified
/Record/Section/7/Section/4/Information/2/Value/StringWithMarkup/7/String,string,64.78 ms ± 0.03
/Record/Section/7/Section/4/Information/2/Value/StringWithMarkup/8/String,string,19.0 s ± 1.2
/Record/Section/7/Section/4/Information/2/Value/StringWithMarkup/9/String,string,36.5 s ± 0.6
/Record/Section/7/Section/4/Information/2/Value/StringWithMarkup/10/String,string,3.050 us ± 0.007
/Record/Section/7/Section/4/Information/2/Value/StringWithMarkup/11/String,string,3.78 m ± 0.04
/Record/Section/7/Section/4/Information/2/Value/StringWithMarkup/12/String,string,17.66 m ± 0.03
/Record/Section/7/Section/4/Information/2/Value/StringWithMarkup/13/String,string,910 ns ± 40
/Record/Section/7/Section/4/Information/2/Value/StringWithMarkup/14/String,string,5.74 m ± 0.03
/Record/Section/7/Section/4/Information/2/Value/StringWithMarkup/15/String,string,22.9 m ± 0.5
/Record/Section/7/Section/4/Information/2/Value/StringWithMarkup/16/String,string,33.4 s ± 0.7
/Record/Section/7/Section/4/Information/2/Value/StringWithMarkup/17/String,string,1.63 us ± 0.04
/Record/Section/7/Section/4/Information/2/Value/StringWithMarkup/18/String,string,4.572 h ± 0.004
/Record/Section/7/Section/4/Information/2/Value/StringWithMarkup/19/String,string,30.5 m ± 0.3
/Record/Section/7/Section/4/Information/2/Value/StringWithMarkup/20/String,string,1.2575 m ± 0.0002
/Record/Section/7/Section/4/Information/2/Value/StringWithMarkup/21/String,string,6.472 h ± 0.006
/Record/Section/7/Section/4/Information/2/Value/StringWithMarkup/22/String,string,86.2 d ± 0.1
/Record/Section/7/Section/4/Information/2/Value/StringWithMarkup/23/String,string,7.8 ms ± 0.7
/Record/Section/7/Section/4/Information/2/Value/StringWithMarkup/24/String,string,32.82 d ± 0.07
/Record/Section/7/Section/4/Information/2/Value/StringWithMarkup/25/String,string,20.26 m ± 0.04
/Record/Section/7/Section/4/Information/2/Value/StringWithMarkup/26/String,string,Stable
/Record/Section/7/Section/4/Information/2/Value/StringWithMarkup/27/String,string,1.015 us ± 0.001
/Record/Section/7/Section/4/Information/2/Value/StringWithMarkup/28/String,string,18.645 d ± 0.008
/Record/Section/7/Section/4/Information/2/Value/StringWithMarkup/29/String,string,1.017 m ± 0.003
/Record/Section/7/Section/4/Information/2/Value/StringWithMarkup/30/String,string,49.7 Gy ± 0.3
/Record/Section/7/Section/4/Information/2/Value/StringWithMarkup/31/String,string,17.78 m ± 0.03
/Record/Section/7/Section/4/Information/2/Value/StringWithMarkup/32/String,string,123 ns ± 13
/Record/Section/7/Section/4/Information/2/Value/StringWithMarkup/33/String,string,15.32 m ± 0.10
/Record/Section/7/Section/4/Information/2/Value/StringWithMarkup/34/String,string,158 s ± 5
/Record/Section/7/Section/4/Information/2/Value/StringWithMarkup/35/String,string,258 s ± 4
/Record/Section/7/Section/4/Information/2/Value/StringWithMarkup/36/String,string,58.2 s ± 0.3
/Record/Section/7/Section/4/Information/2/Value/StringWithMarkup/37/String,string,4.48 s ± 0.03
/Record/Section/7/Section/4/Information/2/Value/StringWithMarkup/38/String,string,5.84 s ± 0.02
/Record/Section/7/Section/4/Information/2/Value/StringWithMarkup/39/String,string,111 ns ± 11
/Record/Section/7/Section/4/Information/2/Value/StringWithMarkup/40/String,string,2.702 s ± 0.005
/Record/Section/7/Section/4/Information/2/Value/StringWithMarkup/41/String,string,130 ns ± 15
/Record/Section/7/Section/4/Information/2/Value/StringWithMarkup/42/String,string,107 ns ± 16
/Record/Section/7/Section/4/Information/2/Value/StringWithMarkup/43/String,string,377.7 ms ± 0.8
/Record/Section/7/Section/4/Information/2/Value/StringWithMarkup/44/String,string,<500 ns
/Record/Section/7/Section/4/Information/2/Value/StringWithMarkup/45/String,string,201.5 ms ± 0.9
/Record/Section/7/Section/4/Information/2/Value/StringWithMarkup/46/String,string,200 ms >1ms [Estimated]
/Record/Section/7/Section/4/Information/2/Value/StringWithMarkup/47/String,string,1.80 us ± 0.04
/Record/Section/7/Section/4/Information/2/Value/StringWithMarkup/48/String,string,169.1 ms ± 0.6
/Record/Section/7/Section/4/Information/2/Value/StringWithMarkup/49/String,string,5.7 us ± 0.6
/Record/Section/7/Section/4/Information/2/Value/StringWithMarkup/50/String,string,115 ms ± 6
/Record/Section/7/Section/4/Information/2/Value/StringWithMarkup/51/String,string,96 ms ± 3
/Record/Section/7/Section/4/Information/2/Value/StringWithMarkup/52/String,string,358 ns ± 7
/Record/Section/7/Section/4/Information/2/Value/StringWithMarkup/53/String,string,54 ms ± 4
/Record/Section/7/Section/4/Information/2/Value/StringWithMarkup/54/String,string,51.3 ms ± 1.6
/Record/Section/7/Section/4/Information/2/Value/StringWithMarkup/55/String,string,31.8 ms ± 3.3
/Record/Section/7/Section/4/Information/2/Value/StringWithMarkup/56/String,string,37 ms ± 4
/Record/Section/7/Section/4/Information/2/Value/StringWithMarkup/57/String,string,26 ms ± 11
/Record/Section/7/Section/4/Information/2/Value/StringWithMarkup/58/String,string,35 ms >550ns [Estimated]
/Record/Section/7/Section/4/Information/3/ReferenceNumber,number,2
/Record/Section/7/Section/4/Information/3/Name,string,Discovery Year
/Record/Section/7/Section/4/Information/3/Value/StringWithMarkup/0/String,string,
/Record/Section/7/Section/4/Information/3/Value/StringWithMarkup/1/String,string,
/Record/Section/7/Section/4/Information/3/Value/StringWithMarkup/2/String,string,
/Record/Section/7/Section/4/Information/3/Value/StringWithMarkup/3/String,string,2017
/Record/Section/7/Section/4/Information/3/Value/StringWithMarkup/4/String,string,
/Record/Section/7/Section/4/Information/3/Value/StringWithMarkup/5/String,string,1996
/Record/Section/7/Section/4/Information/3/Value/StringWithMarkup/6/String,string,
/Record/Section/7/Section/4/Information/3/Value/StringWithMarkup/7/String,string,1977
/Record/Section/7/Section/4/Information/3/Value/StringWithMarkup/8/String,string,1975
/Record/Section/7/Section/4/Information/3/Value/StringWithMarkup/9/String,string,1969
/Record/Section/7/Section/4/Information/3/Value/StringWithMarkup/10/String,string,1986
/Record/Section/7/Section/4/Information/3/Value/StringWithMarkup/11/String,string,1972
/Record/Section/7/Section/4/Information/3/Value/StringWithMarkup/12/String,string,1968
/Record/Section/7/Section/4/Information/3/Value/StringWithMarkup/13/String,string,1996
/Record/Section/7/Section/4/Information/3/Value/StringWithMarkup/14/String,string,1968
/Record/Section/7/Section/4/Information/3/Value/StringWithMarkup/15/String,string,1957
/Record/Section/7/Section/4/Information/3/Value/StringWithMarkup/16/String,string,1961
/Record/Section/7/Section/4/Information/3/Value/StringWithMarkup/17/String,string,1980
/Record/Section/7/Section/4/Information/3/Value/StringWithMarkup/18/String,string,1949
/Record/Section/7/Section/4/Information/3/Value/StringWithMarkup/19/String,string,1956
/Record/Section/7/Section/4/Information/3/Value/StringWithMarkup/20/String,string,1949
/Record/Section/7/Section/4/Information/3/Value/StringWithMarkup/21/String,string,1957
/Record/Section/7/Section/4/Information/3/Value/StringWithMarkup/22/String,string,1950
/Record/Section/7/Section/4/Information/3/Value/StringWithMarkup/23/String,string,1968
/Record/Section/7/Section/4/Information/3/Value/StringWithMarkup/24/String,string,1947
/Record/Section/7/Section/4/Information/3/Value/StringWithMarkup/25/String,string,1940
/Record/Section/7/Section/4/Information/3/Value/StringWithMarkup/26/String,string,1921
/Record/Section/7/Section/4/Information/3/Value/StringWithMarkup/27/String,string,1964
/Record/Section/7/Section/4/Information/3/Value/StringWithMarkup/28/String,string,1941
/Record/Section/7/Section/4/Information/3/Value/StringWithMarkup/29/String,string,1951
/Record/Section/7/Section/4/Information/3/Value/StringWithMarkup/30/String,string,1921
/Record/Section/7/Section/4/Information/3/Value/StringWithMarkup/31/String,string,1939
/Record/Section/7/Section/4/Information/3/Value/StringWithMarkup/32/String,string,2000
/Record/Section/7/Section/4/Information/3/Value/StringWithMarkup/33/String,string,1940
/Record/Section/7/Section/4/Information/3/Value/StringWithMarkup/34/String,string,1951
/Record/Section/7/Section/4/Information/3/Value/StringWithMarkup/35/String,string,1967
/Record/Section/7/Section/4/Information/3/Value/StringWithMarkup/36/String,string,1951
/Record/Section/7/Section/4/Information/3/Value/StringWithMarkup/37/String,string,1960
/Record/Section/7/Section/4/Information/3/Value/StringWithMarkup/38/String,string,1960
/Record/Section/7/Section/4/Information/3/Value/StringWithMarkup/39/String,string,2010
/Record/Section/7/Section/4/Information/3/Value/StringWithMarkup/40/String,string,1961
/Record/Section/7/Section/4/Information/3/Value/StringWithMarkup/41/String,string,2016
/Record/Section/7/Section/4/Information/3/Value/StringWithMarkup/42/String,string,2008
/Record/Section/7/Section/4/Information/3/Value/StringWithMarkup/43/String,string,1967
/Record/Section/7/Section/4/Information/3/Value/StringWithMarkup/44/String,string,2009
/Record/Section/7/Section/4/Information/3/Value/StringWithMarkup/45/String,string,1967
/Record/Section/7/Section/4/Information/3/Value/StringWithMarkup/46/String,string,1981
/Record/Section/7/Section/4/Information/3/Value/StringWithMarkup/47/String,string,1999
/Record/Section/7/Section/4/Information/3/Value/StringWithMarkup/48/String,string,1969
/Record/Section/7/Section/4/Information/3/Value/StringWithMarkup/49/String,string,2012
/Record/Section/7/Section/4/Information/3/Value/StringWithMarkup/50/String,string,1971
/Record/Section/7/Section/4/Information/3/Value/StringWithMarkup/51/String,string,1980
/Record/Section/7/Section/4/Information/3/Value/StringWithMarkup/52/String,string,2009
/Record/Section/7/Section/4/Information/3/Value/StringWithMarkup/53/String,string,1971
/Record/Section/7/Section/4/Information/3/Value/StringWithMarkup/54/String,string,1978
/Record/Section/7/Section/4/Information/3/Value/StringWithMarkup/55/String,string,1992
/Record/Section/7/Section/4/Information/3/Value/StringWithMarkup/56/String,string,1995
/Record/Section/7/Section/4/Information/3/Value/StringWithMarkup/57/String,string,2010
/Record/Section/7/Section/4/Information/3/Value/StringWithMarkup/58/String,string,2018
/Record/Section/7/Section/4/Information/4/ReferenceNumber,number,2
/Record/Section/7/Section/4/Information/4/Name,string,"Decay Modes, Intensities and Uncertainties [%]"
/Record/Section/7/Section/4/Information/4/Value/StringWithMarkup/0/String,string,p ?
/Record/Section/7/Section/4/Information/4/Value/StringWithMarkup/1/String,string,
/Record/Section/7/Section/4/Information/4/Value/StringWithMarkup/2/String,string,
/Record/Section/7/Section/4/Information/4/Value/StringWithMarkup/3/String,string,p ?
/Record/Section/7/Section/4/Information/4/Value/StringWithMarkup/4/String,string,p ?
/Record/Section/7/Section/4/Information/4/Value/StringWithMarkup/5/String,string,β+ ?; p≈100%
/Record/Section/7/Section/4/Information/4/Value/StringWithMarkup/5/Markup/0/Start,number,1
/Record/Section/7/Section/4/Information/4/Value/StringWithMarkup/5/Markup/0/Length,number,1
/Record/Section/7/Section/4/Information/4/Value/StringWithMarkup/5/Markup/0/Type,string,Superscript
/Record/Section/7/Section/4/Information/4/Value/StringWithMarkup/6/String,string,
/Record/Section/7/Section/4/Information/4/Value/StringWithMarkup/7/String,string,β+=100%; β+p ?
/Record/Section/7/Section/4/Information/4/Value/StringWithMarkup/7/Markup/0/Start,number,1
/Record/Section/7/Section/4/Information/4/Value/StringWithMarkup/7/Markup/0/Length,number,1
/Record/Section/7/Section/4/Information/4/Value/StringWithMarkup/7/Markup/0/Type,string,Superscript
/Record/Section/7/Section/4/Information/4/Value/StringWithMarkup/7/Markup/1/Start,number,10
/Record/Section/7/Section/4/Information/4/Value/StringWithMarkup/7/Markup/1/Length,number,1
/Record/Section/7/Section/4/Information/4/Value/StringWithMarkup/7/Markup/1/Type,string,Superscript
/Record/Section/7/Section/4/Information/4/Value/StringWithMarkup/8/String,string,β+=100%
/Record/Section/7/Section/4/Information/4/Value/StringWithMarkup/8/Markup/0/Start,number,1
/Record/Section/7/Section/4/Information/4/Value/StringWithMarkup/8/Markup/0/Length,number,1
/Record/Section/7/Section/4/Information/4/Value/StringWithMarkup/8/Markup/0/Type,string,Superscript
/Record/Section/7/Section/4/Information/4/Value/StringWithMarkup/9/String,string,β+=100%; β+α=3.8e-7±1%
/Record/Section/7/Section/4/Information/4/Value/StringWithMarkup/9/Markup/0/Start,number,1
/Record/Section/7/Section/4/Information/4/Value/StringWithMarkup/9/Markup/0/Length,number,1
/Record/Section/7/Section/4/Information/4/Value/StringWithMarkup/9/Markup/0/Type,string,Superscript
/Record/Section/7/Section/4/Information/4/Value/StringWithMarkup/9/Markup/1/Start,number,10
/Record/Section/7/Section/4/Information/4/Value/StringWithMarkup/9/Markup/1/Length,number,1
/Record/Section/7/Section/4/Information/4/Value/StringWithMarkup/9/Markup/1/Type,string,Superscript
/Record/Section/7/Section/4/Information/4/Value/StringWithMarkup/10/String,string,IT=100%
/Record/Section/7/Section/4/Information/4/Value/StringWithMarkup/11/String,string,β+=100%
/Record/Section/7/Section/4/Information/4/Value/StringWithMarkup/11/Markup/0/Start,number,1
/Record/Section/7/Section/4/Information/4/Value/StringWithMarkup/11/Markup/0/Length,number,1
/Record/Section/7/Section/4/Information/4/Value/StringWithMarkup/11/Markup/0/Type,string,Superscript
/Record/Section/7/Section/4/Information/4/Value/StringWithMarkup/12/String,string,β+=100%
/Record/Section/7/Section/4/Information/4/Value/StringWithMarkup/12/Markup/0/Start,number,1
/Record/Section/7/Section/4/Information/4/Value/StringWithMarkup/12/Markup/0/Length,number,1
/Record/Section/7/Section/4/Information/4/Value/StringWithMarkup/12/Markup/0/Type,string,Superscript
/Record/Section/7/Section/4/Information/4/Value/StringWithMarkup/13/String,string,IT=100%
/Record/Section/7/Section/4/Information/4/Value/StringWithMarkup/14/String,string,β+=91±0.2%; IT=9±0.2%
/Record/Section/7/Section/4/Information/4/Value/StringWithMarkup/14/Markup/0/Start,number,1
/Record/Section/7/Section/4/Information/4/Value/StringWithMarkup/14/Markup/0/Length,number,1
/Record/Section/7/Section/4/Information/4/Value/StringWithMarkup/14/Markup/0/Type,string,Superscript
/Record/Section/7/Section/4/Information/4/Value/StringWithMarkup/15/String,string,β+=100%
/Record/Section/7/Section/4/Information/4/Value/StringWithMarkup/15/Markup/0/Start,number,1
/Record/Section/7/Section/4/Information/4/Value/StringWithMarkup/15/Markup/0/Length,number,1
/Record/Section/7/Section/4/Information/4/Value/StringWithMarkup/15/Markup/0/Type,string,Superscript
/Record/Section/7/Section/4/Information/4/Value/StringWithMarkup/16/String,string,β+=100%
/Record/Section/7/Section/4/Information/4/Value/StringWithMarkup/16/Markup/0/Start,number,1
/Record/Section/7/Section/4/Information/4/Value/StringWithMarkup/16/Markup/0/Length,number,1
/Record/Section/7/Section/4/Information/4/Value/StringWithMarkup/16/Markup/0/Type,string,Superscript
/Record/Section/7/Section/4/Information/4/Value/StringWithMarkup/17/String,string,IT=100%
/Record/Section/7/Section/4/Information/4/Value/StringWithMarkup/18/String,string,β+=100%
/Record/Section/7/Section/4/Information/4/Value/StringWithMarkup/18/Markup/0/Start,number,1
/Record/Section/7/Section/4/Information/4/Value/StringWithMarkup/18/Markup/0/Length,number,1
/Record/Section/7/Section/4/Information/4/Value/StringWithMarkup/18/Markup/0/Type,string,Superscript
/Record/Section/7/Section/4/Information/4/Value/StringWithMarkup/19/String,string,IT=97.6±0.6%; β+=2.4±0.6%
/Record/Section/7/Section/4/Information/4/Value/StringWithMarkup/19/Markup/0/Start,number,15
/Record/Section/7/Section/4/Information/4/Value/StringWithMarkup/19/Markup/0/Length,number,1
/Record/Section/7/Section/4/Information/4/Value/StringWithMarkup/19/Markup/0/Type,string,Superscript
/Record/Section/7/Section/4/Information/4/Value/StringWithMarkup/20/String,string,β+=100%
/Record/Section/7/Section/4/Information/4/Value/StringWithMarkup/20/Markup/0/Start,number,1
/Record/Section/7/Section/4/Information/4/Value/StringWithMarkup/20/Markup/0/Length,number,1
/Record/Section/7/Section/4/Information/4/Value/StringWithMarkup/20/Markup/0/Type,string,Superscript
/Record/Section/7/Section/4/Information/4/Value/StringWithMarkup/21/String,string,β+≈100%; IT<0.33%
/Record/Section/7/Section/4/Information/4/Value/StringWithMarkup/21/Markup/0/Start,number,1
/Record/Section/7/Section/4/Information/4/Value/StringWithMarkup/21/Markup/0/Length,number,1
/Record/Section/7/Section/4/Information/4/Value/StringWithMarkup/21/Markup/0/Type,string,Superscript
/Record/Section/7/Section/4/Information/4/Value/StringWithMarkup/22/String,string,ε=100%
/Record/Section/7/Section/4/Information/4/Value/StringWithMarkup/23/String,string,IT=100%
/Record/Section/7/Section/4/Information/4/Value/StringWithMarkup/24/String,string,β+=96.1±2%; β-=3.9±2%
/Record/Section/7/Section/4/Information/4/Value/StringWithMarkup/24/Markup/0/Start,number,1
/Record/Section/7/Section/4/Information/4/Value/StringWithMarkup/24/Markup/0/Length,number,1
/Record/Section/7/Section/4/Information/4/Value/StringWithMarkup/24/Markup/0/Type,string,Superscript
/Record/Section/7/Section/4/Information/4/Value/StringWithMarkup/24/Markup/1/Start,number,13
/Record/Section/7/Section/4/Information/4/Value/StringWithMarkup/24/Markup/1/Length,number,1
/Record/Section/7/Section/4/Information/4/Value/StringWithMarkup/24/Markup/1/Type,string,Superscript
/Record/Section/7/Section/4/Information/4/Value/StringWithMarkup/25/String,string,IT≈100%; β+<0.0012%
/Record/Section/7/Section/4/Information/4/Value/StringWithMarkup/25/Markup/0/Start,number,10
/Record/Section/7/Section/4/Information/4/Value/StringWithMarkup/25/Markup/0/Length,number,1
/Record/Section/7/Section/4/Information/4/Value/StringWithMarkup/25/Markup/0/Type,string,Superscript
/Record/Section/7/Section/4/Information/4/Value/StringWithMarkup/26/String,string,IS=72.17±0.2%
/Record/Section/7/Section/4/Information/4/Value/StringWithMarkup/27/String,string,IT=100%
/Record/Section/7/Section/4/Information/4/Value/StringWithMarkup/28/String,string,β-≈100%; ε=0.0052±0.5%
/Record/Section/7/Section/4/Information/4/Value/StringWithMarkup/28/Markup/0/Start,number,1
/Record/Section/7/Section/4/Information/4/Value/StringWithMarkup/28/Markup/0/Length,number,1
/Record/Section/7/Section/4/Information/4/Value/StringWithMarkup/28/Markup/0/Type,string,Superscript
/Record/Section/7/Section/4/Information/4/Value/StringWithMarkup/29/String,string,IT≈100%; β-<0.3%
/Record/Section/7/Section/4/Information/4/Value/StringWithMarkup/29/Markup/0/Start,number,10
/Record/Section/7/Section/4/Information/4/Value/StringWithMarkup/29/Markup/0/Length,number,1
/Record/Section/7/Section/4/Information/4/Value/StringWithMarkup/29/Markup/0/Type,string,Superscript
/Record/Section/7/Section/4/Information/4/Value/StringWithMarkup/30/String,string,IS=27.83±0.2%; β-=100%
/Record/Section/7/Section/4/Information/4/Value/StringWithMarkup/30/Markup/0/Start,number,16
/Record/Section/7/Section/4/Information/4/Value/StringWithMarkup/30/Markup/0/Length,number,1
/Record/Section/7/Section/4/Information/4/Value/StringWithMarkup/30/Markup/0/Type,string,Superscript
/Record/Section/7/Section/4/Information/4/Value/StringWithMarkup/31/String,string,β-=100%
/Record/Section/7/Section/4/Information/4/Value/StringWithMarkup/31/Markup/0/Start,number,1
/Record/Section/7/Section/4/Information/4/Value/StringWithMarkup/31/Markup/0/Length,number,1
/Record/Section/7/Section/4/Information/4/Value/StringWithMarkup/31/Markup/0/Type,string,Superscript
/Record/Section/7/Section/4/Information/4/Value/StringWithMarkup/32/String,string,IT=100%
/Record/Section/7/Section/4/Information/4/Value/StringWithMarkup/33/String,string,β-=100%
/Record/Section/7/Section/4/Information/4/Value/StringWithMarkup/33/Markup/0/Start,number,1
/Record/Section/7/Section/4/Information/4/Value/StringWithMarkup/33/Markup/0/Length,number,1
/Record/Section/7/Section/4/Information/4/Value/StringWithMarkup/33/Markup/0/Type,string,Superscript
/Record/Section/7/Section/4/Information/4/Value/StringWithMarkup/34/String,string,β-=100%
/Record/Section/7/Section/4/Information/4/Value/StringWithMarkup/34/Markup/0/Start,number,1
/Record/Section/7/Section/4/Information/4/Value/StringWithMarkup/34/Markup/0/Length,number,1
/Record/Section/7/Section/4/Information/4/Value/StringWithMarkup/34/Markup/0/Type,string,Superscript
/Record/Section/7/Section/4/Information/4/Value/StringWithMarkup/35/String,string,β-=97.4±0.4%; IT=2.5±0.4%
/Record/Section/7/Section/4/Information/4/Value/StringWithMarkup/35/Markup/0/Start,number,1
/Record/Section/7/Section/4/Information/4/Value/StringWithMarkup/35/Markup/0/Length,number,1
/Record/Section/7/Section/4/Information/4/Value/StringWithMarkup/35/Markup/0/Type,string,Superscript
/Record/Section/7/Section/4/Information/4/Value/StringWithMarkup/36/String,string,β-=100%; β-n ?
/Record/Section/7/Section/4/Information/4/Value/StringWithMarkup/36/Markup/0/Start,number,1
/Record/Section/7/Section/4/Information/4/Value/StringWithMarkup/36/Markup/0/Length,number,1
/Record/Section/7/Section/4/Information/4/Value/StringWithMarkup/36/Markup/0/Type,string,Superscript
/Record/Section/7/Section/4/Information/4/Value/StringWithMarkup/36/Markup/1/Start,number,10
/Record/Section/7/Section/4/Information/4/Value/StringWithMarkup/36/Markup/1/Length,number,1
/Record/Section/7/Section/4/Information/4/Value/StringWithMarkup/36/Markup/1/Type,string,Superscript
/Record/Section/7/Section/4/Information/4/Value/StringWithMarkup/37/String,string,β-=100%; β-n=0.0107±0.5%
/Record/Section/7/Section/4/Information/4/Value/StringWithMarkup/37/Markup/0/Start,number,1
/Record/Section/7/Section/4/Information/4/Value/StringWithMarkup/37/Markup/0/Length,number,1
/Record/Section/7/Section/4/Information/4/Value/StringWithMarkup/37/Markup/0/Type,string,Superscript
/Record/Section/7/Section/4/Information/4/Value/StringWithMarkup/37/Markup/1/Start,number,10
/Record/Section/7/Section/4/Information/4/Value/StringWithMarkup/37/Markup/1/Length,number,1
/Record/Section/7/Section/4/Information/4/Value/StringWithMarkup/37/Markup/1/Type,string,Superscript
/Record/Section/7/Section/4/Information/4/Value/StringWithMarkup/38/String,string,β-=100%; β-n=1.39±0.7%
/Record/Section/7/Section/4/Information/4/Value/StringWithMarkup/38/Markup/0/Start,number,1
/Record/Section/7/Section/4/Information/4/Value/StringWithMarkup/38/Markup/0/Length,number,1
/Record/Section/7/Section/4/Information/4/Value/StringWithMarkup/38/Markup/0/Type,string,Superscript
/Record/Section/7/Section/4/Information/4/Value/StringWithMarkup/38/Markup/1/Start,number,10
/Record/Section/7/Section/4/Information/4/Value/StringWithMarkup/38/Markup/1/Length,number,1
/Record/Section/7/Section/4/Information/4/Value/StringWithMarkup/38/Markup/1/Type,string,Superscript
/Record/Section/7/Section/4/Information/4/Value/StringWithMarkup/39/String,string,IT=100%
/Record/Section/7/Section/4/Information/4/Value/StringWithMarkup/40/String,string,β-=100%; β-n=10.3±0.3%
/Record/Section/7/Section/4/Information/4/Value/StringWithMarkup/40/Markup/0/Start,number,1
/Record/Section/7/Section/4/Information/4/Value/StringWithMarkup/40/Markup/0/Length,number,1
/Record/Section/7/Section/4/Information/4/Value/StringWithMarkup/40/Markup/0/Type,string,Superscript
/Record/Section/7/Section/4/Information/4/Value/StringWithMarkup/40/Markup/1/Start,number,10
/Record/Section/7/Section/4/Information/4/Value/StringWithMarkup/40/Markup/1/Length,number,1
/Record/Section/7/Section/4/Information/4/Value/StringWithMarkup/40/Markup/1/Type,string,Superscript
/Record/Section/7/Section/4/Information/4/Value/StringWithMarkup/41/String,string,IT=100%
/Record/Section/7/Section/4/Information/4/Value/StringWithMarkup/42/String,string,IT=100%
/Record/Section/7/Section/4/Information/4/Value/StringWithMarkup/43/String,string,β-=100%; β-n=8.7±0.3%
/Record/Section/7/Section/4/Information/4/Value/StringWithMarkup/43/Markup/0/Start,number,1
/Record/Section/7/Section/4/Information/4/Value/StringWithMarkup/43/Markup/0/Length,number,1
/Record/Section/7/Section/4/Information/4/Value/StringWithMarkup/43/Markup/0/Type,string,Superscript
/Record/Section/7/Section/4/Information/4/Value/StringWithMarkup/43/Markup/1/Start,number,10
/Record/Section/7/Section/4/Information/4/Value/StringWithMarkup/43/Markup/1/Length,number,1
/Record/Section/7/Section/4/Information/4/Value/StringWithMarkup/43/Markup/1/Type,string,Superscript
/Record/Section/7/Section/4/Information/4/Value/StringWithMarkup/44/String,string,IT=100%
/Record/Section/7/Section/4/Information/4/Value/StringWithMarkup/45/String,string,β-=100%; β-n=13.7±0.5%; β-2n ?
/Record/Section/7/Section/4/Information/4/Value/StringWithMarkup/45/Markup/0/Start,number,1
/Record/Section/7/Section/4/Information/4/Value/StringWithMarkup/45/Markup/0/Length,number,1
/Record/Section/7/Section/4/Information/4/Value/StringWithMarkup/45/Markup/0/Type,string,Superscript
/Record/Section/7/Section/4/Information/4/Value/StringWithMarkup/45/Markup/1/Start,number,10
/Record/Section/7/Section/4/Information/4/Value/StringWithMarkup/45/Markup/1/Length,number,1
/Record/Section/7/Section/4/Information/4/Value/StringWithMarkup/45/Markup/1/Type,string,Superscript
/Record/Section/7/Section/4/Information/4/Value/StringWithMarkup/45/Markup/2/Start,number,25
/Record/Section/7/Section/4/Information/4/Value/StringWithMarkup/45/Markup/2/Length,number,1
/Record/Section/7/Section/4/Information/4/Value/StringWithMarkup/45/Markup/2/Type,string,Superscript
/Record/Section/7/Section/4/Information/4/Value/StringWithMarkup/46/String,string,β- ?; IT ?; β-n ?; β-2n ?
/Record/Section/7/Section/4/Information/4/Value/StringWithMarkup/46/Markup/0/Start,number,1
/Record/Section/7/Section/4/Information/4/Value/StringWithMarkup/46/Markup/0/Length,number,1
/Record/Section/7/Section/4/Information/4/Value/StringWithMarkup/46/Markup/0/Type,string,Superscript
/Record/Section/7/Section/4/Information/4/Value/StringWithMarkup/46/Markup/1/Start,number,13
/Record/Section/7/Section/4/Information/4/Value/StringWithMarkup/46/Markup/1/Length,number,1
/Record/Section/7/Section/4/Information/4/Value/StringWithMarkup/46/Markup/1/Type,string,Superscript
/Record/Section/7/Section/4/Information/4/Value/StringWithMarkup/46/Markup/2/Start,number,20
/Record/Section/7/Section/4/Information/4/Value/StringWithMarkup/46/Markup/2/Length,number,1
/Record/Section/7/Section/4/Information/4/Value/StringWithMarkup/46/Markup/2/Type,string,Superscript
/Record/Section/7/Section/4/Information/4/Value/StringWithMarkup/47/String,string,IT=100%
/Record/Section/7/Section/4/Information/4/Value/StringWithMarkup/48/String,string,β-=100%; β-n=25.5±0.9%; β-2n ?
/Record/Section/7/Section/4/Information/4/Value/StringWithMarkup/48/Markup/0/Start,number,1
/Record/Section/7/Section/4/Information/4/Value/StringWithMarkup/48/Markup/0/Length,number,1
/Record/Section/7/Section/4/Information/4/Value/StringWithMarkup/48/Markup/0/Type,string,Superscript
/Record/Section/7/Section/4/Information/4/Value/StringWithMarkup/48/Markup/1/Start,number,10
/Record/Section/7/Section/4/Information/4/Value/StringWithMarkup/48/Markup/1/Length,number,1
/Record/Section/7/Section/4/Information/4/Value/StringWithMarkup/48/Markup/1/Type,string,Superscript
/Record/Section/7/Section/4/Information/4/Value/StringWithMarkup/48/Markup/2/Start,number,25
/Record/Section/7/Section/4/Information/4/Value/StringWithMarkup/48/Markup/2/Length,number,1
/Record/Section/7/Section/4/Information/4/Value/StringWithMarkup/48/Markup/2/Type,string,Superscript
/Record/Section/7/Section/4/Information/4/Value/StringWithMarkup/49/String,string,IT=100%
/Record/Section/7/Section/4/Information/4/Value/StringWithMarkup/50/String,string,β-=100%; β-n=14.3±0.9%; β-2n=0.054±0.8%
/Record/Section/7/Section/4/Information/4/Value/StringWithMarkup/50/Markup/0/Start,number,1
/Record/Section/7/Section/4/Information/4/Value/StringWithMarkup/50/Markup/0/Length,number,1
/Record/Section/7/Section/4/Information/4/Value/StringWithMarkup/50/Markup/0/Type,string,Superscript
/Record/Section/7/Section/4/Information/4/Value/StringWithMarkup/50/Markup/1/Start,number,10
/Record/Section/7/Section/4/Information/4/Value/StringWithMarkup/50/Markup/1/Length,number,1
/Record/Section/7/Section/4/Information/4/Value/StringWithMarkup/50/Markup/1/Type,string,Superscript
/Record/Section/7/Section/4/Information/4/Value/StringWithMarkup/50/Markup/2/Start,number,25
/Record/Section/7/Section/4/Information/4/Value/StringWithMarkup/50/Markup/2/Length,number,1
/Record/Section/7/Section/4/Information/4/Value/StringWithMarkup/50/Markup/2/Type,string,Superscript
/Record/Section/7/Section/4/Information/4/Value/StringWithMarkup/51/String,string,β-=100%; β-n ?; β-2n ?
/Record/Section/7/Section/4/Information/4/Value/StringWithMarkup/51/Markup/0/Start,number,1
/Record/Section/7/Section/4/Information/4/Value/StringWithMarkup/51/Markup/0/Length,number,1
/Record/Section/7/Section/4/Information/4/Value/StringWithMarkup/51/Markup/0/Type,string,Superscript
/Record/Section/7/Section/4/Information/4/Value/StringWithMarkup/51/Markup/1/Start,number,10
/Record/Section/7/Section/4/Information/4/Value/StringWithMarkup/51/Markup/1/Length,number,1
/Record/Section/7/Section/4/Information/4/Value/StringWithMarkup/51/Markup/1/Type,string,Superscript
/Record/Section/7/Section/4/Information/4/Value/StringWithMarkup/51/Markup/2/Start,number,17
/Record/Section/7/Section/4/Information/4/Value/StringWithMarkup/51/Markup/2/Length,number,1
/Record/Section/7/Section/4/Information/4/Value/StringWithMarkup/51/Markup/2/Type,string,Superscript
/Record/Section/7/Section/4/Information/4/Value/StringWithMarkup/52/String,string,IT=100%
/Record/Section/7/Section/4/Information/4/Value/StringWithMarkup/53/String,string,β-=100%; β-n=17.3±2.5%; β-2n ?
/Record/Section/7/Section/4/Information/4/Value/StringWithMarkup/53/Markup/0/Start,number,1
/Record/Section/7/Section/4/Information/4/Value/StringWithMarkup/53/Markup/0/Length,number,1
/Record/Section/7/Section/4/Information/4/Value/StringWithMarkup/53/Markup/0/Type,string,Superscript
/Record/Section/7/Section/4/Information/4/Value/StringWithMarkup/53/Markup/1/Start,number,10
/Record/Section/7/Section/4/Information/4/Value/StringWithMarkup/53/Markup/1/Length,number,1
/Record/Section/7/Section/4/Information/4/Value/StringWithMarkup/53/Markup/1/Type,string,Superscript
/Record/Section/7/Section/4/Information/4/Value/StringWithMarkup/53/Markup/2/Start,number,25
/Record/Section/7/Section/4/Information/4/Value/StringWithMarkup/53/Markup/2/Length,number,1
/Record/Section/7/Section/4/Information/4/Value/StringWithMarkup/53/Markup/2/Type,string,Superscript
/Record/Section/7/Section/4/Information/4/Value/StringWithMarkup/54/String,string,β-=100%; β-n=5.6±1.2%; β-2n=0.15±0.5%
/Record/Section/7/Section/4/Information/4/Value/StringWithMarkup/54/Markup/0/Start,number,1
/Record/Section/7/Section/4/Information/4/Value/StringWithMarkup/54/Markup/0/Length,number,1
/Record/Section/7/Section/4/Information/4/Value/StringWithMarkup/54/Markup/0/Type,string,Superscript
/Record/Section/7/Section/4/Information/4/Value/StringWithMarkup/54/Markup/1/Start,number,10
/Record/Section/7/Section/4/Information/4/Value/StringWithMarkup/54/Markup/1/Length,number,1
/Record/Section/7/Section/4/Information/4/Value/StringWithMarkup/54/Markup/1/Type,string,Superscript
/Record/Section/7/Section/4/Information/4/Value/StringWithMarkup/54/Markup/2/Start,number,24
/Record/Section/7/Section/4/Information/4/Value/StringWithMarkup/54/Markup/2/Length,number,1
/Record/Section/7/Section/4/Information/4/Value/StringWithMarkup/54/Markup/2/Type,string,Superscript
/Record/Section/7/Section/4/Information/4/Value/StringWithMarkup/55/String,string,β-=100%; β-n=28±0.4%; β-2n ?
/Record/Section/7/Section/4/Information/4/Value/StringWithMarkup/55/Markup/0/Start,number,1
/Record/Section/7/Section/4/Information/4/Value/StringWithMarkup/55/Markup/0/Length,number,1
/Record/Section/7/Section/4/Information/4/Value/StringWithMarkup/55/Markup/0/Type,string,Superscript
/Record/Section/7/Section/4/Information/4/Value/StringWithMarkup/55/Markup/1/Start,number,10
/Record/Section/7/Section/4/Information/4/Value/StringWithMarkup/55/Markup/1/Length,number,1
/Record/Section/7/Section/4/Information/4/Value/StringWithMarkup/55/Markup/1/Type,string,Superscript
/Record/Section/7/Section/4/Information/4/Value/StringWithMarkup/55/Markup/2/Start,number,23
/Record/Section/7/Section/4/Information/4/Value/StringWithMarkup/55/Markup/2/Length,number,1
/Record/Section/7/Section/4/Information/4/Value/StringWithMarkup/55/Markup/2/Type,string,Superscript
/Record/Section/7/Section/4/Information/4/Value/StringWithMarkup/56/String,string,β-=100%; β-n=65±2.2%; β-2n ?
/Record/Section/7/Section/4/Information/4/Value/StringWithMarkup/56/Markup/0/Start,number,1
/Record/Section/7/Section/4/Information/4/Value/StringWithMarkup/56/Markup/0/Length,number,1
/Record/Section/7/Section/4/Information/4/Value/StringWithMarkup/56/Markup/0/Type,string,Superscript
/Record/Section/7/Section/4/Information/4/Value/StringWithMarkup/56/Markup/1/Start,number,10
/Record/Section/7/Section/4/Information/4/Value/StringWithMarkup/56/Markup/1/Length,number,1
/Record/Section/7/Section/4/Information/4/Value/StringWithMarkup/56/Markup/1/Type,string,Superscript
/Record/Section/7/Section/4/Information/4/Value/StringWithMarkup/56/Markup/2/Start,number,23
/Record/Section/7/Section/4/Information/4/Value/StringWithMarkup/56/Markup/2/Length,number,1
/Record/Section/7/Section/4/Information/4/Value/StringWithMarkup/56/Markup/2/Type,string,Superscript
/Record/Section/7/Section/4/Information/4/Value/StringWithMarkup/57/String,string,β-=100%; β-n ?; β-2n ?
/Record/Section/7/Section/4/Information/4/Value/StringWithMarkup/57/Markup/0/Start,number,1
/Record/Section/7/Section/4/Information/4/Value/StringWithMarkup/57/Markup/0/Length,number,1
/Record/Section/7/Section/4/Information/4/Value/StringWithMarkup/57/Markup/0/Type,string,Superscript
/Record/Section/7/Section/4/Information/4/Value/StringWithMarkup/57/Markup/1/Start,number,10
/Record/Section/7/Section/4/Information/4/Value/StringWithMarkup/57/Markup/1/Length,number,1
/Record/Section/7/Section/4/Information/4/Value/StringWithMarkup/57/Markup/1/Type,string,Superscript
/Record/Section/7/Section/4/Information/4/Value/StringWithMarkup/57/Markup/2/Start,number,17
/Record/Section/7/Section/4/Information/4/Value/StringWithMarkup/57/Markup/2/Length,number,1
/Record/Section/7/Section/4/Information/4/Value/StringWithMarkup/57/Markup/2/Type,string,Superscript
/Record/Section/7/Section/4/Information/4/Value/StringWithMarkup/58/String,string,β- ?; β-n ?; β-2n ?
/Record/Section/7/Section/4/Information/4/Value/StringWithMarkup/58/Markup/0/Start,number,1
/Record/Section/7/Section/4/Information/4/Value/StringWithMarkup/58/Markup/0/Length,number,1
/Record/Section/7/Section/4/Information/4/Value/StringWithMarkup/58/Markup/0/Type,string,Superscript
/Record/Section/7/Section/4/Information/4/Value/StringWithMarkup/58/Markup/1/Start,number,7
/Record/Section/7/Section/4/Information/4/Value/StringWithMarkup/58/Markup/1/Length,number,1
/Record/Section/7/Section/4/Information/4/Value/StringWithMarkup/58/Markup/1/Type,string,Superscript
/Record/Section/7/Section/4/Information/4/Value/StringWithMarkup/58/Markup/2/Start,number,14
/Record/Section/7/Section/4/Information/4/Value/StringWithMarkup/58/Markup/2/Length,number,1
/Record/Section/7/Section/4/Information/4/Value/StringWithMarkup/58/Markup/2/Type,string,Superscript
/Record/Reference/0/ReferenceNumber,number,1
/Record/Reference/0/SourceName,string,PubChem
/Record/Reference/0/SourceID,string,PubChem
/Record/Reference/0/Description,string,Data deposited in or computed by PubChem
/Record/Reference/0/URL,string,https://pubchem.ncbi.nlm.nih.gov
/Record/Reference/1/ReferenceNumber,number,2
/Record/Reference/1/SourceName,string,"Atomic Mass Data Center (AMDC), International Atomic Energy Agency (IAEA)"
/Record/Reference/1/SourceID,string,e37
/Record/Reference/1/Name,string,Rb
/Record/Reference/1/Description,string,The half-life and atomic mass data was provided by the Atomic Mass Data Center at the International Atomic Energy Agency.
/Record/Reference/1/URL,string,https://www-nds.iaea.org/amdc/
/Record/Reference/1/LicenseURL,string,https://www-nds.iaea.org/disclaimer.html
/Record/Reference/1/ANID,number,6590264
/Record/Reference/2/ReferenceNumber,number,3
/Record/Reference/2/SourceName,string,IUPAC Commission on Isotopic Abundances and Atomic Weights (CIAAW)
/Record/Reference/2/SourceID,string,a37
/Record/Reference/2/Name,string,Rubidium
/Record/Reference/2/Description,string,Element data are cited from the Atomic weights of the elements (an IUPAC Technical Report). The IUPAC periodic table of elements can be found at https://iupac.org/what-we-do/periodic-table-of-elements/. Additional information can be found within IUPAC publication doi:10.1515/pac-2015-0703 Copyright © 2020 International Union of Pure and Applied Chemistry.
/Record/Reference/2/URL,string,https://www.ciaaw.org/rubidium.htm
/Record/Reference/2/LicenseURL,string,http://www.ciaaw.org/bylaws.htm
/Record/Reference/2/ANID,number,2292418
/Record/Reference/3/ReferenceNumber,number,5
/Record/Reference/3/SourceName,string,"Jefferson Lab, U.S. Department of Energy"
/Record/Reference/3/SourceID,string,jlab37
/Record/Reference/3/Name,string,Rubidium
/Record/Reference/3/Description,string,"Thomas Jefferson National Accelerator Facility (Jefferson Lab) is one of 17 national laboratories funded by the U.S. Department of Energy. The lab's primary mission is to conduct basic research of the atom's nucleus using the lab's unique particle accelerator, known as the Continuous Electron Beam Accelerator Facility (CEBAF). For more information visit https://www.jlab.org/"
/Record/Reference/3/URL,string,https://education.jlab.org/itselemental/ele037.html
/Record/Reference/3/LicenseNote,string,Please see citation and linking information: https://education.jlab.org/faq/index.html
/Record/Reference/3/LicenseURL,string,https://www.jlab.org/privacy-and-security-notice
/Record/Reference/3/ANID,number,507099
/Record/Reference/4/ReferenceNumber,number,6
/Record/Reference/4/SourceName,string,"Los Alamos National Laboratory, U.S. Department of Energy"
/Record/Reference/4/SourceID,string,lanl37
/Record/Reference/4/Name,string,Rubidium
/Record/Reference/4/Description,string,"The periodic table at the LANL (Los Alamos National Laboratory) contains basic element information together with the history, source, properties, use, handling and more. The provenance data may be found from the link under the source name."
/Record/Reference/4/URL,string,https://periodic.lanl.gov/37.shtml
/Record/Reference/4/ANID,number,507217
/Record/Reference/5/ReferenceNumber,number,7
/Record/Reference/5/SourceName,string,NIST Physical Measurement Laboratory
/Record/Reference/5/SourceID,string,e37
/Record/Reference/5/Name,string,Rubidium
/Record/Reference/5/Description,string,"The periodic table contains NIST's critically-evaluated data on atomic properties of the elements. The provenance data that include data for atomic spectroscopy, X-ray and gamma ray, radiation dosimetry, nuclear physics, and condensed matter physics may be found from the link under the source name. Ref: https://www.nist.gov/pml/atomic-spectra-database"
/Record/Reference/5/URL,string,https://physics.nist.gov/cgi-bin/Elements/elInfo.pl?element=37
/Record/Reference/5/LicenseURL,string,https://www.nist.gov/pml/database-disclaimer
/Record/Reference/5/ANID,number,2292654
/Record/Reference/6/ReferenceNumber,number,4
/Record/Reference/6/SourceName,string,IUPAC Periodic Table of the Elements and Isotopes (IPTEI)
/Record/Reference/6/SourceID,string,p37
/Record/Reference/6/Description,string,"The information are cited from Pure Appl. Chem. 2018; 90(12): 1833-2092, https://doi.org/10.1515/pac-2015-0703."
/Record/Reference/6/URL,string,https://doi.org/10.1515/pac-2015-0703
/Record/Reference/6/LicenseNote,string,"Copyright (c) 2020 International Union of Pure and Applied Chemistry.

The International Union of Pure and Applied Chemistry (IUPAC) contribution within Pubchem is provided under a CC-BY-NC-ND 4.0 license, unless otherwise stated."
/Record/Reference/6/LicenseURL,string,https://creativecommons.org/licenses/by-nc-nd/4.0/
/Record/Reference/6/ANID,number,13296442
/Record/Reference/7/ReferenceNumber,number,9
/Record/Reference/7/SourceName,string,PubChem Elements
/Record/Reference/7/SourceID,string,ep_37
/Record/Reference/7/Name,string,Rubidium
/Record/Reference/7/Description,string,The element property data was retrieved from publications.
/Record/Reference/7/LicenseURL,string,https://www.nlm.nih.gov/copyright.html
/Record/Reference/7/ANID,number,24834110
/Record/Reference/8/ReferenceNumber,number,8
/Record/Reference/8/SourceName,string,PubChem Elements
/Record/Reference/8/SourceID,string,ef_37
/Record/Reference/8/Name,string,Rubidium
/Record/Reference/8/Description,string,This section provides all form of data related to element Rubidium.
/Record/Reference/8/LicenseURL,string,https://www.nlm.nih.gov/copyright.html
/Record/Reference/8/ANID,number,24833965
